Price,Adj Close,Close,High,Low,Open,Volume
Ticker,ADMCM.HE,ADMCM.HE,ADMCM.HE,ADMCM.HE,ADMCM.HE,ADMCM.HE
Date,,,,,,
2018-02-09,9.485981941223145,10.699999809265137,10.84000015258789,9.99899959564209,10.260000228881836,57335
2018-02-12,9.707616806030273,10.949999809265137,11.029999732971191,10.720000267028809,10.800000190734863,46564
2018-02-13,9.801589965820312,11.055999755859375,11.0600004196167,11.020000457763672,11.029999732971191,6758
2018-02-14,9.618964195251465,10.850000381469727,11.0600004196167,10.760000228881836,11.0600004196167,3931
2018-02-15,9.803363800048828,11.057999610900879,11.0600004196167,10.920000076293945,10.920000076293945,1962
2018-02-16,9.760809898376465,11.010000228881836,11.029999732971191,10.902000427246094,11.029999732971191,10007
2018-02-19,9.753717422485352,11.001999855041504,11.039999961853027,11.0,11.0,543
2018-02-20,9.725348472595215,10.970000267028809,11.029999732971191,10.949999809265137,11.029999732971191,2681
2018-02-21,9.787405967712402,11.039999961853027,11.039999961853027,10.970000267028809,10.970000267028809,532
2018-02-22,9.521442413330078,10.739999771118164,10.991999626159668,10.699999809265137,10.972000122070312,4818
2018-02-23,9.751944541931152,11.0,11.0,10.739999771118164,10.739999771118164,1183
2018-02-26,9.56045150756836,10.784000396728516,11.0,10.781999588012695,11.0,585
2018-02-27,9.618964195251465,10.850000381469727,10.850000381469727,10.760000228881836,10.760000228881836,830
2018-02-28,9.663290023803711,10.899999618530273,10.899999618530273,10.760000228881836,10.760000228881836,816
2018-03-01,9.663290023803711,10.899999618530273,10.899999618530273,10.899999618530273,10.899999618530273,180
2018-03-02,9.618964195251465,10.850000381469727,10.850000381469727,10.680000305175781,10.850000381469727,1467
2018-03-05,9.53031063079834,10.75,10.84000015258789,10.612000465393066,10.612000465393066,530
2018-03-06,9.565771102905273,10.789999961853027,10.819999694824219,10.75,10.75,1820
2018-03-07,9.556903839111328,10.779999732971191,10.8100004196167,10.751999855041504,10.800000190734863,475
2018-03-08,9.631375312805176,10.86400032043457,10.869999885559082,10.784000396728516,10.784000396728516,1140
2018-03-09,9.643786430358887,10.878000259399414,10.878000259399414,10.699999809265137,10.760000228881836,905
2018-03-12,9.574636459350586,10.800000190734863,10.878000259399414,10.753999710083008,10.878000259399414,1010
2018-03-13,9.532082557678223,10.751999855041504,10.800000190734863,10.751999855041504,10.751999855041504,1559
2018-03-14,9.532082557678223,10.751999855041504,10.8100004196167,10.75,10.751999855041504,1257
2018-03-15,9.558677673339844,10.781999588012695,10.84000015258789,10.75,10.751999855041504,555
2018-03-16,9.574636459350586,10.800000190734863,10.880000114440918,10.760000228881836,10.760000228881836,1300
2018-03-19,9.594141006469727,10.821999549865723,10.880000114440918,10.819999694824219,10.819999694824219,2119
2018-03-20,9.622509002685547,10.854000091552734,10.899999618530273,10.84000015258789,10.84000015258789,706
2018-03-21,9.743077278137207,10.989999771118164,10.989999771118164,10.850000381469727,10.899999618530273,573
2018-03-22,9.620736122131348,10.85200023651123,10.989999771118164,10.850000381469727,10.989999771118164,989
2018-03-23,9.743077278137207,10.989999771118164,10.989999771118164,10.850000381469727,10.85200023651123,461
2018-03-26,9.689886093139648,10.930000305175781,11.0,10.930000305175781,10.989999771118164,1263
2018-03-27,9.840598106384277,11.100000381469727,11.279999732971191,10.930000305175781,10.930000305175781,1738
2018-03-28,10.01790714263916,11.300000190734863,11.350000381469727,10.973999977111816,10.973999977111816,1014
2018-03-29,10.168619155883789,11.470000267028809,11.470000267028809,11.0600004196167,11.107999801635742,581
2018-04-03,10.19521427154541,11.5,11.8100004196167,11.399999618530273,11.600000381469727,1895
2018-04-04,10.19521427154541,11.5,11.550000190734863,11.42199993133545,11.5,1515
2018-04-05,10.172164916992188,11.473999977111816,11.473999977111816,11.461999893188477,11.461999893188477,306
2018-04-06,11.337079048156738,12.788000106811523,12.788000106811523,11.5,11.5,6799
2018-04-09,11.87964153289795,13.399999618530273,13.458000183105469,12.79800033569336,12.79800033569336,5334
2018-04-10,12.172199249267578,13.729999542236328,13.729999542236328,13.5,13.5,1216
2018-04-11,12.32291030883789,13.899999618530273,13.899999618530273,13.75,13.850000381469727,2113
2018-04-12,12.312272071838379,13.887999534606934,13.90999984741211,13.887999534606934,13.90999984741211,514
2018-04-13,12.056950569152832,13.600000381469727,13.887999534606934,13.600000381469727,13.887999534606934,1908
2018-04-16,12.32291030883789,13.899999618530273,13.899999618530273,13.61400032043457,13.850000381469727,2185
2018-04-17,12.42397689819336,14.013999938964844,14.013999938964844,13.800000190734863,13.899999618530273,885
2018-04-18,12.482489585876465,14.079999923706055,14.079999923706055,14.050000190734863,14.050000190734863,156
2018-04-19,13.253780364990234,14.949999809265137,14.96399974822998,14.100000381469727,14.100000381469727,1736
2018-04-20,13.227181434631348,14.920000076293945,14.920000076293945,14.890000343322754,14.890000343322754,217
2018-04-23,13.207677841186523,14.89799976348877,15.001999855041504,14.890000343322754,14.920000076293945,411
2018-04-24,13.009092330932617,14.673999786376953,14.949999809265137,14.526000022888184,14.562000274658203,2169
2018-04-25,13.209451675415039,14.899999618530273,14.930000305175781,14.899999618530273,14.899999618530273,613
2018-04-26,12.941717147827148,14.597999572753906,14.899999618530273,14.597999572753906,14.899999618530273,239
2018-04-27,12.854836463928223,14.5,15.0,14.5,15.0,1207
2018-04-30,13.08001708984375,14.753999710083008,14.753999710083008,14.5,14.5,424
2018-05-02,13.133208274841309,14.814000129699707,14.814000129699707,14.814000129699707,14.814000129699707,36
2018-05-03,13.182854652404785,14.869999885559082,14.869999885559082,14.699999809265137,14.814000129699707,165
2018-05-04,12.854836463928223,14.5,14.5,14.5,14.5,54
2018-05-07,13.103066444396973,14.779999732971191,14.779999732971191,14.5,14.5,190
2018-05-08,13.111932754516602,14.789999961853027,14.800000190734863,14.75,14.770000457763672,237
2018-05-09,12.872566223144531,14.520000457763672,14.800000190734863,14.520000457763672,14.800000190734863,1654
2018-05-11,13.101293563842773,14.777999877929688,14.800000190734863,14.777999877929688,14.800000190734863,96
2018-05-14,12.858382225036621,14.503999710083008,14.777999877929688,14.503999710083008,14.777999877929688,167
2018-05-15,13.076470375061035,14.75,14.800000190734863,14.5,14.5,937
2018-05-16,12.899163246154785,14.550000190734863,14.746000289916992,14.550000190734863,14.746000289916992,176
2018-05-17,13.032142639160156,14.699999809265137,14.75,14.550000190734863,14.550000190734863,314
2018-05-18,13.120798110961914,14.800000190734863,14.800000190734863,14.699999809265137,14.699999809265137,295
2018-05-21,13.131437301635742,14.812000274658203,14.812000274658203,14.444000244140625,14.5,445
2018-05-22,12.819375038146973,14.460000038146973,14.96399974822998,14.460000038146973,14.96399974822998,1201
2018-05-23,13.165124893188477,14.850000381469727,14.850000381469727,14.220000267028809,14.48799991607666,1601
2018-05-24,13.466547012329102,15.1899995803833,15.263999938964844,14.899999618530273,14.899999618530273,2859
2018-05-25,13.120798110961914,14.800000190734863,15.199999809265137,14.800000190734863,15.1899995803833,1034
2018-05-28,13.289241790771484,14.989999771118164,14.989999771118164,14.781999588012695,14.800000190734863,261
2018-05-29,12.987815856933594,14.649999618530273,14.812000274658203,14.649999618530273,14.661999702453613,773
2018-05-30,13.165124893188477,14.850000381469727,14.850000381469727,14.550000190734863,14.5600004196167,559
2018-05-31,13.289241790771484,14.989999771118164,14.998000144958496,14.86400032043457,14.86400032043457,807
2018-06-01,13.652722358703613,15.399999618530273,15.399999618530273,14.989999771118164,14.989999771118164,887
2018-06-04,13.652722358703613,15.399999618530273,15.5,15.399999618530273,15.399999618530273,771
2018-06-05,13.475414276123047,15.199999809265137,15.399999618530273,15.199999809265137,15.270000457763672,275
2018-06-06,13.716551780700684,15.472000122070312,15.472000122070312,15.210000038146973,15.210000038146973,97
2018-06-07,13.652722358703613,15.399999618530273,15.5,15.199999809265137,15.220000267028809,1019
2018-06-08,13.741375923156738,15.5,15.5,15.5,15.5,134
2018-06-11,13.741375923156738,15.5,15.5,15.180000305175781,15.5,420
2018-06-12,13.502009391784668,15.229999542236328,15.498000144958496,15.211999893188477,15.211999893188477,730
2018-06-13,13.741375923156738,15.5,15.5,15.229999542236328,15.229999542236328,795
2018-06-14,13.963011741638184,15.75,15.765999794006348,15.52400016784668,15.52400016784668,253
2018-06-15,13.918683052062988,15.699999809265137,15.699999809265137,15.670000076293945,15.699999809265137,1114
2018-06-18,13.767971992492676,15.529999732971191,15.699999809265137,15.529999732971191,15.699999809265137,970
2018-06-19,13.502009391784668,15.229999542236328,15.649999618530273,15.229999542236328,15.649999618530273,1308
2018-06-20,13.29810619354248,15.0,15.229999542236328,15.0,15.229999542236328,390
2018-06-21,13.29810619354248,15.0,15.0,14.899999618530273,15.0,786
2018-06-25,13.150938987731934,14.833999633789062,15.0,14.833999633789062,15.0,725
2018-06-26,13.119025230407715,14.79800033569336,14.892000198364258,14.404000282287598,14.892000198364258,373
2018-06-27,13.115478515625,14.793999671936035,14.793999671936035,14.793999671936035,14.793999671936035,5
2018-06-28,13.115478515625,14.793999671936035,14.793999671936035,14.793999671936035,14.793999671936035,100
2018-06-29,13.072924613952637,14.746000289916992,14.748000144958496,14.746000289916992,14.748000144958496,103
2018-07-02,13.076470375061035,14.75,14.75,14.699999809265137,14.699999809265137,259
2018-07-03,13.608394622802734,15.350000381469727,15.399999618530273,14.751999855041504,14.751999855041504,2724
2018-07-04,13.29810619354248,15.0,15.413999557495117,15.0,15.10200023651123,1409
2018-07-05,13.803433418273926,15.569999694824219,15.569999694824219,15.100000381469727,15.100000381469727,1182
2018-07-06,14.095992088317871,15.899999618530273,16.38599967956543,15.47599983215332,15.600000381469727,14507
2018-07-09,14.095992088317871,15.899999618530273,15.899999618530273,15.699999809265137,15.899999618530273,6458
2018-07-10,13.564067840576172,15.300000190734863,15.899999618530273,15.300000190734863,15.5,3956
2018-07-11,13.828256607055664,15.597999572753906,15.899999618530273,15.380000114440918,15.899999618530273,672
2018-07-12,13.902726173400879,15.682000160217285,15.682000160217285,15.300000190734863,15.319999694824219,1025
2018-07-13,13.824708938598633,15.593999862670898,15.682000160217285,15.199999809265137,15.682000160217285,1791
2018-07-16,13.475414276123047,15.199999809265137,15.218000411987305,15.118000030517578,15.218000411987305,1190
2018-07-17,13.218317031860352,14.90999984741211,15.199999809265137,14.850000381469727,15.109999656677246,2426
2018-07-18,13.741375923156738,15.5,15.5,15.001999855041504,15.166000366210938,3332
2018-07-19,13.569387435913086,15.305999755859375,15.47599983215332,15.100000381469727,15.199999809265137,1285
2018-07-20,13.564067840576172,15.300000190734863,15.300000190734863,15.050000190734863,15.104000091552734,3770
2018-07-23,13.555201530456543,15.289999961853027,15.494000434875488,15.0,15.312000274658203,8731
2018-07-24,13.608394622802734,15.350000381469727,15.600000381469727,15.289999961853027,15.289999961853027,2486
2018-07-25,13.688183784484863,15.4399995803833,15.5,15.369999885559082,15.5,2993
2018-07-26,13.741375923156738,15.5,15.595999717712402,15.4399995803833,15.4399995803833,720
2018-07-27,14.317625999450684,16.149999618530273,16.166000366210938,15.734000205993652,15.734000205993652,5222
2018-07-30,15.248496055603027,17.200000762939453,17.302000045776367,16.149999618530273,16.149999618530273,8084
2018-07-31,15.466584205627441,17.445999145507812,19.549999237060547,17.20199966430664,17.20199966430664,8822
2018-08-01,15.244948387145996,17.195999145507812,17.450000762939453,17.0,17.450000762939453,941
2018-08-02,15.752050399780273,17.76799964904785,17.76799964904785,17.142000198364258,17.142000198364258,3893
2018-08-03,15.883256912231445,17.916000366210938,17.916000366210938,17.450000762939453,17.766000747680664,1420
2018-08-06,16.666959762573242,18.799999237060547,18.899999618530273,17.916000366210938,17.916000366210938,1125
2018-08-07,16.31234359741211,18.399999618530273,18.777999877929688,18.399999618530273,18.777999877929688,1584
2018-08-08,16.314115524291992,18.402000427246094,18.75,18.399999618530273,18.50200080871582,1333
2018-08-09,16.028650283813477,18.079999923706055,18.329999923706055,17.75,18.329999923706055,2205
2018-08-10,15.954179763793945,17.996000289916992,18.097999572753906,17.687999725341797,17.812000274658203,1405
2018-08-13,15.957727432250977,18.0,18.09000015258789,17.562000274658203,18.0,3289
2018-08-14,15.957727432250977,18.0,18.100000381469727,17.8799991607666,18.0,3258
2018-08-15,15.79992389678955,17.82200050354004,18.100000381469727,17.799999237060547,18.0,2104
2018-08-16,16.441776275634766,18.54599952697754,18.54800033569336,17.81999969482422,17.82200050354004,2228
2018-08-17,16.61908721923828,18.746000289916992,18.770000457763672,18.104000091552734,18.535999298095703,1079
2018-08-20,16.136808395385742,18.20199966430664,18.739999771118164,18.110000610351562,18.600000381469727,435
2018-08-21,16.604900360107422,18.729999542236328,18.743999481201172,18.20800018310547,18.299999237060547,970
2018-08-22,16.61908721923828,18.746000289916992,18.746000289916992,18.736000061035156,18.736000061035156,591
2018-08-23,16.679370880126953,18.81399917602539,18.81599998474121,18.600000381469727,18.75,1475
2018-08-24,16.97724723815918,19.149999618530273,19.25,18.79800033569336,18.81399917602539,4116
2018-08-27,16.947105407714844,19.115999221801758,19.125999450683594,18.82200050354004,19.125999450683594,1146
2018-08-28,16.746746063232422,18.889999389648438,19.125999450683594,18.827999114990234,19.121999740600586,3404
2018-08-29,17.021574020385742,19.200000762939453,19.200000762939453,18.86199951171875,18.889999389648438,2473
2018-08-30,16.968381881713867,19.139999389648438,19.190000534057617,19.139999389648438,19.190000534057617,218
2018-08-31,17.00029754638672,19.176000595092773,19.190000534057617,18.892000198364258,19.139999389648438,967
2018-09-03,16.844266891479492,19.0,19.176000595092773,18.899999618530273,19.176000595092773,429
2018-09-04,16.842493057250977,18.99799919128418,19.176000595092773,18.8799991607666,19.176000595092773,369
2018-09-05,16.97724723815918,19.149999618530273,19.149999618530273,18.8799991607666,18.899999618530273,5530
2018-09-06,16.773344039916992,18.920000076293945,19.0,18.305999755859375,18.899999618530273,2979
2018-09-07,16.604900360107422,18.729999542236328,19.253999710083008,18.6200008392334,18.75,11307
2018-09-10,16.98434066772461,19.158000946044922,19.158000946044922,18.6200008392334,18.700000762939453,269
2018-09-11,16.982568740844727,19.1560001373291,19.1560001373291,18.799999237060547,19.097999572753906,472
2018-09-12,16.986112594604492,19.15999984741211,19.15999984741211,19.0,19.0,1182
2018-09-13,16.844266891479492,19.0,19.194000244140625,19.0,19.194000244140625,1384
2018-09-14,17.014482498168945,19.191999435424805,19.194000244140625,18.804000854492188,19.100000381469727,272
2018-09-17,18.085424423217773,20.399999618530273,21.9950008392334,19.0,19.100000381469727,3772
2018-09-18,18.35138702392578,20.700000762939453,20.889999389648438,20.0,20.0,3957
2018-09-19,18.262733459472656,20.600000381469727,20.889999389648438,20.209999084472656,20.5,690
2018-09-20,18.74589729309082,21.145000457763672,21.209999084472656,20.299999237060547,20.299999237060547,1433
2018-09-21,18.262733459472656,20.600000381469727,21.149999618530273,20.5,21.104999542236328,1504
2018-09-24,18.338088989257812,20.684999465942383,20.684999465942383,20.0,20.684999465942383,1203
2018-09-25,18.355817794799805,20.704999923706055,20.899999618530273,20.684999465942383,20.700000762939453,1819
2018-09-26,18.61734962463379,21.0,21.0,20.200000762939453,20.704999923706055,1207
2018-09-27,19.06062126159668,21.5,21.5,21.0,21.0,10509
2018-09-28,18.440038681030273,20.799999237060547,21.295000076293945,20.104999542236328,20.299999237060547,472
2018-10-01,18.258296966552734,20.594999313354492,20.78499984741211,20.100000381469727,20.600000381469727,872
2018-10-02,18.262733459472656,20.600000381469727,20.600000381469727,20.225000381469727,20.594999313354492,4986
2018-10-03,17.729032516479492,19.99799919128418,20.549999237060547,19.00200080871582,20.235000610351562,3032
2018-10-04,19.592544555664062,22.100000381469727,22.21500015258789,19.0,19.0,10476
2018-10-05,20.833698272705078,23.5,24.739999771118164,22.0,22.0,14603
2018-10-08,20.479082107543945,23.100000381469727,23.520000457763672,22.5,23.520000457763672,888
2018-10-09,20.359399795532227,22.96500015258789,23.0,22.200000762939453,22.200000762939453,358
2018-10-10,19.947158813476562,22.5,22.5,21.899999618530273,22.100000381469727,1028
2018-10-11,18.666109085083008,21.05500030517578,21.895000457763672,20.0,21.0,4466
2018-10-12,19.503889083862305,22.0,22.5,21.05500030517578,21.05500030517578,1543
2018-10-15,19.503889083862305,22.0,22.5,22.0,22.0,2094
2018-10-16,19.459562301635742,21.950000762939453,22.350000381469727,21.950000762939453,22.0,1921
2018-10-17,19.503889083862305,22.0,22.200000762939453,21.024999618530273,21.5,1949
2018-10-18,19.499454498291016,21.9950008392334,22.399999618530273,21.104999542236328,22.299999237060547,1185
2018-10-19,19.042884826660156,21.479999542236328,21.969999313354492,20.905000686645508,20.905000686645508,1471
2018-10-22,18.994125366210938,21.424999237060547,21.4950008392334,20.899999618530273,21.100000381469727,3740
2018-10-23,18.1740779876709,20.5,21.15999984741211,20.0,20.899999618530273,3585
2018-10-24,17.729032516479492,19.99799919128418,20.5,19.99799919128418,20.5,1405
2018-10-25,17.542863845825195,19.788000106811523,19.99799919128418,19.0,19.99799919128418,4150
2018-10-26,17.553497314453125,19.799999237060547,19.799999237060547,19.25,19.691999435424805,4564
2018-10-29,17.553497314453125,19.799999237060547,19.899999618530273,19.5,19.700000762939453,242
2018-10-30,17.640380859375,19.898000717163086,19.899999618530273,19.25,19.799999237060547,196
2018-10-31,17.28753662109375,19.5,19.579999923706055,19.200000762939453,19.579999923706055,13019
2018-11-01,17.269807815551758,19.479999542236328,19.5,19.149999618530273,19.5,590
2018-11-02,17.553497314453125,19.799999237060547,19.799999237060547,19.0,19.152000427246094,5850
2018-11-05,17.28753662109375,19.5,19.809999465942383,19.101999282836914,19.809999465942383,1257
2018-11-06,17.622650146484375,19.878000259399414,19.878000259399414,19.356000900268555,19.878000259399414,226
2018-11-07,17.633289337158203,19.889999389648438,19.899999618530273,19.5,19.868000030517578,11118
2018-11-08,17.640380859375,19.898000717163086,19.898000717163086,19.5,19.5,74
2018-11-09,18.440038681030273,20.799999237060547,20.799999237060547,19.99799919128418,20.0,13789
2018-11-12,18.83898162841797,21.25,21.25,20.795000076293945,20.799999237060547,3390
2018-11-13,18.1740779876709,20.5,21.0,20.200000762939453,20.200000762939453,1312
2018-11-14,18.1740779876709,20.5,20.5,19.52199935913086,20.489999771118164,2097
2018-11-15,17.420516967773438,19.649999618530273,21.0,19.649999618530273,21.0,2440
2018-11-16,18.502099990844727,20.8700008392334,20.96500015258789,19.621999740600586,20.96500015258789,323
2018-11-19,18.067691802978516,20.3799991607666,20.850000381469727,20.0,20.850000381469727,2820
2018-11-20,17.34250259399414,19.562000274658203,20.219999313354492,19.562000274658203,20.219999313354492,2983
2018-11-21,17.347822189331055,19.56800079345703,19.56800079345703,19.562000274658203,19.562000274658203,2388
2018-11-22,18.165212631225586,20.489999771118164,20.844999313354492,19.299999237060547,19.56599998474121,357
2018-11-23,17.730806350708008,20.0,20.0,20.0,20.0,1451
2018-11-26,17.730806350708008,20.0,20.0,19.70199966430664,19.70199966430664,917
2018-11-27,17.642154693603516,19.899999618530273,20.0,19.600000381469727,20.0,2031
2018-11-28,17.99233627319336,20.295000076293945,20.295000076293945,19.95199966430664,20.200000762939453,194
2018-11-29,17.8194637298584,20.100000381469727,20.5,20.100000381469727,20.2450008392334,1928
2018-11-30,17.996767044067383,20.299999237060547,20.299999237060547,20.100000381469727,20.299999237060547,1342
2018-12-03,18.35138702392578,20.700000762939453,20.700000762939453,20.299999237060547,20.299999237060547,514
2018-12-04,18.1740779876709,20.5,20.700000762939453,20.5,20.700000762939453,610
2018-12-05,17.863786697387695,20.149999618530273,20.5,20.149999618530273,20.149999618530273,992
2018-12-07,18.041099548339844,20.350000381469727,20.350000381469727,20.125,20.125,1521
2018-12-10,18.1740779876709,20.5,20.5,20.0,20.0,1608
2018-12-11,18.16964340209961,20.4950008392334,20.5,20.020000457763672,20.5,74
2018-12-12,17.908117294311523,20.200000762939453,20.200000762939453,20.100000381469727,20.184999465942383,713
2018-12-13,17.8194637298584,20.100000381469727,20.200000762939453,20.100000381469727,20.200000762939453,300
2018-12-14,17.730806350708008,20.0,20.100000381469727,20.0,20.100000381469727,1056
2018-12-17,18.151912689208984,20.475000381469727,20.485000610351562,20.0049991607666,20.0049991607666,532
2018-12-18,19.06062126159668,21.5,21.5,20.05500030517578,20.3700008392334,13348
2018-12-19,18.97196388244629,21.399999618530273,21.4950008392334,20.6299991607666,21.0,793
2018-12-20,18.1740779876709,20.5,21.0,20.0049991607666,20.700000762939453,967
2018-12-21,18.60405158996582,20.985000610351562,20.989999771118164,20.024999618530273,20.299999237060547,551
2018-12-27,18.12975311279297,20.450000762939453,20.799999237060547,20.0049991607666,20.0049991607666,14608
2018-12-28,18.262733459472656,20.600000381469727,20.700000762939453,20.290000915527344,20.700000762939453,571
2019-01-02,19.06062126159668,21.5,21.795000076293945,20.600000381469727,20.600000381469727,8604
2019-01-03,19.57037925720215,22.075000762939453,22.684999465942383,21.510000228881836,21.510000228881836,9449
2019-01-04,20.20868682861328,22.795000076293945,22.795000076293945,22.075000762939453,22.075000762939453,4146
2019-01-07,20.372697830200195,22.979999542236328,22.979999542236328,22.795000076293945,22.795000076293945,1732
2019-01-08,21.45427703857422,24.200000762939453,24.5,23.0,23.0,6178
2019-01-09,21.45427703857422,24.200000762939453,24.5,23.799999237060547,24.399999618530273,3256
2019-01-10,21.45427703857422,24.200000762939453,24.200000762939453,24.200000762939453,24.200000762939453,195
2019-01-11,22.252161026000977,25.100000381469727,25.100000381469727,24.399999618530273,24.399999618530273,25578
2019-01-14,21.89311408996582,24.69499969482422,25.100000381469727,24.55500030517578,25.100000381469727,4168
2019-01-15,22.163509368896484,25.0,25.25,24.6200008392334,24.6200008392334,6123
2019-01-16,22.154645919799805,24.989999771118164,25.0,24.5,25.0,3020
2019-01-17,22.14577865600586,24.979999542236328,24.989999771118164,24.75,24.989999771118164,2381
2019-01-18,22.252161026000977,25.100000381469727,25.100000381469727,24.75,24.899999618530273,8163
2019-01-21,22.163509368896484,25.0,25.100000381469727,25.0,25.100000381469727,865
2019-01-22,22.163509368896484,25.0,25.0,24.75,25.0,296
2019-01-23,22.154645919799805,24.989999771118164,24.989999771118164,24.75,24.75,654
2019-01-24,22.163509368896484,25.0,25.0,24.75,25.0,64277
2019-01-25,22.784090042114258,25.700000762939453,25.700000762939453,25.0,25.0,3743
2019-01-28,22.784090042114258,25.700000762939453,25.700000762939453,25.69499969482422,25.700000762939453,364
2019-01-29,22.51812171936035,25.399999618530273,25.5,25.049999237060547,25.5,96
2019-01-30,22.784090042114258,25.700000762939453,25.700000762939453,25.200000762939453,25.4950008392334,140710
2019-01-31,22.77965545654297,25.69499969482422,25.700000762939453,25.06999969482422,25.700000762939453,336
2019-02-01,22.86387825012207,25.790000915527344,26.104999542236328,25.5,25.790000915527344,14909
2019-02-04,22.784090042114258,25.700000762939453,26.30500030517578,25.5,26.30500030517578,2250
2019-02-05,23.050048828125,26.0,26.0,25.5,25.700000762939453,4659
2019-02-06,23.050048828125,26.0,26.0,25.5,26.0,585
2019-02-07,23.271684646606445,26.25,26.25,26.0,26.0,483
2019-02-08,23.71052360534668,26.7450008392334,26.7450008392334,25.5,25.5,615
2019-02-11,23.93659019470215,27.0,27.0,26.5,26.75,7424
2019-02-12,24.37099266052246,27.489999771118164,27.5,27.190000534057617,27.19499969482422,1194
2019-02-13,25.266399383544922,28.5,28.5,27.489999771118164,27.5,2767
2019-02-14,25.7141056060791,29.0049991607666,29.5,28.100000381469727,28.524999618530273,2783
2019-02-15,26.591777801513672,29.9950008392334,30.0,29.0,29.024999618530273,4569
2019-02-18,25.79832649230957,29.100000381469727,29.9950008392334,29.100000381469727,29.9950008392334,1173
2019-02-19,26.587343215942383,29.989999771118164,29.989999771118164,29.5,29.5,16441
2019-02-20,26.587343215942383,29.989999771118164,29.989999771118164,28.0,29.989999771118164,1359
2019-02-21,26.15294075012207,29.5,29.850000381469727,29.309999465942383,29.479999542236328,492
2019-02-22,26.59621238708496,30.0,30.0,28.049999237060547,28.049999237060547,2716
2019-02-25,26.59621238708496,30.0,30.200000762939453,29.9950008392334,30.0049991607666,3907
2019-02-26,27.482751846313477,31.0,31.0,28.700000762939453,30.0,12587
2019-02-27,27.660062789916992,31.200000762939453,32.0,30.68000030517578,31.0,46324
2019-02-28,28.812559127807617,32.5,32.69499969482422,31.795000076293945,31.795000076293945,26800
2019-03-01,29.255830764770508,33.0,33.0,32.099998474121094,32.5,10091
2019-03-04,28.856887817382812,32.54999923706055,33.20000076293945,31.010000228881836,33.20000076293945,1537
2019-03-05,28.87462043762207,32.56999969482422,33.0,32.5,32.5,3017
2019-03-06,28.9898681640625,32.70000076293945,33.20000076293945,32.56999969482422,32.56999969482422,1351
2019-03-07,29.167177200317383,32.900001525878906,33.0,32.709999084472656,32.709999084472656,1052
2019-03-08,28.9898681640625,32.70000076293945,32.849998474121094,32.119998931884766,32.79499816894531,1075
2019-03-11,29.70353889465332,33.505001068115234,34.63999938964844,33.0,33.0,18938
2019-03-12,31.560834884643555,35.599998474121094,35.599998474121094,34.0,34.0,25050
2019-03-13,33.06795883178711,37.29999923706055,38.79499816894531,34.0,35.595001220703125,12023
2019-03-14,33.28515625,37.54499816894531,38.0,36.0,37.30500030517578,39591
2019-03-15,33.06352233886719,37.29499816894531,37.540000915527344,35.20500183105469,37.540000915527344,3945
2019-03-18,32.3631591796875,36.505001068115234,36.505001068115234,35.60499954223633,36.400001525878906,2574
2019-03-19,33.200931549072266,37.45000076293945,37.95000076293945,36.20000076293945,36.400001525878906,2245
2019-03-20,32.76653289794922,36.959999084472656,37.849998474121094,36.099998474121094,37.849998474121094,3509
2019-03-21,32.76653289794922,36.959999084472656,37.20000076293945,36.959999084472656,36.959999084472656,22055
2019-03-22,33.06795883178711,37.29999923706055,37.400001525878906,35.0,36.0099983215332,31502
2019-03-25,32.58035659790039,36.75,37.29999923706055,35.20000076293945,37.29999923706055,3367
2019-03-26,33.15660858154297,37.400001525878906,37.45000076293945,35.75,36.75,1978
2019-03-27,32.09276580810547,36.20000076293945,37.400001525878906,35.0,37.400001525878906,3722
2019-03-28,31.964214324951172,36.05500030517578,36.20000076293945,35.400001525878906,35.900001525878906,1589
2019-03-29,32.890647888183594,37.099998474121094,37.11000061035156,35.0,37.10499954223633,6737
2019-04-01,33.24526596069336,37.5,37.5,36.0,37.099998474121094,1435
2019-04-02,33.865840911865234,38.20000076293945,38.400001525878906,37.0,37.0,1632
2019-04-03,35.81623458862305,40.400001525878906,41.0,38.5,38.5,4809
2019-04-04,34.841033935546875,39.29999923706055,40.400001525878906,39.20000076293945,40.400001525878906,1063
2019-04-05,36.08219909667969,40.70000076293945,40.900001525878906,39.400001525878906,39.400001525878906,5045
2019-04-08,35.372962951660156,39.900001525878906,40.70000076293945,39.79999923706055,40.70000076293945,1101
2019-04-09,35.372962951660156,39.900001525878906,40.20000076293945,39.79999923706055,39.900001525878906,2877
2019-04-10,35.28430938720703,39.79999923706055,40.20000076293945,39.599998474121094,39.900001525878906,162827
2019-04-11,34.92969512939453,39.400001525878906,40.0,38.79999923706055,39.79999923706055,7125
2019-04-12,35.018341064453125,39.5,39.5,37.599998474121094,39.400001525878906,2190
2019-04-15,33.865840911865234,38.20000076293945,39.5,37.79999923706055,39.5,1677
2019-04-16,32.536033630371094,36.70000076293945,38.099998474121094,36.099998474121094,38.099998474121094,11389
2019-04-17,31.915454864501953,36.0,36.70000076293945,35.5,36.5,837
2019-04-18,32.358726501464844,36.5,36.5,35.400001525878906,36.0,799
2019-04-23,32.536033630371094,36.70000076293945,36.79999923706055,36.20000076293945,36.79999923706055,1378
2019-04-24,32.536033630371094,36.70000076293945,36.79999923706055,36.0,36.70000076293945,4257
2019-04-25,35.28430938720703,39.79999923706055,39.79999923706055,36.70000076293945,36.70000076293945,3841
2019-04-26,35.018341064453125,39.5,39.900001525878906,38.5,39.5,1288
2019-04-29,35.018341064453125,39.5,39.5,38.0,39.5,1814
2019-04-30,35.28430938720703,39.79999923706055,39.79999923706055,39.5,39.599998474121094,9922
2019-05-02,35.018341064453125,39.5,39.900001525878906,39.5,39.79999923706055,1492
2019-05-03,35.018341064453125,39.5,39.79999923706055,39.400001525878906,39.5,305
2019-05-06,34.75238037109375,39.20000076293945,39.5,38.0,39.5,1711
2019-05-07,34.92969512939453,39.400001525878906,39.400001525878906,38.400001525878906,39.400001525878906,691
2019-05-08,35.10699462890625,39.599998474121094,39.599998474121094,38.79999923706055,39.400001525878906,1195
2019-05-09,34.841033935546875,39.29999923706055,39.79999923706055,39.099998474121094,39.5,1231
2019-05-10,35.461612701416016,40.0,40.0,39.29999923706055,39.29999923706055,2809
2019-05-13,33.688533782958984,38.0,40.0,37.400001525878906,40.0,1336
2019-05-14,34.92969512939453,39.400001525878906,39.70000076293945,37.5,37.79999923706055,1837
2019-05-15,35.461612701416016,40.0,40.0,38.400001525878906,39.29999923706055,5205
2019-05-16,35.018341064453125,39.5,40.0,39.0,40.0,14535
2019-05-17,34.66373062133789,39.099998474121094,39.400001525878906,37.79999923706055,37.79999923706055,1157
2019-05-20,34.48642349243164,38.900001525878906,38.900001525878906,37.79999923706055,38.79999923706055,864
2019-05-21,34.39776611328125,38.79999923706055,39.599998474121094,38.099998474121094,39.599998474121094,41629
2019-05-22,34.92969512939453,39.400001525878906,39.400001525878906,38.5,38.5,388
2019-05-23,34.841033935546875,39.29999923706055,39.599998474121094,39.0,39.400001525878906,7026
2019-05-24,35.10699462890625,39.599998474121094,39.79999923706055,39.29999923706055,39.5,7776
2019-05-27,35.28430938720703,39.79999923706055,39.79999923706055,39.400001525878906,39.599998474121094,550
2019-05-28,35.550270080566406,40.099998474121094,40.099998474121094,39.599998474121094,39.79999923706055,2474
2019-05-29,35.28430938720703,39.79999923706055,40.5,39.79999923706055,40.5,145
2019-05-31,35.81623458862305,40.400001525878906,40.5,39.79999923706055,39.79999923706055,1018
2019-06-03,35.28430938720703,39.79999923706055,40.29999923706055,39.79999923706055,40.29999923706055,20437
2019-06-04,35.19565200805664,39.70000076293945,39.79999923706055,39.29999923706055,39.79999923706055,617
2019-06-05,35.19565200805664,39.70000076293945,39.79999923706055,39.29999923706055,39.70000076293945,570
2019-06-06,35.372962951660156,39.900001525878906,39.900001525878906,39.400001525878906,39.400001525878906,143
2019-06-07,35.28430938720703,39.79999923706055,40.0,39.5,40.0,683
2019-06-10,34.841033935546875,39.29999923706055,39.900001525878906,38.79999923706055,39.900001525878906,414
2019-06-11,35.993534088134766,40.599998474121094,40.599998474121094,39.79999923706055,39.900001525878906,1801
2019-06-12,37.58931350708008,42.400001525878906,42.5,40.5,40.5,19870
2019-06-13,37.50065994262695,42.29999923706055,42.400001525878906,41.29999923706055,41.29999923706055,662
2019-06-14,37.23469924926758,42.0,42.400001525878906,42.0,42.400001525878906,463
2019-06-17,36.79142379760742,41.5,42.0,40.29999923706055,42.0,742
2019-06-18,37.14604568481445,41.900001525878906,41.900001525878906,40.20000076293945,40.400001525878906,594
2019-06-19,37.23469924926758,42.0,42.20000076293945,41.70000076293945,41.79999923706055,3447
2019-06-20,37.32334899902344,42.099998474121094,42.29999923706055,41.5,42.0,3584
2019-06-24,37.41200637817383,42.20000076293945,42.20000076293945,41.0,42.0,1294
2019-06-25,37.23469924926758,42.0,42.400001525878906,42.0,42.400001525878906,129
2019-06-26,37.23469924926758,42.0,42.29999923706055,41.70000076293945,42.0,1048
2019-06-27,37.32334899902344,42.099998474121094,42.20000076293945,42.0,42.20000076293945,503
2019-06-28,37.58931350708008,42.400001525878906,42.400001525878906,41.5,42.20000076293945,1570
2019-07-01,38.56450653076172,43.5,44.20000076293945,41.099998474121094,42.400001525878906,7723
2019-07-02,38.12124252319336,43.0,43.599998474121094,43.0,43.5,1016
2019-07-03,38.741817474365234,43.70000076293945,43.900001525878906,43.20000076293945,43.20000076293945,2924
2019-07-04,38.919124603271484,43.900001525878906,43.900001525878906,43.400001525878906,43.900001525878906,725
2019-07-05,40.692203521728516,45.900001525878906,45.900001525878906,43.900001525878906,44.20000076293945,53592
2019-07-08,40.78085708618164,46.0,46.0,45.0,45.900001525878906,1404
2019-07-09,41.13547134399414,46.400001525878906,47.0,46.0,46.0,4145
2019-07-10,42.55393981933594,48.0,48.0,46.599998474121094,46.900001525878906,3806
2019-07-11,43.17451477050781,48.70000076293945,49.099998474121094,47.400001525878906,47.900001525878906,3516
2019-07-12,43.44047927856445,49.0,49.0,48.70000076293945,48.79999923706055,1442
2019-07-15,42.55393981933594,48.0,49.0,46.79999923706055,48.79999923706055,1530
2019-07-16,42.55393981933594,48.0,48.5,48.0,48.5,242
2019-07-17,42.37663269042969,47.79999923706055,48.70000076293945,45.900001525878906,48.400001525878906,2758
2019-07-18,42.11066436767578,47.5,48.79999923706055,47.5,48.0,4466
2019-07-19,42.02201461791992,47.400001525878906,48.79999923706055,47.400001525878906,47.400001525878906,6367
2019-07-22,42.64259338378906,48.099998474121094,48.099998474121094,46.0,46.0,9348
2019-07-23,42.55393981933594,48.0,48.099998474121094,48.0,48.099998474121094,465
2019-07-24,43.17451477050781,48.70000076293945,48.79999923706055,47.79999923706055,48.79999923706055,973
2019-07-25,42.46528244018555,47.900001525878906,48.0,47.5,48.0,270
2019-07-26,42.55393981933594,48.0,48.5,47.599998474121094,47.900001525878906,877
2019-07-29,42.55393981933594,48.0,48.70000076293945,47.70000076293945,48.099998474121094,2524
2019-07-30,42.55393981933594,48.0,48.0,47.5,48.0,16774
2019-07-31,43.08585739135742,48.599998474121094,48.599998474121094,47.20000076293945,48.0,1877
2019-08-01,42.55393981933594,48.0,48.900001525878906,47.29999923706055,48.79999923706055,1241
2019-08-02,42.46528244018555,47.900001525878906,48.0,47.5,47.5,499
2019-08-05,41.844703674316406,47.20000076293945,48.70000076293945,47.20000076293945,47.900001525878906,2992
2019-08-06,41.401432037353516,46.70000076293945,47.79999923706055,46.400001525878906,47.79999923706055,1581
2019-08-07,41.667396545410156,47.0,47.79999923706055,46.70000076293945,46.70000076293945,1653
2019-08-08,41.844703674316406,47.20000076293945,48.70000076293945,47.0,47.900001525878906,16930
2019-08-09,41.75605010986328,47.099998474121094,47.29999923706055,46.599998474121094,47.20000076293945,586
2019-08-12,42.37663269042969,47.79999923706055,48.0,47.099998474121094,47.70000076293945,3290
2019-08-13,42.64259338378906,48.099998474121094,48.099998474121094,47.099998474121094,47.099998474121094,6486
2019-08-14,40.692203521728516,45.900001525878906,48.0,45.70000076293945,48.0,2403
2019-08-15,38.12124252319336,43.0,47.400001525878906,42.29999923706055,46.0,3754
2019-08-16,38.47585678100586,43.400001525878906,44.400001525878906,42.0,43.900001525878906,1601
2019-08-19,39.27373504638672,44.29999923706055,44.79999923706055,42.79999923706055,43.400001525878906,3934
2019-08-20,39.27373504638672,44.29999923706055,44.29999923706055,43.29999923706055,43.400001525878906,3815
2019-08-21,39.805667877197266,44.900001525878906,45.0,44.5,44.900001525878906,1948
2019-08-22,40.78085708618164,46.0,46.0,43.900001525878906,44.900001525878906,3889
2019-08-23,41.667396545410156,47.0,47.099998474121094,45.20000076293945,46.400001525878906,1481
2019-08-26,41.312774658203125,46.599998474121094,46.79999923706055,46.099998474121094,46.400001525878906,1043
2019-08-27,41.578739166259766,46.900001525878906,46.900001525878906,43.5,45.79999923706055,868
2019-08-28,41.93335723876953,47.29999923706055,47.29999923706055,45.29999923706055,46.900001525878906,2877
2019-08-29,42.64259338378906,48.099998474121094,48.900001525878906,47.20000076293945,47.29999923706055,4222
2019-08-30,42.73124694824219,48.20000076293945,48.70000076293945,47.29999923706055,48.70000076293945,1957
2019-09-02,42.55393981933594,48.0,48.0,45.20000076293945,48.0,3349
2019-09-03,42.19932174682617,47.599998474121094,48.599998474121094,47.599998474121094,48.0,214
2019-09-04,42.99720764160156,48.5,48.5,48.400001525878906,48.5,10655
2019-09-05,43.35182189941406,48.900001525878906,48.900001525878906,48.0,48.599998474121094,3750
2019-09-06,43.26316833496094,48.79999923706055,48.900001525878906,47.599998474121094,48.900001525878906,1847
2019-09-09,44.50432205200195,50.20000076293945,50.20000076293945,48.0,48.79999923706055,4051
2019-09-10,43.08585739135742,48.599998474121094,49.400001525878906,48.20000076293945,49.099998474121094,11326
2019-09-11,43.88374710083008,49.5,49.70000076293945,48.599998474121094,48.599998474121094,1671
2019-09-12,44.32701873779297,50.0,50.0,49.5,49.900001525878906,2923
2019-09-13,43.97240447998047,49.599998474121094,50.400001525878906,49.0,50.0,2683
2019-09-16,43.6177864074707,49.20000076293945,49.79999923706055,48.70000076293945,49.79999923706055,1664
2019-09-17,43.79509353637695,49.400001525878906,49.900001525878906,49.0,49.20000076293945,1010
2019-09-18,44.06105422973633,49.70000076293945,49.70000076293945,49.0,49.29999923706055,1725
2019-09-19,44.50432205200195,50.20000076293945,50.20000076293945,49.099998474121094,49.70000076293945,4554
2019-09-20,45.390865325927734,51.20000076293945,51.20000076293945,49.400001525878906,50.20000076293945,2079
2019-09-23,46.10009765625,52.0,52.79999923706055,50.79999923706055,50.79999923706055,522
2019-09-24,45.390865325927734,51.20000076293945,52.0,50.20000076293945,52.0,1032
2019-09-25,46.10009765625,52.0,52.0,50.599998474121094,51.20000076293945,2069
2019-09-26,46.10009765625,52.0,52.0,51.0,51.0,558
2019-09-27,45.92279052734375,51.79999923706055,52.0,51.0,52.0,760
2019-09-30,45.92279052734375,51.79999923706055,52.0,50.79999923706055,51.400001525878906,654
2019-10-01,45.7454833984375,51.599998474121094,52.0,51.0,51.599998474121094,885
2019-10-02,46.10009765625,52.0,52.0,50.79999923706055,51.0,407
2019-10-03,46.10009765625,52.0,52.20000076293945,51.0,52.0,1564
2019-10-04,44.50432205200195,50.20000076293945,52.0,48.79999923706055,52.0,5422
2019-10-07,45.568180084228516,51.400001525878906,51.79999923706055,49.20000076293945,50.400001525878906,3632
2019-10-08,45.7454833984375,51.599998474121094,51.79999923706055,50.79999923706055,51.0,423
2019-10-09,46.10009765625,52.0,52.20000076293945,50.20000076293945,51.599998474121094,6706
2019-10-10,47.1639518737793,53.20000076293945,53.20000076293945,50.0,51.79999923706055,7920
2019-10-11,48.05049133300781,54.20000076293945,54.400001525878906,53.20000076293945,53.20000076293945,2811
2019-10-14,46.98663330078125,53.0,54.400001525878906,52.20000076293945,53.400001525878906,1263
2019-10-15,47.69587326049805,53.79999923706055,54.400001525878906,53.0,54.400001525878906,163
2019-10-16,47.69587326049805,53.79999923706055,54.400001525878906,53.0,54.400001525878906,8517
2019-10-17,47.69587326049805,53.79999923706055,54.400001525878906,53.79999923706055,53.79999923706055,202
2019-10-18,48.05049133300781,54.20000076293945,54.400001525878906,53.20000076293945,53.79999923706055,723
2019-10-21,47.8731803894043,54.0,54.400001525878906,53.0,54.0,489
2019-10-22,47.34125900268555,53.400001525878906,54.0,53.0,54.0,1045
2019-10-23,47.1639518737793,53.20000076293945,53.79999923706055,53.0,53.400001525878906,513
2019-10-24,46.98663330078125,53.0,53.599998474121094,51.599998474121094,53.20000076293945,1247
2019-10-25,45.92279052734375,51.79999923706055,53.0,51.79999923706055,52.400001525878906,2503
2019-10-28,44.681636810302734,50.400001525878906,51.79999923706055,48.599998474121094,51.79999923706055,27476
2019-10-29,44.32701873779297,50.0,50.599998474121094,49.5,50.599998474121094,4093
2019-10-30,46.10009765625,52.0,52.20000076293945,49.0,49.0,226
2019-10-31,45.568180084228516,51.400001525878906,52.0,51.400001525878906,51.79999923706055,2573
2019-11-01,45.390865325927734,51.20000076293945,51.20000076293945,51.20000076293945,51.20000076293945,40
2019-11-04,45.7454833984375,51.599998474121094,52.0,51.20000076293945,51.400001525878906,35186
2019-11-05,46.809329986572266,52.79999923706055,52.79999923706055,51.79999923706055,52.0,5673
2019-11-06,46.809329986572266,52.79999923706055,52.79999923706055,51.599998474121094,52.599998474121094,1489
2019-11-07,47.1639518737793,53.20000076293945,53.20000076293945,52.0,52.0,2326
2019-11-08,47.34125900268555,53.400001525878906,53.400001525878906,52.20000076293945,53.0,883
2019-11-11,47.1639518737793,53.20000076293945,53.400001525878906,52.20000076293945,53.400001525878906,1128
2019-11-12,47.1639518737793,53.20000076293945,53.20000076293945,52.0,52.0,695
2019-11-13,47.8731803894043,54.0,54.0,52.599998474121094,53.20000076293945,3940
2019-11-14,47.69587326049805,53.79999923706055,54.0,52.599998474121094,54.0,358
2019-11-15,47.8731803894043,54.0,54.0,52.400001525878906,53.79999923706055,695
2019-11-18,47.8731803894043,54.0,54.400001525878906,52.599998474121094,54.0,1468
2019-11-19,48.93702697753906,55.20000076293945,57.0,53.20000076293945,53.20000076293945,6756
2019-11-20,47.8731803894043,54.0,58.20000076293945,53.79999923706055,58.20000076293945,36507
2019-11-21,48.5824089050293,54.79999923706055,54.79999923706055,54.0,54.20000076293945,20393
2019-11-22,49.114341735839844,55.400001525878906,56.400001525878906,54.599998474121094,55.0,3724
2019-11-25,49.46895217895508,55.79999923706055,56.400001525878906,55.400001525878906,55.400001525878906,493
2019-11-26,49.46895217895508,55.79999923706055,57.0,55.599998474121094,55.79999923706055,895
2019-11-27,50.35548782348633,56.79999923706055,57.0,56.0,56.79999923706055,8652
2019-11-28,50.000877380371094,56.400001525878906,56.79999923706055,56.0,56.79999923706055,14276
2019-11-29,50.35548782348633,56.79999923706055,57.0,56.20000076293945,56.599998474121094,399
2019-12-02,51.242034912109375,57.79999923706055,57.79999923706055,56.79999923706055,57.20000076293945,1214
2019-12-03,50.17818069458008,56.599998474121094,58.0,56.20000076293945,57.79999923706055,11638
2019-12-04,51.064727783203125,57.599998474121094,58.0,56.79999923706055,57.599998474121094,1831
2019-12-05,51.951263427734375,58.599998474121094,59.0,57.599998474121094,57.599998474121094,5327
2019-12-09,54.07896041870117,61.0,62.79999923706055,58.79999923706055,59.0,6285
2019-12-10,54.61088943481445,61.599998474121094,62.599998474121094,61.0,61.0,1282
2019-12-11,56.2066650390625,63.400001525878906,63.79999923706055,62.400001525878906,62.599998474121094,2437
2019-12-12,56.561275482177734,63.79999923706055,69.80000305175781,63.20000076293945,64.19999694824219,2031
2019-12-13,57.09320068359375,64.4000015258789,64.80000305175781,63.79999923706055,64.80000305175781,1551
2019-12-16,54.61088943481445,61.599998474121094,64.0,60.79999923706055,64.0,2162
2019-12-17,53.54703903198242,60.400001525878906,62.20000076293945,56.79999923706055,62.20000076293945,3007
2019-12-18,55.67473220825195,62.79999923706055,63.0,61.0,61.20000076293945,2682
2019-12-19,55.4974250793457,62.599998474121094,62.79999923706055,61.599998474121094,61.599998474121094,1119
2019-12-20,55.852046966552734,63.0,63.0,60.20000076293945,62.599998474121094,23290
2019-12-23,56.91588592529297,64.19999694824219,64.80000305175781,62.599998474121094,63.20000076293945,1018
2019-12-27,57.09320068359375,64.4000015258789,64.5999984741211,63.20000076293945,64.19999694824219,925
2019-12-30,57.09320068359375,64.4000015258789,64.5999984741211,63.0,64.4000015258789,1510
2020-01-02,58.15704345703125,65.5999984741211,65.80000305175781,63.400001525878906,64.5999984741211,4005
2020-01-03,58.334354400634766,65.80000305175781,66.0,65.0,65.19999694824219,2130
2020-01-07,59.93012237548828,67.5999984741211,69.80000305175781,65.4000015258789,65.5999984741211,4019
2020-01-08,59.3982048034668,67.0,69.5999984741211,65.4000015258789,67.5999984741211,3615
2020-01-09,60.46205139160156,68.19999694824219,69.5999984741211,67.0,69.5999984741211,6101
2020-01-10,59.93012237548828,67.5999984741211,69.5999984741211,67.19999694824219,68.19999694824219,3314
2020-01-13,61.171287536621094,69.0,69.0,67.80000305175781,68.0,7477
2020-01-14,61.88051986694336,69.80000305175781,69.80000305175781,68.4000015258789,69.0,2661
2020-01-15,62.58974838256836,70.5999984741211,70.80000305175781,69.80000305175781,70.0,46911
2020-01-16,65.78129577636719,74.19999694824219,75.0,70.5999984741211,71.0,8112
2020-01-17,66.66783905029297,75.19999694824219,77.5999984741211,74.19999694824219,74.80000305175781,6316
2020-01-20,65.60398864746094,74.0,76.19999694824219,72.80000305175781,75.19999694824219,4187
2020-01-21,69.85939025878906,78.80000305175781,78.80000305175781,74.0,74.0,8072
2020-01-22,69.32746124267578,78.19999694824219,80.0,77.19999694824219,79.4000015258789,3397
2020-01-23,69.150146484375,78.0,78.80000305175781,75.80000305175781,78.4000015258789,2157
2020-01-24,69.68206787109375,78.5999984741211,79.0,76.4000015258789,78.0,4000
2020-01-27,69.32746124267578,78.19999694824219,79.0,75.19999694824219,79.0,4261
2020-01-28,68.7955322265625,77.5999984741211,78.0,76.5999984741211,78.0,730
2020-01-29,69.68206787109375,78.5999984741211,79.4000015258789,77.19999694824219,77.80000305175781,2202
2020-01-30,70.74592590332031,79.80000305175781,79.80000305175781,78.4000015258789,79.0,2787
2020-01-31,71.80976867675781,81.0,90.0,78.80000305175781,80.0,3676
2020-02-03,70.48592376708984,78.80000305175781,82.4000015258789,76.4000015258789,82.4000015258789,4404
2020-02-04,71.73821258544922,80.19999694824219,80.5999984741211,77.19999694824219,79.0,4054
2020-02-05,72.09601593017578,80.5999984741211,80.80000305175781,79.80000305175781,80.19999694824219,8401
2020-02-06,71.91710662841797,80.4000015258789,80.80000305175781,78.19999694824219,80.80000305175781,1103
2020-02-07,73.34829711914062,82.0,83.80000305175781,80.0,80.4000015258789,5179
2020-02-10,72.99049377441406,81.5999984741211,85.80000305175781,79.0,82.19999694824219,1263
2020-02-11,73.70610046386719,82.4000015258789,85.0,80.19999694824219,81.5999984741211,2113
2020-02-12,75.49507904052734,84.4000015258789,84.80000305175781,82.5999984741211,84.80000305175781,1163
2020-02-13,79.25193786621094,88.5999984741211,89.80000305175781,84.4000015258789,84.80000305175781,7239
2020-02-14,80.6831283569336,90.19999694824219,94.80000305175781,87.0,87.0,7484
2020-02-17,79.96753692626953,89.4000015258789,92.0,86.5999984741211,90.19999694824219,3509
2020-02-18,78.35745239257812,87.5999984741211,89.5999984741211,87.0,89.4000015258789,3426
2020-02-19,80.32532501220703,89.80000305175781,90.80000305175781,87.4000015258789,87.5999984741211,2290
2020-02-20,80.32532501220703,89.80000305175781,90.0,87.80000305175781,90.0,689
2020-02-21,79.60972595214844,89.0,90.0,88.0,90.0,2781
2020-02-24,73.52719116210938,82.19999694824219,87.0,78.0,87.0,9366
2020-02-25,71.55931854248047,80.0,83.0,74.19999694824219,82.0,13686
2020-02-26,74.95838165283203,83.80000305175781,83.80000305175781,68.19999694824219,78.0,15977
2020-02-27,69.77032470703125,78.0,82.4000015258789,74.4000015258789,81.80000305175781,6509
2020-02-28,66.37125396728516,74.19999694824219,74.80000305175781,67.0,68.80000305175781,7254
2020-03-02,66.37125396728516,74.19999694824219,77.80000305175781,72.4000015258789,74.19999694824219,4460
2020-03-03,71.02262115478516,79.4000015258789,80.0,75.0,78.0,4089
2020-03-04,73.16940307617188,81.80000305175781,83.5999984741211,79.0,79.80000305175781,5056
2020-03-05,71.91710662841797,80.4000015258789,83.0,78.19999694824219,83.0,2477
2020-03-06,69.41253662109375,77.5999984741211,79.5999984741211,75.19999694824219,79.5999984741211,2578
2020-03-09,64.22447967529297,71.80000305175781,74.5999984741211,68.0,74.5999984741211,7126
2020-03-10,66.01347351074219,73.80000305175781,79.80000305175781,71.5999984741211,71.5999984741211,4293
2020-03-11,66.1923599243164,74.0,78.4000015258789,72.0,75.5999984741211,9211
2020-03-12,56.531864166259766,63.20000076293945,73.0,61.79999923706055,72.0,13189
2020-03-13,57.60525131225586,64.4000015258789,67.19999694824219,63.0,63.400001525878906,5744
2020-03-16,53.132789611816406,59.400001525878906,61.599998474121094,53.20000076293945,61.0,8058
2020-03-17,48.83922576904297,54.599998474121094,59.400001525878906,51.599998474121094,59.20000076293945,5006
2020-03-18,46.87134552001953,52.400001525878906,55.0,51.0,54.400001525878906,3763
2020-03-19,47.229148864746094,52.79999923706055,54.599998474121094,51.20000076293945,52.400001525878906,2898
2020-03-20,47.765838623046875,53.400001525878906,62.0,52.79999923706055,52.79999923706055,7912
2020-03-23,46.155757904052734,51.599998474121094,53.0,48.400001525878906,51.400001525878906,3144
2020-03-24,48.83922576904297,54.599998474121094,59.79999923706055,52.0,54.20000076293945,5753
2020-03-25,51.88050079345703,58.0,60.0,55.79999923706055,55.79999923706055,14640
2020-03-26,51.343807220458984,57.400001525878906,59.79999923706055,56.0,58.400001525878906,4302
2020-03-27,51.343807220458984,57.400001525878906,57.599998474121094,55.20000076293945,57.599998474121094,2362
2020-03-30,53.49058532714844,59.79999923706055,60.0,55.79999923706055,56.79999923706055,2189
2020-03-31,59.93092346191406,67.0,73.19999694824219,61.0,61.0,5600
2020-04-01,57.96304702758789,64.80000305175781,66.80000305175781,63.400001525878906,66.80000305175781,3282
2020-04-02,56.889652252197266,63.599998474121094,65.0,62.20000076293945,64.80000305175781,2254
2020-04-03,56.35295867919922,63.0,63.20000076293945,62.599998474121094,63.20000076293945,759
2020-04-06,57.42634582519531,64.19999694824219,65.4000015258789,63.0,63.0,8669
2020-04-07,59.036434173583984,66.0,66.80000305175781,65.0,65.4000015258789,5337
2020-04-08,64.04558563232422,71.5999984741211,72.4000015258789,67.19999694824219,67.19999694824219,16917
2020-04-09,65.2978744506836,73.0,78.0,72.0,72.80000305175781,16634
2020-04-14,64.22447967529297,71.80000305175781,72.5999984741211,67.19999694824219,72.5999984741211,118619
2020-04-15,60.82542419433594,68.0,73.19999694824219,67.4000015258789,73.19999694824219,8693
2020-04-16,59.93092346191406,67.0,69.19999694824219,66.5999984741211,67.4000015258789,4792
2020-04-17,59.93092346191406,67.0,70.0,66.5999984741211,67.0,30657
2020-04-20,60.28872299194336,67.4000015258789,67.5999984741211,65.19999694824219,67.0,6935
2020-04-21,59.39423370361328,66.4000015258789,67.19999694824219,65.5999984741211,65.80000305175781,6880
2020-04-22,59.93092346191406,67.0,67.0,64.5999984741211,66.4000015258789,23386
2020-04-23,61.36211013793945,68.5999984741211,68.80000305175781,67.0,67.19999694824219,2952
2020-04-24,64.22447967529297,71.80000305175781,76.80000305175781,67.19999694824219,68.0,8074
2020-04-27,64.76118469238281,72.4000015258789,73.19999694824219,71.80000305175781,72.4000015258789,3127
2020-04-28,65.83456420898438,73.5999984741211,74.0,72.4000015258789,72.4000015258789,338678
2020-04-29,66.01347351074219,73.80000305175781,74.4000015258789,71.4000015258789,73.5999984741211,9474
2020-04-30,65.47676086425781,73.19999694824219,74.0,71.19999694824219,74.0,29639
2020-05-04,65.11898040771484,72.80000305175781,72.80000305175781,70.0,72.80000305175781,6463
2020-05-05,62.43550109863281,69.80000305175781,72.80000305175781,69.19999694824219,72.80000305175781,16344
2020-05-06,63.329986572265625,70.80000305175781,71.80000305175781,69.0,71.0,3529
2020-05-07,62.79328918457031,70.19999694824219,70.80000305175781,68.80000305175781,70.5999984741211,10625
2020-05-08,62.614402770996094,70.0,71.5999984741211,69.5999984741211,71.5999984741211,6593
2020-05-11,64.40338897705078,72.0,72.80000305175781,71.0,72.80000305175781,1578
2020-05-12,67.80245971679688,75.80000305175781,77.0,71.0,71.0,47861
2020-05-13,66.72905731201172,74.5999984741211,75.80000305175781,74.19999694824219,75.80000305175781,36222
2020-05-14,66.5501708984375,74.4000015258789,74.5999984741211,73.19999694824219,74.5999984741211,7153
2020-05-15,67.26575469970703,75.19999694824219,76.19999694824219,74.0,74.4000015258789,8001
2020-05-18,69.94923400878906,78.19999694824219,80.80000305175781,76.0,76.0,30997
2020-05-19,71.02262115478516,79.4000015258789,79.4000015258789,75.4000015258789,78.4000015258789,3067
2020-05-20,74.95838165283203,83.80000305175781,83.80000305175781,80.19999694824219,80.5999984741211,29270
2020-05-22,74.77947998046875,83.5999984741211,84.0,79.80000305175781,83.80000305175781,4372
2020-05-25,75.6739730834961,84.5999984741211,85.5999984741211,82.19999694824219,83.5999984741211,39648
2020-05-26,77.2840576171875,86.4000015258789,87.0,84.5999984741211,84.80000305175781,12676
2020-05-27,77.99964904785156,87.19999694824219,87.80000305175781,86.4000015258789,87.0,7483
2020-05-28,78.17855834960938,87.4000015258789,87.80000305175781,87.0,87.19999694824219,26939
2020-05-29,77.64186096191406,86.80000305175781,87.0,85.5999984741211,87.0,5662
2020-06-01,78.8941421508789,88.19999694824219,89.19999694824219,86.80000305175781,87.0,1968
2020-06-02,77.46294403076172,86.5999984741211,88.4000015258789,85.80000305175781,88.4000015258789,35073
2020-06-03,77.64186096191406,86.80000305175781,87.19999694824219,85.5999984741211,87.0,12160
2020-06-04,77.2840576171875,86.4000015258789,86.5999984741211,84.0,86.5999984741211,959
2020-06-05,77.82075500488281,87.0,87.19999694824219,85.0,86.4000015258789,2711
2020-06-08,78.53634643554688,87.80000305175781,87.80000305175781,84.19999694824219,86.0,8940
2020-06-09,77.99964904785156,87.19999694824219,87.5999984741211,85.80000305175781,87.0,2979
2020-06-10,78.17855834960938,87.4000015258789,87.4000015258789,85.5999984741211,86.0,1711
2020-06-11,74.95838165283203,83.80000305175781,85.4000015258789,81.5999984741211,85.0,5235
2020-06-12,74.60057830810547,83.4000015258789,85.80000305175781,81.19999694824219,83.0,2355
2020-06-15,74.77947998046875,83.5999984741211,84.80000305175781,80.19999694824219,83.80000305175781,1340
2020-06-16,78.71524810791016,88.0,88.0,83.4000015258789,83.4000015258789,4715
2020-06-17,77.10515594482422,86.19999694824219,88.19999694824219,84.19999694824219,88.19999694824219,1198
2020-06-18,76.03177642822266,85.0,87.19999694824219,83.80000305175781,86.19999694824219,1041
2020-06-22,76.92626190185547,86.0,87.0,83.19999694824219,85.19999694824219,3499
2020-06-23,75.13727569580078,84.0,87.80000305175781,84.0,86.0,3020
2020-06-24,74.77947998046875,83.5999984741211,87.19999694824219,83.4000015258789,83.4000015258789,1999
2020-06-25,74.24279022216797,83.0,84.5999984741211,80.4000015258789,83.4000015258789,1307
2020-06-26,76.03177642822266,85.0,86.4000015258789,83.0,83.0,1437
2020-06-29,76.74736785888672,85.80000305175781,85.80000305175781,80.80000305175781,84.0,11856
2020-06-30,76.2106704711914,85.19999694824219,86.0,85.0,85.4000015258789,2907
2020-07-01,76.2106704711914,85.19999694824219,87.0,82.80000305175781,85.19999694824219,8101
2020-07-02,77.2840576171875,86.4000015258789,86.5999984741211,80.0,83.5999984741211,8422
2020-07-03,75.6739730834961,84.5999984741211,86.0,82.0,86.0,5022
2020-07-06,74.24279022216797,83.0,84.0,82.19999694824219,82.5999984741211,5384
2020-07-07,74.42168426513672,83.19999694824219,83.5999984741211,82.5999984741211,83.0,3394
2020-07-08,73.16940307617188,81.80000305175781,83.19999694824219,81.80000305175781,83.19999694824219,2427
2020-07-09,73.34829711914062,82.0,82.5999984741211,81.80000305175781,81.80000305175781,1385
2020-07-10,72.81159973144531,81.4000015258789,82.4000015258789,79.4000015258789,82.0,6788
2020-07-13,72.45380401611328,81.0,81.5999984741211,79.5999984741211,81.5999984741211,2370
2020-07-14,72.45380401611328,81.0,81.5999984741211,79.5999984741211,79.80000305175781,5174
2020-07-15,71.55931854248047,80.0,81.0,78.5999984741211,81.0,6048
2020-07-16,68.69695281982422,76.80000305175781,80.0,76.5999984741211,79.19999694824219,2203
2020-07-17,66.72905731201172,74.5999984741211,77.4000015258789,71.5999984741211,76.19999694824219,2411
2020-07-20,67.80245971679688,75.80000305175781,77.19999694824219,74.5999984741211,74.80000305175781,1838
2020-07-21,70.66481018066406,79.0,81.5999984741211,75.80000305175781,75.80000305175781,3214
2020-07-22,67.44465637207031,75.4000015258789,80.0,75.19999694824219,79.0,1756
2020-07-23,68.16024780273438,76.19999694824219,78.19999694824219,75.80000305175781,76.19999694824219,1143
2020-07-24,67.26575469970703,75.19999694824219,76.19999694824219,73.0,76.19999694824219,1819
2020-07-27,67.44465637207031,75.4000015258789,76.80000305175781,75.19999694824219,75.80000305175781,1506
2020-07-28,69.77032470703125,78.0,78.0,75.4000015258789,75.4000015258789,2545
2020-07-29,70.30702209472656,78.5999984741211,78.80000305175781,78.0,78.0,1759
2020-07-30,69.77032470703125,78.0,79.0,77.0,78.5999984741211,32978
2020-07-31,68.33914184570312,76.4000015258789,79.0,76.0,78.0,1914
2020-08-03,70.30702209472656,78.5999984741211,78.5999984741211,74.19999694824219,76.4000015258789,10112
2020-08-04,68.87583923339844,77.0,79.0,76.4000015258789,79.0,1461
2020-08-05,69.05473327636719,77.19999694824219,77.80000305175781,76.0,77.0,1098
2020-08-06,69.05473327636719,77.19999694824219,78.0,76.0,77.80000305175781,1169
2020-08-07,69.05473327636719,77.19999694824219,77.4000015258789,75.5999984741211,76.0,1469
2020-08-10,67.80245971679688,75.80000305175781,77.19999694824219,74.19999694824219,77.19999694824219,1292
2020-08-11,67.26575469970703,75.19999694824219,76.5999984741211,74.4000015258789,75.5999984741211,1121
2020-08-12,67.80245971679688,75.80000305175781,76.0,75.0,75.19999694824219,1082
2020-08-13,67.62354278564453,75.5999984741211,77.4000015258789,75.5999984741211,76.80000305175781,1380
2020-08-14,67.62354278564453,75.5999984741211,76.0,75.0,75.5999984741211,1550
2020-08-17,67.80245971679688,75.80000305175781,76.80000305175781,74.0,75.19999694824219,1102
2020-08-18,66.37125396728516,74.19999694824219,75.80000305175781,74.19999694824219,75.80000305175781,1074
2020-08-19,64.76118469238281,72.4000015258789,74.5999984741211,70.4000015258789,74.19999694824219,4667
2020-08-20,65.6556625366211,73.4000015258789,73.4000015258789,70.5999984741211,72.5999984741211,5621
2020-08-21,65.6556625366211,73.4000015258789,73.80000305175781,72.4000015258789,73.80000305175781,3386
2020-08-24,67.26575469970703,75.19999694824219,77.0,72.0,72.80000305175781,5434
2020-08-25,69.05473327636719,77.19999694824219,77.80000305175781,74.19999694824219,74.19999694824219,2608
2020-08-26,69.05473327636719,77.19999694824219,78.19999694824219,77.0,77.0,2318
2020-08-27,69.77032470703125,78.0,78.80000305175781,77.80000305175781,78.4000015258789,2009
2020-08-28,71.2015151977539,79.5999984741211,79.80000305175781,76.80000305175781,78.0,3654
2020-08-31,75.31616973876953,84.19999694824219,84.19999694824219,79.80000305175781,80.0,14382
2020-09-01,72.63269805908203,81.19999694824219,84.5999984741211,81.19999694824219,84.19999694824219,2458
2020-09-02,74.24279022216797,83.0,84.4000015258789,81.4000015258789,81.4000015258789,2056
2020-09-03,74.95838165283203,83.80000305175781,84.19999694824219,79.80000305175781,83.0,1871
2020-09-04,70.12812042236328,78.4000015258789,82.4000015258789,76.0,81.0,3851
2020-09-07,70.84371948242188,79.19999694824219,81.19999694824219,76.80000305175781,77.19999694824219,3273
2020-09-08,70.30702209472656,78.5999984741211,79.0,78.0,79.0,1434
2020-09-09,70.66481018066406,79.0,79.80000305175781,78.0,78.19999694824219,2462
2020-09-10,69.05473327636719,77.19999694824219,79.5999984741211,77.0,79.5999984741211,1600
2020-09-11,67.9813461303711,76.0,78.5999984741211,74.4000015258789,78.5999984741211,2194
2020-09-14,69.233642578125,77.4000015258789,78.5999984741211,76.0,77.0,3241
2020-09-15,69.41253662109375,77.5999984741211,81.4000015258789,77.0,78.5999984741211,1660
2020-09-16,70.30702209472656,78.5999984741211,79.19999694824219,78.0,78.0,1517
2020-09-17,71.2015151977539,79.5999984741211,79.80000305175781,77.0,78.0,2944
2020-09-18,69.77032470703125,78.0,81.0,78.0,81.0,4004
2020-09-21,68.16024780273438,76.19999694824219,78.0,75.4000015258789,78.0,1778
2020-09-22,70.48592376708984,78.80000305175781,79.0,76.19999694824219,76.19999694824219,1591
2020-09-23,69.77032470703125,78.0,80.0,76.0,79.80000305175781,2597
2020-09-24,70.12812042236328,78.4000015258789,78.4000015258789,75.0,78.0,1688
2020-09-25,71.55931854248047,80.0,80.4000015258789,77.80000305175781,78.4000015258789,4504
2020-09-28,71.73821258544922,80.19999694824219,80.19999694824219,78.0,80.0,4772
2020-09-29,69.233642578125,77.4000015258789,79.80000305175781,76.80000305175781,76.80000305175781,488
2020-09-30,69.233642578125,77.4000015258789,78.80000305175781,75.5999984741211,76.4000015258789,2086
2020-10-01,69.77032470703125,78.0,78.80000305175781,75.80000305175781,77.4000015258789,18002
2020-10-02,81.75651550292969,91.4000015258789,93.19999694824219,81.5999984741211,81.5999984741211,23518
2020-10-05,88.37576293945312,98.80000305175781,99.4000015258789,93.4000015258789,93.4000015258789,9277
2020-10-06,89.44914245605469,100.0,101.0,98.80000305175781,98.80000305175781,6845
2020-10-07,87.66015625,98.0,100.0,98.0,100.0,2507
2020-10-08,89.2702407836914,99.80000305175781,99.80000305175781,98.0,99.0,61832
2020-10-09,89.44914245605469,100.0,100.0,98.0,99.80000305175781,4216
2020-10-12,93.47435760498047,104.5,107.0,99.5999984741211,100.0,7749
2020-10-13,95.2633285522461,106.5,106.5,103.5,103.5,2238
2020-10-14,100.18304443359375,112.0,115.0,105.0,106.5,2661
2020-10-15,94.81609344482422,106.0,111.5,102.5,111.5,4199
2020-10-16,97.49956512451172,109.0,110.0,107.0,107.0,4639
2020-10-19,95.71058654785156,107.0,115.5,107.0,109.0,2561
2020-10-20,98.84130859375,110.5,111.0,105.0,107.0,4811
2020-10-21,99.28854370117188,111.0,113.0,106.0,109.0,6658
2020-10-22,97.05232238769531,108.5,110.0,103.0,107.0,5676
2020-10-23,96.6050796508789,108.0,108.0,104.0,108.0,3574
2020-10-26,94.81609344482422,106.0,108.5,103.0,107.5,4415
2020-10-27,92.13261413574219,103.0,107.0,99.0,106.0,5484
2020-10-28,87.48126983642578,97.80000305175781,102.0,95.0,102.0,3068
2020-10-29,89.44914245605469,100.0,104.5,92.0,98.4000015258789,1792
2020-10-30,89.44914245605469,100.0,104.5,95.5999984741211,100.0,939
2020-11-02,88.55464172363281,99.0,104.0,95.19999694824219,100.0,4163
2020-11-03,92.13261413574219,103.0,103.0,98.0,99.0,16319
2020-11-04,95.71058654785156,107.0,109.5,101.0,102.5,7667
2020-11-05,97.05232238769531,108.5,109.0,106.0,106.0,1635
2020-11-06,97.94680786132812,109.5,110.0,105.5,108.5,1542
2020-11-09,98.84130859375,110.5,115.5,105.5,109.5,11497
2020-11-10,97.05232238769531,108.5,113.0,103.0,113.0,4263
2020-11-11,105.54998016357422,118.0,125.0,109.0,109.0,3668
2020-11-12,105.10273742675781,117.5,124.5,112.5,118.0,7459
2020-11-13,107.3389663696289,120.0,123.5,115.0,117.5,3023
2020-11-16,107.3389663696289,120.0,122.5,117.0,120.5,4794
2020-11-17,108.23346710205078,121.0,122.0,115.5,119.5,3824
2020-11-18,111.8114242553711,125.0,128.0,120.0,120.0,4768
2020-11-19,114.04766082763672,127.5,129.0,124.0,126.0,7483
2020-11-20,112.70591735839844,126.0,128.0,124.5,128.0,4064
2020-11-23,111.8114242553711,125.0,127.5,123.0,126.0,6057
2020-11-24,111.8114242553711,125.0,126.0,122.5,125.5,7881
2020-11-25,111.8114242553711,125.0,127.5,123.0,126.5,5374
2020-11-26,111.8114242553711,125.0,125.0,123.0,125.0,6532
2020-11-27,113.60041809082031,127.0,130.5,123.5,124.5,14976
2020-11-30,114.04766082763672,127.5,127.5,122.5,122.5,63125
2020-12-01,117.17837524414062,131.0,131.0,126.0,127.5,3002
2020-12-02,117.17837524414062,131.0,131.0,128.5,129.5,1867
2020-12-03,118.5201187133789,132.5,132.5,129.5,131.0,4534
2020-12-04,119.41459655761719,133.5,133.5,127.5,132.0,4024
2020-12-07,115.38939666748047,129.0,134.0,127.5,133.5,4644
2020-12-08,118.07286834716797,132.0,132.0,125.5,126.0,1814
2020-12-09,115.83663940429688,129.5,132.0,128.0,129.5,3467
2020-12-10,116.28388977050781,130.0,131.5,128.0,129.5,1970
2020-12-11,114.942138671875,128.5,130.0,127.5,130.0,3910
2020-12-14,117.6256103515625,131.5,135.5,128.0,129.5,4958
2020-12-15,118.96735382080078,133.0,134.0,131.5,131.5,1450
2020-12-16,121.65084838867188,136.0,136.5,132.5,134.0,1745
2020-12-17,122.99256896972656,137.5,139.0,135.5,138.0,3452
2020-12-18,121.65084838867188,136.0,138.0,134.5,137.5,4679
2020-12-21,120.3091049194336,134.5,135.0,129.5,134.5,5996
2020-12-22,119.86184692382812,134.0,134.0,130.0,134.0,7309
2020-12-23,119.86184692382812,134.0,134.0,131.0,133.5,1691
2020-12-28,118.96735382080078,133.0,135.0,133.0,134.0,2607
2020-12-29,120.75634002685547,135.0,135.0,133.5,133.5,1948
2020-12-30,120.75634002685547,135.0,135.0,133.0,134.5,8078
2021-01-04,119.41459655761719,133.5,135.0,132.0,135.0,5247
2021-01-05,124.78156280517578,139.5,139.5,132.0,134.5,11068
2021-01-07,123.43982696533203,138.0,158.0,137.5,139.5,6577
2021-01-08,118.96735382080078,133.0,137.0,132.5,137.0,4596
2021-01-11,118.07286834716797,132.0,137.5,129.5,133.0,4392
2021-01-12,116.28388977050781,130.0,132.0,128.5,132.0,2808
2021-01-13,114.942138671875,128.5,130.0,126.0,130.0,4199
2021-01-14,112.70591735839844,126.0,129.0,123.5,128.0,4804
2021-01-15,105.99723052978516,118.5,129.5,113.5,126.5,21261
2021-01-18,97.94680786132812,109.5,117.0,108.0,117.0,13264
2021-01-19,98.84130859375,110.5,111.0,108.0,109.5,12627
2021-01-20,99.73578643798828,111.5,112.5,108.5,110.5,9905
2021-01-21,95.71058654785156,107.0,111.0,103.0,111.0,10848
2021-01-22,93.9216079711914,105.0,106.5,103.5,106.5,5604
2021-01-25,92.13261413574219,103.0,107.0,103.0,104.5,3892
2021-01-26,91.68537139892578,102.5,104.5,100.5,102.5,6238
2021-01-27,93.02710723876953,104.0,109.5,102.5,105.0,15616
2021-01-28,97.49956512451172,109.0,109.0,101.0,104.0,6487
2021-01-29,98.39405822753906,110.0,112.5,105.0,109.5,6525
2021-02-01,98.84130859375,110.5,113.0,110.0,110.0,2320
2021-02-02,100.63028717041016,112.5,113.5,111.5,112.5,2552
2021-02-03,105.54998016357422,118.0,120.5,112.5,113.5,7564
2021-02-04,104.65550231933594,117.0,119.5,115.5,119.5,30490
2021-02-05,104.20824432373047,116.5,117.5,114.5,117.0,1549
2021-02-08,101.07752990722656,113.0,116.0,112.0,116.0,3545
2021-02-09,101.97201538085938,114.0,115.0,110.0,115.0,3046
2021-02-10,99.73578643798828,111.5,114.5,110.5,114.5,2274
2021-02-11,99.73578643798828,111.5,113.5,111.0,112.0,1881
2021-02-12,101.07752990722656,113.0,114.0,111.5,112.5,1349
2021-02-15,101.5247802734375,113.5,114.0,112.0,113.5,2083
2021-02-16,101.97201538085938,114.0,114.0,111.5,113.5,1938
2021-02-17,97.49956512451172,109.0,114.5,107.5,113.5,3613
2021-02-18,97.49956512451172,109.0,111.0,108.0,111.0,3278
2021-02-19,101.97201538085938,114.0,114.0,108.5,109.0,3207
2021-02-22,99.18579864501953,110.0,118.5,109.5,114.5,4029
2021-02-23,94.22651672363281,104.5,111.0,102.0,110.0,60771
2021-02-24,91.9722900390625,102.0,106.0,101.0,104.0,6934
2021-02-25,92.87397766113281,103.0,103.5,102.0,102.0,3376
2021-02-26,92.42313385009766,102.5,102.5,99.4000015258789,101.0,5262
2021-03-01,92.87397766113281,103.0,103.5,101.0,102.0,3026
2021-03-02,89.8082275390625,99.5999984741211,103.0,99.4000015258789,103.0,2753
2021-03-03,88.36553192138672,98.0,99.80000305175781,98.0,99.4000015258789,2542
2021-03-04,85.29977416992188,94.5999984741211,97.80000305175781,93.0,97.80000305175781,5030
2021-03-05,82.41438293457031,91.4000015258789,92.80000305175781,90.19999694824219,92.0,8318
2021-03-08,85.66046905517578,95.0,96.5999984741211,91.5999984741211,91.80000305175781,2825
2021-03-09,87.82451629638672,97.4000015258789,97.4000015258789,92.5999984741211,95.0,35250
2021-03-10,88.36553192138672,98.0,98.4000015258789,96.5999984741211,97.5999984741211,3071
2021-03-11,89.62789916992188,99.4000015258789,100.0,96.0,98.0,3754
2021-03-12,88.36553192138672,98.0,100.0,98.0,100.0,2290
2021-03-15,89.98857116699219,99.80000305175781,100.5,99.19999694824219,100.0,1512
2021-03-16,88.72620391845703,98.4000015258789,101.0,96.19999694824219,99.80000305175781,3201
2021-03-17,86.92283630371094,96.4000015258789,99.19999694824219,95.19999694824219,99.19999694824219,1084
2021-03-18,83.49641418457031,92.5999984741211,97.5999984741211,92.0,96.5999984741211,3113
2021-03-19,82.05370330810547,91.0,93.5999984741211,90.19999694824219,92.5999984741211,7321
2021-03-22,84.93910217285156,94.19999694824219,95.19999694824219,92.4000015258789,95.19999694824219,8484
2021-03-23,85.84080505371094,95.19999694824219,96.5999984741211,94.80000305175781,95.19999694824219,2079
2021-03-24,83.31607818603516,92.4000015258789,96.4000015258789,92.0,96.4000015258789,1025
2021-03-25,82.05370330810547,91.0,94.0,90.80000305175781,94.0,2302
2021-03-26,84.03742218017578,93.19999694824219,94.80000305175781,91.4000015258789,91.4000015258789,2971
2021-03-29,82.59471893310547,91.5999984741211,94.4000015258789,91.5999984741211,94.19999694824219,1997
2021-03-30,85.29977416992188,94.5999984741211,95.19999694824219,93.0,93.80000305175781,3940
2021-03-31,86.38182067871094,95.80000305175781,97.0,95.5999984741211,96.80000305175781,8898
2021-04-01,87.4638442993164,97.0,99.30000305175781,87.0,95.80000305175781,18678
2021-04-06,86.0211410522461,95.4000015258789,96.0,93.0,95.0,6483
2021-04-07,88.36553192138672,98.0,98.0,94.5999984741211,96.30000305175781,5591
2021-04-08,87.64417266845703,97.19999694824219,98.0,95.5,98.0,9373
2021-04-09,88.09502410888672,97.69999694824219,98.0,96.5,97.30000305175781,3442
2021-04-12,88.81637573242188,98.5,106.0,97.0,97.80000305175781,8023
2021-04-13,86.47198486328125,95.9000015258789,100.4000015258789,95.0,100.4000015258789,6203
2021-04-14,85.66046905517578,95.0,98.9000015258789,94.19999694824219,98.9000015258789,2696
2021-04-15,85.11945343017578,94.4000015258789,95.9000015258789,93.0,95.0,2304
2021-04-16,87.1933364868164,96.69999694824219,98.0,94.4000015258789,94.4000015258789,2490
2021-04-19,87.4638442993164,97.0,97.5,94.69999694824219,96.69999694824219,2685
2021-04-20,85.2096176147461,94.5,98.0,93.5,98.0,2802
2021-04-21,85.2096176147461,94.5,95.5999984741211,93.19999694824219,95.0,1582
2021-04-22,88.36553192138672,98.0,98.0,94.5,94.5,3094
2021-04-23,89.44755554199219,99.19999694824219,99.9000015258789,97.5999984741211,98.0,3321
2021-04-26,95.57904815673828,106.0,107.0,99.5,99.9000015258789,8640
2021-04-27,93.23464965820312,103.4000015258789,108.4000015258789,102.19999694824219,108.0,5652
2021-04-28,92.33295440673828,102.4000015258789,109.0,95.0999984741211,109.0,5848
2021-04-29,92.33295440673828,102.4000015258789,103.4000015258789,100.4000015258789,102.5999984741211,1204
2021-04-30,93.77566528320312,104.0,104.0,102.0,102.19999694824219,3197
2021-05-03,92.15261840820312,102.19999694824219,104.19999694824219,101.5999984741211,104.0,20561
2021-05-04,86.56214904785156,96.0,102.19999694824219,96.0,102.19999694824219,3892
2021-05-05,87.01298522949219,96.5,99.0999984741211,96.0999984741211,96.5,1621
2021-05-06,82.59471893310547,91.5999984741211,97.69999694824219,91.5999984741211,96.5,14471
2021-05-07,82.865234375,91.9000015258789,92.69999694824219,90.0,92.5,2619
2021-05-10,81.96353912353516,90.9000015258789,93.0999984741211,90.19999694824219,91.9000015258789,8927
2021-05-11,77.5452651977539,86.0,90.0,85.0,90.0,12604
2021-05-12,78.8978042602539,87.5,90.19999694824219,86.0,86.0,4433
2021-05-14,78.44695281982422,87.0,88.5,85.0999984741211,87.5,2769
2021-05-17,78.8978042602539,87.5,92.0,86.0999984741211,92.0,2383
2021-05-18,80.52082824707031,89.30000305175781,91.9000015258789,86.4000015258789,87.0,2140
2021-05-19,77.18458557128906,85.5999984741211,90.0,85.19999694824219,90.0,2099
2021-05-20,76.19273376464844,84.5,87.0,83.0,85.5999984741211,2548
2021-05-21,78.80763244628906,87.4000015258789,89.0,86.0,86.0,2923
2021-05-24,78.53711700439453,87.0999984741211,90.0,86.5,90.0,1732
2021-05-25,80.16017150878906,88.9000015258789,88.9000015258789,87.0,87.0999984741211,2446
2021-05-26,77.09441375732422,85.5,88.80000305175781,85.5,88.80000305175781,9567
2021-05-27,76.6435775756836,85.0,86.0,84.30000305175781,85.4000015258789,53603
2021-05-28,81.06185913085938,89.9000015258789,89.9000015258789,85.0,85.0,16202
2021-05-31,81.96353912353516,90.9000015258789,91.0,87.9000015258789,90.0,1406
2021-06-01,81.87337493896484,90.80000305175781,91.80000305175781,90.0,91.0,10087
2021-06-02,80.79134368896484,89.5999984741211,91.69999694824219,88.5999984741211,91.5,1158
2021-06-03,81.06185913085938,89.9000015258789,90.5999984741211,88.0,90.5999984741211,2330
2021-06-04,81.69303131103516,90.5999984741211,90.5999984741211,89.5,89.9000015258789,1040
2021-06-07,80.16017150878906,88.9000015258789,91.69999694824219,88.0,91.69999694824219,1201
2021-06-08,79.43881225585938,88.0999984741211,88.9000015258789,88.0999984741211,88.9000015258789,201
2021-06-09,80.16017150878906,88.9000015258789,89.30000305175781,87.69999694824219,89.30000305175781,1489
2021-06-10,78.98796844482422,87.5999984741211,89.9000015258789,87.5999984741211,89.5999984741211,1773
2021-06-11,79.61914825439453,88.30000305175781,88.9000015258789,87.0999984741211,87.5,2571
2021-06-14,78.71746063232422,87.30000305175781,88.30000305175781,86.19999694824219,88.30000305175781,1274
2021-06-15,78.44695281982422,87.0,88.9000015258789,86.69999694824219,87.5,1054
2021-06-16,76.91407775878906,85.30000305175781,86.80000305175781,85.30000305175781,86.4000015258789,831
2021-06-17,76.6435775756836,85.0,86.69999694824219,84.9000015258789,85.0999984741211,1508
2021-06-18,76.82391357421875,85.19999694824219,87.5999984741211,85.19999694824219,85.4000015258789,5977
2021-06-21,74.20901489257812,82.30000305175781,85.30000305175781,82.30000305175781,85.30000305175781,2233
2021-06-22,74.11884307861328,82.19999694824219,83.0,82.19999694824219,82.30000305175781,2082
2021-06-23,72.58596801757812,80.5,83.30000305175781,80.5,82.19999694824219,1989
2021-06-24,72.58596801757812,80.5,80.80000305175781,80.0,80.5,4618
2021-06-28,73.57782745361328,81.5999984741211,81.5999984741211,79.30000305175781,80.5,15060
2021-06-29,75.74188232421875,84.0,85.0,81.69999694824219,82.5,6013
2021-06-30,77.5452651977539,86.0,86.0,83.9000015258789,84.5,4215
2021-07-01,76.6435775756836,85.0,86.30000305175781,83.4000015258789,85.5,4315
2021-07-02,83.40624237060547,92.5,92.69999694824219,86.19999694824219,87.5999984741211,11820
2021-07-05,83.94725036621094,93.0999984741211,93.9000015258789,90.4000015258789,91.0,6015
2021-07-06,84.12760162353516,93.30000305175781,93.69999694824219,91.0999984741211,93.0999984741211,12783
2021-07-07,85.93097686767578,95.30000305175781,95.80000305175781,92.9000015258789,93.30000305175781,7237
2021-07-08,85.29977416992188,94.5999984741211,96.5,90.69999694824219,90.69999694824219,3124
2021-07-09,85.29977416992188,94.5999984741211,95.0,94.0,94.5999984741211,831
2021-07-12,87.91468811035156,97.5,97.5,94.5999984741211,94.5999984741211,3237
2021-07-13,88.54586791992188,98.19999694824219,99.0,96.0999984741211,97.5,2459
2021-07-14,93.77566528320312,104.0,104.0,99.30000305175781,99.30000305175781,9543
2021-07-15,91.07059478759766,101.0,104.0,97.30000305175781,104.0,5569
2021-07-16,89.8082275390625,99.5999984741211,101.0,92.0,99.9000015258789,2444
2021-07-19,87.55400085449219,97.0999984741211,100.19999694824219,93.5999984741211,100.0,1705
2021-07-20,86.0211410522461,95.4000015258789,98.4000015258789,93.4000015258789,97.0,756
2021-07-21,87.4638442993164,97.0,97.0,93.30000305175781,94.80000305175781,718
2021-07-22,87.73434448242188,97.30000305175781,100.0,95.0999984741211,100.0,3149
2021-07-23,87.91468811035156,97.5,99.19999694824219,94.0,96.69999694824219,2224
2021-07-26,86.0211410522461,95.4000015258789,97.5,94.0999984741211,97.5,947
2021-07-27,83.49641418457031,92.5999984741211,95.5999984741211,91.69999694824219,95.5,856
2021-07-28,83.67675018310547,92.80000305175781,93.5999984741211,91.5999984741211,92.5999984741211,853
2021-07-29,84.57843780517578,93.80000305175781,95.0,93.5,93.80000305175781,2131
2021-07-30,84.30792999267578,93.5,95.0999984741211,93.0,93.80000305175781,2534
2021-08-02,83.49641418457031,92.5999984741211,93.19999694824219,91.80000305175781,93.0,917
2021-08-03,83.67675018310547,92.80000305175781,96.9000015258789,91.5999984741211,91.5999984741211,3587
2021-08-04,83.49641418457031,92.5999984741211,94.5,91.4000015258789,91.69999694824219,2111
2021-08-05,80.4306640625,89.19999694824219,92.5999984741211,89.0,92.0,1761
2021-08-06,82.77506256103516,91.80000305175781,91.9000015258789,89.30000305175781,90.0999984741211,2635
2021-08-09,82.32422637939453,91.30000305175781,91.80000305175781,90.0,91.80000305175781,5307
2021-08-10,82.95539855957031,92.0,93.5999984741211,91.30000305175781,91.30000305175781,5554
2021-08-11,82.95539855957031,92.0,92.19999694824219,89.69999694824219,92.19999694824219,12655
2021-08-12,82.05370330810547,91.0,92.0,91.0,91.4000015258789,1796
2021-08-13,81.78319549560547,90.69999694824219,91.0,90.0999984741211,91.0,746
2021-08-16,81.60286712646484,90.5,91.0,89.30000305175781,90.0999984741211,1517
2021-08-17,82.865234375,91.9000015258789,91.9000015258789,89.0,89.0,2406
2021-08-18,82.95539855957031,92.0,92.0,90.19999694824219,92.0,4233
2021-08-19,80.88150787353516,89.69999694824219,90.0,86.0,89.0999984741211,3713
2021-08-20,82.05370330810547,91.0,91.30000305175781,90.0,90.5,8904
2021-08-23,82.23403930664062,91.19999694824219,93.0,88.5,93.0,2711
2021-08-24,80.25032043457031,89.0,93.0,89.0,93.0,1104
2021-08-25,82.95539855957031,92.0,92.5,90.30000305175781,90.30000305175781,2546
2021-08-26,82.865234375,91.9000015258789,92.0,90.0,92.0,4265
2021-08-27,82.95539855957031,92.0,92.0,90.5999984741211,91.9000015258789,2129
2021-08-30,83.40624237060547,92.5,93.0,89.19999694824219,92.0,11104
2021-08-31,83.40624237060547,92.5,92.5,91.0,92.5,3682
2021-09-01,83.22591400146484,92.30000305175781,93.30000305175781,92.19999694824219,92.5,7943
2021-09-02,87.55400085449219,97.0999984741211,97.0999984741211,91.4000015258789,91.5999984741211,8760
2021-09-03,89.2672119140625,99.0,99.0,97.0999984741211,97.0999984741211,5997
2021-09-06,87.55400085449219,97.0999984741211,100.0,96.30000305175781,99.9000015258789,1383
2021-09-07,86.56214904785156,96.0,97.0,94.80000305175781,96.80000305175781,698
2021-09-08,85.2096176147461,94.5,96.5,93.30000305175781,95.55000305175781,15091
2021-09-09,86.56214904785156,96.0,97.0,92.0,92.0,1409
2021-09-10,86.0211410522461,95.4000015258789,95.80000305175781,93.0999984741211,95.80000305175781,1206
2021-09-13,87.4638442993164,97.0,98.0,92.5999984741211,95.4000015258789,2435
2021-09-14,86.56214904785156,96.0,99.0,95.69999694824219,99.0,1339
2021-09-15,84.48826599121094,93.69999694824219,95.9000015258789,92.4000015258789,95.5,3250
2021-09-16,84.84893035888672,94.0999984741211,96.30000305175781,92.0,93.69999694824219,1890
2021-09-17,84.03742218017578,93.19999694824219,96.0,91.0,93.0,11361
2021-09-20,82.95539855957031,92.0,95.30000305175781,88.0,93.30000305175781,7627
2021-09-21,83.58657836914062,92.69999694824219,95.5999984741211,89.19999694824219,95.5999984741211,1630
2021-09-22,83.40624237060547,92.5,94.19999694824219,92.5,94.19999694824219,5967
2021-09-23,82.59471893310547,91.5999984741211,95.9000015258789,91.5999984741211,92.30000305175781,1428
2021-09-24,82.59471893310547,91.5999984741211,92.0,89.5,92.0,2074
2021-09-27,80.9716796875,89.80000305175781,93.5,89.0999984741211,93.5,1491
2021-09-28,79.34864044189453,88.0,90.4000015258789,87.5999984741211,89.9000015258789,4200
2021-09-29,79.34864044189453,88.0,88.9000015258789,85.9000015258789,88.0,52198
2021-09-30,83.0455551147461,92.0999984741211,94.4000015258789,87.0999984741211,91.0,15132
2021-10-01,85.11945343017578,94.4000015258789,95.9000015258789,92.30000305175781,93.0,13714
2021-10-04,86.0211410522461,95.4000015258789,97.0,93.5999984741211,94.4000015258789,11594
2021-10-05,85.29977416992188,94.5999984741211,96.0,91.4000015258789,96.0,2970
2021-10-06,83.85708618164062,93.0,96.0,91.9000015258789,96.0,15166
2021-10-07,84.21775817871094,93.4000015258789,94.5999984741211,92.9000015258789,93.0,1481
2021-10-08,82.59471893310547,91.5999984741211,94.0999984741211,91.5999984741211,92.19999694824219,1745
2021-10-11,81.33235931396484,90.19999694824219,94.0,87.0,94.0,3035
2021-10-12,80.34049224853516,89.0999984741211,91.5999984741211,86.5,90.19999694824219,1320
2021-10-13,80.9716796875,89.80000305175781,92.19999694824219,88.19999694824219,88.30000305175781,899
2021-10-14,83.85708618164062,93.0,93.0,91.5,92.5,1949
2021-10-15,84.03742218017578,93.19999694824219,93.4000015258789,92.69999694824219,93.0,3397
2021-10-18,84.66860961914062,93.9000015258789,93.9000015258789,91.0,93.80000305175781,1529
2021-10-19,82.865234375,91.9000015258789,93.9000015258789,89.5,93.9000015258789,2230
2021-10-20,79.34864044189453,88.0,91.9000015258789,88.0,91.9000015258789,1695
2021-10-21,80.52082824707031,89.30000305175781,89.9000015258789,88.0,89.0,38683
2021-10-22,83.31607818603516,92.4000015258789,93.0,88.30000305175781,89.19999694824219,17349
2021-10-25,83.40624237060547,92.5,93.69999694824219,90.69999694824219,93.69999694824219,3307
2021-10-26,82.41438293457031,91.4000015258789,94.0,91.0,94.0,22220
2021-10-27,83.31607818603516,92.4000015258789,94.0,92.0,94.0,1505
2021-10-28,82.32422637939453,91.30000305175781,92.5999984741211,90.0999984741211,92.5,11639
2021-10-29,82.95539855957031,92.0,92.9000015258789,88.19999694824219,92.9000015258789,4092
2021-11-01,81.60286712646484,90.5,91.9000015258789,90.19999694824219,91.9000015258789,1918
2021-11-02,79.07813262939453,87.69999694824219,90.4000015258789,87.0,90.4000015258789,1488
2021-11-03,79.79948425292969,88.5,89.19999694824219,87.0,87.5999984741211,5864
2021-11-04,81.06185913085938,89.9000015258789,89.9000015258789,87.0999984741211,89.0,7611
2021-11-05,80.16017150878906,88.9000015258789,90.19999694824219,88.4000015258789,89.9000015258789,1309
2021-11-08,79.70932006835938,88.4000015258789,90.0,87.4000015258789,89.0,1807
2021-11-09,78.71746063232422,87.30000305175781,89.19999694824219,86.5999984741211,89.19999694824219,1933
2021-11-10,77.63542938232422,86.0999984741211,87.5,84.0999984741211,87.0999984741211,5040
2021-11-11,78.8978042602539,87.5,88.30000305175781,84.5999984741211,84.5999984741211,1149
2021-11-12,78.98796844482422,87.5999984741211,88.30000305175781,86.0,87.5,1489
2021-11-15,77.63542938232422,86.0999984741211,87.80000305175781,85.0,87.5999984741211,3712
2021-11-16,75.6517105102539,83.9000015258789,86.0999984741211,83.19999694824219,86.0,8088
2021-11-17,75.11071014404297,83.30000305175781,84.9000015258789,83.0,83.9000015258789,11178
2021-11-18,75.11071014404297,83.30000305175781,84.0999984741211,81.0999984741211,83.9000015258789,14627
2021-11-19,77.99610900878906,86.5,88.0,83.5,83.5,2778
2021-11-22,77.2747573852539,85.69999694824219,87.4000015258789,84.80000305175781,86.5,11474
2021-11-23,75.0205307006836,83.19999694824219,87.0,82.5,87.0,8075
2021-11-24,73.4876480102539,81.5,83.19999694824219,80.0999984741211,83.19999694824219,8430
2021-11-25,71.86461639404297,79.69999694824219,82.5,79.5,81.5,3142
2021-11-26,70.33174133300781,78.0,79.4000015258789,75.80000305175781,78.9000015258789,7899
2021-11-29,70.96292877197266,78.69999694824219,80.80000305175781,76.0,76.0,3078
2021-11-30,70.78258514404297,78.5,79.30000305175781,78.0,78.69999694824219,15659
2021-12-01,70.60226440429688,78.30000305175781,79.0,77.0,78.5999984741211,11783
2021-12-02,69.2497329711914,76.80000305175781,78.30000305175781,76.0999984741211,78.30000305175781,4880
2021-12-03,69.43006134033203,77.0,78.5,75.19999694824219,76.80000305175781,3328
2021-12-07,71.68428802490234,79.5,79.80000305175781,77.0,77.0,2360
2021-12-08,71.86461639404297,79.69999694824219,80.19999694824219,76.9000015258789,80.19999694824219,999
2021-12-09,71.68428802490234,79.5,80.0,76.5999984741211,80.0,1751
2021-12-10,73.39749145507812,81.4000015258789,82.0999984741211,79.5,79.69999694824219,4795
2021-12-13,74.20901489257812,82.30000305175781,83.9000015258789,82.0999984741211,83.9000015258789,16282
2021-12-14,73.84834289550781,81.9000015258789,83.30000305175781,81.19999694824219,83.30000305175781,2945
2021-12-15,72.76631164550781,80.69999694824219,84.5,79.0,84.5,1982
2021-12-16,74.11884307861328,82.19999694824219,82.9000015258789,81.0,81.0,12602
2021-12-17,74.84019470214844,83.0,83.80000305175781,81.30000305175781,82.19999694824219,1957
2021-12-20,72.22530364990234,80.0999984741211,83.9000015258789,80.0999984741211,83.9000015258789,2316
2021-12-21,74.47952270507812,82.5999984741211,82.9000015258789,80.5999984741211,80.5999984741211,2520
2021-12-22,76.19273376464844,84.5,85.9000015258789,82.0,82.0,7548
2021-12-23,77.45508575439453,85.9000015258789,86.9000015258789,84.5999984741211,84.69999694824219,5396
2021-12-27,76.6435775756836,85.0,86.0999984741211,84.80000305175781,86.0999984741211,2463
2021-12-28,75.5615463256836,83.80000305175781,86.0,82.9000015258789,85.0999984741211,2184
2021-12-29,75.74188232421875,84.0,84.9000015258789,83.69999694824219,84.9000015258789,1557
2021-12-30,76.19273376464844,84.5,85.9000015258789,83.30000305175781,84.0,5775
2022-01-03,73.03681182861328,81.0,85.0999984741211,80.4000015258789,84.5,10164
2022-01-04,72.4056396484375,80.30000305175781,83.0999984741211,79.9000015258789,81.0,5128
2022-01-05,71.23342895507812,79.0,80.30000305175781,78.0999984741211,80.30000305175781,2582
2022-01-07,68.52836608886719,76.0,79.69999694824219,75.19999694824219,79.0,5276
2022-01-10,66.72499084472656,74.0,77.0,72.4000015258789,76.0,11591
2022-01-11,66.72499084472656,74.0,76.30000305175781,72.69999694824219,72.69999694824219,6721
2022-01-12,66.45447540283203,73.69999694824219,75.0,71.5999984741211,74.9000015258789,45429
2022-01-13,66.9955062866211,74.30000305175781,74.80000305175781,72.5999984741211,73.5,3383
2022-01-14,67.17584228515625,74.5,74.69999694824219,72.5999984741211,73.19999694824219,12870
2022-01-17,67.53651428222656,74.9000015258789,75.0,73.0,74.5,66137
2022-01-18,64.74127197265625,71.80000305175781,75.0,71.4000015258789,75.0,4473
2022-01-19,66.63482666015625,73.9000015258789,74.0999984741211,69.19999694824219,71.9000015258789,25093
2022-01-20,66.72499084472656,74.0,74.30000305175781,71.5999984741211,71.5999984741211,5985
2022-01-21,63.92975997924805,70.9000015258789,76.30000305175781,68.5,74.0,11032
2022-01-24,59.42131042480469,65.9000015258789,70.4000015258789,65.19999694824219,70.4000015258789,37978
2022-01-25,63.29856491088867,70.19999694824219,74.69999694824219,66.19999694824219,66.19999694824219,16114
2022-01-26,65.3724594116211,72.5,72.80000305175781,68.5999984741211,70.19999694824219,27721
2022-01-27,63.92975997924805,70.9000015258789,72.4000015258789,70.0,72.4000015258789,33494
2022-01-28,65.3724594116211,72.5,72.30000305175781,70.0,70.0,5215
2022-01-31,68.3480453491211,75.80000305175781,75.80000305175781,72.0,72.4000015258789,14622
2022-02-01,66.54466247558594,73.80000305175781,79.9000015258789,73.19999694824219,77.19999694824219,9415
2022-02-02,67.08567810058594,74.4000015258789,74.9000015258789,73.4000015258789,74.9000015258789,14374
2022-02-03,63.29856491088867,70.19999694824219,74.4000015258789,70.19999694824219,74.4000015258789,11568
2022-02-04,64.20025634765625,71.19999694824219,71.19999694824219,66.30000305175781,70.19999694824219,18473
2022-02-07,62.57722091674805,69.4000015258789,70.4000015258789,67.80000305175781,69.5999984741211,32196
2022-02-08,63.65924835205078,70.5999984741211,70.9000015258789,68.5,70.0,4484
2022-02-09,65.19212341308594,72.30000305175781,72.4000015258789,67.69999694824219,67.69999694824219,3490
2022-02-10,65.10194396972656,72.19999694824219,72.30000305175781,70.19999694824219,71.9000015258789,8602
2022-02-11,62.937896728515625,69.80000305175781,71.0,68.5,68.5,7373
2022-02-14,59.15080642700195,65.5999984741211,69.5999984741211,64.19999694824219,69.5999984741211,19857
2022-02-15,60.864013671875,67.5,67.80000305175781,64.0,66.0,4709
2022-02-16,59.60165023803711,66.0999984741211,69.0,66.0999984741211,68.19999694824219,5157
2022-02-17,59.69181442260742,66.19999694824219,66.9000015258789,66.19999694824219,66.4000015258789,1779
2022-02-18,57.88843536376953,64.19999694824219,65.9000015258789,64.19999694824219,65.80000305175781,4593
2022-02-21,56.08506393432617,62.20000076293945,64.9000015258789,62.0,64.9000015258789,4518
2022-02-22,55.09320068359375,61.099998474121094,62.20000076293945,57.79999923706055,60.20000076293945,8103
2022-02-23,54.91286849975586,60.900001525878906,63.599998474121094,60.900001525878906,61.20000076293945,10950
2022-02-24,54.91286849975586,60.900001525878906,61.400001525878906,57.099998474121094,59.900001525878906,9242
2022-02-25,54.10134506225586,60.0,62.5,58.70000076293945,58.900001525878906,9533
2022-02-28,56.89969253540039,61.0,61.20000076293945,57.599998474121094,58.79999923706055,10182
2022-03-01,56.61985778808594,60.70000076293945,61.599998474121094,58.099998474121094,61.0,7358
2022-03-02,55.22068786621094,59.20000076293945,61.29999923706055,58.79999923706055,60.099998474121094,16694
2022-03-03,57.366085052490234,61.5,62.5,59.20000076293945,59.20000076293945,15673
2022-03-04,54.47446060180664,58.400001525878906,62.0,58.400001525878906,62.0,6030
2022-03-07,53.07529067993164,56.900001525878906,60.5,55.099998474121094,58.400001525878906,3725
2022-03-08,54.101348876953125,58.0,62.20000076293945,57.400001525878906,58.0,3971
2022-03-09,56.060184478759766,60.099998474121094,61.79999923706055,59.599998474121094,61.0,2972
2022-03-10,55.12740707397461,59.099998474121094,62.0,59.099998474121094,61.70000076293945,4236
2022-03-11,56.526580810546875,60.599998474121094,61.5,59.29999923706055,60.5,2893
2022-03-14,57.272804260253906,61.400001525878906,62.900001525878906,60.599998474121094,60.599998474121094,1989
2022-03-15,55.50052261352539,59.5,61.400001525878906,58.599998474121094,61.400001525878906,4854
2022-03-16,58.951812744140625,63.20000076293945,63.599998474121094,59.400001525878906,59.400001525878906,5437
2022-03-17,58.57870101928711,62.79999923706055,63.900001525878906,60.900001525878906,63.20000076293945,2020
2022-03-18,59.138370513916016,63.400001525878906,63.900001525878906,61.0,63.0,2433
2022-03-21,58.48542404174805,62.70000076293945,63.5,62.20000076293945,63.0,1255
2022-03-22,57.83247375488281,62.0,63.5,60.5,63.20000076293945,3266
2022-03-23,57.08625030517578,61.20000076293945,62.5,60.29999923706055,62.400001525878906,7253
2022-03-24,55.78034973144531,59.79999923706055,60.900001525878906,59.29999923706055,60.900001525878906,4082
2022-03-25,54.47446060180664,58.400001525878906,60.400001525878906,58.400001525878906,59.599998474121094,1811
2022-03-28,54.287906646728516,58.20000076293945,58.79999923706055,57.29999923706055,58.5,1863
2022-03-29,56.34002685546875,60.400001525878906,60.900001525878906,58.0,58.900001525878906,12238
2022-03-30,55.22068786621094,59.20000076293945,62.099998474121094,59.20000076293945,61.0,2298
2022-03-31,55.31396484375,59.29999923706055,61.0,59.20000076293945,61.0,1764
2022-04-01,55.87363815307617,59.900001525878906,60.70000076293945,59.400001525878906,60.0,2759
2022-04-04,60.81737518310547,65.19999694824219,67.0,60.29999923706055,61.29999923706055,18454
2022-04-05,61.28376007080078,65.69999694824219,68.80000305175781,65.4000015258789,67.0999984741211,7994
2022-04-06,58.951812744140625,63.20000076293945,67.69999694824219,62.79999923706055,65.5999984741211,13748
2022-04-07,58.48542404174805,62.70000076293945,64.80000305175781,62.5,63.20000076293945,5076
2022-04-08,58.298866271972656,62.5,63.400001525878906,61.79999923706055,61.79999923706055,6683
2022-04-11,58.205589294433594,62.400001525878906,62.400001525878906,61.20000076293945,61.79999923706055,3055
2022-04-12,58.67197799682617,62.900001525878906,63.0,61.29999923706055,62.900001525878906,4072
2022-04-13,58.765254974365234,63.0,63.0,61.599998474121094,63.0,4051
2022-04-14,58.01902770996094,62.20000076293945,64.0,62.0,63.0,8200
2022-04-19,59.138370513916016,63.400001525878906,63.900001525878906,62.29999923706055,63.900001525878906,2000
2022-04-20,61.09720993041992,65.5,67.30000305175781,62.900001525878906,62.900001525878906,16406
2022-04-21,64.4552230834961,69.0999984741211,70.0,65.5,65.5,9967
2022-04-22,61.843441009521484,66.30000305175781,69.0,66.30000305175781,69.0,4604
2022-04-25,60.630821228027344,65.0,66.5,64.30000305175781,66.30000305175781,2419
2022-04-26,60.44426727294922,64.80000305175781,66.9000015258789,64.5,65.4000015258789,1942
2022-04-27,58.765254974365234,63.0,67.0999984741211,63.0,64.80000305175781,3201
2022-04-28,59.51148223876953,63.79999923706055,64.30000305175781,62.70000076293945,64.19999694824219,2594
2022-04-29,57.83247375488281,62.0,66.5,62.0,63.0,4920
2022-05-02,57.64591598510742,61.79999923706055,62.599998474121094,60.29999923706055,62.0,2838
2022-05-03,56.713134765625,60.79999923706055,61.900001525878906,60.70000076293945,61.900001525878906,920
2022-05-04,55.12740707397461,59.099998474121094,61.0,59.099998474121094,61.0,4236
2022-05-05,54.47446060180664,58.400001525878906,62.099998474121094,58.20000076293945,59.099998474121094,1969
2022-05-06,55.78034973144531,59.79999923706055,60.0,57.400001525878906,58.29999923706055,2802
2022-05-09,53.16856384277344,57.0,60.5,57.0,60.5,1605
2022-05-10,51.676116943359375,55.400001525878906,58.400001525878906,55.400001525878906,57.0,3365
2022-05-11,53.16856384277344,57.0,60.20000076293945,55.5,55.5,3358
2022-05-12,52.42233657836914,56.20000076293945,58.900001525878906,56.099998474121094,57.400001525878906,2482
2022-05-13,50.5567741394043,54.20000076293945,56.70000076293945,52.099998474121094,56.099998474121094,22592
2022-05-16,49.90382766723633,53.5,54.70000076293945,52.400001525878906,54.29999923706055,6628
2022-05-17,51.023170471191406,54.70000076293945,55.900001525878906,53.400001525878906,53.400001525878906,7195
2022-05-18,48.971046447753906,52.5,55.29999923706055,52.5,54.70000076293945,10242
2022-05-19,50.74333572387695,54.400001525878906,54.599998474121094,50.900001525878906,54.599998474121094,7897
2022-05-20,49.34416198730469,52.900001525878906,54.5,52.29999923706055,53.5,7456
2022-05-23,48.411380767822266,51.900001525878906,54.29999923706055,50.5,52.900001525878906,11469
2022-05-24,48.971046447753906,52.5,53.29999923706055,50.79999923706055,52.099998474121094,14433
2022-05-25,47.10548400878906,50.5,52.900001525878906,49.849998474121094,52.900001525878906,41177
2022-05-27,49.34416198730469,52.900001525878906,53.400001525878906,50.70000076293945,52.0,12208
2022-05-30,48.038265228271484,51.5,55.79999923706055,50.900001525878906,53.5,11950
2022-05-31,47.10548400878906,50.5,51.900001525878906,50.400001525878906,51.5,118963
2022-06-01,48.31809616088867,51.79999923706055,52.900001525878906,50.79999923706055,50.79999923706055,7459
2022-06-02,49.15760040283203,52.70000076293945,53.20000076293945,51.599998474121094,51.75,6114
2022-06-03,49.90382766723633,53.5,54.099998474121094,52.0,53.099998474121094,9513
2022-06-06,50.183658599853516,53.79999923706055,55.599998474121094,53.599998474121094,55.599998474121094,1794
2022-06-07,48.784488677978516,52.29999923706055,53.900001525878906,51.5,53.900001525878906,6147
2022-06-08,48.971046447753906,52.5,53.0,51.5,52.20000076293945,2966
2022-06-09,49.7172737121582,53.29999923706055,54.400001525878906,51.79999923706055,52.900001525878906,3708
2022-06-10,47.29203796386719,50.70000076293945,53.5,50.599998474121094,53.099998474121094,10312
2022-06-13,45.89286422729492,49.20000076293945,50.70000076293945,48.650001525878906,50.70000076293945,7593
2022-06-14,45.56639099121094,48.849998474121094,50.0,47.599998474121094,50.0,6861
2022-06-15,46.26597595214844,49.599998474121094,50.70000076293945,49.099998474121094,49.099998474121094,1660
2022-06-16,45.37983322143555,48.650001525878906,49.70000076293945,47.650001525878906,49.70000076293945,4873
2022-06-17,45.519752502441406,48.79999923706055,50.0,48.79999923706055,50.0,5143
2022-06-20,46.4058952331543,49.75,50.400001525878906,48.349998474121094,49.0,137879
2022-06-21,46.359256744384766,49.70000076293945,51.900001525878906,49.400001525878906,50.0,3856
2022-06-22,49.250877380371094,52.79999923706055,53.20000076293945,49.79999923706055,51.5,39896
2022-06-23,50.183658599853516,53.79999923706055,53.79999923706055,51.900001525878906,52.79999923706055,5659
2022-06-27,50.836612701416016,54.5,54.70000076293945,52.70000076293945,53.900001525878906,6746
2022-06-28,49.250877380371094,52.79999923706055,54.70000076293945,52.29999923706055,54.5,3027
2022-06-29,48.50465393066406,52.0,53.5,51.099998474121094,53.5,4258
2022-06-30,47.012203216552734,50.400001525878906,53.099998474121094,50.400001525878906,52.599998474121094,10090
2022-07-01,47.478599548339844,50.900001525878906,52.099998474121094,50.400001525878906,50.400001525878906,5481
2022-07-04,47.012203216552734,50.400001525878906,52.20000076293945,50.400001525878906,52.20000076293945,2046
2022-07-05,48.411380767822266,51.900001525878906,52.099998474121094,50.0,50.400001525878906,4977
2022-07-06,50.276939392089844,53.900001525878906,55.70000076293945,53.599998474121094,54.099998474121094,13017
2022-07-07,55.40724182128906,59.400001525878906,59.79999923706055,54.099998474121094,55.5,55085
2022-07-08,54.5677375793457,58.5,60.0,57.900001525878906,59.599998474121094,15062
2022-07-11,54.661014556884766,58.599998474121094,59.5,57.79999923706055,59.29999923706055,4959
2022-07-12,52.795448303222656,56.599998474121094,58.70000076293945,56.29999923706055,58.70000076293945,5279
2022-07-13,53.16856384277344,57.0,57.099998474121094,55.20000076293945,56.599998474121094,6918
2022-07-14,52.6088981628418,56.400001525878906,57.400001525878906,55.099998474121094,57.29999923706055,4889
2022-07-15,52.5156135559082,56.29999923706055,56.70000076293945,55.70000076293945,56.400001525878906,8504
2022-07-18,52.6088981628418,56.400001525878906,57.79999923706055,56.20000076293945,56.400001525878906,4562
2022-07-19,53.16856384277344,57.0,57.5,55.900001525878906,56.400001525878906,10032
2022-07-20,56.060184478759766,60.099998474121094,60.599998474121094,57.099998474121094,57.099998474121094,12797
2022-07-21,54.38117980957031,58.29999923706055,60.70000076293945,58.29999923706055,60.0,7406
2022-07-22,54.84756851196289,58.79999923706055,59.20000076293945,57.79999923706055,58.20000076293945,5730
2022-07-25,53.54167556762695,57.400001525878906,59.900001525878906,57.0,59.900001525878906,1893
2022-07-26,52.42233657836914,56.20000076293945,57.70000076293945,55.900001525878906,57.29999923706055,2873
2022-07-27,52.32905960083008,56.099998474121094,57.0,55.79999923706055,56.099998474121094,1041
2022-07-28,54.47446060180664,58.400001525878906,58.599998474121094,56.70000076293945,56.70000076293945,2269
2022-07-29,55.40724182128906,59.400001525878906,60.900001525878906,58.400001525878906,58.599998474121094,5151
2022-08-01,55.87363815307617,59.900001525878906,60.5,58.79999923706055,59.400001525878906,2431
2022-08-02,55.96691131591797,60.0,60.0,58.599998474121094,59.900001525878906,1385
2022-08-03,56.43330001831055,60.5,60.5,58.79999923706055,59.900001525878906,1099
2022-08-04,58.11231231689453,62.29999923706055,63.29999923706055,60.5,60.5,2897
2022-08-05,58.01902770996094,62.20000076293945,63.70000076293945,61.5,63.70000076293945,3712
2022-08-08,58.11231231689453,62.29999923706055,63.70000076293945,62.099998474121094,63.70000076293945,33676
2022-08-09,57.4593620300293,61.599998474121094,62.29999923706055,60.5,62.29999923706055,2315
2022-08-10,57.925750732421875,62.099998474121094,63.79999923706055,61.0,63.70000076293945,2932
2022-08-11,57.552642822265625,61.70000076293945,63.79999923706055,61.70000076293945,63.79999923706055,5550
2022-08-12,58.11231231689453,62.29999923706055,62.79999923706055,61.20000076293945,61.900001525878906,1691
2022-08-15,57.83247375488281,62.0,65.0,62.0,64.69999694824219,2683
2022-08-16,57.552642822265625,61.70000076293945,63.70000076293945,61.0,63.70000076293945,2018
2022-08-17,57.08625030517578,61.20000076293945,62.20000076293945,60.70000076293945,61.79999923706055,3681
2022-08-18,56.89969253540039,61.0,61.20000076293945,59.70000076293945,61.20000076293945,1107
2022-08-19,58.298866271972656,62.5,62.5,60.099998474121094,61.20000076293945,5124
2022-08-22,56.61985778808594,60.70000076293945,61.0,59.5,61.0,1843
2022-08-23,57.64591598510742,61.79999923706055,62.0,59.29999923706055,60.5,1829
2022-08-24,56.99296951293945,61.099998474121094,63.0,60.099998474121094,62.0,698
2022-08-25,57.366085052490234,61.5,61.900001525878906,59.79999923706055,61.900001525878906,1036
2022-08-26,55.87363815307617,59.900001525878906,61.79999923706055,59.099998474121094,61.5,1586
2022-08-29,52.795448303222656,56.599998474121094,58.70000076293945,56.5,58.70000076293945,4755
2022-08-30,53.07529067993164,56.900001525878906,58.79999923706055,56.599998474121094,56.599998474121094,1857
2022-08-31,54.101348876953125,58.0,60.0,57.599998474121094,60.0,1557
2022-09-01,51.95595169067383,55.70000076293945,59.79999923706055,55.5,59.79999923706055,3454
2022-09-02,54.661014556884766,58.599998474121094,59.099998474121094,55.5,55.70000076293945,3630
2022-09-05,52.23578643798828,56.0,58.0,55.400001525878906,58.0,3488
2022-09-06,52.6088981628418,56.400001525878906,57.099998474121094,54.599998474121094,56.0,1697
2022-09-07,52.6088981628418,56.400001525878906,56.400001525878906,55.099998474121094,55.29999923706055,997
2022-09-08,51.39627456665039,55.099998474121094,56.20000076293945,54.599998474121094,56.20000076293945,855
2022-09-09,54.38117980957031,58.29999923706055,58.599998474121094,55.599998474121094,56.900001525878906,1825
2022-09-12,53.16856384277344,57.0,58.20000076293945,56.599998474121094,58.20000076293945,3985
2022-09-13,51.76939010620117,55.5,58.099998474121094,55.5,57.0,4430
2022-09-14,51.76939010620117,55.5,56.900001525878906,55.0,55.5,30530
2022-09-15,49.53071212768555,53.099998474121094,54.79999923706055,53.099998474121094,54.29999923706055,6574
2022-09-16,47.75843048095703,51.20000076293945,53.5,51.099998474121094,53.0,4123
2022-09-19,47.57187271118164,51.0,57.5,49.650001525878906,51.20000076293945,7273
2022-09-20,47.012203216552734,50.400001525878906,52.099998474121094,50.29999923706055,51.900001525878906,740
2022-09-21,46.63909149169922,50.0,51.5,49.29999923706055,51.5,6344
2022-09-22,45.7063102722168,49.0,50.0,48.79999923706055,49.900001525878906,1907
2022-09-23,44.726890563964844,47.95000076293945,50.400001525878906,47.04999923706055,50.400001525878906,4257
2022-09-26,43.560916900634766,46.70000076293945,47.54999923706055,46.0,47.54999923706055,5252
2022-09-27,44.54033279418945,47.75,48.70000076293945,47.400001525878906,48.0,3548
2022-09-28,43.84074783325195,47.0,47.20000076293945,45.79999923706055,47.0,4379
2022-09-29,42.81468963623047,45.900001525878906,47.20000076293945,45.79999923706055,47.0,5524
2022-09-30,43.79410934448242,46.95000076293945,47.0,45.900001525878906,45.900001525878906,5199
2022-10-03,43.84074783325195,47.0,47.45000076293945,46.29999923706055,46.95000076293945,6074
2022-10-04,43.094520568847656,46.20000076293945,47.45000076293945,45.25,47.45000076293945,16812
2022-10-05,41.4155158996582,44.400001525878906,46.20000076293945,44.0,46.20000076293945,7825
2022-10-06,41.275596618652344,44.25,45.400001525878906,43.900001525878906,44.400001525878906,8538
2022-10-07,39.96969985961914,42.849998474121094,44.5,42.849998474121094,44.5,5157
2022-10-10,41.04240036010742,44.0,44.150001525878906,42.92499923706055,44.0,2881
2022-10-11,40.949127197265625,43.900001525878906,43.95000076293945,43.04999923706055,43.099998474121094,1440
2022-10-12,40.109622955322266,43.0,44.0,42.900001525878906,43.849998474121094,1166
2022-10-13,39.456668853759766,42.29999923706055,43.20000076293945,41.599998474121094,43.20000076293945,12851
2022-10-14,39.643226623535156,42.5,43.650001525878906,41.79999923706055,42.650001525878906,10306
2022-10-17,40.06298065185547,42.95000076293945,43.0,41.5,41.5,13373
2022-10-18,40.90248489379883,43.849998474121094,44.5,42.599998474121094,43.29999923706055,8268
2022-10-19,40.482730865478516,43.400001525878906,45.099998474121094,43.25,44.0,2416
2022-10-20,40.38945388793945,43.29999923706055,43.900001525878906,42.5,43.45000076293945,1874
2022-10-21,41.22896194458008,44.20000076293945,44.20000076293945,43.0,43.04999923706055,5817
2022-10-24,39.783145904541016,42.650001525878906,44.54999923706055,42.599998474121094,44.400001525878906,1509
2022-10-25,40.24953842163086,43.150001525878906,44.349998474121094,42.70000076293945,42.70000076293945,2185
2022-10-26,40.436092376708984,43.349998474121094,43.79999923706055,42.849998474121094,43.150001525878906,2416
2022-10-27,41.78862380981445,44.79999923706055,44.900001525878906,43.150001525878906,43.5,3434
2022-10-28,42.021820068359375,45.04999923706055,45.25,44.099998474121094,45.0,2038
2022-10-31,42.34830093383789,45.400001525878906,46.349998474121094,44.349998474121094,45.04999923706055,2769
2022-11-01,42.1617431640625,45.20000076293945,45.349998474121094,44.29999923706055,45.0,1387
2022-11-02,41.835269927978516,44.849998474121094,45.45000076293945,44.650001525878906,44.650001525878906,1453
2022-11-03,43.560916900634766,46.70000076293945,46.70000076293945,43.849998474121094,45.0,2733
2022-11-04,42.721405029296875,45.79999923706055,46.650001525878906,45.75,46.650001525878906,2680
2022-11-07,44.12057876586914,47.29999923706055,47.95000076293945,45.95000076293945,46.900001525878906,2161
2022-11-08,44.773529052734375,48.0,48.75,46.650001525878906,48.099998474121094,1279
2022-11-09,44.16722106933594,47.349998474121094,49.54999923706055,47.349998474121094,49.54999923706055,783
2022-11-10,45.65966796875,48.95000076293945,49.0,46.70000076293945,47.45000076293945,1451
2022-11-11,47.75843048095703,51.20000076293945,51.5,48.95000076293945,49.599998474121094,4880
2022-11-14,47.10548400878906,50.5,51.29999923706055,50.0,51.20000076293945,1921
2022-11-15,47.478599548339844,50.900001525878906,51.400001525878906,49.849998474121094,50.5,2254
2022-11-16,45.799591064453125,49.099998474121094,52.0,48.849998474121094,52.0,1458
2022-11-17,44.44705581665039,47.650001525878906,50.599998474121094,47.349998474121094,50.599998474121094,7415
2022-11-18,44.58697509765625,47.79999923706055,47.95000076293945,46.95000076293945,47.599998474121094,8541
2022-11-21,42.907962799072266,46.0,49.29999923706055,46.0,49.29999923706055,3054
2022-11-22,43.700828552246094,46.849998474121094,47.95000076293945,46.0,46.0,1519
2022-11-23,44.58697509765625,47.79999923706055,48.45000076293945,46.849998474121094,46.849998474121094,1655
2022-11-24,45.23992156982422,48.5,50.0,47.849998474121094,50.0,1204
2022-11-25,45.286556243896484,48.54999923706055,49.70000076293945,47.849998474121094,49.0,1616
2022-11-28,43.887386322021484,47.04999923706055,48.650001525878906,47.04999923706055,48.650001525878906,627
2022-11-29,44.073944091796875,47.25,47.75,46.599998474121094,46.599998474121094,5550
2022-11-30,43.094520568847656,46.20000076293945,47.599998474121094,46.0,47.5,789
2022-12-01,44.073944091796875,47.25,48.29999923706055,47.25,48.04999923706055,11170
2022-12-02,45.286556243896484,48.54999923706055,48.54999923706055,46.75,46.75,15017
2022-12-05,46.73237228393555,50.099998474121094,50.5,48.29999923706055,48.29999923706055,10856
2022-12-07,44.63360595703125,47.849998474121094,50.0,47.400001525878906,50.0,1028
2022-12-08,46.032779693603516,49.349998474121094,49.349998474121094,47.79999923706055,47.79999923706055,729
2022-12-09,46.918922424316406,50.29999923706055,50.29999923706055,49.0,49.70000076293945,787
2022-12-12,48.038265228271484,51.5,51.900001525878906,47.650001525878906,50.0,4130
2022-12-13,48.411380767822266,51.900001525878906,53.0,49.29999923706055,53.0,2689
2022-12-14,48.784488677978516,52.29999923706055,52.29999923706055,51.29999923706055,51.29999923706055,550
2022-12-15,48.50465393066406,52.0,52.400001525878906,50.70000076293945,51.70000076293945,5840
2022-12-16,47.385318756103516,50.79999923706055,52.0,49.70000076293945,52.0,2602
2022-12-19,46.452537536621094,49.79999923706055,50.900001525878906,49.099998474121094,50.70000076293945,3108
2022-12-20,44.960086822509766,48.20000076293945,49.650001525878906,48.20000076293945,48.400001525878906,1660
2022-12-21,45.98614501953125,49.29999923706055,49.79999923706055,48.54999923706055,48.95000076293945,833
2022-12-22,44.773529052734375,48.0,51.0,48.0,49.95000076293945,1427
2022-12-23,45.519752502441406,48.79999923706055,50.400001525878906,48.79999923706055,49.45000076293945,820
2022-12-27,45.65966796875,48.95000076293945,50.20000076293945,48.400001525878906,50.20000076293945,447
2022-12-28,45.14664077758789,48.400001525878906,50.0,46.599998474121094,49.599998474121094,1578
2022-12-29,44.073944091796875,47.25,47.29999923706055,45.75,46.900001525878906,37658
2022-12-30,43.37435531616211,46.5,47.25,46.04999923706055,47.0,2902
2023-01-02,44.260498046875,47.45000076293945,47.79999923706055,46.5,46.5,5035
2023-01-03,43.98066711425781,47.150001525878906,48.29999923706055,47.150001525878906,48.29999923706055,979
2023-01-04,42.907962799072266,46.0,51.099998474121094,45.75,51.099998474121094,2452
2023-01-05,41.78862380981445,44.79999923706055,46.599998474121094,44.79999923706055,46.599998474121094,21364
2023-01-09,42.534854888916016,45.599998474121094,46.5,44.900001525878906,44.95000076293945,2712
2023-01-10,43.98066711425781,47.150001525878906,47.45000076293945,45.5,45.5,991
2023-01-11,45.333194732666016,48.599998474121094,48.650001525878906,47.150001525878906,47.150001525878906,1611
2023-01-12,45.7063102722168,49.0,50.099998474121094,48.0,48.650001525878906,2609
2023-01-13,43.46763610839844,46.599998474121094,48.349998474121094,43.5,45.0,11826
2023-01-16,41.92854690551758,44.95000076293945,46.95000076293945,44.79999923706055,46.95000076293945,3544
2023-01-17,42.068458557128906,45.099998474121094,45.900001525878906,44.95000076293945,45.900001525878906,4678
2023-01-18,41.5554313659668,44.54999923706055,45.650001525878906,44.54999923706055,45.650001525878906,1598
2023-01-19,41.92854690551758,44.95000076293945,45.0,43.54999923706055,45.0,1333
2023-01-20,41.04240036010742,44.0,46.349998474121094,43.70000076293945,43.70000076293945,3225
2023-01-23,40.52937316894531,43.45000076293945,45.20000076293945,43.20000076293945,44.25,6553
2023-01-24,40.24953842163086,43.150001525878906,44.04999923706055,43.150001525878906,43.45000076293945,3934
2023-01-25,39.5033073425293,42.349998474121094,43.75,42.099998474121094,43.5,3601
2023-01-26,39.643226623535156,42.5,43.0,42.099998474121094,43.0,13362
2023-01-27,40.109622955322266,43.0,43.0,41.79999923706055,42.5,5494
2023-01-30,40.20289611816406,43.099998474121094,44.45000076293945,43.099998474121094,43.849998474121094,11516
2023-01-31,40.482730865478516,43.400001525878906,44.5,43.29999923706055,44.5,9518
2023-02-01,40.01634216308594,42.900001525878906,43.75,42.79999923706055,43.45000076293945,9743
2023-02-02,40.576011657714844,43.5,43.849998474121094,42.79999923706055,42.95000076293945,7938
2023-02-03,39.82978439331055,42.70000076293945,43.25,41.599998474121094,43.25,49654
2023-02-06,38.897003173828125,41.70000076293945,42.70000076293945,41.45000076293945,42.650001525878906,16603
2023-02-07,39.03691864013672,41.849998474121094,42.45000076293945,41.54999923706055,41.70000076293945,11197
2023-02-08,38.61716842651367,41.400001525878906,43.0,41.349998474121094,42.0,14101
2023-02-09,39.27011489868164,42.099998474121094,42.70000076293945,40.95000076293945,41.45000076293945,13862
2023-02-10,38.33733367919922,41.099998474121094,42.400001525878906,40.79999923706055,42.04999923706055,14216
2023-02-13,39.17683792114258,42.0,42.70000076293945,41.5,41.54999923706055,53195
2023-02-14,40.109622955322266,43.0,43.349998474121094,42.04999923706055,42.29999923706055,10417
2023-02-15,39.59659194946289,42.45000076293945,43.0,42.099998474121094,43.0,2969
2023-02-16,40.995758056640625,43.95000076293945,43.95000076293945,42.599998474121094,42.70000076293945,5756
2023-02-17,40.156253814697266,43.04999923706055,43.900001525878906,42.849998474121094,43.849998474121094,34400
2023-02-20,41.08903884887695,44.04999923706055,44.45000076293945,42.70000076293945,43.04999923706055,4072
2023-02-21,41.36886978149414,44.349998474121094,44.650001525878906,43.599998474121094,44.349998474121094,4574
2023-02-22,40.24953842163086,43.150001525878906,45.650001525878906,42.650001525878906,44.45000076293945,11462
2023-02-23,39.643226623535156,42.5,44.04999923706055,42.5,43.400001525878906,3665
2023-02-24,38.897003173828125,41.70000076293945,42.5,41.400001525878906,42.5,4692
2023-02-27,39.456668853759766,42.29999923706055,42.45000076293945,41.25,42.20000076293945,9618
2023-02-28,39.87642288208008,42.75,43.150001525878906,41.54999923706055,42.29999923706055,7488
2023-03-01,39.4100341796875,42.25,42.95000076293945,42.0,42.75,3667
2023-03-02,40.06298065185547,42.95000076293945,43.45000076293945,42.25,42.29999923706055,5072
2023-03-03,40.949127197265625,43.900001525878906,44.20000076293945,43.150001525878906,43.54999923706055,6945
2023-03-06,40.576011657714844,43.5,44.5,43.099998474121094,43.95000076293945,2422
2023-03-07,40.66928482055664,43.599998474121094,44.849998474121094,43.599998474121094,44.849998474121094,2291
2023-03-08,40.8092041015625,43.75,44.349998474121094,42.75,43.70000076293945,4250
2023-03-09,40.20289611816406,43.099998474121094,43.75,43.04999923706055,43.75,1068
2023-03-10,39.68986892700195,42.54999923706055,43.04999923706055,42.20000076293945,42.54999923706055,2691
2023-03-13,38.897003173828125,41.70000076293945,42.75,41.400001525878906,42.75,4655
2023-03-14,39.59659194946289,42.45000076293945,42.650001525878906,41.54999923706055,41.70000076293945,6974
2023-03-15,38.61716842651367,41.400001525878906,42.20000076293945,40.70000076293945,42.099998474121094,6129
2023-03-16,39.5033073425293,42.349998474121094,42.75,41.04999923706055,42.0,3052
2023-03-17,39.59659194946289,42.45000076293945,44.04999923706055,42.400001525878906,43.04999923706055,9797
2023-03-20,40.109622955322266,43.0,43.400001525878906,42.0,42.75,4229
2023-03-21,40.01634216308594,42.900001525878906,43.599998474121094,42.650001525878906,43.099998474121094,3125
2023-03-22,40.4973030090332,42.099998474121094,42.75,42.0,42.5,2197
2023-03-23,39.679664611816406,41.25,42.20000076293945,41.150001525878906,42.20000076293945,2526
2023-03-24,39.48727798461914,41.04999923706055,41.599998474121094,40.75,41.25,3423
2023-03-27,40.4973030090332,42.099998474121094,42.650001525878906,40.900001525878906,40.900001525878906,1425
2023-03-28,40.20872497558594,41.79999923706055,42.79999923706055,41.70000076293945,42.70000076293945,1828
2023-03-29,40.16062927246094,41.75,43.0,41.54999923706055,42.650001525878906,1793
2023-03-30,41.074466705322266,42.70000076293945,42.95000076293945,41.900001525878906,41.900001525878906,2398
2023-03-31,41.50733184814453,43.150001525878906,43.400001525878906,42.79999923706055,43.400001525878906,2072
2023-04-03,41.50733184814453,43.150001525878906,43.54999923706055,42.900001525878906,43.04999923706055,4783
2023-04-04,41.6516227722168,43.29999923706055,43.5,42.599998474121094,43.400001525878906,2786
2023-04-05,38.717735290527344,40.25,43.25,40.20000076293945,43.25,17295
2023-04-06,39.48727798461914,41.04999923706055,41.45000076293945,40.75,41.150001525878906,8247
2023-04-11,38.621543884277344,40.150001525878906,41.54999923706055,39.95000076293945,41.099998474121094,6854
2023-04-12,41.074466705322266,42.70000076293945,43.20000076293945,39.79999923706055,40.349998474121094,34405
2023-04-13,41.6035270690918,43.25,43.95000076293945,42.79999923706055,43.0,6427
2023-04-14,42.70975112915039,44.400001525878906,44.650001525878906,43.349998474121094,43.349998474121094,6214
2023-04-17,42.90213394165039,44.599998474121094,44.70000076293945,43.79999923706055,44.29999923706055,3465
2023-04-18,43.190711975097656,44.900001525878906,45.45000076293945,44.5,44.54999923706055,6704
2023-04-19,42.27687454223633,43.95000076293945,44.95000076293945,43.95000076293945,44.95000076293945,1963
2023-04-20,41.6035270690918,43.25,44.849998474121094,42.849998474121094,44.0,5400
2023-04-21,40.64159393310547,42.25,43.5,42.0,43.29999923706055,4581
2023-04-24,40.93017578125,42.54999923706055,43.25,42.25,42.25,938
2023-04-25,40.93017578125,42.54999923706055,43.0,41.70000076293945,43.0,3246
2023-04-26,40.40111541748047,42.0,42.70000076293945,41.79999923706055,42.54999923706055,1966
2023-04-27,41.074466705322266,42.70000076293945,42.75,41.900001525878906,42.0,4443
2023-04-28,40.68968963623047,42.29999923706055,42.95000076293945,42.25,42.70000076293945,2129
2023-05-02,41.026371002197266,42.650001525878906,43.5,42.29999923706055,42.5,3844
2023-05-03,41.26685333251953,42.900001525878906,43.20000076293945,42.400001525878906,42.650001525878906,1851
2023-05-04,41.36304473876953,43.0,43.400001525878906,42.650001525878906,42.95000076293945,2657
2023-05-05,41.79591369628906,43.45000076293945,43.5,43.150001525878906,43.29999923706055,2411
2023-05-08,43.09451675415039,44.79999923706055,45.25,43.45000076293945,43.45000076293945,5827
2023-05-09,41.6997184753418,43.349998474121094,45.0,43.349998474121094,45.0,3217
2023-05-10,41.84400939941406,43.5,43.900001525878906,43.04999923706055,43.75,1825
2023-05-11,42.18068313598633,43.849998474121094,44.29999923706055,43.5,43.5,1320
2023-05-12,41.988304138183594,43.650001525878906,44.29999923706055,43.5,43.54999923706055,2257
2023-05-15,41.26685333251953,42.900001525878906,43.79999923706055,42.599998474121094,43.79999923706055,3560
2023-05-16,41.026371002197266,42.650001525878906,43.45000076293945,42.5,42.900001525878906,2928
2023-05-17,40.44921112060547,42.04999923706055,43.20000076293945,42.04999923706055,42.70000076293945,1695
2023-05-19,40.833984375,42.45000076293945,43.20000076293945,42.349998474121094,42.349998474121094,3838
2023-05-22,40.73778533935547,42.349998474121094,43.400001525878906,42.0,43.0,2000
2023-05-23,40.68968963623047,42.29999923706055,43.45000076293945,42.04999923706055,42.5,3356
2023-05-24,39.679664611816406,41.25,42.29999923706055,40.900001525878906,42.29999923706055,3715
2023-05-25,39.43918228149414,41.0,41.75,41.0,41.20000076293945,3462
2023-05-26,39.583473205566406,41.150001525878906,41.45000076293945,40.900001525878906,41.20000076293945,2078
2023-05-29,39.43918228149414,41.0,42.29999923706055,40.849998474121094,41.20000076293945,1963
2023-05-30,39.631568908691406,41.20000076293945,41.70000076293945,40.79999923706055,41.150001525878906,1256
2023-05-31,39.246795654296875,40.79999923706055,41.349998474121094,40.70000076293945,41.25,1894
2023-06-01,38.717735290527344,40.25,41.5,40.0,41.20000076293945,2564
2023-06-02,38.57344055175781,40.099998474121094,41.400001525878906,39.599998474121094,40.25,20892
2023-06-05,38.813926696777344,40.349998474121094,40.70000076293945,39.79999923706055,40.099998474121094,4856
2023-06-06,39.246795654296875,40.79999923706055,41.349998474121094,40.400001525878906,40.79999923706055,1684
2023-06-07,39.246795654296875,40.79999923706055,41.04999923706055,40.45000076293945,40.79999923706055,1094
2023-06-08,39.150604248046875,40.70000076293945,41.29999923706055,40.5,40.79999923706055,3425
2023-06-09,39.48727798461914,41.04999923706055,41.25,40.54999923706055,41.25,2234
2023-06-12,39.53537368774414,41.099998474121094,41.5,40.849998474121094,41.04999923706055,1586
2023-06-13,39.87205123901367,41.45000076293945,41.5,40.849998474121094,41.150001525878906,3657
2023-06-14,39.87205123901367,41.45000076293945,41.75,41.20000076293945,41.5,5415
2023-06-15,39.48727798461914,41.04999923706055,41.900001525878906,41.04999923706055,41.599998474121094,2201
2023-06-16,40.16062927246094,41.75,42.45000076293945,41.04999923706055,41.04999923706055,4770
2023-06-19,39.10250473022461,40.650001525878906,42.0,40.650001525878906,41.75,1783
2023-06-20,38.717735290527344,40.25,40.79999923706055,40.20000076293945,40.79999923706055,1689
2023-06-21,38.765830993652344,40.29999923706055,40.75,40.29999923706055,40.349998474121094,1103
2023-06-22,38.38105773925781,39.900001525878906,40.5,39.79999923706055,40.349998474121094,2282
2023-06-26,37.13054656982422,38.599998474121094,40.5,38.45000076293945,40.5,39050
2023-06-27,36.79386901855469,38.25,39.150001525878906,37.54999923706055,38.599998474121094,2915
2023-06-28,37.226741790771484,38.70000076293945,39.650001525878906,38.650001525878906,38.650001525878906,2286
2023-06-29,37.226741790771484,38.70000076293945,39.54999923706055,38.70000076293945,39.5,11963
2023-06-30,39.246795654296875,40.79999923706055,41.25,38.650001525878906,38.70000076293945,12283
2023-07-03,38.66963577270508,40.20000076293945,41.150001525878906,39.599998474121094,40.79999923706055,2351
2023-07-04,38.813926696777344,40.349998474121094,41.099998474121094,39.849998474121094,40.20000076293945,4383
2023-07-05,38.52534866333008,40.04999923706055,41.599998474121094,39.5,41.349998474121094,8036
2023-07-06,36.98625564575195,38.45000076293945,40.04999923706055,38.04999923706055,40.04999923706055,4944
2023-07-07,36.74577331542969,38.20000076293945,38.75,37.900001525878906,38.45000076293945,5931
2023-07-10,36.89006042480469,38.349998474121094,38.75,38.0,38.099998474121094,1838
2023-07-11,36.89006042480469,38.349998474121094,38.54999923706055,37.75,38.400001525878906,2302
2023-07-12,36.50529098510742,37.95000076293945,38.29999923706055,37.79999923706055,37.849998474121094,10467
2023-07-13,36.93816375732422,38.400001525878906,38.400001525878906,38.0,38.099998474121094,3214
2023-07-14,36.55338668823242,38.0,38.849998474121094,37.849998474121094,38.29999923706055,17962
2023-07-17,36.45719528198242,37.900001525878906,38.0,37.54999923706055,37.95000076293945,2141
2023-07-18,36.072425842285156,37.5,37.95000076293945,37.20000076293945,37.849998474121094,4185
2023-07-19,35.783843994140625,37.20000076293945,37.45000076293945,36.849998474121094,37.45000076293945,3938
2023-07-20,35.687644958496094,37.099998474121094,37.349998474121094,37.0,37.29999923706055,1452
2023-07-21,35.880035400390625,37.29999923706055,37.45000076293945,37.0,37.099998474121094,1993
2023-07-24,35.591453552246094,37.0,37.45000076293945,36.70000076293945,37.45000076293945,15315
2023-07-25,36.55338668823242,38.0,38.0,36.900001525878906,37.25,30800
2023-07-26,36.84196853637695,38.29999923706055,38.29999923706055,37.650001525878906,37.95000076293945,1718
2023-07-27,36.16861343383789,37.599998474121094,38.400001525878906,37.599998474121094,38.29999923706055,1721
2023-07-28,36.45719528198242,37.900001525878906,38.400001525878906,37.54999923706055,38.0,1528
2023-07-31,36.45719528198242,37.900001525878906,38.150001525878906,37.29999923706055,37.95000076293945,1747
2023-08-01,36.16861343383789,37.599998474121094,39.400001525878906,37.150001525878906,39.400001525878906,3843
2023-08-02,35.30287551879883,36.70000076293945,37.25,36.650001525878906,37.20000076293945,1949
2023-08-03,34.8219108581543,36.20000076293945,37.900001525878906,35.79999923706055,37.900001525878906,15268
2023-08-04,35.11048889160156,36.5,36.95000076293945,35.900001525878906,36.25,4013
2023-08-07,34.2447509765625,35.599998474121094,36.5,35.599998474121094,36.5,2820
2023-08-08,34.6295280456543,36.0,36.5,35.400001525878906,35.599998474121094,2759
2023-08-09,35.49526596069336,36.900001525878906,37.29999923706055,36.0,36.0,2209
2023-08-10,35.11048889160156,36.5,37.099998474121094,35.95000076293945,37.0,2183
2023-08-11,35.543365478515625,36.95000076293945,37.0,35.79999923706055,36.29999923706055,17277
2023-08-14,35.11048889160156,36.5,37.75,36.5,36.900001525878906,2374
2023-08-15,34.53333282470703,35.900001525878906,37.650001525878906,35.650001525878906,36.650001525878906,7872
2023-08-16,34.7257194519043,36.099998474121094,36.20000076293945,35.75,36.20000076293945,3182
2023-08-17,34.148555755615234,35.5,36.5,35.5,36.099998474121094,3165
2023-08-18,35.01429748535156,36.400001525878906,36.400001525878906,34.70000076293945,34.70000076293945,4923
2023-08-21,33.811885833740234,35.150001525878906,36.45000076293945,34.70000076293945,36.400001525878906,8482
2023-08-22,33.61949920654297,34.95000076293945,35.25,34.95000076293945,35.099998474121094,4826
2023-08-23,34.6295280456543,36.0,36.0,35.0,35.0,3874
2023-08-24,34.8219108581543,36.20000076293945,36.599998474121094,35.75,36.0,2686
2023-08-25,33.37901306152344,34.70000076293945,36.400001525878906,34.70000076293945,36.20000076293945,6733
2023-08-28,33.61949920654297,34.95000076293945,37.0,34.25,34.75,10122
2023-08-29,34.8219108581543,36.20000076293945,36.20000076293945,34.75,34.95000076293945,7562
2023-08-30,34.38904571533203,35.75,36.54999923706055,35.29999923706055,36.20000076293945,5742
2023-08-31,34.58142852783203,35.95000076293945,36.29999923706055,35.25,35.75,9041
2023-09-01,34.8219108581543,36.20000076293945,36.650001525878906,35.45000076293945,36.0,3604
2023-09-04,36.072425842285156,37.5,38.54999923706055,36.20000076293945,36.20000076293945,15568
2023-09-05,35.73574447631836,37.150001525878906,37.95000076293945,36.70000076293945,37.599998474121094,15700
2023-09-06,34.8219108581543,36.20000076293945,37.45000076293945,36.20000076293945,37.45000076293945,3572
2023-09-07,34.7257194519043,36.099998474121094,36.650001525878906,35.79999923706055,36.20000076293945,4530
2023-09-08,34.9181022644043,36.29999923706055,36.900001525878906,36.099998474121094,36.400001525878906,4601
2023-09-11,34.8219108581543,36.20000076293945,37.099998474121094,36.20000076293945,36.79999923706055,2352
2023-09-12,33.42710876464844,34.75,36.5,34.75,36.5,12097
2023-09-13,33.18662643432617,34.5,35.099998474121094,34.5,34.75,3613
2023-09-14,33.18662643432617,34.5,35.099998474121094,34.5,34.95000076293945,3876
2023-09-15,34.1966552734375,35.54999923706055,35.75,34.650001525878906,34.650001525878906,4009
2023-09-18,33.8599853515625,35.20000076293945,35.900001525878906,35.099998474121094,35.599998474121094,2682
2023-09-19,33.61949920654297,34.95000076293945,35.29999923706055,34.900001525878906,35.25,7279
2023-09-20,33.71569061279297,35.04999923706055,36.25,34.849998474121094,34.849998474121094,12110
2023-09-21,33.4752082824707,34.79999923706055,35.29999923706055,34.79999923706055,34.79999923706055,1811
2023-09-22,33.23472213745117,34.54999923706055,35.150001525878906,34.5,34.95000076293945,3617
2023-09-25,32.60947036743164,33.900001525878906,34.75,33.900001525878906,34.650001525878906,11453
2023-09-26,32.65756607055664,33.95000076293945,34.5,33.5,34.5,28173
2023-09-27,31.743728637695312,33.0,34.0,33.0,33.95000076293945,5133
2023-09-28,31.07037925720215,32.29999923706055,34.0,31.799999237060547,33.54999923706055,18650
2023-09-29,31.07037925720215,32.29999923706055,33.04999923706055,32.04999923706055,32.400001525878906,11535
2023-10-02,30.974185943603516,32.20000076293945,34.349998474121094,32.20000076293945,32.29999923706055,4797
2023-10-03,30.829896926879883,32.04999923706055,33.650001525878906,31.5,32.400001525878906,9170
2023-10-04,30.974185943603516,32.20000076293945,32.45000076293945,31.450000762939453,32.0,18218
2023-10-05,32.12850570678711,33.400001525878906,35.20000076293945,33.0,34.79999923706055,79653
2023-10-06,34.148555755615234,35.5,35.849998474121094,33.349998474121094,33.400001525878906,105308
2023-10-09,33.13853073120117,34.45000076293945,35.75,34.099998474121094,35.75,19327
2023-10-10,33.76378631591797,35.099998474121094,35.70000076293945,34.75,34.95000076293945,16311
2023-10-11,33.95616912841797,35.29999923706055,35.79999923706055,34.54999923706055,35.04999923706055,9600
2023-10-12,33.37901306152344,34.70000076293945,35.900001525878906,34.599998474121094,35.75,13253
2023-10-13,32.176605224609375,33.45000076293945,35.900001525878906,33.099998474121094,35.849998474121094,49011
2023-10-16,32.561370849609375,33.849998474121094,34.54999923706055,32.849998474121094,34.400001525878906,18823
2023-10-17,33.3309211730957,34.650001525878906,34.79999923706055,33.70000076293945,34.0,4492
2023-10-18,33.66759490966797,35.0,35.0,34.04999923706055,34.650001525878906,7350
2023-10-19,35.591453552246094,37.0,37.5,34.900001525878906,35.5,61537
2023-10-20,36.31290817260742,37.75,38.54999923706055,36.45000076293945,36.79999923706055,26053
2023-10-23,35.30287551879883,36.70000076293945,38.25,35.54999923706055,37.599998474121094,9725
2023-10-24,36.93816375732422,38.400001525878906,38.400001525878906,36.70000076293945,36.900001525878906,7406
2023-10-25,35.783843994140625,37.20000076293945,38.650001525878906,37.20000076293945,38.400001525878906,7621
2023-10-26,36.361000061035156,37.79999923706055,38.20000076293945,36.75,37.20000076293945,10474
2023-10-27,36.31290817260742,37.75,38.04999923706055,37.5,38.0,3286
2023-10-30,37.178646087646484,38.650001525878906,38.650001525878906,37.5,37.75,7507
2023-10-31,38.14057159423828,39.650001525878906,40.04999923706055,38.650001525878906,38.70000076293945,10098
2023-11-01,38.57344055175781,40.099998474121094,40.45000076293945,39.650001525878906,39.70000076293945,7349
2023-11-02,39.87205123901367,41.45000076293945,41.5,40.45000076293945,41.5,7193
2023-11-03,38.958213806152344,40.5,41.45000076293945,40.349998474121094,41.45000076293945,4231
2023-11-06,37.659610748291016,39.150001525878906,40.95000076293945,39.150001525878906,40.5,2703
2023-11-07,38.47724914550781,40.0,40.20000076293945,38.349998474121094,39.0,15267
2023-11-08,39.631568908691406,41.20000076293945,41.400001525878906,39.95000076293945,40.0,3821
2023-11-09,39.96824264526367,41.54999923706055,41.75,40.29999923706055,41.650001525878906,11168
2023-11-10,39.96824264526367,41.54999923706055,41.79999923706055,40.900001525878906,41.79999923706055,10082
2023-11-13,38.044376373291016,39.54999923706055,41.54999923706055,39.0,41.54999923706055,5704
2023-11-14,40.68968963623047,42.29999923706055,42.29999923706055,39.79999923706055,40.0,8886
2023-11-15,39.150604248046875,40.70000076293945,42.29999923706055,40.599998474121094,42.29999923706055,3332
2023-11-16,38.66963577270508,40.20000076293945,41.099998474121094,40.20000076293945,40.70000076293945,3626
2023-11-17,39.39108657836914,40.95000076293945,41.54999923706055,40.20000076293945,40.20000076293945,1584
2023-11-20,39.246795654296875,40.79999923706055,41.599998474121094,40.75,40.95000076293945,4551
2023-11-21,38.813926696777344,40.349998474121094,40.79999923706055,40.150001525878906,40.79999923706055,1692
2023-11-22,39.150604248046875,40.70000076293945,41.0,40.54999923706055,40.54999923706055,573
2023-11-23,38.765830993652344,40.29999923706055,41.099998474121094,40.29999923706055,41.099998474121094,963
2023-11-24,39.39108657836914,40.95000076293945,41.29999923706055,40.099998474121094,40.400001525878906,2335
2023-11-27,39.631568908691406,41.20000076293945,41.70000076293945,41.0,41.0,1175
2023-11-28,40.06443786621094,41.650001525878906,41.650001525878906,40.79999923706055,41.20000076293945,2832
2023-11-29,40.882076263427734,42.5,42.54999923706055,41.45000076293945,41.45000076293945,2101
2023-11-30,42.324974060058594,44.0,44.0,41.54999923706055,42.5,4259
2023-12-01,41.79591369628906,43.45000076293945,44.95000076293945,43.04999923706055,43.95000076293945,7339
2023-12-04,41.36304473876953,43.0,44.099998474121094,42.79999923706055,44.04999923706055,5505
2023-12-05,41.36304473876953,43.0,44.25,42.54999923706055,43.0,5449
2023-12-07,41.94020080566406,43.599998474121094,44.0,43.0,43.0,5248
2023-12-08,42.084495544433594,43.75,44.349998474121094,42.04999923706055,43.5,8846
2023-12-11,42.084495544433594,43.75,44.45000076293945,42.95000076293945,43.150001525878906,2543
2023-12-12,40.785884857177734,42.400001525878906,44.349998474121094,42.349998474121094,44.349998474121094,5122
2023-12-13,41.988304138183594,43.650001525878906,43.95000076293945,42.25,42.349998474121094,1862
2023-12-14,41.988304138183594,43.650001525878906,44.75,43.599998474121094,44.599998474121094,4163
2023-12-15,41.94020080566406,43.599998474121094,43.95000076293945,43.0,43.70000076293945,3623
2023-12-18,40.68968963623047,42.29999923706055,43.599998474121094,42.04999923706055,43.599998474121094,15757
2023-12-19,40.978271484375,42.599998474121094,43.0,41.95000076293945,42.0,1182
2023-12-20,40.882076263427734,42.5,42.79999923706055,42.20000076293945,42.5,70258
2023-12-21,40.54540252685547,42.150001525878906,42.45000076293945,40.5,42.45000076293945,15515
2023-12-22,40.44921112060547,42.04999923706055,42.70000076293945,41.900001525878906,42.150001525878906,2652
2023-12-27,42.373069763183594,44.04999923706055,44.54999923706055,42.150001525878906,42.150001525878906,9504
2023-12-28,42.18068313598633,43.849998474121094,44.599998474121094,42.70000076293945,44.04999923706055,5781
2023-12-29,41.6516227722168,43.29999923706055,44.25,42.70000076293945,43.29999923706055,10647
2024-01-02,42.324974060058594,44.0,45.29999923706055,43.849998474121094,44.70000076293945,7067
2024-01-03,42.13258743286133,43.79999923706055,45.45000076293945,43.79999923706055,45.45000076293945,4864
2024-01-04,41.988304138183594,43.650001525878906,44.70000076293945,43.0,44.70000076293945,4686
2024-01-05,42.084495544433594,43.75,44.04999923706055,43.45000076293945,43.650001525878906,8988
2024-01-08,42.373069763183594,44.04999923706055,44.349998474121094,43.5,43.75,7115
2024-01-09,42.85403823852539,44.54999923706055,44.900001525878906,43.400001525878906,44.900001525878906,3471
2024-01-10,43.76787185668945,45.5,45.75,44.45000076293945,44.54999923706055,14677
2024-01-11,43.28690719604492,45.0,45.75,44.95000076293945,45.75,5000
2024-01-12,43.57548522949219,45.29999923706055,45.75,44.95000076293945,45.0,3976
2024-01-15,42.99832534790039,44.70000076293945,45.54999923706055,44.04999923706055,45.54999923706055,2302
2024-01-16,42.85403823852539,44.54999923706055,44.75,43.849998474121094,44.650001525878906,4302
2024-01-17,41.84400939941406,43.5,44.75,42.900001525878906,44.650001525878906,4158
2024-01-18,41.6035270690918,43.25,43.5,42.400001525878906,43.5,9414
2024-01-19,38.28486251831055,39.79999923706055,41.5,38.04999923706055,41.5,129747
2024-01-22,40.11253356933594,41.70000076293945,42.29999923706055,40.0,40.0,16195
2024-01-23,39.150604248046875,40.70000076293945,42.75,39.599998474121094,42.0,5138
2024-01-24,40.01633834838867,41.599998474121094,41.599998474121094,40.54999923706055,40.54999923706055,18804
2024-01-25,39.72775650024414,41.29999923706055,41.599998474121094,40.79999923706055,41.599998474121094,3754
2024-01-26,39.19869613647461,40.75,41.20000076293945,40.5,40.650001525878906,3358
2024-01-29,41.026371002197266,42.650001525878906,42.849998474121094,40.5,40.75,7295
2024-01-30,41.026371002197266,42.650001525878906,43.25,42.20000076293945,42.45000076293945,2527
2024-01-31,43.28690719604492,45.0,45.04999923706055,42.0,42.650001525878906,10393
2024-02-01,43.76787185668945,45.5,45.900001525878906,43.70000076293945,45.0,8952
2024-02-02,43.52738952636719,45.25,45.79999923706055,43.900001525878906,43.900001525878906,5482
2024-02-05,42.324974060058594,44.0,45.099998474121094,43.349998474121094,45.0,4858
2024-02-06,42.70975112915039,44.400001525878906,45.20000076293945,43.5,44.0,4860
2024-02-07,42.46926498413086,44.150001525878906,44.75,43.75,44.29999923706055,4096
2024-02-08,42.613555908203125,44.29999923706055,44.75,43.54999923706055,44.54999923706055,2597
2024-02-09,42.99832534790039,44.70000076293945,44.95000076293945,43.900001525878906,44.95000076293945,2724
2024-02-12,42.03639602661133,43.70000076293945,45.0,42.95000076293945,45.0,3186
2024-02-13,41.50733184814453,43.150001525878906,44.400001525878906,42.75,43.70000076293945,3627
2024-02-14,42.03639602661133,43.70000076293945,43.900001525878906,42.45000076293945,42.75,3055
2024-02-15,42.99832534790039,44.70000076293945,44.900001525878906,43.599998474121094,44.0,3844
2024-02-16,43.23881149291992,44.95000076293945,45.5,43.849998474121094,43.900001525878906,6158
2024-02-19,42.90213394165039,44.599998474121094,45.29999923706055,44.400001525878906,44.95000076293945,2305
2024-02-20,42.084495544433594,43.75,44.25,42.650001525878906,44.25,2199
2024-02-21,42.324974060058594,44.0,44.20000076293945,43.20000076293945,43.5,2629
2024-02-22,42.805938720703125,44.5,44.599998474121094,43.04999923706055,43.04999923706055,3674
2024-02-23,42.75784683227539,44.45000076293945,44.95000076293945,43.400001525878906,44.349998474121094,2967
2024-02-26,42.70975112915039,44.400001525878906,44.599998474121094,42.54999923706055,44.400001525878906,6273
2024-02-27,41.6516227722168,43.29999923706055,43.5,42.29999923706055,43.5,3615
2024-02-28,42.373069763183594,44.04999923706055,44.400001525878906,42.849998474121094,43.5,3914
2024-02-29,42.324974060058594,44.0,44.20000076293945,42.95000076293945,44.04999923706055,3405
2024-03-01,42.421165466308594,44.099998474121094,44.20000076293945,42.75,44.0,3632
2024-03-04,41.36304473876953,43.0,44.099998474121094,42.099998474121094,44.0,6255
2024-03-05,40.882076263427734,42.5,43.349998474121094,42.5,43.0,1480
2024-03-06,41.411136627197266,43.04999923706055,43.04999923706055,42.650001525878906,42.650001525878906,956
2024-03-07,41.26685333251953,42.900001525878906,43.75,42.400001525878906,42.650001525878906,2032
2024-03-08,41.89210510253906,43.54999923706055,44.20000076293945,42.599998474121094,42.900001525878906,6357
2024-03-11,41.6997184753418,43.349998474121094,43.75,43.20000076293945,43.54999923706055,2712
2024-03-12,42.85403823852539,44.54999923706055,44.70000076293945,43.099998474121094,43.25,2236
2024-03-13,42.13258743286133,43.79999923706055,44.70000076293945,43.650001525878906,44.45000076293945,2557
2024-03-14,42.03639602661133,43.70000076293945,44.54999923706055,43.70000076293945,44.5,2773
2024-03-15,42.85403823852539,44.54999923706055,44.54999923706055,43.70000076293945,43.70000076293945,3015
2024-03-18,41.6997184753418,43.349998474121094,44.599998474121094,42.79999923706055,44.599998474121094,6019
2024-03-19,41.36304473876953,43.0,43.650001525878906,41.25,43.650001525878906,9777
2024-03-20,38.967308044433594,39.849998474121094,41.45000076293945,39.099998474121094,40.79999923706055,8880
2024-03-21,40.92300796508789,41.849998474121094,42.5,39.0,40.04999923706055,13974
2024-03-22,41.656394958496094,42.599998474121094,43.150001525878906,41.0,42.349998474121094,3572
2024-03-25,41.607505798339844,42.54999923706055,42.75,42.20000076293945,42.54999923706055,773
2024-03-26,41.2652587890625,42.20000076293945,42.650001525878906,42.20000076293945,42.650001525878906,387
2024-03-27,39.7006950378418,40.599998474121094,42.75,40.400001525878906,42.20000076293945,4758
2024-03-28,39.60291290283203,40.5,41.0,40.04999923706055,40.75,3332
2024-04-02,39.35845184326172,40.25,40.70000076293945,39.5,40.5,3945
2024-04-03,39.74959182739258,40.650001525878906,40.79999923706055,39.70000076293945,40.150001525878906,5011
2024-04-04,39.21177291870117,40.099998474121094,41.0,40.099998474121094,40.849998474121094,1911
2024-04-05,39.456233978271484,40.349998474121094,40.70000076293945,39.25,40.04999923706055,9305
2024-04-08,39.06509780883789,39.95000076293945,41.29999923706055,39.79999923706055,40.0,6767
2024-04-09,40.14072799682617,41.04999923706055,41.400001525878906,39.95000076293945,40.75,5682
2024-04-10,42.09642791748047,43.04999923706055,44.0,40.0,40.0,9023
2024-04-11,42.243106842041016,43.20000076293945,43.900001525878906,42.25,43.349998474121094,8792
2024-04-12,42.04753875732422,43.0,44.0,43.0,43.20000076293945,14296
2024-04-15,42.243106842041016,43.20000076293945,44.04999923706055,42.5,43.0,4910
2024-04-16,42.34089279174805,43.29999923706055,43.29999923706055,41.95000076293945,43.20000076293945,19800
2024-04-17,42.09642791748047,43.04999923706055,43.5,42.5,43.29999923706055,1525
2024-04-18,40.825225830078125,41.75,43.29999923706055,41.04999923706055,41.650001525878906,4336
2024-04-19,41.851966857910156,42.79999923706055,43.0,41.5,41.5,2341
2024-04-22,42.536460876464844,43.5,44.25,42.79999923706055,42.79999923706055,4987
2024-04-23,42.194217681884766,43.150001525878906,44.25,43.0,43.70000076293945,1749
2024-04-24,42.43867874145508,43.400001525878906,43.900001525878906,42.150001525878906,43.04999923706055,4112
2024-04-25,41.1674690246582,42.099998474121094,43.400001525878906,41.900001525878906,43.400001525878906,3497
2024-04-26,42.29199981689453,43.25,43.79999923706055,41.75,42.04999923706055,3352
2024-04-29,42.34089279174805,43.29999923706055,44.95000076293945,43.0,43.25,1377
2024-04-30,41.31414794921875,42.25,43.400001525878906,42.25,42.70000076293945,458
2024-05-02,42.04753875732422,43.0,43.75,41.849998474121094,42.25,1065
2024-05-03,42.04753875732422,43.0,43.29999923706055,42.45000076293945,42.45000076293945,1394
2024-05-06,41.94975280761719,42.900001525878906,43.0,42.5,42.849998474121094,3393
2024-05-07,42.04753875732422,43.0,43.0,42.70000076293945,42.900001525878906,2501
2024-05-08,42.82981491088867,43.79999923706055,43.849998474121094,42.349998474121094,43.0,5977
2024-05-10,42.58535385131836,43.54999923706055,43.95000076293945,43.150001525878906,43.79999923706055,2208
2024-05-13,43.905452728271484,44.900001525878906,45.54999923706055,43.5,43.5,4356
2024-05-14,43.66099166870117,44.650001525878906,45.400001525878906,44.25,44.900001525878906,2196
2024-05-15,45.421119689941406,46.45000076293945,46.75,44.25,44.25,3353
2024-05-16,46.15450668334961,47.20000076293945,47.849998474121094,46.25,46.25,4029
2024-05-17,46.49675369262695,47.54999923706055,47.54999923706055,45.20000076293945,45.20000076293945,5578
2024-05-20,46.15450668334961,47.20000076293945,48.599998474121094,47.20000076293945,47.20000076293945,3867
2024-05-21,45.37222671508789,46.400001525878906,47.650001525878906,45.95000076293945,47.25,2731
2024-05-22,45.225547790527344,46.25,47.150001525878906,45.25,45.25,6768
2024-05-23,45.12776184082031,46.150001525878906,47.0,45.900001525878906,46.25,4883
2024-05-24,45.274436950683594,46.29999923706055,46.5,45.45000076293945,46.5,4753
2024-05-27,45.47001266479492,46.5,46.5,45.70000076293945,46.29999923706055,31722
2024-05-28,44.19880676269531,45.20000076293945,46.849998474121094,45.150001525878906,46.5,1863
2024-05-29,45.714473724365234,46.75,46.900001525878906,45.0,45.0,3262
2024-05-30,46.44786071777344,47.5,48.099998474121094,46.70000076293945,46.75,20947
2024-05-31,46.5456428527832,47.599998474121094,48.0,46.599998474121094,47.25,2127
2024-06-03,45.95893478393555,47.0,48.0,46.349998474121094,46.79999923706055,2008
2024-06-04,48.110206604003906,49.20000076293945,49.70000076293945,47.150001525878906,47.150001525878906,3990
2024-06-05,48.5013427734375,49.599998474121094,49.95000076293945,48.45000076293945,49.5,2253
2024-06-06,46.741214752197266,47.79999923706055,49.650001525878906,47.5,49.599998474121094,2031
2024-06-07,47.034568786621094,48.099998474121094,49.650001525878906,47.650001525878906,49.650001525878906,1038
2024-06-10,48.55023956298828,49.650001525878906,49.70000076293945,47.54999923706055,48.099998474121094,6475
2024-06-11,47.23013687133789,48.29999923706055,49.650001525878906,48.29999923706055,49.650001525878906,2086
2024-06-12,46.83900451660156,47.900001525878906,49.29999923706055,47.75,48.400001525878906,3474
2024-06-13,45.61669158935547,46.650001525878906,48.5,46.599998474121094,48.5,1784
2024-06-14,45.51890182495117,46.54999923706055,48.29999923706055,46.29999923706055,46.650001525878906,4344
2024-06-17,45.61669158935547,46.650001525878906,47.25,46.29999923706055,46.599998474121094,699
2024-06-18,48.110206604003906,49.20000076293945,49.20000076293945,46.599998474121094,47.75,5157
2024-06-19,46.44786071777344,47.5,50.400001525878906,47.29999923706055,49.54999923706055,2486
2024-06-20,46.741214752197266,47.79999923706055,49.0,47.5,48.0,3067
2024-06-24,45.225547790527344,46.25,47.599998474121094,46.25,47.599998474121094,3181
2024-06-25,45.323333740234375,46.349998474121094,46.849998474121094,45.75,46.25,3391
2024-06-26,44.58994674682617,45.599998474121094,46.900001525878906,45.099998474121094,46.349998474121094,10812
2024-06-27,44.58994674682617,45.599998474121094,45.849998474121094,45.099998474121094,45.599998474121094,722
2024-06-28,44.00323486328125,45.0,45.599998474121094,44.650001525878906,45.599998474121094,5245
2024-07-01,43.61209487915039,44.599998474121094,45.150001525878906,44.5,45.0,2779
2024-07-02,43.563201904296875,44.54999923706055,45.0,44.25,44.5,10564
2024-07-03,44.052127838134766,45.04999923706055,45.20000076293945,44.25,44.54999923706055,17428
2024-07-04,43.8565559387207,44.849998474121094,45.54999923706055,44.54999923706055,44.54999923706055,1248
2024-07-05,44.49216079711914,45.5,45.5,44.5,44.5,773
2024-07-08,44.63883972167969,45.650001525878906,46.0,45.099998474121094,45.29999923706055,936
2024-07-09,47.96352767944336,49.04999923706055,50.900001525878906,48.5,48.79999923706055,9776
2024-07-10,49.674766540527344,50.79999923706055,50.79999923706055,49.099998474121094,49.099998474121094,18779
2024-07-11,48.794700622558594,49.900001525878906,50.70000076293945,49.650001525878906,50.70000076293945,2395
2024-07-12,50.84818649291992,52.0,52.400001525878906,49.400001525878906,49.400001525878906,3983
2024-07-15,49.57698059082031,50.70000076293945,52.70000076293945,50.400001525878906,51.70000076293945,7466
2024-07-16,50.75040054321289,51.900001525878906,51.900001525878906,50.20000076293945,50.400001525878906,6329
2024-07-17,50.359256744384766,51.5,52.5,51.5,51.900001525878906,5220
2024-07-18,51.82603454589844,53.0,53.099998474121094,51.5,51.70000076293945,6459
2024-07-19,50.75040054321289,51.900001525878906,53.70000076293945,51.70000076293945,52.900001525878906,9623
2024-07-22,50.75040054321289,51.900001525878906,52.29999923706055,51.70000076293945,52.20000076293945,2631
2024-07-23,50.65261459350586,51.79999923706055,52.5,51.599998474121094,52.0,837
2024-07-24,49.87033462524414,51.0,51.599998474121094,50.599998474121094,51.599998474121094,1035
2024-07-25,49.18584060668945,50.29999923706055,50.900001525878906,49.849998474121094,50.900001525878906,2027
2024-07-26,48.69691467285156,49.79999923706055,51.0,49.75,50.70000076293945,825
2024-07-29,48.403560638427734,49.5,50.29999923706055,49.5,50.29999923706055,1127
2024-07-30,48.5013427734375,49.599998474121094,50.099998474121094,49.29999923706055,49.5,1739
2024-07-31,48.06131362915039,49.150001525878906,49.95000076293945,49.150001525878906,49.650001525878906,1488
2024-08-01,47.572391510009766,48.650001525878906,50.0,48.45000076293945,49.150001525878906,3518
2024-08-02,47.32792663574219,48.400001525878906,48.5,46.25,48.29999923706055,3363
2024-08-05,46.88789367675781,47.95000076293945,47.95000076293945,45.099998474121094,46.70000076293945,5397
2024-08-06,47.23013687133789,48.29999923706055,49.0,47.45000076293945,47.599998474121094,1820
2024-08-07,47.96352767944336,49.04999923706055,50.5,48.099998474121094,48.79999923706055,1017
2024-08-08,48.012420654296875,49.099998474121094,49.349998474121094,47.599998474121094,48.650001525878906,3479
2024-08-09,48.012420654296875,49.099998474121094,50.29999923706055,48.75,50.29999923706055,447
2024-08-12,48.06131362915039,49.150001525878906,50.0,49.099998474121094,49.5,1194
2024-08-13,47.621280670166016,48.70000076293945,49.20000076293945,48.400001525878906,49.20000076293945,740
2024-08-14,47.96352767944336,49.04999923706055,49.25,48.0,48.599998474121094,1544
2024-08-15,47.52349090576172,48.599998474121094,49.20000076293945,47.54999923706055,49.04999923706055,11471
2024-08-16,46.35007858276367,47.400001525878906,48.5,47.04999923706055,48.5,5900
2024-08-19,46.985679626464844,48.04999923706055,48.20000076293945,47.400001525878906,47.400001525878906,1070
2024-08-20,46.985679626464844,48.04999923706055,48.599998474121094,47.20000076293945,48.099998474121094,3209
2024-08-21,47.71906661987305,48.79999923706055,48.849998474121094,48.04999923706055,48.04999923706055,624
2024-08-22,47.42571258544922,48.5,49.849998474121094,48.5,49.5,3215
2024-08-23,48.45245361328125,49.54999923706055,49.54999923706055,48.04999923706055,48.54999923706055,1401
2024-08-26,48.74580764770508,49.849998474121094,50.0,49.29999923706055,49.54999923706055,1206
2024-08-27,48.35466766357422,49.45000076293945,50.599998474121094,49.29999923706055,50.5,1118
2024-08-28,48.30577850341797,49.400001525878906,49.849998474121094,48.20000076293945,49.45000076293945,16406
2024-08-29,48.69691467285156,49.79999923706055,49.95000076293945,48.54999923706055,49.400001525878906,3316
2024-08-30,49.08805465698242,50.20000076293945,50.20000076293945,49.45000076293945,49.900001525878906,2207
2024-09-02,48.99026870727539,50.099998474121094,50.5,49.5,50.20000076293945,1862
2024-09-03,47.7679557800293,48.849998474121094,50.099998474121094,48.650001525878906,50.099998474121094,13863
2024-09-04,47.572391510009766,48.650001525878906,49.29999923706055,48.599998474121094,48.70000076293945,586
2024-09-05,47.37681579589844,48.45000076293945,48.79999923706055,48.25,48.650001525878906,2516
2024-09-06,48.892486572265625,50.0,50.0,48.45000076293945,48.45000076293945,709
2024-09-09,47.96352767944336,49.04999923706055,49.95000076293945,48.45000076293945,49.849998474121094,1971
2024-09-10,47.621280670166016,48.70000076293945,49.04999923706055,48.349998474121094,49.04999923706055,731
2024-09-11,46.79010772705078,47.849998474121094,49.04999923706055,47.5,49.04999923706055,4102
2024-09-12,47.914634704589844,49.0,49.0,47.5,47.5,1498
2024-09-13,47.914634704589844,49.0,49.0,47.5,49.0,14105
2024-09-16,47.52349090576172,48.599998474121094,48.95000076293945,48.099998474121094,48.95000076293945,942
2024-09-17,48.74580764770508,49.849998474121094,49.900001525878906,47.5,48.599998474121094,1470
2024-09-18,48.64802169799805,49.75,49.849998474121094,49.29999923706055,49.849998474121094,656
2024-09-19,48.403560638427734,49.5,50.400001525878906,49.25,49.25,1305
2024-09-20,47.71906661987305,48.79999923706055,50.0,48.79999923706055,49.79999923706055,1527
2024-09-23,48.64802169799805,49.75,50.20000076293945,47.849998474121094,48.79999923706055,5626
2024-09-24,48.69691467285156,49.79999923706055,50.20000076293945,49.5,49.79999923706055,3839
2024-09-25,48.892486572265625,50.0,50.0,49.349998474121094,49.70000076293945,626
2024-09-26,49.381412506103516,50.5,50.599998474121094,49.5,49.95000076293945,1440
2024-09-27,48.99026870727539,50.099998474121094,50.20000076293945,49.70000076293945,49.70000076293945,521
2024-09-30,48.69691467285156,49.79999923706055,50.79999923706055,48.900001525878906,50.099998474121094,1147
2024-10-01,51.53268051147461,52.70000076293945,53.70000076293945,49.5,49.5,8427
2024-10-02,50.4570426940918,51.599998474121094,52.5,51.0,52.5,7343
2024-10-03,49.283626556396484,50.400001525878906,51.900001525878906,49.79999923706055,51.900001525878906,3110
2024-10-04,50.16368865966797,51.29999923706055,51.70000076293945,48.849998474121094,48.849998474121094,2370
2024-10-07,49.87033462524414,51.0,52.400001525878906,50.79999923706055,51.599998474121094,1143
2024-10-08,49.87033462524414,51.0,51.900001525878906,50.0,51.0,2242
2024-10-09,51.82603454589844,53.0,53.0,50.599998474121094,51.900001525878906,14942
2024-10-10,52.21717834472656,53.400001525878906,53.79999923706055,52.29999923706055,53.0,5980
2024-10-11,51.53268051147461,52.70000076293945,54.20000076293945,52.400001525878906,54.20000076293945,2846
2024-10-14,52.31495666503906,53.5,53.5,51.5,52.79999923706055,1836
2024-10-15,52.119388580322266,53.29999923706055,53.599998474121094,52.70000076293945,53.0,5088
2024-10-16,51.630462646484375,52.79999923706055,52.79999923706055,50.099998474121094,51.29999923706055,8278
2024-10-17,51.82603454589844,53.0,54.79999923706055,50.20000076293945,53.0,7667
2024-10-18,52.70610046386719,53.900001525878906,54.0,51.29999923706055,53.099998474121094,2201
2024-10-21,51.14154052734375,52.29999923706055,54.0,52.099998474121094,54.0,3990
2024-10-22,49.283626556396484,50.400001525878906,52.0,50.20000076293945,52.0,1420
2024-10-23,48.99026870727539,50.099998474121094,51.29999923706055,50.0,50.099998474121094,9284
2024-10-24,49.08805465698242,50.20000076293945,50.70000076293945,50.0,50.0,381
2024-10-25,49.283626556396484,50.400001525878906,51.099998474121094,49.45000076293945,50.0,2560
2024-10-28,49.96812057495117,51.099998474121094,51.099998474121094,49.349998474121094,50.599998474121094,1330
2024-10-29,48.110206604003906,49.20000076293945,50.5,49.150001525878906,50.400001525878906,13807
2024-10-30,47.71906661987305,48.79999923706055,50.20000076293945,48.599998474121094,49.150001525878906,1951
2024-10-31,48.20798873901367,49.29999923706055,50.099998474121094,48.650001525878906,48.79999923706055,2339
2024-11-01,48.110206604003906,49.20000076293945,49.79999923706055,48.75,48.75,15504
2024-11-04,47.71906661987305,48.79999923706055,52.70000076293945,48.150001525878906,49.20000076293945,1790
2024-11-05,48.110206604003906,49.20000076293945,49.20000076293945,48.25,48.25,3305
2024-11-06,47.865745544433594,48.95000076293945,49.20000076293945,48.04999923706055,48.95000076293945,5253
2024-11-07,46.35007858276367,47.400001525878906,49.0,46.04999923706055,48.5,3225
2024-11-08,47.670169830322266,48.75,48.95000076293945,47.349998474121094,47.349998474121094,4585
2024-11-11,46.39896774291992,47.45000076293945,48.45000076293945,46.25,48.0,5831
2024-11-12,47.81684875488281,48.900001525878906,48.900001525878906,46.650001525878906,47.29999923706055,13508
2024-11-13,47.083465576171875,48.150001525878906,48.29999923706055,47.04999923706055,47.04999923706055,5514
2024-11-14,46.79010772705078,47.849998474121094,48.29999923706055,47.650001525878906,48.20000076293945,492
2024-11-15,47.81684875488281,48.900001525878906,48.900001525878906,47.400001525878906,47.900001525878906,1924
2024-11-18,47.27903366088867,48.349998474121094,48.849998474121094,48.0,48.849998474121094,979
2024-11-19,46.83900451660156,47.900001525878906,48.349998474121094,47.79999923706055,48.04999923706055,2814
2024-11-20,46.203399658203125,47.25,47.95000076293945,46.70000076293945,47.650001525878906,2285
2024-11-21,45.421119689941406,46.45000076293945,47.20000076293945,46.0,47.20000076293945,3229
2024-11-22,44.73662567138672,45.75,47.099998474121094,45.04999923706055,46.25,10689
2024-11-25,45.51890182495117,46.54999923706055,46.75,45.54999923706055,45.75,15658
2024-11-26,46.88789367675781,47.95000076293945,47.95000076293945,46.25,46.54999923706055,7443
2024-11-27,47.865745544433594,48.95000076293945,49.0,47.0,47.04999923706055,3579
2024-11-28,46.985679626464844,48.04999923706055,48.95000076293945,47.25,48.95000076293945,1128
2024-11-29,46.985679626464844,48.04999923706055,48.45000076293945,47.099998474121094,47.849998474121094,4664
2024-12-02,47.621280670166016,48.70000076293945,48.900001525878906,46.04999923706055,46.04999923706055,1143
2024-12-03,47.23013687133789,48.29999923706055,49.900001525878906,47.04999923706055,48.70000076293945,13980
2024-12-04,49.18584060668945,50.29999923706055,51.20000076293945,48.849998474121094,49.04999923706055,5255
2024-12-05,50.554832458496094,51.70000076293945,51.79999923706055,50.099998474121094,50.29999923706055,4395
2024-12-09,49.18584060668945,50.29999923706055,52.0,49.150001525878906,51.099998474121094,7174
2024-12-10,48.64802169799805,49.75,50.29999923706055,49.20000076293945,50.29999923706055,1672
2024-12-11,48.892486572265625,50.0,50.5,48.5,49.900001525878906,6813
2024-12-12,48.84359359741211,49.95000076293945,50.0,49.20000076293945,50.0,21080
2024-12-13,47.81684875488281,48.900001525878906,50.0,48.099998474121094,49.849998474121094,5330
2024-12-16,47.083465576171875,48.150001525878906,48.650001525878906,47.599998474121094,48.650001525878906,5879
2024-12-17,47.52349090576172,48.599998474121094,48.599998474121094,47.5,48.150001525878906,2799
2024-12-18,46.594539642333984,47.650001525878906,48.20000076293945,47.54999923706055,48.20000076293945,594
2024-12-19,46.741214752197266,47.79999923706055,48.5,47.349998474121094,47.75,2711
2024-12-20,46.83900451660156,47.900001525878906,48.349998474121094,46.099998474121094,47.150001525878906,14823
2024-12-23,46.105613708496094,47.150001525878906,48.79999923706055,47.150001525878906,48.04999923706055,1031
2024-12-27,46.105613708496094,47.150001525878906,47.79999923706055,46.599998474121094,47.150001525878906,1298
2024-12-30,46.39896774291992,47.45000076293945,47.45000076293945,47.150001525878906,47.20000076293945,5836
2025-01-02,45.95893478393555,47.0,47.79999923706055,46.54999923706055,47.45000076293945,3762
2025-01-03,45.66558074951172,46.70000076293945,47.349998474121094,46.0,47.20000076293945,3459
2025-01-07,44.49216079711914,45.5,46.70000076293945,45.150001525878906,46.70000076293945,3251
2025-01-08,44.24769973754883,45.25,46.0,45.04999923706055,45.75,2538
2025-01-09,44.345481872558594,45.349998474121094,45.849998474121094,45.099998474121094,45.349998474121094,5409
2025-01-10,44.58994674682617,45.599998474121094,46.349998474121094,45.400001525878906,45.400001525878906,2028
2025-01-13,44.296592712402344,45.29999923706055,45.95000076293945,45.0,45.599998474121094,28789
2025-01-14,46.83900451660156,47.900001525878906,47.900001525878906,44.650001525878906,45.400001525878906,4976
2025-01-15,47.81684875488281,48.900001525878906,48.900001525878906,46.5,48.0,17149
2025-01-16,47.621280670166016,48.70000076293945,49.54999923706055,47.349998474121094,48.04999923706055,2360
2025-01-17,49.479190826416016,50.599998474121094,50.900001525878906,48.099998474121094,48.099998474121094,3204
2025-01-20,49.87033462524414,51.0,52.0,49.349998474121094,50.599998474121094,20905
2025-01-21,49.87033462524414,51.0,51.0,50.0,50.599998474121094,3009
2025-01-22,48.892486572265625,50.0,51.5,50.0,51.0,3469
2025-01-23,50.4570426940918,51.599998474121094,51.900001525878906,48.849998474121094,50.0,19729
2025-01-24,52.31495666503906,53.5,53.79999923706055,51.0,51.099998474121094,29680
2025-01-27,49.77254867553711,50.900001525878906,53.70000076293945,50.900001525878906,53.5,23055
2025-01-28,50.554832458496094,51.70000076293945,52.099998474121094,50.70000076293945,50.79999923706055,9242
2025-01-29,51.92382049560547,53.099998474121094,53.099998474121094,51.900001525878906,51.900001525878906,7643
2025-01-30,52.31495666503906,53.5,54.0,52.70000076293945,52.79999923706055,11601
2025-01-31,52.70610046386719,53.900001525878906,54.599998474121094,51.70000076293945,53.5,4888
2025-02-03,51.33710861206055,52.5,52.900001525878906,51.5,52.70000076293945,17037
2025-02-04,52.80388641357422,54.0,54.70000076293945,52.29999923706055,52.400001525878906,2997
2025-02-05,52.021602630615234,53.20000076293945,54.20000076293945,52.5,53.79999923706055,2802
2025-02-06,54.172874450683594,55.400001525878906,55.400001525878906,52.5,53.20000076293945,6239
2025-02-07,53.781734466552734,55.0,55.599998474121094,54.0,54.70000076293945,36237
2025-02-10,52.51053237915039,53.70000076293945,55.0,53.599998474121094,55.0,1311
2025-02-11,51.728248596191406,52.900001525878906,53.70000076293945,52.900001525878906,53.70000076293945,10842
2025-02-12,51.82603454589844,53.0,53.5,52.70000076293945,53.29999923706055,1544
2025-02-13,52.31495666503906,53.5,53.70000076293945,53.29999923706055,53.599998474121094,576
2025-02-14,51.04375457763672,52.20000076293945,53.79999923706055,52.099998474121094,53.5,8957
2025-02-17,51.23932647705078,52.400001525878906,53.400001525878906,51.900001525878906,52.20000076293945,1911
2025-02-18,50.4570426940918,51.599998474121094,52.900001525878906,51.29999923706055,51.900001525878906,1329
2025-02-19,50.16368865966797,51.29999923706055,52.099998474121094,50.79999923706055,52.0,6565
2025-02-20,51.43489074707031,52.599998474121094,52.599998474121094,51.599998474121094,51.70000076293945,2809
2025-02-21,50.16368865966797,51.29999923706055,52.20000076293945,50.5,52.20000076293945,7512
2025-02-24,50.84818649291992,52.0,52.0,50.599998474121094,51.70000076293945,1899
2025-02-25,52.80388641357422,54.0,54.400001525878906,51.79999923706055,52.400001525878906,2257
2025-02-26,52.90166473388672,54.099998474121094,54.400001525878906,53.5,53.900001525878906,3827
2025-02-27,52.80388641357422,54.0,54.20000076293945,53.099998474121094,54.099998474121094,1578
2025-02-28,52.999454498291016,54.20000076293945,54.5,52.29999923706055,52.599998474121094,316
2025-03-03,50.65261459350586,51.79999923706055,54.099998474121094,51.79999923706055,53.099998474121094,3406
2025-03-04,50.94596862792969,52.099998474121094,53.29999923706055,51.29999923706055,53.29999923706055,1876
2025-03-05,51.04375457763672,52.20000076293945,53.599998474121094,51.400001525878906,52.099998474121094,4537
2025-03-06,50.75040054321289,51.900001525878906,52.79999923706055,51.0,52.20000076293945,1655
2025-03-07,49.381412506103516,50.5,52.099998474121094,49.75,52.099998474121094,17510
2025-03-10,48.892486572265625,50.0,52.5,50.0,52.5,2873
2025-03-11,48.64802169799805,49.75,50.29999923706055,49.0,50.29999923706055,4940
2025-03-12,46.93678665161133,48.0,50.20000076293945,47.0,49.54999923706055,4907
2025-03-13,47.572391510009766,48.650001525878906,48.75,47.0,48.0,4625
2025-03-14,48.69691467285156,49.79999923706055,49.79999923706055,47.650001525878906,48.650001525878906,1828
2025-03-17,48.45245361328125,49.54999923706055,50.400001525878906,49.20000076293945,49.849998474121094,1656
2025-03-18,52.119388580322266,53.29999923706055,53.5,48.75,49.599998474121094,13543
2025-03-19,51.33710861206055,52.5,53.29999923706055,52.29999923706055,53.29999923706055,7605
2025-03-20,51.782657623291016,52.29999923706055,53.400001525878906,51.400001525878906,53.0,4231
2025-03-21,53.267818450927734,53.79999923706055,54.0,52.79999923706055,53.099998474121094,3861
2025-03-24,52.079689025878906,52.599998474121094,54.0,52.599998474121094,53.900001525878906,15903
2025-03-25,52.47573471069336,53.0,54.20000076293945,51.5,52.5,3247
2025-03-26,52.37672424316406,52.900001525878906,53.79999923706055,51.79999923706055,53.0,5369
2025-03-27,52.77276611328125,53.29999923706055,53.29999923706055,51.5,51.5,4868
2025-03-28,53.1688117980957,53.70000076293945,53.70000076293945,50.099998474121094,50.099998474121094,1116
2025-03-31,52.970787048339844,53.5,53.70000076293945,52.70000076293945,53.70000076293945,1963
2025-04-01,52.574745178222656,53.099998474121094,54.400001525878906,52.0,53.70000076293945,24316
2025-04-02,52.2777099609375,52.79999923706055,54.29999923706055,52.70000076293945,54.29999923706055,4401
2025-04-03,50.891563415527344,51.400001525878906,54.599998474121094,50.099998474121094,50.099998474121094,12261
2025-04-04,48.21826934814453,48.70000076293945,50.70000076293945,47.5,50.0,4341
2025-04-07,45.4954719543457,45.95000076293945,48.099998474121094,44.349998474121094,44.349998474121094,7773
2025-04-08,47.52519226074219,48.0,48.0,46.04999923706055,47.54999923706055,4499
2025-04-09,45.89151382446289,46.349998474121094,46.54999923706055,43.099998474121094,45.0,7774
2025-04-10,45.94102096557617,46.400001525878906,48.900001525878906,44.54999923706055,48.20000076293945,9039
2025-04-11,45.44596862792969,45.900001525878906,47.900001525878906,44.650001525878906,47.79999923706055,2123
2025-04-14,46.43607711791992,46.900001525878906,47.95000076293945,45.20000076293945,47.95000076293945,2555
2025-04-15,46.98063278198242,47.45000076293945,47.5,46.70000076293945,47.5,1886
2025-04-16,47.47568893432617,47.95000076293945,48.54999923706055,46.650001525878906,47.5,6659
2025-04-17,46.48558044433594,46.95000076293945,48.150001525878906,45.75,48.150001525878906,5634
2025-04-22,48.02024841308594,48.5,48.5,45.75,46.099998474121094,10073
2025-04-23,48.5648078918457,49.04999923706055,49.45000076293945,48.349998474121094,48.54999923706055,11081
2025-04-24,49.60441970825195,50.099998474121094,50.099998474121094,48.20000076293945,49.04999923706055,1594
2025-04-25,50.59452819824219,51.099998474121094,51.20000076293945,46.95000076293945,50.70000076293945,4796
2025-04-28,50.990570068359375,51.5,51.900001525878906,50.5,50.70000076293945,2206
2025-04-29,50.59452819824219,51.099998474121094,51.70000076293945,50.20000076293945,51.5,2353
2025-04-30,51.98067855834961,52.5,52.5,50.599998474121094,50.599998474121094,12948
2025-05-02,51.782657623291016,52.29999923706055,52.400001525878906,51.400001525878906,52.400001525878906,1623
2025-05-05,51.28760528564453,51.79999923706055,52.400001525878906,51.0,51.20000076293945,3006
2025-05-06,51.38661575317383,51.900001525878906,52.0,50.20000076293945,51.0,2344
2025-05-07,51.782657623291016,52.29999923706055,52.29999923706055,50.79999923706055,51.900001525878906,9950
2025-05-08,52.47573471069336,53.0,53.20000076293945,52.0,52.0,1969
2025-05-09,52.87178039550781,53.400001525878906,53.400001525878906,51.400001525878906,52.900001525878906,10960
2025-05-12,54.45595169067383,55.0,55.0,52.5,53.29999923706055,1710
2025-05-13,54.851993560791016,55.400001525878906,56.0,52.70000076293945,52.70000076293945,5933
2025-05-14,54.55495834350586,55.099998474121094,55.5,55.0,55.400001525878906,1826
2025-05-15,53.267818450927734,53.79999923706055,54.70000076293945,53.20000076293945,54.0,1136
2025-05-16,53.66386413574219,54.20000076293945,54.20000076293945,52.900001525878906,53.70000076293945,22155
2025-05-19,52.87178039550781,53.400001525878906,54.5,52.0,52.0,617
2025-05-20,53.86188888549805,54.400001525878906,55.0,53.400001525878906,53.400001525878906,2032
2025-05-21,53.465843200683594,54.0,54.900001525878906,52.29999923706055,54.900001525878906,3450
2025-05-22,52.67375564575195,53.20000076293945,54.0,52.79999923706055,53.900001525878906,27974
2025-05-23,52.47573471069336,53.0,53.900001525878906,52.099998474121094,52.900001525878906,14431
2025-05-26,52.970787048339844,53.5,53.70000076293945,52.29999923706055,53.0,2970
2025-05-27,52.67375564575195,53.20000076293945,54.099998474121094,51.79999923706055,53.5,10330
2025-05-28,53.267818450927734,53.79999923706055,54.400001525878906,52.400001525878906,53.099998474121094,1203
2025-05-30,52.079689025878906,52.599998474121094,53.20000076293945,51.900001525878906,51.900001525878906,854
2025-06-02,51.485626220703125,52.0,52.599998474121094,51.79999923706055,51.900001525878906,426
2025-06-03,51.485626220703125,52.0,52.29999923706055,50.900001525878906,52.0,4282
2025-06-04,51.485626220703125,52.0,52.0,51.099998474121094,51.70000076293945,195
2025-06-05,51.98067855834961,52.5,52.5,51.5,51.5,11058
2025-06-06,51.88167190551758,52.400001525878906,52.5,51.099998474121094,51.599998474121094,1904
2025-06-09,50.79254913330078,51.29999923706055,52.400001525878906,50.900001525878906,52.400001525878906,612
2025-06-10,49.90145492553711,50.400001525878906,52.20000076293945,50.400001525878906,51.20000076293945,1284
2025-06-11,50.693538665771484,51.20000076293945,51.70000076293945,50.5,50.5,7968
2025-06-12,50.198486328125,50.70000076293945,50.900001525878906,50.20000076293945,50.900001525878906,382
2025-06-13,50.09947204589844,50.599998474121094,51.099998474121094,49.900001525878906,51.099998474121094,2142
2025-06-16,50.990570068359375,51.5,51.599998474121094,50.099998474121094,51.599998474121094,6913
2025-06-17,51.782657623291016,52.29999923706055,52.29999923706055,50.599998474121094,50.70000076293945,6066
2025-06-18,50.891563415527344,51.400001525878906,52.29999923706055,50.5,50.599998474121094,1443
2025-06-19,52.47573471069336,53.0,53.0,50.900001525878906,51.400001525878906,3870
2025-06-23,52.2777099609375,52.79999923706055,53.0,50.79999923706055,51.20000076293945,6626
2025-06-24,52.2777099609375,52.79999923706055,53.900001525878906,52.70000076293945,52.79999923706055,4439
2025-06-25,51.58463668823242,52.099998474121094,53.20000076293945,51.20000076293945,52.70000076293945,13029
2025-06-26,50.2974967956543,50.79999923706055,52.20000076293945,50.79999923706055,52.099998474121094,882
2025-06-27,51.28760528564453,51.79999923706055,52.099998474121094,50.79999923706055,52.099998474121094,1183
2025-06-30,51.88167190551758,52.400001525878906,52.400001525878906,50.79999923706055,51.79999923706055,2821
2025-07-01,51.485626220703125,52.0,52.900001525878906,50.70000076293945,51.20000076293945,3448
2025-07-02,52.67375564575195,53.20000076293945,53.400001525878906,50.79999923706055,50.79999923706055,2854
2025-07-03,51.485626220703125,52.0,53.20000076293945,51.29999923706055,53.20000076293945,185
2025-07-04,51.68364715576172,52.20000076293945,53.29999923706055,51.5,53.29999923706055,3214
2025-07-07,51.88167190551758,52.400001525878906,53.20000076293945,51.099998474121094,52.0,3805
2025-07-08,52.2777099609375,52.79999923706055,53.400001525878906,50.5,51.099998474121094,15708
2025-07-09,51.782657623291016,52.29999923706055,53.099998474121094,50.099998474121094,51.29999923706055,6010
2025-07-10,51.68364715576172,52.20000076293945,52.5,50.400001525878906,50.400001525878906,3751
2025-07-11,51.08958053588867,51.599998474121094,51.599998474121094,50.400001525878906,51.5,5805
2025-07-14,49.80244064331055,50.29999923706055,51.599998474121094,50.20000076293945,51.599998474121094,2061
2025-07-15,50.000465393066406,50.5,51.29999923706055,50.0,50.20000076293945,6654
2025-07-16,49.90145492553711,50.400001525878906,50.79999923706055,50.29999923706055,50.5,806
2025-07-17,48.911346435546875,49.400001525878906,50.5,49.099998474121094,50.5,2739
2025-07-18,50.09947204589844,50.599998474121094,51.29999923706055,49.75,49.75,2239
2025-07-21,50.09947204589844,50.599998474121094,50.599998474121094,49.45000076293945,50.0,1674
2025-07-22,49.70343017578125,50.20000076293945,50.70000076293945,49.79999923706055,50.0,2938
2025-07-23,50.990570068359375,51.5,52.0,50.20000076293945,50.20000076293945,3884
2025-07-24,50.396507263183594,50.900001525878906,50.900001525878906,49.5,50.79999923706055,1881
2025-07-25,50.000465393066406,50.5,51.29999923706055,49.54999923706055,50.900001525878906,7203
2025-07-28,50.000465393066406,50.5,50.5,50.0,50.400001525878906,1296
2025-07-29,49.60441970825195,50.099998474121094,50.400001525878906,50.099998474121094,50.099998474121094,3468
2025-07-30,48.416290283203125,48.900001525878906,50.099998474121094,48.150001525878906,50.0,2425
2025-07-31,48.11925506591797,48.599998474121094,49.70000076293945,48.5,49.25,897
2025-08-01,46.139041900634766,46.599998474121094,50.5,46.25,48.45000076293945,9754
2025-08-04,48.02024841308594,48.5,48.54999923706055,46.150001525878906,46.54999923706055,4918
2025-08-05,48.465797424316406,48.95000076293945,49.29999923706055,47.0,47.5,5987
2025-08-06,46.48558044433594,46.95000076293945,49.20000076293945,46.45000076293945,49.20000076293945,26886
2025-08-07,47.47568893432617,47.95000076293945,48.29999923706055,47.349998474121094,47.349998474121094,75031
2025-08-08,48.71332550048828,49.20000076293945,49.5,47.5,47.95000076293945,13748
2025-08-11,49.45590591430664,49.95000076293945,50.099998474121094,48.099998474121094,48.099998474121094,1155
2025-08-12,47.82222366333008,48.29999923706055,49.900001525878906,48.0,49.900001525878906,1939
2025-08-13,46.04003143310547,46.5,47.54999923706055,46.099998474121094,47.54999923706055,19999
2025-08-14,46.73310852050781,47.20000076293945,49.75,46.25,46.599998474121094,1014
2025-08-15,47.52519226074219,48.0,49.150001525878906,46.400001525878906,49.150001525878906,1499
2025-08-18,46.78261184692383,47.25,48.650001525878906,46.650001525878906,47.79999923706055,3946
2025-08-19,46.832115173339844,47.29999923706055,47.95000076293945,47.099998474121094,47.099998474121094,102278
2025-08-20,46.53508377075195,47.0,47.54999923706055,46.54999923706055,47.54999923706055,1578
2025-08-21,45.74300003051758,46.20000076293945,47.45000076293945,46.04999923706055,46.650001525878906,1371
2025-08-22,45.74300003051758,46.20000076293945,46.599998474121094,46.20000076293945,46.25,18641
2025-08-25,45.94102096557617,46.400001525878906,47.150001525878906,46.0,46.0,3749
2025-08-26,46.04003143310547,46.5,46.849998474121094,46.20000076293945,46.849998474121094,2639
2025-08-27,45.44596862792969,45.900001525878906,47.099998474121094,45.900001525878906,46.54999923706055,5098
2025-08-28,44.406349182128906,44.849998474121094,46.5,43.95000076293945,45.900001525878906,5410
2025-08-29,44.50536346435547,44.95000076293945,45.29999923706055,43.54999923706055,44.45000076293945,38071
2025-09-01,44.85190200805664,45.29999923706055,46.849998474121094,44.20000076293945,44.95000076293945,2142
2025-09-02,44.35684585571289,44.79999923706055,46.0,44.5,45.349998474121094,888
2025-09-03,43.515254974365234,43.95000076293945,44.79999923706055,43.79999923706055,44.75,7176
2025-09-04,43.366737365722656,43.79999923706055,44.29999923706055,43.79999923706055,44.29999923706055,15168
2025-09-05,45.049922943115234,45.5,45.849998474121094,43.650001525878906,43.79999923706055,2635
2025-09-08,44.059814453125,44.5,45.45000076293945,44.5,45.45000076293945,729
2025-09-09,43.31723403930664,43.75,45.5,43.650001525878906,45.5,1679
2025-09-10,43.069705963134766,43.5,44.79999923706055,43.099998474121094,43.650001525878906,16824
2025-09-11,43.31723403930664,43.75,44.099998474121094,43.5,43.5,11764
2025-09-12,42.12910461425781,42.54999923706055,43.95000076293945,42.0,43.95000076293945,22297
2025-09-15,43.713279724121094,44.150001525878906,44.79999923706055,42.5,42.5,7157
2025-09-16,44.1588249206543,44.599998474121094,44.599998474121094,43.75,44.0,50113
2025-09-17,46.139041900634766,46.599998474121094,46.75,44.0,44.0,4994
2025-09-18,46.386566162109375,46.849998474121094,47.29999923706055,44.20000076293945,46.54999923706055,9982
2025-09-19,46.089534759521484,46.54999923706055,47.0,45.150001525878906,45.79999923706055,8647
2025-09-22,44.50536346435547,44.95000076293945,46.54999923706055,44.900001525878906,46.54999923706055,8551
2025-09-23,44.554866790771484,45.0,45.0,44.04999923706055,45.0,4071
2025-09-24,45.24794387817383,45.70000076293945,45.70000076293945,44.20000076293945,44.400001525878906,6686
2025-09-25,45.89151382446289,46.349998474121094,46.79999923706055,44.599998474121094,45.150001525878906,4016
2025-09-26,45.643985748291016,46.099998474121094,47.0,44.70000076293945,46.900001525878906,5764
2025-09-29,49.1093635559082,49.599998474121094,49.599998474121094,45.04999923706055,46.04999923706055,7435
2025-09-30,48.31727981567383,48.79999923706055,49.0,47.29999923706055,48.349998474121094,13946
2025-10-01,48.61431121826172,49.099998474121094,49.45000076293945,47.099998474121094,48.70000076293945,11389
2025-10-02,48.7628288269043,49.25,50.0,48.400001525878906,49.099998474121094,13042
2025-10-03,48.416290283203125,48.900001525878906,50.0,48.04999923706055,48.70000076293945,11192
2025-10-06,46.98063278198242,47.45000076293945,49.25,47.25,48.849998474121094,6070
2025-10-07,45.792503356933594,46.25,47.650001525878906,45.75,47.599998474121094,3084
2025-10-08,45.24794387817383,45.70000076293945,47.5,45.70000076293945,46.25,1932
2025-10-09,45.4954719543457,45.95000076293945,48.150001525878906,45.0,45.54999923706055,47728
2025-10-10,46.33706283569336,46.79999923706055,47.099998474121094,46.150001525878906,46.5,6378
2025-10-13,45.14893341064453,45.599998474121094,47.0,45.5,46.900001525878906,2064
2025-10-14,44.1588249206543,44.599998474121094,45.650001525878906,44.599998474121094,45.650001525878906,733
2025-10-15,45.792503356933594,46.25,46.849998474121094,44.70000076293945,44.75,11913
2025-10-16,47.0301399230957,47.5,47.900001525878906,46.20000076293945,46.20000076293945,2914
2025-10-17,46.73310852050781,47.20000076293945,47.70000076293945,46.29999923706055,47.400001525878906,3735
2025-10-20,47.17865753173828,47.650001525878906,48.0,46.29999923706055,47.25,7406
2025-10-21,47.624202728271484,48.099998474121094,48.25,45.849998474121094,47.04999923706055,11442
2025-10-22,46.287559509277344,46.75,47.95000076293945,46.70000076293945,47.900001525878906,1544
2025-10-23,47.82222366333008,48.29999923706055,48.599998474121094,46.79999923706055,47.0,4828
2025-10-24,48.416290283203125,48.900001525878906,49.150001525878906,47.95000076293945,47.95000076293945,1642
2025-10-27,47.129146575927734,47.599998474121094,48.849998474121094,47.45000076293945,48.849998474121094,2293
2025-10-28,46.18854904174805,46.650001525878906,47.70000076293945,46.650001525878906,47.599998474121094,9756
2025-10-29,47.426185607910156,47.900001525878906,48.0,46.650001525878906,46.650001525878906,23940
2025-10-30,48.168766021728516,48.650001525878906,48.900001525878906,46.54999923706055,47.5,3194
2025-10-31,48.71332550048828,49.20000076293945,49.20000076293945,47.849998474121094,48.599998474121094,4519
2025-11-03,47.72321701049805,48.20000076293945,49.20000076293945,47.0,49.20000076293945,2787
2025-11-04,47.327171325683594,47.79999923706055,48.5,47.20000076293945,48.5,2629
2025-11-05,45.39645767211914,45.849998474121094,47.25,45.79999923706055,46.849998474121094,1212
2025-11-06,44.35684585571289,44.79999923706055,46.54999923706055,44.400001525878906,46.29999923706055,2919
2025-11-07,42.72317123413086,43.150001525878906,45.650001525878906,43.150001525878906,44.849998474121094,7308
2025-11-10,43.564762115478516,44.0,44.900001525878906,43.54999923706055,43.70000076293945,3256
2025-11-11,42.6241569519043,43.04999923706055,44.650001525878906,42.95000076293945,44.5,7671
2025-11-12,43.41624450683594,43.849998474121094,44.20000076293945,43.150001525878906,43.150001525878906,11852
2025-11-13,42.87168502807617,43.29999923706055,44.25,43.29999923706055,44.0,1633
2025-11-14,43.515254974365234,43.95000076293945,44.54999923706055,42.900001525878906,43.29999923706055,10211
2025-11-17,42.57465362548828,43.0,44.900001525878906,42.900001525878906,43.95000076293945,17809
2025-11-18,41.980587005615234,42.400001525878906,43.25,42.04999923706055,43.04999923706055,3400
2025-11-19,42.475643157958984,42.900001525878906,43.70000076293945,42.04999923706055,42.70000076293945,11329
2025-11-20,41.68355178833008,42.099998474121094,43.04999923706055,42.0,42.5,14601
2025-11-21,41.0894889831543,41.5,42.150001525878906,40.29999923706055,42.099998474121094,8863
2025-11-24,42.4261360168457,42.849998474121094,44.400001525878906,41.54999923706055,41.54999923706055,3370
2025-11-25,43.66376876831055,44.099998474121094,44.95000076293945,43.349998474121094,43.349998474121094,3826
2025-11-26,43.46575164794922,43.900001525878906,44.150001525878906,43.400001525878906,44.150001525878906,36087
2025-11-27,43.069705963134766,43.5,43.900001525878906,43.400001525878906,43.400001525878906,10336
2025-11-28,43.16871643066406,43.599998474121094,43.95000076293945,43.099998474121094,43.79999923706055,43420
2025-12-01,43.218223571777344,43.650001525878906,43.70000076293945,43.099998474121094,43.20000076293945,3730
2025-12-02,43.61426544189453,44.04999923706055,44.79999923706055,43.29999923706055,43.79999923706055,6518
2025-12-03,45.24794387817383,45.70000076293945,45.900001525878906,44.650001525878906,44.70000076293945,9531
2025-12-04,45.29745101928711,45.75,46.0,45.45000076293945,45.70000076293945,3923
2025-12-05,44.257835388183594,44.70000076293945,46.20000076293945,44.25,45.79999923706055,3890
2025-12-08,44.059814453125,44.5,44.650001525878906,43.5,44.650001525878906,2438
2025-12-09,44.554866790771484,45.0,45.20000076293945,43.650001525878906,44.20000076293945,5467
2025-12-10,44.109317779541016,44.54999923706055,45.099998474121094,44.20000076293945,45.0,1438
2025-12-11,43.713279724121094,44.150001525878906,44.5,43.75,44.5,495
2025-12-12,42.92118835449219,43.349998474121094,44.599998474121094,43.349998474121094,43.900001525878906,1616
2025-12-15,42.327125549316406,42.75,43.650001525878906,42.45000076293945,43.5,2622
2025-12-16,43.069705963134766,43.5,43.5,42.400001525878906,42.70000076293945,3114
2025-12-17,41.68355178833008,42.099998474121094,43.5,41.75,43.45000076293945,3983
2025-12-18,41.733062744140625,42.150001525878906,42.70000076293945,42.099998474121094,42.25,1829
2025-12-19,42.17860794067383,42.599998474121094,43.29999923706055,42.5,42.70000076293945,5014
2025-12-22,42.17860794067383,42.599998474121094,43.20000076293945,42.349998474121094,42.70000076293945,5862
2025-12-23,42.772674560546875,43.20000076293945,43.5,42.79999923706055,42.95000076293945,7500
2025-12-29,42.17860794067383,42.599998474121094,43.95000076293945,42.599998474121094,43.20000076293945,5451
2025-12-30,42.67366027832031,43.099998474121094,43.099998474121094,42.5,42.79999923706055,7673
2026-01-02,42.6241569519043,43.04999923706055,43.150001525878906,42.650001525878906,43.150001525878906,3490
2026-01-05,42.57465362548828,43.0,43.900001525878906,42.04999923706055,43.349998474121094,4894
2026-01-07,41.93107986450195,42.349998474121094,43.099998474121094,42.349998474121094,43.04999923706055,14936
2026-01-08,42.6241569519043,43.04999923706055,43.25,42.400001525878906,42.400001525878906,10806
2026-01-09,43.515254974365234,43.95000076293945,44.400001525878906,42.70000076293945,43.099998474121094,23378
2026-01-12,44.50536346435547,44.95000076293945,45.0,42.70000076293945,43.95000076293945,16667
2026-01-13,46.287559509277344,46.75,46.849998474121094,44.099998474121094,44.75,12067
2026-01-14,43.713279724121094,44.150001525878906,46.70000076293945,43.400001525878906,46.70000076293945,4597
2026-01-15,43.76278305053711,44.20000076293945,44.400001525878906,43.900001525878906,44.20000076293945,4555
2026-01-16,45.24794387817383,45.70000076293945,46.04999923706055,44.349998474121094,45.349998474121094,22469
2026-01-19,44.257835388183594,44.70000076293945,45.599998474121094,43.75,45.599998474121094,6219
2026-01-20,43.861793518066406,44.29999923706055,44.79999923706055,43.849998474121094,44.79999923706055,4186
2026-01-21,43.713279724121094,44.150001525878906,46.20000076293945,43.20000076293945,46.20000076293945,28328
2026-01-22,45.54497528076172,46.0,46.099998474121094,45.0,45.54999923706055,13142
2026-01-23,45.19844055175781,45.650001525878906,46.45000076293945,45.599998474121094,46.04999923706055,2303
2026-01-26,45.14893341064453,45.599998474121094,46.5,45.099998474121094,45.75,3012
2026-01-27,43.76278305053711,44.20000076293945,46.20000076293945,43.54999923706055,46.20000076293945,4070
2026-01-28,42.57465362548828,43.0,44.5,42.849998474121094,44.150001525878906,6847
2026-01-29,41.38652038574219,41.79999923706055,43.400001525878906,41.650001525878906,43.04999923706055,6539
2026-01-30,41.43602752685547,41.849998474121094,42.20000076293945,40.70000076293945,41.79999923706055,23938
2026-02-02,41.48553466796875,41.900001525878906,42.29999923706055,41.349998474121094,41.79999923706055,6341
2026-02-03,39.208282470703125,39.599998474121094,41.849998474121094,39.599998474121094,41.849998474121094,57170
2026-02-04,37.871639251708984,38.25,39.95000076293945,38.150001525878906,39.54999923706055,45324
2026-02-05,37.62411117553711,38.0,39.150001525878906,37.5,38.349998474121094,10640
2026-02-06,37.921142578125,38.29999923706055,38.75,37.25,38.04999923706055,10032
2026-02-09,37.574607849121094,37.95000076293945,39.400001525878906,37.599998474121094,38.54999923706055,14571
2026-02-10,37.129058837890625,37.5,38.79999923706055,37.29999923706055,38.0,6607
2026-02-11,35.64389419555664,36.0,38.0,35.75,37.54999923706055,7837
2026-02-12,34.70329284667969,35.04999923706055,37.0,34.849998474121094,37.0,12363
2026-02-13,34.851810455322266,35.20000076293945,35.349998474121094,34.75,35.0,6787
2026-02-16,33.91120529174805,34.25,37.150001525878906,34.04999923706055,35.20000076293945,10199
2026-02-17,33.36664581298828,33.70000076293945,34.5,33.150001525878906,34.20000076293945,17494
2026-02-18,33.66367721557617,34.0,34.900001525878906,33.25,34.0,14329
2026-02-19,32.92109680175781,33.25,33.95000076293945,32.95000076293945,33.95000076293945,7850
2026-02-20,32.52505111694336,32.849998474121094,34.04999923706055,32.70000076293945,33.54999923706055,13846
2026-02-23,32.32703399658203,32.650001525878906,33.400001525878906,32.349998474121094,32.900001525878906,8556
2026-02-24,31.732967376708984,32.04999923706055,32.79999923706055,31.25,32.5,28379
2026-02-25,31.782470703125,32.099998474121094,33.0,31.450000762939453,32.349998474121094,17950
2026-02-26,31.782470703125,32.099998474121094,33.0,31.649999618530273,32.599998474121094,32220
2026-02-27,33.2181282043457,33.54999923706055,34.650001525878906,32.5,32.70000076293945,42125
2026-03-02,33.36664581298828,33.70000076293945,33.79999923706055,32.45000076293945,33.0,27829
2026-03-03,31.930988311767578,32.25,33.75,31.700000762939453,33.75,31338
2026-03-04,32.52505111694336,32.849998474121094,33.599998474121094,32.25,32.54999923706055,19993
2026-03-05,32.079505920410156,32.400001525878906,33.29999923706055,32.0,32.95000076293945,27620
2026-03-06,32.32703399658203,32.650001525878906,33.29999923706055,32.45000076293945,32.75,19406
2026-03-09,31.58445167541504,31.899999618530273,32.95000076293945,31.5,31.899999618530273,38881
2026-03-10,32.822086334228516,33.150001525878906,33.650001525878906,32.25,32.25,32477
2026-03-11,32.32703399658203,32.650001525878906,33.849998474121094,31.549999237060547,33.20000076293945,17332
2026-03-12,32.475547790527344,32.79999923706055,33.29999923706055,32.599998474121094,32.650001525878906,14355
2026-03-13,31.930988311767578,32.25,33.0,32.099998474121094,32.54999923706055,16052
2026-03-16,32.27752685546875,32.599998474121094,33.0,32.0,32.20000076293945,24256
2026-03-17,32.029998779296875,32.349998474121094,33.20000076293945,32.150001525878906,32.95000076293945,18061
2026-03-18,31.600000381469727,31.600000381469727,33.0,31.350000381469727,32.04999923706055,20585
2026-03-19,30.75,30.75,31.5,30.700000762939453,31.5,22475
2026-03-20,30.0,30.0,31.049999237060547,29.649999618530273,31.0,27357
2026-03-23,29.899999618530273,29.899999618530273,30.700000762939453,28.799999237060547,29.549999237060547,29824
2026-03-24,29.200000762939453,29.200000762939453,29.600000381469727,28.450000762939453,29.450000762939453,15937
2026-03-25,29.0,29.0,29.75,28.600000381469727,29.399999618530273,10533
2026-03-26,28.25,28.25,29.049999237060547,28.049999237060547,29.049999237060547,31791
2026-03-27,27.950000762939453,27.950000762939453,28.899999618530273,27.649999618530273,28.899999618530273,13614
2026-03-30,27.600000381469727,27.600000381469727,30.0,26.850000381469727,28.100000381469727,22800
2026-03-31,27.75,27.75,28.399999618530273,27.450000762939453,27.5,22122
2026-04-01,29.100000381469727,29.100000381469727,29.399999618530273,28.149999618530273,28.25,13499
2026-04-02,30.350000381469727,30.350000381469727,30.450000762939453,28.5,28.5,29332
2026-04-07,28.600000381469727,28.600000381469727,30.649999618530273,28.5,30.649999618530273,27343
2026-04-08,29.950000762939453,29.950000762939453,30.450000762939453,29.5,29.75,16162
2026-04-09,28.75,28.75,30.649999618530273,28.700000762939453,30.049999237060547,9222
2026-04-10,29.25,29.25,29.950000762939453,28.950000762939453,28.950000762939453,15165
2026-04-13,29.299999237060547,29.299999237060547,29.950000762939453,28.75,29.299999237060547,16637
2026-04-14,30.399999618530273,30.399999618530273,31.25,28.899999618530273,28.950000762939453,33399
2026-04-15,32.04999923706055,32.04999923706055,32.650001525878906,30.5,30.950000762939453,31994
2026-04-16,32.349998474121094,32.349998474121094,33.20000076293945,31.799999237060547,32.400001525878906,26764
2026-04-17,32.5,32.5,33.54999923706055,32.400001525878906,32.849998474121094,46879
2026-04-20,31.5,31.5,32.54999923706055,31.5,32.54999923706055,14846
2026-04-21,31.649999618530273,31.649999618530273,32.599998474121094,31.549999237060547,31.549999237060547,17818
2026-04-22,32.29999923706055,32.29999923706055,32.400001525878906,31.5,31.600000381469727,9667
2026-04-23,31.149999618530273,31.149999618530273,32.75,30.899999618530273,32.54999923706055,22566
2026-04-24,31.25,31.25,31.549999237060547,30.700000762939453,31.149999618530273,9707
2026-04-27,30.950000762939453,30.950000762939453,31.350000381469727,30.649999618530273,31.25,10380
2026-04-28,30.049999237060547,30.049999237060547,32.54999923706055,30.049999237060547,31.149999618530273,11262
2026-04-29,30.0,30.0,32.45000076293945,29.200000762939453,30.350000381469727,11670
2026-04-30,30.0,30.0,31.700000762939453,29.450000762939453,29.850000381469727,6455
2026-05-04,31.149999618530273,31.149999618530273,32.150001525878906,30.049999237060547,30.049999237060547,8918
2026-05-05,30.0,30.0,31.25,29.350000381469727,31.25,8980
2026-05-06,29.399999618530273,29.399999618530273,30.75,29.399999618530273,30.0,8597
2026-05-07,29.350000381469727,29.350000381469727,29.850000381469727,29.049999237060547,29.450000762939453,10486
2026-05-08,29.700000762939453,29.700000762939453,29.899999618530273,29.25,29.350000381469727,7147
2026-05-11,29.649999618530273,29.649999618530273,30.100000381469727,29.5,30.049999237060547,14253
2026-05-12,29.649999618530273,29.649999618530273,29.899999618530273,29.100000381469727,29.450000762939453,6534
2026-05-13,28.799999237060547,28.799999237060547,29.850000381469727,28.700000762939453,29.850000381469727,10861
2026-05-15,29.75,29.75,30.25,28.649999618530273,28.75,14499
2026-05-18,30.700000762939453,30.700000762939453,30.75,29.399999618530273,29.850000381469727,22558
2026-05-19,30.299999237060547,30.299999237060547,31.5,29.799999237060547,30.700000762939453,34057
2026-05-20,30.450000762939453,30.450000762939453,30.850000381469727,29.649999618530273,30.299999237060547,10959
2026-05-21,29.549999237060547,29.549999237060547,31.549999237060547,29.5,30.450000762939453,33859
2026-05-22,30.25,30.25,30.700000762939453,29.600000381469727,29.600000381469727,4091
2026-05-25,30.149999618530273,30.149999618530273,30.649999618530273,29.850000381469727,30.649999618530273,4472
2026-05-26,29.950000762939453,29.950000762939453,30.450000762939453,29.600000381469727,30.149999618530273,10387
2026-05-27,30.25,30.25,30.450000762939453,29.649999618530273,30.0,13858
2026-05-28,30.049999237060547,30.049999237060547,30.149999618530273,29.5,30.149999618530273,14993
2026-05-29,30.600000381469727,30.600000381469727,31.0,30.049999237060547,30.049999237060547,13908
2026-06-01,30.850000381469727,30.850000381469727,32.0,29.799999237060547,30.549999237060547,17971
2026-06-02,30.75,30.75,31.799999237060547,30.299999237060547,31.049999237060547,13531
2026-06-03,30.5,30.5,31.350000381469727,29.350000381469727,30.25,19988
2026-06-04,31.100000381469727,31.100000381469727,31.200000762939453,30.149999618530273,30.200000762939453,6287
2026-06-05,30.350000381469727,30.350000381469727,32.0,30.200000762939453,30.799999237060547,17155
2026-06-08,30.0,30.0,30.299999237060547,29.0,29.450000762939453,12611
2026-06-09,26.600000381469727,26.600000381469727,28.5,25.799999237060547,28.5,168194
2026-06-10,26.899999618530273,26.899999618530273,27.350000381469727,26.200000762939453,27.100000381469727,22592
2026-06-11,27.100000381469727,27.100000381469727,27.200000762939453,26.350000381469727,26.75,8418
2026-06-12,27.399999618530273,27.399999618530273,27.700000762939453,27.200000762939453,27.299999237060547,13394
2026-06-15,27.350000381469727,27.350000381469727,28.450000762939453,27.100000381469727,28.049999237060547,12996
2026-06-16,26.75,26.75,28.049999237060547,26.350000381469727,28.0,11620
2026-06-17,26.200000762939453,26.200000762939453,26.850000381469727,26.100000381469727,26.850000381469727,16143
2026-06-18,26.0,26.0,26.649999618530273,25.649999618530273,26.299999237060547,6674
2026-06-22,24.600000381469727,24.600000381469727,26.5,24.549999237060547,26.049999237060547,30673
2026-06-23,24.299999237060547,24.299999237060547,25.200000762939453,24.149999618530273,24.700000762939453,17201
2026-06-24,24.100000381469727,24.100000381469727,24.5,23.600000381469727,24.5,22825
2026-06-25,24.549999237060547,24.549999237060547,24.799999237060547,23.899999618530273,24.5,10461
2026-06-26,25.350000381469727,25.350000381469727,25.399999618530273,24.25,24.549999237060547,6479
2026-06-29,26.0,26.0,27.0,24.950000762939453,25.450000762939453,10083
2026-06-30,25.799999237060547,25.799999237060547,26.350000381469727,25.100000381469727,26.350000381469727,4369
2026-07-01,26.350000381469727,26.350000381469727,26.649999618530273,25.649999618530273,25.799999237060547,7692
2026-07-02,27.049999237060547,27.049999237060547,27.200000762939453,26.399999618530273,26.399999618530273,5894
2026-07-03,26.899999618530273,26.899999618530273,27.350000381469727,26.700000762939453,27.25,3716
2026-07-06,26.200000762939453,26.200000762939453,27.049999237060547,26.049999237060547,26.899999618530273,2535
2026-07-07,26.649999618530273,26.649999618530273,27.25,26.100000381469727,27.25,3658
2026-07-08,24.950000762939453,24.950000762939453,27.649999618530273,24.649999618530273,26.649999618530273,12725
2026-07-09,25.950000762939453,25.950000762939453,26.75,25.0,25.0,8877
2026-07-10,26.049999237060547,26.049999237060547,26.899999618530273,26.0,26.899999618530273,5272
2026-07-13,26.299999237060547,26.299999237060547,26.700000762939453,25.549999237060547,26.049999237060547,8468
2026-07-14,27.0,27.0,27.100000381469727,26.149999618530273,26.700000762939453,5791
2026-07-15,26.200000762939453,26.200000762939453,27.0,26.200000762939453,27.0,4595
2026-07-16,26.25,26.25,27.0,26.25,26.25,2905
2026-07-17,26.25,26.25,27.149999618530273,26.0,26.25,4064
2026-07-20,25.799999237060547,25.799999237060547,26.799999237060547,25.649999618530273,26.25,3039
2026-07-21,25.299999237060547,25.299999237060547,26.049999237060547,25.200000762939453,26.049999237060547,4993
2026-07-22,25.450000762939453,25.450000762939453,25.649999618530273,25.100000381469727,25.350000381469727,6429
2026-07-23,24.649999618530273,24.649999618530273,25.649999618530273,24.5,25.450000762939453,3776
2026-07-24,24.649999618530273,24.649999618530273,25.450000762939453,24.549999237060547,24.649999618530273,3680
2026-07-27,25.450000762939453,25.450000762939453,26.100000381469727,24.600000381469727,24.600000381469727,13222
2026-07-28,25.5,25.5,26.149999618530273,25.350000381469727,25.350000381469727,4909
2026-07-29,25.5,25.5,26.0,25.25,25.700000762939453,5469
2026-07-30,25.200000762939453,25.200000762939453,25.649999618530273,25.100000381469727,25.5,6822
2026-07-31,25.0,25.0,25.450000762939453,24.549999237060547,25.200000762939453,7037
2026-08-03,25.899999618530273,25.899999618530273,25.899999618530273,25.0,25.0,2676
2026-08-04,26.0,26.0,26.149999618530273,25.399999618530273,25.899999618530273,3732
2026-08-05,25.950000762939453,25.950000762939453,26.600000381469727,25.850000381469727,26.049999237060547,6266
2026-08-06,26.5,26.5,26.899999618530273,25.950000762939453,26.149999618530273,10267
2026-08-07,27.350000381469727,27.350000381469727,27.549999237060547,26.200000762939453,26.200000762939453,12064
2026-08-10,27.399999618530273,27.399999618530273,27.899999618530273,27.100000381469727,27.450000762939453,6853
2026-08-11,27.899999618530273,27.899999618530273,28.049999237060547,27.399999618530273,27.600000381469727,7100
2026-08-12,27.149999618530273,27.149999618530273,28.299999237060547,27.100000381469727,28.200000762939453,19138
2026-08-13,27.450000762939453,27.450000762939453,27.700000762939453,26.950000762939453,27.5,7353
2026-08-14,27.950000762939453,27.950000762939453,28.5,27.399999618530273,27.399999618530273,14650
2026-08-17,27.549999237060547,27.549999237060547,28.25,27.0,28.049999237060547,9552
2026-08-18,27.100000381469727,27.100000381469727,27.850000381469727,27.100000381469727,27.600000381469727,3219
2026-08-19,26.600000381469727,26.600000381469727,27.200000762939453,26.600000381469727,27.149999618530273,5164
2026-08-20,27.0,27.0,27.149999618530273,26.450000762939453,27.0,5426
2026-08-21,27.149999618530273,27.149999618530273,27.399999618530273,26.600000381469727,27.0,4359
2026-08-24,26.850000381469727,26.850000381469727,27.450000762939453,26.75,27.200000762939453,8911
2026-08-25,27.200000762939453,27.200000762939453,27.700000762939453,27.049999237060547,27.100000381469727,15738
2026-08-26,27.200000762939453,27.200000762939453,27.450000762939453,26.899999618530273,27.25,17397
2026-08-27,27.649999618530273,27.649999618530273,27.899999618530273,27.200000762939453,27.350000381469727,13038
2026-08-28,27.549999237060547,27.549999237060547,28.799999237060547,27.549999237060547,28.049999237060547,19111
2026-08-31,27.600000381469727,27.600000381469727,28.350000381469727,27.350000381469727,27.799999237060547,11667
2026-09-01,27.200000762939453,27.200000762939453,28.149999618530273,26.75,27.899999618530273,9370
2026-09-02,27.200000762939453,27.200000762939453,27.75,27.0,27.149999618530273,12047
2026-09-03,26.75,26.75,27.700000762939453,26.649999618530273,27.200000762939453,12478
2026-09-04,26.299999237060547,26.299999237060547,27.0,26.299999237060547,26.850000381469727,15336
2026-09-08,26.100000381469727,26.100000381469727,26.299999237060547,25.899999618530273,25.950000762939453,4031
2026-09-09,25.799999237060547,25.799999237060547,26.399999618530273,25.5,26.100000381469727,16047
2026-09-10,26.600000381469727,26.600000381469727,27.0,25.799999237060547,25.799999237060547,14769
2026-09-11,26.350000381469727,26.350000381469727,26.600000381469727,25.950000762939453,26.549999237060547,10237
2026-09-14,26.0,26.0,26.5,25.899999618530273,26.149999618530273,4883
2026-09-15,25.899999618530273,25.899999618530273,26.450000762939453,25.75,26.0,6831
2026-09-16,26.25,26.25,26.700000762939453,26.0,26.25,6583
