Price,Adj Close,Close,High,Low,Open,Volume
Ticker,ALBBV.HE,ALBBV.HE,ALBBV.HE,ALBBV.HE,ALBBV.HE,ALBBV.HE
Date,,,,,,
2016-01-04,8.520209312438965,15.300000190734863,15.489999771118164,15.010000228881836,15.050000190734863,1037
2016-01-05,8.520209312438965,15.300000190734863,15.489999771118164,15.300000190734863,15.489999771118164,1299
2016-01-07,8.42553997039795,15.130000114440918,15.699999809265137,15.100000381469727,15.699999809265137,2978
2016-01-08,8.598170280456543,15.4399995803833,15.4399995803833,15.4399995803833,15.4399995803833,7
2016-01-11,8.559187889099121,15.369999885559082,15.369999885559082,15.15999984741211,15.289999961853027,1387
2016-01-12,8.492363929748535,15.25,15.289999961853027,15.149999618530273,15.149999618530273,605
2016-01-13,8.419970512390137,15.119999885559082,15.369999885559082,15.100000381469727,15.25,2968
2016-01-14,8.353143692016602,15.0,15.130000114440918,15.0,15.119999885559082,1425
2016-01-15,8.069138526916504,14.489999771118164,15.100000381469727,14.489999771118164,15.100000381469727,2707
2016-01-18,8.074706077575684,14.5,14.989999771118164,14.5,14.5,1478
2016-01-19,8.353143692016602,15.0,15.0,14.520000457763672,14.520000457763672,1491
2016-01-20,8.241768836975098,14.800000190734863,15.0,14.720000267028809,15.0,1721
2016-01-21,8.269613265991211,14.850000381469727,15.0,14.850000381469727,14.850000381469727,1326
2016-01-22,8.353143692016602,15.0,15.109999656677246,15.0,15.109999656677246,978
2016-01-25,8.353143692016602,15.0,15.0,14.920000076293945,15.0,3047
2016-01-26,8.408832550048828,15.100000381469727,15.100000381469727,14.970000267028809,14.970000267028809,410
2016-01-27,8.497934341430664,15.260000228881836,15.260000228881836,15.100000381469727,15.100000381469727,800
2016-01-28,8.603738784790039,15.449999809265137,15.449999809265137,15.300000190734863,15.300000190734863,708
2016-01-29,8.53134536743164,15.319999694824219,15.5,15.319999694824219,15.5,487
2016-02-01,8.403264045715332,15.09000015258789,15.449999809265137,15.09000015258789,15.300000190734863,1024
2016-02-02,8.481226921081543,15.229999542236328,15.229999542236328,15.149999618530273,15.149999618530273,4374
2016-02-03,8.330869674682617,14.960000038146973,14.960000038146973,14.960000038146973,14.960000038146973,194
2016-02-04,8.353143692016602,15.0,15.0,15.0,15.0,191
2016-02-05,8.353143692016602,15.0,15.0,15.0,15.0,404
2016-02-08,8.191650390625,14.710000038146973,15.100000381469727,14.699999809265137,14.699999809265137,3002
2016-02-09,8.163806915283203,14.65999984741211,14.8100004196167,14.649999618530273,14.760000228881836,7961
2016-02-10,8.241768836975098,14.800000190734863,14.859999656677246,14.5,14.5,2552
2016-02-11,8.069138526916504,14.489999771118164,14.899999618530273,14.489999771118164,14.699999809265137,5013
2016-02-12,8.29745864868164,14.899999618530273,14.899999618530273,14.390000343322754,14.390000343322754,2835
2016-02-15,8.30302619934082,14.90999984741211,15.0,14.90999984741211,15.0,2881
2016-02-16,8.347577095031738,14.989999771118164,15.140000343322754,14.930000305175781,15.09000015258789,4397
2016-02-17,8.475656509399414,15.220000267028809,15.220000267028809,15.0,15.0,977
2016-02-18,8.509068489074707,15.279999732971191,16.100000381469727,15.260000228881836,15.260000228881836,2949
2016-02-19,8.364282608032227,15.020000457763672,15.279999732971191,15.020000457763672,15.279999732971191,348
2016-02-22,8.353143692016602,15.0,15.100000381469727,15.0,15.100000381469727,4252
2016-02-23,8.353143692016602,15.0,15.100000381469727,14.720000267028809,14.720000267028809,3245
2016-02-24,8.353143692016602,15.0,15.0,14.949999809265137,14.970000267028809,2458
2016-02-25,8.353143692016602,15.0,15.100000381469727,15.0,15.100000381469727,5072
2016-02-26,8.364282608032227,15.020000457763672,15.020000457763672,15.0,15.0,1385
2016-02-29,8.353143692016602,15.0,15.100000381469727,15.0,15.0,3990
2016-03-01,8.408832550048828,15.100000381469727,15.100000381469727,15.100000381469727,15.100000381469727,1070
2016-03-02,8.408832550048828,15.100000381469727,15.289999961853027,15.100000381469727,15.100000381469727,10748
2016-03-03,8.520209312438965,15.300000190734863,15.3100004196167,15.100000381469727,15.100000381469727,1759
2016-03-04,8.520209312438965,15.300000190734863,15.390000343322754,15.300000190734863,15.390000343322754,80
2016-03-07,8.42553997039795,15.130000114440918,15.199999809265137,15.109999656677246,15.199999809265137,470
2016-03-08,8.414400100708008,15.109999656677246,15.399999618530273,15.109999656677246,15.399999618530273,846
2016-03-09,8.436676025390625,15.149999618530273,15.149999618530273,15.149999618530273,15.149999618530273,20
2016-03-10,8.408832550048828,15.100000381469727,15.260000228881836,15.100000381469727,15.260000228881836,2742
2016-03-11,8.35871410369873,15.010000228881836,15.300000190734863,15.0,15.109999656677246,608
2016-03-14,8.436676025390625,15.149999618530273,15.15999984741211,15.149999618530273,15.149999618530273,3546
2016-03-15,8.475656509399414,15.220000267028809,15.300000190734863,15.220000267028809,15.289999961853027,1243
2016-03-16,8.520209312438965,15.300000190734863,15.300000190734863,15.220000267028809,15.220000267028809,465
2016-03-17,8.436676025390625,15.149999618530273,15.220000267028809,15.149999618530273,15.220000267028809,1827
2016-03-18,8.520209312438965,15.300000190734863,15.300000190734863,15.199999809265137,15.210000038146973,1957
2016-03-21,8.664996147155762,15.5600004196167,15.579999923706055,15.300000190734863,15.300000190734863,702
2016-03-22,8.731820106506348,15.680000305175781,15.680000305175781,15.5600004196167,15.59000015258789,1130
2016-03-23,8.687271118164062,15.600000381469727,15.600000381469727,15.600000381469727,15.600000381469727,315
2016-03-24,8.520209312438965,15.300000190734863,15.600000381469727,15.239999771118164,15.600000381469727,1043
2016-03-29,8.520209312438965,15.300000190734863,15.300000190734863,15.199999809265137,15.300000190734863,1502
2016-03-30,8.520209312438965,15.300000190734863,15.300000190734863,15.289999961853027,15.300000190734863,7005
2016-03-31,8.353143692016602,15.0,15.300000190734863,15.0,15.300000190734863,1569
2016-04-01,8.29745864868164,14.899999618530273,15.0,14.899999618530273,15.0,1339
2016-04-04,8.247339248657227,14.8100004196167,14.8100004196167,14.640000343322754,14.640000343322754,1515
2016-04-05,8.264043807983398,14.84000015258789,15.1899995803833,14.819999694824219,15.1899995803833,1342
2016-04-06,8.29745864868164,14.899999618530273,14.90999984741211,14.899999618530273,14.90999984741211,150
2016-04-07,8.29745864868164,14.899999618530273,15.0,14.890000343322754,14.890000343322754,2638
2016-04-08,8.29745864868164,14.899999618530273,15.199999809265137,14.899999618530273,15.149999618530273,1917
2016-04-11,8.364282608032227,15.020000457763672,15.020000457763672,14.90999984741211,15.0,562
2016-04-12,8.241768836975098,14.800000190734863,14.920000076293945,14.800000190734863,14.90999984741211,4152
2016-04-13,8.380989074707031,15.050000190734863,15.130000114440918,14.989999771118164,15.130000114440918,4337
2016-04-14,8.56475830078125,15.380000114440918,15.399999618530273,15.130000114440918,15.130000114440918,3959
2016-04-15,8.663269996643066,14.949999809265137,15.399999618530273,14.949999809265137,15.399999618530273,19073
2016-04-18,8.62270736694336,14.880000114440918,15.0,14.880000114440918,15.0,193
2016-04-19,8.62270736694336,14.880000114440918,14.880000114440918,14.880000114440918,14.880000114440918,0
2016-04-20,8.645886421203613,14.920000076293945,14.930000305175781,14.899999618530273,14.899999618530273,904
2016-04-21,8.640089988708496,14.90999984741211,15.0,14.90999984741211,14.920000076293945,902
2016-04-22,8.634296417236328,14.899999618530273,15.140000343322754,14.899999618530273,14.949999809265137,1219
2016-04-25,8.692242622375488,15.0,15.119999885559082,15.0,15.119999885559082,1445
2016-04-26,8.796549797058105,15.180000305175781,15.180000305175781,15.109999656677246,15.109999656677246,1350
2016-04-27,8.692242622375488,15.0,15.119999885559082,15.0,15.119999885559082,2066
2016-04-28,8.692242622375488,15.0,15.010000228881836,15.0,15.0,5644
2016-04-29,8.715422630310059,15.039999961853027,15.0600004196167,15.039999961853027,15.0600004196167,297
2016-05-02,8.692242622375488,15.0,15.100000381469727,15.0,15.0,414
2016-05-03,8.750192642211914,15.100000381469727,15.100000381469727,15.050000190734863,15.100000381469727,202
2016-05-04,8.692242622375488,15.0,15.0,14.899999618530273,14.899999618530273,774
2016-05-06,8.692242622375488,15.0,15.0,15.0,15.0,730
2016-05-09,8.663269996643066,14.949999809265137,14.949999809265137,14.899999618530273,14.899999618530273,1508
2016-05-10,8.66906452178955,14.960000038146973,15.050000190734863,14.960000038146973,15.010000228881836,4096
2016-05-11,8.674860000610352,14.970000267028809,15.0,14.970000267028809,14.970000267028809,1832
2016-05-12,8.645886421203613,14.920000076293945,14.970000267028809,14.899999618530273,14.970000267028809,1056
2016-05-13,8.721219062805176,15.050000190734863,15.050000190734863,14.930000305175781,15.050000190734863,430
2016-05-16,8.634296417236328,14.899999618530273,14.899999618530273,14.899999618530273,14.899999618530273,1838
2016-05-17,8.466246604919434,14.609999656677246,14.899999618530273,14.609999656677246,14.899999618530273,2340
2016-05-18,8.680654525756836,14.979999542236328,14.979999542236328,14.609999656677246,14.609999656677246,322
2016-05-19,8.634296417236328,14.899999618530273,14.899999618530273,14.699999809265137,14.800000190734863,599
2016-05-20,8.518400192260742,14.699999809265137,14.720000267028809,14.699999809265137,14.710000038146973,104
2016-05-23,8.477834701538086,14.630000114440918,14.869999885559082,14.630000114440918,14.640000343322754,235
2016-05-24,8.466246604919434,14.609999656677246,14.890000343322754,14.609999656677246,14.890000343322754,95928
2016-05-25,8.518400192260742,14.699999809265137,14.699999809265137,14.630000114440918,14.630000114440918,395
2016-05-26,8.547372817993164,14.75,14.75,14.699999809265137,14.710000038146973,523
2016-05-27,8.547372817993164,14.75,15.0,14.75,14.75,655
2016-05-30,8.66906452178955,14.960000038146973,14.960000038146973,14.960000038146973,14.960000038146973,540
2016-05-31,8.62270736694336,14.880000114440918,14.949999809265137,14.699999809265137,14.869999885559082,679
2016-06-01,8.518400192260742,14.699999809265137,14.9399995803833,14.699999809265137,14.9399995803833,495
2016-06-02,8.495220184326172,14.65999984741211,14.760000228881836,14.65999984741211,14.760000228881836,1454
2016-06-03,8.512604713439941,14.6899995803833,14.699999809265137,14.510000228881836,14.699999809265137,1215
2016-06-06,8.547372817993164,14.75,14.75,14.5,14.739999771118164,3643
2016-06-07,8.518400192260742,14.699999809265137,14.75,14.5,14.510000228881836,2642
2016-06-08,8.518400192260742,14.699999809265137,14.739999771118164,14.520000457763672,14.739999771118164,746
2016-06-09,8.46045207977295,14.600000381469727,14.710000038146973,14.600000381469727,14.649999618530273,3707
2016-06-10,8.46045207977295,14.600000381469727,14.619999885559082,14.579999923706055,14.609999656677246,2220
2016-06-13,8.414093017578125,14.520000457763672,14.550000190734863,14.520000457763672,14.529999732971191,1070
2016-06-14,8.402502059936523,14.5,14.550000190734863,14.5,14.5,1511
2016-06-15,8.286606788635254,14.300000190734863,14.420000076293945,14.300000190734863,14.420000076293945,891
2016-06-16,8.286606788635254,14.300000190734863,14.300000190734863,14.300000190734863,14.300000190734863,283
2016-06-17,8.431476593017578,14.550000190734863,14.550000190734863,14.550000190734863,14.550000190734863,250
2016-06-20,8.251837730407715,14.239999771118164,14.550000190734863,14.079999923706055,14.5,3982
2016-06-21,8.228659629821777,14.199999809265137,14.25,14.079999923706055,14.25,1934
2016-06-22,8.228659629821777,14.199999809265137,14.199999809265137,14.109999656677246,14.199999809265137,1129
2016-06-23,8.188095092773438,14.130000114440918,14.130000114440918,14.079999923706055,14.109999656677246,1290
2016-06-27,7.823019504547119,13.5,13.960000038146973,13.100000381469727,13.960000038146973,4259
2016-06-28,7.950506210327148,13.720000267028809,13.720000267028809,13.550000190734863,13.550000190734863,749
2016-06-29,7.950506210327148,13.720000267028809,14.039999961853027,13.720000267028809,14.039999961853027,364
2016-06-30,7.962096691131592,13.739999771118164,13.760000228881836,13.739999771118164,13.760000228881836,484
2016-07-01,8.089583396911621,13.960000038146973,13.960000038146973,13.770000457763672,13.869999885559082,1090
2016-07-04,8.390912055969238,14.479999542236328,14.479999542236328,13.800000190734863,13.84000015258789,1707
2016-07-05,8.008455276489258,13.819999694824219,14.40999984741211,13.819999694824219,14.40999984741211,313
2016-07-06,8.07799243927002,13.9399995803833,13.9399995803833,13.9399995803833,13.9399995803833,208
2016-07-07,8.112760543823242,14.0,14.020000457763672,14.0,14.0,1731
2016-07-08,8.025839805603027,13.850000381469727,13.850000381469727,13.819999694824219,13.819999694824219,680
2016-07-11,8.083786964416504,13.949999809265137,14.359999656677246,13.90999984741211,13.90999984741211,309
2016-07-12,8.112760543823242,14.0,14.0,13.800000190734863,14.0,684
2016-07-13,8.112760543823242,14.0,14.25,14.0,14.020000457763672,251
2016-07-14,8.130146026611328,14.029999732971191,14.260000228881836,14.010000228881836,14.260000228881836,274
2016-07-15,8.153325080871582,14.069999694824219,14.069999694824219,14.069999694824219,14.069999694824219,20
2016-07-18,8.24024772644043,14.220000267028809,14.300000190734863,14.079999923706055,14.300000190734863,1298
2016-07-19,8.315581321716309,14.350000381469727,14.350000381469727,14.319999694824219,14.319999694824219,242
2016-07-20,8.367733001708984,14.4399995803833,14.4399995803833,14.220000267028809,14.350000381469727,157
2016-07-21,8.124351501464844,14.020000457763672,14.430000305175781,13.800000190734863,14.420000076293945,4279
2016-07-22,8.043224334716797,13.880000114440918,13.989999771118164,13.800000190734863,13.989999771118164,4905
2016-07-25,8.124351501464844,14.020000457763672,14.020000457763672,14.010000228881836,14.020000457763672,484
2016-07-26,8.020045280456543,13.84000015258789,14.020000457763672,13.84000015258789,14.020000457763672,206
2016-07-27,8.002659797668457,13.8100004196167,13.979999542236328,13.800000190734863,13.819999694824219,914
2016-07-28,7.996865749359131,13.800000190734863,13.8100004196167,13.800000190734863,13.800000190734863,494
2016-07-29,7.973687171936035,13.760000228881836,13.880000114440918,13.760000228881836,13.880000114440918,466
2016-08-01,8.083786964416504,13.949999809265137,13.949999809265137,13.770000457763672,13.770000457763672,471
2016-08-02,7.921532154083252,13.670000076293945,13.779999732971191,13.670000076293945,13.779999732971191,845
2016-08-03,8.072197914123535,13.930000305175781,13.9399995803833,13.65999984741211,13.65999984741211,48
2016-08-04,8.072197914123535,13.930000305175781,13.930000305175781,13.930000305175781,13.930000305175781,0
2016-08-05,7.967890739440918,13.75,13.75,13.529999732971191,13.600000381469727,565
2016-08-08,8.05481243133545,13.899999618530273,13.899999618530273,13.65999984741211,13.65999984741211,1318
2016-08-09,8.124351501464844,14.020000457763672,14.029999732971191,13.699999809265137,14.0,1767
2016-08-10,8.106966972351074,13.989999771118164,14.020000457763672,13.670000076293945,14.020000457763672,340
2016-08-11,8.095376014709473,13.970000267028809,13.989999771118164,13.850000381469727,13.989999771118164,438
2016-08-12,8.101170539855957,13.979999542236328,14.020000457763672,13.789999961853027,13.789999961853027,1779
2016-08-15,7.938918113708496,13.699999809265137,13.75,13.670000076293945,13.710000038146973,4055
2016-08-16,7.991070747375488,13.789999961853027,13.789999961853027,13.699999809265137,13.710000038146973,2074
2016-08-17,7.938918113708496,13.699999809265137,13.800000190734863,13.699999809265137,13.800000190734863,437
2016-08-18,8.06640338897705,13.920000076293945,14.029999732971191,13.670000076293945,13.800000190734863,1080
2016-08-19,8.043224334716797,13.880000114440918,13.930000305175781,13.739999771118164,13.920000076293945,1205
2016-08-22,8.05481243133545,13.899999618530273,13.899999618530273,13.880000114440918,13.890000343322754,937
2016-08-23,7.991070747375488,13.789999961853027,13.800000190734863,13.550000190734863,13.800000190734863,1829
2016-08-24,8.05481243133545,13.899999618530273,13.899999618530273,13.699999809265137,13.75,1482
2016-08-25,8.06060791015625,13.90999984741211,13.979999542236328,13.75,13.899999618530273,2114
2016-08-26,8.101170539855957,13.979999542236328,14.039999961853027,13.760000228881836,13.979999542236328,934
2016-08-29,7.973687171936035,13.760000228881836,13.890000343322754,13.550000190734863,13.829999923706055,1853
2016-08-30,8.112760543823242,14.0,14.0,13.770000457763672,13.899999618530273,622
2016-08-31,8.20547866821289,14.15999984741211,14.25,13.859999656677246,14.0,3176
2016-09-01,8.112760543823242,14.0,14.149999618530273,13.850000381469727,14.0,164
2016-09-02,8.234453201293945,14.210000038146973,14.210000038146973,14.210000038146973,14.210000038146973,4
2016-09-05,8.170709609985352,14.100000381469727,14.229999542236328,14.010000228881836,14.229999542236328,233
2016-09-06,8.228659629821777,14.199999809265137,14.229999542236328,14.0,14.220000267028809,290
2016-09-07,8.228659629821777,14.199999809265137,14.199999809265137,14.199999809265137,14.199999809265137,67
2016-09-08,8.217068672180176,14.180000305175781,14.180000305175781,14.180000305175781,14.180000305175781,4
2016-09-09,8.008455276489258,13.819999694824219,14.15999984741211,13.739999771118164,14.15999984741211,1126
2016-09-12,7.967890739440918,13.75,13.949999809265137,13.75,13.819999694824219,711
2016-09-13,7.962096691131592,13.739999771118164,14.140000343322754,13.739999771118164,14.0,4315
2016-09-14,8.083786964416504,13.949999809265137,13.970000267028809,13.949999809265137,13.970000267028809,256
2016-09-15,8.083786964416504,13.949999809265137,14.0,13.899999618530273,13.899999618530273,1914
2016-09-16,7.944711208343506,13.710000038146973,14.100000381469727,13.619999885559082,13.949999809265137,13782
2016-09-19,7.991070747375488,13.789999961853027,13.800000190734863,13.699999809265137,13.75,1072
2016-09-20,7.886764049530029,13.609999656677246,13.800000190734863,13.609999656677246,13.789999961853027,804
2016-09-21,7.886764049530029,13.609999656677246,13.609999656677246,13.609999656677246,13.609999656677246,406
2016-09-22,7.875172138214111,13.59000015258789,13.600000381469727,13.59000015258789,13.600000381469727,2514
2016-09-23,7.904148101806641,13.640000343322754,13.729999542236328,13.600000381469727,13.729999542236328,850
2016-09-26,7.880969047546387,13.600000381469727,13.600000381469727,13.600000381469727,13.600000381469727,273
2016-09-27,7.909942150115967,13.649999618530273,13.649999618530273,13.640000343322754,13.640000343322754,442
2016-09-28,7.991070747375488,13.789999961853027,13.789999961853027,13.789999961853027,13.789999961853027,19
2016-09-29,7.880969047546387,13.600000381469727,13.779999732971191,13.600000381469727,13.779999732971191,1731
2016-09-30,7.869379043579102,13.579999923706055,13.770000457763672,13.449999809265137,13.699999809265137,1914
2016-10-03,7.9273271560668945,13.680000305175781,13.680000305175781,13.510000228881836,13.649999618530273,3229
2016-10-04,7.886764049530029,13.609999656677246,13.739999771118164,13.510000228881836,13.510000228881836,1832
2016-10-05,7.950506210327148,13.720000267028809,13.729999542236328,13.600000381469727,13.729999542236328,4183
2016-10-06,7.956300735473633,13.729999542236328,13.729999542236328,13.65999984741211,13.65999984741211,253
2016-10-07,7.880969047546387,13.600000381469727,13.720000267028809,13.600000381469727,13.720000267028809,4196
2016-10-10,7.8925580978393555,13.619999885559082,13.619999885559082,13.600000381469727,13.600000381469727,170
2016-10-11,7.8925580978393555,13.619999885559082,13.630000114440918,13.619999885559082,13.619999885559082,822
2016-10-12,7.8925580978393555,13.619999885559082,13.670000076293945,13.619999885559082,13.670000076293945,1151
2016-10-13,7.863584041595459,13.569999694824219,13.600000381469727,13.5,13.600000381469727,1674
2016-10-14,7.805635452270508,13.470000267028809,13.619999885559082,13.430000305175781,13.430000305175781,152859
2016-10-17,7.7882513999938965,13.4399995803833,13.5,13.4399995803833,13.5,3306
2016-10-18,7.7882513999938965,13.4399995803833,13.640000343322754,13.399999618530273,13.4399995803833,4592
2016-10-19,7.736097812652588,13.350000381469727,13.350000381469727,13.300000190734863,13.300000190734863,114
2016-10-20,7.765071392059326,13.399999618530273,13.399999618530273,13.399999618530273,13.399999618530273,405
2016-10-21,7.776661396026611,13.420000076293945,13.59000015258789,13.399999618530273,13.40999984741211,755
2016-10-24,7.765071392059326,13.399999618530273,13.420000076293945,13.350000381469727,13.40999984741211,2295
2016-10-25,7.857789516448975,13.5600004196167,13.640000343322754,13.40999984741211,13.40999984741211,1720
2016-10-26,7.875172138214111,13.59000015258789,13.600000381469727,13.5,13.600000381469727,684
2016-10-27,7.707123756408691,13.300000190734863,13.5,13.300000190734863,13.5,730
2016-10-28,7.707123756408691,13.300000190734863,13.359999656677246,13.300000190734863,13.359999656677246,1493
2016-10-31,7.678150653839111,13.25,13.710000038146973,13.239999771118164,13.25,3102
2016-11-01,7.707123756408691,13.300000190734863,13.3100004196167,13.25,13.25,1309
2016-11-02,7.649176120758057,13.199999809265137,13.260000228881836,13.199999809265137,13.25,1260
2016-11-03,7.649176120758057,13.199999809265137,13.199999809265137,13.199999809265137,13.199999809265137,531
2016-11-04,7.649176120758057,13.199999809265137,13.3100004196167,13.199999809265137,13.210000038146973,1275
2016-11-07,7.556457996368408,13.039999961853027,13.199999809265137,13.039999961853027,13.199999809265137,5354
2016-11-08,7.556457996368408,13.039999961853027,13.100000381469727,13.039999961853027,13.100000381469727,320
2016-11-09,7.712918758392334,13.3100004196167,13.3100004196167,13.039999961853027,13.039999961853027,740
2016-11-10,7.533277988433838,13.0,13.199999809265137,12.890000343322754,13.100000381469727,3550
2016-11-11,7.533277988433838,13.0,13.079999923706055,13.0,13.079999923706055,2910
2016-11-14,7.550662994384766,13.029999732971191,13.029999732971191,12.619999885559082,13.0,2443
2016-11-15,7.608611106872559,13.130000114440918,13.130000114440918,12.829999923706055,12.899999618530273,2367
2016-11-16,7.591227054595947,13.100000381469727,13.149999618530273,12.800000190734863,13.079999923706055,2082
2016-11-17,7.620201110839844,13.149999618530273,13.149999618530273,12.710000038146973,12.899999618530273,2741
2016-11-18,7.643380165100098,13.1899995803833,13.199999809265137,13.100000381469727,13.1899995803833,1350
2016-11-21,7.597023010253906,13.109999656677246,13.25,13.100000381469727,13.199999809265137,3035
2016-11-22,7.597023010253906,13.109999656677246,13.1899995803833,13.109999656677246,13.1899995803833,348
2016-11-23,7.597023010253906,13.109999656677246,13.109999656677246,13.109999656677246,13.109999656677246,1
2016-11-24,7.5043044090271,12.949999809265137,13.3100004196167,12.850000381469727,13.109999656677246,5532
2016-11-25,7.539073467254639,13.010000228881836,13.119999885559082,13.0,13.119999885559082,2043
2016-11-28,7.417383193969727,12.800000190734863,13.069999694824219,12.800000190734863,12.899999618530273,2975
2016-11-29,7.533277988433838,13.0,13.09000015258789,12.949999809265137,13.039999961853027,1292
2016-11-30,7.533277988433838,13.0,13.0,13.0,13.0,436
2016-12-01,7.649176120758057,13.199999809265137,13.3100004196167,13.029999732971191,13.029999732971191,507
2016-12-02,7.608611106872559,13.130000114440918,13.640000343322754,13.039999961853027,13.199999809265137,2894
2016-12-05,7.736097812652588,13.350000381469727,13.40999984741211,13.300000190734863,13.300000190734863,2506
2016-12-07,7.573843002319336,13.069999694824219,13.399999618530273,13.029999732971191,13.390000343322754,5901
2016-12-08,7.71871280670166,13.319999694824219,13.319999694824219,13.069999694824219,13.069999694824219,2543
2016-12-09,7.770866394042969,13.40999984741211,13.59000015258789,13.350000381469727,13.350000381469727,1075
2016-12-12,7.851993083953857,13.550000190734863,13.550000190734863,13.449999809265137,13.449999809265137,450
2016-12-13,7.909942150115967,13.649999618530273,13.800000190734863,13.489999771118164,13.489999771118164,5066
2016-12-14,7.991070747375488,13.789999961853027,13.789999961853027,13.649999618530273,13.699999809265137,1508
2016-12-15,7.933121204376221,13.6899995803833,13.699999809265137,13.649999618530273,13.699999809265137,659
2016-12-16,7.991070747375488,13.789999961853027,13.789999961853027,13.449999809265137,13.6899995803833,2908
2016-12-19,7.857789516448975,13.5600004196167,13.800000190734863,13.479999542236328,13.789999961853027,1524
2016-12-20,7.985275745391846,13.779999732971191,13.779999732971191,13.699999809265137,13.699999809265137,3552
2016-12-21,7.938918113708496,13.699999809265137,13.75,13.699999809265137,13.75,792
2016-12-22,7.967890739440918,13.75,13.789999961853027,13.699999809265137,13.699999809265137,116713
2016-12-23,8.043224334716797,13.880000114440918,13.899999618530273,13.789999961853027,13.789999961853027,1572
2016-12-27,8.170709609985352,14.100000381469727,14.399999618530273,13.899999618530273,13.899999618530273,3049
2016-12-28,8.402502059936523,14.5,14.529999732971191,13.949999809265137,13.949999809265137,3517
2016-12-29,8.402502059936523,14.5,14.59000015258789,14.489999771118164,14.5,3307
2016-12-30,8.332965850830078,14.380000114440918,14.5,14.260000228881836,14.260000228881836,740
2017-01-02,8.721219062805176,15.050000190734863,15.0600004196167,14.5,14.5,4177
2017-01-03,8.773371696472168,15.140000343322754,15.199999809265137,14.949999809265137,15.050000190734863,1582
2017-01-04,8.866090774536133,15.300000190734863,15.300000190734863,15.100000381469727,15.140000343322754,2286
2017-01-05,8.773371696472168,15.140000343322754,15.300000190734863,14.5600004196167,14.5600004196167,2403
2017-01-09,8.773371696472168,15.140000343322754,15.300000190734863,15.020000457763672,15.15999984741211,1090
2017-01-10,8.860295295715332,15.289999961853027,15.289999961853027,15.289999961853027,15.289999961853027,85
2017-01-11,8.657474517822266,14.9399995803833,15.289999961853027,14.789999961853027,15.289999961853027,3747
2017-01-12,8.518400192260742,14.699999809265137,14.9399995803833,14.699999809265137,14.9399995803833,493
2017-01-13,8.628501892089844,14.890000343322754,14.890000343322754,14.529999732971191,14.640000343322754,2755
2017-01-16,8.570552825927734,14.789999961853027,14.800000190734863,14.65999984741211,14.800000190734863,981
2017-01-17,8.518400192260742,14.699999809265137,14.800000190734863,14.470000267028809,14.699999809265137,926
2017-01-18,8.72701358795166,15.0600004196167,15.100000381469727,14.510000228881836,14.699999809265137,1719
2017-01-19,8.837115287780762,15.25,15.25,15.100000381469727,15.100000381469727,665
2017-01-20,8.848705291748047,15.270000457763672,15.270000457763672,15.050000190734863,15.229999542236328,1117
2017-01-23,8.947216033935547,15.4399995803833,15.489999771118164,15.25,15.25,845
2017-01-24,8.906652450561523,15.369999885559082,15.4399995803833,15.369999885559082,15.369999885559082,473
2017-01-25,8.837115287780762,15.25,15.420000076293945,15.25,15.420000076293945,618
2017-01-26,8.773371696472168,15.140000343322754,15.289999961853027,15.100000381469727,15.260000228881836,2726
2017-01-27,8.837115287780762,15.25,15.289999961853027,15.119999885559082,15.119999885559082,2020
2017-01-30,8.692242622375488,15.0,15.25,15.0,15.25,257
2017-01-31,8.68644905090332,14.989999771118164,15.0,14.989999771118164,15.0,15053
2017-02-01,8.518400192260742,14.699999809265137,14.729999542236328,14.699999809265137,14.710000038146973,1318
2017-02-02,8.396707534790039,14.489999771118164,14.699999809265137,14.489999771118164,14.699999809265137,435
2017-02-03,8.454654693603516,14.59000015258789,14.6899995803833,14.59000015258789,14.670000076293945,199
2017-02-06,8.24024772644043,14.220000267028809,14.600000381469727,14.020000457763672,14.510000228881836,7631
2017-02-07,8.2576322555542,14.25,14.449999809265137,14.210000038146973,14.220000267028809,1033
2017-02-08,8.361939430236816,14.430000305175781,14.470000267028809,14.260000228881836,14.289999961853027,2266
2017-02-09,8.402502059936523,14.5,14.5,14.420000076293945,14.420000076293945,250
2017-02-10,8.477834701538086,14.630000114440918,14.640000343322754,14.5,14.5,501
2017-02-13,8.68644905090332,14.989999771118164,15.0,14.699999809265137,14.699999809265137,1075
2017-02-14,8.674860000610352,14.970000267028809,14.970000267028809,14.970000267028809,14.970000267028809,153
2017-02-15,8.431476593017578,14.550000190734863,14.970000267028809,14.510000228881836,14.970000267028809,1107
2017-02-16,8.570552825927734,14.789999961853027,14.800000190734863,14.5,14.5,1308
2017-02-17,8.402502059936523,14.5,14.979999542236328,14.5,14.800000190734863,1076
2017-02-20,8.402502059936523,14.5,14.800000190734863,14.399999618530273,14.800000190734863,1566
2017-02-21,8.303991317749023,14.329999923706055,14.5,14.3100004196167,14.489999771118164,265
2017-02-22,8.298196792602539,14.319999694824219,14.329999923706055,14.319999694824219,14.329999923706055,292
2017-02-23,8.286606788635254,14.300000190734863,14.600000381469727,14.300000190734863,14.600000381469727,621
2017-02-24,8.199684143066406,14.149999618530273,14.390000343322754,13.949999809265137,14.220000267028809,1338
2017-02-27,8.275016784667969,14.279999732971191,14.300000190734863,14.149999618530273,14.149999618530273,881
2017-02-28,8.286606788635254,14.300000190734863,14.300000190734863,14.279999732971191,14.279999732971191,227
2017-03-01,8.408297538757324,14.510000228881836,14.520000457763672,14.359999656677246,14.359999656677246,951
2017-03-02,8.390912055969238,14.479999542236328,14.510000228881836,14.350000381469727,14.510000228881836,194
2017-03-03,8.309785842895508,14.34000015258789,14.34000015258789,14.34000015258789,14.34000015258789,85
2017-03-06,8.373529434204102,14.449999809265137,14.699999809265137,14.449999809265137,14.699999809265137,891
2017-03-07,8.518400192260742,14.699999809265137,14.699999809265137,14.34000015258789,14.449999809265137,1002
2017-03-08,8.518400192260742,14.699999809265137,14.699999809265137,14.699999809265137,14.699999809265137,1000
2017-03-09,8.448862075805664,14.579999923706055,14.59000015258789,14.300000190734863,14.300000190734863,150
2017-03-10,8.321375846862793,14.359999656677246,14.550000190734863,14.300000190734863,14.300000190734863,134
2017-03-13,8.332965850830078,14.380000114440918,14.380000114440918,14.229999542236328,14.300000190734863,1097
2017-03-14,8.396707534790039,14.489999771118164,14.489999771118164,14.479999542236328,14.479999542236328,42
2017-03-15,8.188095092773438,14.130000114440918,14.489999771118164,14.130000114440918,14.489999771118164,2171
2017-03-16,8.286606788635254,14.300000190734863,14.300000190734863,14.149999618530273,14.149999618530273,1990
2017-03-17,8.286606788635254,14.300000190734863,14.479999542236328,14.100000381469727,14.199999809265137,2699
2017-03-20,8.298196792602539,14.319999694824219,14.350000381469727,14.3100004196167,14.3100004196167,661
2017-03-21,8.251837730407715,14.239999771118164,14.460000038146973,14.109999656677246,14.399999618530273,3744
2017-03-22,8.211274147033691,14.170000076293945,14.1899995803833,14.039999961853027,14.050000190734863,1026
2017-03-23,8.14173698425293,14.050000190734863,14.199999809265137,14.050000190734863,14.199999809265137,2790
2017-03-24,8.246042251586914,14.229999542236328,14.289999961853027,14.050000190734863,14.050000190734863,1913
2017-03-27,8.112760543823242,14.0,14.289999961853027,14.0,14.050000190734863,4913
2017-03-28,8.11855697631836,14.010000228881836,14.239999771118164,14.010000228881836,14.050000190734863,1262
2017-03-29,8.124351501464844,14.020000457763672,14.079999923706055,13.989999771118164,14.069999694824219,1218
2017-03-30,8.170709609985352,14.100000381469727,14.1899995803833,14.020000457763672,14.020000457763672,3160
2017-03-31,8.228659629821777,14.199999809265137,14.199999809265137,14.100000381469727,14.100000381469727,2338
2017-04-03,8.298196792602539,14.319999694824219,14.329999923706055,14.149999618530273,14.199999809265137,5967
2017-04-04,8.269222259521484,14.270000457763672,14.329999923706055,14.199999809265137,14.319999694824219,3276
2017-04-05,8.332965850830078,14.380000114440918,14.380000114440918,14.199999809265137,14.300000190734863,2596
2017-04-06,8.309785842895508,14.34000015258789,14.380000114440918,14.260000228881836,14.380000114440918,2085
2017-04-07,8.273499488830566,13.680000305175781,14.25,13.5600004196167,14.25,189
2017-04-10,8.309786796569824,13.739999771118164,13.989999771118164,13.720000267028809,13.75,1053
2017-04-11,8.297690391540527,13.720000267028809,13.720000267028809,13.430000305175781,13.720000267028809,1308
2017-04-12,8.188828468322754,13.539999961853027,13.710000038146973,13.539999961853027,13.710000038146973,301
2017-04-13,8.291642189025879,13.710000038146973,13.710000038146973,13.550000190734863,13.550000190734863,902
2017-04-18,8.225116729736328,13.600000381469727,13.710000038146973,13.550000190734863,13.699999809265137,943
2017-04-19,8.358168601989746,13.819999694824219,13.84000015258789,13.710000038146973,13.710000038146973,203
2017-04-20,8.225116729736328,13.600000381469727,13.75,13.600000381469727,13.75,260
2017-04-21,8.19487476348877,13.550000190734863,13.699999809265137,13.550000190734863,13.699999809265137,1205
2017-04-24,8.237212181091309,13.619999885559082,13.75,13.550000190734863,13.600000381469727,646
2017-04-25,8.30373764038086,13.729999542236328,13.760000228881836,13.569999694824219,13.6899995803833,1978
2017-04-26,8.412599563598633,13.90999984741211,13.930000305175781,13.779999732971191,13.930000305175781,695
2017-04-27,8.327930450439453,13.770000457763672,13.930000305175781,13.670000076293945,13.930000305175781,796
2017-04-28,8.321883201599121,13.760000228881836,13.880000114440918,13.630000114440918,13.880000114440918,893
2017-05-02,8.364216804504395,13.829999923706055,13.899999618530273,13.619999885559082,13.619999885559082,1291
2017-05-03,8.460982322692871,13.989999771118164,13.989999771118164,13.789999961853027,13.789999961853027,1178
2017-05-04,8.213020324707031,13.579999923706055,13.899999618530273,13.579999923706055,13.859999656677246,4287
2017-05-05,8.309786796569824,13.739999771118164,13.789999961853027,13.600000381469727,13.710000038146973,2483
2017-05-08,8.346074104309082,13.800000190734863,13.800000190734863,13.609999656677246,13.789999961853027,1003
2017-05-09,8.454934120178223,13.979999542236328,13.979999542236328,13.699999809265137,13.800000190734863,374
2017-05-10,8.30373764038086,13.729999542236328,13.949999809265137,13.710000038146973,13.710000038146973,125
2017-05-11,8.104157447814941,13.399999618530273,13.739999771118164,13.380000114440918,13.739999771118164,5341
2017-05-12,8.309786796569824,13.739999771118164,13.739999771118164,13.579999923706055,13.6899995803833,6450
2017-05-15,8.376313209533691,13.850000381469727,13.850000381469727,13.680000305175781,13.699999809265137,903
2017-05-16,8.406551361083984,13.899999618530273,14.010000228881836,13.899999618530273,13.90999984741211,4380
2017-05-17,8.376313209533691,13.850000381469727,14.010000228881836,13.850000381469727,13.899999618530273,1136
2017-05-18,8.279545783996582,13.6899995803833,13.859999656677246,13.6899995803833,13.8100004196167,1727
2017-05-19,8.225116729736328,13.600000381469727,13.630000114440918,13.510000228881836,13.59000015258789,1944
2017-05-22,8.285595893859863,13.699999809265137,13.800000190734863,13.600000381469727,13.600000381469727,1578
2017-05-23,8.297690391540527,13.720000267028809,13.720000267028809,13.710000038146973,13.710000038146973,638
2017-05-24,8.297690391540527,13.720000267028809,13.720000267028809,13.720000267028809,13.720000267028809,115
2017-05-26,8.346074104309082,13.800000190734863,13.979999542236328,13.75,13.75,226
2017-05-29,8.219066619873047,13.59000015258789,13.880000114440918,13.5,13.880000114440918,3349
2017-05-30,8.237212181091309,13.619999885559082,13.670000076293945,13.579999923706055,13.579999923706055,5233
2017-05-31,8.243258476257324,13.630000114440918,13.739999771118164,13.520000457763672,13.739999771118164,557
2017-06-01,8.049727439880371,13.3100004196167,13.630000114440918,13.3100004196167,13.630000114440918,2821
2017-06-02,8.11020565032959,13.40999984741211,13.569999694824219,13.359999656677246,13.359999656677246,989
2017-06-05,8.255354881286621,13.649999618530273,13.649999618530273,13.420000076293945,13.420000076293945,212
2017-06-06,8.19487476348877,13.550000190734863,13.640000343322754,13.550000190734863,13.640000343322754,515
2017-06-07,8.20092487335205,13.5600004196167,13.649999618530273,13.550000190734863,13.569999694824219,1039
2017-06-08,8.20092487335205,13.5600004196167,13.5600004196167,13.5600004196167,13.5600004196167,0
2017-06-09,8.225116729736328,13.600000381469727,13.600000381469727,13.600000381469727,13.600000381469727,40
2017-06-12,8.134397506713867,13.449999809265137,13.65999984741211,13.270000457763672,13.600000381469727,679
2017-06-13,8.1404447555542,13.460000038146973,13.510000228881836,13.460000038146973,13.5,1679
2017-06-14,8.1404447555542,13.460000038146973,13.5600004196167,13.460000038146973,13.5,1456
2017-06-15,8.170684814453125,13.510000228881836,13.699999809265137,13.460000038146973,13.460000038146973,1201
2017-06-16,8.170684814453125,13.510000228881836,13.510000228881836,13.5,13.510000228881836,1070
2017-06-19,8.285595893859863,13.699999809265137,13.699999809265137,13.460000038146973,13.510000228881836,12539
2017-06-20,8.43679141998291,13.949999809265137,13.949999809265137,13.699999809265137,13.699999809265137,5050
2017-06-21,8.521462440490723,14.09000015258789,14.09000015258789,13.899999618530273,13.970000267028809,2272
2017-06-22,8.539606094360352,14.119999885559082,14.119999885559082,13.970000267028809,14.050000190734863,2277
2017-06-26,8.545654296875,14.130000114440918,14.130000114440918,14.029999732971191,14.119999885559082,1275
2017-06-27,8.55774974822998,14.149999618530273,14.1899995803833,14.079999923706055,14.130000114440918,5394
2017-06-28,8.521462440490723,14.09000015258789,14.229999542236328,14.050000190734863,14.100000381469727,9382
2017-06-29,8.58798885345459,14.199999809265137,14.199999809265137,14.079999923706055,14.149999618530273,1370
2017-06-30,8.58798885345459,14.199999809265137,14.199999809265137,14.199999809265137,14.199999809265137,155
2017-07-03,8.6182279586792,14.25,14.350000381469727,14.199999809265137,14.25,2520
2017-07-04,8.61217975616455,14.239999771118164,14.25,13.75,14.25,3457
2017-07-05,8.829904556274414,14.600000381469727,14.699999809265137,14.25,14.25,12901
2017-07-06,8.920620918273926,14.75,14.850000381469727,14.600000381469727,14.600000381469727,4366
2017-07-07,8.551700592041016,14.140000343322754,14.399999618530273,14.140000343322754,14.399999618530273,711
2017-07-10,8.533557891845703,14.109999656677246,14.619999885559082,14.109999656677246,14.15999984741211,53
2017-07-11,8.65451431274414,14.3100004196167,14.3100004196167,14.300000190734863,14.300000190734863,151
2017-07-12,8.65451431274414,14.3100004196167,14.3100004196167,14.3100004196167,14.3100004196167,0
2017-07-13,8.660563468933105,14.319999694824219,14.399999618530273,14.319999694824219,14.399999618530273,380
2017-07-14,8.866190910339355,14.65999984741211,14.680000305175781,14.65999984741211,14.680000305175781,179
2017-07-17,8.908525466918945,14.729999542236328,14.75,14.729999542236328,14.739999771118164,430
2017-07-18,8.769424438476562,14.5,14.970000267028809,14.5,14.760000228881836,53040
2017-07-19,8.944812774658203,14.789999961853027,14.789999961853027,14.739999771118164,14.789999961853027,947
2017-07-20,8.75128173828125,14.470000267028809,14.890000343322754,14.470000267028809,14.6899995803833,852
2017-07-21,8.799663543701172,14.550000190734863,14.550000190734863,14.550000190734863,14.550000190734863,250
2017-07-24,8.799663543701172,14.550000190734863,14.550000190734863,14.539999961853027,14.550000190734863,116
2017-07-25,8.545654296875,14.130000114440918,14.899999618530273,14.130000114440918,14.850000381469727,163
2017-07-26,8.660563468933105,14.319999694824219,14.800000190734863,14.289999961853027,14.640000343322754,104
2017-07-27,8.884333610534668,14.6899995803833,14.6899995803833,14.6899995803833,14.6899995803833,35
2017-07-28,8.678706169128418,14.350000381469727,14.600000381469727,14.350000381469727,14.600000381469727,982
2017-07-31,8.690801620483398,14.369999885559082,14.369999885559082,14.350000381469727,14.369999885559082,462
2017-08-01,8.823854446411133,14.59000015258789,14.59000015258789,14.369999885559082,14.369999885559082,259
2017-08-02,8.745233535766602,14.460000038146973,14.460000038146973,14.40999984741211,14.40999984741211,26
2017-08-03,8.721041679382324,14.420000076293945,14.420000076293945,14.40999984741211,14.420000076293945,25
2017-08-04,8.733137130737305,14.4399995803833,14.4399995803833,14.4399995803833,14.4399995803833,20
2017-08-07,8.769424438476562,14.5,14.5,14.489999771118164,14.5,258
2017-08-08,8.708945274353027,14.399999618530273,14.399999618530273,14.399999618530273,14.399999618530273,160
2017-08-09,8.950860977172852,14.800000190734863,14.800000190734863,14.399999618530273,14.399999618530273,3042
2017-08-10,8.890382766723633,14.699999809265137,14.800000190734863,14.699999809265137,14.800000190734863,375
2017-08-11,8.981101036071777,14.850000381469727,14.850000381469727,14.699999809265137,14.699999809265137,1083
2017-08-14,8.950860977172852,14.800000190734863,14.800000190734863,14.699999809265137,14.800000190734863,198
2017-08-15,8.890382766723633,14.699999809265137,14.699999809265137,14.699999809265137,14.699999809265137,119
2017-08-16,8.890382766723633,14.699999809265137,14.699999809265137,14.699999809265137,14.699999809265137,113
2017-08-17,8.981101036071777,14.850000381469727,14.850000381469727,14.779999732971191,14.779999732971191,1658
2017-08-18,8.950860977172852,14.800000190734863,14.800000190734863,14.800000190734863,14.800000190734863,6829
2017-08-21,8.950860977172852,14.800000190734863,14.800000190734863,14.800000190734863,14.800000190734863,290
2017-08-22,8.98714828491211,14.859999656677246,14.899999618530273,14.800000190734863,14.800000190734863,1363
2017-08-23,8.950860977172852,14.800000190734863,14.819999694824219,14.800000190734863,14.800000190734863,3124
2017-08-24,9.071817398071289,15.0,15.130000114440918,14.989999771118164,14.989999771118164,851
2017-08-25,9.071817398071289,15.0,15.0,14.819999694824219,15.0,83
2017-08-28,9.071817398071289,15.0,15.0,15.0,15.0,3
2017-08-29,8.962956428527832,14.819999694824219,15.0,14.800000190734863,15.0,1203
2017-08-30,8.950860977172852,14.800000190734863,14.819999694824219,14.800000190734863,14.819999694824219,61
2017-08-31,9.053675651550293,14.970000267028809,14.989999771118164,14.960000038146973,14.989999771118164,680
2017-09-01,8.99924373626709,14.880000114440918,14.899999618530273,14.819999694824219,14.899999618530273,27
2017-09-04,8.950860977172852,14.800000190734863,14.880000114440918,14.800000190734863,14.800000190734863,397
2017-09-05,8.950860977172852,14.800000190734863,14.800000190734863,14.800000190734863,14.800000190734863,0
2017-09-06,8.950860977172852,14.800000190734863,14.800000190734863,14.800000190734863,14.800000190734863,496
2017-09-07,8.950860977172852,14.800000190734863,14.800000190734863,14.800000190734863,14.800000190734863,4614
2017-09-08,8.950860977172852,14.800000190734863,14.800000190734863,14.800000190734863,14.800000190734863,1952
2017-09-11,8.950860977172852,14.800000190734863,14.970000267028809,14.800000190734863,14.800000190734863,3716
2017-09-12,8.950860977172852,14.800000190734863,14.9399995803833,14.800000190734863,14.800000190734863,336
2017-09-13,9.041579246520996,14.949999809265137,14.949999809265137,14.800000190734863,14.859999656677246,6131
2017-09-14,8.950860977172852,14.800000190734863,14.859999656677246,14.800000190734863,14.800000190734863,2209
2017-09-15,8.950860977172852,14.800000190734863,14.9399995803833,14.630000114440918,14.800000190734863,3088
2017-09-18,8.950860977172852,14.800000190734863,14.800000190734863,14.800000190734863,14.800000190734863,291
2017-09-19,8.950860977172852,14.800000190734863,14.989999771118164,14.800000190734863,14.8100004196167,179
2017-09-20,9.071817398071289,15.0,15.0,14.800000190734863,14.800000190734863,798
2017-09-21,9.071817398071289,15.0,15.0,14.800000190734863,15.0,2252
2017-09-22,9.126250267028809,15.09000015258789,15.09000015258789,14.800000190734863,14.8100004196167,11532
2017-09-25,9.065770149230957,14.989999771118164,15.09000015258789,14.989999771118164,15.09000015258789,150
2017-09-26,9.059722900390625,14.979999542236328,15.0,14.800000190734863,15.0,471
2017-09-27,9.01133918762207,14.899999618530273,14.899999618530273,14.800000190734863,14.800000190734863,680
2017-09-28,8.950860977172852,14.800000190734863,14.800000190734863,14.800000190734863,14.800000190734863,859
2017-09-29,9.01133918762207,14.899999618530273,14.920000076293945,14.800000190734863,14.800000190734863,38
2017-10-02,8.981101036071777,14.850000381469727,14.850000381469727,14.800000190734863,14.8100004196167,670
2017-10-03,9.01133918762207,14.899999618530273,14.899999618530273,14.800000190734863,14.850000381469727,974
2017-10-04,8.950860977172852,14.800000190734863,14.800000190734863,14.800000190734863,14.800000190734863,5
2017-10-05,8.950860977172852,14.800000190734863,14.899999618530273,14.800000190734863,14.890000343322754,1450
2017-10-06,8.950860977172852,14.800000190734863,15.039999961853027,14.800000190734863,14.800000190734863,13202
2017-10-09,9.223015785217285,15.25,15.25,14.800000190734863,14.800000190734863,3212
2017-10-10,8.969003677368164,14.829999923706055,14.850000381469727,14.819999694824219,14.819999694824219,605
2017-10-11,8.962956428527832,14.819999694824219,14.829999923706055,14.800000190734863,14.800000190734863,200
2017-10-12,9.126250267028809,15.09000015258789,15.09000015258789,14.800000190734863,14.800000190734863,650
2017-10-13,9.120200157165527,15.079999923706055,15.079999923706055,15.0600004196167,15.0600004196167,500
2017-10-16,8.975051879882812,14.84000015258789,15.09000015258789,14.84000015258789,15.09000015258789,148
2017-10-17,8.962956428527832,14.819999694824219,14.819999694824219,14.819999694824219,14.819999694824219,14
2017-10-18,9.065770149230957,14.989999771118164,15.0,14.989999771118164,14.989999771118164,291
2017-10-19,9.13229751586914,15.100000381469727,15.100000381469727,15.0,15.0,2489
2017-10-20,9.192774772644043,15.199999809265137,15.199999809265137,15.09000015258789,15.09000015258789,2767
2017-10-23,9.271398544311523,15.329999923706055,15.329999923706055,15.100000381469727,15.199999809265137,1462
2017-10-24,9.138345718383789,15.109999656677246,15.350000381469727,15.109999656677246,15.25,4183
2017-10-25,9.253256797790527,15.300000190734863,15.350000381469727,15.300000190734863,15.34000015258789,416
2017-10-26,9.13229751586914,15.100000381469727,15.289999961853027,15.100000381469727,15.149999618530273,1545
2017-10-27,9.083914756774902,15.020000457763672,15.039999961853027,15.0,15.010000228881836,680
2017-10-30,9.083914756774902,15.020000457763672,15.020000457763672,15.020000457763672,15.020000457763672,0
2017-10-31,9.077866554260254,15.010000228881836,15.100000381469727,15.0,15.039999961853027,1176
2017-11-01,9.071817398071289,15.0,15.0,15.0,15.0,621
2017-11-02,9.071817398071289,15.0,15.0,14.829999923706055,14.829999923706055,777
2017-11-03,9.083914756774902,15.020000457763672,15.020000457763672,15.020000457763672,15.020000457763672,6
2017-11-06,9.083914756774902,15.020000457763672,15.020000457763672,15.020000457763672,15.020000457763672,403
2017-11-07,9.102058410644531,15.050000190734863,15.100000381469727,15.010000228881836,15.010000228881836,2926
2017-11-08,9.174633026123047,15.170000076293945,15.239999771118164,15.170000076293945,15.239999771118164,1198
2017-11-09,9.077866554260254,15.010000228881836,15.020000457763672,15.010000228881836,15.010000228881836,259
2017-11-10,9.210920333862305,15.229999542236328,15.229999542236328,15.010000228881836,15.010000228881836,110
2017-11-13,9.08996295928955,15.029999732971191,15.25,15.020000457763672,15.020000457763672,6419
2017-11-14,8.950860977172852,14.800000190734863,15.100000381469727,14.800000190734863,15.100000381469727,1907
2017-11-15,8.99924373626709,14.880000114440918,14.899999618530273,14.859999656677246,14.869999885559082,376
2017-11-16,8.950860977172852,14.800000190734863,14.8100004196167,14.800000190734863,14.8100004196167,1695
2017-11-17,8.956911087036133,14.8100004196167,14.899999618530273,14.800000190734863,14.800000190734863,297
2017-11-20,9.065770149230957,14.989999771118164,14.989999771118164,14.800000190734863,14.890000343322754,2783
2017-11-21,8.956911087036133,14.8100004196167,14.979999542236328,14.8100004196167,14.979999542236328,1133
2017-11-22,9.029483795166016,14.930000305175781,14.930000305175781,14.930000305175781,14.930000305175781,20
2017-11-23,8.969003677368164,14.829999923706055,14.890000343322754,14.800000190734863,14.890000343322754,817
2017-11-24,9.053675651550293,14.970000267028809,14.970000267028809,14.829999923706055,14.850000381469727,287
2017-11-27,8.950860977172852,14.800000190734863,14.800000190734863,14.800000190734863,14.800000190734863,15
2017-11-28,8.950860977172852,14.800000190734863,14.8100004196167,14.800000190734863,14.8100004196167,5315
2017-11-29,8.799663543701172,14.550000190734863,14.800000190734863,14.550000190734863,14.800000190734863,2770
2017-11-30,8.805712699890137,14.5600004196167,14.979999542236328,14.5600004196167,14.800000190734863,794
2017-12-01,8.872238159179688,14.670000076293945,14.989999771118164,14.510000228881836,14.989999771118164,263
2017-12-04,8.769424438476562,14.5,14.770000457763672,14.5,14.670000076293945,2575
2017-12-05,8.84804630279541,14.630000114440918,14.640000343322754,14.430000305175781,14.449999809265137,2512
2017-12-07,8.79361629486084,14.539999961853027,14.630000114440918,14.399999618530273,14.630000114440918,506
2017-12-08,8.769424438476562,14.5,14.600000381469727,14.270000457763672,14.600000381469727,1219
2017-12-11,8.696850776672363,14.380000114440918,14.399999618530273,14.210000038146973,14.399999618530273,2186
2017-12-12,8.708945274353027,14.399999618530273,14.399999618530273,14.300000190734863,14.359999656677246,2565
2017-12-13,8.708945274353027,14.399999618530273,14.399999618530273,14.210000038146973,14.3100004196167,1506
2017-12-14,8.75128173828125,14.470000267028809,14.5,14.399999618530273,14.399999618530273,814
2017-12-15,8.73918628692627,14.449999809265137,14.449999809265137,14.0600004196167,14.260000228881836,3791
2017-12-18,8.648468017578125,14.300000190734863,14.359999656677246,14.069999694824219,14.069999694824219,1626
2017-12-19,8.527509689331055,14.100000381469727,14.25,14.100000381469727,14.25,4330
2017-12-20,8.406551361083984,13.899999618530273,14.300000190734863,13.899999618530273,14.279999732971191,3329
2017-12-21,8.43679141998291,13.949999809265137,14.100000381469727,13.949999809265137,14.09000015258789,3175
2017-12-22,8.46703052520752,14.0,14.100000381469727,14.0,14.09000015258789,1802
2017-12-27,8.43679141998291,13.949999809265137,14.09000015258789,13.899999618530273,13.899999618530273,6606
2017-12-28,8.46703052520752,14.0,14.050000190734863,13.920000076293945,13.949999809265137,4096
2017-12-29,8.497270584106445,14.050000190734863,14.050000190734863,14.0,14.039999961853027,1091
2018-01-02,8.708945274353027,14.399999618530273,14.600000381469727,14.050000190734863,14.050000190734863,3168
2018-01-03,8.829904556274414,14.600000381469727,14.600000381469727,14.300000190734863,14.449999809265137,1422
2018-01-04,8.829904556274414,14.600000381469727,14.699999809265137,14.600000381469727,14.600000381469727,1333
2018-01-05,8.860142707824707,14.649999618530273,14.899999618530273,14.600000381469727,14.600000381469727,1363
2018-01-08,8.829904556274414,14.600000381469727,14.699999809265137,14.600000381469727,14.699999809265137,2364
2018-01-09,8.829904556274414,14.600000381469727,14.75,14.600000381469727,14.75,3137
2018-01-10,8.829904556274414,14.600000381469727,14.699999809265137,14.600000381469727,14.699999809265137,95
2018-01-11,8.950860977172852,14.800000190734863,14.800000190734863,14.600000381469727,14.600000381469727,910
2018-01-12,8.920620918273926,14.75,14.800000190734863,14.600000381469727,14.800000190734863,420
2018-01-15,8.860142707824707,14.649999618530273,14.850000381469727,14.649999618530273,14.850000381469727,740
2018-01-16,8.890382766723633,14.699999809265137,14.850000381469727,14.649999618530273,14.649999618530273,907
2018-01-17,8.860142707824707,14.649999618530273,14.699999809265137,14.649999618530273,14.699999809265137,362
2018-01-18,8.799663543701172,14.550000190734863,14.600000381469727,14.550000190734863,14.600000381469727,3188
2018-01-19,8.6182279586792,14.25,14.449999809265137,14.25,14.449999809265137,1494
2018-01-22,8.648468017578125,14.300000190734863,14.5,14.149999618530273,14.449999809265137,2754
2018-01-23,8.829904556274414,14.600000381469727,14.600000381469727,14.300000190734863,14.300000190734863,431
2018-01-24,8.769424438476562,14.5,14.5,14.100000381469727,14.199999809265137,2208
2018-01-25,8.527509689331055,14.100000381469727,14.449999809265137,14.100000381469727,14.149999618530273,1333
2018-01-26,8.73918628692627,14.449999809265137,14.449999809265137,14.100000381469727,14.100000381469727,1123
2018-01-29,8.55774974822998,14.149999618530273,14.199999809265137,13.949999809265137,14.199999809265137,2301
2018-01-30,8.648468017578125,14.300000190734863,14.300000190734863,14.300000190734863,14.300000190734863,1105
2018-01-31,8.648468017578125,14.300000190734863,14.350000381469727,14.199999809265137,14.350000381469727,965
2018-02-01,8.497270584106445,14.050000190734863,14.350000381469727,14.050000190734863,14.300000190734863,2787
2018-02-02,8.497270584106445,14.050000190734863,14.25,14.050000190734863,14.199999809265137,1739
2018-02-05,8.43679141998291,13.949999809265137,14.100000381469727,13.949999809265137,14.0,2778
2018-02-06,8.285595893859863,13.699999809265137,13.800000190734863,13.5,13.800000190734863,6442
2018-02-07,8.255354881286621,13.649999618530273,13.899999618530273,13.600000381469727,13.899999618530273,3507
2018-02-08,8.255354881286621,13.649999618530273,13.800000190734863,13.649999618530273,13.75,1343
2018-02-09,8.225116729736328,13.600000381469727,13.649999618530273,13.600000381469727,13.649999618530273,593
2018-02-12,8.346074104309082,13.800000190734863,13.800000190734863,13.600000381469727,13.600000381469727,1795
2018-02-13,8.406551361083984,13.899999618530273,13.899999618530273,13.800000190734863,13.800000190734863,2788
2018-02-14,8.46703052520752,14.0,14.199999809265137,14.0,14.199999809265137,1003
2018-02-15,8.46703052520752,14.0,14.0,14.0,14.0,100
2018-02-16,8.678706169128418,14.350000381469727,14.399999618530273,14.350000381469727,14.399999618530273,85
2018-02-19,8.55774974822998,14.149999618530273,14.149999618530273,14.0,14.149999618530273,805
2018-02-20,8.527509689331055,14.100000381469727,14.25,14.100000381469727,14.149999618530273,2100
2018-02-21,8.527509689331055,14.100000381469727,14.100000381469727,14.100000381469727,14.100000381469727,0
2018-02-22,8.55774974822998,14.149999618530273,14.199999809265137,14.149999618530273,14.199999809265137,1220
2018-02-23,8.6182279586792,14.25,14.25,14.199999809265137,14.199999809265137,800
2018-02-26,8.648468017578125,14.300000190734863,14.449999809265137,14.100000381469727,14.399999618530273,3289
2018-02-27,8.769424438476562,14.5,14.5,14.100000381469727,14.100000381469727,4481
2018-02-28,8.58798885345459,14.199999809265137,14.449999809265137,14.100000381469727,14.100000381469727,44
2018-03-01,8.55774974822998,14.149999618530273,14.350000381469727,14.149999618530273,14.199999809265137,425
2018-03-02,8.527509689331055,14.100000381469727,14.350000381469727,14.100000381469727,14.149999618530273,1154
2018-03-05,8.6182279586792,14.25,14.25,14.100000381469727,14.100000381469727,441
2018-03-06,8.6182279586792,14.25,14.300000190734863,14.199999809265137,14.199999809265137,2998
2018-03-07,8.73918628692627,14.449999809265137,14.449999809265137,14.350000381469727,14.350000381469727,1342
2018-03-08,8.55774974822998,14.149999618530273,14.449999809265137,14.149999618530273,14.449999809265137,621
2018-03-09,8.73918628692627,14.449999809265137,14.449999809265137,14.149999618530273,14.350000381469727,1154
2018-03-12,9.041579246520996,14.949999809265137,15.0,14.550000190734863,14.800000190734863,2991
2018-03-13,8.829904556274414,14.600000381469727,14.949999809265137,14.600000381469727,14.949999809265137,42
2018-03-14,8.890382766723633,14.699999809265137,14.850000381469727,14.600000381469727,14.600000381469727,448
2018-03-15,8.981101036071777,14.850000381469727,14.850000381469727,14.850000381469727,14.850000381469727,32272
2018-03-16,8.981101036071777,14.850000381469727,14.850000381469727,14.850000381469727,14.850000381469727,90
2018-03-19,9.041579246520996,14.949999809265137,14.949999809265137,14.449999809265137,14.550000190734863,437
2018-03-20,9.01133918762207,14.899999618530273,14.899999618530273,14.75,14.800000190734863,2463
2018-03-21,9.01133918762207,14.899999618530273,14.899999618530273,14.75,14.800000190734863,3306
2018-03-22,8.890382766723633,14.699999809265137,14.899999618530273,14.699999809265137,14.899999618530273,903
2018-03-23,8.829904556274414,14.600000381469727,14.649999618530273,14.600000381469727,14.649999618530273,1251
2018-03-26,8.920620918273926,14.75,14.75,14.600000381469727,14.699999809265137,1870
2018-03-27,8.73918628692627,14.449999809265137,14.699999809265137,14.449999809265137,14.699999809265137,857
2018-03-28,8.829904556274414,14.600000381469727,14.699999809265137,14.5,14.699999809265137,471
2018-03-29,8.920620918273926,14.75,14.75,14.399999618530273,14.699999809265137,1746
2018-04-03,8.950860977172852,14.800000190734863,15.0,14.600000381469727,14.800000190734863,1427
2018-04-04,8.829904556274414,14.600000381469727,14.800000190734863,14.600000381469727,14.800000190734863,59
2018-04-05,8.950860977172852,14.800000190734863,14.850000381469727,14.649999618530273,14.649999618530273,2320
2018-04-06,8.761090278625488,13.850000381469727,14.25,13.75,14.25,3327
2018-04-09,8.824347496032715,13.949999809265137,14.0,13.75,14.0,1571
2018-04-10,8.697833061218262,13.75,13.75,13.75,13.75,447
2018-04-11,8.539690971374512,13.5,13.850000381469727,13.5,13.75,2433
2018-04-12,8.476432800292969,13.399999618530273,13.75,13.199999809265137,13.199999809265137,499
2018-04-13,8.634575843811035,13.649999618530273,13.800000190734863,13.649999618530273,13.800000190734863,291
2018-04-16,8.634575843811035,13.649999618530273,13.75,13.649999618530273,13.649999618530273,184
2018-04-17,8.697833061218262,13.75,13.75,13.699999809265137,13.699999809265137,22
2018-04-18,8.919232368469238,14.100000381469727,14.100000381469727,14.100000381469727,14.100000381469727,35
2018-04-19,8.571317672729492,13.550000190734863,14.100000381469727,13.550000190734863,14.100000381469727,2328
2018-04-20,8.729462623596191,13.800000190734863,13.800000190734863,13.550000190734863,13.75,1048
2018-04-23,8.508062362670898,13.449999809265137,13.5,13.25,13.25,3210
2018-04-24,8.413177490234375,13.300000190734863,13.5,13.199999809265137,13.449999809265137,4263
2018-04-25,8.444805145263672,13.350000381469727,13.449999809265137,12.800000190734863,12.800000190734863,3210
2018-04-26,8.444805145263672,13.350000381469727,13.800000190734863,13.350000381469727,13.699999809265137,5552
2018-04-27,8.602949142456055,13.600000381469727,13.649999618530273,13.300000190734863,13.550000190734863,1435
2018-04-30,8.444805145263672,13.350000381469727,13.649999618530273,13.300000190734863,13.649999618530273,5617
2018-05-02,8.413177490234375,13.300000190734863,13.550000190734863,13.199999809265137,13.300000190734863,4821
2018-05-03,8.286663055419922,13.100000381469727,13.399999618530273,13.050000190734863,13.399999618530273,3092
2018-05-04,8.286663055419922,13.100000381469727,13.100000381469727,13.100000381469727,13.100000381469727,10
2018-05-07,8.444805145263672,13.350000381469727,13.449999809265137,13.149999618530273,13.149999618530273,235
2018-05-08,8.602949142456055,13.600000381469727,13.600000381469727,13.350000381469727,13.350000381469727,2974
2018-05-09,8.318291664123535,13.149999618530273,13.399999618530273,13.149999618530273,13.399999618530273,4559
2018-05-11,8.349920272827148,13.199999809265137,13.350000381469727,13.199999809265137,13.199999809265137,1870
2018-05-14,8.223405838012695,13.0,13.449999809265137,13.0,13.449999809265137,4499
2018-05-15,8.349920272827148,13.199999809265137,13.25,13.100000381469727,13.100000381469727,767
2018-05-16,8.286663055419922,13.100000381469727,13.300000190734863,13.100000381469727,13.300000190734863,2861
2018-05-17,8.349920272827148,13.199999809265137,13.199999809265137,13.050000190734863,13.050000190734863,499
2018-05-18,8.349920272827148,13.199999809265137,13.199999809265137,13.100000381469727,13.199999809265137,1793
2018-05-21,8.318291664123535,13.149999618530273,13.300000190734863,13.100000381469727,13.300000190734863,3646
2018-05-22,8.318291664123535,13.149999618530273,13.300000190734863,13.149999618530273,13.300000190734863,5558
2018-05-23,8.381548881530762,13.25,13.25,13.199999809265137,13.199999809265137,628
2018-05-24,8.413177490234375,13.300000190734863,13.350000381469727,13.199999809265137,13.300000190734863,356
2018-05-25,8.318291664123535,13.149999618530273,13.300000190734863,13.050000190734863,13.300000190734863,2988
2018-05-28,8.381548881530762,13.25,13.300000190734863,13.149999618530273,13.149999618530273,11221
2018-05-29,8.286663055419922,13.100000381469727,13.25,13.100000381469727,13.25,8307
2018-05-30,8.349920272827148,13.199999809265137,13.449999809265137,13.0,13.449999809265137,4269
2018-05-31,8.286663055419922,13.100000381469727,13.149999618530273,12.949999809265137,13.100000381469727,2405
2018-06-01,8.349920272827148,13.199999809265137,13.350000381469727,13.199999809265137,13.350000381469727,428
2018-06-04,8.318291664123535,13.149999618530273,13.300000190734863,13.100000381469727,13.199999809265137,994
2018-06-05,8.286663055419922,13.100000381469727,13.100000381469727,13.050000190734863,13.100000381469727,1630
2018-06-06,8.223405838012695,13.0,13.050000190734863,13.0,13.050000190734863,1866
2018-06-07,8.286663055419922,13.100000381469727,13.100000381469727,13.0,13.100000381469727,225
2018-06-08,8.286663055419922,13.100000381469727,13.199999809265137,13.0,13.199999809265137,1325
2018-06-11,8.255034446716309,13.050000190734863,13.149999618530273,13.050000190734863,13.100000381469727,151
2018-06-12,8.318291664123535,13.149999618530273,13.149999618530273,13.050000190734863,13.050000190734863,954
2018-06-13,8.381548881530762,13.25,13.25,13.149999618530273,13.149999618530273,1992
2018-06-14,8.381548881530762,13.25,13.350000381469727,13.199999809265137,13.199999809265137,2599
2018-06-15,8.381548881530762,13.25,13.399999618530273,13.100000381469727,13.350000381469727,4152
2018-06-18,8.539690971374512,13.5,13.5,13.300000190734863,13.300000190734863,6155
2018-06-19,8.508062362670898,13.449999809265137,13.600000381469727,13.350000381469727,13.550000190734863,2955
2018-06-20,8.413177490234375,13.300000190734863,13.449999809265137,13.25,13.449999809265137,6262
2018-06-21,8.349920272827148,13.199999809265137,13.5,13.199999809265137,13.300000190734863,4074
2018-06-25,8.476432800292969,13.399999618530273,13.5,13.199999809265137,13.25,2574
2018-06-26,8.476432800292969,13.399999618530273,13.399999618530273,13.350000381469727,13.350000381469727,400
2018-06-27,8.476432800292969,13.399999618530273,13.399999618530273,13.399999618530273,13.399999618530273,0
2018-06-28,8.413177490234375,13.300000190734863,13.300000190734863,13.149999618530273,13.199999809265137,298
2018-06-29,8.539690971374512,13.5,13.5,13.300000190734863,13.300000190734863,2297
2018-07-02,8.413177490234375,13.300000190734863,13.5,13.25,13.5,1158
2018-07-03,8.349920272827148,13.199999809265137,13.5,13.050000190734863,13.300000190734863,5046
2018-07-04,8.349920272827148,13.199999809265137,13.399999618530273,13.199999809265137,13.399999618530273,1260
2018-07-05,8.286663055419922,13.100000381469727,13.199999809265137,13.100000381469727,13.199999809265137,2151
2018-07-06,8.286663055419922,13.100000381469727,13.100000381469727,13.100000381469727,13.100000381469727,6
2018-07-09,8.318291664123535,13.149999618530273,13.300000190734863,13.149999618530273,13.300000190734863,1016
2018-07-10,8.476432800292969,13.399999618530273,13.399999618530273,13.399999618530273,13.399999618530273,15
2018-07-11,8.286663055419922,13.100000381469727,13.399999618530273,13.100000381469727,13.399999618530273,1551
2018-07-12,8.349920272827148,13.199999809265137,13.199999809265137,13.100000381469727,13.100000381469727,252
2018-07-13,8.444805145263672,13.350000381469727,13.350000381469727,13.199999809265137,13.199999809265137,139
2018-07-16,8.476432800292969,13.399999618530273,13.399999618530273,13.399999618530273,13.399999618530273,3
2018-07-17,8.413177490234375,13.300000190734863,13.399999618530273,13.300000190734863,13.399999618530273,1180
2018-07-18,8.413177490234375,13.300000190734863,13.449999809265137,13.300000190734863,13.399999618530273,1256
2018-07-19,8.508062362670898,13.449999809265137,13.449999809265137,13.199999809265137,13.399999618530273,1216
2018-07-20,8.761090278625488,13.850000381469727,13.949999809265137,13.600000381469727,13.600000381469727,6147
2018-07-23,8.824347496032715,13.949999809265137,14.0,13.699999809265137,14.0,1024
2018-07-24,8.855975151062012,14.0,14.0,13.800000190734863,14.0,1215
2018-07-25,8.761090278625488,13.850000381469727,14.0,13.850000381469727,14.0,483
2018-07-26,8.855975151062012,14.0,14.0,13.800000190734863,13.800000190734863,2635
2018-07-27,8.792717933654785,13.899999618530273,13.899999618530273,13.899999618530273,13.899999618530273,230
2018-07-30,8.855975151062012,14.0,14.0,13.899999618530273,14.0,457
2018-07-31,8.855975151062012,14.0,14.0,14.0,14.0,0
2018-08-01,8.761090278625488,13.850000381469727,14.0,13.800000190734863,14.0,855
2018-08-02,8.824347496032715,13.949999809265137,14.149999618530273,13.899999618530273,13.899999618530273,530
2018-08-03,8.792717933654785,13.899999618530273,13.899999618530273,13.899999618530273,13.899999618530273,102
2018-08-06,8.761090278625488,13.850000381469727,14.0,13.850000381469727,14.0,532
2018-08-07,8.855975151062012,14.0,14.0,13.850000381469727,13.850000381469727,739
2018-08-08,8.887604713439941,14.050000190734863,14.050000190734863,14.0,14.0,360
2018-08-09,8.887604713439941,14.050000190734863,14.100000381469727,14.0,14.100000381469727,405
2018-08-10,8.761090278625488,13.850000381469727,13.899999618530273,13.850000381469727,13.899999618530273,856
2018-08-13,8.761090278625488,13.850000381469727,13.899999618530273,13.800000190734863,13.800000190734863,859
2018-08-14,8.666205406188965,13.699999809265137,13.800000190734863,13.699999809265137,13.800000190734863,1111
2018-08-15,8.634575843811035,13.649999618530273,13.699999809265137,13.649999618530273,13.699999809265137,761
2018-08-16,8.602949142456055,13.600000381469727,13.649999618530273,13.350000381469727,13.649999618530273,2040
2018-08-17,8.602949142456055,13.600000381469727,13.649999618530273,13.550000190734863,13.649999618530273,4243
2018-08-20,8.602949142456055,13.600000381469727,13.600000381469727,13.449999809265137,13.5,2618
2018-08-21,8.571317672729492,13.550000190734863,13.649999618530273,13.449999809265137,13.550000190734863,2844
2018-08-22,8.539690971374512,13.5,13.600000381469727,13.449999809265137,13.600000381469727,1272
2018-08-23,8.539690971374512,13.5,13.5,13.5,13.5,1136
2018-08-24,8.634575843811035,13.649999618530273,13.649999618530273,13.550000190734863,13.600000381469727,185
2018-08-27,8.634575843811035,13.649999618530273,13.649999618530273,13.550000190734863,13.649999618530273,1164
2018-08-28,8.792717933654785,13.899999618530273,13.899999618530273,13.550000190734863,13.600000381469727,1343
2018-08-29,8.792717933654785,13.899999618530273,13.949999809265137,13.550000190734863,13.699999809265137,2735
2018-08-30,8.761090278625488,13.850000381469727,13.850000381469727,13.850000381469727,13.850000381469727,15
2018-08-31,8.824347496032715,13.949999809265137,14.0,13.850000381469727,13.850000381469727,317
2018-09-03,8.666205406188965,13.699999809265137,13.949999809265137,13.550000190734863,13.75,450
2018-09-04,8.602949142456055,13.600000381469727,13.699999809265137,13.600000381469727,13.649999618530273,6368
2018-09-05,8.634575843811035,13.649999618530273,13.649999618530273,13.600000381469727,13.600000381469727,1385
2018-09-06,8.571317672729492,13.550000190734863,13.649999618530273,13.550000190734863,13.649999618530273,5514
2018-09-07,8.634575843811035,13.649999618530273,13.649999618530273,13.5,13.5,1879
2018-09-10,8.634575843811035,13.649999618530273,13.649999618530273,13.550000190734863,13.600000381469727,2130
2018-09-11,8.571317672729492,13.550000190734863,13.649999618530273,13.5,13.550000190734863,962
2018-09-12,8.571317672729492,13.550000190734863,13.600000381469727,13.550000190734863,13.550000190734863,653
2018-09-13,8.602949142456055,13.600000381469727,13.649999618530273,13.5,13.5,337
2018-09-14,8.602949142456055,13.600000381469727,13.649999618530273,13.600000381469727,13.600000381469727,466
2018-09-17,8.634575843811035,13.649999618530273,13.649999618530273,13.550000190734863,13.600000381469727,2135
2018-09-18,8.634575843811035,13.649999618530273,13.649999618530273,13.550000190734863,13.649999618530273,592
2018-09-19,8.602949142456055,13.600000381469727,13.649999618530273,13.550000190734863,13.649999618530273,828
2018-09-20,8.666205406188965,13.699999809265137,13.699999809265137,13.600000381469727,13.600000381469727,163
2018-09-21,8.666205406188965,13.699999809265137,13.699999809265137,13.600000381469727,13.600000381469727,1000
2018-09-24,8.792717933654785,13.899999618530273,13.949999809265137,13.800000190734863,13.850000381469727,508
2018-09-25,8.761090278625488,13.850000381469727,13.899999618530273,13.699999809265137,13.899999618530273,1490
2018-09-26,8.855975151062012,14.0,14.0,13.850000381469727,13.850000381469727,1280
2018-09-27,8.761090278625488,13.850000381469727,14.0,13.75,13.850000381469727,1348
2018-09-28,8.761090278625488,13.850000381469727,13.899999618530273,13.649999618530273,13.850000381469727,2821
2018-10-01,8.729462623596191,13.800000190734863,13.800000190734863,13.800000190734863,13.800000190734863,649
2018-10-02,8.729462623596191,13.800000190734863,13.850000381469727,13.800000190734863,13.850000381469727,77
2018-10-03,8.697833061218262,13.75,13.800000190734863,13.600000381469727,13.800000190734863,965
2018-10-04,8.602949142456055,13.600000381469727,13.850000381469727,13.550000190734863,13.699999809265137,3194
2018-10-05,8.539690971374512,13.5,13.600000381469727,13.5,13.600000381469727,1529
2018-10-08,8.571317672729492,13.550000190734863,13.600000381469727,13.5,13.600000381469727,1027
2018-10-09,8.602949142456055,13.600000381469727,13.600000381469727,13.399999618530273,13.5,1745
2018-10-10,8.223405838012695,13.0,13.5,13.0,13.449999809265137,1092
2018-10-11,8.318291664123535,13.149999618530273,13.399999618530273,13.0,13.399999618530273,3021
2018-10-12,8.318291664123535,13.149999618530273,13.300000190734863,13.149999618530273,13.300000190734863,2320
2018-10-15,8.413177490234375,13.300000190734863,13.300000190734863,13.199999809265137,13.300000190734863,1095
2018-10-16,8.476432800292969,13.399999618530273,13.399999618530273,13.199999809265137,13.300000190734863,3419
2018-10-17,8.413177490234375,13.300000190734863,13.399999618530273,13.199999809265137,13.399999618530273,457
2018-10-18,8.508062362670898,13.449999809265137,13.449999809265137,13.350000381469727,13.350000381469727,1177
2018-10-19,8.381548881530762,13.25,13.449999809265137,13.25,13.449999809265137,442
2018-10-22,8.444805145263672,13.350000381469727,13.449999809265137,13.25,13.350000381469727,2170
2018-10-23,8.444805145263672,13.350000381469727,13.550000190734863,12.800000190734863,13.149999618530273,9503
2018-10-24,8.476432800292969,13.399999618530273,13.75,13.350000381469727,13.399999618530273,2384
2018-10-25,8.539690971374512,13.5,13.5,13.350000381469727,13.350000381469727,3060
2018-10-26,8.381548881530762,13.25,13.550000190734863,13.199999809265137,13.550000190734863,1649
2018-10-29,8.381548881530762,13.25,13.399999618530273,13.050000190734863,13.399999618530273,655
2018-10-30,8.508062362670898,13.449999809265137,13.449999809265137,13.350000381469727,13.350000381469727,833
2018-10-31,8.602949142456055,13.600000381469727,13.600000381469727,13.350000381469727,13.399999618530273,382
2018-11-01,8.539690971374512,13.5,13.600000381469727,13.5,13.600000381469727,510
2018-11-02,8.476432800292969,13.399999618530273,13.600000381469727,13.399999618530273,13.600000381469727,447
2018-11-05,8.349920272827148,13.199999809265137,13.550000190734863,13.199999809265137,13.449999809265137,1307
2018-11-06,8.476432800292969,13.399999618530273,13.399999618530273,13.199999809265137,13.25,1100
2018-11-07,8.444805145263672,13.350000381469727,13.550000190734863,13.350000381469727,13.449999809265137,1203
2018-11-08,8.476432800292969,13.399999618530273,13.550000190734863,13.399999618530273,13.5,257
2018-11-09,8.476432800292969,13.399999618530273,13.5,13.399999618530273,13.5,648
2018-11-12,8.444805145263672,13.350000381469727,13.600000381469727,13.350000381469727,13.600000381469727,2087
2018-11-13,8.444805145263672,13.350000381469727,13.449999809265137,13.350000381469727,13.350000381469727,137
2018-11-14,8.571317672729492,13.550000190734863,13.550000190734863,13.350000381469727,13.399999618530273,1450
2018-11-15,8.381548881530762,13.25,13.5,13.25,13.5,2130
2018-11-16,8.444805145263672,13.350000381469727,13.5,13.300000190734863,13.300000190734863,464
2018-11-19,8.413177490234375,13.300000190734863,13.449999809265137,13.300000190734863,13.449999809265137,192
2018-11-20,8.508062362670898,13.449999809265137,13.5,13.25,13.350000381469727,1456
2018-11-21,8.381548881530762,13.25,13.25,13.25,13.25,3
2018-11-22,8.413177490234375,13.300000190734863,13.300000190734863,13.199999809265137,13.25,11350
2018-11-23,8.444805145263672,13.350000381469727,13.449999809265137,13.300000190734863,13.300000190734863,945
2018-11-26,8.539690971374512,13.5,13.5,13.25,13.25,560
2018-11-27,8.602949142456055,13.600000381469727,13.600000381469727,13.25,13.449999809265137,2451
2018-11-28,8.539690971374512,13.5,13.5,13.5,13.5,94
2018-11-29,8.539690971374512,13.5,13.600000381469727,13.5,13.550000190734863,2791
2018-11-30,8.508062362670898,13.449999809265137,13.449999809265137,13.300000190734863,13.449999809265137,1527
2018-12-03,8.602949142456055,13.600000381469727,13.600000381469727,13.300000190734863,13.449999809265137,2891
2018-12-04,8.476432800292969,13.399999618530273,13.5,13.399999618530273,13.449999809265137,742
2018-12-05,8.381548881530762,13.25,13.399999618530273,13.0,13.399999618530273,2620
2018-12-07,8.444805145263672,13.350000381469727,13.350000381469727,13.100000381469727,13.199999809265137,1286
2018-12-10,8.476432800292969,13.399999618530273,13.399999618530273,13.0,13.050000190734863,62080
2018-12-11,8.476432800292969,13.399999618530273,13.399999618530273,13.100000381469727,13.199999809265137,2695
2018-12-12,8.349920272827148,13.199999809265137,13.449999809265137,13.100000381469727,13.449999809265137,4024
2018-12-13,8.381548881530762,13.25,13.300000190734863,13.100000381469727,13.300000190734863,1322
2018-12-14,8.444805145263672,13.350000381469727,13.350000381469727,13.100000381469727,13.199999809265137,1319
2018-12-17,8.318291664123535,13.149999618530273,13.350000381469727,13.050000190734863,13.300000190734863,1852
2018-12-18,8.286663055419922,13.100000381469727,13.149999618530273,13.0,13.149999618530273,816
2018-12-19,8.318291664123535,13.149999618530273,13.300000190734863,13.100000381469727,13.100000381469727,4581
2018-12-20,8.318291664123535,13.149999618530273,13.300000190734863,13.100000381469727,13.149999618530273,4248
2018-12-21,8.286663055419922,13.100000381469727,13.25,13.100000381469727,13.149999618530273,1639
2018-12-27,8.223405838012695,13.0,13.149999618530273,13.0,13.050000190734863,3757
2018-12-28,8.286663055419922,13.100000381469727,13.100000381469727,12.949999809265137,13.0,5854
2019-01-02,8.286663055419922,13.100000381469727,13.25,13.0,13.25,6585
2019-01-03,8.255034446716309,13.050000190734863,13.100000381469727,12.699999809265137,13.100000381469727,4956
2019-01-04,8.286663055419922,13.100000381469727,13.100000381469727,12.949999809265137,13.100000381469727,3528
2019-01-07,8.286663055419922,13.100000381469727,13.100000381469727,13.0,13.100000381469727,5696
2019-01-08,8.286663055419922,13.100000381469727,13.100000381469727,13.100000381469727,13.100000381469727,5484
2019-01-09,8.286663055419922,13.100000381469727,13.100000381469727,13.050000190734863,13.100000381469727,7377
2019-01-10,8.286663055419922,13.100000381469727,13.100000381469727,13.050000190734863,13.050000190734863,753
2019-01-11,8.286663055419922,13.100000381469727,13.100000381469727,13.0,13.100000381469727,2214
2019-01-14,8.286663055419922,13.100000381469727,13.100000381469727,13.0,13.050000190734863,2268
2019-01-15,8.223405838012695,13.0,13.100000381469727,13.0,13.0,5730
2019-01-16,8.255034446716309,13.050000190734863,13.050000190734863,13.0,13.050000190734863,2278
2019-01-17,8.255034446716309,13.050000190734863,13.050000190734863,13.0,13.050000190734863,1196
2019-01-18,8.286663055419922,13.100000381469727,13.100000381469727,13.0,13.050000190734863,5520
2019-01-21,8.286663055419922,13.100000381469727,13.100000381469727,13.100000381469727,13.100000381469727,5935
2019-01-22,8.286663055419922,13.100000381469727,13.100000381469727,13.0,13.100000381469727,2819
2019-01-23,8.286663055419922,13.100000381469727,13.100000381469727,13.0,13.0,11455
2019-01-24,8.286663055419922,13.100000381469727,13.100000381469727,13.100000381469727,13.100000381469727,2295
2019-01-25,8.286663055419922,13.100000381469727,13.100000381469727,13.100000381469727,13.100000381469727,11392
2019-01-28,8.286663055419922,13.100000381469727,13.100000381469727,13.050000190734863,13.100000381469727,6117
2019-01-29,8.286663055419922,13.100000381469727,13.100000381469727,13.100000381469727,13.100000381469727,1439
2019-01-30,8.255034446716309,13.050000190734863,13.100000381469727,13.050000190734863,13.100000381469727,9395
2019-01-31,8.286663055419922,13.100000381469727,13.100000381469727,13.0,13.100000381469727,66065
2019-02-01,8.286663055419922,13.100000381469727,13.100000381469727,13.050000190734863,13.100000381469727,37863
2019-02-04,8.539690971374512,13.5,13.600000381469727,13.100000381469727,13.100000381469727,23496
2019-02-05,8.824347496032715,13.949999809265137,13.949999809265137,13.5,13.550000190734863,5697
2019-02-06,8.602949142456055,13.600000381469727,13.899999618530273,13.600000381469727,13.800000190734863,10761
2019-02-07,8.697833061218262,13.75,13.800000190734863,13.550000190734863,13.800000190734863,10246
2019-02-08,8.697833061218262,13.75,14.050000190734863,13.75,13.850000381469727,13436
2019-02-11,8.887604713439941,14.050000190734863,14.050000190734863,13.800000190734863,13.949999809265137,20930
2019-02-12,8.761090278625488,13.850000381469727,14.0,13.850000381469727,14.0,3018
2019-02-13,8.824347496032715,13.949999809265137,14.0,13.850000381469727,14.0,2597
2019-02-14,8.792717933654785,13.899999618530273,13.899999618530273,13.850000381469727,13.899999618530273,3095
2019-02-15,8.761090278625488,13.850000381469727,13.899999618530273,13.75,13.800000190734863,2161
2019-02-18,8.855975151062012,14.0,14.0,13.850000381469727,13.899999618530273,2589
2019-02-19,8.855975151062012,14.0,14.0,13.899999618530273,13.949999809265137,280
2019-02-20,8.824347496032715,13.949999809265137,14.0,13.899999618530273,13.949999809265137,1545
2019-02-21,8.729462623596191,13.800000190734863,14.0,13.800000190734863,14.0,1551
2019-02-22,8.792717933654785,13.899999618530273,13.899999618530273,13.800000190734863,13.800000190734863,1100
2019-02-25,8.824347496032715,13.949999809265137,13.949999809265137,13.800000190734863,13.899999618530273,3666
2019-02-26,8.792717933654785,13.899999618530273,13.899999618530273,13.800000190734863,13.800000190734863,706
2019-02-27,8.729462623596191,13.800000190734863,13.800000190734863,13.800000190734863,13.800000190734863,396
2019-02-28,8.855975151062012,14.0,14.0,13.800000190734863,13.899999618530273,5826
2019-03-01,8.792717933654785,13.899999618530273,14.0,13.899999618530273,14.0,571
2019-03-04,8.792717933654785,13.899999618530273,13.899999618530273,13.75,13.899999618530273,3892
2019-03-05,8.761090278625488,13.850000381469727,13.850000381469727,13.800000190734863,13.850000381469727,2496
2019-03-06,8.855975151062012,14.0,14.0,13.800000190734863,13.850000381469727,5973
2019-03-07,8.855975151062012,14.0,14.100000381469727,13.899999618530273,14.0,4684
2019-03-08,8.729462623596191,13.800000190734863,14.0,13.800000190734863,14.0,2277
2019-03-11,8.855975151062012,14.0,14.100000381469727,14.0,14.050000190734863,853
2019-03-12,8.855975151062012,14.0,14.0,14.0,14.0,2105
2019-03-13,8.855975151062012,14.0,14.050000190734863,14.0,14.0,734
2019-03-14,8.855975151062012,14.0,14.100000381469727,14.0,14.100000381469727,355
2019-03-15,8.855975151062012,14.0,14.149999618530273,14.0,14.100000381469727,1486
2019-03-18,8.950860977172852,14.149999618530273,14.149999618530273,14.0,14.050000190734863,1000
2019-03-19,8.950860977172852,14.149999618530273,14.199999809265137,14.0,14.100000381469727,1937
2019-03-20,8.950860977172852,14.149999618530273,14.149999618530273,14.149999618530273,14.149999618530273,235
2019-03-21,8.950860977172852,14.149999618530273,14.25,14.100000381469727,14.199999809265137,850
2019-03-22,8.950860977172852,14.149999618530273,14.25,14.149999618530273,14.25,586
2019-03-25,8.950860977172852,14.149999618530273,14.350000381469727,14.100000381469727,14.149999618530273,1841
2019-03-26,8.950860977172852,14.149999618530273,14.199999809265137,14.050000190734863,14.100000381469727,716
2019-03-27,8.919232368469238,14.100000381469727,14.199999809265137,14.100000381469727,14.100000381469727,1215
2019-03-28,9.077374458312988,14.350000381469727,14.350000381469727,14.199999809265137,14.199999809265137,1000
2019-03-29,8.982489585876465,14.199999809265137,14.300000190734863,14.149999618530273,14.149999618530273,1333
2019-04-01,8.982489585876465,14.199999809265137,14.550000190734863,14.199999809265137,14.199999809265137,1363
2019-04-02,9.140632629394531,14.449999809265137,14.449999809265137,14.199999809265137,14.300000190734863,3028
2019-04-03,9.109003067016602,14.399999618530273,14.5,14.25,14.300000190734863,6643
2019-04-04,9.142248153686523,13.75,13.949999809265137,13.600000381469727,13.850000381469727,4635
2019-04-05,9.07575798034668,13.649999618530273,13.899999618530273,13.600000381469727,13.800000190734863,1268
2019-04-08,9.07575798034668,13.649999618530273,13.800000190734863,13.649999618530273,13.800000190734863,1092
2019-04-09,9.009270668029785,13.550000190734863,13.800000190734863,13.550000190734863,13.649999618530273,2179
2019-04-10,9.109003067016602,13.699999809265137,13.699999809265137,13.550000190734863,13.550000190734863,1045
2019-04-11,9.308470726013184,14.0,14.0,13.550000190734863,13.649999618530273,15497
2019-04-12,9.374958992004395,14.100000381469727,14.100000381469727,13.649999618530273,13.949999809265137,6494
2019-04-15,9.308470726013184,14.0,14.050000190734863,14.0,14.050000190734863,1740
2019-04-16,9.374958992004395,14.100000381469727,14.100000381469727,13.850000381469727,14.0,4839
2019-04-17,9.374958992004395,14.100000381469727,14.100000381469727,14.100000381469727,14.100000381469727,1003
2019-04-18,9.24198055267334,13.899999618530273,13.949999809265137,13.800000190734863,13.800000190734863,100
2019-04-23,9.408204078674316,14.149999618530273,14.199999809265137,14.0,14.199999809265137,621
2019-04-24,9.24198055267334,13.899999618530273,14.100000381469727,13.75,14.100000381469727,912
2019-04-25,9.374958992004395,14.100000381469727,14.199999809265137,14.100000381469727,14.199999809265137,1001
2019-04-26,9.374958992004395,14.100000381469727,14.149999618530273,13.949999809265137,14.149999618530273,625
2019-04-29,9.541183471679688,14.350000381469727,14.399999618530273,14.100000381469727,14.199999809265137,13146
2019-04-30,9.574427604675293,14.399999618530273,14.449999809265137,14.199999809265137,14.350000381469727,2153
2019-05-02,9.64091682434082,14.5,14.550000190734863,14.300000190734863,14.5,3784
2019-05-03,9.674160957336426,14.550000190734863,14.600000381469727,14.5,14.5,4383
2019-05-06,9.574427604675293,14.399999618530273,14.550000190734863,14.300000190734863,14.550000190734863,2253
2019-05-07,9.64091682434082,14.5,14.550000190734863,14.5,14.550000190734863,1065
2019-05-08,9.64091682434082,14.5,14.550000190734863,14.350000381469727,14.5,1932
2019-05-09,9.64091682434082,14.5,14.5,14.199999809265137,14.5,2890
2019-05-10,9.507938385009766,14.300000190734863,14.5,14.199999809265137,14.199999809265137,192
2019-05-13,8.976025581359863,13.5,14.399999618530273,13.5,14.300000190734863,2762
2019-05-14,9.24198055267334,13.899999618530273,14.350000381469727,13.800000190734863,13.800000190734863,1085
2019-05-15,9.341714859008789,14.050000190734863,14.100000381469727,14.050000190734863,14.050000190734863,1143
2019-05-16,9.341714859008789,14.050000190734863,14.050000190734863,14.050000190734863,14.050000190734863,0
2019-05-17,9.308470726013184,14.0,14.050000190734863,14.0,14.050000190734863,592
2019-05-20,9.24198055267334,13.899999618530273,14.149999618530273,13.899999618530273,14.100000381469727,2075
2019-05-21,9.308470726013184,14.0,14.0,13.949999809265137,13.949999809265137,555
2019-05-22,9.308470726013184,14.0,14.100000381469727,14.0,14.100000381469727,396
2019-05-23,9.24198055267334,13.899999618530273,14.0,13.899999618530273,13.899999618530273,560
2019-05-24,9.441448211669922,14.199999809265137,14.199999809265137,14.0,14.0,2080
2019-05-27,9.308470726013184,14.0,14.0,13.800000190734863,13.800000190734863,863
2019-05-28,9.208736419677734,13.850000381469727,14.100000381469727,13.850000381469727,13.850000381469727,1109
2019-05-29,9.308470726013184,14.0,14.0,13.850000381469727,13.850000381469727,169
2019-05-31,9.308470726013184,14.0,14.100000381469727,13.850000381469727,14.0,748
2019-06-03,9.308470726013184,14.0,14.100000381469727,14.0,14.0,884
2019-06-04,9.374958992004395,14.100000381469727,14.149999618530273,14.0,14.0,1366
2019-06-05,9.374958992004395,14.100000381469727,14.100000381469727,14.0,14.050000190734863,739
2019-06-06,9.374958992004395,14.100000381469727,14.100000381469727,14.100000381469727,14.100000381469727,0
2019-06-07,9.374958992004395,14.100000381469727,14.149999618530273,14.0,14.0,2691
2019-06-10,9.507938385009766,14.300000190734863,14.300000190734863,14.199999809265137,14.199999809265137,452
2019-06-11,9.441448211669922,14.199999809265137,14.399999618530273,14.199999809265137,14.300000190734863,301
2019-06-12,9.541183471679688,14.350000381469727,14.399999618530273,14.350000381469727,14.399999618530273,573
2019-06-13,9.64091682434082,14.5,14.5,14.300000190734863,14.399999618530273,1840
2019-06-14,9.607672691345215,14.449999809265137,14.550000190734863,14.199999809265137,14.550000190734863,876
2019-06-17,9.773894309997559,14.699999809265137,14.699999809265137,14.300000190734863,14.300000190734863,1646
2019-06-18,9.773894309997559,14.699999809265137,14.699999809265137,14.550000190734863,14.699999809265137,4278
2019-06-19,9.507938385009766,14.300000190734863,14.600000381469727,14.300000190734863,14.5,61642
2019-06-20,9.474693298339844,14.25,14.300000190734863,14.149999618530273,14.300000190734863,3259
2019-06-24,9.507938385009766,14.300000190734863,14.300000190734863,14.25,14.25,2705
2019-06-25,9.507938385009766,14.300000190734863,14.300000190734863,14.300000190734863,14.300000190734863,12
2019-06-26,9.474693298339844,14.25,14.300000190734863,14.25,14.300000190734863,27
2019-06-27,9.441448211669922,14.199999809265137,14.399999618530273,14.199999809265137,14.300000190734863,1489
2019-06-28,9.674160957336426,14.550000190734863,14.550000190734863,14.300000190734863,14.300000190734863,76
2019-07-01,9.64091682434082,14.5,14.5,14.5,14.5,3
2019-07-02,9.64091682434082,14.5,14.5,14.300000190734863,14.449999809265137,1089
2019-07-03,9.574427604675293,14.399999618530273,14.399999618530273,14.300000190734863,14.300000190734863,830
2019-07-04,9.507938385009766,14.300000190734863,14.399999618530273,14.25,14.300000190734863,230
2019-07-05,9.64091682434082,14.5,14.600000381469727,14.350000381469727,14.399999618530273,2127
2019-07-08,9.574427604675293,14.399999618530273,14.600000381469727,14.399999618530273,14.550000190734863,769
2019-07-09,9.574427604675293,14.399999618530273,14.550000190734863,14.399999618530273,14.550000190734863,380
2019-07-10,9.507938385009766,14.300000190734863,14.550000190734863,14.300000190734863,14.5,1527
2019-07-11,9.607672691345215,14.449999809265137,14.449999809265137,14.449999809265137,14.449999809265137,93
2019-07-12,9.574427604675293,14.399999618530273,14.649999618530273,14.399999618530273,14.649999618530273,2704
2019-07-15,9.707405090332031,14.600000381469727,14.649999618530273,14.300000190734863,14.399999618530273,715
2019-07-16,9.674160957336426,14.550000190734863,14.600000381469727,14.350000381469727,14.600000381469727,295
2019-07-17,9.674160957336426,14.550000190734863,14.550000190734863,14.550000190734863,14.550000190734863,15
2019-07-18,9.707405090332031,14.600000381469727,14.699999809265137,14.550000190734863,14.550000190734863,2278
2019-07-19,9.80713939666748,14.75,14.75,14.600000381469727,14.699999809265137,1850
2019-07-22,9.80713939666748,14.75,14.75,14.600000381469727,14.75,5221
2019-07-23,9.80713939666748,14.75,14.800000190734863,14.699999809265137,14.75,6432
2019-07-24,9.80713939666748,14.75,14.75,14.699999809265137,14.699999809265137,63626
2019-07-25,9.90687084197998,14.899999618530273,14.899999618530273,14.850000381469727,14.850000381469727,857
2019-07-26,9.773894309997559,14.699999809265137,14.800000190734863,14.699999809265137,14.800000190734863,9032
2019-07-29,9.773894309997559,14.699999809265137,14.699999809265137,14.649999618530273,14.699999809265137,4209
2019-07-30,9.707405090332031,14.600000381469727,14.699999809265137,14.600000381469727,14.699999809265137,5585
2019-07-31,9.873628616333008,14.850000381469727,14.850000381469727,14.649999618530273,14.699999809265137,109
2019-08-01,9.773894309997559,14.699999809265137,14.699999809265137,14.600000381469727,14.699999809265137,4585
2019-08-02,9.740649223327637,14.649999618530273,14.649999618530273,14.5,14.600000381469727,1987
2019-08-05,9.674160957336426,14.550000190734863,14.800000190734863,14.550000190734863,14.699999809265137,3627
2019-08-06,9.64091682434082,14.5,14.5,14.449999809265137,14.449999809265137,815
2019-08-07,9.541183471679688,14.350000381469727,14.449999809265137,14.350000381469727,14.449999809265137,654
2019-08-08,9.64091682434082,14.5,14.5,14.5,14.5,179
2019-08-09,9.64091682434082,14.5,14.5,14.5,14.5,393
2019-08-12,9.574427604675293,14.399999618530273,14.550000190734863,14.300000190734863,14.5,1602
2019-08-13,9.541183471679688,14.350000381469727,14.399999618530273,14.199999809265137,14.399999618530273,1209
2019-08-14,9.408204078674316,14.149999618530273,14.399999618530273,14.149999618530273,14.399999618530273,529
2019-08-15,9.507938385009766,14.300000190734863,14.300000190734863,14.149999618530273,14.199999809265137,1189
2019-08-16,9.474693298339844,14.25,14.300000190734863,14.25,14.300000190734863,74
2019-08-19,9.474693298339844,14.25,14.300000190734863,14.100000381469727,14.25,714
2019-08-20,9.507938385009766,14.300000190734863,14.300000190734863,14.25,14.25,605
2019-08-21,9.507938385009766,14.300000190734863,14.300000190734863,14.199999809265137,14.300000190734863,1500
2019-08-22,9.441448211669922,14.199999809265137,14.300000190734863,14.100000381469727,14.300000190734863,1694
2019-08-23,9.474693298339844,14.25,14.25,14.0,14.149999618530273,624
2019-08-26,9.441448211669922,14.199999809265137,14.25,14.199999809265137,14.25,251
2019-08-27,9.441448211669922,14.199999809265137,14.199999809265137,14.0,14.149999618530273,1778
2019-08-28,9.507938385009766,14.300000190734863,14.300000190734863,14.199999809265137,14.300000190734863,890
2019-08-29,9.474693298339844,14.25,14.25,14.100000381469727,14.199999809265137,406
2019-08-30,9.507938385009766,14.300000190734863,14.300000190734863,14.25,14.25,231
2019-09-02,9.474693298339844,14.25,14.300000190734863,14.050000190734863,14.300000190734863,1292
2019-09-03,9.474693298339844,14.25,14.25,14.100000381469727,14.100000381469727,206
2019-09-04,9.474693298339844,14.25,14.25,14.149999618530273,14.149999618530273,778
2019-09-05,9.474693298339844,14.25,14.25,14.050000190734863,14.149999618530273,3002
2019-09-06,9.474693298339844,14.25,14.25,14.100000381469727,14.199999809265137,2234
2019-09-09,9.507938385009766,14.300000190734863,14.300000190734863,14.199999809265137,14.199999809265137,1976
2019-09-10,9.507938385009766,14.300000190734863,14.300000190734863,14.100000381469727,14.149999618530273,1547
2019-09-11,9.507938385009766,14.300000190734863,14.300000190734863,14.25,14.300000190734863,2833
2019-09-12,9.507938385009766,14.300000190734863,14.350000381469727,14.25,14.300000190734863,2061
2019-09-13,9.507938385009766,14.300000190734863,14.300000190734863,14.149999618530273,14.25,2029
2019-09-16,9.507938385009766,14.300000190734863,14.300000190734863,14.25,14.300000190734863,1508
2019-09-17,9.507938385009766,14.300000190734863,14.300000190734863,14.25,14.300000190734863,520
2019-09-18,9.507938385009766,14.300000190734863,14.300000190734863,14.149999618530273,14.300000190734863,3938
2019-09-19,9.574427604675293,14.399999618530273,14.399999618530273,14.300000190734863,14.300000190734863,3799
2019-09-20,9.773894309997559,14.699999809265137,14.699999809265137,14.199999809265137,14.350000381469727,5455
2019-09-23,9.80713939666748,14.75,14.75,14.5,14.699999809265137,2448
2019-09-24,9.840383529663086,14.800000190734863,14.850000381469727,14.75,14.75,1135
2019-09-25,9.607672691345215,14.449999809265137,14.800000190734863,14.350000381469727,14.800000190734863,5270
2019-09-26,9.773894309997559,14.699999809265137,14.699999809265137,14.550000190734863,14.550000190734863,1440
2019-09-27,9.840383529663086,14.800000190734863,14.800000190734863,14.699999809265137,14.699999809265137,1404
2019-09-30,9.873628616333008,14.850000381469727,14.850000381469727,14.800000190734863,14.800000190734863,1327
2019-10-01,9.840383529663086,14.800000190734863,15.0,14.5,15.0,10141
2019-10-02,9.840383529663086,14.800000190734863,14.949999809265137,14.800000190734863,14.949999809265137,685
2019-10-03,9.840383529663086,14.800000190734863,14.850000381469727,14.699999809265137,14.800000190734863,3164
2019-10-04,9.740649223327637,14.649999618530273,14.949999809265137,14.649999618530273,14.949999809265137,320
2019-10-07,9.840383529663086,14.800000190734863,15.0,14.800000190734863,14.850000381469727,27
2019-10-08,10.172828674316406,15.300000190734863,15.75,14.949999809265137,15.550000190734863,8712
2019-10-09,10.006606101989746,15.050000190734863,15.300000190734863,15.0,15.300000190734863,776
2019-10-10,9.973361015319824,15.0,15.199999809265137,15.0,15.0,117
2019-10-11,10.073095321655273,15.149999618530273,15.25,15.0,15.199999809265137,866
2019-10-14,10.106340408325195,15.199999809265137,15.199999809265137,15.149999618530273,15.199999809265137,429
2019-10-15,10.006606101989746,15.050000190734863,15.300000190734863,15.050000190734863,15.300000190734863,556
2019-10-16,10.106340408325195,15.199999809265137,15.25,15.199999809265137,15.199999809265137,495
2019-10-17,10.106340408325195,15.199999809265137,15.199999809265137,15.199999809265137,15.199999809265137,1739
2019-10-18,10.006606101989746,15.050000190734863,15.25,15.0,15.25,1706
2019-10-21,10.139582633972168,15.25,15.25,15.050000190734863,15.25,765
2019-10-22,10.139582633972168,15.25,15.300000190734863,15.149999618530273,15.25,1243
2019-10-23,10.505274772644043,15.800000190734863,15.850000381469727,15.300000190734863,15.300000190734863,9181
2019-10-24,10.438783645629883,15.699999809265137,15.800000190734863,15.649999618530273,15.75,3882
2019-10-25,10.472029685974121,15.75,15.75,15.5,15.550000190734863,481
2019-10-28,10.505274772644043,15.800000190734863,15.850000381469727,15.75,15.75,2130
2019-10-29,10.538519859313965,15.850000381469727,15.949999809265137,15.600000381469727,15.600000381469727,2860
2019-10-30,10.472029685974121,15.75,15.899999618530273,15.75,15.899999618530273,1127
2019-10-31,10.804474830627441,16.25,16.25,15.850000381469727,15.899999618530273,2403
2019-11-01,10.804474830627441,16.25,16.25,16.0,16.25,2791
2019-11-04,10.704741477966309,16.100000381469727,16.5,16.100000381469727,16.399999618530273,643
2019-11-05,11.136920928955078,16.75,16.75,16.0,16.100000381469727,4679
2019-11-06,11.07043170928955,16.649999618530273,16.649999618530273,16.049999237060547,16.200000762939453,2094
2019-11-07,10.771230697631836,16.200000762939453,16.5,16.100000381469727,16.100000381469727,1642
2019-11-08,10.505274772644043,15.800000190734863,16.200000762939453,15.800000190734863,16.200000762939453,3808
2019-11-11,10.870965957641602,16.350000381469727,16.399999618530273,15.699999809265137,15.800000190734863,3730
2019-11-12,10.771230697631836,16.200000762939453,16.200000762939453,16.0,16.200000762939453,2610
2019-11-13,10.571763038635254,15.899999618530273,16.25,15.850000381469727,16.25,1756
2019-11-14,10.638253211975098,16.0,16.0,15.800000190734863,15.899999618530273,1405
2019-11-15,10.771230697631836,16.200000762939453,16.200000762939453,16.100000381469727,16.200000762939453,1064
2019-11-18,10.571763038635254,15.899999618530273,16.25,15.899999618530273,16.25,2469
2019-11-19,10.638253211975098,16.0,16.149999618530273,15.899999618530273,15.899999618530273,884
2019-11-20,10.73798656463623,16.149999618530273,16.149999618530273,15.949999809265137,15.949999809265137,1530
2019-11-21,10.571763038635254,15.899999618530273,16.200000762939453,15.899999618530273,16.200000762939453,2034
2019-11-22,10.638253211975098,16.0,16.0,15.800000190734863,15.899999618530273,20151
2019-11-25,10.538519859313965,15.850000381469727,16.100000381469727,15.850000381469727,16.0,2421
2019-11-26,10.505274772644043,15.800000190734863,16.100000381469727,15.75,16.0,3935
2019-11-27,10.704741477966309,16.100000381469727,16.100000381469727,16.0,16.049999237060547,1480
2019-11-28,10.704741477966309,16.100000381469727,16.100000381469727,15.949999809265137,16.100000381469727,2856
2019-11-29,10.704741477966309,16.100000381469727,16.149999618530273,16.100000381469727,16.149999618530273,55
2019-12-02,10.605008125305176,15.949999809265137,16.149999618530273,15.800000190734863,16.149999618530273,8412
2019-12-03,10.605008125305176,15.949999809265137,16.0,15.800000190734863,15.899999618530273,3237
2019-12-04,10.505274772644043,15.800000190734863,15.949999809265137,15.800000190734863,15.899999618530273,741
2019-12-05,10.472029685974121,15.75,15.899999618530273,15.75,15.800000190734863,2240
2019-12-09,10.472029685974121,15.75,15.800000190734863,15.699999809265137,15.699999809265137,345
2019-12-10,10.605008125305176,15.949999809265137,15.949999809265137,15.75,15.75,574
2019-12-11,10.804474830627441,16.25,16.25,15.899999618530273,15.899999618530273,391
2019-12-12,10.704741477966309,16.100000381469727,16.100000381469727,15.800000190734863,15.800000190734863,652
2019-12-13,10.704741477966309,16.100000381469727,16.100000381469727,16.100000381469727,16.100000381469727,241
2019-12-16,10.73798656463623,16.149999618530273,16.549999237060547,16.0,16.100000381469727,2844
2019-12-17,10.771230697631836,16.200000762939453,16.450000762939453,16.200000762939453,16.25,2004
2019-12-18,10.870965957641602,16.350000381469727,16.549999237060547,16.100000381469727,16.100000381469727,1718
2019-12-19,10.970696449279785,16.5,16.5,16.25,16.399999618530273,2181
2019-12-20,10.937453269958496,16.450000762939453,16.600000381469727,16.200000762939453,16.5,2643
2019-12-23,10.970696449279785,16.5,16.549999237060547,16.25,16.450000762939453,1804
2019-12-27,10.970696449279785,16.5,16.600000381469727,16.149999618530273,16.200000762939453,1210
2019-12-30,11.003941535949707,16.549999237060547,16.549999237060547,16.25,16.450000762939453,608
2020-01-02,11.269898414611816,16.950000762939453,17.899999618530273,16.549999237060547,16.600000381469727,4145
2020-01-03,11.303143501281738,17.0,17.200000762939453,16.950000762939453,17.0,2450
2020-01-07,11.303143501281738,17.0,17.200000762939453,17.0,17.100000381469727,3836
2020-01-08,11.303143501281738,17.0,17.149999618530273,17.0,17.0,1519
2020-01-09,11.402875900268555,17.149999618530273,17.149999618530273,17.0,17.100000381469727,1023
2020-01-10,11.469365119934082,17.25,17.399999618530273,16.950000762939453,17.149999618530273,893
2020-01-13,11.535855293273926,17.350000381469727,17.350000381469727,17.100000381469727,17.25,3571
2020-01-14,11.535855293273926,17.350000381469727,17.399999618530273,17.149999618530273,17.399999618530273,2026
2020-01-15,11.535855293273926,17.350000381469727,17.399999618530273,17.25,17.399999618530273,770
2020-01-16,11.635589599609375,17.5,17.549999237060547,17.350000381469727,17.350000381469727,5018
2020-01-17,11.635589599609375,17.5,17.600000381469727,17.299999237060547,17.5,3195
2020-01-20,11.968033790588379,18.0,18.0,17.600000381469727,17.600000381469727,2131
2020-01-21,11.768567085266113,17.700000762939453,18.0,17.700000762939453,17.950000762939453,1295
2020-01-22,11.735321998596191,17.649999618530273,17.950000762939453,17.649999618530273,17.700000762939453,1141
2020-01-23,11.934791564941406,17.950000762939453,18.0,17.700000762939453,17.799999237060547,3782
2020-01-24,11.968033790588379,18.0,18.0,17.649999618530273,18.0,2320
2020-01-27,11.735321998596191,17.649999618530273,18.0,17.649999618530273,18.0,908
2020-01-28,11.801811218261719,17.75,17.950000762939453,17.649999618530273,17.649999618530273,2063
2020-01-29,11.901543617248535,17.899999618530273,17.950000762939453,17.549999237060547,17.950000762939453,1214
2020-01-30,11.569099426269531,17.399999618530273,17.600000381469727,17.399999618530273,17.5,3715
2020-01-31,11.702077865600586,17.600000381469727,17.649999618530273,17.450000762939453,17.649999618530273,1027
2020-02-03,11.934791564941406,17.950000762939453,18.0,17.049999237060547,17.5,8031
2020-02-04,12.167499542236328,18.299999237060547,19.299999237060547,18.0,18.0,7584
2020-02-05,12.566436767578125,18.899999618530273,18.950000762939453,18.450000762939453,18.450000762939453,3589
2020-02-06,12.533190727233887,18.850000381469727,19.0,17.850000381469727,18.950000762939453,6332
2020-02-07,13.098346710205078,19.700000762939453,20.0,19.0,19.0,21009
2020-02-10,13.297815322875977,20.0,20.0,19.75,19.950000762939453,3248
2020-02-11,13.198081970214844,19.850000381469727,20.0,19.850000381469727,20.0,7134
2020-02-12,13.198081970214844,19.850000381469727,19.899999618530273,19.600000381469727,19.899999618530273,1788
2020-02-13,13.131593704223633,19.75,19.799999237060547,19.700000762939453,19.799999237060547,1771
2020-02-14,13.098346710205078,19.700000762939453,20.0,19.649999618530273,20.0,3871
2020-02-17,13.164835929870605,19.799999237060547,20.0,19.799999237060547,19.950000762939453,12473
2020-02-18,13.065104484558105,19.649999618530273,20.0,19.649999618530273,19.950000762939453,4273
2020-02-19,13.297815322875977,20.0,20.0,19.799999237060547,19.950000762939453,3363
2020-02-20,13.23132610321045,19.899999618530273,20.0,19.899999618530273,20.0,4315
2020-02-21,13.098346710205078,19.700000762939453,19.899999618530273,19.600000381469727,19.649999618530273,3855
2020-02-24,12.732656478881836,19.149999618530273,19.899999618530273,19.0,19.899999618530273,5175
2020-02-25,12.666168212890625,19.049999237060547,21.200000762939453,19.0,19.0,7833
2020-02-26,12.832391738891602,19.299999237060547,19.5,17.549999237060547,19.0,9771
2020-02-27,12.533190727233887,18.850000381469727,19.600000381469727,18.600000381469727,19.0,3811
2020-02-28,12.566436767578125,18.899999618530273,19.049999237060547,18.25,18.600000381469727,3989
2020-03-02,12.832391738891602,19.299999237060547,19.399999618530273,18.850000381469727,19.0,4673
2020-03-03,12.932125091552734,19.450000762939453,19.799999237060547,19.25,19.450000762939453,6277
2020-03-04,12.898880004882812,19.399999618530273,19.700000762939453,19.100000381469727,19.350000381469727,2738
2020-03-05,12.932125091552734,19.450000762939453,19.950000762939453,19.100000381469727,19.299999237060547,1975
2020-03-06,12.599682807922363,18.950000762939453,19.200000762939453,18.5,19.200000762939453,9052
2020-03-09,12.034523010253906,18.100000381469727,18.5,17.549999237060547,18.5,13039
2020-03-10,12.200746536254883,18.350000381469727,18.799999237060547,18.200000762939453,18.200000762939453,5095
2020-03-11,11.801811218261719,17.75,18.399999618530273,17.600000381469727,18.399999618530273,4234
2020-03-12,10.172828674316406,15.300000190734863,16.600000381469727,14.949999809265137,16.600000381469727,13029
2020-03-13,10.039851188659668,15.100000381469727,16.450000762939453,14.5,16.0,11000
2020-03-16,9.773894309997559,14.699999809265137,15.0,14.5,15.0,9182
2020-03-17,9.840383529663086,14.800000190734863,15.0,13.550000190734863,14.600000381469727,14696
2020-03-18,9.341714859008789,14.050000190734863,14.800000190734863,14.0,14.800000190734863,2642
2020-03-19,9.341714859008789,14.050000190734863,14.649999618530273,13.899999618530273,13.899999618530273,3419
2020-03-20,9.607672691345215,14.449999809265137,15.399999618530273,14.300000190734863,14.399999618530273,4857
2020-03-23,9.441448211669922,14.199999809265137,14.699999809265137,13.600000381469727,14.699999809265137,3748
2020-03-24,9.80713939666748,14.75,15.0,14.449999809265137,14.449999809265137,3746
2020-03-25,10.305807113647461,15.5,15.850000381469727,15.050000190734863,15.050000190734863,6294
2020-03-26,10.438783645629883,15.699999809265137,15.949999809265137,15.199999809265137,15.75,2744
2020-03-27,10.139582633972168,15.25,16.0,15.199999809265137,15.949999809265137,5982
2020-03-30,10.272562026977539,15.449999809265137,15.949999809265137,15.149999618530273,15.899999618530273,5536
2020-03-31,10.438783645629883,15.699999809265137,16.100000381469727,15.399999618530273,16.049999237060547,7277
2020-04-01,10.305807113647461,15.5,16.0,15.5,15.75,4973
2020-04-02,10.239317893981934,15.399999618530273,15.649999618530273,15.0,15.5,8726
2020-04-03,9.973361015319824,15.0,15.5,15.0,15.5,11784
2020-04-06,9.80713939666748,14.75,15.350000381469727,14.699999809265137,15.199999809265137,9504
2020-04-07,10.106340408325195,15.199999809265137,15.449999809265137,15.100000381469727,15.100000381469727,11419
2020-04-08,9.973361015319824,15.0,15.149999618530273,14.949999809265137,15.100000381469727,6438
2020-04-09,9.973361015319824,15.0,15.300000190734863,14.800000190734863,15.25,7025
2020-04-14,10.106340408325195,15.199999809265137,15.300000190734863,15.0,15.149999618530273,4603
2020-04-15,9.873628616333008,14.850000381469727,15.199999809265137,14.800000190734863,15.149999618530273,1713
2020-04-16,9.90687084197998,14.899999618530273,15.149999618530273,14.850000381469727,15.149999618530273,1554
2020-04-17,9.973361015319824,15.0,15.25,14.899999618530273,15.25,2281
2020-04-20,9.873628616333008,14.850000381469727,15.100000381469727,14.850000381469727,15.100000381469727,2049
2020-04-21,9.840383529663086,14.800000190734863,15.199999809265137,14.649999618530273,14.899999618530273,4341
2020-04-22,9.840383529663086,14.800000190734863,14.899999618530273,14.699999809265137,14.850000381469727,7385
2020-04-23,10.073095321655273,15.149999618530273,15.25,14.850000381469727,14.850000381469727,7535
2020-04-24,10.239317893981934,15.399999618530273,15.399999618530273,14.899999618530273,15.199999809265137,3418
2020-04-27,10.239317893981934,15.399999618530273,15.550000190734863,15.350000381469727,15.449999809265137,3884
2020-04-28,10.339051246643066,15.550000190734863,15.699999809265137,15.399999618530273,15.399999618530273,4779
2020-04-29,10.505274772644043,15.800000190734863,15.850000381469727,15.550000190734863,15.850000381469727,2391
2020-04-30,10.571763038635254,15.899999618530273,16.25,15.800000190734863,15.850000381469727,2349
2020-05-04,10.405539512634277,15.649999618530273,16.0,15.350000381469727,15.899999618530273,4507
2020-05-05,10.472029685974121,15.75,16.049999237060547,15.600000381469727,15.600000381469727,930
2020-05-06,10.605008125305176,15.949999809265137,15.949999809265137,15.75,15.800000190734863,1071
2020-05-07,10.638253211975098,16.0,16.049999237060547,15.699999809265137,16.049999237060547,2067
2020-05-08,10.638253211975098,16.0,16.200000762939453,15.899999618530273,16.100000381469727,1325
2020-05-11,10.505274772644043,15.800000190734863,16.0,15.800000190734863,16.0,426
2020-05-12,10.571763038635254,15.899999618530273,15.899999618530273,15.850000381469727,15.850000381469727,585
2020-05-13,10.505274772644043,15.800000190734863,15.899999618530273,15.800000190734863,15.800000190734863,785
2020-05-14,10.172828674316406,15.300000190734863,15.75,15.25,15.75,3091
2020-05-15,10.372295379638672,15.600000381469727,15.75,15.300000190734863,15.300000190734863,1900
2020-05-18,10.505274772644043,15.800000190734863,15.800000190734863,15.600000381469727,15.600000381469727,2530
2020-05-19,10.505274772644043,15.800000190734863,15.949999809265137,15.699999809265137,15.75,470
2020-05-20,10.405539512634277,15.649999618530273,15.850000381469727,15.600000381469727,15.850000381469727,613
2020-05-22,10.339051246643066,15.550000190734863,15.600000381469727,15.550000190734863,15.600000381469727,918
2020-05-25,10.505274772644043,15.800000190734863,15.800000190734863,15.550000190734863,15.550000190734863,786
2020-05-26,10.505274772644043,15.800000190734863,15.949999809265137,15.649999618530273,15.649999618530273,2308
2020-05-27,10.505274772644043,15.800000190734863,16.149999618530273,15.800000190734863,16.0,11123
2020-05-28,10.704741477966309,16.100000381469727,16.149999618530273,15.800000190734863,15.800000190734863,3121
2020-05-29,10.671496391296387,16.049999237060547,16.200000762939453,15.949999809265137,16.200000762939453,3164
2020-06-01,10.970696449279785,16.5,16.899999618530273,16.100000381469727,16.100000381469727,3472
2020-06-02,11.136920928955078,16.75,16.75,16.350000381469727,16.5,1732
2020-06-03,11.269898414611816,16.950000762939453,17.0,16.899999618530273,16.899999618530273,2339
2020-06-04,11.103675842285156,16.700000762939453,16.899999618530273,16.399999618530273,16.899999618530273,4884
2020-06-05,11.103675842285156,16.700000762939453,17.200000762939453,16.700000762939453,16.950000762939453,6752
2020-06-08,11.502610206604004,17.299999237060547,17.899999618530273,17.0,17.0,4989
2020-06-09,11.303143501281738,17.0,17.399999618530273,16.700000762939453,17.299999237060547,651
2020-06-10,11.236652374267578,16.899999618530273,17.299999237060547,16.799999237060547,17.0,3204
2020-06-11,11.103675842285156,16.700000762939453,16.899999618530273,16.5,16.899999618530273,715
2020-06-12,11.103675842285156,16.700000762939453,16.850000381469727,16.299999237060547,16.5,2786
2020-06-15,11.07043170928955,16.649999618530273,16.649999618530273,16.5,16.649999618530273,602
2020-06-16,11.269898414611816,16.950000762939453,17.0,16.700000762939453,16.700000762939453,2181
2020-06-17,11.303143501281738,17.0,17.0,16.649999618530273,16.700000762939453,234
2020-06-18,11.103675842285156,16.700000762939453,16.899999618530273,16.700000762939453,16.700000762939453,235
2020-06-22,11.203409194946289,16.850000381469727,16.899999618530273,16.75,16.799999237060547,1220
2020-06-23,11.269898414611816,16.950000762939453,17.0,16.75,16.899999618530273,1387
2020-06-24,11.136920928955078,16.75,17.0,16.75,16.950000762939453,1503
2020-06-25,11.103675842285156,16.700000762939453,17.0,16.700000762939453,17.0,233
2020-06-26,11.236652374267578,16.899999618530273,17.0,16.75,16.899999618530273,355
2020-06-29,11.236652374267578,16.899999618530273,17.0,16.899999618530273,17.0,2330
2020-06-30,11.203409194946289,16.850000381469727,17.0,16.75,17.0,292
2020-07-01,11.303143501281738,17.0,17.0,16.850000381469727,16.950000762939453,835
2020-07-02,11.303143501281738,17.0,17.0,16.850000381469727,17.0,325
2020-07-03,11.236652374267578,16.899999618530273,17.0,16.75,17.0,275
2020-07-06,11.469365119934082,17.25,17.5,16.799999237060547,16.799999237060547,1554
2020-07-07,11.36963176727295,17.100000381469727,17.350000381469727,17.100000381469727,17.25,695
2020-07-08,11.569099426269531,17.399999618530273,17.399999618530273,17.100000381469727,17.200000762939453,672
2020-07-09,11.303143501281738,17.0,17.399999618530273,17.0,17.399999618530273,2635
2020-07-10,11.36963176727295,17.100000381469727,17.149999618530273,17.049999237060547,17.149999618530273,2093
2020-07-13,11.602344512939453,17.450000762939453,17.450000762939453,17.100000381469727,17.100000381469727,1736
2020-07-14,11.402875900268555,17.149999618530273,17.5,17.149999618530273,17.450000762939453,1206
2020-07-15,11.801811218261719,17.75,17.899999618530273,17.5,17.5,1215
2020-07-16,11.868300437927246,17.850000381469727,17.850000381469727,17.5,17.5,1669
2020-07-17,12.3004789352417,18.5,19.0,18.200000762939453,18.25,14223
2020-07-20,12.433457374572754,18.700000762939453,18.799999237060547,18.5,18.600000381469727,6182
2020-07-21,12.466702461242676,18.75,18.950000762939453,18.75,18.75,4592
2020-07-22,12.632925033569336,19.0,19.0,18.700000762939453,18.75,2718
2020-07-23,12.599682807922363,18.950000762939453,19.149999618530273,18.899999618530273,18.950000762939453,1859
2020-07-24,12.666168212890625,19.049999237060547,19.049999237060547,18.75,18.950000762939453,1179
2020-07-27,12.433457374572754,18.700000762939453,18.899999618530273,18.649999618530273,18.899999618530273,1838
2020-07-28,12.333723068237305,18.549999237060547,18.700000762939453,18.5,18.700000762939453,2946
2020-07-29,12.267233848571777,18.450000762939453,18.649999618530273,18.450000762939453,18.549999237060547,1489
2020-07-30,12.134257316589355,18.25,18.450000762939453,18.25,18.450000762939453,2012
2020-07-31,12.267233848571777,18.450000762939453,18.5,18.350000381469727,18.450000762939453,1370
2020-08-03,12.3004789352417,18.5,18.5,18.299999237060547,18.450000762939453,850
2020-08-04,12.233988761901855,18.399999618530273,18.5,18.399999618530273,18.399999618530273,643
2020-08-05,12.233988761901855,18.399999618530273,18.549999237060547,18.399999618530273,18.5,808
2020-08-06,12.233988761901855,18.399999618530273,18.549999237060547,18.399999618530273,18.399999618530273,348
2020-08-07,12.10101318359375,18.200000762939453,18.399999618530273,18.200000762939453,18.399999618530273,1356
2020-08-10,12.134257316589355,18.25,18.450000762939453,18.149999618530273,18.149999618530273,535
2020-08-11,12.200746536254883,18.350000381469727,18.5,18.25,18.450000762939453,590
2020-08-12,12.167499542236328,18.299999237060547,18.5,18.299999237060547,18.350000381469727,566
2020-08-13,12.167499542236328,18.299999237060547,18.549999237060547,18.299999237060547,18.299999237060547,853
2020-08-14,12.167499542236328,18.299999237060547,18.600000381469727,18.299999237060547,18.299999237060547,1218
2020-08-17,12.400212287902832,18.649999618530273,18.649999618530273,18.5,18.600000381469727,1207
2020-08-18,12.200746536254883,18.350000381469727,18.649999618530273,18.299999237060547,18.450000762939453,1780
2020-08-19,12.400212287902832,18.649999618530273,18.700000762939453,18.399999618530273,18.700000762939453,560
2020-08-20,12.267233848571777,18.450000762939453,18.600000381469727,18.399999618530273,18.600000381469727,776
2020-08-21,12.200746536254883,18.350000381469727,18.649999618530273,18.350000381469727,18.5,874
2020-08-24,12.233988761901855,18.399999618530273,18.649999618530273,18.350000381469727,18.350000381469727,2390
2020-08-25,12.134257316589355,18.25,18.5,18.25,18.399999618530273,3242
2020-08-26,12.167499542236328,18.299999237060547,18.5,18.25,18.25,1490
2020-08-27,12.267233848571777,18.450000762939453,18.450000762939453,18.399999618530273,18.399999618530273,312
2020-08-28,12.3004789352417,18.5,18.5,18.299999237060547,18.299999237060547,2404
2020-08-31,12.200746536254883,18.350000381469727,18.5,18.350000381469727,18.5,1401
2020-09-01,12.134257316589355,18.25,18.450000762939453,18.200000762939453,18.350000381469727,3108
2020-09-02,12.3004789352417,18.5,18.5,18.25,18.450000762939453,1468
2020-09-03,12.433457374572754,18.700000762939453,18.75,18.200000762939453,18.549999237060547,4814
2020-09-04,12.267233848571777,18.450000762939453,18.5,18.299999237060547,18.350000381469727,2353
2020-09-07,12.333723068237305,18.549999237060547,18.549999237060547,18.399999618530273,18.5,363
2020-09-08,12.333723068237305,18.549999237060547,18.549999237060547,18.399999618530273,18.549999237060547,1113
2020-09-09,12.366969108581543,18.600000381469727,18.649999618530273,18.549999237060547,18.549999237060547,1501
2020-09-10,12.233988761901855,18.399999618530273,18.649999618530273,18.399999618530273,18.649999618530273,319
2020-09-11,12.333723068237305,18.549999237060547,18.75,18.450000762939453,18.5,1163
2020-09-14,12.3004789352417,18.5,18.600000381469727,18.5,18.600000381469727,626
2020-09-15,12.333723068237305,18.549999237060547,18.649999618530273,18.5,18.600000381469727,297
2020-09-16,12.333723068237305,18.549999237060547,18.75,18.549999237060547,18.700000762939453,957
2020-09-17,12.3004789352417,18.5,18.75,18.5,18.75,1002
2020-09-18,12.366969108581543,18.600000381469727,18.75,18.600000381469727,18.700000762939453,414
2020-09-21,12.3004789352417,18.5,18.75,18.299999237060547,18.75,2373
2020-09-22,12.3004789352417,18.5,18.700000762939453,18.5,18.600000381469727,949
2020-09-23,12.433457374572754,18.700000762939453,18.700000762939453,18.5,18.5,1178
2020-09-24,12.3004789352417,18.5,18.700000762939453,18.399999618530273,18.700000762939453,2244
2020-09-25,12.3004789352417,18.5,18.600000381469727,18.299999237060547,18.5,2703
2020-09-28,12.200746536254883,18.350000381469727,18.950000762939453,18.350000381469727,18.649999618530273,2030
2020-09-29,12.3004789352417,18.5,18.799999237060547,18.5,18.649999618530273,1978
2020-09-30,12.499945640563965,18.799999237060547,18.950000762939453,18.549999237060547,18.950000762939453,470
2020-10-01,12.267233848571777,18.450000762939453,18.75,18.450000762939453,18.75,137
2020-10-02,12.466702461242676,18.75,18.950000762939453,18.549999237060547,18.950000762939453,628
2020-10-05,12.466702461242676,18.75,18.950000762939453,18.75,18.950000762939453,38
2020-10-06,12.366969108581543,18.600000381469727,18.799999237060547,18.600000381469727,18.649999618530273,304
2020-10-07,12.3004789352417,18.5,18.799999237060547,18.5,18.799999237060547,2674
2020-10-08,13.297815322875977,20.0,20.5,19.799999237060547,20.200000762939453,16184
2020-10-09,13.065104484558105,19.649999618530273,19.899999618530273,19.399999618530273,19.899999618530273,11194
2020-10-12,13.164835929870605,19.799999237060547,19.950000762939453,19.700000762939453,19.950000762939453,1259
2020-10-13,13.297815322875977,20.0,20.200000762939453,19.899999618530273,19.950000762939453,4900
2020-10-14,13.297815322875977,20.0,20.100000381469727,19.950000762939453,20.0,2040
2020-10-15,13.198081970214844,19.850000381469727,20.0,19.799999237060547,20.0,924
2020-10-16,13.297815322875977,20.0,20.0,19.850000381469727,19.850000381469727,726
2020-10-19,13.497282028198242,20.299999237060547,20.700000762939453,20.0,20.0,3519
2020-10-20,13.430793762207031,20.200000762939453,20.399999618530273,20.200000762939453,20.299999237060547,666
2020-10-21,13.430793762207031,20.200000762939453,20.299999237060547,20.100000381469727,20.299999237060547,3274
2020-10-22,13.497282028198242,20.299999237060547,20.5,20.100000381469727,20.399999618530273,5736
2020-10-23,13.497282028198242,20.299999237060547,20.5,20.299999237060547,20.299999237060547,2403
2020-10-26,13.630261421203613,20.5,20.600000381469727,20.299999237060547,20.5,3081
2020-10-27,13.364301681518555,20.100000381469727,20.399999618530273,19.899999618530273,20.399999618530273,2930
2020-10-28,13.031858444213867,19.600000381469727,20.399999618530273,19.399999618530273,20.299999237060547,7462
2020-10-29,13.131593704223633,19.75,20.399999618530273,18.850000381469727,19.299999237060547,4803
2020-10-30,13.563772201538086,20.399999618530273,20.600000381469727,19.950000762939453,20.200000762939453,3182
2020-11-02,13.630261421203613,20.5,20.600000381469727,20.299999237060547,20.399999618530273,3946
2020-11-03,13.696748733520508,20.600000381469727,20.600000381469727,20.399999618530273,20.5,7449
2020-11-04,13.563772201538086,20.399999618530273,20.600000381469727,20.299999237060547,20.399999618530273,2979
2020-11-05,13.563772201538086,20.399999618530273,20.600000381469727,20.100000381469727,20.399999618530273,8118
2020-11-06,13.563772201538086,20.399999618530273,20.5,20.299999237060547,20.399999618530273,1452
2020-11-09,13.630261421203613,20.5,20.700000762939453,20.299999237060547,20.399999618530273,9604
2020-11-10,13.430793762207031,20.200000762939453,20.700000762939453,20.200000762939453,20.5,6473
2020-11-11,13.430793762207031,20.200000762939453,20.399999618530273,20.200000762939453,20.399999618530273,4264
2020-11-12,13.430793762207031,20.200000762939453,20.299999237060547,20.100000381469727,20.200000762939453,2198
2020-11-13,13.297815322875977,20.0,20.200000762939453,19.899999618530273,20.200000762939453,8540
2020-11-16,13.430793762207031,20.200000762939453,20.299999237060547,19.899999618530273,19.899999618530273,6818
2020-11-17,13.297815322875977,20.0,20.299999237060547,20.0,20.299999237060547,5111
2020-11-18,13.198081970214844,19.850000381469727,20.0,19.799999237060547,20.0,4454
2020-11-19,13.164835929870605,19.799999237060547,20.100000381469727,19.799999237060547,19.950000762939453,3272
2020-11-20,13.198081970214844,19.850000381469727,20.0,19.850000381469727,19.899999618530273,5786
2020-11-23,13.131593704223633,19.75,20.100000381469727,19.700000762939453,20.100000381469727,6165
2020-11-24,13.164835929870605,19.799999237060547,20.100000381469727,19.75,19.899999618530273,7122
2020-11-25,13.297815322875977,20.0,20.100000381469727,19.899999618530273,20.100000381469727,3477
2020-11-26,13.364301681518555,20.100000381469727,20.399999618530273,20.0,20.200000762939453,9596
2020-11-27,13.563772201538086,20.399999618530273,20.399999618530273,20.0,20.100000381469727,3473
2020-11-30,13.364301681518555,20.100000381469727,20.5,20.0,20.5,4955
2020-12-01,13.430793762207031,20.200000762939453,20.5,20.0,20.5,10176
2020-12-02,13.497282028198242,20.299999237060547,20.399999618530273,19.950000762939453,20.299999237060547,20659
2020-12-03,13.364301681518555,20.100000381469727,20.299999237060547,20.0,20.299999237060547,15151
2020-12-04,13.364301681518555,20.100000381469727,20.100000381469727,19.950000762939453,20.100000381469727,11032
2020-12-07,13.364301681518555,20.100000381469727,20.299999237060547,20.0,20.100000381469727,2448
2020-12-08,13.497282028198242,20.299999237060547,20.399999618530273,20.200000762939453,20.200000762939453,3109
2020-12-09,13.497282028198242,20.299999237060547,20.399999618530273,20.0,20.299999237060547,15955
2020-12-10,13.497282028198242,20.299999237060547,20.399999618530273,20.200000762939453,20.399999618530273,2341
2020-12-11,13.497282028198242,20.299999237060547,20.5,20.0,20.399999618530273,15375
2020-12-14,13.563772201538086,20.399999618530273,20.5,20.100000381469727,20.100000381469727,8411
2020-12-15,13.630261421203613,20.5,20.600000381469727,20.299999237060547,20.600000381469727,2294
2020-12-16,13.430793762207031,20.200000762939453,20.5,20.100000381469727,20.299999237060547,6669
2020-12-17,13.430793762207031,20.200000762939453,20.5,20.200000762939453,20.200000762939453,4262
2020-12-18,13.696748733520508,20.600000381469727,20.600000381469727,20.200000762939453,20.5,3192
2020-12-21,13.430793762207031,20.200000762939453,20.600000381469727,20.0,20.600000381469727,15445
2020-12-22,13.430793762207031,20.200000762939453,20.299999237060547,20.0,20.100000381469727,2108
2020-12-23,13.430793762207031,20.200000762939453,20.399999618530273,20.100000381469727,20.200000762939453,1044
2020-12-28,13.696748733520508,20.600000381469727,20.799999237060547,20.200000762939453,20.399999618530273,7910
2020-12-29,13.763239860534668,20.700000762939453,20.700000762939453,20.600000381469727,20.600000381469727,3649
2020-12-30,13.896217346191406,20.899999618530273,20.899999618530273,20.600000381469727,20.700000762939453,4850
2021-01-04,15.222991943359375,21.799999237060547,22.600000381469727,21.200000762939453,21.5,52368
2021-01-05,15.29282283782959,21.899999618530273,22.200000762939453,21.5,22.200000762939453,6802
2021-01-07,15.013501167297363,21.5,22.0,21.399999618530273,21.700000762939453,12652
2021-01-08,14.873841285705566,21.299999237060547,21.399999618530273,21.0,21.299999237060547,12153
2021-01-11,14.873841285705566,21.299999237060547,21.5,21.200000762939453,21.299999237060547,5759
2021-01-12,14.943672180175781,21.399999618530273,21.399999618530273,20.799999237060547,21.200000762939453,7464
2021-01-13,14.804011344909668,21.200000762939453,21.399999618530273,21.200000762939453,21.299999237060547,3098
2021-01-14,14.873841285705566,21.299999237060547,21.399999618530273,20.799999237060547,21.200000762939453,6445
2021-01-15,14.734180450439453,21.100000381469727,21.299999237060547,21.0,21.299999237060547,7444
2021-01-18,14.804011344909668,21.200000762939453,21.399999618530273,21.100000381469727,21.200000762939453,1876
2021-01-19,14.873841285705566,21.299999237060547,21.299999237060547,21.100000381469727,21.200000762939453,2973
2021-01-20,14.943672180175781,21.399999618530273,21.399999618530273,21.200000762939453,21.299999237060547,4337
2021-01-21,15.013501167297363,21.5,21.5,21.200000762939453,21.200000762939453,6477
2021-01-22,14.943672180175781,21.399999618530273,21.600000381469727,21.299999237060547,21.5,4350
2021-01-25,14.943672180175781,21.399999618530273,21.5,21.299999237060547,21.399999618530273,5386
2021-01-26,15.083331108093262,21.600000381469727,21.600000381469727,21.299999237060547,21.5,6989
2021-01-27,14.873841285705566,21.299999237060547,21.700000762939453,21.299999237060547,21.700000762939453,4181
2021-01-28,14.804011344909668,21.200000762939453,21.600000381469727,21.0,21.299999237060547,5458
2021-01-29,14.943672180175781,21.399999618530273,21.399999618530273,21.100000381469727,21.399999618530273,980
2021-02-01,15.013501167297363,21.5,21.799999237060547,21.299999237060547,21.399999618530273,5974
2021-02-02,15.502313613891602,22.200000762939453,22.299999237060547,21.600000381469727,21.799999237060547,6659
2021-02-03,15.572142601013184,22.299999237060547,22.700000762939453,22.0,22.299999237060547,4716
2021-02-04,16.06095314025879,23.0,23.100000381469727,22.299999237060547,22.299999237060547,11239
2021-02-05,16.34027671813965,23.399999618530273,23.799999237060547,23.200000762939453,23.600000381469727,25170
2021-02-08,16.34027671813965,23.399999618530273,23.600000381469727,23.399999618530273,23.5,10733
2021-02-09,16.549768447875977,23.700000762939453,23.899999618530273,23.600000381469727,23.600000381469727,5940
2021-02-10,16.619592666625977,23.799999237060547,23.899999618530273,23.700000762939453,23.899999618530273,1163
2021-02-11,16.549768447875977,23.700000762939453,23.799999237060547,23.600000381469727,23.799999237060547,1365
2021-02-12,16.759258270263672,24.0,24.0,23.700000762939453,23.700000762939453,5279
2021-02-15,17.038576126098633,24.399999618530273,24.5,24.0,24.0,5313
2021-02-16,17.178237915039062,24.600000381469727,24.799999237060547,24.399999618530273,24.5,8280
2021-02-17,17.178237915039062,24.600000381469727,25.0,24.600000381469727,24.600000381469727,9758
2021-02-18,17.038576126098633,24.399999618530273,24.899999618530273,24.399999618530273,24.700000762939453,3326
2021-02-19,17.178237915039062,24.600000381469727,24.700000762939453,24.399999618530273,24.5,2841
2021-02-22,17.038576126098633,24.399999618530273,24.700000762939453,24.200000762939453,24.700000762939453,5386
2021-02-23,16.829086303710938,24.100000381469727,24.799999237060547,24.0,24.700000762939453,25726
2021-02-24,16.689428329467773,23.899999618530273,24.200000762939453,23.399999618530273,24.200000762939453,6004
2021-02-25,16.89891815185547,24.200000762939453,24.200000762939453,23.899999618530273,23.899999618530273,3725
2021-02-26,16.759258270263672,24.0,24.200000762939453,23.700000762939453,24.100000381469727,3300
2021-03-01,16.89891815185547,24.200000762939453,24.299999237060547,24.100000381469727,24.100000381469727,4235
2021-03-02,17.038576126098633,24.399999618530273,24.5,24.0,24.299999237060547,4326
2021-03-03,16.89891815185547,24.200000762939453,24.700000762939453,24.200000762939453,24.5,5193
2021-03-04,17.10841178894043,24.5,24.5,24.100000381469727,24.200000762939453,5099
2021-03-05,16.829086303710938,24.100000381469727,24.5,23.899999618530273,24.5,2715
2021-03-08,17.317899703979492,24.799999237060547,24.899999618530273,24.299999237060547,24.700000762939453,7626
2021-03-09,18.086030960083008,25.899999618530273,26.0,24.600000381469727,24.799999237060547,9347
2021-03-10,18.71450424194336,26.799999237060547,26.899999618530273,25.899999618530273,25.899999618530273,8285
2021-03-11,18.784334182739258,26.899999618530273,27.399999618530273,26.399999618530273,27.0,10825
2021-03-12,18.923994064331055,27.100000381469727,27.100000381469727,26.700000762939453,27.0,2915
2021-03-15,18.923994064331055,27.100000381469727,27.399999618530273,26.899999618530273,27.200000762939453,11753
2021-03-16,18.85416603088379,27.0,27.5,26.799999237060547,27.100000381469727,4504
2021-03-17,18.993824005126953,27.200000762939453,27.5,27.0,27.5,2569
2021-03-18,18.993824005126953,27.200000762939453,27.5,26.899999618530273,27.100000381469727,5160
2021-03-19,19.06365394592285,27.299999237060547,27.399999618530273,27.299999237060547,27.299999237060547,838
2021-03-22,19.133485794067383,27.399999618530273,27.399999618530273,27.100000381469727,27.299999237060547,5379
2021-03-23,19.133485794067383,27.399999618530273,27.5,27.100000381469727,27.5,2474
2021-03-24,19.133485794067383,27.399999618530273,27.399999618530273,27.200000762939453,27.399999618530273,2746
2021-03-25,19.06365394592285,27.299999237060547,27.5,27.299999237060547,27.399999618530273,6311
2021-03-26,19.20331573486328,27.5,27.700000762939453,27.200000762939453,27.399999618530273,8327
2021-03-29,19.133485794067383,27.399999618530273,27.700000762939453,27.299999237060547,27.600000381469727,13603
2021-03-30,19.273147583007812,27.600000381469727,28.0,27.299999237060547,27.5,14576
2021-03-31,19.345600128173828,26.700000762939453,27.299999237060547,26.100000381469727,27.299999237060547,13523
2021-04-01,19.2006893157959,26.5,26.899999618530273,26.200000762939453,26.700000762939453,3856
2021-04-06,18.91086769104004,26.100000381469727,26.700000762939453,26.100000381469727,26.5,6369
2021-04-07,18.838411331176758,26.0,26.399999618530273,26.0,26.100000381469727,5680
2021-04-08,18.765958786010742,25.899999618530273,26.0,25.799999237060547,26.0,5174
2021-04-09,18.62104606628418,25.700000762939453,25.899999618530273,25.600000381469727,25.899999618530273,2857
2021-04-12,18.331226348876953,25.299999237060547,25.700000762939453,25.299999237060547,25.700000762939453,4609
2021-04-13,18.476139068603516,25.5,25.899999618530273,25.299999237060547,25.299999237060547,6086
2021-04-14,18.62104606628418,25.700000762939453,25.899999618530273,25.399999618530273,25.399999618530273,1791
2021-04-15,18.69350242614746,25.799999237060547,25.899999618530273,25.5,25.799999237060547,3519
2021-04-16,18.765958786010742,25.899999618530273,25.899999618530273,25.600000381469727,25.799999237060547,5155
2021-04-19,18.765958786010742,25.899999618530273,26.0,25.700000762939453,25.899999618530273,3642
2021-04-20,18.765958786010742,25.899999618530273,26.0,25.899999618530273,26.0,2248
2021-04-21,18.91086769104004,26.100000381469727,26.100000381469727,25.899999618530273,25.899999618530273,2555
2021-04-22,19.05577850341797,26.299999237060547,26.399999618530273,26.100000381469727,26.399999618530273,2071
2021-04-23,18.69350242614746,25.799999237060547,26.399999618530273,25.700000762939453,26.399999618530273,9171
2021-04-26,18.69350242614746,25.799999237060547,26.100000381469727,25.5,25.799999237060547,7867
2021-04-27,19.2006893157959,26.5,27.200000762939453,26.299999237060547,27.0,15452
2021-04-28,19.273147583007812,26.600000381469727,26.700000762939453,26.5,26.700000762939453,2793
2021-04-29,18.983325958251953,26.200000762939453,26.600000381469727,26.100000381469727,26.600000381469727,4723
2021-04-30,19.12823486328125,26.399999618530273,26.399999618530273,25.799999237060547,26.200000762939453,4100
2021-05-03,19.12823486328125,26.399999618530273,26.399999618530273,25.899999618530273,25.899999618530273,4502
2021-05-04,19.12823486328125,26.399999618530273,26.399999618530273,26.200000762939453,26.399999618530273,1556
2021-05-05,18.91086769104004,26.100000381469727,26.399999618530273,26.100000381469727,26.399999618530273,1457
2021-05-06,18.983325958251953,26.200000762939453,26.399999618530273,26.200000762939453,26.200000762939453,1048
2021-05-07,18.91086769104004,26.100000381469727,26.299999237060547,26.100000381469727,26.100000381469727,1984
2021-05-10,19.05577850341797,26.299999237060547,26.5,26.100000381469727,26.100000381469727,5933
2021-05-11,18.838411331176758,26.0,26.299999237060547,26.0,26.299999237060547,2632
2021-05-12,18.838411331176758,26.0,26.299999237060547,25.700000762939453,26.299999237060547,2707
2021-05-14,18.91086769104004,26.100000381469727,26.100000381469727,26.0,26.100000381469727,3023
2021-05-17,18.838411331176758,26.0,26.200000762939453,25.899999618530273,26.200000762939453,6336
2021-05-18,18.838411331176758,26.0,26.200000762939453,26.0,26.0,1462
2021-05-19,18.983325958251953,26.200000762939453,26.200000762939453,26.0,26.0,2202
2021-05-20,18.983325958251953,26.200000762939453,26.200000762939453,25.600000381469727,26.200000762939453,2320
2021-05-21,18.838411331176758,26.0,26.200000762939453,25.899999618530273,26.200000762939453,1410
2021-05-24,18.838411331176758,26.0,26.200000762939453,26.0,26.200000762939453,2272
2021-05-25,18.983325958251953,26.200000762939453,26.200000762939453,26.0,26.100000381469727,1982
2021-05-26,18.765958786010742,25.899999618530273,26.200000762939453,25.899999618530273,26.200000762939453,2255
2021-05-27,18.91086769104004,26.100000381469727,26.200000762939453,25.700000762939453,25.899999618530273,7196
2021-05-28,18.983325958251953,26.200000762939453,26.200000762939453,26.100000381469727,26.100000381469727,3070
2021-05-31,18.983325958251953,26.200000762939453,26.200000762939453,26.0,26.200000762939453,1057
2021-06-01,18.91086769104004,26.100000381469727,26.200000762939453,26.100000381469727,26.200000762939453,763
2021-06-02,18.91086769104004,26.100000381469727,26.200000762939453,26.100000381469727,26.200000762939453,3280
2021-06-03,18.838411331176758,26.0,26.200000762939453,26.0,26.200000762939453,1589
2021-06-04,18.983325958251953,26.200000762939453,26.200000762939453,26.0,26.200000762939453,343
2021-06-07,18.983325958251953,26.200000762939453,26.200000762939453,26.100000381469727,26.200000762939453,863
2021-06-08,18.91086769104004,26.100000381469727,26.399999618530273,26.100000381469727,26.399999618530273,480
2021-06-09,18.983325958251953,26.200000762939453,26.200000762939453,26.0,26.100000381469727,5241
2021-06-10,19.12823486328125,26.399999618530273,26.5,26.200000762939453,26.299999237060547,3063
2021-06-11,19.12823486328125,26.399999618530273,26.399999618530273,26.0,26.399999618530273,1780
2021-06-14,18.838411331176758,26.0,26.299999237060547,26.0,26.200000762939453,6559
2021-06-15,19.05577850341797,26.299999237060547,26.299999237060547,25.799999237060547,26.200000762939453,5976
2021-06-16,18.983325958251953,26.200000762939453,26.299999237060547,25.799999237060547,26.299999237060547,2646
2021-06-17,18.838411331176758,26.0,26.399999618530273,26.0,26.399999618530273,2197
2021-06-18,18.983325958251953,26.200000762939453,26.200000762939453,26.0,26.0,3320
2021-06-21,18.983325958251953,26.200000762939453,26.200000762939453,26.0,26.0,5029
2021-06-22,18.838411331176758,26.0,26.299999237060547,26.0,26.299999237060547,2485
2021-06-23,18.91086769104004,26.100000381469727,26.200000762939453,26.0,26.100000381469727,2409
2021-06-24,18.91086769104004,26.100000381469727,26.200000762939453,26.100000381469727,26.200000762939453,1964
2021-06-28,18.765958786010742,25.899999618530273,26.399999618530273,25.899999618530273,26.100000381469727,9935
2021-06-29,18.765958786010742,25.899999618530273,26.200000762939453,25.799999237060547,25.899999618530273,9281
2021-06-30,18.765958786010742,25.899999618530273,26.100000381469727,25.799999237060547,25.899999618530273,3594
2021-07-01,18.838411331176758,26.0,26.200000762939453,25.899999618530273,26.200000762939453,1488
2021-07-02,18.91086769104004,26.100000381469727,26.200000762939453,26.0,26.200000762939453,2648
2021-07-05,18.765958786010742,25.899999618530273,26.200000762939453,25.899999618530273,26.100000381469727,4568
2021-07-06,18.838411331176758,26.0,26.200000762939453,25.899999618530273,26.0,1328
2021-07-07,18.983325958251953,26.200000762939453,26.200000762939453,26.0,26.200000762939453,2378
2021-07-08,19.418054580688477,26.799999237060547,27.0,26.0,26.200000762939453,25837
2021-07-09,19.635421752929688,27.100000381469727,27.100000381469727,26.600000381469727,26.799999237060547,8482
2021-07-12,19.70787811279297,27.200000762939453,27.200000762939453,27.100000381469727,27.200000762939453,3154
2021-07-13,19.70787811279297,27.200000762939453,27.299999237060547,27.100000381469727,27.299999237060547,2259
2021-07-14,19.780336380004883,27.299999237060547,27.399999618530273,27.200000762939453,27.299999237060547,3972
2021-07-15,19.925247192382812,27.5,27.799999237060547,27.200000762939453,27.5,6458
2021-07-16,20.21506690979004,27.899999618530273,28.0,27.600000381469727,27.799999237060547,10509
2021-07-19,20.35997772216797,28.100000381469727,28.200000762939453,27.799999237060547,28.0,7290
2021-07-20,20.142610549926758,27.799999237060547,28.399999618530273,27.700000762939453,28.299999237060547,6883
2021-07-21,20.142610549926758,27.799999237060547,28.0,27.799999237060547,28.0,2880
2021-07-22,20.21506690979004,27.899999618530273,28.0,27.799999237060547,28.0,1771
2021-07-23,20.287521362304688,28.0,28.200000762939453,27.799999237060547,28.0,4562
2021-07-26,20.649797439575195,28.5,28.700000762939453,28.100000381469727,28.100000381469727,6405
2021-07-27,20.432432174682617,28.200000762939453,28.5,28.200000762939453,28.5,1312
2021-07-28,20.649797439575195,28.5,28.700000762939453,28.200000762939453,28.200000762939453,5188
2021-07-29,20.504886627197266,28.299999237060547,28.600000381469727,28.200000762939453,28.299999237060547,4934
2021-07-30,20.432432174682617,28.200000762939453,28.5,28.0,28.299999237060547,2109
2021-08-02,20.504886627197266,28.299999237060547,28.5,28.200000762939453,28.299999237060547,1619
2021-08-03,20.432432174682617,28.200000762939453,28.399999618530273,28.100000381469727,28.399999618530273,3862
2021-08-04,20.35997772216797,28.100000381469727,28.399999618530273,28.100000381469727,28.200000762939453,2106
2021-08-05,20.504886627197266,28.299999237060547,28.399999618530273,28.100000381469727,28.100000381469727,898
2021-08-06,20.794710159301758,28.700000762939453,28.700000762939453,28.299999237060547,28.5,5565
2021-08-09,20.794710159301758,28.700000762939453,28.700000762939453,28.299999237060547,28.700000762939453,1190
2021-08-10,20.867164611816406,28.799999237060547,28.899999618530273,28.5,28.600000381469727,2679
2021-08-11,21.012075424194336,29.0,29.0,28.799999237060547,28.799999237060547,2050
2021-08-12,20.867164611816406,28.799999237060547,29.0,28.600000381469727,29.0,1601
2021-08-13,21.012075424194336,29.0,29.0,28.799999237060547,28.799999237060547,708
2021-08-16,20.867164611816406,28.799999237060547,29.100000381469727,28.700000762939453,29.100000381469727,2487
2021-08-17,20.794710159301758,28.700000762939453,28.799999237060547,28.5,28.700000762939453,1412
2021-08-18,20.939619064331055,28.899999618530273,29.200000762939453,28.799999237060547,28.799999237060547,2262
2021-08-19,20.57734489440918,28.399999618530273,29.0,28.399999618530273,29.0,3505
2021-08-20,20.504886627197266,28.299999237060547,28.399999618530273,28.100000381469727,28.399999618530273,2971
2021-08-23,20.867164611816406,28.799999237060547,29.0,28.299999237060547,28.299999237060547,4084
2021-08-24,20.867164611816406,28.799999237060547,28.799999237060547,28.5,28.600000381469727,599
2021-08-25,20.794710159301758,28.700000762939453,28.799999237060547,28.5,28.5,2345
2021-08-26,20.794710159301758,28.700000762939453,28.700000762939453,28.5,28.700000762939453,1791
2021-08-27,20.35997772216797,28.100000381469727,28.700000762939453,28.100000381469727,28.700000762939453,1304
2021-08-30,20.72225570678711,28.600000381469727,28.700000762939453,28.200000762939453,28.200000762939453,3546
2021-08-31,21.156986236572266,29.200000762939453,29.299999237060547,28.200000762939453,28.5,3607
2021-09-01,21.156986236572266,29.200000762939453,29.5,29.0,29.200000762939453,866
2021-09-02,21.012075424194336,29.0,29.200000762939453,28.899999618530273,29.200000762939453,2430
2021-09-03,21.156986236572266,29.200000762939453,29.5,29.100000381469727,29.100000381469727,3333
2021-09-06,21.446807861328125,29.600000381469727,29.600000381469727,29.0,29.200000762939453,1730
2021-09-07,21.301897048950195,29.399999618530273,29.700000762939453,29.100000381469727,29.600000381469727,4496
2021-09-08,21.012075424194336,29.0,29.700000762939453,28.799999237060547,29.700000762939453,722
2021-09-09,20.72225570678711,28.600000381469727,29.100000381469727,28.299999237060547,29.100000381469727,2732
2021-09-10,20.649797439575195,28.5,28.899999618530273,28.399999618530273,28.700000762939453,555
2021-09-13,20.504886627197266,28.299999237060547,28.600000381469727,28.200000762939453,28.299999237060547,1145
2021-09-14,20.35997772216797,28.100000381469727,28.299999237060547,28.100000381469727,28.299999237060547,1714
2021-09-15,20.142610549926758,27.799999237060547,28.100000381469727,27.799999237060547,28.100000381469727,4140
2021-09-16,20.287521362304688,28.0,28.200000762939453,27.799999237060547,28.0,6877
2021-09-17,20.35997772216797,28.100000381469727,28.100000381469727,27.799999237060547,28.0,1611
2021-09-20,20.142610549926758,27.799999237060547,28.700000762939453,27.799999237060547,28.100000381469727,5214
2021-09-21,19.99770164489746,27.600000381469727,27.700000762939453,27.200000762939453,27.399999618530273,5076
2021-09-22,20.794710159301758,28.700000762939453,28.700000762939453,27.100000381469727,27.100000381469727,1894
2021-09-23,20.504886627197266,28.299999237060547,28.700000762939453,28.299999237060547,28.700000762939453,3003
2021-09-24,20.21506690979004,27.899999618530273,28.5,27.700000762939453,28.5,1418
2021-09-27,20.649797439575195,28.5,28.5,27.899999618530273,28.100000381469727,1148
2021-09-28,19.780336380004883,27.299999237060547,28.399999618530273,27.299999237060547,28.399999618530273,1736
2021-09-29,20.21506690979004,27.899999618530273,28.399999618530273,27.5,28.399999618530273,3504
2021-09-30,20.070154190063477,27.700000762939453,27.799999237060547,27.600000381469727,27.799999237060547,1536
2021-10-01,20.287521362304688,28.0,28.399999618530273,27.5,27.700000762939453,2456
2021-10-04,20.142610549926758,27.799999237060547,28.399999618530273,27.5,28.399999618530273,2992
2021-10-05,20.21506690979004,27.899999618530273,27.899999618530273,27.5,27.799999237060547,1154
2021-10-06,20.142610549926758,27.799999237060547,28.100000381469727,27.700000762939453,27.799999237060547,1727
2021-10-07,20.21506690979004,27.899999618530273,28.299999237060547,27.799999237060547,27.799999237060547,387
2021-10-08,20.432432174682617,28.200000762939453,28.200000762939453,27.799999237060547,27.899999618530273,473
2021-10-11,20.432432174682617,28.200000762939453,28.299999237060547,27.799999237060547,27.899999618530273,1683
2021-10-12,20.432432174682617,28.200000762939453,28.200000762939453,28.0,28.0,771
2021-10-13,20.57734489440918,28.399999618530273,28.5,28.0,28.200000762939453,1081
2021-10-14,20.72225570678711,28.600000381469727,28.799999237060547,28.399999618530273,28.600000381469727,2850
2021-10-15,21.156986236572266,29.200000762939453,29.600000381469727,28.5,29.299999237060547,2796
2021-10-18,20.939619064331055,28.899999618530273,29.299999237060547,28.899999618530273,29.299999237060547,1568
2021-10-19,21.301897048950195,29.399999618530273,29.700000762939453,29.0,29.0,2726
2021-10-20,21.012075424194336,29.0,29.700000762939453,29.0,29.5,4020
2021-10-21,21.37435531616211,29.5,29.600000381469727,29.299999237060547,29.600000381469727,818
2021-10-22,21.37435531616211,29.5,30.0,29.5,29.600000381469727,3651
2021-10-25,21.664173126220703,29.899999618530273,30.0,29.600000381469727,30.0,1901
2021-10-26,22.38872718811035,30.899999618530273,31.600000381469727,30.0,30.0,15575
2021-10-27,22.461183547973633,31.0,32.20000076293945,31.0,31.200000762939453,5147
2021-10-28,22.895917892456055,31.600000381469727,31.799999237060547,31.0,31.0,2861
2021-10-29,23.040828704833984,31.799999237060547,31.799999237060547,30.700000762939453,31.0,4231
2021-11-01,22.823463439941406,31.5,31.799999237060547,31.200000762939453,31.799999237060547,1884
2021-11-02,22.823463439941406,31.5,31.700000762939453,31.299999237060547,31.5,645
2021-11-03,22.533639907836914,31.100000381469727,31.799999237060547,31.0,31.799999237060547,2210
2021-11-04,22.606094360351562,31.200000762939453,31.5,31.0,31.100000381469727,2095
2021-11-05,22.316272735595703,30.799999237060547,31.100000381469727,30.700000762939453,31.100000381469727,785
2021-11-08,22.171363830566406,30.600000381469727,31.0,30.399999618530273,30.799999237060547,4053
2021-11-09,22.38872718811035,30.899999618530273,31.399999618530273,30.700000762939453,30.700000762939453,4585
2021-11-10,22.316272735595703,30.799999237060547,31.100000381469727,30.799999237060547,30.899999618530273,1386
2021-11-11,22.533639907836914,31.100000381469727,31.399999618530273,30.799999237060547,30.799999237060547,2513
2021-11-12,22.533639907836914,31.100000381469727,31.700000762939453,31.100000381469727,31.700000762939453,2786
2021-11-15,22.823463439941406,31.5,31.600000381469727,31.200000762939453,31.600000381469727,3604
2021-11-16,22.895917892456055,31.600000381469727,31.700000762939453,31.5,31.600000381469727,2272
2021-11-17,22.823463439941406,31.5,31.700000762939453,31.399999618530273,31.600000381469727,1911
2021-11-18,22.895917892456055,31.600000381469727,31.700000762939453,31.299999237060547,31.700000762939453,3199
2021-11-19,22.823463439941406,31.5,31.700000762939453,31.5,31.700000762939453,1936
2021-11-22,22.823463439941406,31.5,31.700000762939453,31.5,31.600000381469727,2555
2021-11-23,22.751007080078125,31.399999618530273,31.799999237060547,31.0,31.5,2297
2021-11-24,22.96837615966797,31.700000762939453,31.799999237060547,31.299999237060547,31.299999237060547,2085
2021-11-25,22.895917892456055,31.600000381469727,31.799999237060547,31.600000381469727,31.799999237060547,603
2021-11-26,22.823463439941406,31.5,31.700000762939453,31.0,31.600000381469727,2064
2021-11-29,22.533639907836914,31.100000381469727,31.799999237060547,30.799999237060547,30.899999618530273,2164
2021-11-30,22.823463439941406,31.5,31.799999237060547,31.0,31.799999237060547,1598
2021-12-01,23.040828704833984,31.799999237060547,31.799999237060547,31.299999237060547,31.299999237060547,1637
2021-12-02,22.823463439941406,31.5,31.799999237060547,31.299999237060547,31.799999237060547,1540
2021-12-03,23.040828704833984,31.799999237060547,31.799999237060547,31.200000762939453,31.200000762939453,1468
2021-12-07,23.040828704833984,31.799999237060547,31.799999237060547,31.399999618530273,31.700000762939453,923
2021-12-08,22.823463439941406,31.5,31.799999237060547,31.5,31.700000762939453,329
2021-12-09,22.751007080078125,31.399999618530273,31.600000381469727,31.299999237060547,31.600000381469727,1372
2021-12-10,22.895917892456055,31.600000381469727,31.600000381469727,31.399999618530273,31.399999618530273,726
2021-12-13,22.678550720214844,31.299999237060547,31.600000381469727,31.299999237060547,31.600000381469727,1258
2021-12-14,22.171363830566406,30.600000381469727,31.5,30.5,31.200000762939453,6603
2021-12-15,21.881540298461914,30.200000762939453,31.600000381469727,29.799999237060547,31.600000381469727,4708
2021-12-16,21.591718673706055,29.799999237060547,31.0,29.700000762939453,31.0,11396
2021-12-17,21.736631393432617,30.0,30.299999237060547,29.799999237060547,29.899999618530273,4282
2021-12-20,21.591718673706055,29.799999237060547,30.299999237060547,29.799999237060547,30.100000381469727,5745
2021-12-21,21.664173126220703,29.899999618530273,30.5,29.799999237060547,30.100000381469727,5278
2021-12-22,21.736631393432617,30.0,30.399999618530273,29.899999618530273,30.399999618530273,3831
2021-12-23,21.736631393432617,30.0,30.100000381469727,29.899999618530273,30.100000381469727,1648
2021-12-27,21.953996658325195,30.299999237060547,30.5,29.799999237060547,30.299999237060547,2515
2021-12-28,21.881540298461914,30.200000762939453,30.799999237060547,30.200000762939453,30.299999237060547,1380
2021-12-29,22.098905563354492,30.5,31.299999237060547,30.5,31.0,6066
2021-12-30,22.823463439941406,31.5,31.5,31.0,31.299999237060547,2043
2022-01-03,23.403104782104492,32.29999923706055,32.900001525878906,31.600000381469727,31.600000381469727,4092
2022-01-04,23.113285064697266,31.899999618530273,32.5,31.799999237060547,32.5,6283
2022-01-05,23.258195877075195,32.099998474121094,32.20000076293945,31.899999618530273,32.0,2556
2022-01-07,23.185739517211914,32.0,32.20000076293945,32.0,32.20000076293945,2780
2022-01-10,23.475561141967773,32.400001525878906,32.400001525878906,32.0,32.099998474121094,2394
2022-01-11,23.620471954345703,32.599998474121094,32.79999923706055,32.5,32.5,1502
2022-01-12,23.837839126586914,32.900001525878906,33.0,32.599998474121094,32.70000076293945,3095
2022-01-13,23.837839126586914,32.900001525878906,33.099998474121094,32.599998474121094,33.0,3103
2022-01-14,24.85221290588379,34.29999923706055,34.70000076293945,32.900001525878906,32.900001525878906,3661
2022-01-17,26.011503219604492,35.900001525878906,36.0,34.400001525878906,34.400001525878906,9916
2022-01-18,25.7216796875,35.5,36.0,34.70000076293945,36.0,4014
2022-01-19,25.214492797851562,34.79999923706055,36.0,33.599998474121094,36.0,6514
2022-01-20,25.359399795532227,35.0,35.900001525878906,35.0,35.900001525878906,4383
2022-01-21,24.77975845336914,34.20000076293945,35.400001525878906,34.20000076293945,35.099998474121094,7934
2022-01-24,23.040828704833984,31.799999237060547,34.099998474121094,31.5,34.099998474121094,14313
2022-01-25,24.34502410888672,33.599998474121094,33.79999923706055,31.799999237060547,31.799999237060547,5707
2022-01-26,24.77975845336914,34.20000076293945,34.900001525878906,33.29999923706055,33.5,4880
2022-01-27,25.14203453063965,34.70000076293945,34.70000076293945,33.900001525878906,33.900001525878906,4868
2022-01-28,24.92466926574707,34.400001525878906,34.900001525878906,34.20000076293945,34.900001525878906,2355
2022-01-31,25.86659049987793,35.70000076293945,35.79999923706055,34.900001525878906,34.900001525878906,7063
2022-02-01,26.663599014282227,36.79999923706055,36.79999923706055,35.70000076293945,35.70000076293945,5987
2022-02-02,26.156410217285156,36.099998474121094,36.79999923706055,34.70000076293945,36.0,8064
2022-02-03,26.22886848449707,36.20000076293945,37.20000076293945,36.0,36.099998474121094,5770
2022-02-04,26.808509826660156,37.0,37.599998474121094,37.0,37.099998474121094,7841
2022-02-07,27.243240356445312,37.599998474121094,37.79999923706055,37.20000076293945,37.400001525878906,2119
2022-02-08,26.953420639038086,37.20000076293945,37.900001525878906,36.70000076293945,37.900001525878906,4167
2022-02-09,27.170785903930664,37.5,38.5,37.20000076293945,37.20000076293945,4948
2022-02-10,27.315698623657227,37.70000076293945,37.79999923706055,37.400001525878906,37.599998474121094,7667
2022-02-11,27.315698623657227,37.70000076293945,37.900001525878906,37.20000076293945,37.900001525878906,7433
2022-02-14,26.22886848449707,36.20000076293945,37.900001525878906,36.0,37.900001525878906,4264
2022-02-15,27.025875091552734,37.29999923706055,37.900001525878906,36.099998474121094,36.099998474121094,6976
2022-02-16,26.953420639038086,37.20000076293945,37.79999923706055,37.20000076293945,37.70000076293945,3950
2022-02-17,26.591144561767578,36.70000076293945,37.20000076293945,36.70000076293945,37.20000076293945,2429
2022-02-18,25.86659049987793,35.70000076293945,36.70000076293945,35.400001525878906,36.70000076293945,6247
2022-02-21,25.069578170776367,34.599998474121094,36.400001525878906,34.5,35.400001525878906,7532
2022-02-22,24.63484764099121,34.0,34.5,33.099998474121094,34.5,4531
2022-02-23,24.92466926574707,34.400001525878906,34.5,33.900001525878906,34.0,6490
2022-02-24,23.54801368713379,32.5,33.79999923706055,30.799999237060547,33.79999923706055,18916
2022-02-25,24.055204391479492,33.20000076293945,33.599998474121094,32.599998474121094,32.599998474121094,9972
2022-02-28,23.475561141967773,32.400001525878906,33.20000076293945,32.29999923706055,33.20000076293945,9028
2022-03-01,22.461183547973633,31.0,32.599998474121094,30.799999237060547,32.400001525878906,8398
2022-03-02,23.620471954345703,32.599998474121094,32.599998474121094,29.899999618530273,31.0,6372
2022-03-03,23.54801368713379,32.5,32.900001525878906,31.799999237060547,32.900001525878906,10316
2022-03-04,21.809085845947266,30.100000381469727,32.20000076293945,30.100000381469727,32.0,9964
2022-03-07,21.446807861328125,29.600000381469727,30.200000762939453,29.100000381469727,30.0,11419
2022-03-08,22.96837615966797,31.700000762939453,31.700000762939453,29.700000762939453,29.799999237060547,8411
2022-03-09,22.895917892456055,31.600000381469727,32.900001525878906,31.399999618530273,31.799999237060547,15164
2022-03-10,22.823463439941406,31.5,32.20000076293945,31.0,31.799999237060547,10849
2022-03-11,24.48993682861328,33.79999923706055,34.400001525878906,32.099998474121094,32.599998474121094,11820
2022-03-14,24.77975845336914,34.20000076293945,35.099998474121094,33.900001525878906,34.0,13441
2022-03-15,25.069578170776367,34.599998474121094,34.900001525878906,34.29999923706055,34.79999923706055,3896
2022-03-16,26.30132293701172,36.29999923706055,36.70000076293945,34.70000076293945,34.79999923706055,9390
2022-03-17,26.808509826660156,37.0,37.29999923706055,36.400001525878906,36.900001525878906,6988
2022-03-18,26.51869010925293,36.599998474121094,37.5,36.599998474121094,36.599998474121094,8683
2022-03-21,26.373777389526367,36.400001525878906,36.599998474121094,36.20000076293945,36.599998474121094,6190
2022-03-22,26.808509826660156,37.0,37.70000076293945,36.400001525878906,36.400001525878906,6790
2022-03-23,26.44623374938965,36.5,37.099998474121094,36.5,37.0,6944
2022-03-24,27.460609436035156,37.900001525878906,37.900001525878906,36.099998474121094,36.5,5061
2022-03-25,27.025875091552734,37.29999923706055,37.900001525878906,36.900001525878906,37.900001525878906,2923
2022-03-28,27.605518341064453,38.099998474121094,38.5,37.20000076293945,37.29999923706055,8028
2022-03-29,27.75043296813965,38.29999923706055,38.70000076293945,38.099998474121094,38.5,4988
2022-03-30,28.402530670166016,39.20000076293945,39.599998474121094,38.29999923706055,38.29999923706055,9132
2022-03-31,28.173477172851562,36.900001525878906,37.599998474121094,35.70000076293945,37.0,7285
2022-04-01,27.868070602416992,36.5,37.0,36.5,37.0,4006
2022-04-04,26.875513076782227,35.20000076293945,36.5,35.20000076293945,36.5,8891
2022-04-05,26.722806930541992,35.0,35.400001525878906,35.0,35.20000076293945,3441
2022-04-06,26.188352584838867,34.29999923706055,35.099998474121094,33.79999923706055,34.900001525878906,4811
2022-04-07,26.264705657958984,34.400001525878906,35.0,34.099998474121094,34.29999923706055,2972
2022-04-08,26.34105682373047,34.5,34.900001525878906,34.20000076293945,34.400001525878906,1895
2022-04-11,25.95930290222168,34.0,35.0,34.0,35.0,1441
2022-04-12,25.577547073364258,33.5,34.5,33.20000076293945,34.5,3223
2022-04-13,25.119443893432617,32.900001525878906,33.5,32.900001525878906,33.5,2742
2022-04-14,25.119443893432617,32.900001525878906,32.900001525878906,32.5,32.900001525878906,2382
2022-04-19,24.661334991455078,32.29999923706055,33.099998474121094,32.29999923706055,32.900001525878906,3565
2022-04-20,25.043088912963867,32.79999923706055,32.900001525878906,32.5,32.70000076293945,936
2022-04-21,24.584985733032227,32.20000076293945,33.0,32.20000076293945,32.79999923706055,3119
2022-04-22,24.508634567260742,32.099998474121094,32.599998474121094,31.899999618530273,32.20000076293945,3146
2022-04-25,24.279582977294922,31.799999237060547,32.099998474121094,31.200000762939453,32.099998474121094,6994
2022-04-26,23.82147789001465,31.200000762939453,33.0,31.100000381469727,31.899999618530273,5551
2022-04-27,23.8978271484375,31.299999237060547,31.399999618530273,30.700000762939453,31.299999237060547,3907
2022-04-28,23.82147789001465,31.200000762939453,33.400001525878906,31.200000762939453,33.400001525878906,2942
2022-04-29,24.355932235717773,31.899999618530273,32.0,31.100000381469727,31.399999618530273,5393
2022-05-02,23.287019729614258,30.5,32.5,30.5,32.5,3373
2022-05-03,23.82147789001465,31.200000762939453,32.20000076293945,31.0,32.20000076293945,1557
2022-05-04,23.82147789001465,31.200000762939453,32.0,31.100000381469727,31.299999237060547,3387
2022-05-05,23.745126724243164,31.100000381469727,32.70000076293945,31.0,32.70000076293945,1595
2022-05-06,22.98161506652832,30.100000381469727,30.700000762939453,29.899999618530273,30.700000762939453,3076
2022-05-09,21.37824821472168,28.0,29.899999618530273,28.0,29.100000381469727,5474
2022-05-10,21.989055633544922,28.799999237060547,29.299999237060547,28.0,29.200000762939453,7205
2022-05-11,22.218109130859375,29.100000381469727,29.799999237060547,29.0,29.200000762939453,2321
2022-05-12,22.7525634765625,29.799999237060547,29.799999237060547,28.600000381469727,29.399999618530273,3151
2022-05-13,22.90526580810547,30.0,30.200000762939453,29.799999237060547,29.799999237060547,1054
2022-05-16,22.67621421813965,29.700000762939453,30.600000381469727,29.700000762939453,30.100000381469727,6637
2022-05-17,22.599863052368164,29.600000381469727,30.5,29.600000381469727,30.5,2363
2022-05-18,22.67621421813965,29.700000762939453,30.700000762939453,29.600000381469727,30.700000762939453,8208
2022-05-19,22.98161506652832,30.100000381469727,30.100000381469727,29.200000762939453,29.700000762939453,4333
2022-05-20,22.828914642333984,29.899999618530273,30.700000762939453,29.799999237060547,30.399999618530273,1521
2022-05-23,23.057968139648438,30.200000762939453,31.0,29.799999237060547,31.0,6068
2022-05-24,22.828914642333984,29.899999618530273,30.399999618530273,29.700000762939453,30.200000762939453,1960
2022-05-25,22.599863052368164,29.600000381469727,30.0,29.600000381469727,30.0,378
2022-05-27,23.287019729614258,30.5,30.700000762939453,29.700000762939453,29.700000762939453,1599
2022-05-30,22.67621421813965,29.700000762939453,31.0,29.700000762939453,30.899999618530273,3320
2022-05-31,22.599863052368164,29.600000381469727,30.700000762939453,29.399999618530273,30.0,6837
2022-06-01,23.516071319580078,30.799999237060547,30.799999237060547,30.0,30.0,2435
2022-06-02,23.210670471191406,30.399999618530273,31.0,30.200000762939453,30.799999237060547,2389
2022-06-03,22.67621421813965,29.700000762939453,30.899999618530273,29.700000762939453,30.5,5751
2022-06-06,22.7525634765625,29.799999237060547,29.799999237060547,29.600000381469727,29.700000762939453,3256
2022-06-07,22.98161506652832,30.100000381469727,30.100000381469727,29.799999237060547,30.0,764
2022-06-08,22.90526580810547,30.0,30.600000381469727,30.0,30.600000381469727,1480
2022-06-09,22.90526580810547,30.0,30.200000762939453,29.700000762939453,30.0,1799
2022-06-10,23.057968139648438,30.200000762939453,30.700000762939453,30.200000762939453,30.5,2278
2022-06-13,22.7525634765625,29.799999237060547,30.700000762939453,29.799999237060547,30.5,2946
2022-06-14,22.67621421813965,29.700000762939453,30.100000381469727,29.700000762939453,29.700000762939453,2251
2022-06-15,23.057968139648438,30.200000762939453,30.299999237060547,29.5,29.899999618530273,2991
2022-06-16,22.447158813476562,29.399999618530273,30.399999618530273,29.399999618530273,30.399999618530273,2038
2022-06-17,23.13431739807129,30.299999237060547,30.299999237060547,29.5,29.700000762939453,2094
2022-06-20,22.828914642333984,29.899999618530273,30.299999237060547,29.399999618530273,30.299999237060547,1933
2022-06-21,22.67621421813965,29.700000762939453,30.0,29.600000381469727,29.799999237060547,1452
2022-06-22,22.828914642333984,29.899999618530273,30.100000381469727,29.5,29.700000762939453,1043
2022-06-23,22.447158813476562,29.399999618530273,30.100000381469727,29.399999618530273,30.100000381469727,1042
2022-06-27,23.057968139648438,30.200000762939453,30.200000762939453,29.600000381469727,30.0,598
2022-06-28,22.7525634765625,29.799999237060547,30.299999237060547,29.5,30.200000762939453,1610
2022-06-29,22.67621421813965,29.700000762939453,29.899999618530273,29.600000381469727,29.899999618530273,899
2022-06-30,22.7525634765625,29.799999237060547,30.0,29.5,30.0,789
2022-07-01,22.67621421813965,29.700000762939453,29.899999618530273,29.700000762939453,29.799999237060547,1534
2022-07-04,22.447158813476562,29.399999618530273,29.700000762939453,29.399999618530273,29.700000762939453,1438
2022-07-05,22.218109130859375,29.100000381469727,30.0,29.100000381469727,29.399999618530273,1038
2022-07-06,22.065404891967773,28.899999618530273,29.299999237060547,28.200000762939453,29.0,2172
2022-07-07,21.989055633544922,28.799999237060547,29.200000762939453,28.700000762939453,28.899999618530273,1044
2022-07-08,22.065404891967773,28.899999618530273,29.299999237060547,28.600000381469727,29.200000762939453,2476
2022-07-11,22.52351188659668,29.5,29.5,28.799999237060547,28.799999237060547,2093
2022-07-12,21.836353302001953,28.600000381469727,29.5,28.5,29.5,3037
2022-07-13,22.141756057739258,29.0,29.600000381469727,28.200000762939453,28.5,5628
2022-07-14,22.065404891967773,28.899999618530273,29.100000381469727,28.5,29.0,1804
2022-07-15,22.141756057739258,29.0,29.600000381469727,28.5,29.0,2385
2022-07-18,22.065404891967773,28.899999618530273,29.700000762939453,28.600000381469727,29.700000762939453,8586
2022-07-19,21.683652877807617,28.399999618530273,28.600000381469727,27.899999618530273,28.399999618530273,3800
2022-07-20,21.836353302001953,28.600000381469727,28.899999618530273,28.200000762939453,28.399999618530273,1886
2022-07-21,21.989055633544922,28.799999237060547,29.0,28.399999618530273,28.899999618530273,2016
2022-07-22,22.065404891967773,28.899999618530273,29.0,28.5,28.799999237060547,2637
2022-07-25,21.836353302001953,28.600000381469727,28.700000762939453,28.399999618530273,28.600000381469727,4602
2022-07-26,21.76000213623047,28.5,28.799999237060547,28.399999618530273,28.600000381469727,1985
2022-07-27,21.91270637512207,28.700000762939453,29.0,28.399999618530273,28.5,1725
2022-07-28,21.989055633544922,28.799999237060547,29.299999237060547,28.600000381469727,29.0,1923
2022-07-29,22.141756057739258,29.0,29.299999237060547,28.799999237060547,29.299999237060547,2576
2022-08-01,21.989055633544922,28.799999237060547,29.299999237060547,28.700000762939453,29.200000762939453,2248
2022-08-02,22.065404891967773,28.899999618530273,29.200000762939453,28.799999237060547,28.899999618530273,1244
2022-08-03,22.141756057739258,29.0,29.200000762939453,28.899999618530273,29.200000762939453,2555
2022-08-04,22.447158813476562,29.399999618530273,29.700000762939453,29.0,29.200000762939453,2804
2022-08-05,22.218109130859375,29.100000381469727,29.600000381469727,29.0,29.600000381469727,1687
2022-08-08,22.294458389282227,29.200000762939453,30.200000762939453,29.100000381469727,29.100000381469727,3724
2022-08-09,22.828914642333984,29.899999618530273,30.299999237060547,29.299999237060547,29.600000381469727,3830
2022-08-10,23.057968139648438,30.200000762939453,30.700000762939453,29.899999618530273,30.100000381469727,2644
2022-08-11,23.287019729614258,30.5,31.0,30.5,30.899999618530273,1947
2022-08-12,23.363372802734375,30.600000381469727,31.0,30.200000762939453,31.0,704
2022-08-15,23.287019729614258,30.5,31.0,30.5,31.0,790
2022-08-16,23.287019729614258,30.5,31.0,30.399999618530273,31.0,917
2022-08-17,23.592422485351562,30.899999618530273,31.0,30.5,30.799999237060547,1737
2022-08-18,23.592422485351562,30.899999618530273,30.899999618530273,30.399999618530273,30.899999618530273,390
2022-08-19,23.287019729614258,30.5,30.799999237060547,30.5,30.5,848
2022-08-22,23.210670471191406,30.399999618530273,30.600000381469727,30.200000762939453,30.5,1918
2022-08-23,23.13431739807129,30.299999237060547,30.899999618530273,30.0,30.100000381469727,1994
2022-08-24,23.363372802734375,30.600000381469727,30.899999618530273,30.399999618530273,30.899999618530273,303
2022-08-25,23.363372802734375,30.600000381469727,30.600000381469727,30.200000762939453,30.600000381469727,1067
2022-08-26,23.210670471191406,30.399999618530273,30.700000762939453,30.299999237060547,30.700000762939453,1337
2022-08-29,23.210670471191406,30.399999618530273,30.700000762939453,30.0,30.399999618530273,1700
2022-08-30,23.13431739807129,30.299999237060547,30.799999237060547,30.200000762939453,30.299999237060547,1092
2022-08-31,22.98161506652832,30.100000381469727,30.5,30.100000381469727,30.200000762939453,1315
2022-09-01,23.057968139648438,30.200000762939453,30.299999237060547,30.100000381469727,30.200000762939453,2011
2022-09-02,23.057968139648438,30.200000762939453,30.399999618530273,30.0,30.200000762939453,733
2022-09-05,22.90526580810547,30.0,30.399999618530273,30.0,30.200000762939453,947
2022-09-06,22.90526580810547,30.0,30.299999237060547,30.0,30.100000381469727,1371
2022-09-07,23.210670471191406,30.399999618530273,30.600000381469727,30.100000381469727,30.100000381469727,1457
2022-09-08,23.82147789001465,31.200000762939453,31.600000381469727,30.100000381469727,30.100000381469727,1512
2022-09-09,23.8978271484375,31.299999237060547,31.5,31.200000762939453,31.299999237060547,866
2022-09-12,24.584985733032227,32.20000076293945,32.79999923706055,31.100000381469727,31.399999618530273,2344
2022-09-13,25.043088912963867,32.79999923706055,35.099998474121094,32.20000076293945,32.29999923706055,3360
2022-09-14,25.043088912963867,32.79999923706055,33.0,32.599998474121094,32.900001525878906,346
2022-09-15,24.737688064575195,32.400001525878906,32.70000076293945,32.099998474121094,32.70000076293945,1383
2022-09-16,25.19579315185547,33.0,33.099998474121094,32.400001525878906,32.400001525878906,2361
2022-09-19,25.043088912963867,32.79999923706055,33.400001525878906,32.79999923706055,33.099998474121094,1106
2022-09-20,25.501197814941406,33.400001525878906,34.0,33.0,33.0,1224
2022-09-21,25.42484474182129,33.29999923706055,33.70000076293945,33.29999923706055,33.70000076293945,1366
2022-09-22,25.95930290222168,34.0,34.0,33.29999923706055,34.0,3746
2022-09-23,25.27214241027832,33.099998474121094,34.0,32.599998474121094,34.0,2347
2022-09-26,24.05052947998047,31.5,34.0,31.0,33.0,3815
2022-09-27,23.363372802734375,30.600000381469727,31.5,30.200000762939453,31.5,3004
2022-09-28,23.745126724243164,31.100000381469727,32.29999923706055,30.0,30.100000381469727,4532
2022-09-29,23.592422485351562,30.899999618530273,31.799999237060547,30.600000381469727,31.600000381469727,4576
2022-09-30,23.8978271484375,31.299999237060547,32.70000076293945,31.0,31.0,3716
2022-10-03,23.97417640686035,31.399999618530273,32.79999923706055,31.299999237060547,31.5,614
2022-10-04,24.12687873840332,31.600000381469727,31.600000381469727,30.799999237060547,31.399999618530273,927
2022-10-05,23.82147789001465,31.200000762939453,32.400001525878906,31.0,31.600000381469727,2387
2022-10-06,24.279582977294922,31.799999237060547,32.70000076293945,31.100000381469727,31.200000762939453,1317
2022-10-07,24.355932235717773,31.899999618530273,32.5,31.399999618530273,31.600000381469727,2065
2022-10-10,24.355932235717773,31.899999618530273,32.400001525878906,31.100000381469727,31.600000381469727,2307
2022-10-11,24.12687873840332,31.600000381469727,34.0,30.5,32.20000076293945,2672
2022-10-12,24.279582977294922,31.799999237060547,32.20000076293945,31.600000381469727,31.600000381469727,1778
2022-10-13,23.439722061157227,30.700000762939453,32.20000076293945,30.399999618530273,32.0,6235
2022-10-14,23.592422485351562,30.899999618530273,31.700000762939453,30.799999237060547,31.0,2973
2022-10-17,24.05052947998047,31.5,32.900001525878906,30.5,30.799999237060547,5710
2022-10-18,24.12687873840332,31.600000381469727,32.20000076293945,31.299999237060547,32.20000076293945,978
2022-10-19,24.203229904174805,31.700000762939453,32.099998474121094,31.5,31.600000381469727,2186
2022-10-20,24.05052947998047,31.5,32.29999923706055,31.5,31.700000762939453,534
2022-10-21,23.745126724243164,31.100000381469727,32.599998474121094,31.100000381469727,32.599998474121094,1063
2022-10-24,24.737688064575195,32.400001525878906,32.5,31.5,32.5,2036
2022-10-25,23.8978271484375,31.299999237060547,32.5,30.299999237060547,32.5,5405
2022-10-26,24.12687873840332,31.600000381469727,32.0,31.0,31.299999237060547,2095
2022-10-27,24.203229904174805,31.700000762939453,32.0,31.0,31.0,1846
2022-10-28,24.432283401489258,32.0,32.400001525878906,31.600000381469727,31.700000762939453,1140
2022-10-31,24.432283401489258,32.0,32.20000076293945,31.700000762939453,31.700000762939453,901
2022-11-01,24.81403923034668,32.5,32.5,32.0,32.0,1164
2022-11-02,24.89038848876953,32.599998474121094,32.599998474121094,32.0,32.599998474121094,1233
2022-11-03,24.966739654541016,32.70000076293945,32.70000076293945,32.599998474121094,32.599998474121094,1375
2022-11-04,25.19579315185547,33.0,33.099998474121094,32.20000076293945,32.70000076293945,1321
2022-11-07,24.966739654541016,32.70000076293945,33.20000076293945,32.0,33.0,1697
2022-11-08,24.81403923034668,32.5,33.20000076293945,32.5,32.70000076293945,1838
2022-11-09,24.584985733032227,32.20000076293945,33.0,32.20000076293945,33.0,3806
2022-11-10,24.89038848876953,32.599998474121094,33.0,32.400001525878906,32.400001525878906,1035
2022-11-11,25.19579315185547,33.0,33.29999923706055,32.599998474121094,32.79999923706055,1098
2022-11-14,25.27214241027832,33.099998474121094,33.20000076293945,32.5,32.900001525878906,978
2022-11-15,25.19579315185547,33.0,33.5,32.70000076293945,33.5,1774
2022-11-16,25.501197814941406,33.400001525878906,33.5,32.5,32.79999923706055,1663
2022-11-17,25.65389633178711,33.599998474121094,34.0,33.20000076293945,33.5,2478
2022-11-18,25.42484474182129,33.29999923706055,33.599998474121094,33.0,33.599998474121094,1127
2022-11-21,25.806598663330078,33.79999923706055,34.099998474121094,33.400001525878906,33.400001525878906,2367
2022-11-22,25.806598663330078,33.79999923706055,34.0,33.400001525878906,33.79999923706055,376
2022-11-23,25.95930290222168,34.0,34.099998474121094,33.79999923706055,33.900001525878906,2264
2022-11-24,25.95930290222168,34.0,34.099998474121094,34.0,34.099998474121094,1517
2022-11-25,26.188352584838867,34.29999923706055,34.70000076293945,34.0,34.0,2423
2022-11-28,26.646461486816406,34.900001525878906,35.099998474121094,34.0,34.29999923706055,252125
2022-11-29,26.79916000366211,35.099998474121094,35.20000076293945,34.5,34.900001525878906,1480
2022-11-30,27.104564666748047,35.5,35.79999923706055,35.20000076293945,35.20000076293945,3086
2022-12-01,27.48632049560547,36.0,37.5,35.599998474121094,35.599998474121094,10982
2022-12-02,28.3261775970459,37.099998474121094,37.29999923706055,36.599998474121094,36.79999923706055,3608
2022-12-05,28.173477172851562,36.900001525878906,37.5,36.79999923706055,37.099998474121094,2642
2022-12-07,28.40252685546875,37.20000076293945,37.5,36.900001525878906,36.900001525878906,1890
2022-12-08,28.93698501586914,37.900001525878906,37.900001525878906,37.20000076293945,37.20000076293945,3123
2022-12-09,28.784284591674805,37.70000076293945,37.900001525878906,37.70000076293945,37.79999923706055,1374
2022-12-12,28.3261775970459,37.099998474121094,37.70000076293945,36.79999923706055,37.5,2531
2022-12-13,28.3261775970459,37.099998474121094,37.29999923706055,36.79999923706055,37.099998474121094,1006
2022-12-14,27.562667846679688,36.099998474121094,37.099998474121094,35.20000076293945,36.79999923706055,3481
2022-12-15,27.79172134399414,36.400001525878906,36.900001525878906,35.900001525878906,36.0,1777
2022-12-16,28.40252685546875,37.20000076293945,37.20000076293945,36.20000076293945,36.400001525878906,3340
2022-12-19,28.3261775970459,37.099998474121094,37.599998474121094,36.900001525878906,37.29999923706055,713
2022-12-20,27.48632049560547,36.0,36.900001525878906,35.79999923706055,36.900001525878906,2570
2022-12-21,27.868070602416992,36.5,36.599998474121094,35.900001525878906,36.29999923706055,4623
2022-12-22,27.868070602416992,36.5,37.0,36.0,37.0,4266
2022-12-23,27.944421768188477,36.599998474121094,36.599998474121094,35.5,36.20000076293945,1390
2022-12-27,27.18091583251953,35.599998474121094,36.599998474121094,35.20000076293945,36.599998474121094,3020
2022-12-28,27.104564666748047,35.5,35.599998474121094,35.29999923706055,35.599998474121094,553
2022-12-29,27.104564666748047,35.5,35.599998474121094,35.29999923706055,35.29999923706055,1563
2022-12-30,27.639020919799805,36.20000076293945,36.400001525878906,35.79999923706055,35.79999923706055,757
2023-01-02,28.173477172851562,36.900001525878906,37.20000076293945,36.20000076293945,36.20000076293945,3055
2023-01-03,27.562667846679688,36.099998474121094,37.0,36.099998474121094,37.0,1235
2023-01-04,27.715373992919922,36.29999923706055,36.70000076293945,35.900001525878906,36.29999923706055,673
2023-01-05,27.48632049560547,36.0,36.29999923706055,35.599998474121094,36.20000076293945,906
2023-01-09,27.257265090942383,35.70000076293945,36.70000076293945,35.70000076293945,36.099998474121094,1482
2023-01-10,27.257265090942383,35.70000076293945,36.0,35.70000076293945,35.70000076293945,452
2023-01-11,27.18091583251953,35.599998474121094,35.70000076293945,35.5,35.70000076293945,1339
2023-01-12,27.48632049560547,36.0,36.0,35.599998474121094,35.599998474121094,1238
2023-01-13,27.333614349365234,35.79999923706055,36.400001525878906,35.79999923706055,36.0,628
2023-01-16,27.257265090942383,35.70000076293945,36.400001525878906,35.599998474121094,36.0,1042
2023-01-17,27.48632049560547,36.0,36.20000076293945,35.099998474121094,36.20000076293945,641
2023-01-18,27.104564666748047,35.5,36.20000076293945,35.29999923706055,36.0,884
2023-01-19,27.104564666748047,35.5,36.0,35.400001525878906,36.0,817
2023-01-20,27.18091583251953,35.599998474121094,36.5,35.400001525878906,36.29999923706055,1109
2023-01-23,27.18091583251953,35.599998474121094,36.20000076293945,35.599998474121094,35.70000076293945,222
2023-01-24,27.18091583251953,35.599998474121094,36.0,35.599998474121094,35.599998474121094,339
2023-01-25,26.951860427856445,35.29999923706055,35.900001525878906,35.29999923706055,35.599998474121094,585
2023-01-26,27.333614349365234,35.79999923706055,36.099998474121094,35.29999923706055,35.29999923706055,395
2023-01-27,27.715373992919922,36.29999923706055,36.400001525878906,36.099998474121094,36.400001525878906,815
2023-01-30,28.555233001708984,37.400001525878906,37.5,36.20000076293945,36.29999923706055,3660
2023-01-31,27.79172134399414,36.400001525878906,37.599998474121094,36.400001525878906,37.5,960
2023-02-01,29.16604232788086,38.20000076293945,38.400001525878906,36.70000076293945,36.70000076293945,5255
2023-02-02,29.624143600463867,38.79999923706055,39.900001525878906,38.400001525878906,38.400001525878906,3600
2023-02-03,29.471439361572266,38.599998474121094,39.0,38.5,38.900001525878906,890
2023-02-06,29.471439361572266,38.599998474121094,39.0,38.400001525878906,38.70000076293945,1868
2023-02-07,29.471439361572266,38.599998474121094,38.900001525878906,38.5,38.79999923706055,409
2023-02-08,29.395092010498047,38.5,39.0,38.400001525878906,38.79999923706055,851
2023-02-09,29.776844024658203,39.0,39.0,38.5,38.5,3075
2023-02-10,29.776844024658203,39.0,39.400001525878906,38.29999923706055,39.0,1825
2023-02-13,29.776844024658203,39.0,39.900001525878906,38.900001525878906,39.0,1723
2023-02-14,29.395092010498047,38.5,39.099998474121094,38.099998474121094,38.79999923706055,2089
2023-02-15,29.089685440063477,38.099998474121094,38.79999923706055,38.099998474121094,38.79999923706055,418
2023-02-16,29.395092010498047,38.5,38.79999923706055,38.20000076293945,38.5,1556
2023-02-17,29.089685440063477,38.099998474121094,38.5,37.79999923706055,38.400001525878906,1973
2023-02-20,29.31873893737793,38.400001525878906,39.900001525878906,38.20000076293945,38.20000076293945,1454
2023-02-21,29.929550170898438,39.20000076293945,39.29999923706055,38.70000076293945,38.79999923706055,2783
2023-02-22,30.082250595092773,39.400001525878906,39.70000076293945,38.70000076293945,39.5,2287
2023-02-23,29.853193283081055,39.099998474121094,39.599998474121094,38.79999923706055,38.79999923706055,832
2023-02-24,30.082250595092773,39.400001525878906,40.0,39.29999923706055,39.79999923706055,2170
2023-02-27,30.464008331298828,39.900001525878906,39.900001525878906,39.5,39.70000076293945,1066
2023-02-28,30.464008331298828,39.900001525878906,40.099998474121094,39.599998474121094,39.900001525878906,1708
2023-03-01,30.540353775024414,40.0,40.099998474121094,39.599998474121094,40.099998474121094,897
2023-03-02,30.693058013916016,40.20000076293945,40.20000076293945,39.79999923706055,40.099998474121094,799
2023-03-03,30.540353775024414,40.0,40.20000076293945,40.0,40.20000076293945,1011
2023-03-06,30.845760345458984,40.400001525878906,40.5,40.0,40.0,2532
2023-03-07,30.922107696533203,40.5,40.5,40.400001525878906,40.5,2359
2023-03-08,30.922107696533203,40.5,40.5,40.0,40.5,1342
2023-03-09,30.693058013916016,40.20000076293945,41.0,40.0,40.5,1769
2023-03-10,30.540353775024414,40.0,40.599998474121094,39.20000076293945,40.099998474121094,2034
2023-03-13,29.624143600463867,38.79999923706055,39.79999923706055,37.70000076293945,39.79999923706055,4723
2023-03-14,29.16604232788086,38.20000076293945,39.70000076293945,37.70000076293945,38.900001525878906,4696
2023-03-15,28.93698501586914,37.900001525878906,38.70000076293945,37.599998474121094,38.20000076293945,4800
2023-03-16,29.776844024658203,39.0,39.70000076293945,38.20000076293945,38.20000076293945,2020
2023-03-17,30.158599853515625,39.5,40.0,38.5,39.0,2682
2023-03-20,29.395092010498047,38.5,39.5,37.5,39.5,3649
2023-03-21,29.624143600463867,38.79999923706055,39.5,38.5,38.5,1460
2023-03-22,29.929550170898438,39.20000076293945,39.5,39.0,39.0,767
2023-03-23,30.311302185058594,39.70000076293945,40.0,39.20000076293945,39.5,2496
2023-03-24,30.387651443481445,39.79999923706055,39.900001525878906,39.29999923706055,39.599998474121094,1139
2023-03-27,31.151161193847656,40.79999923706055,40.900001525878906,40.0,40.0,3790
2023-03-28,31.227514266967773,40.900001525878906,41.0,40.400001525878906,40.400001525878906,4168
2023-03-29,31.45656394958496,41.20000076293945,41.599998474121094,40.900001525878906,41.0,6641
2023-03-30,30.540353775024414,40.0,41.20000076293945,39.20000076293945,41.20000076293945,9124
2023-03-31,30.661067962646484,38.099998474121094,39.400001525878906,38.099998474121094,38.79999923706055,5003
2023-04-03,30.339168548583984,37.70000076293945,38.29999923706055,37.70000076293945,38.099998474121094,3280
2023-04-04,30.500118255615234,37.900001525878906,38.0,37.0,37.0,1409
2023-04-05,30.258689880371094,37.599998474121094,37.79999923706055,37.0,37.70000076293945,1057
2023-04-06,30.01726531982422,37.29999923706055,37.70000076293945,37.29999923706055,37.70000076293945,541
2023-04-11,29.775840759277344,37.0,37.29999923706055,36.79999923706055,37.29999923706055,1651
2023-04-12,29.453937530517578,36.599998474121094,37.0,36.5,37.0,1745
2023-04-13,28.971088409423828,36.0,36.79999923706055,35.900001525878906,36.599998474121094,1542
2023-04-14,28.407758712768555,35.29999923706055,36.0,35.099998474121094,36.0,2719
2023-04-17,28.649187088012695,35.599998474121094,36.0,35.5,35.70000076293945,788
2023-04-18,28.72966194152832,35.70000076293945,36.099998474121094,35.5,35.70000076293945,828
2023-04-19,28.649187088012695,35.599998474121094,36.099998474121094,35.29999923706055,36.099998474121094,467
2023-04-20,28.72966194152832,35.70000076293945,35.900001525878906,35.599998474121094,35.599998474121094,715
2023-04-21,28.56871223449707,35.5,35.70000076293945,35.29999923706055,35.599998474121094,1255
2023-04-24,28.56871223449707,35.5,36.0,35.20000076293945,35.5,1342
2023-04-25,28.407758712768555,35.29999923706055,36.0,35.20000076293945,36.0,1428
2023-04-26,28.327287673950195,35.20000076293945,35.5,35.20000076293945,35.29999923706055,502
2023-04-27,28.16633415222168,35.0,35.5,34.900001525878906,35.400001525878906,2456
2023-04-28,28.327287673950195,35.20000076293945,35.400001525878906,35.0,35.0,3007
2023-05-02,27.763959884643555,34.5,35.70000076293945,34.5,35.20000076293945,2646
2023-05-03,27.44205665588379,34.099998474121094,35.0,33.599998474121094,34.599998474121094,2157
2023-05-04,27.20063018798828,33.79999923706055,34.29999923706055,33.0,34.29999923706055,2435
2023-05-05,26.87873077392578,33.400001525878906,33.599998474121094,32.400001525878906,33.599998474121094,3664
2023-05-08,26.395877838134766,32.79999923706055,33.599998474121094,32.70000076293945,33.599998474121094,3114
2023-05-09,26.234926223754883,32.599998474121094,32.900001525878906,32.5,32.79999923706055,3121
2023-05-10,27.522533416748047,34.20000076293945,34.20000076293945,32.70000076293945,32.70000076293945,2152
2023-05-11,27.20063018798828,33.79999923706055,34.20000076293945,33.099998474121094,34.20000076293945,2236
2023-05-12,27.20063018798828,33.79999923706055,33.79999923706055,33.29999923706055,33.5,1150
2023-05-15,26.7177791595459,33.20000076293945,33.79999923706055,33.099998474121094,33.79999923706055,498
2023-05-16,26.7177791595459,33.20000076293945,33.70000076293945,33.20000076293945,33.5,511
2023-05-17,26.87873077392578,33.400001525878906,33.599998474121094,33.20000076293945,33.599998474121094,516
2023-05-19,27.20063018798828,33.79999923706055,34.0,33.599998474121094,33.599998474121094,784
2023-05-22,26.798254013061523,33.29999923706055,33.400001525878906,33.0,33.29999923706055,1697
2023-05-23,26.31540298461914,32.70000076293945,33.5,32.599998474121094,33.5,1555
2023-05-24,25.752077102661133,32.0,32.70000076293945,32.0,32.70000076293945,1076
2023-05-25,26.15445327758789,32.5,32.5,31.899999618530273,32.0,10705
2023-05-26,25.43017578125,31.600000381469727,32.5,31.5,32.5,565
2023-05-29,25.269224166870117,31.399999618530273,31.600000381469727,31.100000381469727,31.299999237060547,718
2023-05-30,24.86684799194336,30.899999618530273,31.5,30.799999237060547,31.5,1253
2023-05-31,25.027801513671875,31.100000381469727,31.200000762939453,30.5,31.200000762939453,1439
2023-06-01,25.752077102661133,32.0,32.20000076293945,31.0,31.100000381469727,970
2023-06-02,25.832551956176758,32.099998474121094,32.400001525878906,31.299999237060547,32.099998474121094,1246
2023-06-05,26.31540298461914,32.70000076293945,32.900001525878906,32.0,32.5,820
2023-06-06,26.55682945251465,33.0,33.0,31.899999618530273,32.900001525878906,398
2023-06-07,26.0739803314209,32.400001525878906,33.0,32.400001525878906,33.0,149
2023-06-08,26.15445327758789,32.5,32.900001525878906,32.20000076293945,32.29999923706055,616
2023-06-09,25.43017578125,31.600000381469727,33.0,31.5,32.5,998
2023-06-12,25.59112548828125,31.799999237060547,31.899999618530273,31.299999237060547,31.799999237060547,801
2023-06-13,25.1082763671875,31.200000762939453,32.0,30.899999618530273,31.899999618530273,1438
2023-06-14,25.188751220703125,31.299999237060547,31.600000381469727,31.100000381469727,31.200000762939453,851
2023-06-15,25.188751220703125,31.299999237060547,31.899999618530273,31.299999237060547,31.899999618530273,640
2023-06-16,25.188751220703125,31.299999237060547,31.899999618530273,31.299999237060547,31.5,2073
2023-06-19,25.188751220703125,31.299999237060547,31.600000381469727,31.299999237060547,31.299999237060547,1196
2023-06-20,25.671602249145508,31.899999618530273,31.899999618530273,31.5,31.5,715
2023-06-21,25.349700927734375,31.5,31.899999618530273,31.5,31.899999618530273,292
2023-06-22,25.43017578125,31.600000381469727,32.5,31.600000381469727,31.700000762939453,846
2023-06-26,25.349700927734375,31.5,32.79999923706055,31.299999237060547,31.600000381469727,2025
2023-06-27,26.55682945251465,33.0,33.099998474121094,31.5,31.5,1275
2023-06-28,26.87873077392578,33.400001525878906,36.0,33.20000076293945,33.20000076293945,798
2023-06-29,28.407758712768555,35.29999923706055,35.79999923706055,33.400001525878906,34.20000076293945,5304
2023-06-30,27.44205665588379,34.099998474121094,35.20000076293945,34.099998474121094,35.20000076293945,199
2023-07-03,27.522533416748047,34.20000076293945,35.70000076293945,34.099998474121094,34.099998474121094,968
2023-07-04,28.085861206054688,34.900001525878906,35.20000076293945,34.29999923706055,34.70000076293945,747
2023-07-05,27.60300636291504,34.29999923706055,35.400001525878906,34.0,35.29999923706055,1334
2023-07-06,27.763959884643555,34.5,35.099998474121094,34.099998474121094,35.099998474121094,70
2023-07-07,27.20063018798828,33.79999923706055,34.5,33.79999923706055,34.5,835
2023-07-10,26.7177791595459,33.20000076293945,33.400001525878906,33.099998474121094,33.20000076293945,784
2023-07-11,26.7177791595459,33.20000076293945,33.70000076293945,33.099998474121094,33.400001525878906,812
2023-07-12,26.7177791595459,33.20000076293945,33.20000076293945,33.0,33.0,965
2023-07-13,26.63730239868164,33.099998474121094,33.099998474121094,32.900001525878906,33.0,667
2023-07-14,26.959205627441406,33.5,33.900001525878906,33.20000076293945,33.20000076293945,897
2023-07-17,26.7177791595459,33.20000076293945,33.5,33.0,33.099998474121094,123
2023-07-18,26.63730239868164,33.099998474121094,33.099998474121094,32.20000076293945,33.0,1408
2023-07-19,26.55682945251465,33.0,33.099998474121094,32.900001525878906,33.099998474121094,699
2023-07-20,26.7177791595459,33.20000076293945,35.5,33.0,33.29999923706055,6221
2023-07-21,27.28110694885254,33.900001525878906,34.0,33.400001525878906,33.900001525878906,891
2023-07-24,27.763959884643555,34.5,34.900001525878906,34.0,34.0,643
2023-07-25,28.327287673950195,35.20000076293945,35.29999923706055,34.5,34.5,531
2023-07-26,27.68348503112793,34.400001525878906,35.79999923706055,34.400001525878906,35.29999923706055,652
2023-07-27,28.16633415222168,35.0,35.29999923706055,34.29999923706055,35.099998474121094,681
2023-07-28,27.68348503112793,34.400001525878906,35.599998474121094,34.400001525878906,35.0,861
2023-07-31,27.68348503112793,34.400001525878906,34.400001525878906,34.20000076293945,34.400001525878906,455
2023-08-01,27.361581802368164,34.0,34.400001525878906,33.20000076293945,34.400001525878906,2356
2023-08-02,28.005382537841797,34.79999923706055,34.900001525878906,34.0,34.099998474121094,1919
2023-08-03,27.28110694885254,33.900001525878906,35.0,33.900001525878906,34.79999923706055,93
2023-08-04,27.361581802368164,34.0,34.5,33.70000076293945,34.5,264
2023-08-07,26.63730239868164,33.099998474121094,34.400001525878906,33.099998474121094,34.0,565
2023-08-08,27.120155334472656,33.70000076293945,34.0,33.5,33.5,359
2023-08-09,27.120155334472656,33.70000076293945,34.29999923706055,33.20000076293945,33.70000076293945,74
2023-08-10,27.44205665588379,34.099998474121094,35.400001525878906,33.599998474121094,35.400001525878906,627
2023-08-11,26.959205627441406,33.5,34.79999923706055,33.5,34.79999923706055,599
2023-08-14,27.68348503112793,34.400001525878906,34.5,33.400001525878906,33.79999923706055,875
2023-08-15,27.120155334472656,33.70000076293945,34.400001525878906,33.5,34.400001525878906,811
2023-08-16,26.55682945251465,33.0,34.400001525878906,33.0,34.400001525878906,973
2023-08-17,26.15445327758789,32.5,33.0,32.0,33.0,583
2023-08-18,25.752077102661133,32.0,33.29999923706055,31.600000381469727,32.29999923706055,920
2023-08-21,25.832551956176758,32.099998474121094,32.900001525878906,31.799999237060547,32.900001525878906,843
2023-08-22,26.15445327758789,32.5,32.5,31.899999618530273,31.899999618530273,653
2023-08-23,25.59112548828125,31.799999237060547,32.5,31.5,32.5,1237
2023-08-24,25.832551956176758,32.099998474121094,32.5,32.0,32.0,400
2023-08-25,25.832551956176758,32.099998474121094,32.70000076293945,32.099998474121094,32.29999923706055,404
2023-08-28,26.0739803314209,32.400001525878906,33.0,32.099998474121094,32.099998474121094,1796
2023-08-29,26.55682945251465,33.0,33.400001525878906,32.5,32.5,229
2023-08-30,26.15445327758789,32.5,33.79999923706055,32.5,33.099998474121094,280
2023-08-31,26.31540298461914,32.70000076293945,33.70000076293945,32.599998474121094,32.599998474121094,632
2023-09-01,26.959205627441406,33.5,33.5,33.0,33.0,390
2023-09-04,26.87873077392578,33.400001525878906,33.5,32.70000076293945,32.900001525878906,222
2023-09-05,26.476354598999023,32.900001525878906,33.0,32.79999923706055,33.0,1006
2023-09-06,26.0739803314209,32.400001525878906,32.900001525878906,32.400001525878906,32.900001525878906,348
2023-09-07,25.913028717041016,32.20000076293945,32.79999923706055,32.20000076293945,32.400001525878906,568
2023-09-08,26.63730239868164,33.099998474121094,33.099998474121094,32.29999923706055,32.29999923706055,322
2023-09-11,26.55682945251465,33.0,33.099998474121094,32.70000076293945,33.099998474121094,1215
2023-09-12,26.234926223754883,32.599998474121094,33.0,32.599998474121094,33.0,340
2023-09-13,26.31540298461914,32.70000076293945,33.099998474121094,32.599998474121094,32.70000076293945,199
2023-09-14,26.55682945251465,33.0,33.099998474121094,32.0,33.0,1382
2023-09-15,26.476354598999023,32.900001525878906,33.099998474121094,32.599998474121094,33.0,822
2023-09-18,26.15445327758789,32.5,33.0,32.5,32.900001525878906,214
2023-09-19,26.234926223754883,32.599998474121094,32.900001525878906,32.5,32.900001525878906,333
2023-09-20,26.15445327758789,32.5,32.599998474121094,32.400001525878906,32.599998474121094,733
2023-09-21,26.15445327758789,32.5,32.900001525878906,32.5,32.5,180
2023-09-22,26.7177791595459,33.20000076293945,33.5,32.5,32.900001525878906,4482
2023-09-25,26.7177791595459,33.20000076293945,33.29999923706055,33.20000076293945,33.29999923706055,549
2023-09-26,26.798254013061523,33.29999923706055,33.5,33.20000076293945,33.20000076293945,832
2023-09-27,26.7177791595459,33.20000076293945,33.70000076293945,33.20000076293945,33.400001525878906,581
2023-09-28,26.7177791595459,33.20000076293945,33.599998474121094,33.20000076293945,33.29999923706055,1227
2023-09-29,26.7177791595459,33.20000076293945,33.29999923706055,33.20000076293945,33.29999923706055,196
2023-10-02,26.7177791595459,33.20000076293945,33.5,33.20000076293945,33.20000076293945,845
2023-10-03,26.55682945251465,33.0,33.29999923706055,32.5,33.29999923706055,492
2023-10-04,26.476354598999023,32.900001525878906,33.0,32.79999923706055,32.79999923706055,284
2023-10-05,26.55682945251465,33.0,33.0,32.5,32.5,118
2023-10-06,26.476354598999023,32.900001525878906,33.0,32.0,32.70000076293945,307
2023-10-09,26.476354598999023,32.900001525878906,32.900001525878906,32.900001525878906,32.900001525878906,498
2023-10-10,26.395877838134766,32.79999923706055,33.0,32.599998474121094,32.900001525878906,509
2023-10-11,26.234926223754883,32.599998474121094,33.599998474121094,32.599998474121094,33.0,1173
2023-10-12,26.395877838134766,32.79999923706055,33.29999923706055,32.599998474121094,32.599998474121094,649
2023-10-13,26.476354598999023,32.900001525878906,33.0,32.79999923706055,32.79999923706055,250
2023-10-16,26.55682945251465,33.0,33.099998474121094,32.5,33.0,1451
2023-10-17,26.55682945251465,33.0,33.0,32.599998474121094,33.0,1055
2023-10-18,26.31540298461914,32.70000076293945,33.0,32.70000076293945,33.0,243
2023-10-19,26.476354598999023,32.900001525878906,33.20000076293945,32.599998474121094,33.0,1157
2023-10-20,25.752077102661133,32.0,32.900001525878906,32.0,32.900001525878906,2129
2023-10-23,25.269224166870117,31.399999618530273,32.20000076293945,31.200000762939453,32.0,695
2023-10-24,25.752077102661133,32.0,32.900001525878906,31.700000762939453,32.20000076293945,4335
2023-10-25,26.234926223754883,32.599998474121094,32.599998474121094,31.399999618530273,32.0,4714
2023-10-26,25.993501663208008,32.29999923706055,32.599998474121094,32.0,32.400001525878906,1516
2023-10-27,25.832551956176758,32.099998474121094,33.0,31.600000381469727,33.0,788
2023-10-30,25.1082763671875,31.200000762939453,32.099998474121094,31.200000762939453,31.700000762939453,2116
2023-10-31,25.59112548828125,31.799999237060547,31.899999618530273,31.5,31.5,1907
2023-11-01,25.59112548828125,31.799999237060547,32.0,31.100000381469727,31.799999237060547,2099
2023-11-02,25.510652542114258,31.700000762939453,32.0,31.100000381469727,32.0,1435
2023-11-03,25.59112548828125,31.799999237060547,32.099998474121094,31.5,31.5,1241
2023-11-06,25.1082763671875,31.200000762939453,31.799999237060547,30.899999618530273,31.799999237060547,2589
2023-11-07,25.269224166870117,31.399999618530273,31.5,31.100000381469727,31.5,1127
2023-11-08,25.349700927734375,31.5,31.5,31.299999237060547,31.399999618530273,624
2023-11-09,25.1082763671875,31.200000762939453,31.5,31.200000762939453,31.5,5301
2023-11-10,25.269224166870117,31.399999618530273,31.5,31.200000762939453,31.200000762939453,2041
2023-11-13,24.947324752807617,31.0,31.5,31.0,31.399999618530273,3103
2023-11-14,24.947324752807617,31.0,31.399999618530273,30.799999237060547,31.0,3127
2023-11-15,24.786373138427734,30.799999237060547,31.100000381469727,30.700000762939453,31.100000381469727,3670
2023-11-16,25.1082763671875,31.200000762939453,31.200000762939453,30.799999237060547,30.899999618530273,1996
2023-11-17,24.86684799194336,30.899999618530273,31.299999237060547,30.799999237060547,31.0,5069
2023-11-20,24.786373138427734,30.799999237060547,31.0,30.5,30.899999618530273,7820
2023-11-21,24.786373138427734,30.799999237060547,30.799999237060547,30.700000762939453,30.799999237060547,2697
2023-11-22,24.786373138427734,30.799999237060547,30.899999618530273,30.700000762939453,30.799999237060547,1070
2023-11-23,24.786373138427734,30.799999237060547,30.799999237060547,30.700000762939453,30.799999237060547,1428
2023-11-24,24.70589828491211,30.700000762939453,30.799999237060547,30.600000381469727,30.700000762939453,1337
2023-11-27,24.625423431396484,30.600000381469727,30.899999618530273,30.600000381469727,30.899999618530273,1132
2023-11-28,24.625423431396484,30.600000381469727,30.700000762939453,30.600000381469727,30.600000381469727,2260
2023-11-29,25.027801513671875,31.100000381469727,31.5,30.700000762939453,31.399999618530273,3966
2023-11-30,24.947324752807617,31.0,31.299999237060547,31.0,31.299999237060547,133
2023-12-01,24.947324752807617,31.0,31.5,30.799999237060547,31.299999237060547,2596
2023-12-04,24.947324752807617,31.0,31.0,30.600000381469727,31.0,2202
2023-12-05,24.947324752807617,31.0,31.200000762939453,30.600000381469727,31.0,2159
2023-12-07,24.70589828491211,30.700000762939453,31.200000762939453,30.700000762939453,30.700000762939453,815
2023-12-08,24.947324752807617,31.0,31.200000762939453,30.700000762939453,30.700000762939453,1637
2023-12-11,24.786373138427734,30.799999237060547,31.5,30.799999237060547,31.0,2247
2023-12-12,24.70589828491211,30.700000762939453,31.0,30.700000762939453,31.0,2067
2023-12-13,24.625423431396484,30.600000381469727,31.0,30.600000381469727,31.0,2620
2023-12-14,25.1082763671875,31.200000762939453,31.5,30.700000762939453,30.700000762939453,4169
2023-12-15,24.786373138427734,30.799999237060547,31.5,30.799999237060547,31.200000762939453,1928
2023-12-18,24.544946670532227,30.5,31.0,30.5,30.899999618530273,5776
2023-12-19,24.70589828491211,30.700000762939453,31.100000381469727,30.5,30.700000762939453,2567
2023-12-20,24.786373138427734,30.799999237060547,31.200000762939453,30.799999237060547,31.0,1370
2023-12-21,24.786373138427734,30.799999237060547,31.200000762939453,30.399999618530273,30.799999237060547,2689
2023-12-22,24.86684799194336,30.899999618530273,31.200000762939453,30.799999237060547,30.799999237060547,1934
2023-12-27,24.70589828491211,30.700000762939453,31.399999618530273,30.600000381469727,30.899999618530273,5710
2023-12-28,25.188751220703125,31.299999237060547,31.399999618530273,30.600000381469727,30.700000762939453,3313
2023-12-29,25.027801513671875,31.100000381469727,31.399999618530273,30.799999237060547,31.399999618530273,7992
2024-01-02,24.947324752807617,31.0,31.299999237060547,30.899999618530273,31.0,4691
2024-01-03,24.947324752807617,31.0,31.299999237060547,30.899999618530273,31.299999237060547,1789
2024-01-04,24.947324752807617,31.0,31.299999237060547,30.899999618530273,31.0,3690
2024-01-05,25.188751220703125,31.299999237060547,31.299999237060547,31.0,31.299999237060547,2084
2024-01-08,25.1082763671875,31.200000762939453,31.299999237060547,30.899999618530273,31.299999237060547,4070
2024-01-09,25.349700927734375,31.5,31.700000762939453,31.200000762939453,31.299999237060547,9014
2024-01-10,25.269224166870117,31.399999618530273,31.600000381469727,31.299999237060547,31.5,2086
2024-01-11,25.349700927734375,31.5,31.700000762939453,31.299999237060547,31.700000762939453,1140
2024-01-12,25.188751220703125,31.299999237060547,31.5,31.100000381469727,31.5,3151
2024-01-15,25.027801513671875,31.100000381469727,31.5,31.100000381469727,31.5,1486
2024-01-16,25.027801513671875,31.100000381469727,31.399999618530273,31.100000381469727,31.100000381469727,814
2024-01-17,24.947324752807617,31.0,31.399999618530273,31.0,31.100000381469727,3905
2024-01-18,25.027801513671875,31.100000381469727,31.299999237060547,31.0,31.100000381469727,1042
2024-01-19,25.188751220703125,31.299999237060547,31.600000381469727,31.0,31.200000762939453,2839
2024-01-22,25.349700927734375,31.5,31.5,31.200000762939453,31.399999618530273,1253
2024-01-23,25.1082763671875,31.200000762939453,31.600000381469727,31.200000762939453,31.5,938
2024-01-24,25.1082763671875,31.200000762939453,31.5,31.100000381469727,31.299999237060547,3919
2024-01-25,25.027801513671875,31.100000381469727,31.5,31.100000381469727,31.200000762939453,3149
2024-01-26,25.349700927734375,31.5,31.600000381469727,31.100000381469727,31.100000381469727,1424
2024-01-29,25.510652542114258,31.700000762939453,32.0,31.299999237060547,31.600000381469727,2225
2024-01-30,26.15445327758789,32.5,32.5,31.299999237060547,31.299999237060547,2055
2024-01-31,26.234926223754883,32.599998474121094,32.900001525878906,32.20000076293945,32.5,1327
2024-02-01,27.44205665588379,34.099998474121094,34.20000076293945,32.599998474121094,32.599998474121094,4565
2024-02-02,28.246809005737305,35.099998474121094,36.0,34.20000076293945,34.20000076293945,7143
2024-02-05,29.69536590576172,36.900001525878906,38.20000076293945,36.20000076293945,36.599998474121094,11469
2024-02-06,29.69536590576172,36.900001525878906,37.900001525878906,36.599998474121094,37.5,4609
2024-02-07,29.453937530517578,36.599998474121094,37.20000076293945,36.599998474121094,36.900001525878906,1178
2024-02-08,29.53441619873047,36.70000076293945,37.20000076293945,36.0,36.599998474121094,2545
2024-02-09,29.936790466308594,37.20000076293945,37.400001525878906,36.70000076293945,36.70000076293945,1808
2024-02-12,29.85631561279297,37.099998474121094,37.20000076293945,37.0,37.20000076293945,2207
2024-02-13,29.212512969970703,36.29999923706055,37.29999923706055,36.099998474121094,37.099998474121094,2189
2024-02-14,29.453937530517578,36.599998474121094,37.20000076293945,35.70000076293945,36.0,2615
2024-02-15,29.292987823486328,36.400001525878906,36.599998474121094,36.29999923706055,36.599998474121094,1624
2024-02-16,29.051559448242188,36.099998474121094,36.599998474121094,35.900001525878906,36.400001525878906,3870
2024-02-19,29.051559448242188,36.099998474121094,36.099998474121094,35.79999923706055,36.099998474121094,1816
2024-02-20,28.971088409423828,36.0,36.099998474121094,35.400001525878906,36.099998474121094,2747
2024-02-21,28.72966194152832,35.70000076293945,36.29999923706055,35.599998474121094,36.0,1447
2024-02-22,28.971088409423828,36.0,36.0,35.599998474121094,35.599998474121094,801
2024-02-23,29.292987823486328,36.400001525878906,36.599998474121094,35.099998474121094,36.0,2994
2024-02-26,28.649187088012695,35.599998474121094,36.5,35.400001525878906,36.5,2717
2024-02-27,28.56871223449707,35.5,35.900001525878906,35.5,35.900001525878906,3183
2024-02-28,28.890613555908203,35.900001525878906,36.0,35.29999923706055,35.70000076293945,4058
2024-02-29,28.649187088012695,35.599998474121094,36.0,35.29999923706055,36.0,1180
2024-03-01,28.56871223449707,35.5,35.599998474121094,35.20000076293945,35.599998474121094,1790
2024-03-04,28.56871223449707,35.5,35.79999923706055,35.29999923706055,35.5,2494
2024-03-05,28.971088409423828,36.0,36.0,35.5,35.5,2888
2024-03-06,28.56871223449707,35.5,36.400001525878906,35.5,36.0,2781
2024-03-07,28.72966194152832,35.70000076293945,36.099998474121094,35.599998474121094,36.0,1167
2024-03-08,28.971088409423828,36.0,36.400001525878906,35.70000076293945,35.70000076293945,1315
2024-03-11,28.488237380981445,35.400001525878906,36.20000076293945,35.400001525878906,36.099998474121094,3644
2024-03-12,28.56871223449707,35.5,35.900001525878906,35.0,35.900001525878906,4822
2024-03-13,28.327287673950195,35.20000076293945,36.099998474121094,35.20000076293945,35.5,3490
2024-03-14,29.292987823486328,36.400001525878906,36.5,35.20000076293945,35.29999923706055,3788
2024-03-15,29.292987823486328,36.400001525878906,36.70000076293945,36.0,36.5,1732
2024-03-18,29.775840759277344,37.0,37.0,36.400001525878906,36.599998474121094,3360
2024-03-19,29.614887237548828,36.79999923706055,37.0,36.29999923706055,37.0,1916
2024-03-20,29.936790466308594,37.20000076293945,37.29999923706055,36.400001525878906,36.79999923706055,7120
2024-03-21,29.85631561279297,37.099998474121094,37.29999923706055,36.79999923706055,37.20000076293945,4174
2024-03-22,30.01726531982422,37.29999923706055,37.400001525878906,37.0,37.29999923706055,3552
2024-03-25,30.258689880371094,37.599998474121094,37.70000076293945,37.29999923706055,37.400001525878906,8756
2024-03-26,29.936790466308594,37.20000076293945,38.0,37.20000076293945,37.70000076293945,9878
2024-03-27,30.066761016845703,34.70000076293945,36.400001525878906,34.400001525878906,36.400001525878906,6640
2024-03-28,30.500001907348633,35.20000076293945,35.70000076293945,34.900001525878906,35.099998474121094,1178
2024-04-02,29.546873092651367,34.099998474121094,35.20000076293945,34.0,35.20000076293945,2456
2024-04-03,29.373580932617188,33.900001525878906,34.0,33.79999923706055,34.0,2452
2024-04-04,29.11363410949707,33.599998474121094,34.400001525878906,33.599998474121094,33.900001525878906,1904
2024-04-05,29.200284957885742,33.70000076293945,33.79999923706055,33.5,33.599998474121094,1468
2024-04-08,29.11363410949707,33.599998474121094,34.0,33.599998474121094,33.70000076293945,1569
2024-04-09,29.46022605895996,34.0,34.29999923706055,33.5,33.5,2134
2024-04-10,29.80681800842285,34.400001525878906,34.5,33.599998474121094,34.29999923706055,1971
2024-04-11,29.11363410949707,33.599998474121094,34.79999923706055,32.900001525878906,34.400001525878906,13800
2024-04-12,29.89346694946289,34.5,34.79999923706055,33.900001525878906,34.5,1947
2024-04-15,29.46022605895996,34.0,34.5,34.0,34.5,1279
2024-04-16,28.507102966308594,32.900001525878906,34.400001525878906,32.70000076293945,34.20000076293945,4958
2024-04-17,28.940340042114258,33.400001525878906,34.0,33.0,33.20000076293945,1928
2024-04-18,29.026988983154297,33.5,33.5,33.20000076293945,33.400001525878906,691
2024-04-19,29.026988983154297,33.5,33.5,33.0,33.5,1373
2024-04-22,28.767044067382812,33.20000076293945,33.70000076293945,33.099998474121094,33.5,2117
2024-04-23,29.11363410949707,33.599998474121094,33.599998474121094,33.20000076293945,33.400001525878906,1485
2024-04-24,29.200284957885742,33.70000076293945,33.900001525878906,33.29999923706055,33.599998474121094,984
2024-04-25,29.200284957885742,33.70000076293945,34.5,33.5,34.0,3160
2024-04-26,29.200284957885742,33.70000076293945,34.20000076293945,33.70000076293945,33.70000076293945,2210
2024-04-29,28.767044067382812,33.20000076293945,34.5,33.20000076293945,33.70000076293945,5141
2024-04-30,28.507102966308594,32.900001525878906,34.20000076293945,32.79999923706055,34.20000076293945,1229
2024-05-02,28.507102966308594,32.900001525878906,33.099998474121094,32.5,33.0,1339
2024-05-03,28.59375,33.0,33.70000076293945,32.79999923706055,33.0,1733
2024-05-06,28.85369110107422,33.29999923706055,33.79999923706055,33.099998474121094,33.400001525878906,1310
2024-05-07,29.026988983154297,33.5,33.79999923706055,33.099998474121094,33.29999923706055,931
2024-05-08,29.11363410949707,33.599998474121094,34.0,33.400001525878906,33.5,1343
2024-05-10,28.940340042114258,33.400001525878906,33.5,33.20000076293945,33.5,1277
2024-05-13,29.286930084228516,33.79999923706055,33.900001525878906,33.400001525878906,33.400001525878906,1114
2024-05-14,29.80681800842285,34.400001525878906,34.599998474121094,34.0,34.099998474121094,1079
2024-05-15,29.026988983154297,33.5,34.79999923706055,33.5,34.5,1598
2024-05-16,29.72016716003418,34.29999923706055,34.599998474121094,33.0,33.599998474121094,2555
2024-05-17,29.633522033691406,34.20000076293945,34.5,33.79999923706055,34.20000076293945,1450
2024-05-20,29.46022605895996,34.0,34.400001525878906,33.900001525878906,34.20000076293945,299
2024-05-21,29.200284957885742,33.70000076293945,33.900001525878906,33.29999923706055,33.900001525878906,952
2024-05-22,29.11363410949707,33.599998474121094,33.79999923706055,33.0,33.79999923706055,1065
2024-05-23,28.940340042114258,33.400001525878906,33.5,33.0,33.0,842
2024-05-24,28.85369110107422,33.29999923706055,33.900001525878906,33.099998474121094,33.20000076293945,1589
2024-05-27,28.940340042114258,33.400001525878906,33.900001525878906,33.20000076293945,33.20000076293945,548
2024-05-28,29.11363410949707,33.599998474121094,33.79999923706055,33.400001525878906,33.400001525878906,326
2024-05-29,29.373580932617188,33.900001525878906,33.900001525878906,33.5,33.599998474121094,704
2024-05-30,28.940340042114258,33.400001525878906,33.900001525878906,33.20000076293945,33.900001525878906,1234
2024-05-31,29.286930084228516,33.79999923706055,33.900001525878906,33.20000076293945,33.5,1266
2024-06-03,29.46022605895996,34.0,34.0,33.5,33.5,722
2024-06-04,29.373580932617188,33.900001525878906,34.0,33.400001525878906,34.0,760
2024-06-05,28.940340042114258,33.400001525878906,34.0,33.400001525878906,33.70000076293945,916
2024-06-06,29.200284957885742,33.70000076293945,34.0,33.400001525878906,33.400001525878906,1975
2024-06-07,29.286930084228516,33.79999923706055,33.900001525878906,33.400001525878906,33.79999923706055,455
2024-06-10,29.46022605895996,34.0,34.0,33.099998474121094,33.79999923706055,656
2024-06-11,28.680395126342773,33.099998474121094,34.0,33.0,34.0,2313
2024-06-12,28.85369110107422,33.29999923706055,33.599998474121094,33.20000076293945,33.20000076293945,1421
2024-06-13,28.59375,33.0,33.5,33.0,33.29999923706055,668
2024-06-14,29.11363410949707,33.599998474121094,33.599998474121094,33.0,33.099998474121094,1068
2024-06-17,28.680395126342773,33.099998474121094,33.900001525878906,33.0,33.599998474121094,577
2024-06-18,28.940340042114258,33.400001525878906,33.79999923706055,33.099998474121094,33.099998474121094,1243
2024-06-19,28.85369110107422,33.29999923706055,33.599998474121094,33.20000076293945,33.400001525878906,994
2024-06-20,29.11363410949707,33.599998474121094,33.599998474121094,33.29999923706055,33.5,976
2024-06-24,28.680395126342773,33.099998474121094,33.599998474121094,33.099998474121094,33.599998474121094,1183
2024-06-25,28.680395126342773,33.099998474121094,33.70000076293945,33.099998474121094,33.70000076293945,1860
2024-06-26,29.026988983154297,33.5,33.599998474121094,33.099998474121094,33.20000076293945,755
2024-06-27,28.940340042114258,33.400001525878906,33.5,33.099998474121094,33.400001525878906,1441
2024-06-28,28.680395126342773,33.099998474121094,33.29999923706055,33.0,33.29999923706055,1026
2024-07-01,28.940340042114258,33.400001525878906,33.400001525878906,33.0,33.400001525878906,606
2024-07-02,28.59375,33.0,33.400001525878906,33.0,33.400001525878906,509
2024-07-03,28.680395126342773,33.099998474121094,33.400001525878906,33.0,33.099998474121094,921
2024-07-04,29.200284957885742,33.70000076293945,33.70000076293945,33.29999923706055,33.70000076293945,773
2024-07-05,28.940340042114258,33.400001525878906,33.70000076293945,33.400001525878906,33.70000076293945,301
2024-07-08,28.767044067382812,33.20000076293945,33.400001525878906,33.20000076293945,33.400001525878906,565
2024-07-09,28.59375,33.0,33.599998474121094,33.0,33.29999923706055,1380
2024-07-10,28.940340042114258,33.400001525878906,33.400001525878906,33.0,33.099998474121094,557
2024-07-11,28.940340042114258,33.400001525878906,33.5,33.0,33.099998474121094,219
2024-07-12,28.507102966308594,32.900001525878906,33.400001525878906,32.79999923706055,33.099998474121094,2596
2024-07-15,28.507102966308594,32.900001525878906,33.29999923706055,32.900001525878906,33.0,1610
2024-07-16,28.33380699157715,32.70000076293945,33.0,32.5,33.0,947
2024-07-17,28.507102966308594,32.900001525878906,33.20000076293945,32.5,33.0,1809
2024-07-18,29.026988983154297,33.5,33.5,32.79999923706055,33.0,1295
2024-07-19,29.200284957885742,33.70000076293945,33.900001525878906,33.0,33.599998474121094,3075
2024-07-22,29.200284957885742,33.70000076293945,34.70000076293945,33.70000076293945,34.0,919
2024-07-23,29.72016716003418,34.29999923706055,34.400001525878906,34.0,34.0,796
2024-07-24,29.11363410949707,33.599998474121094,34.400001525878906,33.599998474121094,34.29999923706055,1469
2024-07-25,29.373580932617188,33.900001525878906,34.0,33.5,33.5,320
2024-07-26,29.026988983154297,33.5,34.0,33.5,33.599998474121094,615
2024-07-29,29.200284957885742,33.70000076293945,34.0,33.29999923706055,33.599998474121094,847
2024-07-30,29.46022605895996,34.0,34.400001525878906,33.400001525878906,33.599998474121094,2554
2024-07-31,29.80681800842285,34.400001525878906,34.400001525878906,33.79999923706055,34.099998474121094,1276
2024-08-01,29.72016716003418,34.29999923706055,34.5,34.0,34.400001525878906,1613
2024-08-02,29.11363410949707,33.599998474121094,34.5,33.400001525878906,34.5,1195
2024-08-05,28.59375,33.0,34.0,32.400001525878906,34.0,4197
2024-08-06,28.940340042114258,33.400001525878906,34.0,33.0,33.5,1196
2024-08-07,29.46022605895996,34.0,34.0,33.400001525878906,33.900001525878906,1401
2024-08-08,29.46022605895996,34.0,34.0,33.599998474121094,33.599998474121094,482
2024-08-09,29.286930084228516,33.79999923706055,34.5,33.5,34.0,2872
2024-08-12,29.46022605895996,34.0,34.29999923706055,33.70000076293945,33.900001525878906,888
2024-08-13,29.46022605895996,34.0,34.20000076293945,34.0,34.0,391
2024-08-14,29.200284957885742,33.70000076293945,34.29999923706055,33.599998474121094,34.29999923706055,542
2024-08-15,29.98011016845703,34.599998474121094,34.599998474121094,33.70000076293945,34.0,878
2024-08-16,29.286930084228516,33.79999923706055,34.0,33.79999923706055,34.0,479
2024-08-19,29.633522033691406,34.20000076293945,34.5,33.70000076293945,34.20000076293945,782
2024-08-20,29.373580932617188,33.900001525878906,34.20000076293945,33.900001525878906,33.900001525878906,338
2024-08-21,29.46022605895996,34.0,34.5,33.900001525878906,34.0,1895
2024-08-22,30.15340805053711,34.79999923706055,35.79999923706055,34.29999923706055,34.29999923706055,2555
2024-08-23,30.326704025268555,35.0,35.0,34.0,34.79999923706055,819
2024-08-26,30.15340805053711,34.79999923706055,35.0,34.400001525878906,35.0,776
2024-08-27,29.98011016845703,34.599998474121094,35.0,34.599998474121094,35.0,1151
2024-08-28,29.98011016845703,34.599998474121094,35.0,34.599998474121094,34.79999923706055,350
2024-08-29,30.15340805053711,34.79999923706055,35.0,34.599998474121094,35.0,474
2024-08-30,30.15340805053711,34.79999923706055,34.900001525878906,34.400001525878906,34.79999923706055,798
2024-09-02,30.066761016845703,34.70000076293945,34.900001525878906,34.5,34.599998474121094,575
2024-09-03,29.89346694946289,34.5,35.0,34.5,34.70000076293945,1179
2024-09-04,30.326704025268555,35.0,35.099998474121094,34.5,35.0,633
2024-09-05,30.326704025268555,35.0,35.099998474121094,34.5,35.0,705
2024-09-06,30.326704025268555,35.0,35.0,34.599998474121094,34.599998474121094,215
2024-09-09,29.89346694946289,34.5,35.0,34.5,35.0,1780
2024-09-10,30.326704025268555,35.0,35.0,34.5,34.599998474121094,132
2024-09-11,29.46022605895996,34.0,35.099998474121094,33.900001525878906,35.0,5832
2024-09-12,29.200284957885742,33.70000076293945,34.5,33.70000076293945,34.0,1982
2024-09-13,29.286930084228516,33.79999923706055,33.79999923706055,33.20000076293945,33.70000076293945,1575
2024-09-16,29.026988983154297,33.5,33.79999923706055,33.400001525878906,33.79999923706055,2748
2024-09-17,29.026988983154297,33.5,33.5,33.29999923706055,33.5,2647
2024-09-18,29.373580932617188,33.900001525878906,34.0,33.5,33.5,2169
2024-09-19,29.72016716003418,34.29999923706055,34.400001525878906,34.0,34.20000076293945,664
2024-09-20,29.546873092651367,34.099998474121094,34.400001525878906,34.0,34.400001525878906,411
2024-09-23,29.633522033691406,34.20000076293945,34.5,34.099998474121094,34.20000076293945,660
2024-09-24,29.80681800842285,34.400001525878906,34.5,34.20000076293945,34.20000076293945,792
2024-09-25,29.98011016845703,34.599998474121094,34.599998474121094,33.900001525878906,34.5,1177
2024-09-26,29.80681800842285,34.400001525878906,34.900001525878906,34.20000076293945,34.599998474121094,1403
2024-09-27,29.46022605895996,34.0,34.70000076293945,33.900001525878906,34.5,3048
2024-09-30,29.46022605895996,34.0,34.5,33.900001525878906,34.400001525878906,1454
2024-10-01,29.46022605895996,34.0,34.400001525878906,34.0,34.400001525878906,1042
2024-10-02,29.286930084228516,33.79999923706055,34.29999923706055,33.79999923706055,34.0,1708
2024-10-03,29.286930084228516,33.79999923706055,34.5,33.70000076293945,33.70000076293945,1568
2024-10-04,29.633522033691406,34.20000076293945,34.400001525878906,33.79999923706055,33.900001525878906,320
2024-10-07,29.546873092651367,34.099998474121094,34.5,34.0,34.400001525878906,914
2024-10-08,29.46022605895996,34.0,34.400001525878906,34.0,34.20000076293945,1028
2024-10-09,29.72016716003418,34.29999923706055,34.5,33.900001525878906,34.0,1219
2024-10-10,29.633522033691406,34.20000076293945,34.400001525878906,34.0,34.0,742
2024-10-11,29.546873092651367,34.099998474121094,34.20000076293945,33.900001525878906,34.20000076293945,1987
2024-10-14,29.46022605895996,34.0,34.099998474121094,33.900001525878906,34.099998474121094,694
2024-10-15,29.46022605895996,34.0,34.0,33.79999923706055,34.0,1575
2024-10-16,29.46022605895996,34.0,34.0,33.29999923706055,34.0,4158
2024-10-17,29.46022605895996,34.0,34.20000076293945,33.29999923706055,33.70000076293945,1933
2024-10-18,29.373580932617188,33.900001525878906,34.20000076293945,33.79999923706055,34.0,1152
2024-10-21,29.46022605895996,34.0,34.20000076293945,33.900001525878906,33.900001525878906,809
2024-10-22,29.546873092651367,34.099998474121094,34.20000076293945,34.0,34.20000076293945,1069
2024-10-23,29.546873092651367,34.099998474121094,34.5,34.099998474121094,34.20000076293945,1665
2024-10-24,29.633522033691406,34.20000076293945,34.400001525878906,34.0,34.099998474121094,2238
2024-10-25,29.46022605895996,34.0,34.20000076293945,33.599998474121094,34.20000076293945,1187
2024-10-28,29.46022605895996,34.0,34.0,33.900001525878906,33.900001525878906,2002
2024-10-29,29.373580932617188,33.900001525878906,34.0,33.599998474121094,33.900001525878906,1175
2024-10-30,29.11363410949707,33.599998474121094,34.0,33.599998474121094,33.900001525878906,3067
2024-10-31,29.026988983154297,33.5,33.900001525878906,33.5,33.70000076293945,3594
2024-11-01,29.46022605895996,34.0,34.0,33.400001525878906,33.5,1097
2024-11-04,29.46022605895996,34.0,34.0,33.70000076293945,34.0,926
2024-11-05,29.373580932617188,33.900001525878906,34.0,33.5,34.0,3322
2024-11-06,29.373580932617188,33.900001525878906,33.900001525878906,33.5,33.599998474121094,3204
2024-11-07,29.200284957885742,33.70000076293945,33.900001525878906,33.5,33.900001525878906,2646
2024-11-08,29.286930084228516,33.79999923706055,33.900001525878906,33.70000076293945,33.70000076293945,1321
2024-11-11,29.286930084228516,33.79999923706055,33.900001525878906,33.5,33.79999923706055,2202
2024-11-12,29.286930084228516,33.79999923706055,33.79999923706055,33.5,33.79999923706055,300
2024-11-13,29.11363410949707,33.599998474121094,34.0,33.599998474121094,33.900001525878906,298
2024-11-14,29.373580932617188,33.900001525878906,33.900001525878906,33.5,33.599998474121094,401
2024-11-15,28.85369110107422,33.29999923706055,33.79999923706055,32.79999923706055,33.79999923706055,9713
2024-11-18,29.11363410949707,33.599998474121094,33.900001525878906,33.0,33.900001525878906,1734
2024-11-19,29.286930084228516,33.79999923706055,33.79999923706055,33.099998474121094,33.70000076293945,836
2024-11-20,29.11363410949707,33.599998474121094,33.79999923706055,33.099998474121094,33.79999923706055,650
2024-11-21,29.026988983154297,33.5,33.599998474121094,33.0,33.20000076293945,1327
2024-11-22,29.026988983154297,33.5,33.5,33.20000076293945,33.20000076293945,894
2024-11-25,29.200284957885742,33.70000076293945,33.70000076293945,32.79999923706055,33.20000076293945,2658
2024-11-26,28.680395126342773,33.099998474121094,33.70000076293945,33.0,33.70000076293945,1271
2024-11-27,29.286930084228516,33.79999923706055,33.79999923706055,33.29999923706055,33.29999923706055,522
2024-11-28,29.026988983154297,33.5,34.0,33.20000076293945,33.79999923706055,985
2024-11-29,28.85369110107422,33.29999923706055,33.900001525878906,33.0,33.5,2995
2024-12-02,29.286930084228516,33.79999923706055,34.0,33.20000076293945,33.29999923706055,2569
2024-12-03,29.11363410949707,33.599998474121094,33.900001525878906,33.599998474121094,33.599998474121094,1325
2024-12-04,29.373580932617188,33.900001525878906,34.0,33.599998474121094,33.900001525878906,2039
2024-12-05,28.85369110107422,33.29999923706055,34.0,33.29999923706055,34.0,1362
2024-12-09,29.026988983154297,33.5,33.5,33.20000076293945,33.29999923706055,2362
2024-12-10,28.767044067382812,33.20000076293945,33.5,33.20000076293945,33.5,795
2024-12-11,28.940340042114258,33.400001525878906,33.5,33.20000076293945,33.20000076293945,1234
2024-12-12,29.026988983154297,33.5,33.5,33.20000076293945,33.400001525878906,825
2024-12-13,29.373580932617188,33.900001525878906,33.900001525878906,33.20000076293945,33.5,1119
2024-12-16,29.200284957885742,33.70000076293945,34.0,32.900001525878906,33.900001525878906,3533
2024-12-17,29.11363410949707,33.599998474121094,33.70000076293945,33.599998474121094,33.599998474121094,991
2024-12-18,28.680395126342773,33.099998474121094,33.400001525878906,33.0,33.400001525878906,1794
2024-12-19,28.59375,33.0,33.099998474121094,32.79999923706055,33.0,3291
2024-12-20,28.420454025268555,32.79999923706055,33.20000076293945,32.79999923706055,33.0,1751
2024-12-23,27.90056800842285,32.20000076293945,33.099998474121094,32.20000076293945,32.79999923706055,5635
2024-12-27,28.33380699157715,32.70000076293945,32.900001525878906,32.5,32.79999923706055,1766
2024-12-30,28.680395126342773,33.099998474121094,33.79999923706055,32.79999923706055,32.79999923706055,2446
2025-01-02,29.373580932617188,33.900001525878906,34.0,33.20000076293945,33.20000076293945,2129
2025-01-03,29.46022605895996,34.0,34.0,33.70000076293945,34.0,929
2025-01-07,29.80681800842285,34.400001525878906,34.400001525878906,33.79999923706055,34.0,1830
2025-01-08,29.89346694946289,34.5,34.79999923706055,34.400001525878906,34.400001525878906,1035
2025-01-09,30.759944915771484,35.5,35.5,34.400001525878906,34.5,4383
2025-01-10,30.933238983154297,35.70000076293945,35.79999923706055,35.20000076293945,35.5,3266
2025-01-13,31.799718856811523,36.70000076293945,36.79999923706055,35.400001525878906,35.70000076293945,7818
2025-01-14,32.23295593261719,37.20000076293945,37.400001525878906,36.599998474121094,36.70000076293945,5071
2025-01-15,31.973012924194336,36.900001525878906,37.20000076293945,36.599998474121094,37.20000076293945,1809
2025-01-16,32.059661865234375,37.0,37.20000076293945,36.900001525878906,37.099998474121094,1001
2025-01-17,32.406253814697266,37.400001525878906,37.400001525878906,37.099998474121094,37.099998474121094,1619
2025-01-20,32.492897033691406,37.5,37.900001525878906,37.29999923706055,37.400001525878906,5086
2025-01-21,32.492897033691406,37.5,37.79999923706055,37.5,37.70000076293945,3069
2025-01-22,32.57954406738281,37.599998474121094,37.79999923706055,37.5,37.599998474121094,3505
2025-01-23,32.666194915771484,37.70000076293945,37.79999923706055,37.5,37.79999923706055,1121
2025-01-24,32.406253814697266,37.400001525878906,37.70000076293945,37.20000076293945,37.599998474121094,2321
2025-01-27,32.319602966308594,37.29999923706055,37.70000076293945,37.29999923706055,37.70000076293945,2410
2025-01-28,32.57954406738281,37.599998474121094,37.599998474121094,37.29999923706055,37.599998474121094,1245
2025-01-29,32.406253814697266,37.400001525878906,37.70000076293945,37.29999923706055,37.400001525878906,846
2025-01-30,32.406253814697266,37.400001525878906,37.599998474121094,37.099998474121094,37.400001525878906,3912
2025-01-31,32.406253814697266,37.400001525878906,37.70000076293945,37.099998474121094,37.5,2374
2025-02-03,32.75284194946289,37.79999923706055,37.79999923706055,37.20000076293945,37.20000076293945,2807
2025-02-04,32.406253814697266,37.400001525878906,37.79999923706055,37.0,37.70000076293945,4032
2025-02-05,31.973012924194336,36.900001525878906,37.400001525878906,35.0,37.400001525878906,11181
2025-02-06,32.059661865234375,37.0,37.400001525878906,36.599998474121094,37.20000076293945,3726
2025-02-07,32.14630889892578,37.099998474121094,37.099998474121094,36.900001525878906,36.900001525878906,1348
2025-02-10,32.492897033691406,37.5,37.599998474121094,37.0,37.099998474121094,3169
2025-02-11,32.059661865234375,37.0,37.599998474121094,35.900001525878906,37.5,7728
2025-02-12,32.319602966308594,37.29999923706055,37.29999923706055,36.70000076293945,37.0,1683
2025-02-13,32.23295593261719,37.20000076293945,37.5,36.599998474121094,37.29999923706055,3169
2025-02-14,32.492897033691406,37.5,37.599998474121094,37.099998474121094,37.5,3405
2025-02-17,32.406253814697266,37.400001525878906,37.79999923706055,37.20000076293945,37.599998474121094,2405
2025-02-18,32.492897033691406,37.5,37.70000076293945,37.5,37.5,1867
2025-02-19,32.666194915771484,37.70000076293945,37.79999923706055,37.20000076293945,37.79999923706055,2187
2025-02-20,32.8394889831543,37.900001525878906,38.0,37.70000076293945,37.70000076293945,1844
2025-02-21,33.18607711791992,38.29999923706055,38.5,37.900001525878906,37.900001525878906,2058
2025-02-24,32.9261360168457,38.0,39.0,37.900001525878906,38.5,4016
2025-02-25,33.44601821899414,38.599998474121094,38.599998474121094,37.900001525878906,38.099998474121094,1560
2025-02-26,33.53266906738281,38.70000076293945,38.70000076293945,38.400001525878906,38.599998474121094,976
2025-02-27,33.53266906738281,38.70000076293945,38.79999923706055,38.599998474121094,38.70000076293945,2111
2025-02-28,33.7926139831543,39.0,39.0,38.20000076293945,38.70000076293945,2596
2025-03-03,33.8792610168457,39.099998474121094,39.099998474121094,38.5,39.0,1455
2025-03-04,33.7926139831543,39.0,39.099998474121094,38.70000076293945,39.099998474121094,1847
2025-03-05,33.705970764160156,38.900001525878906,39.099998474121094,38.79999923706055,39.099998474121094,809
2025-03-06,33.619319915771484,38.79999923706055,38.900001525878906,38.599998474121094,38.900001525878906,1932
2025-03-07,33.619319915771484,38.79999923706055,38.79999923706055,38.5,38.79999923706055,4412
2025-03-10,33.53266906738281,38.70000076293945,39.0,38.70000076293945,38.79999923706055,1411
2025-03-11,33.44601821899414,38.599998474121094,38.900001525878906,38.599998474121094,38.70000076293945,1900
2025-03-12,33.44601821899414,38.599998474121094,38.900001525878906,38.5,38.599998474121094,1722
2025-03-13,33.53266906738281,38.70000076293945,38.70000076293945,38.5,38.5,1974
2025-03-14,33.619319915771484,38.79999923706055,39.099998474121094,38.599998474121094,38.70000076293945,10431
2025-03-17,33.965911865234375,39.20000076293945,39.400001525878906,39.099998474121094,39.099998474121094,2899
2025-03-18,34.13920593261719,39.400001525878906,39.400001525878906,38.79999923706055,39.20000076293945,4513
2025-03-19,34.05255889892578,39.29999923706055,39.70000076293945,39.20000076293945,39.29999923706055,4719
2025-03-20,33.965911865234375,39.20000076293945,39.400001525878906,39.20000076293945,39.29999923706055,3386
2025-03-21,34.13920593261719,39.400001525878906,39.599998474121094,39.20000076293945,39.400001525878906,4443
2025-03-24,34.3125,39.599998474121094,40.0,39.099998474121094,39.400001525878906,9332
2025-03-25,34.8323860168457,40.20000076293945,40.20000076293945,39.70000076293945,39.79999923706055,11316
2025-03-26,35.157920837402344,37.79999923706055,37.79999923706055,36.29999923706055,37.400001525878906,9602
2025-03-27,34.41383743286133,37.0,37.79999923706055,36.79999923706055,37.79999923706055,5296
2025-03-28,32.92567443847656,35.400001525878906,37.0,35.400001525878906,37.0,5606
2025-03-31,31.99557113647461,34.400001525878906,35.400001525878906,34.099998474121094,35.29999923706055,3423
2025-04-01,31.902559280395508,34.29999923706055,34.400001525878906,34.0,34.400001525878906,1266
2025-04-02,31.902559280395508,34.29999923706055,34.599998474121094,34.20000076293945,34.20000076293945,1288
2025-04-03,33.39072799682617,35.900001525878906,36.70000076293945,33.79999923706055,34.0,3781
2025-04-04,32.73965072631836,35.20000076293945,36.20000076293945,35.0,36.099998474121094,3138
2025-04-07,31.6281795501709,34.005001068115234,34.29999923706055,33.56999969482422,34.29999923706055,8231
2025-04-08,33.01868438720703,35.5,35.79999923706055,34.1150016784668,34.1150016784668,3791
2025-04-09,32.73965072631836,35.20000076293945,35.57500076293945,34.63999938964844,35.494998931884766,2649
2025-04-10,33.76276397705078,36.29999923706055,36.70000076293945,36.005001068115234,36.005001068115234,2238
2025-04-11,32.93962478637695,35.415000915527344,36.4900016784668,35.3650016784668,36.29999923706055,1471
2025-04-14,33.558143615722656,36.08000183105469,36.494998931884766,35.494998931884766,35.494998931884766,3306
2025-04-15,32.84196472167969,35.310001373291016,36.5,35.22999954223633,36.345001220703125,1815
2025-04-16,33.47443389892578,35.9900016784668,36.470001220703125,35.69499969482422,35.994998931884766,5951
2025-04-17,33.446529388427734,35.959999084472656,36.439998626708984,35.560001373291016,36.439998626708984,773
2025-04-22,32.87916564941406,35.349998474121094,35.89500045776367,35.310001373291016,35.34000015258789,1799
2025-04-23,33.39072799682617,35.900001525878906,36.1150016784668,35.494998931884766,35.494998931884766,660
2025-04-24,33.576744079589844,36.099998474121094,36.5,36.0,36.4900016784668,273
2025-04-25,33.576744079589844,36.099998474121094,36.5,36.099998474121094,36.400001525878906,614
2025-04-28,34.04179382324219,36.599998474121094,36.599998474121094,36.10499954223633,36.599998474121094,1506
2025-04-29,34.320831298828125,36.900001525878906,37.20000076293945,36.599998474121094,36.599998474121094,3729
2025-04-30,34.13480758666992,36.70000076293945,37.0,36.3650016784668,36.900001525878906,1725
2025-05-02,34.22781753540039,36.79999923706055,36.9900016784668,36.685001373291016,36.70000076293945,487
2025-05-05,34.21852111816406,36.790000915527344,36.9900016784668,36.779998779296875,36.79999923706055,757
2025-05-06,34.274322509765625,36.849998474121094,37.0,36.5,36.790000915527344,912
2025-05-07,34.13480758666992,36.70000076293945,37.0,36.20000076293945,36.79999923706055,1294
2025-05-08,33.948787689208984,36.5,36.70000076293945,36.20000076293945,36.70000076293945,1107
2025-05-09,33.76276397705078,36.29999923706055,36.5,35.900001525878906,36.5,1936
2025-05-12,33.76276397705078,36.29999923706055,36.5,36.0,36.0,889
2025-05-13,33.76276397705078,36.29999923706055,36.5,36.099998474121094,36.29999923706055,882
2025-05-14,33.855777740478516,36.400001525878906,36.70000076293945,36.29999923706055,36.29999923706055,1983
2025-05-15,33.855777740478516,36.400001525878906,36.5,36.0,36.5,2286
2025-05-16,34.22781753540039,36.79999923706055,36.900001525878906,36.400001525878906,36.79999923706055,910
2025-05-19,34.5068473815918,37.099998474121094,37.099998474121094,36.79999923706055,36.79999923706055,1645
2025-05-20,34.5068473815918,37.099998474121094,37.5,37.0,37.0,1339
2025-05-21,34.22781753540039,36.79999923706055,37.20000076293945,36.400001525878906,37.20000076293945,1337
2025-05-22,34.41383743286133,37.0,37.099998474121094,36.70000076293945,36.79999923706055,441
2025-05-23,34.320831298828125,36.900001525878906,37.099998474121094,36.599998474121094,36.79999923706055,743
2025-05-26,34.13480758666992,36.70000076293945,37.20000076293945,36.70000076293945,36.900001525878906,1244
2025-05-27,34.13480758666992,36.70000076293945,37.099998474121094,36.599998474121094,37.0,1505
2025-05-28,33.576744079589844,36.099998474121094,36.70000076293945,36.099998474121094,36.70000076293945,1980
2025-05-30,34.22781753540039,36.79999923706055,37.20000076293945,36.29999923706055,36.29999923706055,1520
2025-06-02,34.04179382324219,36.599998474121094,37.20000076293945,36.5,37.099998474121094,1445
2025-06-03,34.41383743286133,37.0,37.0,36.599998474121094,36.599998474121094,267
2025-06-04,34.41383743286133,37.0,37.0,36.5,37.0,1361
2025-06-05,34.41383743286133,37.0,37.0,36.5,37.0,681
2025-06-06,34.59986114501953,37.20000076293945,37.20000076293945,36.70000076293945,36.900001525878906,1341
2025-06-09,34.41383743286133,37.0,37.29999923706055,36.900001525878906,37.20000076293945,1541
2025-06-10,34.22781753540039,36.79999923706055,37.29999923706055,36.5,37.0,442
2025-06-11,34.69287109375,37.29999923706055,37.29999923706055,36.79999923706055,37.29999923706055,841
2025-06-12,34.59986114501953,37.20000076293945,37.29999923706055,36.900001525878906,37.29999923706055,377
2025-06-13,34.59986114501953,37.20000076293945,37.20000076293945,36.900001525878906,37.0,644
2025-06-16,34.59986114501953,37.20000076293945,37.20000076293945,36.79999923706055,37.20000076293945,690
2025-06-17,34.22781753540039,36.79999923706055,37.5,36.599998474121094,37.400001525878906,1518
2025-06-18,34.22781753540039,36.79999923706055,37.0,36.5,36.79999923706055,1056
2025-06-19,34.41383743286133,37.0,37.0,36.5,36.79999923706055,1431
2025-06-23,34.320831298828125,36.900001525878906,37.0,36.599998474121094,36.599998474121094,3296
2025-06-24,34.320831298828125,36.900001525878906,37.0,36.70000076293945,36.900001525878906,4007
2025-06-25,34.41383743286133,37.0,37.20000076293945,36.900001525878906,37.0,720
2025-06-26,34.41383743286133,37.0,37.0,36.599998474121094,37.0,626
2025-06-27,34.5068473815918,37.099998474121094,37.099998474121094,36.900001525878906,37.0,388
2025-06-30,34.41383743286133,37.0,37.099998474121094,36.79999923706055,37.099998474121094,2429
2025-07-01,34.59986114501953,37.20000076293945,37.20000076293945,36.599998474121094,37.0,947
2025-07-02,34.5068473815918,37.099998474121094,37.20000076293945,36.70000076293945,36.70000076293945,1242
2025-07-03,34.59986114501953,37.20000076293945,37.29999923706055,37.0,37.099998474121094,819
2025-07-04,34.5068473815918,37.099998474121094,37.20000076293945,36.70000076293945,36.70000076293945,1334
2025-07-07,34.5068473815918,37.099998474121094,37.29999923706055,36.79999923706055,37.099998474121094,2088
2025-07-08,34.5068473815918,37.099998474121094,37.20000076293945,37.0,37.099998474121094,864
2025-07-09,34.971900939941406,37.599998474121094,37.599998474121094,37.20000076293945,37.29999923706055,3271
2025-07-10,34.87889099121094,37.5,37.70000076293945,37.29999923706055,37.599998474121094,2758
2025-07-11,35.06491470336914,37.70000076293945,37.79999923706055,37.400001525878906,37.5,2189
2025-07-14,35.157920837402344,37.79999923706055,37.79999923706055,37.5,37.79999923706055,552
2025-07-15,35.06491470336914,37.70000076293945,37.79999923706055,37.400001525878906,37.79999923706055,676
2025-07-16,35.25093078613281,37.900001525878906,38.0,37.70000076293945,37.70000076293945,1756
2025-07-17,35.71598434448242,38.400001525878906,38.400001525878906,37.70000076293945,38.0,4505
2025-07-18,35.71598434448242,38.400001525878906,38.599998474121094,38.0,38.400001525878906,1690
2025-07-21,35.90200424194336,38.599998474121094,38.599998474121094,38.20000076293945,38.5,2082
2025-07-22,35.90200424194336,38.599998474121094,38.70000076293945,38.400001525878906,38.5,852
2025-07-23,35.99501419067383,38.70000076293945,38.70000076293945,38.400001525878906,38.5,1103
2025-07-24,35.80899429321289,38.5,38.79999923706055,38.400001525878906,38.70000076293945,1979
2025-07-25,35.80899429321289,38.5,38.900001525878906,38.20000076293945,38.29999923706055,1284
2025-07-28,36.2740478515625,39.0,39.0,38.400001525878906,38.900001525878906,2016
2025-07-29,35.90200424194336,38.599998474121094,39.0,38.0,39.0,6306
2025-07-30,35.99501419067383,38.70000076293945,39.099998474121094,38.70000076293945,39.0,2833
2025-07-31,36.2740478515625,39.0,39.099998474121094,38.599998474121094,38.70000076293945,1464
2025-08-01,36.18103790283203,38.900001525878906,39.20000076293945,38.79999923706055,39.0,590
2025-08-04,36.2740478515625,39.0,39.20000076293945,38.70000076293945,38.900001525878906,573
2025-08-05,36.2740478515625,39.0,39.20000076293945,38.79999923706055,39.0,654
2025-08-06,36.46006774902344,39.20000076293945,39.20000076293945,39.0,39.20000076293945,1061
2025-08-07,36.2740478515625,39.0,39.29999923706055,39.0,39.20000076293945,1550
2025-08-08,36.46006774902344,39.20000076293945,39.29999923706055,39.0,39.20000076293945,1125
2025-08-11,36.64609146118164,39.400001525878906,39.5,39.0,39.0,2800
2025-08-12,36.64609146118164,39.400001525878906,39.5,38.70000076293945,39.5,809
2025-08-13,36.36705780029297,39.099998474121094,39.5,38.900001525878906,39.400001525878906,1792
2025-08-14,36.83210372924805,39.599998474121094,39.70000076293945,39.0,39.0,4076
2025-08-15,37.111141204833984,39.900001525878906,39.900001525878906,39.599998474121094,39.70000076293945,1388
2025-08-18,36.92511749267578,39.70000076293945,39.900001525878906,39.599998474121094,39.900001525878906,640
2025-08-19,37.01812744140625,39.79999923706055,39.900001525878906,39.599998474121094,39.900001525878906,1081
2025-08-20,37.01812744140625,39.79999923706055,39.900001525878906,39.5,39.900001525878906,891
2025-08-21,38.227264404296875,41.099998474121094,41.900001525878906,39.900001525878906,39.900001525878906,9134
2025-08-22,38.50629425048828,41.400001525878906,41.5,41.099998474121094,41.29999923706055,3647
2025-08-25,39.06435775756836,42.0,42.29999923706055,41.400001525878906,41.400001525878906,6552
2025-08-26,39.62242126464844,42.599998474121094,42.599998474121094,42.099998474121094,42.29999923706055,2964
2025-08-27,39.4364013671875,42.400001525878906,42.70000076293945,42.20000076293945,42.599998474121094,4578
2025-08-28,39.06435775756836,42.0,42.400001525878906,41.400001525878906,42.400001525878906,2012
2025-08-29,39.2503776550293,42.20000076293945,42.20000076293945,41.79999923706055,42.20000076293945,864
2025-09-01,38.97134780883789,41.900001525878906,42.400001525878906,41.900001525878906,42.20000076293945,2615
2025-09-02,39.06435775756836,42.0,42.29999923706055,41.900001525878906,42.0,375
2025-09-03,39.343387603759766,42.29999923706055,42.400001525878906,42.0,42.0,1682
2025-09-04,39.343387603759766,42.29999923706055,42.5,41.900001525878906,42.29999923706055,1942
2025-09-05,39.808441162109375,42.79999923706055,42.79999923706055,42.29999923706055,42.5,4024
2025-09-08,39.52941131591797,42.5,42.79999923706055,42.29999923706055,42.79999923706055,1766
2025-09-09,39.343387603759766,42.29999923706055,42.70000076293945,42.0,42.5,3104
2025-09-10,39.343387603759766,42.29999923706055,42.70000076293945,42.29999923706055,42.70000076293945,1903
2025-09-11,39.2503776550293,42.20000076293945,42.5,42.0,42.5,1889
2025-09-12,39.62242126464844,42.599998474121094,42.599998474121094,42.099998474121094,42.29999923706055,4147
2025-09-15,39.2503776550293,42.20000076293945,42.70000076293945,42.20000076293945,42.5,1309
2025-09-16,39.52941131591797,42.5,42.70000076293945,42.20000076293945,42.5,939
2025-09-17,39.62242126464844,42.599998474121094,42.599998474121094,42.29999923706055,42.5,1579
2025-09-18,39.06435775756836,42.0,42.70000076293945,42.0,42.29999923706055,6563
2025-09-19,39.343387603759766,42.29999923706055,42.5,42.099998474121094,42.400001525878906,1953
2025-09-22,40.087467193603516,43.099998474121094,43.400001525878906,42.5,42.5,3229
2025-09-23,39.808441162109375,42.79999923706055,43.20000076293945,42.79999923706055,43.099998474121094,697
2025-09-24,40.087467193603516,43.099998474121094,43.20000076293945,42.70000076293945,42.900001525878906,593
2025-09-25,39.62242126464844,42.599998474121094,43.20000076293945,42.400001525878906,43.20000076293945,924
2025-09-26,39.99446105957031,43.0,43.29999923706055,42.599998474121094,42.599998474121094,1921
2025-09-29,40.36650466918945,43.400001525878906,43.5,42.70000076293945,43.0,2447
2025-09-30,39.99446105957031,43.0,43.5,43.0,43.400001525878906,1466
2025-10-01,40.64553451538086,43.70000076293945,43.79999923706055,43.0,43.0,3578
2025-10-02,40.64553451538086,43.70000076293945,44.70000076293945,43.599998474121094,43.70000076293945,3524
2025-10-03,40.73854446411133,43.79999923706055,44.099998474121094,43.70000076293945,43.70000076293945,5065
2025-10-06,41.11058807373047,44.20000076293945,44.29999923706055,43.900001525878906,44.0,1647
2025-10-07,41.389617919921875,44.5,44.5,44.0,44.29999923706055,1723
2025-10-08,41.389617919921875,44.5,44.599998474121094,44.099998474121094,44.5,3126
2025-10-09,41.389617919921875,44.5,44.79999923706055,44.400001525878906,44.599998474121094,3515
2025-10-10,41.57563781738281,44.70000076293945,44.70000076293945,44.5,44.5,3222
2025-10-13,41.76165771484375,44.900001525878906,44.900001525878906,44.400001525878906,44.599998474121094,3073
2025-10-14,41.76165771484375,44.900001525878906,44.900001525878906,44.400001525878906,44.900001525878906,1062
2025-10-15,41.389617919921875,44.5,44.900001525878906,44.29999923706055,44.79999923706055,1597
2025-10-16,41.85466766357422,45.0,45.099998474121094,44.400001525878906,44.5,2162
2025-10-17,41.85466766357422,45.0,45.0,44.599998474121094,45.0,1544
2025-10-20,41.389617919921875,44.5,45.0,44.5,45.0,2415
2025-10-21,41.66864776611328,44.79999923706055,45.0,44.70000076293945,44.900001525878906,998
2025-10-22,41.85466766357422,45.0,45.0,44.5,44.900001525878906,2018
2025-10-23,41.76165771484375,44.900001525878906,45.0,44.5,45.0,1922
2025-10-24,41.482627868652344,44.599998474121094,44.79999923706055,44.29999923706055,44.79999923706055,2209
2025-10-27,41.85466766357422,45.0,45.099998474121094,44.70000076293945,44.70000076293945,2572
2025-10-28,41.85466766357422,45.0,45.29999923706055,45.0,45.0,2310
2025-10-29,41.85466766357422,45.0,45.29999923706055,44.79999923706055,45.0,1086
2025-10-30,41.94767761230469,45.099998474121094,45.20000076293945,44.79999923706055,45.0,1119
2025-10-31,42.133697509765625,45.29999923706055,45.29999923706055,45.099998474121094,45.20000076293945,1594
2025-11-03,42.04069137573242,45.20000076293945,45.400001525878906,45.099998474121094,45.29999923706055,1413
2025-11-04,41.85466766357422,45.0,45.400001525878906,44.79999923706055,45.400001525878906,5965
2025-11-05,42.22671127319336,45.400001525878906,45.5,44.900001525878906,45.0,1583
2025-11-06,41.94767761230469,45.099998474121094,45.400001525878906,44.900001525878906,45.0,2279
2025-11-07,42.505741119384766,45.70000076293945,45.70000076293945,45.099998474121094,45.099998474121094,5577
2025-11-10,42.133697509765625,45.29999923706055,45.70000076293945,45.099998474121094,45.70000076293945,2155
2025-11-11,42.133697509765625,45.29999923706055,45.599998474121094,45.20000076293945,45.400001525878906,4387
2025-11-12,42.04069137573242,45.20000076293945,45.5,44.900001525878906,45.5,1939
2025-11-13,42.133697509765625,45.29999923706055,45.5,45.20000076293945,45.400001525878906,1506
2025-11-14,41.85466766357422,45.0,45.5,44.79999923706055,45.20000076293945,1472
2025-11-17,41.76165771484375,44.900001525878906,45.0,43.900001525878906,45.0,2813
2025-11-18,41.296607971191406,44.400001525878906,44.900001525878906,44.099998474121094,44.70000076293945,1079
2025-11-19,40.64553451538086,43.70000076293945,44.400001525878906,43.70000076293945,44.20000076293945,3452
2025-11-20,40.64553451538086,43.70000076293945,44.400001525878906,43.5,43.79999923706055,2070
2025-11-21,40.924564361572266,44.0,44.0,43.5,43.79999923706055,1863
2025-11-24,40.83155822753906,43.900001525878906,44.400001525878906,43.900001525878906,44.0,1243
2025-11-25,39.808441162109375,42.79999923706055,44.20000076293945,42.79999923706055,43.900001525878906,2895
2025-11-26,40.18048095703125,43.20000076293945,43.5,42.900001525878906,43.0,1659
2025-11-27,39.90145492553711,42.900001525878906,43.70000076293945,42.900001525878906,43.20000076293945,2391
2025-11-28,40.459510803222656,43.5,44.0,42.79999923706055,42.900001525878906,1722
2025-12-01,40.087467193603516,43.099998474121094,43.599998474121094,42.70000076293945,43.400001525878906,3545
2025-12-02,40.552520751953125,43.599998474121094,43.900001525878906,43.099998474121094,43.099998474121094,894
2025-12-03,41.20359802246094,44.29999923706055,44.5,43.70000076293945,43.70000076293945,2407
2025-12-04,40.924564361572266,44.0,44.29999923706055,43.79999923706055,44.20000076293945,1421
2025-12-05,41.296607971191406,44.400001525878906,44.400001525878906,43.599998474121094,43.70000076293945,853
2025-12-08,40.924564361572266,44.0,44.5,43.599998474121094,44.400001525878906,1804
2025-12-09,40.73854446411133,43.79999923706055,44.099998474121094,43.599998474121094,44.0,1570
2025-12-10,40.924564361572266,44.0,44.20000076293945,43.79999923706055,43.79999923706055,1691
2025-12-11,41.11058807373047,44.20000076293945,44.599998474121094,43.79999923706055,44.599998474121094,4297
2025-12-12,41.017574310302734,44.099998474121094,44.5,44.0,44.29999923706055,2017
2025-12-15,41.389617919921875,44.5,44.900001525878906,44.0,44.400001525878906,3716
2025-12-16,41.66864776611328,44.79999923706055,44.900001525878906,44.0,44.599998474121094,2690
2025-12-17,41.389617919921875,44.5,44.79999923706055,44.20000076293945,44.79999923706055,996
2025-12-18,41.66864776611328,44.79999923706055,44.900001525878906,44.29999923706055,44.5,1285
2025-12-19,41.66864776611328,44.79999923706055,45.0,44.400001525878906,44.79999923706055,5303
2025-12-22,41.389617919921875,44.5,45.0,44.20000076293945,44.79999923706055,2097
2025-12-23,41.57563781738281,44.70000076293945,44.70000076293945,44.5,44.70000076293945,1644
2025-12-29,41.85466766357422,45.0,45.0,44.599998474121094,44.70000076293945,2503
2025-12-30,41.94767761230469,45.099998474121094,45.099998474121094,44.900001525878906,45.0,1489
2026-01-02,42.69176483154297,45.900001525878906,45.900001525878906,45.0,45.0,4790
2026-01-05,42.78477478027344,46.0,46.0,45.70000076293945,45.900001525878906,2133
2026-01-07,42.970794677734375,46.20000076293945,46.20000076293945,45.79999923706055,46.0,2661
2026-01-08,43.342830657958984,46.599998474121094,46.599998474121094,46.0,46.20000076293945,2750
2026-01-09,43.43584442138672,46.70000076293945,46.79999923706055,46.400001525878906,46.599998474121094,3311
2026-01-12,43.15681457519531,46.400001525878906,46.70000076293945,46.20000076293945,46.70000076293945,493
2026-01-13,42.78477478027344,46.0,46.599998474121094,46.0,46.5,1649
2026-01-14,43.342830657958984,46.599998474121094,46.70000076293945,46.20000076293945,46.20000076293945,1900
2026-01-15,42.877784729003906,46.099998474121094,46.70000076293945,46.099998474121094,46.599998474121094,1933
2026-01-16,43.15681457519531,46.400001525878906,46.70000076293945,46.099998474121094,46.20000076293945,2158
2026-01-19,42.69176483154297,45.900001525878906,46.5,45.79999923706055,46.5,2113
2026-01-20,42.877784729003906,46.099998474121094,46.5,45.70000076293945,45.900001525878906,1160
2026-01-21,43.24982452392578,46.5,46.599998474121094,46.099998474121094,46.5,1562
2026-01-22,43.24982452392578,46.5,46.79999923706055,46.400001525878906,46.70000076293945,5116
2026-01-23,43.15681457519531,46.400001525878906,46.79999923706055,46.400001525878906,46.5,1597
2026-01-26,44.2729377746582,47.599998474121094,47.900001525878906,46.79999923706055,46.79999923706055,4327
2026-01-27,43.807884216308594,47.099998474121094,47.599998474121094,46.900001525878906,47.599998474121094,2177
2026-01-28,44.08692169189453,47.400001525878906,47.5,47.099998474121094,47.29999923706055,557
2026-01-29,44.179927825927734,47.5,47.599998474121094,47.20000076293945,47.5,1746
2026-01-30,43.9939079284668,47.29999923706055,47.599998474121094,47.29999923706055,47.5,974
2026-02-02,44.2729377746582,47.599998474121094,47.70000076293945,47.0,47.599998474121094,3987
2026-02-03,44.73798751831055,48.099998474121094,48.20000076293945,47.70000076293945,47.70000076293945,4237
2026-02-04,44.92401123046875,48.29999923706055,49.0,47.79999923706055,48.20000076293945,3556
2026-02-05,45.48207473754883,48.900001525878906,48.900001525878906,48.29999923706055,48.29999923706055,2782
2026-02-06,45.8541145324707,49.29999923706055,49.400001525878906,48.79999923706055,48.900001525878906,3327
2026-02-09,46.040138244628906,49.5,49.79999923706055,49.29999923706055,49.29999923706055,3578
2026-02-10,46.040138244628906,49.5,49.70000076293945,49.5,49.599998474121094,2123
2026-02-11,46.22615432739258,49.70000076293945,49.70000076293945,49.599998474121094,49.70000076293945,3845
2026-02-12,45.29605484008789,48.70000076293945,49.79999923706055,48.70000076293945,49.79999923706055,4009
2026-02-13,45.8541145324707,49.29999923706055,49.79999923706055,49.099998474121094,49.29999923706055,1793
2026-02-16,46.133148193359375,49.599998474121094,50.0,49.20000076293945,49.400001525878906,2943
2026-02-17,46.22615432739258,49.70000076293945,50.20000076293945,49.599998474121094,49.599998474121094,2716
2026-02-18,46.69120788574219,50.20000076293945,50.599998474121094,49.79999923706055,49.79999923706055,4225
2026-02-19,46.69120788574219,50.20000076293945,50.400001525878906,50.0,50.20000076293945,1558
2026-02-20,46.133148193359375,49.599998474121094,50.20000076293945,49.5,50.20000076293945,3873
2026-02-23,46.50518798828125,50.0,50.599998474121094,49.599998474121094,49.599998474121094,1793
2026-02-24,47.06324768066406,50.599998474121094,50.599998474121094,50.400001525878906,50.400001525878906,2199
2026-02-25,46.87723159790039,50.400001525878906,50.599998474121094,49.900001525878906,50.599998474121094,2216
2026-02-26,47.06324768066406,50.599998474121094,50.599998474121094,50.400001525878906,50.599998474121094,2015
2026-02-27,47.249271392822266,50.79999923706055,51.79999923706055,50.599998474121094,50.599998474121094,3766
2026-03-02,47.621315002441406,51.20000076293945,51.599998474121094,50.400001525878906,50.79999923706055,2791
2026-03-03,46.040138244628906,49.5,51.0,49.0,51.0,8667
2026-03-04,47.4352912902832,51.0,51.400001525878906,49.599998474121094,49.599998474121094,1767
2026-03-05,46.50518798828125,50.0,51.0,50.0,51.0,3456
2026-03-06,45.94712829589844,49.400001525878906,51.0,49.099998474121094,51.0,2089
2026-03-09,45.48207473754883,48.900001525878906,49.5,47.900001525878906,49.0,2311
2026-03-10,46.87723159790039,50.400001525878906,50.400001525878906,49.29999923706055,49.400001525878906,3575
2026-03-11,46.31916427612305,49.79999923706055,50.20000076293945,49.79999923706055,50.0,741
2026-03-12,46.22615432739258,49.70000076293945,50.0,49.599998474121094,49.900001525878906,1907
2026-03-13,46.133148193359375,49.599998474121094,50.0,49.099998474121094,49.599998474121094,2229
2026-03-16,46.41217803955078,49.900001525878906,50.599998474121094,49.599998474121094,50.20000076293945,1597
2026-03-17,47.249271392822266,50.79999923706055,51.20000076293945,49.900001525878906,50.0,2383
2026-03-18,47.4352912902832,51.0,51.400001525878906,51.0,51.20000076293945,1770
2026-03-19,46.50518798828125,50.0,51.20000076293945,49.70000076293945,51.20000076293945,1362
2026-03-20,46.040138244628906,49.5,51.20000076293945,49.5,50.79999923706055,2696
2026-03-23,47.4352912902832,51.0,51.400001525878906,48.29999923706055,49.599998474121094,6665
2026-03-24,46.50518798828125,50.0,51.400001525878906,49.900001525878906,51.20000076293945,4250
2026-03-25,47.993350982666016,51.599998474121094,51.599998474121094,50.20000076293945,50.20000076293945,1373
2026-03-26,47.4352912902832,51.0,51.599998474121094,50.599998474121094,51.400001525878906,7158
2026-03-27,47.4352912902832,51.0,51.400001525878906,50.0,51.20000076293945,6656
2026-03-30,47.80733108520508,51.400001525878906,52.20000076293945,51.0,51.0,9989
2026-03-31,48.93741226196289,49.79999923706055,51.0,48.20000076293945,51.0,6302
2026-04-01,47.75819778442383,48.599998474121094,50.0,48.400001525878906,49.79999923706055,4855
2026-04-02,47.56166458129883,48.400001525878906,49.5,48.0,48.5,2979
2026-04-07,47.65993118286133,48.5,49.099998474121094,48.400001525878906,48.599998474121094,1997
2026-04-08,48.93741226196289,49.79999923706055,50.0,49.29999923706055,49.400001525878906,1392
2026-04-09,48.15127182006836,49.0,49.70000076293945,48.599998474121094,49.70000076293945,2685
2026-04-10,47.856468200683594,48.70000076293945,49.5,48.70000076293945,48.900001525878906,6037
2026-04-13,47.65993118286133,48.5,48.79999923706055,48.0,48.70000076293945,3857
2026-04-14,47.954734802246094,48.79999923706055,49.0,48.29999923706055,48.599998474121094,1145
2026-04-15,48.15127182006836,49.0,49.0,48.5,48.599998474121094,1054
2026-04-16,47.856468200683594,48.70000076293945,49.0,48.70000076293945,49.0,1890
2026-04-17,47.56166458129883,48.400001525878906,49.099998474121094,48.400001525878906,48.70000076293945,2740
2026-04-20,47.07032775878906,47.900001525878906,49.0,47.79999923706055,48.400001525878906,3120
2026-04-21,47.46339416503906,48.29999923706055,48.5,48.0,48.0,1228
2026-04-22,47.56166458129883,48.400001525878906,48.599998474121094,48.0,48.29999923706055,1403
2026-04-23,47.46339416503906,48.29999923706055,48.79999923706055,47.5,48.29999923706055,2765
2026-04-24,47.36512756347656,48.20000076293945,48.5,47.599998474121094,48.29999923706055,1503
2026-04-27,46.480716705322266,47.29999923706055,48.29999923706055,47.29999923706055,48.20000076293945,2686
2026-04-28,45.69457244873047,46.5,47.29999923706055,46.099998474121094,47.29999923706055,2852
2026-04-29,45.3015022277832,46.099998474121094,46.5,46.0,46.5,2143
2026-04-30,47.16859436035156,48.0,48.0,44.79999923706055,46.099998474121094,3238
2026-05-04,44.71189498901367,45.5,47.5,45.5,47.400001525878906,3892
2026-05-05,43.43441390991211,44.20000076293945,45.400001525878906,44.099998474121094,45.29999923706055,3451
2026-05-06,43.53268051147461,44.29999923706055,44.400001525878906,43.900001525878906,44.29999923706055,8139
2026-05-07,43.237876892089844,44.0,44.29999923706055,43.599998474121094,44.29999923706055,4741
2026-05-08,42.64826965332031,43.400001525878906,43.900001525878906,43.099998474121094,43.79999923706055,2182
2026-05-11,42.54999923706055,43.29999923706055,43.900001525878906,43.0,43.5,6791
2026-05-12,42.25519561767578,43.0,43.400001525878906,42.79999923706055,43.400001525878906,2098
2026-05-13,41.763858795166016,42.5,43.29999923706055,42.20000076293945,43.29999923706055,5062
2026-05-15,41.763858795166016,42.5,42.79999923706055,42.20000076293945,42.5,2572
2026-05-18,41.763858795166016,42.5,42.79999923706055,42.29999923706055,42.29999923706055,3355
2026-05-19,41.763858795166016,42.5,42.900001525878906,42.20000076293945,42.5,5276
2026-05-20,43.139610290527344,43.900001525878906,43.900001525878906,42.5,42.79999923706055,4580
2026-05-21,42.64826965332031,43.400001525878906,44.0,43.0,43.900001525878906,10368
2026-05-22,43.139610290527344,43.900001525878906,43.900001525878906,43.29999923706055,43.29999923706055,3318
2026-05-25,43.336143493652344,44.099998474121094,44.400001525878906,43.70000076293945,44.20000076293945,4131
2026-05-26,43.04133987426758,43.79999923706055,44.099998474121094,43.5,44.099998474121094,3139
2026-05-27,42.45173263549805,43.20000076293945,43.900001525878906,43.20000076293945,43.599998474121094,2043
2026-05-28,42.64826965332031,43.400001525878906,43.900001525878906,42.599998474121094,43.099998474121094,5725
2026-05-29,42.25519561767578,43.0,43.5,42.599998474121094,43.5,3732
2026-06-01,41.370784759521484,42.099998474121094,42.79999923706055,42.099998474121094,42.70000076293945,3982
2026-06-02,41.862125396728516,42.599998474121094,42.70000076293945,42.099998474121094,42.099998474121094,4538
2026-06-03,41.665592193603516,42.400001525878906,43.0,42.20000076293945,42.5,2389
2026-06-04,41.763858795166016,42.5,42.5,42.099998474121094,42.29999923706055,6021
2026-06-05,41.96039581298828,42.70000076293945,42.79999923706055,42.400001525878906,42.70000076293945,3612
2026-06-08,41.763858795166016,42.5,42.70000076293945,42.29999923706055,42.599998474121094,2719
2026-06-09,41.56732177734375,42.29999923706055,42.599998474121094,42.20000076293945,42.400001525878906,1726
2026-06-10,41.174251556396484,41.900001525878906,42.70000076293945,41.599998474121094,42.70000076293945,2688
2026-06-11,41.174251556396484,41.900001525878906,42.099998474121094,41.70000076293945,42.0,1959
2026-06-12,41.174251556396484,41.900001525878906,42.29999923706055,41.900001525878906,42.099998474121094,2879
2026-06-15,41.46905517578125,42.20000076293945,42.5,42.0,42.20000076293945,3499
2026-06-16,41.272518157958984,42.0,42.20000076293945,41.900001525878906,42.099998474121094,1961
2026-06-17,41.07598114013672,41.79999923706055,42.099998474121094,41.5,42.099998474121094,2250
2026-06-18,41.07598114013672,41.79999923706055,42.20000076293945,41.70000076293945,42.099998474121094,3693
2026-06-22,41.763858795166016,42.5,42.900001525878906,41.79999923706055,41.79999923706055,3133
2026-06-23,42.64826965332031,43.400001525878906,43.400001525878906,42.5,42.70000076293945,2765
2026-06-24,42.84480285644531,43.599998474121094,44.29999923706055,43.400001525878906,43.400001525878906,7095
2026-06-25,42.64826965332031,43.400001525878906,44.20000076293945,43.400001525878906,43.79999923706055,2358
2026-06-26,42.64826965332031,43.400001525878906,43.599998474121094,43.0,43.5,1633
2026-06-29,42.94307327270508,43.70000076293945,44.0,43.599998474121094,43.599998474121094,1053
2026-06-30,43.04133987426758,43.79999923706055,44.0,43.29999923706055,44.0,3485
2026-07-01,42.74653625488281,43.5,43.900001525878906,43.5,43.79999923706055,1324
2026-07-02,42.84480285644531,43.599998474121094,44.0,43.5,43.599998474121094,440
2026-07-03,43.237876892089844,44.0,44.20000076293945,43.599998474121094,44.099998474121094,4413
2026-07-06,43.237876892089844,44.0,44.29999923706055,44.0,44.0,1595
2026-07-07,43.139610290527344,43.900001525878906,44.099998474121094,43.79999923706055,44.0,810
2026-07-08,42.35346221923828,43.099998474121094,44.0,43.0,44.0,1424
2026-07-09,42.94307327270508,43.70000076293945,43.900001525878906,42.900001525878906,43.400001525878906,2692
2026-07-10,42.84480285644531,43.599998474121094,44.0,43.599998474121094,43.70000076293945,942
2026-07-13,42.35346221923828,43.099998474121094,43.599998474121094,42.900001525878906,43.5,1682
2026-07-14,43.04133987426758,43.79999923706055,44.0,42.79999923706055,43.0,1914
2026-07-15,43.04133987426758,43.79999923706055,44.5,43.79999923706055,43.900001525878906,2940
2026-07-16,43.237876892089844,44.0,44.5,44.0,44.5,1502
2026-07-17,42.54999923706055,43.29999923706055,44.5,42.599998474121094,44.20000076293945,5454
2026-07-20,42.900001525878906,42.900001525878906,43.20000076293945,42.70000076293945,42.79999923706055,1958
2026-07-21,42.5,42.5,42.900001525878906,42.20000076293945,42.79999923706055,1434
2026-07-22,43.70000076293945,43.70000076293945,44.0,42.5,42.5,2535
2026-07-23,43.0,43.0,43.70000076293945,42.79999923706055,43.70000076293945,997
2026-07-24,43.0,43.0,43.599998474121094,42.599998474121094,43.0,1940
2026-07-27,43.599998474121094,43.599998474121094,44.099998474121094,43.29999923706055,43.29999923706055,4773
2026-07-28,43.599998474121094,43.599998474121094,44.099998474121094,43.20000076293945,43.5,2106
2026-07-29,42.70000076293945,42.70000076293945,44.20000076293945,42.599998474121094,43.70000076293945,2612
2026-07-30,42.79999923706055,42.79999923706055,44.0,42.79999923706055,43.70000076293945,1209
2026-07-31,43.79999923706055,43.79999923706055,43.900001525878906,42.900001525878906,42.900001525878906,2778
2026-08-03,43.29999923706055,43.29999923706055,44.099998474121094,43.20000076293945,44.0,3097
2026-08-04,43.79999923706055,43.79999923706055,44.20000076293945,43.5,43.5,3087
2026-08-05,43.900001525878906,43.900001525878906,44.20000076293945,43.70000076293945,43.79999923706055,1526
2026-08-06,43.400001525878906,43.400001525878906,44.400001525878906,43.400001525878906,43.900001525878906,1517
2026-08-07,43.5,43.5,43.79999923706055,43.099998474121094,43.5,2878
2026-08-10,43.29999923706055,43.29999923706055,43.5,43.0,43.5,3056
2026-08-11,43.099998474121094,43.099998474121094,43.70000076293945,43.0,43.29999923706055,3098
2026-08-12,43.29999923706055,43.29999923706055,43.5,43.0,43.20000076293945,3296
2026-08-13,43.29999923706055,43.29999923706055,43.5,43.20000076293945,43.29999923706055,3152
2026-08-14,43.20000076293945,43.20000076293945,43.5,43.20000076293945,43.400001525878906,1471
2026-08-17,43.400001525878906,43.400001525878906,43.5,43.0,43.099998474121094,3043
2026-08-18,43.70000076293945,43.70000076293945,43.79999923706055,43.0,43.400001525878906,3031
2026-08-19,43.79999923706055,43.79999923706055,44.20000076293945,43.5,43.900001525878906,3173
2026-08-20,43.599998474121094,43.599998474121094,43.900001525878906,43.5,43.5,2317
2026-08-21,43.79999923706055,43.79999923706055,44.29999923706055,43.599998474121094,43.70000076293945,4741
2026-08-24,43.599998474121094,43.599998474121094,44.099998474121094,43.400001525878906,43.79999923706055,2538
2026-08-25,44.400001525878906,44.400001525878906,45.099998474121094,44.0,45.099998474121094,3415
2026-08-26,43.70000076293945,43.70000076293945,44.400001525878906,43.70000076293945,44.400001525878906,1982
2026-08-27,43.5,43.5,43.900001525878906,43.5,43.70000076293945,2835
2026-08-28,43.5,43.5,43.900001525878906,43.400001525878906,43.900001525878906,1354
2026-08-31,43.400001525878906,43.400001525878906,43.70000076293945,43.20000076293945,43.20000076293945,6788
2026-09-01,43.0,43.0,43.70000076293945,43.0,43.29999923706055,7240
2026-09-02,43.0,43.0,43.20000076293945,42.900001525878906,43.20000076293945,2826
2026-09-03,43.099998474121094,43.099998474121094,43.29999923706055,43.0,43.29999923706055,2880
2026-09-04,43.5,43.5,43.599998474121094,43.20000076293945,43.20000076293945,7614
2026-09-08,43.20000076293945,43.20000076293945,43.29999923706055,42.79999923706055,43.099998474121094,5560
2026-09-09,43.0,43.0,43.20000076293945,42.900001525878906,43.0,5308
2026-09-10,43.0,43.0,43.70000076293945,43.0,43.20000076293945,7794
2026-09-11,42.900001525878906,42.900001525878906,43.29999923706055,42.900001525878906,43.0,2752
2026-09-14,43.20000076293945,43.20000076293945,43.29999923706055,42.79999923706055,43.099998474121094,9294
2026-09-15,43.0,43.0,43.20000076293945,40.79999923706055,43.099998474121094,8227
2026-09-16,43.400001525878906,43.400001525878906,43.400001525878906,43.0,43.20000076293945,9142
