Price,Adj Close,Close,High,Low,Open,Volume
Ticker,EEZY.HE,EEZY.HE,EEZY.HE,EEZY.HE,EEZY.HE,EEZY.HE
Date,,,,,,
2018-06-19,4.861692905426025,5.21999979019165,5.21999979019165,5.050000190734863,5.050000190734863,972346
2018-06-20,4.889632701873779,5.25,5.315000057220459,5.230000019073486,5.300000190734863,43329
2018-06-21,4.840271472930908,5.197000026702881,5.25,5.070000171661377,5.25,5116
2018-06-25,4.749929428100586,5.099999904632568,5.199999809265137,5.099999904632568,5.199999809265137,4044
2018-06-26,4.843064785003662,5.199999809265137,5.199999809265137,5.150000095367432,5.150000095367432,3850
2018-06-27,4.889632701873779,5.25,5.25,5.099999904632568,5.139999866485596,7816
2018-06-28,4.889632701873779,5.25,5.271999835968018,5.201000213623047,5.271999835968018,5536
2018-06-29,4.926887035369873,5.289999961853027,5.289999961853027,5.230000019073486,5.230000019073486,6294
2018-07-02,4.936201572418213,5.300000190734863,5.320000171661377,5.159999847412109,5.289999961853027,5206
2018-07-03,4.97345495223999,5.340000152587891,5.340000152587891,5.320000171661377,5.320000171661377,2076
2018-07-04,4.9827680587768555,5.349999904632568,5.349999904632568,5.340000152587891,5.340000152587891,5738
2018-07-05,4.936201572418213,5.300000190734863,5.340000152587891,5.300000190734863,5.300000190734863,3989
2018-07-06,4.917573928833008,5.28000020980835,5.28000020980835,5.28000020980835,5.28000020980835,190
2018-07-09,4.843064785003662,5.199999809265137,5.28000020980835,5.110000133514404,5.28000020980835,8304
2018-07-10,4.917573928833008,5.28000020980835,5.28000020980835,5.199999809265137,5.199999809265137,1894
2018-07-11,4.917573928833008,5.28000020980835,5.28000020980835,5.199999809265137,5.28000020980835,968
2018-07-12,4.898946762084961,5.260000228881836,5.260000228881836,5.260000228881836,5.260000228881836,750
2018-07-13,4.898946762084961,5.260000228881836,5.260000228881836,5.110000133514404,5.260000228881836,720
2018-07-16,4.843064785003662,5.199999809265137,5.28000020980835,5.199999809265137,5.260000228881836,653
2018-07-17,4.916642665863037,5.2789998054504395,5.2789998054504395,5.199999809265137,5.199999809265137,21651
2018-07-18,4.9827680587768555,5.349999904632568,5.349999904632568,5.239999771118164,5.239999771118164,4420
2018-07-19,4.953896999359131,5.318999767303467,5.318999767303467,5.199999809265137,5.199999809265137,7656
2018-07-20,4.953896999359131,5.318999767303467,5.318999767303467,5.318999767303467,5.318999767303467,0
2018-07-23,4.964141368865967,5.329999923706055,5.329999923706055,5.309000015258789,5.318999767303467,2946
2018-07-24,4.9827680587768555,5.349999904632568,5.349999904632568,5.25,5.300000190734863,6204
2018-07-25,4.936201572418213,5.300000190734863,5.349999904632568,5.300000190734863,5.349999904632568,4760
2018-07-26,4.9827680587768555,5.349999904632568,5.349999904632568,5.300000190734863,5.300000190734863,2302
2018-07-27,4.9827680587768555,5.349999904632568,5.349999904632568,5.329999923706055,5.329999923706055,574
2018-07-30,5.029336929321289,5.400000095367432,5.400000095367432,5.349999904632568,5.349999904632568,1703
2018-07-31,5.1131591796875,5.489999771118164,5.489999771118164,5.349999904632568,5.349999904632568,1994
2018-08-01,5.122472286224365,5.5,5.5,5.480000019073486,5.5,5054
2018-08-02,5.08521842956543,5.460000038146973,5.590000152587891,5.460000038146973,5.590000152587891,1242
2018-08-03,5.14109992980957,5.519999980926514,5.599999904632568,5.5,5.599999904632568,35300
2018-08-06,5.14109992980957,5.519999980926514,5.520999908447266,5.519999980926514,5.520999908447266,576
2018-08-07,5.308745384216309,5.699999809265137,5.699999809265137,5.539999961853027,5.539999961853027,1888
2018-08-08,5.355312824249268,5.75,5.75,5.684000015258789,5.699999809265137,3144
2018-08-09,5.355312824249268,5.75,5.800000190734863,5.75,5.75,559
2018-08-10,5.355312824249268,5.75,5.75,5.75,5.75,602
2018-08-13,5.169041156768799,5.550000190734863,5.710000038146973,5.519999980926514,5.710000038146973,5386
2018-08-14,5.169041156768799,5.550000190734863,5.599999904632568,5.519999980926514,5.599999904632568,22113
2018-08-15,5.169041156768799,5.550000190734863,5.550000190734863,5.5,5.550000190734863,5409
2018-08-16,5.169041156768799,5.550000190734863,5.550000190734863,5.550000190734863,5.550000190734863,1770
2018-08-17,5.2156081199646,5.599999904632568,5.599999904632568,5.489999771118164,5.525000095367432,34840
2018-08-20,5.308745384216309,5.699999809265137,5.699999809265137,5.599999904632568,5.599999904632568,724
2018-08-21,5.2742838859558105,5.663000106811523,5.699999809265137,5.599999904632568,5.650000095367432,701
2018-08-22,5.2156081199646,5.599999904632568,5.599999904632568,5.480000019073486,5.598999977111816,2050
2018-08-23,5.299431324005127,5.690000057220459,5.690000057220459,5.550000190734863,5.550000190734863,1300
2018-08-24,5.299431324005127,5.690000057220459,5.690000057220459,5.690000057220459,5.690000057220459,35
2018-08-27,5.299431324005127,5.690000057220459,5.690999984741211,5.623000144958496,5.690000057220459,1308
2018-08-28,5.3366851806640625,5.730000019073486,5.730000019073486,5.650000095367432,5.650000095367432,264
2018-08-29,5.262176990509033,5.650000095367432,5.75,5.650000095367432,5.730000019073486,22578
2018-08-30,5.112227439880371,5.488999843597412,5.650000095367432,5.488999843597412,5.650000095367432,2773
2018-08-31,5.1131591796875,5.489999771118164,5.489999771118164,5.348999977111816,5.349999904632568,2014
2018-09-03,5.038650035858154,5.409999847412109,5.499000072479248,5.409999847412109,5.410999774932861,18594
2018-09-04,5.038650035858154,5.409999847412109,5.409999847412109,5.409999847412109,5.409999847412109,804
2018-09-05,5.038650035858154,5.409999847412109,5.409999847412109,5.409999847412109,5.409999847412109,89
2018-09-06,5.047963619232178,5.420000076293945,5.420000076293945,5.348999977111816,5.349999904632568,598
2018-09-07,5.1131591796875,5.489999771118164,5.489999771118164,5.428999900817871,5.429999828338623,907
2018-09-10,5.029336929321289,5.400000095367432,5.550000190734863,5.151000022888184,5.550000190734863,7046
2018-09-11,5.121541500091553,5.499000072479248,5.550000190734863,5.499000072479248,5.550000190734863,85890
2018-09-12,5.121541500091553,5.499000072479248,5.499000072479248,5.499000072479248,5.499000072479248,0
2018-09-13,5.121541500091553,5.499000072479248,5.499000072479248,5.499000072479248,5.499000072479248,0
2018-09-14,5.121541500091553,5.499000072479248,5.499000072479248,5.499000072479248,5.499000072479248,0
2018-09-17,5.122472286224365,5.5,5.5,5.499000072479248,5.499000072479248,150
2018-09-18,5.103846073150635,5.480000019073486,5.5,5.480000019073486,5.5,74
2018-09-19,5.102913856506348,5.479000091552734,5.5,5.478000164031982,5.478000164031982,4030
2018-09-20,5.122472286224365,5.5,5.5,5.150000095367432,5.15500020980835,3920
2018-09-21,5.206295490264893,5.590000152587891,5.610000133514404,5.5,5.5,3481
2018-09-24,5.2156081199646,5.599999904632568,5.599999904632568,5.590000152587891,5.590000152587891,4160
2018-09-25,5.308745384216309,5.699999809265137,5.699999809265137,5.599999904632568,5.599999904632568,2282
2018-09-26,5.03026819229126,5.401000022888184,5.401000022888184,5.400000095367432,5.400000095367432,1276
2018-09-27,4.9473772048950195,5.311999797821045,5.5,5.283999919891357,5.499000072479248,1780
2018-09-28,4.936201572418213,5.300000190734863,5.39900016784668,5.300000190734863,5.349999904632568,11102
2018-10-01,4.936201572418213,5.300000190734863,5.300000190734863,5.300000190734863,5.300000190734863,400
2018-10-02,4.884044647216797,5.24399995803833,5.24399995803833,5.2210001945495605,5.2220001220703125,1354
2018-10-03,4.889632701873779,5.25,5.25,5.25,5.25,1815
2018-10-04,4.81978178024292,5.175000190734863,5.25,5.175000190734863,5.25,100391
2018-10-05,4.749929428100586,5.099999904632568,5.151000022888184,5.051000118255615,5.151000022888184,3645
2018-10-08,4.656327724456787,4.999499797821045,5.099999904632568,4.999499797821045,5.099999904632568,320
2018-10-09,4.786251544952393,5.138999938964844,5.138999938964844,4.9004998207092285,4.999499797821045,805
2018-10-10,4.70242977142334,5.048999786376953,5.048999786376953,5.048999786376953,5.048999786376953,136
2018-10-11,4.376919746398926,4.69950008392334,4.900000095367432,4.5,4.900000095367432,111285
2018-10-12,4.377385139465332,4.699999809265137,4.699999809265137,4.677999973297119,4.677999973297119,2317
2018-10-15,4.377385139465332,4.699999809265137,4.699999809265137,4.699999809265137,4.699999809265137,108
2018-10-16,4.507775783538818,4.840000152587891,4.988500118255615,4.840000152587891,4.988500118255615,78331
2018-10-17,4.377385139465332,4.699999809265137,4.989999771118164,4.699999809265137,4.840000152587891,1661
2018-10-18,4.591598033905029,4.929999828338623,4.929999828338623,4.75,4.75,636
2018-10-19,4.470521926879883,4.800000190734863,4.940000057220459,4.75,4.75,1077
2018-10-22,4.423954010009766,4.75,4.800000190734863,4.75,4.800000190734863,736
2018-10-23,4.110086441040039,4.413000106811523,4.75,4.370500087738037,4.75,4621
2018-10-24,4.110086441040039,4.413000106811523,4.413000106811523,4.413000106811523,4.413000106811523,0
2018-10-25,4.2376813888549805,4.550000190734863,4.550000190734863,4.550000190734863,4.550000190734863,200
2018-10-26,4.423488140106201,4.749499797821045,4.749499797821045,4.5995001792907715,4.5995001792907715,1650
2018-10-29,4.423488140106201,4.749499797821045,4.749499797821045,4.749499797821045,4.749499797821045,0
2018-10-30,4.423488140106201,4.749499797821045,4.749499797821045,4.749499797821045,4.749499797821045,0
2018-10-31,4.470521926879883,4.800000190734863,4.800000190734863,4.800000190734863,4.800000190734863,200
2018-11-01,4.470521926879883,4.800000190734863,4.800000190734863,4.800000190734863,4.800000190734863,0
2018-11-02,4.377385139465332,4.699999809265137,4.94950008392334,4.491000175476074,4.94950008392334,2371
2018-11-05,4.563657760620117,4.900000095367432,4.900000095367432,4.60099983215332,4.699999809265137,135
2018-11-06,4.563191890716553,4.899499893188477,4.899499893188477,4.899499893188477,4.899499893188477,40
2018-11-07,4.563191890716553,4.899499893188477,4.899499893188477,4.899499893188477,4.899499893188477,0
2018-11-08,4.376919746398926,4.69950008392334,4.800000190734863,4.679999828338623,4.799499988555908,4813
2018-11-09,4.330818176269531,4.650000095367432,4.650000095367432,4.650000095367432,4.650000095367432,200
2018-11-12,4.377385139465332,4.699999809265137,4.699999809265137,4.650000095367432,4.650000095367432,125
2018-11-13,4.196702003479004,4.50600004196167,4.50600004196167,4.500999927520752,4.500999927520752,218
2018-11-14,4.2376813888549805,4.550000190734863,4.561500072479248,4.550000190734863,4.561500072479248,876
2018-11-15,4.5166239738464355,4.8495001792907715,4.8495001792907715,4.4004998207092285,4.510000228881836,545
2018-11-16,4.5166239738464355,4.8495001792907715,4.8495001792907715,4.8495001792907715,4.8495001792907715,0
2018-11-19,4.5166239738464355,4.8495001792907715,4.8495001792907715,4.8495001792907715,4.8495001792907715,0
2018-11-20,4.395081043243408,4.718999862670898,4.8495001792907715,4.349999904632568,4.8495001792907715,2863
2018-11-21,3.734748601913452,4.010000228881836,4.349999904632568,3.859999895095825,4.349999904632568,15393
2018-11-22,3.9117066860198975,4.199999809265137,4.3480000495910645,4.010000228881836,4.090000152587891,3533
2018-11-23,3.7254347801208496,4.0,4.199999809265137,3.9600000381469727,4.199999809265137,4100
2018-11-26,3.7254347801208496,4.0,4.0,3.9000000953674316,4.0,4446
2018-11-27,3.7254347801208496,4.0,4.0,4.0,4.0,700
2018-11-28,3.7254347801208496,4.0,4.0,4.0,4.0,208
2018-11-29,3.7254347801208496,4.0,4.0,4.0,4.0,12
2018-11-30,3.818570375442505,4.099999904632568,4.099999904632568,3.9000000953674316,3.9000000953674316,21636
2018-12-03,3.7254347801208496,4.0,4.099999904632568,4.0,4.099999904632568,1765
2018-12-04,3.7254347801208496,4.0,4.0,4.0,4.0,0
2018-12-05,3.7254347801208496,4.0,4.0,4.0,4.0,10
2018-12-07,3.7254347801208496,4.0,4.0,4.0,4.0,0
2018-12-10,3.7254347801208496,4.0,4.0,4.0,4.0,0
2018-12-11,3.724968910217285,3.999500036239624,3.999500036239624,3.999500036239624,3.999500036239624,30
2018-12-12,3.529383659362793,3.7894999980926514,3.799999952316284,3.510499954223633,3.799999952316284,4553
2018-12-13,3.3724498748779297,3.621000051498413,3.997999906539917,3.621000051498413,3.7894999980926514,1349
2018-12-14,3.4735021591186523,3.7295000553131104,3.7295000553131104,3.623500108718872,3.623500108718872,360
2018-12-17,3.409238576889038,3.6605000495910645,3.7295000553131104,3.6500000953674316,3.7295000553131104,1185
2018-12-18,3.390145778656006,3.640000104904175,3.6500000953674316,3.621500015258789,3.621500015258789,2466
2018-12-19,3.2970097064971924,3.5399999618530273,3.619999885559082,3.5299999713897705,3.619999885559082,4578
2018-12-20,3.3435778617858887,3.5899999141693115,3.69950008392334,3.515000104904175,3.69950008392334,977
2018-12-21,3.231814384460449,3.4700000286102295,3.549999952316284,3.4700000286102295,3.515000104904175,3984
2018-12-27,3.008288621902466,3.2300000190734863,3.4000000953674316,3.130500078201294,3.4000000953674316,6949
2018-12-28,3.054856538772583,3.2799999713897705,3.427999973297119,3.1500000953674316,3.1500000953674316,6767
2019-01-02,3.425537347793579,3.677999973297119,3.677999973297119,3.677999973297119,3.677999973297119,595
2019-01-03,3.396665096282959,3.6470000743865967,3.677000045776367,3.6470000743865967,3.677000045776367,364
2019-01-04,3.492129325866699,3.749500036239624,3.999000072479248,3.6500000953674316,3.700000047683716,5418
2019-01-07,3.4832818508148193,3.740000009536743,3.94950008392334,3.740000009536743,3.8499999046325684,1469
2019-01-08,3.7245032787323,3.999000072479248,4.0,3.8450000286102295,3.8450000286102295,10026
2019-01-09,3.6555824279785156,3.924999952316284,4.050000190734863,3.859999895095825,4.050000190734863,39738
2019-01-10,3.7342824935913086,4.009500026702881,4.119500160217285,4.009500026702881,4.119500160217285,1615
2019-01-11,3.4925954341888428,3.75,4.050000190734863,3.75,4.050000190734863,4600
2019-01-14,3.4925954341888428,3.75,3.75,3.75,3.75,600
2019-01-15,3.7896981239318848,4.068999767303467,4.149499893188477,3.9000000953674316,3.9000000953674316,293
2019-01-16,3.7254347801208496,4.0,4.0,4.0,4.0,230
2019-01-17,3.7254347801208496,4.0,4.0,4.0,4.0,0
2019-01-18,3.6322989463806152,3.9000000953674316,4.0,3.9000000953674316,4.0,1761
2019-01-21,3.539163112640381,3.799999952316284,3.9000000953674316,3.6500000953674316,3.9000000953674316,200
2019-01-22,3.539163112640381,3.799999952316284,3.799999952316284,3.799999952316284,3.799999952316284,0
2019-01-23,3.5386974811553955,3.799499988555908,3.799499988555908,3.6600000858306885,3.6605000495910645,1212
2019-01-24,3.539163112640381,3.799999952316284,3.799999952316284,3.799999952316284,3.799999952316284,300
2019-01-25,3.7254347801208496,4.0,4.050000190734863,3.8994998931884766,3.8994998931884766,3103
2019-01-28,3.7254347801208496,4.0,4.0,4.0,4.0,0
2019-01-29,3.7254347801208496,4.0,4.0,3.75,3.75,422
2019-01-30,3.539628505706787,3.80049991607666,3.9000000953674316,3.80049991607666,3.9000000953674316,591
2019-01-31,3.539628505706787,3.80049991607666,3.80049991607666,3.80049991607666,3.80049991607666,0
2019-02-01,3.539628505706787,3.80049991607666,3.80049991607666,3.80049991607666,3.80049991607666,0
2019-02-04,3.6043577194213867,3.869999885559082,3.9000000953674316,3.869999885559082,3.9000000953674316,1506
2019-02-05,3.58573055267334,3.8499999046325684,3.869999885559082,3.8499999046325684,3.869999885559082,5360
2019-02-06,3.5386974811553955,3.799499988555908,3.809999942779541,3.799499988555908,3.809999942779541,1985
2019-02-07,3.5386974811553955,3.799499988555908,3.94950008392334,3.799499988555908,3.94950008392334,105
2019-02-08,3.397596597671509,3.6480000019073486,3.749500036239624,3.6480000019073486,3.6500000953674316,1364
2019-02-11,3.6676902770996094,3.937999963760376,3.9489998817443848,3.6500000953674316,3.6500000953674316,4266
2019-02-12,3.39945912361145,3.6500000953674316,3.799999952316284,3.6500000953674316,3.799999952316284,560
2019-02-13,3.58573055267334,3.8499999046325684,3.8499999046325684,3.700000047683716,3.700500011444092,4144
2019-02-14,3.6788666248321533,3.950000047683716,4.048500061035156,3.6005001068115234,3.75,10945
2019-02-15,3.772002696990967,4.050000190734863,4.050000190734863,3.799999952316284,3.950000047683716,1378
2019-02-18,3.6322989463806152,3.9000000953674316,3.9000000953674316,3.8605000972747803,3.8605000972747803,1440
2019-02-19,3.6788666248321533,3.950000047683716,3.950000047683716,3.950000047683716,3.950000047683716,239
2019-02-20,3.6788666248321533,3.950000047683716,3.950000047683716,3.950000047683716,3.950000047683716,0
2019-02-21,3.6788666248321533,3.950000047683716,3.950000047683716,3.950000047683716,3.950000047683716,251
2019-02-22,3.6788666248321533,3.950000047683716,3.950000047683716,3.819999933242798,3.950000047683716,911
2019-02-25,3.6788666248321533,3.950000047683716,3.950000047683716,3.950000047683716,3.950000047683716,809
2019-02-26,3.6788666248321533,3.950000047683716,3.950000047683716,3.94950008392334,3.950000047683716,710
2019-02-27,3.678401231765747,3.94950008392334,3.94950008392334,3.94950008392334,3.94950008392334,402
2019-02-28,3.6788666248321533,3.950000047683716,3.950000047683716,3.809999942779541,3.809999942779541,14957
2019-03-01,3.9210195541381836,4.210000038146973,4.449999809265137,4.05049991607666,4.05049991607666,3086
2019-03-04,4.023469924926758,4.320000171661377,4.340000152587891,4.199999809265137,4.340000152587891,4957
2019-03-05,4.0420966148376465,4.340000152587891,4.340000152587891,4.340000152587891,4.340000152587891,1210
2019-03-06,3.930333375930786,4.21999979019165,4.250500202178955,4.21999979019165,4.250500202178955,2823
2019-03-07,3.9117066860198975,4.199999809265137,4.449999809265137,4.199999809265137,4.449999809265137,3601
2019-03-08,4.051410675048828,4.349999904632568,4.349999904632568,4.349999904632568,4.349999904632568,500
2019-03-11,4.051410675048828,4.349999904632568,4.349999904632568,4.349999904632568,4.349999904632568,0
2019-03-12,3.9117066860198975,4.199999809265137,4.199999809265137,4.199999809265137,4.199999809265137,180
2019-03-13,3.939181327819824,4.229499816894531,4.249499797821045,4.150000095367432,4.249499797821045,301
2019-03-14,3.9582748413085938,4.25,4.25,4.25,4.25,2071
2019-03-15,3.9582748413085938,4.25,4.25,4.210000038146973,4.25,1182
2019-03-18,3.9582748413085938,4.25,4.251500129699707,4.210000038146973,4.251500129699707,1516
2019-03-19,3.9582748413085938,4.25,4.25,4.210000038146973,4.25,2729
2019-03-20,3.8651387691497803,4.150000095367432,4.250500202178955,4.150000095367432,4.250500202178955,2708
2019-03-21,3.8651387691497803,4.150000095367432,4.150000095367432,4.150000095367432,4.150000095367432,0
2019-03-22,3.9117066860198975,4.199999809265137,4.499499797821045,4.199999809265137,4.499499797821045,465
2019-03-25,3.9117066860198975,4.199999809265137,4.199999809265137,4.199999809265137,4.199999809265137,10
2019-03-26,3.9117066860198975,4.199999809265137,4.199999809265137,4.199999809265137,4.199999809265137,313
2019-03-27,3.930333375930786,4.21999979019165,4.364999771118164,4.21999979019165,4.364999771118164,4201
2019-03-28,4.004842758178711,4.300000190734863,4.449999809265137,4.199999809265137,4.200500011444092,12800
2019-03-29,4.4523820877075195,4.749000072479248,4.749000072479248,4.300000190734863,4.300000190734863,5050
2019-04-01,4.650203704833984,4.960000038146973,4.960000038146973,4.480000019073486,4.739999771118164,3546
2019-04-02,4.256436347961426,4.539999961853027,5.0,4.539999961853027,4.960000038146973,4230
2019-04-03,4.406442642211914,4.699999809265137,4.960000038146973,4.699999809265137,4.960000038146973,201
2019-04-04,4.368940830230713,4.659999847412109,4.880000114440918,4.599999904632568,4.599999904632568,1254
2019-04-05,4.31268835067749,4.599999904632568,4.619999885559082,4.599999904632568,4.619999885559082,205
2019-04-08,4.31268835067749,4.599999904632568,4.599999904632568,4.599999904632568,4.599999904632568,0
2019-04-09,4.218934535980225,4.5,4.579999923706055,4.5,4.579999923706055,1051
2019-04-10,4.462695121765137,4.760000228881836,4.760000228881836,4.5,4.5,3163
2019-04-11,4.5939507484436035,4.900000095367432,4.900000095367432,4.699999809265137,4.71999979019165,4756
2019-04-12,4.57520055770874,4.880000114440918,4.880000114440918,4.760000228881836,4.760000228881836,631
2019-04-15,4.31268835067749,4.599999904632568,4.880000114440918,4.599999904632568,4.880000114440918,153
2019-04-16,4.350189685821533,4.639999866485596,4.639999866485596,4.599999904632568,4.599999904632568,524
2019-04-17,4.331439018249512,4.619999885559082,4.619999885559082,4.619999885559082,4.619999885559082,267
2019-04-18,4.443944454193115,4.739999771118164,4.760000228881836,4.739999771118164,4.760000228881836,351
2019-04-23,4.406442642211914,4.699999809265137,4.71999979019165,4.599999904632568,4.71999979019165,364
2019-04-24,4.443944454193115,4.739999771118164,4.739999771118164,4.699999809265137,4.699999809265137,1212
2019-04-25,4.443944454193115,4.739999771118164,4.739999771118164,4.739999771118164,4.739999771118164,260
2019-04-26,4.350189685821533,4.639999866485596,4.639999866485596,4.619999885559082,4.619999885559082,1440
2019-04-29,4.31268835067749,4.599999904632568,4.619999885559082,4.599999904632568,4.619999885559082,31
2019-04-30,4.443944454193115,4.739999771118164,4.739999771118164,4.739999771118164,4.739999771118164,1502
2019-05-02,4.650203704833984,4.960000038146973,4.960000038146973,4.800000190734863,4.800000190734863,441
2019-05-03,4.828336238861084,5.150000095367432,5.400000095367432,5.050000190734863,5.099999904632568,33170
2019-05-06,4.687705039978027,5.0,5.199999809265137,5.0,5.199999809265137,3848
2019-05-07,4.612701892852783,4.920000076293945,4.920000076293945,4.920000076293945,4.920000076293945,120940
2019-05-08,4.612701892852783,4.920000076293945,4.920000076293945,4.920000076293945,4.920000076293945,17
2019-05-09,4.5939507484436035,4.900000095367432,4.960000038146973,4.900000095367432,4.920000076293945,845
2019-05-10,4.537698268890381,4.840000152587891,5.099999904632568,4.840000152587891,4.840000152587891,2777
2019-05-13,4.537698268890381,4.840000152587891,5.150000095367432,4.840000152587891,5.150000095367432,105216
2019-05-14,4.537698268890381,4.840000152587891,5.050000190734863,4.840000152587891,5.050000190734863,360
2019-05-15,4.537698268890381,4.840000152587891,4.840000152587891,4.840000152587891,4.840000152587891,0
2019-05-16,4.537698268890381,4.840000152587891,4.840000152587891,4.840000152587891,4.840000152587891,0
2019-05-17,4.687705039978027,5.0,5.050000190734863,4.900000095367432,4.900000095367432,101238
2019-05-20,4.781459331512451,5.099999904632568,5.099999904632568,4.900000095367432,5.099999904632568,1650
2019-05-21,4.781459331512451,5.099999904632568,5.199999809265137,5.099999904632568,5.099999904632568,110356
2019-05-22,4.781459331512451,5.099999904632568,5.25,4.860000133514404,5.25,5049
2019-05-23,4.687705039978027,5.0,5.25,4.900000095367432,5.150000095367432,7641
2019-05-24,4.687705039978027,5.0,5.099999904632568,5.0,5.0,969
2019-05-27,4.668953895568848,4.980000019073486,5.150000095367432,4.980000019073486,5.099999904632568,2420
2019-05-28,4.650203704833984,4.960000038146973,4.960000038146973,4.960000038146973,4.960000038146973,1
2019-05-29,4.650203704833984,4.960000038146973,4.980000019073486,4.960000038146973,4.980000019073486,46
2019-05-31,4.5564494132995605,4.860000133514404,4.960000038146973,4.860000133514404,4.960000038146973,253
2019-06-03,4.668953895568848,4.980000019073486,4.980000019073486,4.760000228881836,4.860000133514404,520
2019-06-04,4.500197410583496,4.800000190734863,4.860000133514404,4.800000190734863,4.860000133514404,1550
2019-06-05,4.481445789337158,4.78000020980835,4.880000114440918,4.760000228881836,4.760000228881836,249
2019-06-06,4.406442642211914,4.699999809265137,4.800000190734863,4.699999809265137,4.800000190734863,1527
2019-06-07,4.406442642211914,4.699999809265137,4.699999809265137,4.599999904632568,4.699999809265137,1050
2019-06-10,4.500197410583496,4.800000190734863,4.800000190734863,4.800000190734863,4.800000190734863,417
2019-06-11,4.481445789337158,4.78000020980835,4.800000190734863,4.639999866485596,4.800000190734863,544
2019-06-12,4.500197410583496,4.800000190734863,4.800000190734863,4.800000190734863,4.800000190734863,50
2019-06-13,4.31268835067749,4.599999904632568,4.699999809265137,4.599999904632568,4.699999809265137,1255
2019-06-14,4.387691020965576,4.679999828338623,4.699999809265137,4.679999828338623,4.699999809265137,1283
2019-06-17,4.387691020965576,4.679999828338623,4.679999828338623,4.679999828338623,4.679999828338623,200
2019-06-18,4.387691020965576,4.679999828338623,4.679999828338623,4.679999828338623,4.679999828338623,122
2019-06-19,4.387691020965576,4.679999828338623,4.679999828338623,4.679999828338623,4.679999828338623,647
2019-06-20,4.331439018249512,4.619999885559082,4.980000019073486,4.619999885559082,4.659999847412109,2938
2019-06-24,4.368940830230713,4.659999847412109,4.659999847412109,4.659999847412109,4.659999847412109,750
2019-06-25,4.350189685821533,4.639999866485596,4.679999828338623,4.639999866485596,4.679999828338623,2000
2019-06-26,4.406442642211914,4.699999809265137,4.699999809265137,4.599999904632568,4.599999904632568,830
2019-06-27,4.406442642211914,4.699999809265137,4.699999809265137,4.699999809265137,4.699999809265137,0
2019-06-28,4.631453037261963,4.940000057220459,4.940000057220459,4.599999904632568,4.699999809265137,5926
2019-07-01,4.668953895568848,4.980000019073486,5.0,4.980000019073486,4.980000019073486,16007
2019-07-02,4.668953895568848,4.980000019073486,4.980000019073486,4.980000019073486,4.980000019073486,200
2019-07-03,4.462695121765137,4.760000228881836,4.78000020980835,4.699999809265137,4.760000228881836,2679
2019-07-04,4.612701892852783,4.920000076293945,4.980000019073486,4.820000171661377,4.820000171661377,2824
2019-07-05,4.968967437744141,5.300000190734863,5.650000095367432,5.099999904632568,5.099999904632568,30864
2019-07-08,5.015843868255615,5.349999904632568,5.5,5.300000190734863,5.300000190734863,38715
2019-07-09,5.109598159790039,5.449999809265137,5.449999809265137,5.300000190734863,5.349999904632568,16167
2019-07-10,5.062721252441406,5.400000095367432,5.449999809265137,5.199999809265137,5.449999809265137,101909
2019-07-11,4.968967437744141,5.300000190734863,5.349999904632568,5.150000095367432,5.199999809265137,10968
2019-07-12,4.968967437744141,5.300000190734863,5.349999904632568,5.150000095367432,5.349999904632568,406
2019-07-15,4.922090530395508,5.25,5.400000095367432,5.150000095367432,5.349999904632568,535
2019-07-16,4.875213623046875,5.199999809265137,5.400000095367432,5.199999809265137,5.400000095367432,311
2019-07-17,4.781459331512451,5.099999904632568,5.199999809265137,5.099999904632568,5.199999809265137,4753
2019-07-18,4.781459331512451,5.099999904632568,5.099999904632568,5.099999904632568,5.099999904632568,694
2019-07-19,5.062721252441406,5.400000095367432,5.400000095367432,5.099999904632568,5.099999904632568,6010
2019-07-22,4.875213623046875,5.199999809265137,5.400000095367432,5.199999809265137,5.400000095367432,1767
2019-07-23,4.875213623046875,5.199999809265137,5.349999904632568,5.199999809265137,5.349999904632568,389
2019-07-24,5.062721252441406,5.400000095367432,5.400000095367432,5.300000190734863,5.349999904632568,3345
2019-07-25,5.015843868255615,5.349999904632568,5.400000095367432,5.25,5.400000095367432,665
2019-07-26,4.875213623046875,5.199999809265137,5.349999904632568,5.199999809265137,5.25,570
2019-07-29,4.875213623046875,5.199999809265137,5.349999904632568,5.199999809265137,5.300000190734863,25135
2019-07-30,5.062721252441406,5.400000095367432,5.400000095367432,5.25,5.349999904632568,5208
2019-07-31,4.875213623046875,5.199999809265137,5.349999904632568,5.199999809265137,5.349999904632568,1611
2019-08-01,4.968967437744141,5.300000190734863,5.300000190734863,5.199999809265137,5.199999809265137,1594
2019-08-02,5.062721252441406,5.400000095367432,5.400000095367432,5.199999809265137,5.300000190734863,13232
2019-08-05,4.922090530395508,5.25,5.400000095367432,5.150000095367432,5.400000095367432,11646
2019-08-06,5.015843868255615,5.349999904632568,5.349999904632568,5.199999809265137,5.349999904632568,1259
2019-08-07,4.922090530395508,5.25,5.25,5.199999809265137,5.199999809265137,500
2019-08-08,5.015843868255615,5.349999904632568,5.349999904632568,5.349999904632568,5.349999904632568,50
2019-08-09,4.968967437744141,5.300000190734863,5.349999904632568,5.300000190734863,5.349999904632568,309
2019-08-12,5.062721252441406,5.400000095367432,5.400000095367432,5.300000190734863,5.349999904632568,177
2019-08-13,5.015843868255615,5.349999904632568,5.400000095367432,5.199999809265137,5.199999809265137,301
2019-08-14,4.968967437744141,5.300000190734863,5.300000190734863,5.300000190734863,5.300000190734863,2828
2019-08-15,4.968967437744141,5.300000190734863,5.300000190734863,5.300000190734863,5.300000190734863,0
2019-08-16,4.968967437744141,5.300000190734863,5.300000190734863,5.300000190734863,5.300000190734863,100
2019-08-19,5.062721252441406,5.400000095367432,5.400000095367432,5.300000190734863,5.300000190734863,3863
2019-08-20,5.203352928161621,5.550000190734863,5.550000190734863,5.300000190734863,5.349999904632568,6023
2019-08-21,4.922090530395508,5.25,5.650000095367432,5.199999809265137,5.650000095367432,41397
2019-08-22,4.968967437744141,5.300000190734863,5.300000190734863,5.25,5.25,44580
2019-08-23,4.755456924438477,4.980000019073486,5.25,4.980000019073486,5.25,59762
2019-08-26,4.6790642738342285,4.900000095367432,4.980000019073486,4.820000171661377,4.840000152587891,8708
2019-08-27,4.69816255569458,4.920000076293945,5.0,4.860000133514404,4.860000133514404,4560
2019-08-28,4.640867710113525,4.860000133514404,4.920000076293945,4.840000152587891,4.920000076293945,4755
2019-08-29,4.621769905090332,4.840000152587891,4.880000114440918,4.840000152587891,4.860000133514404,13040
2019-08-30,4.564474582672119,4.78000020980835,4.840000152587891,4.760000228881836,4.840000152587891,5898
2019-09-02,4.602671146392822,4.820000171661377,4.840000152587891,4.820000171661377,4.840000152587891,1271
2019-09-03,4.602671146392822,4.820000171661377,4.880000114440918,4.800000190734863,4.820000171661377,3850
2019-09-04,4.640867710113525,4.860000133514404,4.860000133514404,4.760000228881836,4.800000190734863,4450
2019-09-05,4.69816255569458,4.920000076293945,4.920000076293945,4.840000152587891,4.880000114440918,12024
2019-09-06,4.659965515136719,4.880000114440918,4.900000095367432,4.840000152587891,4.900000095367432,951
2019-09-09,4.659965515136719,4.880000114440918,4.880000114440918,4.880000114440918,4.880000114440918,1251
2019-09-10,4.736359119415283,4.960000038146973,4.960000038146973,4.960000038146973,4.960000038146973,6596
2019-09-11,4.736359119415283,4.960000038146973,4.960000038146973,4.960000038146973,4.960000038146973,3324
2019-09-12,4.774555206298828,5.0,5.0,4.920000076293945,4.960000038146973,912846
2019-09-13,4.774555206298828,5.0,5.050000190734863,4.980000019073486,4.980000019073486,67851
2019-09-16,4.774555206298828,5.0,5.150000095367432,4.980000019073486,5.099999904632568,10327
2019-09-17,4.755456924438477,4.980000019073486,5.0,4.980000019073486,5.0,39627
2019-09-18,4.774555206298828,5.0,5.050000190734863,4.960000038146973,4.980000019073486,16391
2019-09-19,4.755456924438477,4.980000019073486,5.050000190734863,4.980000019073486,5.050000190734863,965
2019-09-20,4.774555206298828,5.0,5.0,4.980000019073486,4.980000019073486,1253
2019-09-23,4.69816255569458,4.920000076293945,5.0,4.920000076293945,5.0,1347
2019-09-24,4.774555206298828,5.0,5.0,4.940000057220459,4.980000019073486,12350
2019-09-25,4.717259883880615,4.940000057220459,4.980000019073486,4.940000057220459,4.940000057220459,1500
2019-09-26,4.755456924438477,4.980000019073486,4.980000019073486,4.980000019073486,4.980000019073486,50
2019-09-27,4.774555206298828,5.0,5.0,4.980000019073486,4.980000019073486,1516
2019-09-30,4.736359119415283,4.960000038146973,4.960000038146973,4.900000095367432,4.940000057220459,8811
2019-10-01,4.822300910949707,5.050000190734863,5.050000190734863,4.980000019073486,5.0,10609
2019-10-02,4.774555206298828,5.0,5.150000095367432,4.940000057220459,4.940000057220459,7001
2019-10-03,4.774555206298828,5.0,5.150000095367432,5.0,5.099999904632568,3411
2019-10-04,4.870046138763428,5.099999904632568,5.099999904632568,5.0,5.050000190734863,3847
2019-10-07,4.870046138763428,5.099999904632568,5.099999904632568,4.940000057220459,4.940000057220459,5704
2019-10-08,4.774555206298828,5.0,5.099999904632568,5.0,5.099999904632568,72713
2019-10-09,4.870046138763428,5.099999904632568,5.099999904632568,5.0,5.050000190734863,3258
2019-10-10,4.870046138763428,5.099999904632568,5.099999904632568,5.050000190734863,5.099999904632568,1701
2019-10-11,4.91779088973999,5.150000095367432,5.199999809265137,5.099999904632568,5.099999904632568,13855
2019-10-14,4.91779088973999,5.150000095367432,5.199999809265137,5.150000095367432,5.199999809265137,3748
2019-10-15,4.9655375480651855,5.199999809265137,5.199999809265137,5.199999809265137,5.199999809265137,100
2019-10-16,4.9655375480651855,5.199999809265137,5.25,5.199999809265137,5.25,620
2019-10-17,5.013282775878906,5.25,5.25,5.099999904632568,5.199999809265137,1741
2019-10-18,5.061028480529785,5.300000190734863,5.300000190734863,5.199999809265137,5.25,3186
2019-10-21,4.9655375480651855,5.199999809265137,5.25,5.199999809265137,5.25,1110
2019-10-22,5.061028480529785,5.300000190734863,5.300000190734863,5.199999809265137,5.25,3934
2019-10-23,5.013282775878906,5.25,5.349999904632568,5.25,5.300000190734863,3473
2019-10-24,4.870046138763428,5.099999904632568,5.349999904632568,5.050000190734863,5.349999904632568,14319
2019-10-25,4.870046138763428,5.099999904632568,5.150000095367432,5.099999904632568,5.099999904632568,10650
2019-10-28,4.870046138763428,5.099999904632568,5.199999809265137,5.099999904632568,5.099999904632568,5124
2019-10-29,4.91779088973999,5.150000095367432,5.150000095367432,5.099999904632568,5.099999904632568,2206
2019-10-30,4.91779088973999,5.150000095367432,5.199999809265137,5.099999904632568,5.150000095367432,700
2019-10-31,4.9655375480651855,5.199999809265137,5.199999809265137,5.099999904632568,5.199999809265137,5602
2019-11-01,4.91779088973999,5.150000095367432,5.150000095367432,5.150000095367432,5.150000095367432,808
2019-11-04,5.156519412994385,5.400000095367432,5.400000095367432,5.150000095367432,5.150000095367432,10199
2019-11-05,5.108774185180664,5.349999904632568,5.400000095367432,5.199999809265137,5.400000095367432,1570
2019-11-06,5.061028480529785,5.300000190734863,5.400000095367432,5.25,5.349999904632568,3282
2019-11-07,5.204264163970947,5.449999809265137,5.449999809265137,5.300000190734863,5.300000190734863,5027
2019-11-08,5.347501754760742,5.599999904632568,5.599999904632568,5.300000190734863,5.300000190734863,16748
2019-11-11,5.490738868713379,5.75,5.849999904632568,5.650000095367432,5.699999809265137,68516
2019-11-12,5.5862298011779785,5.849999904632568,6.199999809265137,5.699999809265137,6.099999904632568,54649
2019-11-13,6.015939235687256,6.300000190734863,6.400000095367432,6.099999904632568,6.150000095367432,69088
2019-11-14,6.063684940338135,6.349999904632568,6.349999904632568,6.199999809265137,6.300000190734863,21892
2019-11-15,6.159175395965576,6.449999809265137,6.5,6.400000095367432,6.400000095367432,13154
2019-11-18,6.206921577453613,6.5,6.5,6.400000095367432,6.449999809265137,8843
2019-11-19,6.015939235687256,6.300000190734863,6.599999904632568,6.25,6.550000190734863,14187
2019-11-20,6.159175395965576,6.449999809265137,6.5,6.300000190734863,6.400000095367432,19001
2019-11-21,6.206921577453613,6.5,6.5,6.400000095367432,6.5,12369
2019-11-22,6.206921577453613,6.5,6.5,6.400000095367432,6.449999809265137,14427
2019-11-25,6.159175395965576,6.449999809265137,6.550000190734863,6.449999809265137,6.5,114228
2019-11-26,6.254667282104492,6.550000190734863,6.550000190734863,6.449999809265137,6.5,101904
2019-11-27,6.541140556335449,6.849999904632568,6.849999904632568,6.550000190734863,6.550000190734863,10257
2019-11-28,6.588886260986328,6.900000095367432,6.949999809265137,6.849999904632568,6.900000095367432,4445
2019-11-29,6.588886260986328,6.900000095367432,6.900000095367432,6.800000190734863,6.900000095367432,6395
2019-12-02,6.4933953285217285,6.800000190734863,6.900000095367432,6.699999809265137,6.900000095367432,22914
2019-12-03,6.206921577453613,6.5,6.800000190734863,6.5,6.800000190734863,12594
2019-12-04,6.254667282104492,6.550000190734863,6.599999904632568,6.449999809265137,6.550000190734863,15135
2019-12-05,6.159175395965576,6.449999809265137,6.550000190734863,6.349999904632568,6.550000190734863,14770
2019-12-09,6.159175395965576,6.449999809265137,6.550000190734863,6.400000095367432,6.5,4223
2019-12-10,6.111431121826172,6.400000095367432,6.449999809265137,6.400000095367432,6.449999809265137,876
2019-12-11,6.206921577453613,6.5,6.5,6.400000095367432,6.449999809265137,41221
2019-12-12,6.159175395965576,6.449999809265137,6.550000190734863,6.400000095367432,6.5,17607
2019-12-13,6.063684940338135,6.349999904632568,6.400000095367432,6.300000190734863,6.400000095367432,8810
2019-12-16,6.111431121826172,6.400000095367432,6.400000095367432,6.349999904632568,6.349999904632568,5071
2019-12-17,6.063684940338135,6.349999904632568,6.400000095367432,6.300000190734863,6.400000095367432,8727
2019-12-18,5.968193531036377,6.25,6.400000095367432,6.150000095367432,6.300000190734863,35332
2019-12-19,5.777212142944336,6.050000190734863,6.199999809265137,6.050000190734863,6.199999809265137,39528
2019-12-20,6.015939235687256,6.300000190734863,6.300000190734863,6.099999904632568,6.099999904632568,83194
2019-12-23,6.063684940338135,6.349999904632568,6.349999904632568,6.25,6.300000190734863,3484
2019-12-27,6.111431121826172,6.400000095367432,6.400000095367432,6.300000190734863,6.300000190734863,4938
2019-12-30,6.063684940338135,6.349999904632568,6.599999904632568,6.199999809265137,6.199999809265137,16391
2020-01-02,6.3979034423828125,6.699999809265137,6.75,6.449999809265137,6.449999809265137,18764
2020-01-03,6.302412033081055,6.599999904632568,6.699999809265137,6.5,6.650000095367432,10811
2020-01-07,6.302412033081055,6.599999904632568,6.800000190734863,6.5,6.5,17857
2020-01-08,6.350158214569092,6.650000095367432,6.650000095367432,6.550000190734863,6.550000190734863,3499
2020-01-09,6.350158214569092,6.650000095367432,6.650000095367432,6.5,6.5,7936
2020-01-10,6.350158214569092,6.650000095367432,6.699999809265137,6.5,6.650000095367432,5299
2020-01-13,6.302412033081055,6.599999904632568,6.75,6.599999904632568,6.650000095367432,4781
2020-01-14,6.445649147033691,6.75,6.75,6.550000190734863,6.550000190734863,14496
2020-01-15,6.445649147033691,6.75,6.800000190734863,6.650000095367432,6.75,8280
2020-01-16,6.732122898101807,7.050000190734863,7.25,6.75,6.75,19563
2020-01-17,6.875359535217285,7.199999809265137,7.199999809265137,6.949999809265137,7.150000095367432,11533
2020-01-20,6.684377193450928,7.0,7.25,6.949999809265137,7.25,18935
2020-01-21,6.588886260986328,6.900000095367432,7.099999904632568,6.849999904632568,7.050000190734863,15836
2020-01-22,6.588886260986328,6.900000095367432,7.050000190734863,6.900000095367432,7.0,1343
2020-01-23,6.541140556335449,6.849999904632568,6.900000095367432,6.75,6.900000095367432,3692
2020-01-24,6.588886260986328,6.900000095367432,6.900000095367432,6.800000190734863,6.849999904632568,1049
2020-01-27,6.4933953285217285,6.800000190734863,6.900000095367432,6.800000190734863,6.900000095367432,13595
2020-01-28,6.4933953285217285,6.800000190734863,6.949999809265137,6.800000190734863,6.849999904632568,7697
2020-01-29,6.588886260986328,6.900000095367432,7.0,6.900000095367432,7.0,6792
2020-01-30,6.588886260986328,6.900000095367432,6.949999809265137,6.900000095367432,6.949999809265137,2093
2020-01-31,6.588886260986328,6.900000095367432,7.150000095367432,6.900000095367432,6.900000095367432,28556
2020-02-03,6.541140556335449,6.849999904632568,7.050000190734863,6.849999904632568,7.050000190734863,6813
2020-02-04,6.684377193450928,7.0,7.0,6.900000095367432,7.0,1634
2020-02-05,6.684377193450928,7.0,7.0,6.900000095367432,7.0,2750
2020-02-06,6.684377193450928,7.0,7.050000190734863,6.949999809265137,7.050000190734863,13030
2020-02-07,6.636631488800049,6.949999809265137,7.0,6.900000095367432,6.949999809265137,11586
2020-02-10,6.636631488800049,6.949999809265137,7.0,6.800000190734863,6.949999809265137,13672
2020-02-11,6.541140556335449,6.849999904632568,6.949999809265137,6.800000190734863,6.949999809265137,7250
2020-02-12,6.684377193450928,7.0,7.0,6.900000095367432,6.949999809265137,9354
2020-02-13,6.779868125915527,7.099999904632568,7.25,7.0,7.0,22296
2020-02-14,6.875359535217285,7.199999809265137,7.349999904632568,7.099999904632568,7.199999809265137,21956
2020-02-17,6.970850944519043,7.300000190734863,7.349999904632568,7.150000095367432,7.25,3790
2020-02-18,6.779868125915527,7.099999904632568,7.300000190734863,7.099999904632568,7.300000190734863,2072
2020-02-19,6.779868125915527,7.099999904632568,7.349999904632568,7.0,7.0,2203
2020-02-20,6.779868125915527,7.099999904632568,7.300000190734863,7.099999904632568,7.199999809265137,3183
2020-02-21,6.8276143074035645,7.150000095367432,7.300000190734863,7.0,7.099999904632568,2637
2020-02-24,6.254667282104492,6.550000190734863,6.949999809265137,6.550000190734863,6.949999809265137,36585
2020-02-25,5.968193531036377,6.25,6.599999904632568,6.150000095367432,6.550000190734863,46913
2020-02-26,5.8727030754089355,6.150000095367432,6.25,5.5,6.099999904632568,45284
2020-02-27,5.68172025680542,5.949999809265137,6.050000190734863,5.800000190734863,6.050000190734863,13591
2020-02-28,5.490738868713379,5.75,5.949999809265137,5.550000190734863,5.650000095367432,16577
2020-03-02,5.538483619689941,5.800000190734863,6.0,5.75,5.900000095367432,18035
2020-03-03,5.8727030754089355,6.150000095367432,6.199999809265137,6.0,6.150000095367432,84289
2020-03-04,5.920448303222656,6.199999809265137,6.300000190734863,6.099999904632568,6.099999904632568,20810
2020-03-05,5.490738868713379,5.75,5.949999809265137,5.650000095367432,5.949999809265137,88119
2020-03-06,5.252009868621826,5.5,5.75,5.349999904632568,5.75,66614
2020-03-09,4.755456924438477,4.980000019073486,5.25,4.940000057220459,5.199999809265137,34997
2020-03-10,4.6790642738342285,4.900000095367432,5.300000190734863,4.860000133514404,4.980000019073486,34902
2020-03-11,4.6790642738342285,4.900000095367432,5.0,4.78000020980835,5.0,19346
2020-03-12,3.8960366249084473,4.079999923706055,4.639999866485596,3.8399999141693115,4.639999866485596,38200
2020-03-13,3.915134906768799,4.099999904632568,4.380000114440918,3.819999933242798,3.819999933242798,29768
2020-03-16,3.3230903148651123,3.4800000190734863,3.940000057220459,3.359999895095825,3.9200000762939453,28102
2020-03-17,3.208500862121582,3.359999895095825,3.5,3.0799999237060547,3.4800000190734863,23894
2020-03-18,3.093911647796631,3.240000009536743,3.4000000953674316,3.200000047683716,3.4000000953674316,17481
2020-03-19,3.1512060165405273,3.299999952316284,3.380000114440918,3.059999942779541,3.259999990463257,9226
2020-03-20,3.418581247329712,3.5799999237060547,3.799999952316284,3.319999933242798,3.319999933242798,16105
2020-03-23,3.055715560913086,3.200000047683716,3.4800000190734863,3.0999999046325684,3.4800000190734863,6416
2020-03-24,3.2466976642608643,3.4000000953674316,3.4000000953674316,3.2799999713897705,3.319999933242798,8503
2020-03-25,3.093911647796631,3.240000009536743,3.5,3.119999885559082,3.359999895095825,42079
2020-03-26,2.960224151611328,3.0999999046325684,3.359999895095825,3.0,3.359999895095825,15446
2020-03-27,2.8647332191467285,3.0,3.180000066757202,3.0,3.140000104904175,12796
2020-03-30,2.807438373565674,2.940000057220459,2.940000057220459,2.5799999237060547,2.9200000762939453,46919
2020-03-31,2.8265368938446045,2.9600000381469727,3.680000066757202,2.7200000286102295,2.9000000953674316,26942
2020-04-01,2.912478446960449,3.049999952316284,3.1500000953674316,2.940000057220459,3.0,13187
2020-04-02,2.912478446960449,3.049999952316284,3.119999885559082,2.9800000190734863,3.049999952316284,11514
2020-04-03,2.836085796356201,2.9700000286102295,3.0899999141693115,2.950000047683716,3.009999990463257,17795
2020-04-06,2.883831262588501,3.0199999809265137,3.390000104904175,2.950000047683716,3.0899999141693115,15283
2020-04-07,2.9793224334716797,3.119999885559082,3.25,3.0199999809265137,3.109999895095825,21497
2020-04-08,3.0366170406341553,3.180000066757202,3.180000066757202,3.069999933242798,3.1500000953674316,7562
2020-04-09,3.2753450870513916,3.430000066757202,3.5899999141693115,3.190000057220459,3.190000057220459,31941
2020-04-14,3.418581247329712,3.5799999237060547,3.680000066757202,3.490000009536743,3.5,13745
2020-04-15,3.1416571140289307,3.2899999618530273,3.6700000762939453,3.0999999046325684,3.6700000762939453,14352
2020-04-16,3.1130096912384033,3.259999990463257,3.5,3.200000047683716,3.2100000381469727,11721
2020-04-17,3.1798532009124756,3.3299999237060547,3.4800000190734863,3.25,3.25,8435
2020-04-20,3.084362030029297,3.2300000190734863,3.3299999237060547,3.200000047683716,3.3299999237060547,4422
2020-04-21,3.0652642250061035,3.2100000381469727,3.259999990463257,3.1700000762939453,3.1700000762939453,3769
2020-04-22,3.0748133659362793,3.2200000286102295,3.2300000190734863,3.0999999046325684,3.1700000762939453,8494
2020-04-23,3.2275993824005127,3.380000114440918,3.380000114440918,3.240000009536743,3.2799999713897705,6170
2020-04-24,3.1894028186798096,3.3399999141693115,3.369999885559082,3.200000047683716,3.3399999141693115,2920
2020-04-27,3.1034607887268066,3.25,3.3399999141693115,3.2100000381469727,3.3399999141693115,11125
2020-04-28,3.1894028186798096,3.3399999141693115,3.380000114440918,3.25,3.2899999618530273,6148
2020-04-29,3.2371485233306885,3.390000104904175,3.4800000190734863,3.2699999809265137,3.2699999809265137,5086
2020-04-30,3.1512060165405273,3.299999952316284,3.430000066757202,3.299999952316284,3.369999885559082,10007
2020-05-04,3.0175187587738037,3.1600000858306885,3.299999952316284,3.0999999046325684,3.299999952316284,14902
2020-05-05,3.132108211517334,3.2799999713897705,3.2799999713897705,3.1500000953674316,3.200000047683716,16323
2020-05-06,3.055715560913086,3.200000047683716,3.299999952316284,3.119999885559082,3.25,2945
2020-05-07,3.1034607887268066,3.25,3.4800000190734863,3.1700000762939453,3.200000047683716,7474
2020-05-08,3.30399227142334,3.4600000381469727,3.4600000381469727,3.25,3.3499999046325684,10930
2020-05-11,3.5522689819335938,3.7200000286102295,3.799999952316284,3.4800000190734863,3.5399999618530273,17077
2020-05-12,3.533170700073242,3.700000047683716,3.880000114440918,3.450000047683716,3.809999942779541,36727
2020-05-13,3.294443130493164,3.450000047683716,3.559999942779541,3.359999895095825,3.559999942779541,13342
2020-05-14,3.1034607887268066,3.25,3.440000057220459,3.200000047683716,3.440000057220459,15346
2020-05-15,3.1034607887268066,3.25,3.380000114440918,3.200000047683716,3.380000114440918,7099
2020-05-18,3.1130096912384033,3.259999990463257,3.3499999046325684,3.200000047683716,3.25,14354
2020-05-19,3.218050003051758,3.369999885559082,3.380000114440918,3.2300000190734863,3.2300000190734863,12514
2020-05-20,3.4472286701202393,3.609999895095825,3.6700000762939453,3.309999942779541,3.309999942779541,13453
2020-05-22,3.4758760929107666,3.640000104904175,3.700000047683716,3.640000104904175,3.700000047683716,9761
2020-05-25,3.4376797676086426,3.5999999046325684,3.740000009536743,3.5,3.740000009536743,5116
2020-05-26,3.4758760929107666,3.640000104904175,3.799999952316284,3.5999999046325684,3.5999999046325684,10831
2020-05-27,3.46632719039917,3.630000114440918,3.7699999809265137,3.549999952316284,3.6600000858306885,7437
2020-05-28,3.5522689819335938,3.7200000286102295,3.7899999618530273,3.549999952316284,3.6500000953674316,16529
2020-05-29,3.3994834423065186,3.559999942779541,3.7200000286102295,3.450000047683716,3.7200000286102295,5565
2020-06-01,3.5236215591430664,3.690000057220459,3.799999952316284,3.569999933242798,3.569999933242798,8632
2020-06-02,3.7337019443511963,3.9100000858306885,4.0,3.700000047683716,3.700000047683716,16752
2020-06-03,3.962880849838257,4.150000095367432,4.489999771118164,3.9800000190734863,3.990000009536743,20454
2020-06-04,3.876938819885254,4.059999942779541,4.340000152587891,4.0,4.340000152587891,9930
2020-06-05,3.8482916355133057,4.03000020980835,4.139999866485596,4.0,4.059999942779541,5588
2020-06-08,3.8005456924438477,3.9800000190734863,4.130000114440918,3.9800000190734863,4.130000114440918,12639
2020-06-09,3.714604139328003,3.890000104904175,4.039999961853027,3.6500000953674316,4.039999961853027,8515
2020-06-10,3.6764073371887207,3.8499999046325684,3.869999885559082,3.7100000381469727,3.7899999618530273,5541
2020-06-11,4.106117248535156,4.300000190734863,4.369999885559082,3.6700000762939453,3.7100000381469727,29403
2020-06-12,3.819643974304199,4.0,4.0,3.9000000953674316,4.0,5398
2020-06-15,3.695505380630493,3.869999885559082,3.950000047683716,3.509999990463257,3.950000047683716,5341
2020-06-16,3.743251323699951,3.9200000762939453,4.300000190734863,3.869999885559082,4.130000114440918,11607
2020-06-17,3.819643974304199,4.0,4.090000152587891,3.9000000953674316,3.9800000190734863,3424
2020-06-18,3.8482916355133057,4.03000020980835,4.059999942779541,3.930000066757202,4.0,9035
2020-06-22,3.8864877223968506,4.070000171661377,4.090000152587891,3.9600000381469727,4.050000190734863,2116
2020-06-23,3.7718985080718994,3.950000047683716,4.150000095367432,3.8499999046325684,4.070000171661377,9373
2020-06-24,3.8005456924438477,3.9800000190734863,3.990000009536743,3.950000047683716,3.950000047683716,6659
2020-06-25,3.8005456924438477,3.9800000190734863,3.9800000190734863,3.950000047683716,3.950000047683716,149
2020-06-26,3.8100950717926025,3.990000009536743,4.0,3.890000104904175,4.0,112
2020-06-29,3.7718985080718994,3.950000047683716,4.0,3.7200000286102295,4.0,2168
2020-06-30,3.695505380630493,3.869999885559082,3.9800000190734863,3.630000114440918,3.819999933242798,3121
2020-07-01,3.6095635890960693,3.7799999713897705,3.859999895095825,3.75,3.75,2367
2020-07-02,3.628661632537842,3.799999952316284,3.890000104904175,3.7799999713897705,3.7799999713897705,785
2020-07-03,3.619112491607666,3.7899999618530273,3.890000104904175,3.7300000190734863,3.7300000190734863,5079
2020-07-06,3.714604139328003,3.890000104904175,3.9800000190734863,3.75,3.7899999618530273,4101
2020-07-07,3.6477599143981934,3.819999933242798,3.890000104904175,3.819999933242798,3.890000104904175,2334
2020-07-08,3.6000146865844727,3.7699999809265137,3.8299999237060547,3.759999990463257,3.819999933242798,3845
2020-07-09,3.628661632537842,3.799999952316284,3.859999895095825,3.759999990463257,3.759999990463257,1405
2020-07-10,3.5904653072357178,3.759999990463257,3.880000114440918,3.759999990463257,3.880000114440918,1563
2020-07-13,3.743251323699951,3.9200000762939453,3.950000047683716,3.9200000762939453,3.950000047683716,2143
2020-07-14,3.6382110118865967,3.809999942779541,3.9200000762939453,3.809999942779541,3.9200000762939453,1850
2020-07-15,3.6477599143981934,3.819999933242798,3.9600000381469727,3.809999942779541,3.9600000381469727,1819
2020-07-16,3.7241530418395996,3.9000000953674316,3.9800000190734863,3.819999933242798,3.9800000190734863,414
2020-07-17,3.714604139328003,3.890000104904175,3.990000009536743,3.809999942779541,3.990000009536743,1377
2020-07-20,3.7241530418395996,3.9000000953674316,3.940000057220459,3.809999942779541,3.9000000953674316,2242
2020-07-21,3.6477599143981934,3.819999933242798,3.9000000953674316,3.819999933242798,3.9000000953674316,1615
2020-07-22,3.6477599143981934,3.819999933242798,3.880000114440918,3.819999933242798,3.819999933242798,2740
2020-07-23,3.705054521560669,3.880000114440918,3.9000000953674316,3.8399999141693115,3.8399999141693115,1796
2020-07-24,3.6859562397003174,3.859999895095825,3.9100000858306885,3.8299999237060547,3.8299999237060547,3051
2020-07-27,3.619112491607666,3.7899999618530273,3.8299999237060547,3.7300000190734863,3.799999952316284,3456
2020-07-28,3.5522689819335938,3.7200000286102295,3.799999952316284,3.7200000286102295,3.7899999618530273,4839
2020-07-29,3.8005456924438477,3.9800000190734863,3.9800000190734863,3.759999990463257,3.799999952316284,8112
2020-07-30,3.6095635890960693,3.7799999713897705,3.9800000190734863,3.759999990463257,3.9800000190734863,6279
2020-07-31,3.7718985080718994,3.950000047683716,3.9600000381469727,3.7899999618530273,3.9600000381469727,8386
2020-08-03,3.705054521560669,3.880000114440918,3.940000057220459,3.7799999713897705,3.930000066757202,1684
2020-08-04,3.6859562397003174,3.859999895095825,3.859999895095825,3.859999895095825,3.859999895095825,575
2020-08-05,3.5904653072357178,3.759999990463257,3.859999895095825,3.759999990463257,3.799999952316284,1115
2020-08-06,3.628661632537842,3.799999952316284,3.890000104904175,3.7100000381469727,3.859999895095825,7323
2020-08-07,3.533170700073242,3.700000047683716,3.799999952316284,3.609999895095825,3.799999952316284,4767
2020-08-10,3.6382110118865967,3.809999942779541,3.809999942779541,3.630000114440918,3.630000114440918,6427
2020-08-11,3.4854254722595215,3.6500000953674316,3.6500000953674316,3.3499999046325684,3.619999885559082,30196
2020-08-12,3.666858196258545,3.8399999141693115,3.8499999046325684,3.6600000858306885,3.6600000858306885,12912
2020-08-13,3.743251323699951,3.9200000762939453,3.9200000762939453,3.8299999237060547,3.8299999237060547,12408
2020-08-14,3.7241530418395996,3.9000000953674316,3.940000057220459,3.859999895095825,3.930000066757202,7714
2020-08-17,3.6477599143981934,3.819999933242798,3.880000114440918,3.819999933242798,3.8499999046325684,4420
2020-08-18,3.705054521560669,3.880000114440918,3.890000104904175,3.799999952316284,3.799999952316284,3159
2020-08-19,3.695505380630493,3.869999885559082,3.890000104904175,3.8499999046325684,3.8499999046325684,2790
2020-08-20,3.7241530418395996,3.9000000953674316,3.9000000953674316,3.799999952316284,3.8499999046325684,6300
2020-08-21,3.7241530418395996,3.9000000953674316,3.940000057220459,3.859999895095825,3.859999895095825,28171
2020-08-24,3.7623491287231445,3.940000057220459,3.990000009536743,3.8499999046325684,3.940000057220459,3799
2020-08-25,3.7241530418395996,3.9000000953674316,3.9700000286102295,3.9000000953674316,3.9000000953674316,5815
2020-08-26,3.752800226211548,3.930000066757202,3.990000009536743,3.930000066757202,3.9600000381469727,4972
2020-08-27,3.8100950717926025,3.990000009536743,4.019999980926514,3.9700000286102295,4.010000228881836,8970
2020-08-28,3.8578405380249023,4.039999961853027,4.050000190734863,3.950000047683716,3.950000047683716,5637
2020-08-31,3.752800226211548,3.930000066757202,4.0,3.8499999046325684,4.0,8104
2020-09-01,3.6859562397003174,3.859999895095825,4.110000133514404,3.859999895095825,3.930000066757202,3490
2020-09-02,4.048821926116943,4.239999771118164,4.239999771118164,3.859999895095825,4.0,38176
2020-09-03,4.239805221557617,4.440000057220459,4.489999771118164,4.289999961853027,4.289999961853027,26041
2020-09-04,4.153862953186035,4.349999904632568,4.46999979019165,4.210000038146973,4.449999809265137,7558
2020-09-07,4.087019443511963,4.28000020980835,4.440000057220459,4.210000038146973,4.440000057220459,6333
2020-09-08,4.19205904006958,4.389999866485596,4.389999866485596,4.269999980926514,4.28000020980835,1909
2020-09-09,4.201609134674072,4.400000095367432,4.46999979019165,4.260000228881836,4.389999866485596,19120
2020-09-10,4.268452167510986,4.46999979019165,4.46999979019165,4.269999980926514,4.409999847412109,6214
2020-09-11,4.411688804626465,4.619999885559082,4.96999979019165,4.460000038146973,4.489999771118164,27923
2020-09-14,4.583573341369629,4.800000190734863,4.889999866485596,4.590000152587891,4.599999904632568,16419
2020-09-15,4.659965515136719,4.880000114440918,4.880000114440918,4.800000190734863,4.869999885559082,5621
2020-09-16,4.6790642738342285,4.900000095367432,4.900000095367432,4.760000228881836,4.900000095367432,13834
2020-09-17,4.908242702484131,5.139999866485596,5.420000076293945,4.900000095367432,4.900000095367432,21130
2020-09-18,4.946438789367676,5.179999828338623,5.300000190734863,5.179999828338623,5.179999828338623,19202
2020-09-21,4.774555206298828,5.0,5.28000020980835,4.860000133514404,5.28000020980835,17462
2020-09-22,4.6790642738342285,4.900000095367432,5.139999866485596,4.829999923706055,4.96999979019165,12277
2020-09-23,4.6790642738342285,4.900000095367432,5.079999923706055,4.840000152587891,4.889999866485596,6624
2020-09-24,4.287550449371338,4.489999771118164,4.900000095367432,4.380000114440918,4.900000095367432,21710
2020-09-25,4.2589030265808105,4.460000038146973,4.570000171661377,4.360000133514404,4.5,10183
2020-09-28,4.125215530395508,4.320000171661377,4.460000038146973,4.289999961853027,4.449999809265137,14194
2020-09-29,4.125215530395508,4.320000171661377,4.360000133514404,4.320000171661377,4.320000171661377,2217
2020-09-30,4.144314765930176,4.340000152587891,4.389999866485596,4.320000171661377,4.389999866485596,3987
2020-10-01,4.459433555603027,4.670000076293945,4.739999771118164,4.420000076293945,4.420000076293945,4646
2020-10-02,4.297099590301514,4.5,4.730000019073486,4.329999923706055,4.679999828338623,20576
2020-10-05,4.488081455230713,4.699999809265137,4.75,4.559999942779541,4.75,3559
2020-10-06,4.440336227416992,4.650000095367432,4.889999866485596,4.650000095367432,4.739999771118164,3079
2020-10-07,4.335296154022217,4.539999961853027,4.650000095367432,4.539999961853027,4.650000095367432,5598
2020-10-08,4.268452167510986,4.46999979019165,4.650000095367432,4.46999979019165,4.650000095367432,7101
2020-10-09,4.3830413818359375,4.590000152587891,4.590000152587891,4.46999979019165,4.5,2755
2020-10-12,4.459433555603027,4.670000076293945,4.789999961853027,4.610000133514404,4.659999847412109,32869
2020-10-13,4.37349271774292,4.579999923706055,4.670000076293945,4.460000038146973,4.670000076293945,17611
2020-10-14,4.459433555603027,4.670000076293945,4.739999771118164,4.579999923706055,4.579999923706055,5730
2020-10-15,4.354394435882568,4.559999942779541,4.670000076293945,4.489999771118164,4.670000076293945,8504
2020-10-16,4.488081455230713,4.699999809265137,4.699999809265137,4.559999942779541,4.570000171661377,5029
2020-10-19,4.468984127044678,4.679999828338623,4.730000019073486,4.630000114440918,4.699999809265137,9839
2020-10-20,4.37349271774292,4.579999923706055,4.699999809265137,4.559999942779541,4.630000114440918,3630
2020-10-21,4.468984127044678,4.679999828338623,4.690000057220459,4.550000190734863,4.690000057220459,239
2020-10-22,4.37349271774292,4.579999923706055,4.639999866485596,4.489999771118164,4.639999866485596,304
2020-10-23,4.2780022621154785,4.480000019073486,4.579999923706055,4.460000038146973,4.579999923706055,2655
2020-10-26,4.37349271774292,4.579999923706055,4.610000133514404,4.480000019073486,4.570000171661377,5439
2020-10-27,4.268452167510986,4.46999979019165,4.579999923706055,4.260000228881836,4.5,8145
2020-10-28,4.048821926116943,4.239999771118164,4.349999904632568,4.099999904632568,4.349999904632568,11389
2020-10-29,3.819643974304199,4.0,4.260000228881836,3.9700000286102295,4.260000228881836,11421
2020-10-30,3.876938819885254,4.059999942779541,4.150000095367432,4.0,4.0,10776
2020-11-02,3.9724297523498535,4.159999847412109,4.179999828338623,3.9000000953674316,4.070000171661377,19312
2020-11-03,3.962880849838257,4.150000095367432,4.25,4.099999904632568,4.190000057220459,10892
2020-11-04,3.8864877223968506,4.070000171661377,4.199999809265137,4.039999961853027,4.150000095367432,12644
2020-11-05,3.915134906768799,4.099999904632568,4.150000095367432,4.0,4.139999866485596,17896
2020-11-06,3.915134906768799,4.099999904632568,4.099999904632568,4.03000020980835,4.099999904632568,49916
2020-11-09,4.392590522766113,4.599999904632568,4.679999828338623,4.150000095367432,4.190000057220459,46392
2020-11-10,4.812751770019531,5.039999961853027,5.260000228881836,4.949999809265137,5.0,89227
2020-11-11,4.712203025817871,4.900000095367432,5.099999904632568,4.900000095367432,5.059999942779541,39479
2020-11-12,4.664118766784668,4.849999904632568,4.989999771118164,4.610000133514404,4.989999771118164,15406
2020-11-13,4.5968017578125,4.78000020980835,4.869999885559082,4.78000020980835,4.869999885559082,7799
2020-11-16,4.78913688659668,4.980000019073486,4.980000019073486,4.809999942779541,4.869999885559082,16205
2020-11-17,4.702585697174072,4.889999866485596,4.980000019073486,4.840000152587891,4.980000019073486,10744
2020-11-18,4.654502868652344,4.840000152587891,4.889999866485596,4.760000228881836,4.889999866485596,7797
2020-11-19,4.683352470397949,4.869999885559082,4.880000114440918,4.800000190734863,4.860000133514404,2053
2020-11-20,4.750669002532959,4.940000057220459,4.980000019073486,4.849999904632568,4.849999904632568,75880
2020-11-23,4.827603340148926,5.019999980926514,5.019999980926514,4.909999847412109,4.980000019073486,22502
2020-11-24,5.019937992095947,5.21999979019165,5.239999771118164,5.079999923706055,5.099999904632568,20473
2020-11-25,5.173806190490723,5.380000114440918,5.380000114440918,5.199999809265137,5.300000190734863,78902
2020-11-26,5.269973278045654,5.480000019073486,5.599999904632568,5.360000133514404,5.380000114440918,26037
2020-11-27,5.32767391204834,5.539999961853027,5.599999904632568,5.460000038146973,5.5,9689
2020-11-30,5.289206504821777,5.5,5.539999961853027,5.440000057220459,5.539999961853027,6685
2020-12-01,5.231506824493408,5.440000057220459,5.519999980926514,5.420000076293945,5.5,7577
2020-12-02,5.289206504821777,5.5,5.539999961853027,5.440000057220459,5.460000038146973,7650
2020-12-03,5.289206504821777,5.5,5.519999980926514,5.440000057220459,5.5,2283
2020-12-04,5.212273120880127,5.420000076293945,5.5,5.300000190734863,5.5,5318
2020-12-07,5.193039417266846,5.400000095367432,5.440000057220459,5.119999885559082,5.420000076293945,6132
2020-12-08,5.077639579772949,5.28000020980835,5.400000095367432,5.199999809265137,5.400000095367432,5898
2020-12-09,5.077639579772949,5.28000020980835,5.300000190734863,5.260000228881836,5.28000020980835,6661
2020-12-10,5.1545729637146,5.360000133514404,5.420000076293945,5.239999771118164,5.28000020980835,5606
2020-12-11,5.135339260101318,5.340000152587891,5.440000057220459,5.28000020980835,5.440000057220459,8551
2020-12-14,5.289206504821777,5.5,5.519999980926514,5.340000152587891,5.340000152587891,11290
2020-12-15,5.308440685272217,5.519999980926514,5.559999942779541,5.360000133514404,5.5,3214
2020-12-16,5.32767391204834,5.539999961853027,5.539999961853027,5.400000095367432,5.519999980926514,8985
2020-12-17,5.462308406829834,5.679999828338623,5.760000228881836,5.539999961853027,5.539999961853027,13231
2020-12-18,5.481541633605957,5.699999809265137,5.699999809265137,5.519999980926514,5.519999980926514,6815
2020-12-21,5.4238409996032715,5.639999866485596,5.800000190734863,5.519999980926514,5.679999828338623,16502
2020-12-22,5.4238409996032715,5.639999866485596,5.699999809265137,5.519999980926514,5.639999866485596,19553
2020-12-23,5.4238409996032715,5.639999866485596,5.699999809265137,5.639999866485596,5.639999866485596,7760
2020-12-28,5.404607772827148,5.619999885559082,5.679999828338623,5.5,5.639999866485596,5649
2020-12-29,5.462308406829834,5.679999828338623,5.71999979019165,5.599999904632568,5.619999885559082,7788
2020-12-30,5.673877239227295,5.900000095367432,5.900000095367432,5.739999771118164,5.760000228881836,5790
2021-01-04,5.712343692779541,5.940000057220459,6.179999828338623,5.940000057220459,5.980000019073486,20304
2021-01-05,5.731576442718506,5.960000038146973,6.019999980926514,5.860000133514404,6.019999980926514,3569
2021-01-07,5.750810623168945,5.980000019073486,5.980000019073486,5.739999771118164,5.960000038146973,10091
2021-01-08,5.789277076721191,6.019999980926514,6.059999942779541,6.0,6.059999942779541,5663
2021-01-11,5.693110466003418,5.920000076293945,6.059999942779541,5.900000095367432,6.059999942779541,8918
2021-01-12,5.635409355163574,5.860000133514404,5.860000133514404,5.659999847412109,5.78000020980835,18600
2021-01-13,5.500774383544922,5.71999979019165,5.900000095367432,5.639999866485596,5.900000095367432,14450
2021-01-14,5.481541633605957,5.699999809265137,5.739999771118164,5.599999904632568,5.739999771118164,21698
2021-01-15,5.520008563995361,5.739999771118164,5.739999771118164,5.559999942779541,5.639999866485596,6781
2021-01-18,5.462308406829834,5.679999828338623,5.739999771118164,5.619999885559082,5.739999771118164,7241
2021-01-19,5.500774383544922,5.71999979019165,5.860000133514404,5.679999828338623,5.679999828338623,4824
2021-01-20,5.558475971221924,5.78000020980835,5.78000020980835,5.639999866485596,5.739999771118164,6895
2021-01-21,5.577708721160889,5.800000190734863,5.820000171661377,5.639999866485596,5.800000190734863,2622
2021-01-22,5.635409355163574,5.860000133514404,5.900000095367432,5.519999980926514,5.800000190734863,5906
2021-01-25,5.500774383544922,5.71999979019165,5.860000133514404,5.71999979019165,5.860000133514404,3070
2021-01-26,5.520008563995361,5.739999771118164,5.880000114440918,5.71999979019165,5.860000133514404,3234
2021-01-27,5.558475971221924,5.78000020980835,5.840000152587891,5.519999980926514,5.840000152587891,3426
2021-01-28,5.346906661987305,5.559999942779541,5.639999866485596,5.400000095367432,5.639999866485596,11624
2021-01-29,5.404607772827148,5.619999885559082,5.760000228881836,5.559999942779541,5.619999885559082,4667
2021-02-01,5.462308406829834,5.679999828338623,5.699999809265137,5.619999885559082,5.619999885559082,5511
2021-02-02,5.539243221282959,5.760000228881836,5.820000171661377,5.519999980926514,5.679999828338623,11420
2021-02-03,5.577708721160889,5.800000190734863,5.840000152587891,5.71999979019165,5.820000171661377,9345
2021-02-04,5.577708721160889,5.800000190734863,5.840000152587891,5.699999809265137,5.800000190734863,7906
2021-02-05,5.366141319274902,5.579999923706055,5.800000190734863,5.579999923706055,5.800000190734863,14345
2021-02-08,5.385374546051025,5.599999904632568,5.800000190734863,5.400000095367432,5.78000020980835,10809
2021-02-09,5.231506824493408,5.440000057220459,5.579999923706055,5.400000095367432,5.579999923706055,2090
2021-02-10,5.308440685272217,5.519999980926514,5.539999961853027,5.440000057220459,5.440000057220459,1260
2021-02-11,5.32767391204834,5.539999961853027,5.539999961853027,5.440000057220459,5.460000038146973,11160
2021-02-12,5.346906661987305,5.559999942779541,5.599999904632568,5.460000038146973,5.559999942779541,2857
2021-02-15,5.385374546051025,5.599999904632568,5.599999904632568,5.5,5.599999904632568,3283
2021-02-16,5.558475971221924,5.78000020980835,5.78000020980835,5.599999904632568,5.599999904632568,15274
2021-02-17,5.443074703216553,5.659999847412109,5.679999828338623,5.539999961853027,5.579999923706055,9071
2021-02-18,5.32767391204834,5.539999961853027,5.599999904632568,5.480000019073486,5.599999904632568,8609
2021-02-19,5.32767391204834,5.539999961853027,5.619999885559082,5.539999961853027,5.599999904632568,3725
2021-02-22,5.231506824493408,5.440000057220459,5.619999885559082,5.440000057220459,5.619999885559082,4762
2021-02-23,5.289206504821777,5.5,5.679999828338623,5.320000171661377,5.320000171661377,4199
2021-02-24,5.193039417266846,5.400000095367432,5.5,5.400000095367432,5.5,5826
2021-02-25,5.1545729637146,5.360000133514404,5.460000038146973,5.360000133514404,5.400000095367432,3189
2021-02-26,5.116105556488037,5.320000171661377,5.340000152587891,5.28000020980835,5.340000152587891,3348
2021-03-01,5.000705242156982,5.199999809265137,5.320000171661377,5.179999828338623,5.320000171661377,3384
2021-03-02,4.827603340148926,5.019999980926514,5.199999809265137,4.949999809265137,5.199999809265137,12636
2021-03-03,4.827603340148926,5.019999980926514,5.340000152587891,5.019999980926514,5.099999904632568,53423
2021-03-04,4.981471061706543,5.179999828338623,5.380000114440918,5.039999961853027,5.380000114440918,2791
2021-03-05,4.923771381378174,5.119999885559082,5.360000133514404,5.039999961853027,5.360000133514404,4062
2021-03-08,4.943004608154297,5.139999866485596,5.21999979019165,5.0,5.019999980926514,7641
2021-03-09,4.846837520599365,5.039999961853027,5.199999809265137,5.0,5.199999809265137,104408
2021-03-10,4.943004608154297,5.139999866485596,5.179999828338623,5.079999923706055,5.079999923706055,4268
2021-03-11,4.808370113372803,5.0,5.139999866485596,5.0,5.139999866485596,3901
2021-03-12,4.798752784729004,4.989999771118164,5.0,4.949999809265137,5.0,9725
2021-03-15,4.712203025817871,4.900000095367432,5.0,4.900000095367432,4.989999771118164,17314
2021-03-16,4.769903182983398,4.960000038146973,4.960000038146973,4.929999828338623,4.929999828338623,11018
2021-03-17,4.86607027053833,5.059999942779541,5.059999942779541,4.900000095367432,4.960000038146973,5478
2021-03-18,4.798752784729004,4.989999771118164,5.059999942779541,4.909999847412109,5.059999942779541,2958
2021-03-19,4.86607027053833,5.059999942779541,5.059999942779541,4.929999828338623,4.989999771118164,4420
2021-03-22,4.7602858543396,4.949999809265137,5.099999904632568,4.949999809265137,5.079999923706055,222551
2021-03-23,5.077639579772949,5.28000020980835,5.320000171661377,5.039999961853027,5.059999942779541,13008
2021-03-24,5.135339260101318,5.340000152587891,5.340000152587891,5.079999923706055,5.260000228881836,4149
2021-03-25,5.193039417266846,5.400000095367432,5.440000057220459,5.239999771118164,5.340000152587891,2512
2021-03-26,5.039170742034912,5.239999771118164,5.400000095367432,5.239999771118164,5.400000095367432,31908
2021-03-29,5.039170742034912,5.239999771118164,5.480000019073486,5.199999809265137,5.420000076293945,3598
2021-03-30,5.077639579772949,5.28000020980835,5.400000095367432,5.139999866485596,5.380000114440918,5612
2021-03-31,5.212273120880127,5.420000076293945,5.480000019073486,5.380000114440918,5.480000019073486,1474
2021-04-01,5.135339260101318,5.340000152587891,5.420000076293945,5.320000171661377,5.420000076293945,1604
2021-04-06,5.096872329711914,5.300000190734863,5.300000190734863,5.139999866485596,5.139999866485596,5030
2021-04-07,5.212273120880127,5.420000076293945,5.420000076293945,5.300000190734863,5.320000171661377,1006745
2021-04-08,5.212273120880127,5.420000076293945,5.539999961853027,5.420000076293945,5.460000038146973,10763
2021-04-09,5.32767391204834,5.539999961853027,5.539999961853027,5.5,5.539999961853027,6458
2021-04-12,5.404607772827148,5.619999885559082,5.639999866485596,5.400000095367432,5.559999942779541,8509
2021-04-13,5.443074703216553,5.659999847412109,5.920000076293945,5.579999923706055,5.619999885559082,11333
2021-04-14,5.438665866851807,5.619999885559082,5.71999979019165,5.5,5.599999904632568,4070
2021-04-15,5.4580206871032715,5.639999866485596,5.659999847412109,5.599999904632568,5.659999847412109,23917
2021-04-16,5.419311046600342,5.599999904632568,5.840000152587891,5.599999904632568,5.699999809265137,19834
2021-04-19,5.5741496086120605,5.760000228881836,5.78000020980835,5.599999904632568,5.599999904632568,1187
2021-04-20,5.438665866851807,5.619999885559082,5.820000171661377,5.599999904632568,5.800000190734863,27407
2021-04-21,5.516084671020508,5.699999809265137,5.760000228881836,5.619999885559082,5.619999885559082,4018
2021-04-22,5.5741496086120605,5.760000228881836,5.820000171661377,5.699999809265137,5.699999809265137,1870
2021-04-23,5.6322126388549805,5.820000171661377,5.880000114440918,5.760000228881836,5.800000190734863,3737
2021-04-26,5.690276622772217,5.880000114440918,5.900000095367432,5.840000152587891,5.880000114440918,12856
2021-04-27,5.709631443023682,5.900000095367432,5.920000076293945,5.78000020980835,5.900000095367432,4713
2021-04-28,5.6322126388549805,5.820000171661377,5.920000076293945,5.820000171661377,5.920000076293945,1135
2021-04-29,5.690276622772217,5.880000114440918,5.900000095367432,5.860000133514404,5.880000114440918,2576
2021-04-30,5.709631443023682,5.900000095367432,5.900000095367432,5.820000171661377,5.880000114440918,1042
2021-05-03,5.709631443023682,5.900000095367432,5.940000057220459,5.800000190734863,5.900000095367432,3436
2021-05-04,5.670921802520752,5.860000133514404,5.900000095367432,5.800000190734863,5.900000095367432,5749
2021-05-05,5.6322126388549805,5.820000171661377,5.900000095367432,5.78000020980835,5.860000133514404,5137
2021-05-06,5.709631443023682,5.900000095367432,5.940000057220459,5.820000171661377,5.860000133514404,3109
2021-05-07,5.709631443023682,5.900000095367432,5.940000057220459,5.900000095367432,5.920000076293945,3915
2021-05-10,5.748341083526611,5.940000057220459,5.940000057220459,5.900000095367432,5.940000057220459,4681
2021-05-11,5.535438537597656,5.71999979019165,5.920000076293945,5.699999809265137,5.920000076293945,8853
2021-05-12,5.535438537597656,5.71999979019165,5.940000057220459,5.599999904632568,5.71999979019165,5653
2021-05-14,5.47737455368042,5.659999847412109,5.900000095367432,5.599999904632568,5.599999904632568,5251
2021-05-17,5.6322126388549805,5.820000171661377,5.840000152587891,5.619999885559082,5.659999847412109,1582
2021-05-18,5.709631443023682,5.900000095367432,5.900000095367432,5.760000228881836,5.800000190734863,2044
2021-05-19,5.690276622772217,5.880000114440918,5.920000076293945,5.840000152587891,5.900000095367432,9025
2021-05-20,5.941887378692627,6.139999866485596,6.139999866485596,5.840000152587891,5.880000114440918,14771
2021-05-21,5.864469051361084,6.059999942779541,6.139999866485596,5.860000133514404,6.139999866485596,6189
2021-05-24,5.864469051361084,6.059999942779541,6.119999885559082,5.960000038146973,6.039999961853027,3141
2021-05-25,5.806405067443848,6.0,6.099999904632568,5.840000152587891,6.0,1781
2021-05-26,5.903177738189697,6.099999904632568,6.099999904632568,5.900000095367432,6.0,4748
2021-05-27,5.6322126388549805,5.820000171661377,6.119999885559082,5.820000171661377,6.119999885559082,3420
2021-05-28,5.806405067443848,6.0,6.099999904632568,6.0,6.099999904632568,3028
2021-05-31,5.845114231109619,6.039999961853027,6.119999885559082,6.0,6.119999885559082,1378
2021-06-01,5.76769495010376,5.960000038146973,6.039999961853027,5.920000076293945,6.039999961853027,1787
2021-06-02,5.806405067443848,6.0,6.059999942779541,5.980000019073486,5.980000019073486,1945
2021-06-03,5.825759410858154,6.019999980926514,6.059999942779541,6.0,6.019999980926514,4573
2021-06-04,5.825759410858154,6.019999980926514,6.21999979019165,6.019999980926514,6.019999980926514,17778
2021-06-07,5.864469051361084,6.059999942779541,6.21999979019165,6.019999980926514,6.159999847412109,2820
2021-06-08,5.903177738189697,6.099999904632568,6.119999885559082,6.099999904632568,6.119999885559082,1200
2021-06-09,5.92253303527832,6.119999885559082,6.119999885559082,6.0,6.099999904632568,5406
2021-06-10,5.709631443023682,5.900000095367432,6.119999885559082,5.800000190734863,5.800000190734863,1587
2021-06-11,5.845114231109619,6.039999961853027,6.119999885559082,6.039999961853027,6.119999885559082,1351
2021-06-14,5.845114231109619,6.039999961853027,6.119999885559082,6.0,6.0,3477
2021-06-15,5.941887378692627,6.139999866485596,6.21999979019165,6.039999961853027,6.099999904632568,8076
2021-06-16,5.903177738189697,6.099999904632568,6.139999866485596,6.099999904632568,6.139999866485596,3911
2021-06-17,5.709631443023682,5.900000095367432,6.199999809265137,5.900000095367432,6.199999809265137,1764
2021-06-18,5.709631443023682,5.900000095367432,6.21999979019165,5.900000095367432,6.21999979019165,1844
2021-06-21,5.612857818603516,5.800000190734863,6.039999961853027,5.739999771118164,5.800000190734863,1819
2021-06-22,5.76769495010376,5.960000038146973,6.159999847412109,5.800000190734863,5.800000190734863,2037
2021-06-23,5.670921802520752,5.860000133514404,6.139999866485596,5.840000152587891,6.139999866485596,1135
2021-06-24,5.690276622772217,5.880000114440918,6.119999885559082,5.880000114440918,6.119999885559082,481
2021-06-28,5.903177738189697,6.099999904632568,6.21999979019165,5.800000190734863,5.880000114440918,6031
2021-06-29,5.980597019195557,6.179999828338623,6.239999771118164,6.119999885559082,6.21999979019165,3780
2021-06-30,6.01930570602417,6.21999979019165,6.260000228881836,6.159999847412109,6.239999771118164,18873
2021-07-01,6.01930570602417,6.21999979019165,6.320000171661377,6.079999923706055,6.260000228881836,1844
2021-07-02,5.92253303527832,6.119999885559082,6.300000190734863,6.119999885559082,6.260000228881836,2968
2021-07-05,6.1741437911987305,6.380000114440918,6.5,6.119999885559082,6.119999885559082,4901
2021-07-06,5.9999518394470215,6.199999809265137,6.5,6.199999809265137,6.460000038146973,6102
2021-07-07,6.251562118530273,6.460000038146973,6.480000019073486,6.260000228881836,6.480000019073486,1448
2021-07-08,6.1934990882873535,6.400000095367432,6.480000019073486,6.320000171661377,6.480000019073486,2032
2021-07-09,6.348336219787598,6.559999942779541,6.599999904632568,6.460000038146973,6.5,2891
2021-07-12,6.445108890533447,6.659999847412109,6.659999847412109,6.599999904632568,6.599999904632568,1947
2021-07-13,6.406400203704834,6.619999885559082,6.659999847412109,6.300000190734863,6.659999847412109,1124
2021-07-14,6.1934990882873535,6.400000095367432,6.739999771118164,6.28000020980835,6.739999771118164,3321
2021-07-15,6.232207775115967,6.440000057220459,6.579999923706055,6.039999961853027,6.559999942779541,8975
2021-07-16,6.038661003112793,6.239999771118164,6.519999980926514,6.139999866485596,6.480000019073486,1044
2021-07-19,6.096724510192871,6.300000190734863,6.300000190734863,6.199999809265137,6.239999771118164,1403
2021-07-20,5.980597019195557,6.179999828338623,6.400000095367432,6.139999866485596,6.260000228881836,4597
2021-07-21,6.1741437911987305,6.380000114440918,6.5,6.300000190734863,6.5,1518
2021-07-22,6.1934990882873535,6.400000095367432,6.5,6.300000190734863,6.5,1383
2021-07-23,6.309626579284668,6.519999980926514,6.519999980926514,6.400000095367432,6.400000095367432,2356
2021-07-26,6.328980922698975,6.539999961853027,6.71999979019165,6.519999980926514,6.539999961853027,1782
2021-07-27,6.445108890533447,6.659999847412109,6.71999979019165,6.460000038146973,6.539999961853027,759
2021-07-28,6.387044429779053,6.599999904632568,6.760000228881836,6.599999904632568,6.760000228881836,3670
2021-07-29,6.503173351287842,6.71999979019165,6.760000228881836,6.5,6.760000228881836,2308
2021-07-30,6.483819007873535,6.699999809265137,6.760000228881836,6.460000038146973,6.760000228881836,599
2021-08-02,6.232207775115967,6.440000057220459,6.679999828338623,6.199999809265137,6.679999828338623,965
2021-08-03,6.154788970947266,6.360000133514404,6.699999809265137,6.300000190734863,6.699999809265137,1336
2021-08-04,6.367690563201904,6.579999923706055,6.579999923706055,6.300000190734863,6.519999980926514,6554
2021-08-05,6.1934990882873535,6.400000095367432,6.579999923706055,6.300000190734863,6.579999923706055,3594
2021-08-06,6.1934990882873535,6.400000095367432,6.579999923706055,6.400000095367432,6.579999923706055,1566
2021-08-09,6.1934990882873535,6.400000095367432,6.599999904632568,6.320000171661377,6.599999904632568,2443
2021-08-10,6.387044429779053,6.599999904632568,6.820000171661377,6.480000019073486,6.699999809265137,121596
2021-08-11,6.309626579284668,6.519999980926514,6.760000228881836,6.5,6.679999828338623,19536
2021-08-12,6.406400203704834,6.619999885559082,6.699999809265137,6.519999980926514,6.699999809265137,153629
2021-08-13,6.367690563201904,6.579999923706055,6.619999885559082,6.5,6.619999885559082,10885
2021-08-16,6.46446418762207,6.679999828338623,6.699999809265137,6.579999923706055,6.579999923706055,3899
2021-08-17,6.503173351287842,6.71999979019165,6.760000228881836,6.639999866485596,6.739999771118164,2771
2021-08-18,6.483819007873535,6.699999809265137,6.760000228881836,6.639999866485596,6.760000228881836,12481
2021-08-19,6.425754547119141,6.639999866485596,6.71999979019165,6.619999885559082,6.639999866485596,6560
2021-08-20,6.503173351287842,6.71999979019165,6.760000228881836,6.639999866485596,6.639999866485596,1905
2021-08-23,6.580592155456543,6.800000190734863,6.840000152587891,6.760000228881836,6.760000228881836,10459
2021-08-24,6.59994649887085,6.820000171661377,6.840000152587891,6.800000190734863,6.840000152587891,1188
2021-08-25,6.59994649887085,6.820000171661377,6.840000152587891,6.760000228881836,6.840000152587891,1331
2021-08-26,6.580592155456543,6.800000190734863,6.840000152587891,6.800000190734863,6.800000190734863,849
2021-08-27,6.348336219787598,6.559999942779541,6.760000228881836,6.460000038146973,6.460000038146973,3356
2021-08-30,6.290271759033203,6.5,6.840000152587891,6.199999809265137,6.840000152587891,4319
2021-08-31,6.445108890533447,6.659999847412109,6.679999828338623,6.400000095367432,6.400000095367432,3218
2021-09-01,6.387044429779053,6.599999904632568,6.699999809265137,6.519999980926514,6.519999980926514,5648
2021-09-02,6.59994649887085,6.820000171661377,6.840000152587891,6.599999904632568,6.599999904632568,21007
2021-09-03,6.754784107208252,6.980000019073486,7.079999923706055,6.800000190734863,6.860000133514404,268037
2021-09-06,6.735429286956787,6.960000038146973,7.199999809265137,6.800000190734863,7.199999809265137,6618
2021-09-07,6.658010959625244,6.880000114440918,7.0,6.679999828338623,7.0,2949
2021-09-08,6.503173351287842,6.71999979019165,6.860000133514404,6.71999979019165,6.860000133514404,2819
2021-09-09,6.59994649887085,6.820000171661377,6.840000152587891,6.71999979019165,6.71999979019165,151264
2021-09-10,6.503173351287842,6.71999979019165,6.820000171661377,6.71999979019165,6.820000171661377,2437
2021-09-13,6.483819007873535,6.699999809265137,6.71999979019165,6.559999942779541,6.71999979019165,2529
2021-09-14,6.406400203704834,6.619999885559082,6.699999809265137,6.380000114440918,6.579999923706055,6779
2021-09-15,6.232207775115967,6.440000057220459,6.619999885559082,6.199999809265137,6.619999885559082,11457
2021-09-16,6.232207775115967,6.440000057220459,6.619999885559082,6.420000076293945,6.440000057220459,204004
2021-09-17,6.251562118530273,6.460000038146973,6.579999923706055,6.300000190734863,6.579999923706055,1395
2021-09-20,5.9999518394470215,6.199999809265137,6.300000190734863,5.539999961853027,6.28000020980835,11246
2021-09-21,6.096724510192871,6.300000190734863,6.440000057220459,6.0,6.0,9120
2021-09-22,6.1934990882873535,6.400000095367432,6.679999828338623,6.28000020980835,6.300000190734863,12593
2021-09-23,6.425754547119141,6.639999866485596,6.679999828338623,6.380000114440918,6.400000095367432,1208
2021-09-24,6.387044429779053,6.599999904632568,6.659999847412109,6.300000190734863,6.639999866485596,3793
2021-09-27,6.46446418762207,6.679999828338623,6.699999809265137,6.380000114440918,6.380000114440918,10323
2021-09-28,6.483819007873535,6.699999809265137,6.699999809265137,6.440000057220459,6.699999809265137,3537
2021-09-29,6.483819007873535,6.699999809265137,6.860000133514404,6.699999809265137,6.699999809265137,3128
2021-09-30,6.483819007873535,6.699999809265137,6.880000114440918,6.5,6.5,1894
2021-10-01,6.46446418762207,6.679999828338623,6.699999809265137,6.260000228881836,6.5,5006
2021-10-04,6.483819007873535,6.699999809265137,6.739999771118164,6.519999980926514,6.539999961853027,9561
2021-10-05,6.483819007873535,6.699999809265137,6.699999809265137,6.380000114440918,6.539999961853027,3739
2021-10-06,6.1934990882873535,6.400000095367432,6.699999809265137,6.21999979019165,6.699999809265137,1172
2021-10-07,6.290271759033203,6.5,6.5,6.480000019073486,6.5,868
2021-10-08,6.483819007873535,6.699999809265137,6.699999809265137,6.239999771118164,6.679999828338623,1536
2021-10-11,6.46446418762207,6.679999828338623,6.699999809265137,6.679999828338623,6.699999809265137,288
2021-10-12,6.445108890533447,6.659999847412109,6.679999828338623,6.420000076293945,6.679999828338623,178
2021-10-13,6.387044429779053,6.599999904632568,6.639999866485596,6.28000020980835,6.559999942779541,641
2021-10-14,6.46446418762207,6.679999828338623,6.679999828338623,6.559999942779541,6.659999847412109,282
2021-10-15,6.328980922698975,6.539999961853027,6.699999809265137,6.519999980926514,6.679999828338623,4607
2021-10-18,6.290271759033203,6.5,6.699999809265137,6.5,6.699999809265137,417
2021-10-19,6.309626579284668,6.519999980926514,6.579999923706055,6.5,6.579999923706055,1320
2021-10-20,6.270916938781738,6.480000019073486,6.599999904632568,6.360000133514404,6.519999980926514,6180
2021-10-21,6.270916938781738,6.480000019073486,6.579999923706055,6.480000019073486,6.579999923706055,4
2021-10-22,6.270916938781738,6.480000019073486,6.480000019073486,6.480000019073486,6.480000019073486,123
2021-10-25,6.425754547119141,6.639999866485596,6.639999866485596,6.599999904632568,6.599999904632568,1794
2021-10-26,6.387044429779053,6.599999904632568,6.599999904632568,6.599999904632568,6.599999904632568,1913
2021-10-27,6.387044429779053,6.599999904632568,6.699999809265137,6.599999904632568,6.699999809265137,632
2021-10-28,6.251562118530273,6.460000038146973,6.599999904632568,6.360000133514404,6.360000133514404,488
2021-10-29,6.096724510192871,6.300000190734863,6.559999942779541,6.199999809265137,6.460000038146973,1402
2021-11-01,6.135434627532959,6.340000152587891,7.0,6.059999942779541,6.320000171661377,15118
2021-11-02,6.387044429779053,6.599999904632568,6.699999809265137,6.260000228881836,6.579999923706055,726
2021-11-03,6.154788970947266,6.360000133514404,6.699999809265137,6.320000171661377,6.699999809265137,777
2021-11-04,6.309626579284668,6.519999980926514,6.599999904632568,6.360000133514404,6.599999904632568,1007
2021-11-05,6.658010959625244,6.880000114440918,7.019999980926514,6.400000095367432,6.579999923706055,4606
2021-11-08,6.561237812042236,6.78000020980835,6.880000114440918,6.519999980926514,6.880000114440918,4066
2021-11-09,6.445108890533447,6.659999847412109,6.900000095367432,6.480000019073486,6.880000114440918,130723
2021-11-10,6.290271759033203,6.5,6.800000190734863,6.5,6.800000190734863,14517
2021-11-11,6.251562118530273,6.460000038146973,6.599999904632568,6.28000020980835,6.519999980926514,238552
2021-11-12,6.212852954864502,6.420000076293945,6.559999942779541,6.420000076293945,6.5,1275
2021-11-15,6.096724510192871,6.300000190734863,6.519999980926514,6.239999771118164,6.519999980926514,5868
2021-11-16,6.1741437911987305,6.380000114440918,6.420000076293945,6.340000152587891,6.400000095367432,3478
2021-11-17,6.1741437911987305,6.380000114440918,6.460000038146973,6.360000133514404,6.380000114440918,3869
2021-11-18,6.0773701667785645,6.28000020980835,6.420000076293945,6.28000020980835,6.380000114440918,79434
2021-11-19,6.096724510192871,6.300000190734863,6.460000038146973,6.260000228881836,6.460000038146973,1300
2021-11-22,6.058016300201416,6.260000228881836,6.300000190734863,6.260000228881836,6.300000190734863,1979
2021-11-23,5.9999518394470215,6.199999809265137,6.28000020980835,6.199999809265137,6.260000228881836,3748
2021-11-24,5.980597019195557,6.179999828338623,6.28000020980835,6.179999828338623,6.179999828338623,2271
2021-11-25,6.038661003112793,6.239999771118164,6.480000019073486,6.159999847412109,6.179999828338623,2905
2021-11-26,5.806405067443848,6.0,6.159999847412109,6.0,6.119999885559082,9857
2021-11-29,5.7289862632751465,5.920000076293945,5.940000057220459,5.78000020980835,5.940000057220459,31248
2021-11-30,5.7289862632751465,5.920000076293945,5.980000019073486,5.760000228881836,5.920000076293945,2755
2021-12-01,5.709631443023682,5.900000095367432,5.980000019073486,5.900000095367432,5.960000038146973,5996
2021-12-02,5.709631443023682,5.900000095367432,6.119999885559082,5.900000095367432,6.119999885559082,2625
2021-12-03,5.76769495010376,5.960000038146973,6.119999885559082,5.900000095367432,6.119999885559082,5016
2021-12-07,5.709631443023682,5.900000095367432,6.099999904632568,5.900000095367432,5.960000038146973,3003
2021-12-08,6.154788970947266,6.360000133514404,6.420000076293945,5.900000095367432,5.900000095367432,6022
2021-12-09,6.055534362792969,6.239999771118164,6.420000076293945,5.900000095367432,5.900000095367432,12405
2021-12-10,6.016716957092285,6.199999809265137,6.239999771118164,6.199999809265137,6.199999809265137,1098
2021-12-13,5.842037677764893,6.019999980926514,6.380000114440918,5.820000171661377,6.21999979019165,961
2021-12-14,5.842037677764893,6.019999980926514,6.019999980926514,6.0,6.019999980926514,1715
2021-12-15,5.725585460662842,5.900000095367432,6.019999980926514,5.840000152587891,6.019999980926514,2120
2021-12-16,5.842037677764893,6.019999980926514,6.039999961853027,6.0,6.039999961853027,127
2021-12-17,5.725585460662842,5.900000095367432,6.019999980926514,5.800000190734863,6.019999980926514,2783
2021-12-20,5.570315361022949,5.739999771118164,6.260000228881836,5.619999885559082,5.900000095367432,5634
2021-12-21,5.628541946411133,5.800000190734863,6.320000171661377,5.71999979019165,6.320000171661377,498
2021-12-22,5.7061767578125,5.880000114440918,6.019999980926514,5.659999847412109,5.659999847412109,1521
2021-12-23,5.647950649261475,5.820000171661377,5.980000019073486,5.800000190734863,5.980000019073486,1727
2021-12-27,6.055534362792969,6.239999771118164,6.340000152587891,5.78000020980835,5.800000190734863,12405
2021-12-28,5.919672966003418,6.099999904632568,6.239999771118164,5.980000019073486,6.239999771118164,4772
2021-12-29,5.977899551391602,6.159999847412109,6.179999828338623,6.019999980926514,6.099999904632568,716
2021-12-30,5.803220748901367,5.980000019073486,6.159999847412109,5.960000038146973,6.159999847412109,11881
2022-01-03,6.074943542480469,6.260000228881836,6.300000190734863,6.159999847412109,6.179999828338623,13957
2022-01-04,6.074943542480469,6.260000228881836,6.260000228881836,6.199999809265137,6.239999771118164,727155
2022-01-05,6.055534362792969,6.239999771118164,6.28000020980835,6.019999980926514,6.260000228881836,810
2022-01-07,5.93908166885376,6.119999885559082,6.28000020980835,6.119999885559082,6.28000020980835,838
2022-01-10,5.783811569213867,5.960000038146973,6.28000020980835,5.960000038146973,6.119999885559082,7744
2022-01-11,5.958490371704102,6.139999866485596,6.199999809265137,6.059999942779541,6.059999942779541,7488
2022-01-12,6.074943542480469,6.260000228881836,6.28000020980835,6.159999847412109,6.199999809265137,9249
2022-01-13,6.016716957092285,6.199999809265137,6.28000020980835,6.139999866485596,6.28000020980835,5371
2022-01-14,5.958490371704102,6.139999866485596,6.239999771118164,6.139999866485596,6.239999771118164,760
2022-01-17,6.055534362792969,6.239999771118164,6.28000020980835,6.179999828338623,6.199999809265137,867
2022-01-18,5.803220748901367,5.980000019073486,6.260000228881836,5.980000019073486,6.260000228881836,2852
2022-01-19,5.977899551391602,6.159999847412109,6.159999847412109,5.900000095367432,5.980000019073486,3495
2022-01-20,5.861446857452393,6.039999961853027,6.159999847412109,5.980000019073486,6.159999847412109,514
2022-01-21,5.686768054962158,5.860000133514404,6.019999980926514,5.800000190734863,6.019999980926514,7024
2022-01-24,5.376227855682373,5.539999961853027,5.840000152587891,5.5,5.78000020980835,7011
2022-01-25,5.744994163513184,5.920000076293945,5.980000019073486,5.539999961853027,5.539999961853027,2860
2022-01-26,5.958490371704102,6.139999866485596,6.139999866485596,6.0,6.019999980926514,2940
2022-01-27,5.880855083465576,6.059999942779541,6.119999885559082,5.71999979019165,6.079999923706055,754
2022-01-28,5.822628974914551,6.0,6.059999942779541,6.0,6.059999942779541,681
2022-01-31,5.977899551391602,6.159999847412109,6.159999847412109,5.900000095367432,5.980000019073486,7663
2022-02-01,6.016716957092285,6.199999809265137,6.199999809265137,6.119999885559082,6.159999847412109,1058
2022-02-02,5.977899551391602,6.159999847412109,6.199999809265137,6.159999847412109,6.199999809265137,938
2022-02-03,6.036125659942627,6.21999979019165,6.21999979019165,6.119999885559082,6.119999885559082,158
2022-02-04,5.977899551391602,6.159999847412109,6.159999847412109,5.840000152587891,5.840000152587891,1324
2022-02-07,5.977899551391602,6.159999847412109,6.28000020980835,6.159999847412109,6.28000020980835,249
2022-02-08,5.977899551391602,6.159999847412109,6.159999847412109,6.139999866485596,6.139999866485596,593
2022-02-09,5.919672966003418,6.099999904632568,6.119999885559082,6.019999980926514,6.119999885559082,1017
2022-02-10,5.900263786315918,6.079999923706055,6.099999904632568,6.0,6.0,1749
2022-02-11,5.900263786315918,6.079999923706055,6.079999923706055,6.079999923706055,6.079999923706055,121
2022-02-14,5.725585460662842,5.900000095367432,6.079999923706055,5.760000228881836,6.079999923706055,2829
2022-02-15,5.822628974914551,6.0,6.0,5.940000057220459,5.960000038146973,615
2022-02-16,5.822628974914551,6.0,6.079999923706055,6.0,6.079999923706055,1778
2022-02-17,5.822628974914551,6.0,6.380000114440918,5.980000019073486,6.21999979019165,13694
2022-02-18,5.744994163513184,5.920000076293945,6.019999980926514,5.71999979019165,6.0,11077
2022-02-21,5.550906181335449,5.71999979019165,5.900000095367432,5.71999979019165,5.800000190734863,3236
2022-02-22,5.531497478485107,5.699999809265137,5.71999979019165,5.559999942779541,5.699999809265137,8246
2022-02-23,5.473271369934082,5.639999866485596,6.099999904632568,5.639999866485596,5.699999809265137,3696
2022-02-24,5.143322944641113,5.300000190734863,5.639999866485596,5.199999809265137,5.579999923706055,9364
2022-02-25,5.667358875274658,5.840000152587891,6.139999866485596,5.360000133514404,5.360000133514404,4466
2022-02-28,5.550906181335449,5.71999979019165,6.019999980926514,5.559999942779541,5.78000020980835,3363
2022-03-01,5.337409973144531,5.5,5.760000228881836,5.5,5.71999979019165,4195
2022-03-02,5.570315361022949,5.739999771118164,5.739999771118164,5.5,5.5,1178
2022-03-03,5.337409973144531,5.5,5.739999771118164,5.5,5.739999771118164,4263
2022-03-04,5.182140350341797,5.340000152587891,5.539999961853027,5.239999771118164,5.5,4534
2022-03-07,5.026869773864746,5.179999828338623,5.340000152587891,4.630000114440918,5.340000152587891,14981
2022-03-08,5.046278476715088,5.199999809265137,5.5,5.039999961853027,5.179999828338623,7362
2022-03-09,5.162731647491455,5.320000171661377,5.599999904632568,5.300000190734863,5.480000019073486,5237
2022-03-10,5.3180012702941895,5.480000019073486,5.5,5.260000228881836,5.5,3606
2022-03-11,5.512089252471924,5.679999828338623,5.699999809265137,5.360000133514404,5.5,13300
2022-03-14,5.764402866363525,5.940000057220459,5.940000057220459,5.519999980926514,5.860000133514404,14598
2022-03-15,5.434454441070557,5.599999904632568,5.980000019073486,5.519999980926514,5.980000019073486,31286
2022-03-16,5.434454441070557,5.599999904632568,5.659999847412109,5.519999980926514,5.599999904632568,17805
2022-03-17,5.628541946411133,5.800000190734863,5.820000171661377,5.639999866485596,5.639999866485596,3394
2022-03-18,5.45386266708374,5.619999885559082,5.800000190734863,5.619999885559082,5.800000190734863,540
2022-03-21,5.512089252471924,5.679999828338623,5.840000152587891,5.619999885559082,5.619999885559082,2153
2022-03-22,5.45386266708374,5.619999885559082,5.840000152587891,5.619999885559082,5.679999828338623,2258
2022-03-23,5.512089252471924,5.679999828338623,5.820000171661377,5.619999885559082,5.800000190734863,11826
2022-03-24,5.686768054962158,5.860000133514404,5.880000114440918,5.639999866485596,5.880000114440918,2733
2022-03-25,5.570315361022949,5.739999771118164,5.800000190734863,5.619999885559082,5.800000190734863,654
2022-03-28,5.531497478485107,5.699999809265137,5.800000190734863,5.639999866485596,5.800000190734863,1563
2022-03-29,5.589724540710449,5.760000228881836,5.880000114440918,5.659999847412109,5.760000228881836,3544
2022-03-30,5.628541946411133,5.800000190734863,5.840000152587891,5.739999771118164,5.800000190734863,313
2022-03-31,5.686768054962158,5.860000133514404,5.860000133514404,5.519999980926514,5.519999980926514,2983
2022-04-01,5.492680072784424,5.659999847412109,5.840000152587891,5.599999904632568,5.840000152587891,3141
2022-04-04,5.531497478485107,5.699999809265137,5.760000228881836,5.599999904632568,5.760000228881836,381
2022-04-05,5.589724540710449,5.760000228881836,5.800000190734863,5.659999847412109,5.78000020980835,1433
2022-04-06,5.531497478485107,5.699999809265137,5.820000171661377,5.659999847412109,5.820000171661377,1139
2022-04-07,5.45386266708374,5.619999885559082,5.699999809265137,5.559999942779541,5.699999809265137,1157
2022-04-08,5.589724540710449,5.760000228881836,5.760000228881836,5.599999904632568,5.599999904632568,2448
2022-04-11,5.531497478485107,5.699999809265137,5.980000019073486,5.699999809265137,5.980000019073486,975
2022-04-12,5.589724540710449,5.760000228881836,5.760000228881836,5.739999771118164,5.739999771118164,2320
2022-04-13,5.565746307373047,5.699999809265137,5.78000020980835,5.579999923706055,5.78000020980835,966
2022-04-14,5.565746307373047,5.699999809265137,5.760000228881836,5.699999809265137,5.699999809265137,762
2022-04-19,5.643862247467041,5.78000020980835,5.800000190734863,5.699999809265137,5.699999809265137,3078
2022-04-20,5.663391590118408,5.800000190734863,5.880000114440918,5.699999809265137,5.699999809265137,203
2022-04-21,5.663391590118408,5.800000190734863,5.860000133514404,5.699999809265137,5.800000190734863,4867
2022-04-22,5.663391590118408,5.800000190734863,5.900000095367432,5.78000020980835,5.900000095367432,1148
2022-04-25,5.409514904022217,5.539999961853027,5.659999847412109,5.400000095367432,5.619999885559082,11082
2022-04-26,5.546217918395996,5.679999828338623,5.800000190734863,5.539999961853027,5.539999961853027,5291
2022-04-27,5.643862247467041,5.78000020980835,5.78000020980835,5.639999866485596,5.679999828338623,13059
2022-04-28,5.429043769836426,5.559999942779541,5.760000228881836,5.519999980926514,5.559999942779541,2677
2022-04-29,5.50715970993042,5.639999866485596,5.840000152587891,5.639999866485596,5.699999809265137,3899
2022-05-02,5.526688575744629,5.659999847412109,5.820000171661377,5.659999847412109,5.820000171661377,4240
2022-05-03,5.468101978302002,5.599999904632568,5.679999828338623,5.599999904632568,5.679999828338623,3083
2022-05-04,5.526688575744629,5.659999847412109,5.78000020980835,5.559999942779541,5.699999809265137,3534
2022-05-05,5.585275173187256,5.71999979019165,5.840000152587891,5.71999979019165,5.820000171661377,10204
2022-05-06,5.62433385848999,5.760000228881836,5.860000133514404,5.71999979019165,5.71999979019165,3707
2022-05-09,5.487630844116211,5.619999885559082,5.760000228881836,5.5,5.760000228881836,6586
2022-05-10,5.331399440765381,5.460000038146973,5.699999809265137,5.360000133514404,5.619999885559082,4161
2022-05-11,5.175168037414551,5.300000190734863,5.480000019073486,5.099999904632568,5.460000038146973,10187
2022-05-12,4.979878902435303,5.099999904632568,5.360000133514404,5.099999904632568,5.360000133514404,4902
2022-05-13,5.0775227546691895,5.199999809265137,5.340000152587891,5.199999809265137,5.199999809265137,1905
2022-05-16,4.90176248550415,5.019999980926514,5.28000020980835,5.019999980926514,5.239999771118164,7376
2022-05-17,4.9994072914123535,5.119999885559082,5.179999828338623,5.079999923706055,5.119999885559082,2276
2022-05-18,4.9603495597839355,5.079999923706055,5.179999828338623,5.0,5.0,13352
2022-05-19,4.882233619689941,5.0,5.059999942779541,4.96999979019165,5.059999942779541,6462
2022-05-20,4.90176248550415,5.019999980926514,5.179999828338623,5.019999980926514,5.059999942779541,1373
2022-05-23,4.921291351318359,5.039999961853027,5.039999961853027,4.960000038146973,5.019999980926514,685
2022-05-24,4.882233619689941,5.0,5.119999885559082,4.989999771118164,4.989999771118164,1152
2022-05-25,4.882233619689941,5.0,5.21999979019165,5.0,5.0,914
2022-05-27,5.0775227546691895,5.199999809265137,5.21999979019165,5.0,5.21999979019165,12696
2022-05-30,4.979878902435303,5.099999904632568,5.28000020980835,5.099999904632568,5.239999771118164,7230
2022-05-31,5.0189361572265625,5.139999866485596,5.300000190734863,5.099999904632568,5.099999904632568,6050
2022-06-01,4.979878902435303,5.099999904632568,5.159999847412109,5.039999961853027,5.159999847412109,4012
2022-06-02,4.9994072914123535,5.119999885559082,5.119999885559082,5.099999904632568,5.099999904632568,1622
2022-06-03,4.940820217132568,5.059999942779541,5.139999866485596,5.059999942779541,5.119999885559082,11639
2022-06-06,4.979878902435303,5.099999904632568,5.099999904632568,5.0,5.039999961853027,7228
2022-06-07,4.940820217132568,5.059999942779541,5.099999904632568,5.019999980926514,5.099999904632568,77980
2022-06-08,4.940820217132568,5.059999942779541,5.059999942779541,5.019999980926514,5.039999961853027,414
2022-06-09,4.921291351318359,5.039999961853027,5.059999942779541,5.039999961853027,5.059999942779541,158
2022-06-10,4.882233619689941,5.0,5.019999980926514,5.0,5.019999980926514,2931
2022-06-13,4.8041181564331055,4.920000076293945,5.0,4.900000095367432,5.0,4132
2022-06-14,4.784588813781738,4.900000095367432,5.0,4.900000095367432,4.949999809265137,1770
2022-06-15,4.794353008270264,4.909999847412109,5.079999923706055,4.909999847412109,5.0,560
2022-06-16,4.58929967880249,4.699999809265137,4.920000076293945,4.699999809265137,4.920000076293945,50046
2022-06-17,4.628357410430908,4.739999771118164,4.880000114440918,4.699999809265137,4.699999809265137,301
2022-06-20,4.686944961547852,4.800000190734863,5.039999961853027,4.710000038146973,5.039999961853027,644
2022-06-21,4.735766410827637,4.849999904632568,4.949999809265137,4.849999904632568,4.849999904632568,2688
2022-06-22,4.667415618896484,4.78000020980835,4.960000038146973,4.699999809265137,4.960000038146973,899
2022-06-23,4.83341121673584,4.949999809265137,4.949999809265137,4.699999809265137,4.699999809265137,82
2022-06-27,5.03846549987793,5.159999847412109,5.159999847412109,4.929999828338623,4.940000057220459,469
2022-06-28,4.940820217132568,5.059999942779541,5.139999866485596,4.71999979019165,4.730000019073486,16950
2022-06-29,4.852939605712891,4.96999979019165,5.099999904632568,4.840000152587891,5.099999904632568,60
2022-06-30,4.862704753875732,4.980000019073486,4.989999771118164,4.96999979019165,4.989999771118164,107
2022-07-01,4.667415618896484,4.78000020980835,4.800000190734863,4.730000019073486,4.730000019073486,17128
2022-07-04,4.67717981338501,4.789999961853027,4.989999771118164,4.789999961853027,4.989999771118164,147
2022-07-05,4.67717981338501,4.789999961853027,4.800000190734863,4.789999961853027,4.789999961853027,744
2022-07-06,4.872468948364258,4.989999771118164,4.989999771118164,4.849999904632568,4.849999904632568,320
2022-07-07,4.9994072914123535,5.119999885559082,5.159999847412109,4.989999771118164,4.989999771118164,74
2022-07-08,5.0579938888549805,5.179999828338623,5.179999828338623,5.079999923706055,5.119999885559082,569
2022-07-11,4.8041181564331055,4.920000076293945,5.079999923706055,4.920000076293945,4.920000076293945,1067
2022-07-12,4.83341121673584,4.949999809265137,5.099999904632568,4.920000076293945,5.099999904632568,28
2022-07-13,4.852939605712891,4.96999979019165,4.989999771118164,4.949999809265137,4.949999809265137,681
2022-07-14,4.872468948364258,4.989999771118164,4.989999771118164,4.869999885559082,4.989999771118164,382
2022-07-15,4.862704753875732,4.980000019073486,4.989999771118164,4.980000019073486,4.989999771118164,854
2022-07-18,4.83341121673584,4.949999809265137,5.119999885559082,4.949999809265137,5.119999885559082,1110
2022-07-19,4.696708679199219,4.809999942779541,4.809999942779541,4.809999942779541,4.809999942779541,218
2022-07-20,4.862704753875732,4.980000019073486,5.099999904632568,4.860000133514404,5.0,1160
2022-07-21,4.784588813781738,4.900000095367432,4.949999809265137,4.900000095367432,4.949999809265137,688
2022-07-22,4.755295753479004,4.869999885559082,4.869999885559082,4.869999885559082,4.869999885559082,550
2022-07-25,4.784588813781738,4.900000095367432,5.099999904632568,4.860000133514404,4.980000019073486,6067
2022-07-26,4.882233619689941,5.0,5.0,4.900000095367432,4.900000095367432,543
2022-07-27,4.843175411224365,4.960000038146973,5.0,4.949999809265137,5.0,3147
2022-07-28,5.0189361572265625,5.139999866485596,5.179999828338623,4.960000038146973,4.960000038146973,1171
2022-07-29,5.0189361572265625,5.139999866485596,5.139999866485596,5.119999885559082,5.139999866485596,240
2022-08-01,5.0579938888549805,5.179999828338623,5.260000228881836,5.139999866485596,5.139999866485596,1318
2022-08-02,4.882233619689941,5.0,5.480000019073486,5.0,5.480000019073486,102
2022-08-03,5.097052097320557,5.21999979019165,5.460000038146973,5.0,5.0,7282
2022-08-04,5.311870098114014,5.440000057220459,5.639999866485596,5.380000114440918,5.380000114440918,4418
2022-08-05,5.311870098114014,5.440000057220459,5.920000076293945,5.440000057220459,5.440000057220459,3106
2022-08-08,4.735766410827637,4.849999904632568,5.480000019073486,4.579999923706055,5.440000057220459,38744
2022-08-09,4.491654872894287,4.599999904632568,4.849999904632568,4.579999923706055,4.809999942779541,38038
2022-08-10,4.296365737915039,4.400000095367432,4.550000190734863,4.349999904632568,4.550000190734863,42617
2022-08-11,4.296365737915039,4.400000095367432,4.400000095367432,4.300000190734863,4.400000095367432,10864
2022-08-12,4.2866010665893555,4.389999866485596,4.400000095367432,4.369999885559082,4.400000095367432,30570
2022-08-15,4.2866010665893555,4.389999866485596,4.400000095367432,4.380000114440918,4.400000095367432,24842
2022-08-16,4.296365737915039,4.400000095367432,4.400000095367432,4.380000114440918,4.400000095367432,2447
2022-08-17,4.237779140472412,4.340000152587891,4.400000095367432,4.340000152587891,4.400000095367432,8063
2022-08-18,4.2475433349609375,4.349999904632568,4.389999866485596,4.260000228881836,4.380000114440918,4056
2022-08-19,4.198720932006836,4.300000190734863,4.380000114440918,4.300000190734863,4.349999904632568,5036
2022-08-22,4.159663200378418,4.260000228881836,4.369999885559082,4.260000228881836,4.300000190734863,731
2022-08-23,4.140133857727051,4.239999771118164,4.300000190734863,4.239999771118164,4.300000190734863,1418
2022-08-24,4.149898529052734,4.25,4.25,4.139999866485596,4.239999771118164,3464
2022-08-25,4.169427871704102,4.269999980926514,4.300000190734863,4.199999809265137,4.210000038146973,4676
2022-08-26,4.101076126098633,4.199999809265137,4.269999980926514,4.150000095367432,4.269999980926514,235
2022-08-29,4.003431797027588,4.099999904632568,4.199999809265137,4.099999904632568,4.199999809265137,1852
2022-08-30,4.003431797027588,4.099999904632568,4.099999904632568,4.099999904632568,4.099999904632568,44
2022-08-31,4.081547260284424,4.179999828338623,4.179999828338623,4.0,4.099999904632568,4064
2022-09-01,3.9741387367248535,4.070000171661377,4.260000228881836,4.019999980926514,4.260000228881836,3276
2022-09-02,3.9546098709106445,4.050000190734863,4.099999904632568,4.050000190734863,4.050000190734863,1387
2022-09-05,3.8179068565368652,3.9100000858306885,4.0,3.9100000858306885,4.0,5040
2022-09-06,3.8960225582122803,3.990000009536743,4.0,3.9000000953674316,3.9000000953674316,2532
2022-09-07,3.886258125305176,3.9800000190734863,3.9800000190734863,3.9000000953674316,3.9800000190734863,2456
2022-09-08,3.886258125305176,3.9800000190734863,4.090000152587891,3.9800000190734863,4.090000152587891,88
2022-09-09,3.8179068565368652,3.9100000858306885,4.0,3.9000000953674316,3.9200000762939453,8840
2022-09-12,3.9057869911193848,4.0,4.0,4.0,4.0,497
2022-09-13,3.8960225582122803,3.990000009536743,4.0,3.9000000953674316,4.0,2010
2022-09-14,3.80814266204834,3.9000000953674316,3.990000009536743,3.9000000953674316,3.950000047683716,1009
2022-09-15,3.80814266204834,3.9000000953674316,3.9800000190734863,3.9000000953674316,3.950000047683716,1558
2022-09-16,3.7886135578155518,3.880000114440918,3.9000000953674316,3.8499999046325684,3.9000000953674316,12740
2022-09-19,3.8179068565368652,3.9100000858306885,4.010000228881836,3.799999952316284,4.010000228881836,1939
2022-09-20,3.80814266204834,3.9000000953674316,3.930000066757202,3.890000104904175,3.930000066757202,1279
2022-09-21,3.8960225582122803,3.990000009536743,4.019999980926514,3.799999952316284,3.8499999046325684,2396
2022-09-22,3.8764936923980713,3.9700000286102295,3.9700000286102295,3.799999952316284,3.880000114440918,2166
2022-09-23,3.75931978225708,3.8499999046325684,3.890000104904175,3.5899999141693115,3.799999952316284,16604
2022-09-26,3.7495553493499756,3.8399999141693115,3.859999895095825,3.6500000953674316,3.8499999046325684,2983
2022-09-27,3.6909685134887695,3.7799999713897705,3.7799999713897705,3.700000047683716,3.700000047683716,340
2022-09-28,3.661675214767456,3.75,3.75,3.680000066757202,3.680000066757202,456
2022-09-29,3.60308837890625,3.690000057220459,3.75,3.5999999046325684,3.75,1563
2022-09-30,3.5933241844177246,3.680000066757202,3.690000057220459,3.5999999046325684,3.690000057220459,229
2022-10-03,3.661675214767456,3.75,3.75,3.6500000953674316,3.680000066757202,3907
2022-10-04,3.6128530502319336,3.700000047683716,3.799999952316284,3.6600000858306885,3.6600000858306885,12912
2022-10-05,3.6128530502319336,3.700000047683716,3.7699999809265137,3.6500000953674316,3.7699999809265137,4716
2022-10-06,3.6519107818603516,3.740000009536743,3.7899999618530273,3.6700000762939453,3.700000047683716,985
2022-10-07,3.5737950801849365,3.6600000858306885,3.740000009536743,3.619999885559082,3.740000009536743,1015
2022-10-10,3.505443572998047,3.5899999141693115,3.6500000953674316,3.559999942779541,3.6500000953674316,7810
2022-10-11,3.5152082443237305,3.5999999046325684,3.6500000953674316,3.5,3.6500000953674316,3344
2022-10-12,3.505443572998047,3.5899999141693115,3.5999999046325684,3.5899999141693115,3.5999999046325684,208
2022-10-13,3.505443572998047,3.5899999141693115,3.5999999046325684,3.5899999141693115,3.5999999046325684,656
2022-10-14,3.544501781463623,3.630000114440918,3.700000047683716,3.5850000381469727,3.5899999141693115,152274
2022-10-17,3.544501781463623,3.630000114440918,3.700000047683716,3.630000114440918,3.6500000953674316,6233
2022-10-18,3.622617483139038,3.7100000381469727,3.8499999046325684,3.6700000762939453,3.690000057220459,47706
2022-10-19,3.5909485816955566,3.6600000858306885,3.700000047683716,3.5999999046325684,3.690000057220459,16885
2022-10-20,3.5615146160125732,3.630000114440918,3.690000057220459,3.630000114440918,3.6600000858306885,3149
2022-10-21,3.6988730430603027,3.7699999809265137,3.9000000953674316,3.700000047683716,3.700000047683716,4808
2022-10-24,3.7086844444274902,3.7799999713897705,3.7799999713897705,3.7799999713897705,3.7799999713897705,113
2022-10-25,3.7086844444274902,3.7799999713897705,3.7799999713897705,3.680000066757202,3.7799999713897705,28
2022-10-26,3.6694390773773193,3.740000009536743,3.8399999141693115,3.5999999046325684,3.5999999046325684,4914
2022-10-27,3.7773635387420654,3.8499999046325684,4.0,3.799999952316284,3.799999952316284,3000
2022-10-28,3.679250478744507,3.75,3.940000057220459,3.75,3.940000057220459,1985
2022-10-31,3.826420783996582,3.9000000953674316,3.9000000953674316,3.7899999618530273,3.859999895095825,365
2022-11-01,3.7773635387420654,3.8499999046325684,3.9000000953674316,3.819999933242798,3.9000000953674316,2152
2022-11-02,3.8362319469451904,3.9100000858306885,3.9100000858306885,3.6500000953674316,3.75,817
2022-11-03,3.8950998783111572,3.9700000286102295,3.9700000286102295,3.5999999046325684,3.799999952316284,4756
2022-11-04,3.9245338439941406,4.0,4.050000190734863,3.9000000953674316,3.950000047683716,15917
2022-11-07,3.9049112796783447,3.9800000190734863,4.0,3.819999933242798,4.0,5004
2022-11-08,3.6301939487457275,3.700000047683716,3.950000047683716,3.6600000858306885,3.950000047683716,56423
2022-11-09,3.5909485816955566,3.6600000858306885,3.700000047683716,3.5999999046325684,3.700000047683716,22208
2022-11-10,3.600759983062744,3.6700000762939453,3.700000047683716,3.609999895095825,3.609999895095825,3339
2022-11-11,3.5909485816955566,3.6600000858306885,3.6700000762939453,3.5999999046325684,3.6700000762939453,11700
2022-11-14,3.581137180328369,3.6500000953674316,3.700000047683716,3.619999885559082,3.6600000858306885,5306
2022-11-15,3.6105711460113525,3.680000066757202,3.680000066757202,3.619999885559082,3.6500000953674316,2575
2022-11-16,3.600759983062744,3.6700000762939453,3.680000066757202,3.609999895095825,3.680000066757202,1425
2022-11-17,3.5517032146453857,3.619999885559082,3.6600000858306885,3.5999999046325684,3.609999895095825,9522
2022-11-18,3.5026462078094482,3.569999933242798,3.619999885559082,3.569999933242798,3.5999999046325684,6517
2022-11-21,3.473212242126465,3.5399999618530273,3.569999933242798,3.5399999618530273,3.569999933242798,5253
2022-11-22,3.326042652130127,3.390000104904175,3.5399999618530273,3.3299999237060547,3.5399999618530273,16553
2022-11-23,3.345665216445923,3.4100000858306885,3.5299999713897705,3.369999885559082,3.390000104904175,15736
2022-11-24,3.267174243927002,3.3299999237060547,3.4100000858306885,3.319999933242798,3.4100000858306885,11305
2022-11-25,3.2377402782440186,3.299999952316284,3.390000104904175,3.2799999713897705,3.3299999237060547,28521
2022-11-28,3.2377402782440186,3.299999952316284,3.299999952316284,3.2799999713897705,3.299999952316284,4031
2022-11-29,3.1788723468780518,3.240000009536743,3.2799999713897705,3.200000047683716,3.2799999713897705,16853
2022-11-30,3.120004415512085,3.180000066757202,3.299999952316284,3.119999885559082,3.2300000190734863,19956
2022-12-01,3.13962721824646,3.200000047683716,3.2200000286102295,3.1600000858306885,3.200000047683716,28908
2022-12-02,3.1101932525634766,3.1700000762939453,3.200000047683716,3.1500000953674316,3.200000047683716,38369
2022-12-05,3.1101932525634766,3.1700000762939453,3.180000066757202,3.140000104904175,3.1700000762939453,12720
2022-12-07,3.041513681411743,3.0999999046325684,3.2100000381469727,3.0899999141693115,3.2100000381469727,14572
2022-12-08,3.0709478855133057,3.130000114440918,3.1500000953674316,3.0999999046325684,3.0999999046325684,5873
2022-12-09,3.041513681411743,3.0999999046325684,3.1500000953674316,3.069999933242798,3.140000104904175,18554
2022-12-12,2.9924569129943848,3.049999952316284,3.0899999141693115,3.0399999618530273,3.0899999141693115,11231
2022-12-13,3.0120797157287598,3.069999933242798,3.109999895095825,3.049999952316284,3.049999952316284,102419
2022-12-14,3.0218911170959473,3.0799999237060547,3.130000114440918,3.069999933242798,3.130000114440918,2938
2022-12-15,3.0120797157287598,3.069999933242798,3.0999999046325684,3.069999933242798,3.0999999046325684,3559
2022-12-16,2.9924569129943848,3.049999952316284,3.0899999141693115,3.049999952316284,3.0899999141693115,2699
2022-12-19,2.9924569129943848,3.049999952316284,3.109999895095825,3.0299999713897705,3.0399999618530273,10743
2022-12-20,3.0120797157287598,3.069999933242798,3.069999933242798,3.009999990463257,3.0399999618530273,8237
2022-12-21,3.0120797157287598,3.069999933242798,3.069999933242798,3.009999990463257,3.009999990463257,10546
2022-12-22,2.9826455116271973,3.0399999618530273,3.069999933242798,3.0299999713897705,3.059999942779541,10940
2022-12-23,3.0120797157287598,3.069999933242798,3.1500000953674316,3.0399999618530273,3.0399999618530273,7934
2022-12-27,3.0218911170959473,3.0799999237060547,3.1600000858306885,3.059999942779541,3.0799999237060547,17000
2022-12-28,2.972834348678589,3.0299999713897705,3.109999895095825,3.0299999713897705,3.0999999046325684,8153
2022-12-29,3.0022683143615723,3.059999942779541,3.0999999046325684,3.0199999809265137,3.0299999713897705,46035
2022-12-30,3.061136245727539,3.119999885559082,3.130000114440918,3.0299999713897705,3.130000114440918,13529
2023-01-02,3.120004415512085,3.180000066757202,3.180000066757202,3.130000114440918,3.130000114440918,1164
2023-01-03,3.0905704498291016,3.1500000953674316,3.200000047683716,3.0999999046325684,3.200000047683716,2725
2023-01-04,3.2377402782440186,3.299999952316284,3.359999895095825,3.1500000953674316,3.1500000953674316,7848
2023-01-05,3.2181177139282227,3.2799999713897705,3.3299999237060547,3.2300000190734863,3.3299999237060547,637
2023-01-09,3.208306312561035,3.2699999809265137,3.299999952316284,3.109999895095825,3.2799999713897705,23698
2023-01-10,3.1886837482452393,3.25,3.299999952316284,3.1700000762939453,3.25,4973
2023-01-11,3.1494383811950684,3.2100000381469727,3.2699999809265137,3.1600000858306885,3.2100000381469727,10122
2023-01-12,3.1298158168792725,3.190000057220459,3.2100000381469727,3.1500000953674316,3.2100000381469727,2843
2023-01-13,3.1101932525634766,3.1700000762939453,3.2799999713897705,3.1500000953674316,3.190000057220459,9623
2023-01-16,3.1886837482452393,3.25,3.299999952316284,3.2200000286102295,3.299999952316284,1207
2023-01-17,3.1690611839294434,3.2300000190734863,3.299999952316284,3.1600000858306885,3.299999952316284,2523
2023-01-18,3.227928876876831,3.2899999618530273,3.2899999618530273,3.2300000190734863,3.2300000190734863,3784
2023-01-19,3.2377402782440186,3.299999952316284,3.299999952316284,3.1600000858306885,3.2899999618530273,1858
2023-01-20,3.2181177139282227,3.2799999713897705,3.3499999046325684,3.2799999713897705,3.299999952316284,2192
2023-01-23,3.267174243927002,3.3299999237060547,3.359999895095825,3.319999933242798,3.3299999237060547,6159
2023-01-24,3.326042652130127,3.390000104904175,3.450000047683716,3.3299999237060547,3.450000047683716,9843
2023-01-25,3.2966084480285645,3.359999895095825,3.390000104904175,3.359999895095825,3.390000104904175,4775
2023-01-26,3.2769858837127686,3.3399999141693115,3.359999895095825,3.299999952316284,3.359999895095825,5634
2023-01-27,3.247551679611206,3.309999942779541,3.359999895095825,3.309999942779541,3.359999895095825,10018
2023-01-30,3.2573628425598145,3.319999933242798,3.3399999141693115,3.299999952316284,3.3399999141693115,1255
2023-01-31,3.2377402782440186,3.299999952316284,3.3499999046325684,3.259999990463257,3.3499999046325684,2364
2023-02-01,3.227928876876831,3.2899999618530273,3.390000104904175,3.2899999618530273,3.390000104904175,2700
2023-02-02,3.2573628425598145,3.319999933242798,3.319999933242798,3.259999990463257,3.2899999618530273,5684
2023-02-03,3.267174243927002,3.3299999237060547,3.3299999237060547,3.259999990463257,3.3299999237060547,6975
2023-02-06,3.227928876876831,3.2899999618530273,3.319999933242798,3.2899999618530273,3.299999952316284,1685
2023-02-07,3.2573628425598145,3.319999933242798,3.3299999237060547,3.2799999713897705,3.309999942779541,85578
2023-02-08,3.286797046661377,3.3499999046325684,3.3499999046325684,3.319999933242798,3.319999933242798,743
2023-02-09,3.306419849395752,3.369999885559082,3.369999885559082,3.3299999237060547,3.359999895095825,2152
2023-02-10,3.2377402782440186,3.299999952316284,3.369999885559082,3.299999952316284,3.369999885559082,5426
2023-02-13,3.2377402782440186,3.299999952316284,3.299999952316284,3.259999990463257,3.299999952316284,2861
2023-02-14,3.247551679611206,3.309999942779541,3.309999942779541,3.259999990463257,3.2699999809265137,9546
2023-02-15,3.306419849395752,3.369999885559082,3.4000000953674316,3.3399999141693115,3.3499999046325684,10429
2023-02-16,3.286797046661377,3.3499999046325684,3.359999895095825,3.25,3.359999895095825,13656
2023-02-17,3.2377402782440186,3.299999952316284,3.359999895095825,3.2899999618530273,3.3499999046325684,14263
2023-02-20,3.2377402782440186,3.299999952316284,3.3499999046325684,3.2899999618530273,3.299999952316284,19468
2023-02-21,3.1886837482452393,3.25,3.319999933242798,3.25,3.299999952316284,13801
2023-02-22,3.227928876876831,3.2899999618530273,3.2899999618530273,3.25,3.2899999618530273,6810
2023-02-23,3.208306312561035,3.2699999809265137,3.2899999618530273,3.2100000381469727,3.2899999618530273,2063
2023-02-24,3.2181177139282227,3.2799999713897705,3.2899999618530273,3.240000009536743,3.2699999809265137,4803
2023-02-27,3.247551679611206,3.309999942779541,3.319999933242798,3.2799999713897705,3.2899999618530273,4514
2023-02-28,3.247551679611206,3.309999942779541,3.309999942779541,3.309999942779541,3.309999942779541,2766
2023-03-01,3.2377402782440186,3.299999952316284,3.319999933242798,3.2100000381469727,3.319999933242798,1983
2023-03-02,3.1788723468780518,3.240000009536743,3.319999933242798,3.2100000381469727,3.299999952316284,17488
2023-03-03,3.1886837482452393,3.25,3.2899999618530273,3.25,3.2899999618530273,1147
2023-03-06,3.208306312561035,3.2699999809265137,3.309999942779541,3.2699999809265137,3.309999942779541,6681
2023-03-07,3.1984949111938477,3.259999990463257,3.299999952316284,3.25,3.299999952316284,24191
2023-03-08,3.1984949111938477,3.259999990463257,3.299999952316284,3.259999990463257,3.299999952316284,9501
2023-03-09,3.208306312561035,3.2699999809265137,3.2899999618530273,3.2699999809265137,3.2899999618530273,138
2023-03-10,3.1984949111938477,3.259999990463257,3.2899999618530273,3.2200000286102295,3.2899999618530273,5238
2023-03-13,3.1298158168792725,3.190000057220459,3.240000009536743,3.0899999141693115,3.240000009536743,8793
2023-03-14,3.1886837482452393,3.25,3.2699999809265137,3.1700000762939453,3.2699999809265137,2067
2023-03-15,3.1886837482452393,3.25,3.25,3.180000066757202,3.25,1380
2023-03-16,3.1494383811950684,3.2100000381469727,3.2699999809265137,3.1500000953674316,3.25,7705
2023-03-17,3.13962721824646,3.200000047683716,3.2799999713897705,3.109999895095825,3.2799999713897705,4169
2023-03-20,3.120004415512085,3.180000066757202,3.2100000381469727,3.180000066757202,3.200000047683716,11759
2023-03-21,3.1886837482452393,3.25,3.259999990463257,3.25,3.259999990463257,751
2023-03-22,3.1886837482452393,3.25,3.25,3.25,3.25,923
2023-03-23,3.13962721824646,3.200000047683716,3.259999990463257,3.200000047683716,3.259999990463257,3625
2023-03-24,3.1984949111938477,3.259999990463257,3.309999942779541,3.180000066757202,3.200000047683716,6172
2023-03-27,3.13962721824646,3.200000047683716,3.259999990463257,3.200000047683716,3.259999990463257,1695
2023-03-28,3.208306312561035,3.2699999809265137,3.2699999809265137,3.259999990463257,3.259999990463257,483
2023-03-29,3.2181177139282227,3.2799999713897705,3.2799999713897705,3.2300000190734863,3.2699999809265137,4920
2023-03-30,3.208306312561035,3.2699999809265137,3.2699999809265137,3.200000047683716,3.2699999809265137,4944
2023-03-31,3.1788723468780518,3.240000009536743,3.2799999713897705,3.240000009536743,3.2799999713897705,6358
2023-04-03,3.2181177139282227,3.2799999713897705,3.2799999713897705,3.25,3.2699999809265137,500
2023-04-04,3.247551679611206,3.309999942779541,3.309999942779541,3.25,3.2799999713897705,9205
2023-04-05,3.1886837482452393,3.25,3.309999942779541,3.25,3.309999942779541,6820
2023-04-06,3.1886837482452393,3.25,3.309999942779541,3.240000009536743,3.299999952316284,873
2023-04-11,3.227928876876831,3.2899999618530273,3.309999942779541,3.25,3.259999990463257,2920
2023-04-12,3.2769858837127686,3.3399999141693115,3.369999885559082,3.2899999618530273,3.2899999618530273,16845
2023-04-13,3.345665216445923,3.4100000858306885,3.4700000286102295,3.369999885559082,3.390000104904175,25143
2023-04-14,3.321319341659546,3.3499999046325684,3.440000057220459,3.3499999046325684,3.369999885559082,6309
2023-04-17,3.2618329524993896,3.2899999618530273,3.369999885559082,3.25,3.369999885559082,8769
2023-04-18,3.2618329524993896,3.2899999618530273,3.4200000762939453,3.2799999713897705,3.2799999713897705,3307
2023-04-19,3.2816617488861084,3.309999942779541,3.3399999141693115,3.2799999713897705,3.299999952316284,5759
2023-04-20,3.2915761470794678,3.319999933242798,3.3399999141693115,3.309999942779541,3.309999942779541,5805
2023-04-21,3.321319341659546,3.3499999046325684,3.4000000953674316,3.3399999141693115,3.4000000953674316,1411
2023-04-24,3.321319341659546,3.3499999046325684,3.440000057220459,3.319999933242798,3.3499999046325684,1232
2023-04-25,3.321319341659546,3.3499999046325684,3.3499999046325684,3.309999942779541,3.3499999046325684,653
2023-04-26,3.2915761470794678,3.319999933242798,3.4100000858306885,3.259999990463257,3.3499999046325684,239
2023-04-27,3.301490545272827,3.3299999237060547,3.3299999237060547,3.309999942779541,3.309999942779541,406
2023-04-28,3.351062774658203,3.380000114440918,3.380000114440918,3.259999990463257,3.3399999141693115,1632
2023-05-02,3.321319341659546,3.3499999046325684,3.4000000953674316,3.3499999046325684,3.380000114440918,1707
2023-05-03,3.3411481380462646,3.369999885559082,3.380000114440918,3.369999885559082,3.380000114440918,1009
2023-05-04,3.24200439453125,3.2699999809265137,3.309999942779541,3.2699999809265137,3.309999942779541,2057
2023-05-05,3.271747350692749,3.299999952316284,3.299999952316284,3.2899999618530273,3.2899999618530273,4478
2023-05-08,3.3609769344329834,3.390000104904175,3.4200000762939453,3.319999933242798,3.319999933242798,6336
2023-05-09,3.430377721786499,3.4600000381469727,3.549999952316284,3.4000000953674316,3.5,60146
2023-05-10,3.3708913326263428,3.4000000953674316,3.440000057220459,3.299999952316284,3.440000057220459,5950
2023-05-11,3.2915761470794678,3.319999933242798,3.369999885559082,3.309999942779541,3.309999942779541,1676
2023-05-12,3.271747350692749,3.299999952316284,3.319999933242798,3.299999952316284,3.309999942779541,1932
2023-05-15,3.2816617488861084,3.309999942779541,3.4000000953674316,3.299999952316284,3.390000104904175,35528
2023-05-16,3.2618329524993896,3.2899999618530273,3.309999942779541,3.2699999809265137,3.309999942779541,3512
2023-05-17,3.271747350692749,3.299999952316284,3.309999942779541,3.2699999809265137,3.309999942779541,8469
2023-05-19,3.2519185543060303,3.2799999713897705,3.299999952316284,3.2699999809265137,3.299999952316284,770
2023-05-22,3.2519185543060303,3.2799999713897705,3.2899999618530273,3.2699999809265137,3.2699999809265137,411
2023-05-23,3.24200439453125,3.2699999809265137,3.299999952316284,3.240000009536743,3.299999952316284,2703
2023-05-24,3.2618329524993896,3.2899999618530273,3.2899999618530273,3.25,3.2899999618530273,651
2023-05-25,3.2320899963378906,3.259999990463257,3.2899999618530273,3.25,3.25,165
2023-05-26,3.2320899963378906,3.259999990463257,3.2899999618530273,3.25,3.2899999618530273,5308
2023-05-29,3.2320899963378906,3.259999990463257,3.259999990463257,3.240000009536743,3.240000009536743,136
2023-05-30,3.2023468017578125,3.2300000190734863,3.2699999809265137,3.2300000190734863,3.240000009536743,1376
2023-05-31,3.2023468017578125,3.2300000190734863,3.2799999713897705,3.2300000190734863,3.2300000190734863,3018
2023-06-01,3.192432403564453,3.2200000286102295,3.259999990463257,3.2200000286102295,3.259999990463257,5576
2023-06-02,3.2320899963378906,3.259999990463257,3.2799999713897705,3.2200000286102295,3.2200000286102295,2254
2023-06-05,3.2519185543060303,3.2799999713897705,3.2799999713897705,3.2200000286102295,3.240000009536743,4585
2023-06-06,3.2519185543060303,3.2799999713897705,3.2799999713897705,3.2699999809265137,3.2699999809265137,369
2023-06-07,3.1825180053710938,3.2100000381469727,3.2799999713897705,3.2100000381469727,3.2200000286102295,2241
2023-06-08,3.192432403564453,3.2200000286102295,3.2300000190734863,3.2100000381469727,3.2100000381469727,2005
2023-06-09,3.162689208984375,3.190000057220459,3.240000009536743,3.190000057220459,3.2200000286102295,2139
2023-06-12,3.1428604125976562,3.1700000762939453,3.259999990463257,3.0999999046325684,3.0999999046325684,6739
2023-06-13,3.1726036071777344,3.200000047683716,3.2300000190734863,3.130000114440918,3.1700000762939453,4086
2023-06-14,3.1131174564361572,3.140000104904175,3.200000047683716,3.0799999237060547,3.200000047683716,25938
2023-06-15,3.0437164306640625,3.069999933242798,3.130000114440918,3.059999942779541,3.130000114440918,16558
2023-06-16,3.023887872695923,3.049999952316284,3.0799999237060547,3.049999952316284,3.069999933242798,21235
2023-06-19,2.974315881729126,3.0,3.0899999141693115,2.9600000381469727,3.059999942779541,20447
2023-06-20,2.974315881729126,3.0,3.049999952316284,2.990000009536743,3.0,8391
2023-06-21,2.974315881729126,3.0,3.0,2.990000009536743,3.0,4075
2023-06-22,2.944572687149048,2.9700000286102295,3.0,2.9700000286102295,3.0,1705
2023-06-26,2.9644014835357666,2.990000009536743,2.990000009536743,2.819999933242798,2.9700000286102295,12955
2023-06-27,2.8355143070220947,2.859999895095825,3.0,2.859999895095825,2.9100000858306885,14923
2023-06-28,2.766113758087158,2.7899999618530273,2.9700000286102295,2.7699999809265137,2.9700000286102295,38079
2023-06-29,2.785942554473877,2.809999942779541,2.869999885559082,2.759999990463257,2.7899999618530273,12084
2023-06-30,2.8751721382141113,2.9000000953674316,2.9000000953674316,2.8499999046325684,2.9000000953674316,2885
2023-07-03,2.766113758087158,2.7899999618530273,2.9000000953674316,2.759999990463257,2.9000000953674316,27025
2023-07-04,2.7760281562805176,2.799999952316284,2.9200000762939453,2.7799999713897705,2.9200000762939453,13081
2023-07-05,2.756199359893799,2.7799999713897705,2.8399999141693115,2.7799999713897705,2.8399999141693115,4925
2023-07-06,2.7462849617004395,2.7699999809265137,2.7799999713897705,2.740000009536743,2.7799999713897705,18003
2023-07-07,2.6967132091522217,2.7200000286102295,2.799999952316284,2.6600000858306885,2.759999990463257,52653
2023-07-10,2.597568988800049,2.619999885559082,2.7200000286102295,2.5999999046325684,2.7200000286102295,51912
2023-07-11,2.6074836254119873,2.630000114440918,2.6500000953674316,2.619999885559082,2.6500000953674316,7807
2023-07-12,2.6372268199920654,2.6600000858306885,2.680000066757202,2.609999895095825,2.630000114440918,3421
2023-07-13,2.5579116344451904,2.5799999237060547,2.6600000858306885,2.549999952316284,2.6600000858306885,36657
2023-07-14,2.5579116344451904,2.5799999237060547,2.619999885559082,2.5799999237060547,2.5799999237060547,5186
2023-07-17,2.547997236251831,2.569999933242798,2.5999999046325684,2.569999933242798,2.5999999046325684,5732
2023-07-18,2.5083396434783936,2.5299999713897705,2.619999885559082,2.5299999713897705,2.569999933242798,18829
2023-07-19,2.5380828380584717,2.559999942779541,2.5799999237060547,2.549999952316284,2.549999952316284,108
2023-07-20,2.577740430831909,2.5999999046325684,2.5999999046325684,2.559999942779541,2.5999999046325684,3577
2023-07-21,2.56782603263855,2.5899999141693115,2.5999999046325684,2.5299999713897705,2.5999999046325684,12171
2023-07-24,2.577740430831909,2.5999999046325684,2.700000047683716,2.5999999046325684,2.640000104904175,6463
2023-07-25,2.6173980236053467,2.640000104904175,2.6600000858306885,2.5799999237060547,2.640000104904175,4012
2023-07-26,2.627312421798706,2.6500000953674316,2.6500000953674316,2.5799999237060547,2.609999895095825,9330
2023-07-27,2.577740430831909,2.5999999046325684,2.6500000953674316,2.549999952316284,2.6500000953674316,7339
2023-07-28,2.6669700145721436,2.690000057220459,2.7100000381469727,2.559999942779541,2.5999999046325684,14393
2023-07-31,2.647141218185425,2.6700000762939453,2.7899999618530273,2.619999885559082,2.690000057220459,7088
2023-08-01,2.6173980236053467,2.640000104904175,2.759999990463257,2.640000104904175,2.759999990463257,5516
2023-08-02,2.845428705215454,2.869999885559082,2.869999885559082,2.5999999046325684,2.640000104904175,3547
2023-08-03,2.73637056350708,2.759999990463257,2.8299999237060547,2.7100000381469727,2.7300000190734863,4342
2023-08-04,2.756199359893799,2.7799999713897705,2.799999952316284,2.700000047683716,2.799999952316284,4363
2023-08-07,2.3397951126098633,2.359999895095825,2.799999952316284,2.2899999618530273,2.7799999713897705,123973
2023-08-08,2.280308723449707,2.299999952316284,2.3499999046325684,2.2899999618530273,2.3399999141693115,56526
2023-08-09,2.379452705383301,2.4000000953674316,2.4600000381469727,2.3499999046325684,2.390000104904175,93922
2023-08-10,2.547997236251831,2.569999933242798,2.640000104904175,2.390000104904175,2.450000047683716,74813
2023-08-11,2.5380828380584717,2.559999942779541,2.640000104904175,2.559999942779541,2.5999999046325684,19115
2023-08-14,2.4488534927368164,2.4700000286102295,2.6500000953674316,2.4700000286102295,2.559999942779541,23613
2023-08-15,2.3992815017700195,2.4200000762939453,2.5899999141693115,2.4000000953674316,2.5,14089
2023-08-16,2.5083396434783936,2.5299999713897705,2.5999999046325684,2.4000000953674316,2.5999999046325684,11411
2023-08-17,2.4785966873168945,2.5,2.5299999713897705,2.3499999046325684,2.5299999713897705,6037
2023-08-18,2.498425245285034,2.5199999809265137,2.5199999809265137,2.380000114440918,2.4700000286102295,10478
2023-08-21,2.468682289123535,2.490000009536743,2.5999999046325684,2.440000057220459,2.5199999809265137,3629
2023-08-22,2.4488534927368164,2.4700000286102295,2.5199999809265137,2.4000000953674316,2.4600000381469727,14267
2023-08-23,2.3992815017700195,2.4200000762939453,2.4700000286102295,2.4000000953674316,2.4700000286102295,6251
2023-08-24,2.3992815017700195,2.4200000762939453,2.4800000190734863,2.4000000953674316,2.430000066757202,3673
2023-08-25,2.438939094543457,2.4600000381469727,2.5899999141693115,2.4200000762939453,2.5899999141693115,4428
2023-08-28,2.458767890930176,2.4800000190734863,2.5399999618530273,2.4600000381469727,2.4700000286102295,3597
2023-08-29,2.4785966873168945,2.5,2.5299999713897705,2.4600000381469727,2.4600000381469727,16723
2023-08-30,2.488510847091675,2.509999990463257,2.5999999046325684,2.4700000286102295,2.5199999809265137,1872
2023-08-31,2.518254041671753,2.5399999618530273,2.569999933242798,2.4800000190734863,2.509999990463257,5389
2023-09-01,2.498425245285034,2.5199999809265137,2.559999942779541,2.5199999809265137,2.559999942779541,321
2023-09-04,2.4785966873168945,2.5,2.549999952316284,2.4600000381469727,2.5199999809265137,3602
2023-09-05,2.458767890930176,2.4800000190734863,2.5,2.4700000286102295,2.5,498
2023-09-06,2.4488534927368164,2.4700000286102295,2.5,2.380000114440918,2.4800000190734863,14445
2023-09-07,2.359624147415161,2.380000114440918,2.4700000286102295,2.380000114440918,2.440000057220459,1298
2023-09-08,2.409195899963379,2.430000066757202,2.4700000286102295,2.380000114440918,2.450000047683716,1270
2023-09-11,2.2902231216430664,2.309999942779541,2.430000066757202,2.2799999713897705,2.430000066757202,64346
2023-09-12,2.1811649799346924,2.200000047683716,2.369999885559082,2.180000066757202,2.309999942779541,35471
2023-09-13,2.1811649799346924,2.200000047683716,2.2799999713897705,2.0899999141693115,2.200000047683716,16882
2023-09-14,2.171250581741333,2.190000057220459,2.2699999809265137,2.119999885559082,2.2100000381469727,5292
2023-09-15,2.171250581741333,2.190000057220459,2.25,2.1600000858306885,2.200000047683716,6859
2023-09-18,2.200993776321411,2.2200000286102295,2.2300000190734863,2.190000057220459,2.190000057220459,4204
2023-09-19,2.200993776321411,2.2200000286102295,2.25,2.180000066757202,2.25,781
2023-09-20,2.171250581741333,2.190000057220459,2.240000009536743,2.1500000953674316,2.240000009536743,5033
2023-09-21,2.0721065998077393,2.0899999141693115,2.190000057220459,2.059999942779541,2.190000057220459,7387
2023-09-22,2.091935396194458,2.109999895095825,2.1500000953674316,2.109999895095825,2.109999895095825,4571
2023-09-25,2.141507625579834,2.1600000858306885,2.200000047683716,2.109999895095825,2.109999895095825,2502
2023-09-26,2.1216788291931152,2.140000104904175,2.1600000858306885,2.130000114440918,2.1600000858306885,2243
2023-09-27,2.111764430999756,2.130000114440918,2.1600000858306885,2.109999895095825,2.1500000953674316,1909
2023-09-28,2.171250581741333,2.190000057220459,2.200000047683716,2.1600000858306885,2.1600000858306885,1892
2023-09-29,2.1811649799346924,2.200000047683716,2.200000047683716,2.1700000762939453,2.200000047683716,1598
2023-10-02,2.2109081745147705,2.2300000190734863,2.25,2.119999885559082,2.180000066757202,12772
2023-10-03,2.200993776321411,2.2200000286102295,2.4000000953674316,2.140000104904175,2.190000057220459,7735
2023-10-04,2.0820209980010986,2.0999999046325684,2.180000066757202,2.059999942779541,2.180000066757202,11720
2023-10-05,2.0522778034210205,2.069999933242798,2.1600000858306885,2.049999952316284,2.1600000858306885,27979
2023-10-06,2.042363405227661,2.059999942779541,2.069999933242798,2.0299999713897705,2.059999942779541,7316
2023-10-09,2.111764430999756,2.130000114440918,2.200000047683716,2.059999942779541,2.059999942779541,1581
2023-10-10,2.0721065998077393,2.0899999141693115,2.130000114440918,2.0799999237060547,2.130000114440918,1598
2023-10-11,2.171250581741333,2.190000057220459,2.190000057220459,2.049999952316284,2.0999999046325684,7691
2023-10-12,2.111764430999756,2.130000114440918,2.1600000858306885,2.0799999237060547,2.1600000858306885,9419
2023-10-13,2.111764430999756,2.130000114440918,2.140000104904175,2.0999999046325684,2.140000104904175,8516
2023-10-16,2.1018497943878174,2.119999885559082,2.130000114440918,2.059999942779541,2.130000114440918,9113
2023-10-17,2.0522778034210205,2.069999933242798,2.119999885559082,2.0399999618530273,2.069999933242798,19232
2023-10-18,2.009999990463257,2.009999990463257,2.0299999713897705,1.9199999570846558,2.0299999713897705,24198
2023-10-19,2.009999990463257,2.009999990463257,2.049999952316284,1.9600000381469727,2.0199999809265137,834
2023-10-20,1.9600000381469727,1.9600000381469727,2.0199999809265137,1.909999966621399,2.009999990463257,5797
2023-10-23,1.9950000047683716,1.9950000047683716,2.0,1.9600000381469727,1.9600000381469727,1370
2023-10-24,1.9900000095367432,1.9900000095367432,1.9950000047683716,1.9450000524520874,1.9950000047683716,1704
2023-10-25,1.9700000286102295,1.9700000286102295,1.9900000095367432,1.940000057220459,1.9900000095367432,5212
2023-10-26,1.965000033378601,1.965000033378601,1.9700000286102295,1.965000033378601,1.9700000286102295,1040
2023-10-27,1.9199999570846558,1.9199999570846558,1.965000033378601,1.875,1.965000033378601,3932
2023-10-30,1.9149999618530273,1.9149999618530273,1.9149999618530273,1.8700000047683716,1.9149999618530273,1664
2023-10-31,1.8949999809265137,1.8949999809265137,1.9199999570846558,1.815000057220459,1.9149999618530273,11889
2023-11-01,1.8949999809265137,1.8949999809265137,1.9149999618530273,1.8300000429153442,1.9149999618530273,2106
2023-11-02,1.9149999618530273,1.9149999618530273,1.9199999570846558,1.8650000095367432,1.9199999570846558,6670
2023-11-03,1.9500000476837158,1.9500000476837158,2.0899999141693115,1.899999976158142,1.909999966621399,6389
2023-11-06,1.9950000047683716,1.9950000047683716,2.0199999809265137,1.9199999570846558,1.9500000476837158,7870
2023-11-07,1.8450000286102295,1.8450000286102295,1.9700000286102295,1.7949999570846558,1.9700000286102295,57921
2023-11-08,1.815000057220459,1.815000057220459,1.8450000286102295,1.774999976158142,1.8450000286102295,7992
2023-11-09,1.809999942779541,1.809999942779541,1.8250000476837158,1.7300000190734863,1.8250000476837158,15527
2023-11-10,1.784999966621399,1.784999966621399,1.815000057220459,1.7300000190734863,1.7599999904632568,11741
2023-11-13,1.7799999713897705,1.7799999713897705,1.7899999618530273,1.75,1.784999966621399,5591
2023-11-14,1.7649999856948853,1.7649999856948853,1.7799999713897705,1.7000000476837158,1.7799999713897705,14713
2023-11-15,1.7699999809265137,1.7699999809265137,1.7899999618530273,1.7649999856948853,1.7649999856948853,5794
2023-11-16,1.7050000429153442,1.7050000429153442,1.7649999856948853,1.690000057220459,1.7649999856948853,14525
2023-11-17,1.7000000476837158,1.7000000476837158,1.7200000286102295,1.6950000524520874,1.7100000381469727,40972
2023-11-20,1.6549999713897705,1.6549999713897705,1.6950000524520874,1.649999976158142,1.690000057220459,15472
2023-11-21,1.649999976158142,1.649999976158142,1.684999942779541,1.6449999809265137,1.684999942779541,14555
2023-11-22,1.6299999952316284,1.6299999952316284,1.649999976158142,1.6299999952316284,1.649999976158142,11461
2023-11-23,1.6399999856948853,1.6399999856948853,1.6399999856948853,1.600000023841858,1.6299999952316284,7772
2023-11-24,1.6299999952316284,1.6299999952316284,1.6649999618530273,1.6050000190734863,1.6299999952316284,11144
2023-11-27,1.6299999952316284,1.6299999952316284,1.6449999809265137,1.590000033378601,1.6299999952316284,14135
2023-11-28,1.6100000143051147,1.6100000143051147,1.6299999952316284,1.5800000429153442,1.6299999952316284,13308
2023-11-29,1.725000023841858,1.725000023841858,1.784999966621399,1.6050000190734863,1.6050000190734863,14460
2023-11-30,1.7649999856948853,1.7649999856948853,1.774999976158142,1.659999966621399,1.774999976158142,13234
2023-12-01,1.75,1.75,1.75,1.7450000047683716,1.75,11821
2023-12-04,1.7200000286102295,1.7200000286102295,1.75,1.690000057220459,1.75,3443
2023-12-05,1.649999976158142,1.649999976158142,1.7200000286102295,1.6299999952316284,1.7200000286102295,4027
2023-12-07,1.649999976158142,1.649999976158142,1.649999976158142,1.6150000095367432,1.649999976158142,12242
2023-12-08,1.6100000143051147,1.6100000143051147,1.6349999904632568,1.5950000286102295,1.6100000143051147,25182
2023-12-11,1.5700000524520874,1.5700000524520874,1.6100000143051147,1.5299999713897705,1.6100000143051147,41481
2023-12-12,1.5499999523162842,1.5499999523162842,1.5950000286102295,1.5399999618530273,1.5700000524520874,30595
2023-12-13,1.5299999713897705,1.5299999713897705,1.600000023841858,1.5299999713897705,1.600000023841858,25991
2023-12-14,1.5499999523162842,1.5499999523162842,1.5850000381469727,1.5299999713897705,1.5299999713897705,62089
2023-12-15,1.590000033378601,1.590000033378601,1.590000033378601,1.5499999523162842,1.5499999523162842,55064
2023-12-18,1.5800000429153442,1.5800000429153442,1.5950000286102295,1.5499999523162842,1.590000033378601,86195
2023-12-19,1.6749999523162842,1.6749999523162842,1.6749999523162842,1.559999942779541,1.5800000429153442,61197
2023-12-20,1.6299999952316284,1.6299999952316284,1.6699999570846558,1.5800000429153442,1.6699999570846558,81336
2023-12-21,1.6699999570846558,1.6699999570846558,1.6749999523162842,1.600000023841858,1.6299999952316284,38297
2023-12-22,1.690000057220459,1.690000057220459,1.690000057220459,1.6349999904632568,1.690000057220459,36464
2023-12-27,1.7350000143051147,1.7350000143051147,1.75,1.690000057220459,1.7000000476837158,44229
2023-12-28,1.715000033378601,1.715000033378601,1.774999976158142,1.7000000476837158,1.7400000095367432,21833
2023-12-29,1.7000000476837158,1.7000000476837158,1.7300000190734863,1.6749999523162842,1.7300000190734863,27323
2024-01-02,1.6799999475479126,1.6799999475479126,1.7599999904632568,1.659999966621399,1.6799999475479126,26626
2024-01-03,1.6449999809265137,1.6449999809265137,1.6950000524520874,1.6100000143051147,1.6799999475479126,36221
2024-01-04,1.649999976158142,1.649999976158142,1.7000000476837158,1.6349999904632568,1.649999976158142,37332
2024-01-05,1.6699999570846558,1.6699999570846558,1.7100000381469727,1.6549999713897705,1.6749999523162842,8707
2024-01-08,1.6699999570846558,1.6699999570846558,1.6699999570846558,1.649999976158142,1.6649999618530273,12789
2024-01-09,1.7000000476837158,1.7000000476837158,1.7000000476837158,1.6699999570846558,1.6699999570846558,432076
2024-01-10,1.6799999475479126,1.6799999475479126,1.715000033378601,1.659999966621399,1.715000033378601,29570
2024-01-11,1.6549999713897705,1.6549999713897705,1.6799999475479126,1.6200000047683716,1.6649999618530273,3851019
2024-01-12,1.6549999713897705,1.6549999713897705,1.6799999475479126,1.6100000143051147,1.6549999713897705,371014
2024-01-15,1.600000023841858,1.600000023841858,1.6150000095367432,1.565000057220459,1.6150000095367432,50382
2024-01-16,1.5449999570846558,1.5449999570846558,1.5800000429153442,1.524999976158142,1.5800000429153442,61876
2024-01-17,1.5449999570846558,1.5449999570846558,1.5499999523162842,1.5,1.5399999618530273,51199
2024-01-18,1.559999942779541,1.559999942779541,1.5700000524520874,1.5399999618530273,1.5399999618530273,31121
2024-01-19,1.5950000286102295,1.5950000286102295,1.600000023841858,1.559999942779541,1.5850000381469727,28855
2024-01-22,1.559999942779541,1.559999942779541,1.6549999713897705,1.5499999523162842,1.5950000286102295,17919
2024-01-23,1.600000023841858,1.600000023841858,1.600000023841858,1.559999942779541,1.559999942779541,8378
2024-01-24,1.5700000524520874,1.5700000524520874,1.6050000190734863,1.5499999523162842,1.600000023841858,40480
2024-01-25,1.5299999713897705,1.5299999713897705,1.600000023841858,1.5299999713897705,1.600000023841858,6133
2024-01-26,1.5499999523162842,1.5499999523162842,1.5499999523162842,1.4900000095367432,1.5499999523162842,33470
2024-01-29,1.5099999904632568,1.5099999904632568,1.5499999523162842,1.4900000095367432,1.4900000095367432,8315
2024-01-30,1.4850000143051147,1.4850000143051147,1.5299999713897705,1.4850000143051147,1.5099999904632568,89796
2024-01-31,1.524999976158142,1.524999976158142,1.5499999523162842,1.5,1.5499999523162842,6604
2024-02-01,1.524999976158142,1.524999976158142,1.524999976158142,1.5,1.5,3882
2024-02-02,1.524999976158142,1.524999976158142,1.524999976158142,1.4900000095367432,1.524999976158142,15449
2024-02-05,1.4950000047683716,1.4950000047683716,1.524999976158142,1.440000057220459,1.524999976158142,11401
2024-02-06,1.4500000476837158,1.4500000476837158,1.4900000095367432,1.4299999475479126,1.4700000286102295,12970
2024-02-07,1.4900000095367432,1.4900000095367432,1.4950000047683716,1.4500000476837158,1.465000033378601,3460
2024-02-08,1.4800000190734863,1.4800000190734863,1.4950000047683716,1.4550000429153442,1.4900000095367432,5522
2024-02-09,1.4850000143051147,1.4850000143051147,1.4850000143051147,1.475000023841858,1.4800000190734863,2621
2024-02-12,1.4900000095367432,1.4900000095367432,1.5,1.4850000143051147,1.5,6419
2024-02-13,1.4299999475479126,1.4299999475479126,1.5,1.4149999618530273,1.5,18751
2024-02-14,1.4199999570846558,1.4199999570846558,1.4299999475479126,1.3799999952316284,1.4299999475479126,28338
2024-02-15,1.3799999952316284,1.3799999952316284,1.4199999570846558,1.3600000143051147,1.3650000095367432,35459
2024-02-16,1.3700000047683716,1.3700000047683716,1.399999976158142,1.3450000286102295,1.350000023841858,31971
2024-02-19,1.3300000429153442,1.3300000429153442,1.3799999952316284,1.3049999475479126,1.3799999952316284,13801
2024-02-20,1.3300000429153442,1.3300000429153442,1.350000023841858,1.2799999713897705,1.3300000429153442,6913
2024-02-21,1.284999966621399,1.284999966621399,1.3300000429153442,1.2599999904632568,1.3300000429153442,29005
2024-02-22,1.2200000286102295,1.2200000286102295,1.284999966621399,1.2000000476837158,1.284999966621399,35371
2024-02-23,1.2200000286102295,1.2200000286102295,1.225000023841858,1.2000000476837158,1.225000023841858,21566
2024-02-26,1.2050000429153442,1.2050000429153442,1.2100000381469727,1.1299999952316284,1.2100000381469727,18826
2024-02-27,1.1749999523162842,1.1749999523162842,1.2050000429153442,1.149999976158142,1.2050000429153442,11784
2024-02-28,1.215000033378601,1.215000033378601,1.215000033378601,1.149999976158142,1.1749999523162842,12750
2024-02-29,1.1549999713897705,1.1549999713897705,1.215000033378601,1.149999976158142,1.215000033378601,38032
2024-03-01,1.125,1.125,1.149999976158142,1.125,1.149999976158142,24978
2024-03-04,1.100000023841858,1.100000023841858,1.125,1.065000057220459,1.1200000047683716,116969
2024-03-05,1.125,1.125,1.1349999904632568,1.0750000476837158,1.0800000429153442,11599
2024-03-06,1.065000057220459,1.065000057220459,1.125,1.065000057220459,1.125,22914
2024-03-07,1.059999942779541,1.059999942779541,1.1150000095367432,1.0499999523162842,1.065000057220459,27035
2024-03-08,1.0850000381469727,1.0850000381469727,1.1200000047683716,1.0850000381469727,1.1050000190734863,514336
2024-03-11,1.1150000095367432,1.1150000095367432,1.1399999856948853,1.0800000429153442,1.1399999856948853,11852
2024-03-12,1.1299999952316284,1.1299999952316284,1.1299999952316284,1.0800000429153442,1.0800000429153442,20263
2024-03-13,1.1549999713897705,1.1549999713897705,1.1549999713897705,1.100000023841858,1.1349999904632568,18261
2024-03-14,1.149999976158142,1.149999976158142,1.184999942779541,1.149999976158142,1.1749999523162842,4670
2024-03-15,1.159999966621399,1.159999966621399,1.1749999523162842,1.1200000047683716,1.1200000047683716,4011
2024-03-18,1.1749999523162842,1.1749999523162842,1.215000033378601,1.159999966621399,1.159999966621399,21768
2024-03-19,1.190000057220459,1.190000057220459,1.2300000190734863,1.149999976158142,1.1799999475479126,12625
2024-03-20,1.2400000095367432,1.2400000095367432,1.2400000095367432,1.1699999570846558,1.190000057220459,6124
2024-03-21,1.2100000381469727,1.2100000381469727,1.2400000095367432,1.2000000476837158,1.2300000190734863,8685
2024-03-22,1.2200000286102295,1.2200000286102295,1.2649999856948853,1.190000057220459,1.2050000429153442,7649
2024-03-25,1.225000023841858,1.225000023841858,1.2599999904632568,1.2200000286102295,1.2200000286102295,9041
2024-03-26,1.1950000524520874,1.1950000524520874,1.225000023841858,1.1749999523162842,1.225000023841858,16485
2024-03-27,1.215000033378601,1.215000033378601,1.225000023841858,1.1649999618530273,1.190000057220459,5419
2024-03-28,1.2000000476837158,1.2000000476837158,1.2300000190734863,1.1799999475479126,1.2100000381469727,6527
2024-04-02,1.284999966621399,1.284999966621399,1.2899999618530273,1.1950000524520874,1.2000000476837158,19162
2024-04-03,1.284999966621399,1.284999966621399,1.3700000047683716,1.284999966621399,1.284999966621399,32067
2024-04-04,1.3200000524520874,1.3200000524520874,1.3450000286102295,1.2899999618530273,1.315000057220459,16237
2024-04-05,1.3300000429153442,1.3300000429153442,1.3450000286102295,1.284999966621399,1.3450000286102295,6438
2024-04-08,1.3450000286102295,1.3450000286102295,1.3450000286102295,1.2899999618530273,1.3350000381469727,18482
2024-04-09,1.3700000047683716,1.3700000047683716,1.440000057220459,1.3700000047683716,1.3799999952316284,14361
2024-04-10,1.3550000190734863,1.3550000190734863,1.4049999713897705,1.315000057220459,1.3700000047683716,7296
2024-04-11,1.3849999904632568,1.3849999904632568,1.3849999904632568,1.350000023841858,1.3550000190734863,5456
2024-04-12,1.3849999904632568,1.3849999904632568,1.409999966621399,1.3300000429153442,1.3849999904632568,9332
2024-04-15,1.3799999952316284,1.3799999952316284,1.399999976158142,1.3600000143051147,1.399999976158142,23868
2024-04-16,1.3300000429153442,1.3300000429153442,1.4199999570846558,1.2999999523162842,1.4199999570846558,19804
2024-04-17,1.3949999809265137,1.3949999809265137,1.4299999475479126,1.3300000429153442,1.3300000429153442,14800
2024-04-18,1.3899999856948853,1.3899999856948853,1.4049999713897705,1.350000023841858,1.399999976158142,8784
2024-04-19,1.3550000190734863,1.3550000190734863,1.4049999713897705,1.3550000190734863,1.3899999856948853,1777
2024-04-22,1.399999976158142,1.399999976158142,1.399999976158142,1.3600000143051147,1.3600000143051147,5393
2024-04-23,1.3350000381469727,1.3350000381469727,1.399999976158142,1.3300000429153442,1.375,17311
2024-04-24,1.3200000524520874,1.3200000524520874,1.375,1.3049999475479126,1.340000033378601,10141
2024-04-25,1.2899999618530273,1.2899999618530273,1.3450000286102295,1.2450000047683716,1.3450000286102295,14740
2024-04-26,1.3200000524520874,1.3200000524520874,1.3849999904632568,1.2899999618530273,1.2899999618530273,8265
2024-04-29,1.3300000429153442,1.3300000429153442,1.3450000286102295,1.284999966621399,1.3200000524520874,14283
2024-04-30,1.3200000524520874,1.3200000524520874,1.350000023841858,1.284999966621399,1.3300000429153442,5011
2024-05-02,1.3350000381469727,1.3350000381469727,1.3350000381469727,1.3350000381469727,1.3350000381469727,88
2024-05-03,1.340000033378601,1.340000033378601,1.340000033378601,1.2799999713897705,1.3350000381469727,7975
2024-05-06,1.3350000381469727,1.3350000381469727,1.340000033378601,1.2799999713897705,1.340000033378601,11456
2024-05-07,1.2999999523162842,1.2999999523162842,1.3350000381469727,1.25,1.3350000381469727,25304
2024-05-08,1.3300000429153442,1.3300000429153442,1.3300000429153442,1.2549999952316284,1.2999999523162842,20369
2024-05-10,1.3550000190734863,1.3550000190734863,1.3550000190734863,1.2799999713897705,1.3300000429153442,19682
2024-05-13,1.3049999475479126,1.3049999475479126,1.3550000190734863,1.25,1.3550000190734863,15658
2024-05-14,1.309999942779541,1.309999942779541,1.309999942779541,1.3049999475479126,1.3049999475479126,5731
2024-05-15,1.315000057220459,1.315000057220459,1.3350000381469727,1.2999999523162842,1.3350000381469727,3680
2024-05-16,1.315000057220459,1.315000057220459,1.350000023841858,1.315000057220459,1.340000033378601,8223
2024-05-17,1.3450000286102295,1.3450000286102295,1.350000023841858,1.309999942779541,1.350000023841858,10572
2024-05-20,1.3600000143051147,1.3600000143051147,1.3600000143051147,1.3450000286102295,1.3450000286102295,1293
2024-05-21,1.3650000095367432,1.3650000095367432,1.3650000095367432,1.3450000286102295,1.3600000143051147,1342
2024-05-22,1.3700000047683716,1.3700000047683716,1.3700000047683716,1.309999942779541,1.309999942779541,25
2024-05-23,1.3450000286102295,1.3450000286102295,1.3700000047683716,1.3300000429153442,1.3700000047683716,2662
2024-05-24,1.3600000143051147,1.3600000143051147,1.3600000143051147,1.3300000429153442,1.3300000429153442,2064
2024-05-27,1.340000033378601,1.340000033378601,1.375,1.309999942779541,1.375,7811
2024-05-28,1.3700000047683716,1.3700000047683716,1.3700000047683716,1.3450000286102295,1.3450000286102295,8483
2024-05-29,1.3949999809265137,1.3949999809265137,1.409999966621399,1.340000033378601,1.3700000047683716,7820
2024-05-30,1.4049999713897705,1.4049999713897705,1.4700000286102295,1.350000023841858,1.4149999618530273,22952
2024-05-31,1.4199999570846558,1.4199999570846558,1.4700000286102295,1.4149999618530273,1.4149999618530273,23173
2024-06-03,1.440000057220459,1.440000057220459,1.5,1.409999966621399,1.4249999523162842,11469
2024-06-04,1.5,1.5,1.5399999618530273,1.4600000381469727,1.4700000286102295,11818
2024-06-05,1.475000023841858,1.475000023841858,1.5,1.434999942779541,1.5,2597
2024-06-06,1.4900000095367432,1.4900000095367432,1.5,1.4299999475479126,1.5,7420
2024-06-07,1.4600000381469727,1.4600000381469727,1.475000023841858,1.440000057220459,1.440000057220459,11139
2024-06-10,1.4500000476837158,1.4500000476837158,1.4500000476837158,1.440000057220459,1.4500000476837158,2170
2024-06-11,1.4450000524520874,1.4450000524520874,1.4450000524520874,1.4299999475479126,1.4450000524520874,805
2024-06-12,1.465000033378601,1.465000033378601,1.465000033378601,1.399999976158142,1.434999942779541,3624
2024-06-13,1.4500000476837158,1.4500000476837158,1.4600000381469727,1.4500000476837158,1.4550000429153442,4908
2024-06-14,1.409999966621399,1.409999966621399,1.4500000476837158,1.409999966621399,1.4500000476837158,3743
2024-06-17,1.4550000429153442,1.4550000429153442,1.465000033378601,1.4149999618530273,1.4199999570846558,2272
2024-06-18,1.4249999523162842,1.4249999523162842,1.4600000381469727,1.4249999523162842,1.4600000381469727,1567
2024-06-19,1.3899999856948853,1.3899999856948853,1.4700000286102295,1.3899999856948853,1.409999966621399,6337
2024-06-20,1.4550000429153442,1.4550000429153442,1.465000033378601,1.3899999856948853,1.4450000524520874,316
2024-06-24,1.440000057220459,1.440000057220459,1.4450000524520874,1.3899999856948853,1.4450000524520874,1222
2024-06-25,1.475000023841858,1.475000023841858,1.5,1.475000023841858,1.475000023841858,14185
2024-06-26,1.4800000190734863,1.4800000190734863,1.4800000190734863,1.4500000476837158,1.475000023841858,1542
2024-06-27,1.475000023841858,1.475000023841858,1.5,1.399999976158142,1.4800000190734863,1611
2024-06-28,1.4600000381469727,1.4600000381469727,1.4600000381469727,1.4600000381469727,1.4600000381469727,29
2024-07-01,1.465000033378601,1.465000033378601,1.5099999904632568,1.3799999952316284,1.4600000381469727,2464
2024-07-02,1.465000033378601,1.465000033378601,1.4800000190734863,1.399999976158142,1.4800000190734863,206
2024-07-03,1.465000033378601,1.465000033378601,1.465000033378601,1.3899999856948853,1.4199999570846558,5185
2024-07-04,1.4550000429153442,1.4550000429153442,1.465000033378601,1.375,1.4299999475479126,6222
2024-07-05,1.4450000524520874,1.4450000524520874,1.4550000429153442,1.399999976158142,1.4049999713897705,6894
2024-07-08,1.4500000476837158,1.4500000476837158,1.4500000476837158,1.4049999713897705,1.4450000524520874,2792
2024-07-09,1.4800000190734863,1.4800000190734863,1.5149999856948853,1.409999966621399,1.409999966621399,1861
2024-07-10,1.440000057220459,1.440000057220459,1.4700000286102295,1.409999966621399,1.409999966621399,1326
2024-07-11,1.434999942779541,1.434999942779541,1.434999942779541,1.399999976158142,1.399999976158142,1130
2024-07-12,1.440000057220459,1.440000057220459,1.440000057220459,1.3650000095367432,1.399999976158142,1485
2024-07-15,1.3949999809265137,1.3949999809265137,1.4450000524520874,1.340000033378601,1.4450000524520874,2616
2024-07-16,1.3949999809265137,1.3949999809265137,1.3949999809265137,1.3600000143051147,1.3600000143051147,776
2024-07-17,1.409999966621399,1.409999966621399,1.409999966621399,1.3600000143051147,1.3600000143051147,2327
2024-07-18,1.409999966621399,1.409999966621399,1.409999966621399,1.409999966621399,1.409999966621399,1
2024-07-19,1.409999966621399,1.409999966621399,1.409999966621399,1.409999966621399,1.409999966621399,0
2024-07-22,1.3799999952316284,1.3799999952316284,1.4049999713897705,1.3799999952316284,1.4049999713897705,410
2024-07-23,1.3799999952316284,1.3799999952316284,1.3799999952316284,1.3600000143051147,1.3799999952316284,124
2024-07-24,1.4299999475479126,1.4299999475479126,1.4299999475479126,1.3600000143051147,1.3799999952316284,1847
2024-07-25,1.409999966621399,1.409999966621399,1.4700000286102295,1.340000033378601,1.3600000143051147,10638
2024-07-26,1.465000033378601,1.465000033378601,1.465000033378601,1.399999976158142,1.4149999618530273,228
2024-07-29,1.3600000143051147,1.3600000143051147,1.465000033378601,1.2899999618530273,1.465000033378601,24106
2024-07-30,1.3600000143051147,1.3600000143051147,1.3650000095367432,1.340000033378601,1.3600000143051147,1608
2024-07-31,1.3799999952316284,1.3799999952316284,1.4700000286102295,1.3250000476837158,1.3550000190734863,4710
2024-08-01,1.3799999952316284,1.3799999952316284,1.4500000476837158,1.340000033378601,1.3849999904632568,4327
2024-08-02,1.340000033378601,1.340000033378601,1.3799999952316284,1.2799999713897705,1.3799999952316284,21688
2024-08-05,1.375,1.375,1.4149999618530273,1.2050000429153442,1.3350000381469727,2470
2024-08-06,1.2899999618530273,1.2899999618530273,1.3650000095367432,1.225000023841858,1.3650000095367432,20622
2024-08-07,1.2599999904632568,1.2599999904632568,1.2799999713897705,1.2400000095367432,1.2799999713897705,5557
2024-08-08,1.274999976158142,1.274999976158142,1.2799999713897705,1.225000023841858,1.2300000190734863,6756
2024-08-09,1.2699999809265137,1.2699999809265137,1.284999966621399,1.2300000190734863,1.284999966621399,17196
2024-08-12,1.2799999713897705,1.2799999713897705,1.284999966621399,1.225000023841858,1.2699999809265137,15037
2024-08-13,1.284999966621399,1.284999966621399,1.2899999618530273,1.225000023841858,1.2899999618530273,9001
2024-08-14,1.284999966621399,1.284999966621399,1.284999966621399,1.2350000143051147,1.284999966621399,1904
2024-08-15,1.2799999713897705,1.2799999713897705,1.284999966621399,1.2200000286102295,1.2300000190734863,19077
2024-08-16,1.2899999618530273,1.2899999618530273,1.2949999570846558,1.225000023841858,1.2799999713897705,20234
2024-08-19,1.2799999713897705,1.2799999713897705,1.2899999618530273,1.2649999856948853,1.2899999618530273,570
2024-08-20,1.274999976158142,1.274999976158142,1.2799999713897705,1.2450000047683716,1.2799999713897705,3062
2024-08-21,1.2699999809265137,1.2699999809265137,1.274999976158142,1.25,1.274999976158142,6807
2024-08-22,1.2450000047683716,1.2450000047683716,1.2949999570846558,1.2200000286102295,1.2949999570846558,25563
2024-08-23,1.2400000095367432,1.2400000095367432,1.2450000047683716,1.2050000429153442,1.2400000095367432,4623
2024-08-26,1.2350000143051147,1.2350000143051147,1.2400000095367432,1.2100000381469727,1.2400000095367432,12617
2024-08-27,1.2300000190734863,1.2300000190734863,1.2400000095367432,1.2100000381469727,1.2400000095367432,7195
2024-08-28,1.2300000190734863,1.2300000190734863,1.2450000047683716,1.2300000190734863,1.2450000047683716,12
2024-08-29,1.2400000095367432,1.2400000095367432,1.25,1.2000000476837158,1.2000000476837158,5695
2024-08-30,1.25,1.25,1.25,1.2000000476837158,1.2450000047683716,5546
2024-09-02,1.2400000095367432,1.2400000095367432,1.25,1.2300000190734863,1.2450000047683716,12177
2024-09-03,1.2400000095367432,1.2400000095367432,1.2799999713897705,1.2200000286102295,1.2300000190734863,4869
2024-09-04,1.274999976158142,1.274999976158142,1.274999976158142,1.190000057220459,1.2400000095367432,1807
2024-09-05,1.2350000143051147,1.2350000143051147,1.274999976158142,1.184999942779541,1.274999976158142,19635
2024-09-06,1.2350000143051147,1.2350000143051147,1.2649999856948853,1.215000033378601,1.2400000095367432,2684
2024-09-09,1.225000023841858,1.225000023841858,1.2649999856948853,1.190000057220459,1.190000057220459,2466
2024-09-10,1.2300000190734863,1.2300000190734863,1.25,1.2050000429153442,1.25,3116
2024-09-11,1.274999976158142,1.274999976158142,1.2799999713897705,1.2100000381469727,1.2100000381469727,12927
2024-09-12,1.399999976158142,1.399999976158142,1.4049999713897705,1.2100000381469727,1.2400000095367432,38462
2024-09-13,1.3600000143051147,1.3600000143051147,1.3899999856948853,1.2799999713897705,1.3899999856948853,5841
2024-09-16,1.309999942779541,1.309999942779541,1.350000023841858,1.2699999809265137,1.350000023841858,3692
2024-09-17,1.3200000524520874,1.3200000524520874,1.3250000476837158,1.274999976158142,1.3250000476837158,2804
2024-09-18,1.3200000524520874,1.3200000524520874,1.3200000524520874,1.2999999523162842,1.3200000524520874,1993
2024-09-19,1.3250000476837158,1.3250000476837158,1.3550000190734863,1.3250000476837158,1.3550000190734863,132
2024-09-20,1.3200000524520874,1.3200000524520874,1.3650000095367432,1.3200000524520874,1.3450000286102295,5402
2024-09-23,1.3200000524520874,1.3200000524520874,1.3200000524520874,1.2999999523162842,1.309999942779541,4873
2024-09-24,1.3700000047683716,1.3700000047683716,1.3700000047683716,1.3350000381469727,1.340000033378601,17222
2024-09-25,1.3799999952316284,1.3799999952316284,1.3949999809265137,1.350000023841858,1.3700000047683716,18383
2024-09-26,1.4149999618530273,1.4149999618530273,1.465000033378601,1.3899999856948853,1.3899999856948853,20592
2024-09-27,1.4149999618530273,1.4149999618530273,1.4149999618530273,1.399999976158142,1.4149999618530273,4307
2024-09-30,1.4149999618530273,1.4149999618530273,1.4149999618530273,1.399999976158142,1.399999976158142,1419
2024-10-01,1.475000023841858,1.475000023841858,1.4900000095367432,1.4049999713897705,1.409999966621399,13810
2024-10-02,1.4800000190734863,1.4800000190734863,1.5,1.4500000476837158,1.475000023841858,24077
2024-10-03,1.4800000190734863,1.4800000190734863,1.5,1.434999942779541,1.5,3419
2024-10-04,1.475000023841858,1.475000023841858,1.475000023841858,1.4500000476837158,1.475000023841858,299
2024-10-07,1.4500000476837158,1.4500000476837158,1.4550000429153442,1.4249999523162842,1.4550000429153442,4876
2024-10-08,1.4700000286102295,1.4700000286102295,1.4700000286102295,1.4500000476837158,1.4500000476837158,7641
2024-10-09,1.3949999809265137,1.3949999809265137,1.440000057220459,1.3849999904632568,1.440000057220459,8891
2024-10-10,1.4199999570846558,1.4199999570846558,1.4299999475479126,1.3899999856948853,1.3899999856948853,7921
2024-10-11,1.4199999570846558,1.4199999570846558,1.4249999523162842,1.3849999904632568,1.3899999856948853,2857
2024-10-14,1.4149999618530273,1.4149999618530273,1.4199999570846558,1.3849999904632568,1.409999966621399,3343
2024-10-15,1.3899999856948853,1.3899999856948853,1.4149999618530273,1.3849999904632568,1.3849999904632568,2195
2024-10-16,1.3799999952316284,1.3799999952316284,1.3899999856948853,1.3799999952316284,1.3849999904632568,1370
2024-10-17,1.3700000047683716,1.3700000047683716,1.3949999809265137,1.3700000047683716,1.3799999952316284,7208
2024-10-18,1.3700000047683716,1.3700000047683716,1.3700000047683716,1.3700000047683716,1.3700000047683716,1156
2024-10-21,1.3700000047683716,1.3700000047683716,1.399999976158142,1.3700000047683716,1.399999976158142,8201
2024-10-22,1.3700000047683716,1.3700000047683716,1.3700000047683716,1.3700000047683716,1.3700000047683716,5751
2024-10-23,1.3650000095367432,1.3650000095367432,1.3700000047683716,1.350000023841858,1.3700000047683716,177
2024-10-24,1.2699999809265137,1.2699999809265137,1.350000023841858,1.2400000095367432,1.350000023841858,11119
2024-10-25,1.2699999809265137,1.2699999809265137,1.2699999809265137,1.190000057220459,1.2699999809265137,24591
2024-10-28,1.2699999809265137,1.2699999809265137,1.2899999618530273,1.2200000286102295,1.2300000190734863,24458
2024-10-29,1.284999966621399,1.284999966621399,1.2999999523162842,1.2549999952316284,1.2699999809265137,1263
2024-10-30,1.284999966621399,1.284999966621399,1.2899999618530273,1.2549999952316284,1.2549999952316284,6922
2024-10-31,1.2899999618530273,1.2899999618530273,1.2949999570846558,1.2450000047683716,1.25,8511
2024-11-01,1.2899999618530273,1.2899999618530273,1.3300000429153442,1.2899999618530273,1.2999999523162842,5448
2024-11-04,1.2949999570846558,1.2949999570846558,1.2949999570846558,1.2400000095367432,1.2899999618530273,39393
2024-11-05,1.284999966621399,1.284999966621399,1.2999999523162842,1.2350000143051147,1.2899999618530273,5029
2024-11-06,1.2400000095367432,1.2400000095367432,1.2899999618530273,1.2400000095367432,1.2400000095367432,11757
2024-11-07,1.2300000190734863,1.2300000190734863,1.2400000095367432,1.2100000381469727,1.2400000095367432,8585
2024-11-08,1.2400000095367432,1.2400000095367432,1.350000023841858,1.2200000286102295,1.2200000286102295,24175
2024-11-11,1.2450000047683716,1.2450000047683716,1.3450000286102295,1.2450000047683716,1.2949999570846558,1823
2024-11-12,1.25,1.25,1.340000033378601,1.2000000476837158,1.340000033378601,2749
2024-11-13,1.2450000047683716,1.2450000047683716,1.3200000524520874,1.149999976158142,1.3200000524520874,12520
2024-11-14,1.25,1.25,1.25,1.184999942779541,1.184999942779541,2955
2024-11-15,1.2100000381469727,1.2100000381469727,1.2549999952316284,1.2000000476837158,1.2200000286102295,11592
2024-11-18,1.2100000381469727,1.2100000381469727,1.2300000190734863,1.2000000476837158,1.2100000381469727,20867
2024-11-19,1.2100000381469727,1.2100000381469727,1.2100000381469727,1.1799999475479126,1.2100000381469727,4617
2024-11-20,1.2100000381469727,1.2100000381469727,1.215000033378601,1.1950000524520874,1.2100000381469727,6261
2024-11-21,1.2000000476837158,1.2000000476837158,1.2100000381469727,1.1649999618530273,1.190000057220459,11374
2024-11-22,1.190000057220459,1.190000057220459,1.225000023841858,1.159999966621399,1.1699999570846558,18862
2024-11-25,1.190000057220459,1.190000057220459,1.2549999952316284,1.190000057220459,1.2549999952316284,1218
2024-11-26,1.2000000476837158,1.2000000476837158,1.2000000476837158,1.1549999713897705,1.1950000524520874,6304
2024-11-27,1.100000023841858,1.100000023841858,1.2000000476837158,1.0950000286102295,1.2000000476837158,65404
2024-11-28,1.1100000143051147,1.1100000143051147,1.1100000143051147,1.0800000429153442,1.100000023841858,6828
2024-11-29,1.1050000190734863,1.1050000190734863,1.1150000095367432,1.0850000381469727,1.1100000143051147,7510
2024-12-02,1.1749999523162842,1.1749999523162842,1.1749999523162842,1.065000057220459,1.1050000190734863,15669
2024-12-03,1.1349999904632568,1.1349999904632568,1.1799999475479126,1.100000023841858,1.1749999523162842,3022
2024-12-04,1.1399999856948853,1.1399999856948853,1.149999976158142,1.0800000429153442,1.1299999952316284,13854
2024-12-05,1.1200000047683716,1.1200000047683716,1.1299999952316284,1.0950000286102295,1.1299999952316284,16429
2024-12-09,1.190000057220459,1.190000057220459,1.190000057220459,1.1299999952316284,1.1299999952316284,16860
2024-12-10,1.1749999523162842,1.1749999523162842,1.2200000286102295,1.1299999952316284,1.2200000286102295,4240
2024-12-11,1.2100000381469727,1.2100000381469727,1.2350000143051147,1.1299999952316284,1.215000033378601,10588
2024-12-12,1.1799999475479126,1.1799999475479126,1.2100000381469727,1.1349999904632568,1.2100000381469727,4613
2024-12-13,1.2000000476837158,1.2000000476837158,1.2000000476837158,1.125,1.1399999856948853,11414
2024-12-16,1.0950000286102295,1.0950000286102295,1.1799999475479126,1.0800000429153442,1.1799999475479126,68498
2024-12-17,1.149999976158142,1.149999976158142,1.149999976158142,1.0449999570846558,1.0800000429153442,42729
2024-12-18,1.1150000095367432,1.1150000095367432,1.1449999809265137,1.0800000429153442,1.1449999809265137,10401
2024-12-19,1.159999966621399,1.159999966621399,1.159999966621399,1.0399999618530273,1.1150000095367432,18761
2024-12-20,1.159999966621399,1.159999966621399,1.184999942779541,1.125,1.184999942779541,26585
2024-12-23,1.190000057220459,1.190000057220459,1.2000000476837158,1.1449999809265137,1.159999966621399,24793
2024-12-27,1.1449999809265137,1.1449999809265137,1.1649999618530273,1.1150000095367432,1.159999966621399,12893
2024-12-30,1.1200000047683716,1.1200000047683716,1.1449999809265137,1.0850000381469727,1.1349999904632568,112789
2025-01-02,1.149999976158142,1.149999976158142,1.1549999713897705,1.1200000047683716,1.1200000047683716,23909
2025-01-03,1.2000000476837158,1.2000000476837158,1.25,1.149999976158142,1.149999976158142,65582
2025-01-07,1.2949999570846558,1.2949999570846558,1.2949999570846558,1.2050000429153442,1.2050000429153442,15069
2025-01-08,1.274999976158142,1.274999976158142,1.2949999570846558,1.2350000143051147,1.2949999570846558,6310
2025-01-09,1.25,1.25,1.2949999570846558,1.2350000143051147,1.274999976158142,4539
2025-01-10,1.25,1.25,1.25,1.2100000381469727,1.25,8555
2025-01-13,1.25,1.25,1.25,1.2200000286102295,1.2300000190734863,2711
2025-01-14,1.1799999475479126,1.1799999475479126,1.25,1.149999976158142,1.25,12727
2025-01-15,1.2000000476837158,1.2000000476837158,1.2000000476837158,1.1699999570846558,1.1950000524520874,11602
2025-01-16,1.2000000476837158,1.2000000476837158,1.284999966621399,1.159999966621399,1.2000000476837158,6640
2025-01-17,1.2450000047683716,1.2450000047683716,1.2799999713897705,1.1799999475479126,1.1799999475479126,672
2025-01-20,1.2000000476837158,1.2000000476837158,1.25,1.184999942779541,1.25,13445
2025-01-21,1.2100000381469727,1.2100000381469727,1.2699999809265137,1.1699999570846558,1.184999942779541,9326
2025-01-22,1.2000000476837158,1.2000000476837158,1.2649999856948853,1.2000000476837158,1.2100000381469727,1411
2025-01-23,1.2000000476837158,1.2000000476837158,1.2549999952316284,1.159999966621399,1.2000000476837158,10419
2025-01-24,1.1799999475479126,1.1799999475479126,1.2350000143051147,1.1699999570846558,1.2000000476837158,3976
2025-01-27,1.215000033378601,1.215000033378601,1.2200000286102295,1.184999942779541,1.184999942779541,1610
2025-01-28,1.1950000524520874,1.1950000524520874,1.2200000286102295,1.1799999475479126,1.2200000286102295,6225
2025-01-29,1.2000000476837158,1.2000000476837158,1.2100000381469727,1.1349999904632568,1.2100000381469727,3036
2025-01-30,1.2100000381469727,1.2100000381469727,1.2350000143051147,1.159999966621399,1.2000000476837158,10429
2025-01-31,1.2350000143051147,1.2350000143051147,1.2350000143051147,1.2000000476837158,1.2350000143051147,4026
2025-02-03,1.2350000143051147,1.2350000143051147,1.2350000143051147,1.2000000476837158,1.2000000476837158,3188
2025-02-04,1.2300000190734863,1.2300000190734863,1.2350000143051147,1.2000000476837158,1.2000000476837158,2066
2025-02-05,1.2400000095367432,1.2400000095367432,1.2400000095367432,1.215000033378601,1.2200000286102295,11190
2025-02-06,1.2300000190734863,1.2300000190734863,1.2400000095367432,1.1799999475479126,1.2400000095367432,10794
2025-02-07,1.225000023841858,1.225000023841858,1.225000023841858,1.1799999475479126,1.2000000476837158,1739
2025-02-10,1.2200000286102295,1.2200000286102295,1.2200000286102295,1.1749999523162842,1.2000000476837158,12278
2025-02-11,1.215000033378601,1.215000033378601,1.2200000286102295,1.1749999523162842,1.190000057220459,10442
2025-02-12,1.190000057220459,1.190000057220459,1.215000033378601,1.1749999523162842,1.215000033378601,3966
2025-02-13,1.1299999952316284,1.1299999952316284,1.184999942779541,1.090000033378601,1.090000033378601,77014
2025-02-14,0.9700000286102295,0.9700000286102295,1.1299999952316284,0.9599999785423279,1.1299999952316284,184101
2025-02-17,0.9679999947547913,0.9679999947547913,1.0,0.949999988079071,0.9700000286102295,37428
2025-02-18,0.9639999866485596,0.9639999866485596,0.9900000095367432,0.9639999866485596,0.9679999947547913,16046
2025-02-19,0.9340000152587891,0.9340000152587891,0.9639999866485596,0.9200000166893005,0.9639999866485596,29257
2025-02-20,0.8119999766349792,0.8119999766349792,0.9639999866485596,0.8119999766349792,0.9399999976158142,119603
2025-02-21,0.8199999928474426,0.8199999928474426,0.8600000143051147,0.8100000023841858,0.8119999766349792,55320
2025-02-24,0.8539999723434448,0.8539999723434448,0.8560000061988831,0.8199999928474426,0.8199999928474426,34455
2025-02-25,0.8399999737739563,0.8399999737739563,0.8539999723434448,0.8059999942779541,0.8539999723434448,24903
2025-02-26,0.8199999928474426,0.8199999928474426,0.8579999804496765,0.8119999766349792,0.8399999737739563,7135
2025-02-27,0.8240000009536743,0.8240000009536743,0.8299999833106995,0.7839999794960022,0.8299999833106995,22014
2025-02-28,0.7979999780654907,0.7979999780654907,0.8240000009536743,0.7799999713897705,0.8240000009536743,22627
2025-03-03,0.8220000267028809,0.8220000267028809,0.8379999995231628,0.8100000023841858,0.8100000023841858,892
2025-03-04,0.8100000023841858,0.8100000023841858,0.8399999737739563,0.800000011920929,0.8299999833106995,4247
2025-03-05,0.7979999780654907,0.7979999780654907,0.8100000023841858,0.7720000147819519,0.8100000023841858,21761
2025-03-06,0.828000009059906,0.828000009059906,0.828000009059906,0.765999972820282,0.800000011920929,10322
2025-03-07,0.8080000281333923,0.8080000281333923,0.8259999752044678,0.7820000052452087,0.8259999752044678,17227
2025-03-10,0.828000009059906,0.828000009059906,0.828000009059906,0.8019999861717224,0.8080000281333923,4223
2025-03-11,0.8259999752044678,0.8259999752044678,0.828000009059906,0.8259999752044678,0.828000009059906,1192
2025-03-12,0.828000009059906,0.828000009059906,0.8460000157356262,0.8240000009536743,0.8259999752044678,128
2025-03-13,0.8500000238418579,0.8500000238418579,0.8500000238418579,0.828000009059906,0.828000009059906,1303
2025-03-14,0.8420000076293945,0.8420000076293945,0.8500000238418579,0.8420000076293945,0.8479999899864197,4956
2025-03-17,0.8240000009536743,0.8240000009536743,0.8399999737739563,0.800000011920929,0.8220000267028809,9526
2025-03-18,0.843999981880188,0.843999981880188,0.843999981880188,0.8059999942779541,0.8240000009536743,4867
2025-03-19,0.8259999752044678,0.8259999752044678,0.843999981880188,0.8199999928474426,0.843999981880188,1730
2025-03-20,0.8339999914169312,0.8339999914169312,0.8420000076293945,0.7879999876022339,0.8199999928474426,21619
2025-03-21,0.828000009059906,0.828000009059906,0.828000009059906,0.7979999780654907,0.828000009059906,2823
2025-03-24,0.8500000238418579,0.8500000238418579,0.8500000238418579,0.800000011920929,0.800000011920929,8855
2025-03-25,0.8399999737739563,0.8399999737739563,0.8500000238418579,0.8100000023841858,0.8500000238418579,4238
2025-03-26,0.8500000238418579,0.8500000238418579,0.8500000238418579,0.8500000238418579,0.8500000238418579,259
2025-03-27,0.8500000238418579,0.8500000238418579,0.8500000238418579,0.8040000200271606,0.8500000238418579,2485
2025-03-28,0.8500000238418579,0.8500000238418579,0.8500000238418579,0.8379999995231628,0.8379999995231628,4074
2025-03-31,0.8500000238418579,0.8500000238418579,0.8500000238418579,0.8199999928474426,0.8500000238418579,4192
2025-04-01,0.828000009059906,0.828000009059906,0.8299999833106995,0.800000011920929,0.8299999833106995,10106
2025-04-02,0.8100000023841858,0.8100000023841858,0.8100000023841858,0.7599999904632568,0.8100000023841858,12266
2025-04-03,0.7860000133514404,0.7860000133514404,0.7860000133514404,0.7319999933242798,0.7760000228881836,38101
2025-04-04,0.6980000138282776,0.6980000138282776,0.7799999713897705,0.6000000238418579,0.7319999933242798,66990
2025-04-07,0.6880000233650208,0.6880000233650208,0.6980000138282776,0.6200000047683716,0.6980000138282776,44307
2025-04-08,0.7440000176429749,0.7440000176429749,0.7799999713897705,0.6880000233650208,0.6880000233650208,14868
2025-04-09,0.6679999828338623,0.6679999828338623,0.7440000176429749,0.6420000195503235,0.7440000176429749,163793
2025-04-10,0.7279999852180481,0.7279999852180481,0.7979999780654907,0.6800000071525574,0.722000002861023,44717
2025-04-11,0.7080000042915344,0.7080000042915344,0.7279999852180481,0.6439999938011169,0.7279999852180481,25856
2025-04-14,0.6399999856948853,0.6399999856948853,0.7080000042915344,0.6399999856948853,0.7080000042915344,14443
2025-04-15,0.699999988079071,0.699999988079071,0.699999988079071,0.6499999761581421,0.6499999761581421,12535
2025-04-16,0.7680000066757202,0.7680000066757202,0.7680000066757202,0.699999988079071,0.7279999852180481,15121
2025-04-17,0.7680000066757202,0.7680000066757202,0.7699999809265137,0.7680000066757202,0.7699999809265137,4270
2025-04-22,0.7239999771118164,0.7239999771118164,0.7680000066757202,0.7099999785423279,0.7680000066757202,10896
2025-04-23,0.7020000219345093,0.7020000219345093,0.7239999771118164,0.6959999799728394,0.7239999771118164,5578
2025-04-24,0.6759999990463257,0.6759999990463257,0.7120000123977661,0.6759999990463257,0.7099999785423279,6820
2025-04-25,0.6840000152587891,0.6840000152587891,0.6959999799728394,0.6800000071525574,0.6919999718666077,15465
2025-04-28,0.6539999842643738,0.6539999842643738,0.7020000219345093,0.6499999761581421,0.7020000219345093,58662
2025-04-29,0.6499999761581421,0.6499999761581421,0.6899999976158142,0.6380000114440918,0.656000018119812,21601
2025-04-30,0.7279999852180481,0.7279999852180481,0.7400000095367432,0.6299999952316284,0.6499999761581421,457563
2025-05-02,0.7300000190734863,0.7300000190734863,0.734000027179718,0.6880000233650208,0.7239999771118164,654942
2025-05-05,0.6980000138282776,0.6980000138282776,0.7239999771118164,0.6840000152587891,0.7239999771118164,125813
2025-05-06,0.6700000166893005,0.6700000166893005,0.6959999799728394,0.6700000166893005,0.6959999799728394,97119
2025-05-07,0.6779999732971191,0.6779999732971191,0.6899999976158142,0.6600000262260437,0.6899999976158142,119955
2025-05-08,0.699999988079071,0.699999988079071,0.7039999961853027,0.6299999952316284,0.6700000166893005,188649
2025-05-09,0.7200000286102295,0.7200000286102295,0.7200000286102295,0.6700000166893005,0.6700000166893005,106054
2025-05-12,0.7120000123977661,0.7120000123977661,0.7300000190734863,0.7120000123977661,0.722000002861023,23676
2025-05-13,0.7480000257492065,0.7480000257492065,0.7480000257492065,0.7120000123977661,0.7120000123977661,13244
2025-05-14,0.7459999918937683,0.7459999918937683,0.75,0.6899999976158142,0.75,39406
2025-05-15,0.7820000052452087,0.7820000052452087,0.7820000052452087,0.722000002861023,0.7379999756813049,17238
2025-05-16,0.7519999742507935,0.7519999742507935,0.7820000052452087,0.75,0.7820000052452087,6897
2025-05-19,0.7599999904632568,0.7599999904632568,0.7599999904632568,0.7480000257492065,0.7519999742507935,6314
2025-05-20,0.7480000257492065,0.7480000257492065,0.7599999904632568,0.7459999918937683,0.7599999904632568,915
2025-05-21,0.7559999823570251,0.7559999823570251,0.7559999823570251,0.7400000095367432,0.7400000095367432,14109
2025-05-22,0.7480000257492065,0.7480000257492065,0.7699999809265137,0.7419999837875366,0.7559999823570251,22659
2025-05-23,0.7160000205039978,0.7160000205039978,0.7480000257492065,0.7160000205039978,0.7480000257492065,16391
2025-05-26,0.7599999904632568,0.7599999904632568,0.7799999713897705,0.7160000205039978,0.7160000205039978,20585
2025-05-27,0.7699999809265137,0.7699999809265137,0.777999997138977,0.75,0.7599999904632568,2630
2025-05-28,0.7699999809265137,0.7699999809265137,0.800000011920929,0.7699999809265137,0.7839999794960022,5993
2025-05-30,0.8199999928474426,0.8199999928474426,0.8299999833106995,0.7760000228881836,0.777999997138977,65447
2025-06-02,0.8259999752044678,0.8259999752044678,0.8479999899864197,0.8199999928474426,0.8199999928474426,27356
2025-06-03,0.8360000252723694,0.8360000252723694,0.843999981880188,0.8100000023841858,0.8299999833106995,6206
2025-06-04,0.8379999995231628,0.8379999995231628,0.8500000238418579,0.8360000252723694,0.8360000252723694,22886
2025-06-05,0.8460000157356262,0.8460000157356262,0.8700000047683716,0.800000011920929,0.800000011920929,18814
2025-06-06,0.8700000047683716,0.8700000047683716,0.8700000047683716,0.8500000238418579,0.8500000238418579,9751
2025-06-09,0.8859999775886536,0.8859999775886536,0.906000018119812,0.871999979019165,0.8999999761581421,8582
2025-06-10,0.8799999952316284,0.8799999952316284,0.8859999775886536,0.8519999980926514,0.8859999775886536,5400
2025-06-11,0.878000020980835,0.878000020980835,0.878000020980835,0.8560000061988831,0.878000020980835,2380
2025-06-12,0.8159999847412109,0.8159999847412109,0.8700000047683716,0.8159999847412109,0.8700000047683716,2155
2025-06-13,0.8159999847412109,0.8159999847412109,0.8399999737739563,0.8100000023841858,0.8100000023841858,5915
2025-06-16,0.8059999942779541,0.8059999942779541,0.8399999737739563,0.8059999942779541,0.8159999847412109,4865
2025-06-17,0.8399999737739563,0.8399999737739563,0.8399999737739563,0.8080000281333923,0.8199999928474426,7638
2025-06-18,0.8360000252723694,0.8360000252723694,0.8399999737739563,0.800000011920929,0.800000011920929,50173
2025-06-19,0.765999972820282,0.765999972820282,0.8379999995231628,0.7400000095367432,0.8360000252723694,63817
2025-06-23,0.75,0.75,0.7900000214576721,0.7419999837875366,0.7760000228881836,15302
2025-06-24,0.7599999904632568,0.7599999904632568,0.7599999904632568,0.7400000095367432,0.75,24886
2025-06-25,0.7799999713897705,0.7799999713897705,0.8159999847412109,0.7580000162124634,0.8159999847412109,40005
2025-06-26,0.8339999914169312,0.8339999914169312,0.8700000047683716,0.7699999809265137,0.800000011920929,89063
2025-06-27,0.8859999775886536,0.8859999775886536,0.8899999856948853,0.8299999833106995,0.8899999856948853,97394
2025-06-30,0.9419999718666077,0.9419999718666077,0.9559999704360962,0.8859999775886536,0.8880000114440918,112100
2025-07-01,1.059999942779541,1.059999942779541,1.059999942779541,0.949999988079071,0.949999988079071,126546
2025-07-02,0.949999988079071,0.949999988079071,1.0700000524520874,0.949999988079071,1.059999942779541,116962
2025-07-03,1.0199999809265137,1.0199999809265137,1.0199999809265137,0.9620000123977661,0.9819999933242798,60623
2025-07-04,0.9620000123977661,0.9620000123977661,1.090000033378601,0.9599999785423279,1.0199999809265137,99677
2025-07-07,0.9760000109672546,0.9760000109672546,0.9900000095367432,0.9639999866485596,0.9639999866485596,3894
2025-07-08,0.9760000109672546,0.9760000109672546,1.0049999952316284,0.9760000109672546,0.9800000190734863,12950
2025-07-09,1.034999966621399,1.034999966621399,1.034999966621399,0.9800000190734863,0.9879999756813049,14136
2025-07-10,0.9679999947547913,0.9679999947547913,1.059999942779541,0.9539999961853027,1.034999966621399,51404
2025-07-11,0.9879999756813049,0.9879999756813049,0.9980000257492065,0.9700000286102295,0.972000002861023,6252
2025-07-14,0.9580000042915344,0.9580000042915344,0.9879999756813049,0.9359999895095825,0.9879999756813049,15449
2025-07-15,0.9480000138282776,0.9480000138282776,0.9580000042915344,0.9200000166893005,0.9580000042915344,31218
2025-07-16,0.9259999990463257,0.9259999990463257,0.9599999785423279,0.9200000166893005,0.9599999785423279,9464
2025-07-17,0.9700000286102295,0.9700000286102295,1.0499999523162842,0.9599999785423279,0.9599999785423279,19642
2025-07-18,0.9800000190734863,0.9800000190734863,0.9900000095367432,0.9700000286102295,0.9900000095367432,12302
2025-07-21,0.9700000286102295,0.9700000286102295,0.9879999756813049,0.9700000286102295,0.9800000190734863,9568
2025-07-22,0.9599999785423279,0.9599999785423279,0.9800000190734863,0.921999990940094,0.9800000190734863,11925
2025-07-23,0.9300000071525574,0.9300000071525574,0.9779999852180481,0.9300000071525574,0.972000002861023,2158
2025-07-24,0.9760000109672546,0.9760000109672546,0.9779999852180481,0.9359999895095825,0.9599999785423279,11889
2025-07-25,0.9679999947547913,0.9679999947547913,0.9760000109672546,0.9580000042915344,0.9760000109672546,14206
2025-07-28,0.9900000095367432,0.9900000095367432,1.0099999904632568,0.9900000095367432,0.9919999837875366,22324
2025-07-29,0.9620000123977661,0.9620000123977661,0.9879999756813049,0.9620000123977661,0.9879999756813049,5862
2025-07-30,0.9340000152587891,0.9340000152587891,0.9660000205039978,0.9319999814033508,0.9620000123977661,15111
2025-07-31,0.9259999990463257,0.9259999990463257,0.9700000286102295,0.921999990940094,0.9319999814033508,30619
2025-08-01,0.9079999923706055,0.9079999923706055,0.9440000057220459,0.8960000276565552,0.9279999732971191,30420
2025-08-04,0.8899999856948853,0.8899999856948853,0.9419999718666077,0.8579999804496765,0.9419999718666077,22359
2025-08-05,0.9940000176429749,0.9940000176429749,0.9940000176429749,0.8899999856948853,0.8899999856948853,17150
2025-08-06,0.9380000233650208,0.9380000233650208,0.9879999756813049,0.8999999761581421,0.9039999842643738,13797
2025-08-07,0.9240000247955322,0.9240000247955322,0.9380000233650208,0.9100000262260437,0.9380000233650208,3166
2025-08-08,0.9259999990463257,0.9259999990463257,0.9259999990463257,0.8980000019073486,0.9200000166893005,11665
2025-08-11,0.9279999732971191,0.9279999732971191,0.9279999732971191,0.9100000262260437,0.9279999732971191,1007
2025-08-12,0.9100000262260437,0.9100000262260437,0.9279999732971191,0.8899999856948853,0.9279999732971191,11945
2025-08-13,0.8899999856948853,0.8899999856948853,0.9279999732971191,0.8899999856948853,0.9279999732971191,7263
2025-08-14,0.8640000224113464,0.8640000224113464,0.8880000114440918,0.8019999861717224,0.8579999804496765,16950
2025-08-15,0.878000020980835,0.878000020980835,0.9279999732971191,0.8420000076293945,0.8579999804496765,65287
2025-08-18,0.8579999804496765,0.8579999804496765,0.9100000262260437,0.8339999914169312,0.9100000262260437,23132
2025-08-19,0.8379999995231628,0.8379999995231628,0.8479999899864197,0.8220000267028809,0.8460000157356262,20590
2025-08-20,0.8220000267028809,0.8220000267028809,0.8479999899864197,0.8140000104904175,0.8220000267028809,18735
2025-08-21,0.7979999780654907,0.7979999780654907,0.800000011920929,0.7900000214576721,0.800000011920929,63460
2025-08-22,0.8180000185966492,0.8180000185966492,0.8320000171661377,0.800000011920929,0.800000011920929,15714
2025-08-25,0.8199999928474426,0.8199999928474426,0.828000009059906,0.7960000038146973,0.828000009059906,15672
2025-08-26,0.800000011920929,0.800000011920929,0.8199999928474426,0.7900000214576721,0.8199999928474426,7748
2025-08-27,0.8019999861717224,0.8019999861717224,0.8180000185966492,0.8019999861717224,0.8180000185966492,6877
2025-08-28,0.8180000185966492,0.8180000185966492,0.8180000185966492,0.8180000185966492,0.8180000185966492,352
2025-08-29,0.7940000295639038,0.7940000295639038,0.8180000185966492,0.7940000295639038,0.8180000185966492,8250
2025-09-01,0.7960000038146973,0.7960000038146973,0.8199999928474426,0.7900000214576721,0.8199999928474426,31174
2025-09-02,0.7900000214576721,0.7900000214576721,0.8100000023841858,0.7879999876022339,0.7960000038146973,10950
2025-09-03,0.7979999780654907,0.7979999780654907,0.7979999780654907,0.777999997138977,0.7919999957084656,10303
2025-09-04,0.7960000038146973,0.7960000038146973,0.800000011920929,0.7960000038146973,0.7979999780654907,4351
2025-09-05,0.8140000104904175,0.8140000104904175,0.8600000143051147,0.7519999742507935,0.800000011920929,48107
2025-09-08,0.8379999995231628,0.8379999995231628,0.8500000238418579,0.8019999861717224,0.8100000023841858,18615
2025-09-09,0.8579999804496765,0.8579999804496765,0.8579999804496765,0.8059999942779541,0.8500000238418579,10293
2025-09-10,0.8679999709129333,0.8679999709129333,0.8700000047683716,0.8339999914169312,0.8579999804496765,56929
2025-09-11,0.8360000252723694,0.8360000252723694,0.8519999980926514,0.8360000252723694,0.8379999995231628,560
2025-09-12,0.8379999995231628,0.8379999995231628,0.8379999995231628,0.8299999833106995,0.8379999995231628,734
2025-09-15,0.8379999995231628,0.8379999995231628,0.8399999737739563,0.8299999833106995,0.8399999737739563,23925
2025-09-16,0.8299999833106995,0.8299999833106995,0.8500000238418579,0.8299999833106995,0.8379999995231628,36925
2025-09-17,0.8259999752044678,0.8259999752044678,0.8399999737739563,0.8180000185966492,0.8299999833106995,9338
2025-09-18,0.8460000157356262,0.8460000157356262,0.8479999899864197,0.8339999914169312,0.8379999995231628,6664
2025-09-19,0.8460000157356262,0.8460000157356262,0.8500000238418579,0.8460000157356262,0.8479999899864197,768
2025-09-22,0.843999981880188,0.843999981880188,0.8619999885559082,0.8199999928474426,0.8460000157356262,12100
2025-09-23,0.8600000143051147,0.8600000143051147,0.8600000143051147,0.8399999737739563,0.843999981880188,10547
2025-09-24,0.8600000143051147,0.8600000143051147,0.8600000143051147,0.8600000143051147,0.8600000143051147,273
2025-09-25,0.8199999928474426,0.8199999928474426,0.8399999737739563,0.8199999928474426,0.8220000267028809,7994
2025-09-26,0.8420000076293945,0.8420000076293945,0.8420000076293945,0.8199999928474426,0.8299999833106995,7002
2025-09-29,0.8199999928474426,0.8199999928474426,0.8479999899864197,0.8140000104904175,0.8479999899864197,1226
2025-09-30,0.8100000023841858,0.8100000023841858,0.8180000185966492,0.8100000023841858,0.8180000185966492,1632
2025-10-01,0.8019999861717224,0.8019999861717224,0.8100000023841858,0.7979999780654907,0.8100000023841858,10062
2025-10-02,0.800000011920929,0.800000011920929,0.8100000023841858,0.800000011920929,0.8019999861717224,15855
2025-10-03,0.7919999957084656,0.7919999957084656,0.800000011920929,0.7879999876022339,0.800000011920929,10048
2025-10-06,0.7960000038146973,0.7960000038146973,0.7960000038146973,0.7720000147819519,0.7919999957084656,3058
2025-10-07,0.8240000009536743,0.8240000009536743,0.8240000009536743,0.8019999861717224,0.8019999861717224,6357
2025-10-08,0.8100000023841858,0.8100000023841858,0.8180000185966492,0.800000011920929,0.800000011920929,3094
2025-10-09,0.8100000023841858,0.8100000023841858,0.8320000171661377,0.8100000023841858,0.8299999833106995,13015
2025-10-10,0.8399999737739563,0.8399999737739563,0.8479999899864197,0.8100000023841858,0.8100000023841858,915
2025-10-13,0.8299999833106995,0.8299999833106995,0.8399999737739563,0.8299999833106995,0.8399999737739563,982
2025-10-14,0.8299999833106995,0.8299999833106995,0.8299999833106995,0.8119999766349792,0.8119999766349792,205
2025-10-15,0.8299999833106995,0.8299999833106995,0.8299999833106995,0.8199999928474426,0.8199999928474426,551
2025-10-16,0.828000009059906,0.828000009059906,0.8299999833106995,0.8100000023841858,0.8299999833106995,5500
2025-10-17,0.8159999847412109,0.8159999847412109,0.828000009059906,0.800000011920929,0.828000009059906,17271
2025-10-20,0.8019999861717224,0.8019999861717224,0.8159999847412109,0.7900000214576721,0.8159999847412109,11305
2025-10-21,0.7720000147819519,0.7720000147819519,0.8259999752044678,0.7720000147819519,0.8259999752044678,13568
2025-10-22,0.7940000295639038,0.7940000295639038,0.8220000267028809,0.7820000052452087,0.7820000052452087,5294
2025-10-23,0.7839999794960022,0.7839999794960022,0.800000011920929,0.7839999794960022,0.800000011920929,42786
2025-10-24,0.7900000214576721,0.7900000214576721,0.8080000281333923,0.7839999794960022,0.7839999794960022,5337
2025-10-27,0.7900000214576721,0.7900000214576721,0.8080000281333923,0.7900000214576721,0.800000011920929,12766
2025-10-28,0.8100000023841858,0.8100000023841858,0.8199999928474426,0.7919999957084656,0.7919999957084656,27662
2025-10-29,0.8339999914169312,0.8339999914169312,0.8500000238418579,0.8040000200271606,0.8080000281333923,27007
2025-10-30,0.8180000185966492,0.8180000185966492,0.828000009059906,0.8119999766349792,0.828000009059906,13330
2025-10-31,0.8119999766349792,0.8119999766349792,0.8199999928474426,0.8040000200271606,0.8180000185966492,14821
2025-11-03,0.8140000104904175,0.8140000104904175,0.8180000185966492,0.7919999957084656,0.8180000185966492,17987
2025-11-04,0.7900000214576721,0.7900000214576721,0.8180000185966492,0.7900000214576721,0.8140000104904175,12677
2025-11-05,0.7860000133514404,0.7860000133514404,0.8040000200271606,0.7799999713897705,0.800000011920929,29574
2025-11-06,0.7940000295639038,0.7940000295639038,0.8379999995231628,0.7900000214576721,0.7900000214576721,43002
2025-11-07,0.8040000200271606,0.8040000200271606,0.8299999833106995,0.7919999957084656,0.7940000295639038,12840
2025-11-10,0.7940000295639038,0.7940000295639038,0.8180000185966492,0.7940000295639038,0.8180000185966492,2441
2025-11-11,0.800000011920929,0.800000011920929,0.8180000185966492,0.7940000295639038,0.7940000295639038,4762
2025-11-12,0.8140000104904175,0.8140000104904175,0.8180000185966492,0.800000011920929,0.8180000185966492,739
2025-11-13,0.8220000267028809,0.8220000267028809,0.8220000267028809,0.8100000023841858,0.8199999928474426,19716
2025-11-14,0.8259999752044678,0.8259999752044678,0.8299999833106995,0.8140000104904175,0.8299999833106995,9586
2025-11-17,0.8180000185966492,0.8180000185966492,0.8240000009536743,0.7940000295639038,0.800000011920929,15408
2025-11-18,0.8240000009536743,0.8240000009536743,0.8240000009536743,0.7919999957084656,0.7919999957084656,1677
2025-11-19,0.8299999833106995,0.8299999833106995,0.8299999833106995,0.8240000009536743,0.8240000009536743,8159
2025-11-20,0.828000009059906,0.828000009059906,0.8299999833106995,0.8140000104904175,0.8299999833106995,5973
2025-11-21,0.828000009059906,0.828000009059906,0.828000009059906,0.7799999713897705,0.828000009059906,6272
2025-11-24,0.8220000267028809,0.8220000267028809,0.8220000267028809,0.7979999780654907,0.800000011920929,1579
2025-11-25,0.8240000009536743,0.8240000009536743,0.8299999833106995,0.7799999713897705,0.8119999766349792,20890
2025-11-26,0.7940000295639038,0.7940000295639038,0.8199999928474426,0.7839999794960022,0.7839999794960022,5498
2025-11-27,0.7720000147819519,0.7720000147819519,0.7940000295639038,0.7720000147819519,0.7940000295639038,13313
2025-11-28,0.7760000228881836,0.7760000228881836,0.7940000295639038,0.7720000147819519,0.7799999713897705,20032
2025-12-01,0.8119999766349792,0.8119999766349792,0.8199999928474426,0.7760000228881836,0.7760000228881836,7637
2025-12-02,0.8119999766349792,0.8119999766349792,0.8119999766349792,0.7940000295639038,0.7940000295639038,1584
2025-12-03,0.8019999861717224,0.8019999861717224,0.8259999752044678,0.8019999861717224,0.8019999861717224,1159
2025-12-04,0.7979999780654907,0.7979999780654907,0.8259999752044678,0.7739999890327454,0.7900000214576721,15809
2025-12-05,0.7900000214576721,0.7900000214576721,0.7979999780654907,0.7839999794960022,0.7979999780654907,10327
2025-12-08,0.765999972820282,0.765999972820282,0.7900000214576721,0.7519999742507935,0.7900000214576721,10441
2025-12-09,0.7680000066757202,0.7680000066757202,0.7739999890327454,0.7680000066757202,0.7699999809265137,9985
2025-12-10,0.7760000228881836,0.7760000228881836,0.800000011920929,0.7699999809265137,0.7699999809265137,12705
2025-12-11,0.7799999713897705,0.7799999713897705,0.800000011920929,0.777999997138977,0.800000011920929,4103
2025-12-12,0.765999972820282,0.765999972820282,0.7799999713897705,0.7459999918937683,0.7799999713897705,16408
2025-12-15,0.7540000081062317,0.7540000081062317,0.7760000228881836,0.75,0.75,14530
2025-12-16,0.7400000095367432,0.7400000095367432,0.7620000243186951,0.7400000095367432,0.7620000243186951,66505
2025-12-17,0.7400000095367432,0.7400000095367432,0.7620000243186951,0.7300000190734863,0.7620000243186951,40049
2025-12-18,0.7480000257492065,0.7480000257492065,0.75,0.7200000286102295,0.7400000095367432,17327
2025-12-19,0.7440000176429749,0.7440000176429749,0.75,0.7319999933242798,0.7400000095367432,26106
2025-12-22,0.7400000095367432,0.7400000095367432,0.7419999837875366,0.7319999933242798,0.7400000095367432,36992
2025-12-23,0.7480000257492065,0.7480000257492065,0.7580000162124634,0.734000027179718,0.7400000095367432,59012
2025-12-29,0.75,0.75,0.75,0.7400000095367432,0.7480000257492065,107185
2025-12-30,0.75,0.75,0.75,0.7400000095367432,0.7480000257492065,57535
2026-01-02,0.7680000066757202,0.7680000066757202,0.7739999890327454,0.7559999823570251,0.7599999904632568,41703
2026-01-05,0.7559999823570251,0.7559999823570251,0.7680000066757202,0.7440000176429749,0.7680000066757202,30742
2026-01-07,0.7540000081062317,0.7540000081062317,0.7739999890327454,0.75,0.7559999823570251,22519
2026-01-08,0.7440000176429749,0.7440000176429749,0.7519999742507935,0.7400000095367432,0.7519999742507935,17478
2026-01-09,0.7540000081062317,0.7540000081062317,0.7540000081062317,0.7300000190734863,0.7440000176429749,25223
2026-01-12,0.7480000257492065,0.7480000257492065,0.7639999985694885,0.7480000257492065,0.7639999985694885,2524
2026-01-13,0.7480000257492065,0.7480000257492065,0.75,0.7400000095367432,0.7480000257492065,14489
2026-01-14,0.765999972820282,0.765999972820282,0.765999972820282,0.7419999837875366,0.7480000257492065,5376
2026-01-15,0.7900000214576721,0.7900000214576721,0.7900000214576721,0.7599999904632568,0.765999972820282,23076
2026-01-16,0.8019999861717224,0.8019999861717224,0.8080000281333923,0.7599999904632568,0.800000011920929,9480
2026-01-19,0.7839999794960022,0.7839999794960022,0.8019999861717224,0.7799999713897705,0.7799999713897705,7127
2026-01-20,0.7900000214576721,0.7900000214576721,0.7900000214576721,0.7839999794960022,0.7839999794960022,3468
2026-01-21,0.7799999713897705,0.7799999713897705,0.8100000023841858,0.7799999713897705,0.7900000214576721,34107
2026-01-22,0.8080000281333923,0.8080000281333923,0.8119999766349792,0.7879999876022339,0.8019999861717224,19816
2026-01-23,0.8100000023841858,0.8100000023841858,0.8100000023841858,0.7760000228881836,0.8080000281333923,12751
2026-01-26,0.800000011920929,0.800000011920929,0.8080000281333923,0.7860000133514404,0.8080000281333923,26090
2026-01-27,0.7919999957084656,0.7919999957084656,0.800000011920929,0.7820000052452087,0.800000011920929,12483
2026-01-28,0.7879999876022339,0.7879999876022339,0.7900000214576721,0.7760000228881836,0.7900000214576721,15238
2026-01-29,0.7760000228881836,0.7760000228881836,0.7879999876022339,0.7760000228881836,0.7879999876022339,10800
2026-01-30,0.7620000243186951,0.7620000243186951,0.7760000228881836,0.7620000243186951,0.7760000228881836,1261
2026-02-02,0.7879999876022339,0.7879999876022339,0.800000011920929,0.7620000243186951,0.7620000243186951,13725
2026-02-03,0.7979999780654907,0.7979999780654907,0.8100000023841858,0.7979999780654907,0.7979999780654907,20951
2026-02-04,0.8220000267028809,0.8220000267028809,0.8220000267028809,0.7979999780654907,0.7979999780654907,51876
2026-02-05,0.8140000104904175,0.8140000104904175,0.8240000009536743,0.7979999780654907,0.8240000009536743,18304
2026-02-06,0.8159999847412109,0.8159999847412109,0.8220000267028809,0.800000011920929,0.8140000104904175,3070
2026-02-09,0.7900000214576721,0.7900000214576721,0.8240000009536743,0.7900000214576721,0.8199999928474426,16032
2026-02-10,0.7720000147819519,0.7720000147819519,0.8080000281333923,0.7639999985694885,0.8080000281333923,10050
2026-02-11,0.777999997138977,0.777999997138977,0.777999997138977,0.7400000095367432,0.7419999837875366,28232
2026-02-12,0.8299999833106995,0.8299999833106995,0.8299999833106995,0.7879999876022339,0.7879999876022339,19349
2026-02-13,0.8100000023841858,0.8100000023841858,0.8700000047683716,0.8019999861717224,0.8700000047683716,48102
2026-02-16,0.8199999928474426,0.8199999928474426,0.8500000238418579,0.8100000023841858,0.8500000238418579,18708
2026-02-17,0.828000009059906,0.828000009059906,0.8299999833106995,0.8119999766349792,0.8299999833106995,3282
2026-02-18,0.8299999833106995,0.8299999833106995,0.8299999833106995,0.8199999928474426,0.8220000267028809,3893
2026-02-19,0.8220000267028809,0.8220000267028809,0.8399999737739563,0.800000011920929,0.8299999833106995,31757
2026-02-20,0.8119999766349792,0.8119999766349792,0.8320000171661377,0.7900000214576721,0.8019999861717224,13295
2026-02-23,0.8040000200271606,0.8040000200271606,0.8199999928474426,0.8040000200271606,0.8199999928474426,12659
2026-02-24,0.8059999942779541,0.8059999942779541,0.8059999942779541,0.800000011920929,0.800000011920929,5165
2026-02-25,0.7400000095367432,0.7400000095367432,0.8080000281333923,0.7400000095367432,0.8080000281333923,14236
2026-02-26,0.765999972820282,0.765999972820282,0.8080000281333923,0.7419999837875366,0.7419999837875366,20302
2026-02-27,0.7739999890327454,0.7739999890327454,0.7919999957084656,0.765999972820282,0.765999972820282,10420
2026-03-02,0.7860000133514404,0.7860000133514404,0.800000011920929,0.7699999809265137,0.7720000147819519,37521
2026-03-03,0.6179999709129333,0.6179999709129333,0.7680000066757202,0.5419999957084656,0.7680000066757202,263905
2026-03-04,0.6100000143051147,0.6100000143051147,0.6159999966621399,0.5740000009536743,0.6159999966621399,63306
2026-03-05,0.5580000281333923,0.5580000281333923,0.6100000143051147,0.5540000200271606,0.6039999723434448,45190
2026-03-06,0.550000011920929,0.550000011920929,0.578000009059906,0.5440000295639038,0.5619999766349792,34030
2026-03-09,0.5019999742507935,0.5019999742507935,0.5479999780654907,0.4909999966621399,0.5479999780654907,115230
2026-03-10,0.4909999966621399,0.4909999966621399,0.515999972820282,0.4909999966621399,0.5019999742507935,29047
2026-03-11,0.4790000021457672,0.4790000021457672,0.49900001287460327,0.4690000116825104,0.4909999966621399,23605
2026-03-12,0.4650000035762787,0.4650000035762787,0.4909999966621399,0.4650000035762787,0.4909999966621399,9207
2026-03-13,0.4390000104904175,0.4390000104904175,0.4830000102519989,0.4000000059604645,0.4650000035762787,82429
2026-03-16,0.43700000643730164,0.43700000643730164,0.4410000145435333,0.41999998688697815,0.4410000145435333,35266
2026-03-17,0.44999998807907104,0.44999998807907104,0.44999998807907104,0.41999998688697815,0.43700000643730164,89923
2026-03-18,0.18785299360752106,0.18785299360752106,0.18785299360752106,0.16197900474071503,0.17722000181674957,288172
2026-03-19,0.18785299360752106,0.18785299360752106,0.20486600697040558,0.18643499910831451,0.19564999639987946,339947
2026-03-20,0.18785299360752106,0.18785299360752106,0.18785299360752106,0.1843080073595047,0.18785299360752106,105941
2026-03-23,0.17722000181674957,0.17722000181674957,0.18359999358654022,0.16800400614738464,0.18359999358654022,24844
2026-03-24,0.17722000181674957,0.17722000181674957,0.17722000181674957,0.17083999514579773,0.17686499655246735,62360
2026-03-25,0.18359999358654022,0.18359999358654022,0.18359999358654022,0.17083999514579773,0.18076400458812714,125758
2026-03-26,0.14800000190734863,0.14800000190734863,0.21699999272823334,0.14499999582767487,0.15000000596046448,356783
2026-03-27,0.14350000023841858,0.14350000023841858,0.16949999332427979,0.12999999523162842,0.16949999332427979,47161
2026-03-30,0.13899999856948853,0.13899999856948853,0.1574999988079071,0.13500000536441803,0.14350000023841858,151078
2026-03-31,0.13099999725818634,0.13099999725818634,0.14499999582767487,0.13099999725818634,0.14499999582767487,544447
2026-04-01,0.11999999731779099,0.11999999731779099,0.14499999582767487,0.11900000274181366,0.13300000131130219,561737
2026-04-02,0.1264999955892563,0.1264999955892563,0.13750000298023224,0.11100000143051147,0.11999999731779099,1031916
2026-04-07,0.11999999731779099,0.11999999731779099,0.1340000033378601,0.11999999731779099,0.1340000033378601,863306
2026-04-08,0.12600000202655792,0.12600000202655792,0.12800000607967377,0.11949999630451202,0.11949999630451202,197424
2026-04-09,0.13850000500679016,0.13850000500679016,0.13850000500679016,0.12800000607967377,0.12800000607967377,426931
2026-04-10,0.14550000429153442,0.14550000429153442,0.15000000596046448,0.12950000166893005,0.13850000500679016,1063284
2026-04-13,0.15700000524520874,0.15700000524520874,0.17949999868869781,0.14550000429153442,0.1459999978542328,150884
2026-04-14,0.17350000143051147,0.17350000143051147,0.18000000715255737,0.15850000083446503,0.18000000715255737,123161
2026-04-15,0.17499999701976776,0.17499999701976776,0.17949999868869781,0.14000000059604645,0.17499999701976776,235307
2026-04-16,0.17249999940395355,0.17249999940395355,0.1745000034570694,0.13349999487400055,0.1745000034570694,84173
2026-04-17,0.125,0.125,0.17249999940395355,0.11999999731779099,0.17249999940395355,562260
2026-04-20,0.14499999582767487,0.14499999582767487,0.1550000011920929,0.12800000607967377,0.12999999523162842,121896
2026-04-21,0.12099999934434891,0.12099999934434891,0.14000000059604645,0.11800000071525574,0.14000000059604645,356776
2026-04-22,0.12200000137090683,0.12200000137090683,0.12349999696016312,0.1185000017285347,0.12150000035762787,242003
2026-04-23,0.1185000017285347,0.1185000017285347,0.12399999797344208,0.11150000244379044,0.12250000238418579,1211049
2026-04-24,0.11500000208616257,0.11500000208616257,0.1185000017285347,0.1145000010728836,0.1185000017285347,198928
2026-04-27,0.1145000010728836,0.1145000010728836,0.11550000309944153,0.10599999874830246,0.11500000208616257,1070848
2026-04-28,0.11150000244379044,0.11150000244379044,0.11400000005960464,0.10700000077486038,0.11400000005960464,470199
2026-04-29,0.11150000244379044,0.11150000244379044,0.1120000034570694,0.10949999839067459,0.11150000244379044,244142
2026-04-30,0.11150000244379044,0.11150000244379044,0.1145000010728836,0.10999999940395355,0.1120000034570694,453949
2026-05-04,0.11599999666213989,0.11599999666213989,0.11699999868869781,0.11150000244379044,0.1120000034570694,1136604
2026-05-05,0.11999999731779099,0.11999999731779099,0.12250000238418579,0.11550000309944153,0.11599999666213989,739343
2026-05-06,0.11900000274181366,0.11900000274181366,0.12099999934434891,0.11500000208616257,0.11999999731779099,492000
2026-05-07,0.12549999356269836,0.12549999356269836,0.13050000369548798,0.11949999630451202,0.11949999630451202,930380
2026-05-08,0.13249999284744263,0.13249999284744263,0.13699999451637268,0.12700000405311584,0.12700000405311584,759554
2026-05-11,0.1315000057220459,0.1315000057220459,0.13300000131130219,0.1274999976158142,0.13300000131130219,500726
2026-05-12,0.13249999284744263,0.13249999284744263,0.13249999284744263,0.12800000607967377,0.1315000057220459,403207
2026-05-13,0.13750000298023224,0.13750000298023224,0.1379999965429306,0.1289999932050705,0.13600000739097595,582125
2026-05-15,0.14749999344348907,0.14749999344348907,0.14749999344348907,0.13650000095367432,0.13699999451637268,274217
2026-05-18,0.15399999916553497,0.15399999916553497,0.1550000011920929,0.15000000596046448,0.15049999952316284,621245
2026-05-19,0.15600000321865082,0.15600000321865082,0.15600000321865082,0.15000000596046448,0.1535000056028366,519634
2026-05-20,0.2029999941587448,0.2029999941587448,0.20999999344348907,0.15600000321865082,0.15649999678134918,1622642
2026-05-21,0.19099999964237213,0.19099999964237213,0.23999999463558197,0.18950000405311584,0.20800000429153442,947099
2026-05-22,0.19200000166893005,0.19200000166893005,0.20000000298023224,0.17800000309944153,0.18199999630451202,176893
2026-05-25,0.17800000309944153,0.17800000309944153,0.20000000298023224,0.17800000309944153,0.19499999284744263,194454
2026-05-26,0.18549999594688416,0.18549999594688416,0.1899999976158142,0.17900000512599945,0.17900000512599945,99038
2026-05-27,0.1745000034570694,0.1745000034570694,0.18850000202655792,0.17350000143051147,0.18850000202655792,53344
2026-05-28,0.17550000548362732,0.17550000548362732,0.1770000010728836,0.1720000058412552,0.1770000010728836,58397
2026-05-29,0.17800000309944153,0.17800000309944153,0.17800000309944153,0.1720000058412552,0.1720000058412552,45824
2026-06-01,0.17900000512599945,0.17900000512599945,0.18449999392032623,0.1784999966621399,0.1784999966621399,79725
2026-06-02,0.18799999356269836,0.18799999356269836,0.19300000369548798,0.17949999868869781,0.17949999868869781,272188
2026-06-03,0.19300000369548798,0.19300000369548798,0.1965000033378601,0.18700000643730164,0.19349999725818634,243348
2026-06-04,0.19499999284744263,0.19499999284744263,0.20200000703334808,0.1914999932050705,0.1914999932050705,111058
2026-06-05,0.19200000166893005,0.19200000166893005,0.19699999690055847,0.1899999976158142,0.1940000057220459,67074
2026-06-08,0.19050000607967377,0.19050000607967377,0.1965000033378601,0.18850000202655792,0.19499999284744263,81267
2026-06-09,0.18199999630451202,0.18199999630451202,0.19050000607967377,0.18000000715255737,0.19050000607967377,44301
2026-06-10,0.17949999868869781,0.17949999868869781,0.18700000643730164,0.1745000034570694,0.18250000476837158,80699
2026-06-11,0.18250000476837158,0.18250000476837158,0.1979999989271164,0.1784999966621399,0.17949999868869781,117862
2026-06-12,0.19949999451637268,0.19949999451637268,0.20000000298023224,0.1720000058412552,0.17550000548362732,321005
2026-06-15,0.19900000095367432,0.19900000095367432,0.20800000429153442,0.19900000095367432,0.20800000429153442,433174
2026-06-16,0.1940000057220459,0.1940000057220459,0.20499999821186066,0.18199999630451202,0.19200000166893005,336372
2026-06-17,0.19300000369548798,0.19300000369548798,0.2029999941587448,0.18549999594688416,0.19949999451637268,408980
2026-06-18,0.19949999451637268,0.19949999451637268,0.20000000298023224,0.1899999976158142,0.19599999487400055,206056
2026-06-22,0.18799999356269836,0.18799999356269836,0.19300000369548798,0.18700000643730164,0.19300000369548798,251402
2026-06-23,0.18799999356269836,0.18799999356269836,0.1899999976158142,0.1860000044107437,0.18799999356269836,296140
2026-06-24,0.1899999976158142,0.1899999976158142,0.19200000166893005,0.17299999296665192,0.17299999296665192,117092
2026-06-25,0.1850000023841858,0.1850000023841858,0.1899999976158142,0.1850000023841858,0.1899999976158142,40035
2026-06-26,0.1889999955892563,0.1889999955892563,0.1899999976158142,0.1850000023841858,0.1850000023841858,9780
2026-06-29,0.1889999955892563,0.1889999955892563,0.1899999976158142,0.18549999594688416,0.1899999976158142,73380
2026-06-30,0.19499999284744263,0.19499999284744263,0.19550000131130219,0.1899999976158142,0.1899999976158142,166807
2026-07-01,0.19249999523162842,0.19249999523162842,0.19550000131130219,0.19249999523162842,0.19550000131130219,55471
2026-07-02,0.19349999725818634,0.19349999725818634,0.19550000131130219,0.1889999955892563,0.19300000369548798,204636
2026-07-03,0.19249999523162842,0.19249999523162842,0.19499999284744263,0.1899999976158142,0.19499999284744263,130149
2026-07-06,0.19249999523162842,0.19249999523162842,0.19499999284744263,0.1899999976158142,0.19499999284744263,116635
2026-07-07,0.19249999523162842,0.19249999523162842,0.19249999523162842,0.18649999797344208,0.19099999964237213,190403
2026-07-08,0.18950000405311584,0.18950000405311584,0.19300000369548798,0.18150000274181366,0.19300000369548798,113260
2026-07-09,0.1860000044107437,0.1860000044107437,0.1860000044107437,0.1850000023841858,0.18549999594688416,31701
2026-07-10,0.18299999833106995,0.18299999833106995,0.1914999932050705,0.18299999833106995,0.1899999976158142,112229
2026-07-13,0.17949999868869781,0.17949999868869781,0.18649999797344208,0.17949999868869781,0.18250000476837158,159410
2026-07-14,0.17599999904632568,0.17599999904632568,0.18000000715255737,0.17550000548362732,0.17949999868869781,110036
2026-07-15,0.17949999868869781,0.17949999868869781,0.1809999942779541,0.17949999868869781,0.1809999942779541,156237
2026-07-16,0.18050000071525574,0.18050000071525574,0.1809999942779541,0.17550000548362732,0.17949999868869781,150676
2026-07-17,0.17900000512599945,0.17900000512599945,0.18000000715255737,0.17900000512599945,0.17949999868869781,136876
2026-07-20,0.17550000548362732,0.17550000548362732,0.17900000512599945,0.1704999953508377,0.17900000512599945,131966
2026-07-21,0.1809999942779541,0.1809999942779541,0.1809999942779541,0.17550000548362732,0.17550000548362732,143351
2026-07-22,0.18000000715255737,0.18000000715255737,0.1809999942779541,0.17599999904632568,0.1809999942779541,126606
2026-07-23,0.18000000715255737,0.18000000715255737,0.18000000715255737,0.17350000143051147,0.18000000715255737,76477
2026-07-24,0.17900000512599945,0.17900000512599945,0.1809999942779541,0.1704999953508377,0.1809999942779541,65976
2026-07-27,0.1809999942779541,0.1809999942779541,0.18150000274181366,0.17599999904632568,0.18150000274181366,91942
2026-07-28,0.17949999868869781,0.17949999868869781,0.18150000274181366,0.17900000512599945,0.1809999942779541,9024
2026-07-29,0.17800000309944153,0.17800000309944153,0.18150000274181366,0.17399999499320984,0.18150000274181366,10161
2026-07-30,0.17249999940395355,0.17249999940395355,0.17800000309944153,0.17249999940395355,0.17800000309944153,50356
2026-07-31,0.18199999630451202,0.18199999630451202,0.18199999630451202,0.17499999701976776,0.1784999966621399,23007
2026-08-03,0.18449999392032623,0.18449999392032623,0.1899999976158142,0.1704999953508377,0.18199999630451202,60227
2026-08-04,0.18000000715255737,0.18000000715255737,0.1914999932050705,0.1704999953508377,0.18400000035762787,18403
2026-08-05,0.17949999868869781,0.17949999868869781,0.18050000071525574,0.17550000548362732,0.18000000715255737,88606
2026-08-06,0.17499999701976776,0.17499999701976776,0.1899999976158142,0.17499999701976776,0.1899999976158142,124972
2026-08-07,0.17900000512599945,0.17900000512599945,0.17900000512599945,0.17499999701976776,0.17499999701976776,32694
2026-08-10,0.18000000715255737,0.18000000715255737,0.18449999392032623,0.1745000034570694,0.18000000715255737,346238
2026-08-11,0.17499999701976776,0.17499999701976776,0.18449999392032623,0.17399999499320984,0.18449999392032623,361393
2026-08-12,0.18299999833106995,0.18299999833106995,0.18799999356269836,0.17649999260902405,0.18000000715255737,138185
2026-08-13,0.1704999953508377,0.1704999953508377,0.17749999463558197,0.1599999964237213,0.17599999904632568,201692
2026-08-14,0.1665000021457672,0.1665000021457672,0.1704999953508377,0.16200000047683716,0.1704999953508377,186865
2026-08-17,0.16050000488758087,0.16050000488758087,0.16949999332427979,0.1550000011920929,0.16949999332427979,200537
2026-08-18,0.1599999964237213,0.1599999964237213,0.16500000655651093,0.15800000727176666,0.16500000655651093,75189
2026-08-19,0.15700000524520874,0.15700000524520874,0.16099999845027924,0.15600000321865082,0.16099999845027924,188292
2026-08-20,0.16200000047683716,0.16200000047683716,0.16449999809265137,0.15700000524520874,0.1599999964237213,511516
2026-08-21,0.16449999809265137,0.16449999809265137,0.16500000655651093,0.1599999964237213,0.16449999809265137,198455
2026-08-24,0.16349999606609344,0.16349999606609344,0.16449999809265137,0.16349999606609344,0.16449999809265137,54172
2026-08-25,0.16300000250339508,0.16300000250339508,0.17000000178813934,0.16300000250339508,0.17000000178813934,204593
2026-08-26,0.17499999701976776,0.17499999701976776,0.17499999701976776,0.164000004529953,0.164000004529953,249201
2026-08-27,0.17399999499320984,0.17399999499320984,0.1745000034570694,0.1704999953508377,0.1745000034570694,132589
2026-08-28,0.1720000058412552,0.1720000058412552,0.17800000309944153,0.1704999953508377,0.17350000143051147,239655
2026-08-31,0.17299999296665192,0.17299999296665192,0.17399999499320984,0.17000000178813934,0.17149999737739563,60918
2026-09-01,0.17599999904632568,0.17599999904632568,0.17599999904632568,0.17149999737739563,0.1745000034570694,147337
2026-09-02,0.17399999499320984,0.17399999499320984,0.17900000512599945,0.17000000178813934,0.17800000309944153,203351
2026-09-03,0.17749999463558197,0.17749999463558197,0.17749999463558197,0.17299999296665192,0.17399999499320984,150481
2026-09-04,0.17900000512599945,0.17900000512599945,0.17900000512599945,0.17499999701976776,0.17749999463558197,161245
2026-09-08,0.17000000178813934,0.17000000178813934,0.1745000034570694,0.17000000178813934,0.17399999499320984,89605
2026-09-09,0.18549999594688416,0.18549999594688416,0.18549999594688416,0.17000000178813934,0.17000000178813934,142166
2026-09-10,0.1979999989271164,0.1979999989271164,0.23999999463558197,0.1899999976158142,0.19249999523162842,319483
2026-09-11,0.1979999989271164,0.1979999989271164,0.2160000056028366,0.1899999976158142,0.19900000095367432,187801
2026-09-14,0.1899999976158142,0.1899999976158142,0.1979999989271164,0.1889999955892563,0.1979999989271164,14530
2026-09-15,0.1875,0.1875,0.1899999976158142,0.1875,0.1899999976158142,37034
2026-09-16,0.1899999976158142,0.1899999976158142,0.19099999964237213,0.1899999976158142,0.1899999976158142,13395
