Price,Adj Close,Close,High,Low,Open,Volume
Ticker,FORTUM.HE,FORTUM.HE,FORTUM.HE,FORTUM.HE,FORTUM.HE,FORTUM.HE
Date,,,,,,
2016-01-04,6.435758113861084,13.920000076293945,14.0600004196167,13.90999984741211,13.949999809265137,1427282
2016-01-05,6.278562545776367,13.579999923706055,13.779999732971191,13.470000267028809,13.760000228881836,1843994
2016-01-07,6.149107933044434,13.300000190734863,13.369999885559082,13.0,13.319999694824219,3556156
2016-01-08,6.209211349487305,13.430000305175781,13.5600004196167,13.319999694824219,13.369999885559082,2654356
2016-01-11,6.204588413238525,13.420000076293945,13.630000114440918,13.40999984741211,13.460000038146973,2230258
2016-01-12,6.19534158706665,13.399999618530273,13.5600004196167,13.319999694824219,13.520000457763672,2413948
2016-01-13,6.246199131011963,13.510000228881836,13.680000305175781,13.470000267028809,13.5600004196167,2152085
2016-01-14,6.190718650817871,13.390000343322754,13.449999809265137,13.15999984741211,13.430000305175781,3049254
2016-01-15,5.913315296173096,12.789999961853027,13.510000228881836,12.75,13.40999984741211,4721790
2016-01-18,5.931808948516846,12.829999923706055,12.960000038146973,12.75,12.819999694824219,2770741
2016-01-19,6.130615234375,13.260000228881836,13.369999885559082,12.949999809265137,13.010000228881836,2968786
2016-01-20,5.825470924377441,12.600000381469727,13.0600004196167,12.569999694824219,12.949999809265137,5354655
2016-01-21,6.015029430389404,13.010000228881836,13.130000114440918,12.59000015258789,12.640000343322754,2949283
2016-01-22,6.2924323081970215,13.609999656677246,13.710000038146973,13.199999809265137,13.210000038146973,3166713
2016-01-25,6.310925483703613,13.649999618530273,13.850000381469727,13.59000015258789,13.699999809265137,2372203
2016-01-26,6.431134223937988,13.90999984741211,13.920000076293945,13.399999618530273,13.5,2423099
2016-01-27,6.56058931350708,14.1899995803833,14.229999542236328,13.899999618530273,13.920000076293945,2447874
2016-01-28,6.6160712242126465,14.3100004196167,14.5,14.15999984741211,14.180000305175781,3466956
2016-01-29,6.680798530578613,14.449999809265137,14.520000457763672,14.229999542236328,14.489999771118164,2977931
2016-02-01,6.551342487335205,14.170000076293945,14.390000343322754,13.920000076293945,14.3100004196167,3738791
2016-02-02,6.398770332336426,13.84000015258789,14.180000305175781,13.720000267028809,14.170000076293945,2568011
2016-02-03,5.552690029144287,12.010000228881836,12.829999923706055,11.829999923706055,12.729999542236328,12829628
2016-02-04,5.645158290863037,12.210000038146973,12.220000267028809,11.8100004196167,12.050000190734863,5706095
2016-02-05,5.728379726409912,12.390000343322754,12.529999732971191,12.079999923706055,12.239999771118164,3416112
2016-02-08,5.612795352935791,12.140000343322754,12.5,12.100000381469727,12.5,3157715
2016-02-09,5.455599784851074,11.800000190734863,12.229999542236328,11.720000267028809,12.119999885559082,2943731
2016-02-10,5.33076810836792,11.529999732971191,11.949999809265137,11.449999809265137,11.899999618530273,3780294
2016-02-11,5.081104278564453,10.989999771118164,11.430000305175781,10.989999771118164,11.430000305175781,4764408
2016-02-12,5.29378080368042,11.449999809265137,11.449999809265137,11.020000457763672,11.050000190734863,2846813
2016-02-15,5.432482719421387,11.75,11.800000190734863,11.609999656677246,11.789999961853027,2909239
2016-02-16,5.446352481842041,11.779999732971191,11.90999984741211,11.640000343322754,11.90999984741211,2482175
2016-02-17,5.492586135864258,11.880000114440918,11.930000305175781,11.720000267028809,11.84000015258789,2484969
2016-02-18,5.520326614379883,11.9399995803833,12.119999885559082,11.649999618530273,11.680000305175781,3382437
2016-02-19,5.404742240905762,11.6899995803833,12.010000228881836,11.649999618530273,11.9399995803833,2906277
2016-02-22,5.686769008636475,12.300000190734863,12.300000190734863,11.880000114440918,11.9399995803833,2663111
2016-02-23,5.557314395904541,12.020000457763672,12.300000190734863,12.010000228881836,12.25,1972548
2016-02-24,5.3954949378967285,11.670000076293945,12.100000381469727,11.609999656677246,12.050000190734863,2375394
2016-02-25,5.515703201293945,11.930000305175781,12.029999732971191,11.779999732971191,11.84000015258789,1818022
2016-02-26,5.608170986175537,12.130000114440918,12.180000305175781,11.979999542236328,12.029999732971191,1913546
2016-02-29,5.654404640197754,12.229999542236328,12.270000457763672,11.850000381469727,12.140000343322754,2512698
2016-03-01,5.774612903594971,12.489999771118164,12.5,12.180000305175781,12.229999542236328,2028865
2016-03-02,5.825470924377441,12.600000381469727,12.65999984741211,12.5,12.550000190734863,2137173
2016-03-03,5.913315296173096,12.789999961853027,12.970000267028809,12.600000381469727,12.649999618530273,2494254
2016-03-04,6.024274826049805,13.029999732971191,13.119999885559082,12.850000381469727,12.869999885559082,2511217
2016-03-07,6.038147926330566,13.0600004196167,13.130000114440918,12.920000076293945,13.0,2135929
2016-03-08,6.047392845153809,13.079999923706055,13.460000038146973,12.989999771118164,13.079999923706055,3265036
2016-03-09,6.098250865936279,13.1899995803833,13.350000381469727,13.09000015258789,13.100000381469727,2508314
2016-03-10,6.070509433746338,13.130000114440918,13.539999961853027,13.0600004196167,13.229999542236328,2982449
2016-03-11,6.190718650817871,13.390000343322754,13.479999542236328,13.210000038146973,13.279999732971191,2219847
2016-03-14,6.283185958862305,13.59000015258789,13.670000076293945,13.369999885559082,13.460000038146973,2412594
2016-03-15,6.139861106872559,13.279999732971191,13.609999656677246,13.25,13.59000015258789,2000748
2016-03-16,6.1074981689453125,13.210000038146973,13.399999618530273,13.210000038146973,13.34000015258789,1903370
2016-03-17,6.1259918212890625,13.25,13.25,12.960000038146973,13.170000076293945,3074347
2016-03-18,6.2554450035095215,13.529999732971191,13.529999732971191,13.210000038146973,13.300000190734863,9072892
2016-03-21,6.223083019256592,13.460000038146973,13.630000114440918,13.399999618530273,13.529999732971191,2697314
2016-03-22,6.158354759216309,13.319999694824219,13.489999771118164,13.140000343322754,13.470000267028809,2840661
2016-03-23,6.038147926330566,13.0600004196167,13.420000076293945,12.989999771118164,13.350000381469727,2844465
2016-03-24,5.913315296173096,12.789999961853027,13.050000190734863,12.710000038146973,13.039999961853027,2706861
2016-03-29,5.991913318634033,12.960000038146973,13.069999694824219,12.90999984741211,12.970000267028809,1990157
2016-03-30,6.204588413238525,13.420000076293945,13.420000076293945,13.029999732971191,13.069999694824219,3334928
2016-03-31,6.1537322998046875,13.3100004196167,13.399999618530273,13.100000381469727,13.390000343322754,3390748
2016-04-01,6.033522605895996,13.050000190734863,13.34000015258789,12.989999771118164,13.180000305175781,2952036
2016-04-04,6.075133800506592,13.140000343322754,13.270000457763672,13.020000457763672,13.100000381469727,3342501
2016-04-05,5.890197277069092,12.739999771118164,13.1899995803833,12.680000305175781,13.140000343322754,4547766
2016-04-06,5.672605037689209,11.210000038146973,11.539999961853027,11.0600004196167,11.5,5544535
2016-04-07,5.662484645843506,11.1899995803833,11.449999809265137,11.180000305175781,11.25,4112211
2016-04-08,5.834535121917725,11.529999732971191,11.529999732971191,11.260000228881836,11.289999961853027,2069098
2016-04-11,5.935739994049072,11.729999542236328,11.829999923706055,11.479999542236328,11.699999809265137,2850964
2016-04-12,5.930680274963379,11.720000267028809,11.850000381469727,11.5,11.729999542236328,2635703
2016-04-13,6.112851142883301,12.079999923706055,12.119999885559082,11.789999961853027,11.800000190734863,2864912
2016-04-14,6.117912292480469,12.09000015258789,12.170000076293945,11.989999771118164,12.109999656677246,2155222
2016-04-15,6.168514251708984,12.1899995803833,12.289999961853027,12.039999961853027,12.079999923706055,2660568
2016-04-18,6.224178314208984,12.300000190734863,12.300000190734863,11.920000076293945,12.079999923706055,2151607
2016-04-19,6.340564250946045,12.529999732971191,12.600000381469727,12.270000457763672,12.3100004196167,1796068
2016-04-20,6.436710834503174,12.720000267028809,12.720000267028809,12.470000267028809,12.529999732971191,2635094
2016-04-21,6.527796268463135,12.899999618530273,13.029999732971191,12.720000267028809,12.729999542236328,3585423
2016-04-22,6.527796268463135,12.899999618530273,12.970000267028809,12.8100004196167,12.90999984741211,2821424
2016-04-25,6.360805988311768,12.569999694824219,12.9399995803833,12.489999771118164,12.880000114440918,2733826
2016-04-26,6.548038005828857,12.9399995803833,12.9399995803833,12.550000190734863,12.550000190734863,2875499
2016-04-27,6.613821029663086,13.069999694824219,13.210000038146973,12.850000381469727,12.890000343322754,3762558
2016-04-28,6.639124870300293,13.119999885559082,13.4399995803833,12.850000381469727,13.149999618530273,3313389
2016-04-29,6.659365177154541,13.15999984741211,13.25,12.949999809265137,13.020000457763672,3165450
2016-05-02,6.568279266357422,12.979999542236328,13.170000076293945,12.90999984741211,13.149999618530273,1731406
2016-05-03,6.441771030426025,12.729999542236328,13.010000228881836,12.670000076293945,12.989999771118164,2150881
2016-05-04,6.355745792388916,12.5600004196167,12.739999771118164,12.539999961853027,12.680000305175781,2440878
2016-05-06,6.492375373840332,12.829999923706055,12.880000114440918,12.5,12.550000190734863,2638194
2016-05-09,6.4316511154174805,12.710000038146973,12.979999542236328,12.59000015258789,12.850000381469727,2127291
2016-05-10,6.482254981994629,12.8100004196167,12.930000305175781,12.6899995803833,12.729999542236328,1783778
2016-05-11,6.441771030426025,12.729999542236328,12.819999694824219,12.609999656677246,12.8100004196167,1835676
2016-05-12,6.4620137214660645,12.770000457763672,12.930000305175781,12.630000114440918,12.640000343322754,2253695
2016-05-13,6.532857894897461,12.90999984741211,12.979999542236328,12.619999885559082,12.75,2170429
2016-05-16,6.588520526885986,13.020000457763672,13.039999961853027,12.800000190734863,12.899999618530273,1239049
2016-05-17,6.6745452880859375,13.1899995803833,13.229999542236328,12.979999542236328,13.039999961853027,2381960
2016-05-18,6.684666156768799,13.210000038146973,13.220000267028809,13.0600004196167,13.140000343322754,1574100
2016-05-19,6.578399181365967,13.0,13.170000076293945,12.949999809265137,13.130000114440918,2511326
2016-05-20,6.629002571105957,13.100000381469727,13.149999618530273,13.010000228881836,13.050000190734863,1705835
2016-05-23,6.618881702423096,13.079999923706055,13.130000114440918,12.979999542236328,13.100000381469727,1776670
2016-05-24,6.684666156768799,13.210000038146973,13.25,12.970000267028809,13.050000190734863,2131927
2016-05-25,6.750450134277344,13.34000015258789,13.34000015258789,13.119999885559082,13.270000457763672,2504699
2016-05-26,6.8718976974487305,13.579999923706055,13.579999923706055,13.3100004196167,13.3100004196167,2672015
2016-05-27,6.8718976974487305,13.579999923706055,13.760000228881836,13.5,13.579999923706055,3062309
2016-05-30,6.8668365478515625,13.569999694824219,13.640000343322754,13.479999542236328,13.569999694824219,1340183
2016-05-31,6.821295261383057,13.479999542236328,13.699999809265137,13.390000343322754,13.600000381469727,5749054
2016-06-01,6.735269546508789,13.3100004196167,13.460000038146973,13.229999542236328,13.449999809265137,1880123
2016-06-02,6.795992851257324,13.430000305175781,13.460000038146973,13.3100004196167,13.3100004196167,1583287
2016-06-03,6.831414699554443,13.5,13.729999542236328,13.430000305175781,13.4399995803833,2608029
2016-06-06,6.962983131408691,13.760000228881836,13.84000015258789,13.489999771118164,13.5,2011562
2016-06-07,7.135034084320068,14.100000381469727,14.100000381469727,13.770000457763672,13.800000190734863,2655982
2016-06-08,7.160334587097168,14.149999618530273,14.220000267028809,13.989999771118164,14.020000457763672,2108976
2016-06-09,7.104671955108643,14.039999961853027,14.1899995803833,13.970000267028809,14.140000343322754,2134019
2016-06-10,7.195756435394287,14.220000267028809,14.449999809265137,13.739999771118164,13.970000267028809,4637765
2016-06-13,7.059128761291504,13.949999809265137,14.239999771118164,13.779999732971191,14.15999984741211,2759606
2016-06-14,7.0034661293029785,13.84000015258789,13.899999618530273,13.6899995803833,13.859999656677246,3291026
2016-06-15,7.059128761291504,13.949999809265137,14.140000343322754,13.869999885559082,13.920000076293945,3214465
2016-06-16,6.937680721282959,13.710000038146973,13.9399995803833,13.619999885559082,13.800000190734863,2700098
2016-06-17,7.074310302734375,13.979999542236328,14.039999961853027,13.670000076293945,13.75,4422731
2016-06-20,7.271661758422852,14.369999885559082,14.369999885559082,14.050000190734863,14.199999809265137,2304200
2016-06-21,7.312144756317139,14.449999809265137,14.479999542236328,14.279999732971191,14.34000015258789,2269327
2016-06-22,7.2413010597229,14.3100004196167,14.449999809265137,14.239999771118164,14.449999809265137,2255922
2016-06-23,7.180576324462891,14.1899995803833,14.470000267028809,14.09000015258789,14.300000190734863,2569225
2016-06-27,6.745390892028809,13.329999923706055,13.789999961853027,13.3100004196167,13.489999771118164,4620676
2016-06-28,6.922501087188721,13.680000305175781,13.869999885559082,13.550000190734863,13.649999618530273,3126757
2016-06-29,7.124913215637207,14.079999923706055,14.079999923706055,13.8100004196167,13.899999618530273,2693726
2016-06-30,7.276722431182861,14.380000114440918,14.449999809265137,14.069999694824219,14.069999694824219,3462568
2016-07-01,7.372868061065674,14.569999694824219,14.640000343322754,14.289999961853027,14.430000305175781,2857954
2016-07-04,7.382988929748535,14.59000015258789,14.760000228881836,14.539999961853027,14.569999694824219,1523029
2016-07-05,7.165396213531494,14.15999984741211,14.489999771118164,14.0600004196167,14.4399995803833,2300929
2016-07-06,7.094550132751465,14.020000457763672,14.289999961853027,13.970000267028809,14.020000457763672,1854810
2016-07-07,7.251420021057129,14.329999923706055,14.460000038146973,14.109999656677246,14.109999656677246,2189356
2016-07-08,7.377927780151367,14.579999923706055,14.59000015258789,14.270000457763672,14.289999961853027,1817936
2016-07-11,7.352626323699951,14.529999732971191,14.800000190734863,14.520000457763672,14.630000114440918,2201511
2016-07-12,7.388049602508545,14.600000381469727,14.609999656677246,14.479999542236328,14.529999732971191,1505721
2016-07-13,7.514556407928467,14.850000381469727,14.880000114440918,14.449999809265137,14.550000190734863,2569561
2016-07-14,7.560100078582764,14.9399995803833,15.079999923706055,14.880000114440918,14.890000343322754,2098446
2016-07-15,7.590461254119873,15.0,15.0,14.819999694824219,14.9399995803833,1482569
2016-07-18,7.620822429656982,15.0600004196167,15.119999885559082,14.949999809265137,14.979999542236328,2071455
2016-07-19,7.519618034362793,14.859999656677246,15.050000190734863,14.800000190734863,15.0,1667008
2016-07-20,7.479134559631348,14.779999732971191,14.920000076293945,14.569999694824219,14.800000190734863,2091460
2016-07-21,7.590461254119873,15.0,15.079999923706055,14.739999771118164,14.800000190734863,2263130
2016-07-22,7.6360039710998535,15.09000015258789,15.199999809265137,14.9399995803833,14.9399995803833,2311807
2016-07-25,7.641064167022705,15.100000381469727,15.239999771118164,14.979999542236328,15.0600004196167,2108522
2016-07-26,7.686608791351318,15.1899995803833,15.210000038146973,15.029999732971191,15.15999984741211,1758465
2016-07-27,7.686608791351318,15.1899995803833,15.270000457763672,15.140000343322754,15.199999809265137,1533874
2016-07-28,7.615763187408447,15.050000190734863,15.1899995803833,15.029999732971191,15.1899995803833,1611266
2016-07-29,7.514556407928467,14.850000381469727,15.09000015258789,14.720000267028809,15.050000190734863,2680647
2016-08-01,7.443711757659912,14.710000038146973,14.989999771118164,14.65999984741211,14.880000114440918,1429209
2016-08-02,7.302024841308594,14.430000305175781,14.710000038146973,14.399999618530273,14.65999984741211,1639725
2016-08-03,7.236239910125732,14.300000190734863,14.520000457763672,14.279999732971191,14.470000267028809,1829603
2016-08-04,7.342505931854248,14.510000228881836,14.550000190734863,14.3100004196167,14.3100004196167,1421311
2016-08-05,7.226119518280029,14.279999732971191,14.6899995803833,14.220000267028809,14.529999732971191,2138186
2016-08-08,7.332386493682861,14.489999771118164,14.550000190734863,14.239999771118164,14.300000190734863,1280227
2016-08-09,7.3931097984313965,14.609999656677246,14.630000114440918,14.489999771118164,14.5,912135
2016-08-10,7.307084083557129,14.4399995803833,14.59000015258789,14.399999618530273,14.59000015258789,1394515
2016-08-11,7.372868061065674,14.569999694824219,14.609999656677246,14.399999618530273,14.470000267028809,1485494
2016-08-12,7.342505931854248,14.510000228881836,14.760000228881836,14.510000228881836,14.569999694824219,1467362
2016-08-15,7.357686519622803,14.539999961853027,14.630000114440918,14.510000228881836,14.510000228881836,725874
2016-08-16,7.221057891845703,14.270000457763672,14.510000228881836,14.210000038146973,14.510000228881836,1648408
2016-08-17,7.08443021774292,14.0,14.319999694824219,13.979999542236328,14.270000457763672,1346569
2016-08-18,7.150214672088623,14.130000114440918,14.170000076293945,14.029999732971191,14.050000190734863,1252674
2016-08-19,7.089489936828613,14.010000228881836,14.15999984741211,13.899999618530273,14.15999984741211,1304884
2016-08-22,7.018647193908691,13.869999885559082,14.100000381469727,13.869999885559082,14.020000457763672,1468851
2016-08-23,7.059128761291504,13.949999809265137,14.020000457763672,13.890000343322754,13.899999618530273,1030277
2016-08-24,7.043949127197266,13.920000076293945,14.010000228881836,13.880000114440918,13.9399995803833,1000944
2016-08-25,6.9781646728515625,13.789999961853027,13.930000305175781,13.699999809265137,13.899999618530273,1458536
2016-08-26,7.043949127197266,13.920000076293945,13.920000076293945,13.710000038146973,13.789999961853027,948040
2016-08-29,7.0388875007629395,13.90999984741211,13.9399995803833,13.84000015258789,13.880000114440918,882966
2016-08-30,7.008526802062988,13.850000381469727,13.949999809265137,13.850000381469727,13.930000305175781,1304821
2016-08-31,7.0034661293029785,13.84000015258789,13.970000267028809,13.84000015258789,13.859999656677246,2362057
2016-09-01,6.983225345611572,13.800000190734863,14.029999732971191,13.789999961853027,13.859999656677246,2249626
2016-09-02,7.190696716308594,14.210000038146973,14.210000038146973,13.829999923706055,13.84000015258789,2059749
2016-09-05,7.231179237365723,14.289999961853027,14.350000381469727,14.199999809265137,14.210000038146973,1589290
2016-09-06,7.180576324462891,14.1899995803833,14.350000381469727,14.15999984741211,14.350000381469727,1132603
2016-09-07,7.135034084320068,14.100000381469727,14.15999984741211,13.960000038146973,14.039999961853027,1652321
2016-09-08,7.140094757080078,14.109999656677246,14.140000343322754,13.890000343322754,14.100000381469727,2129547
2016-09-09,7.013586044311523,13.859999656677246,14.199999809265137,13.819999694824219,14.079999923706055,1496575
2016-09-12,6.88201904296875,13.600000381469727,13.710000038146973,13.460000038146973,13.710000038146973,1893469
2016-09-13,6.77575159072876,13.390000343322754,13.65999984741211,13.380000114440918,13.619999885559082,2123751
2016-09-14,6.790932655334473,13.420000076293945,13.489999771118164,13.380000114440918,13.449999809265137,1683030
2016-09-15,6.755510330200195,13.350000381469727,13.449999809265137,13.3100004196167,13.399999618530273,1701810
2016-09-16,6.725148677825928,13.289999961853027,13.369999885559082,13.199999809265137,13.329999923706055,1698314
2016-09-19,6.831414699554443,13.5,13.539999961853027,13.359999656677246,13.359999656677246,1168042
2016-09-20,6.780811309814453,13.399999618530273,13.5600004196167,13.399999618530273,13.5,1101545
2016-09-21,6.760570049285889,13.359999656677246,13.539999961853027,13.329999923706055,13.5,1076828
2016-09-22,6.94780158996582,13.729999542236328,13.75,13.40999984741211,13.4399995803833,1524903
2016-09-23,6.9781646728515625,13.789999961853027,13.789999961853027,13.5600004196167,13.710000038146973,1455253
2016-09-26,6.9781646728515625,13.789999961853027,13.8100004196167,13.569999694824219,13.699999809265137,1649198
2016-09-27,7.028767108917236,13.890000343322754,13.989999771118164,13.729999542236328,13.829999923706055,2275207
2016-09-28,7.210937023162842,14.25,14.25,13.779999732971191,13.890000343322754,2435668
2016-09-29,7.291903018951416,14.40999984741211,14.59000015258789,14.300000190734863,14.300000190734863,2822704
2016-09-30,7.276722431182861,14.380000114440918,14.399999618530273,14.170000076293945,14.279999732971191,2152276
2016-10-03,7.291903018951416,14.40999984741211,14.4399995803833,14.289999961853027,14.359999656677246,1315809
2016-10-04,7.271661758422852,14.369999885559082,14.529999732971191,14.260000228881836,14.40999984741211,2108621
2016-10-05,7.155274391174316,14.140000343322754,14.319999694824219,14.09000015258789,14.300000190734863,1436955
2016-10-06,7.2463603019714355,14.319999694824219,14.4399995803833,14.039999961853027,14.140000343322754,2585793
2016-10-07,7.226119518280029,14.279999732971191,14.34000015258789,14.15999984741211,14.300000190734863,1834229
2016-10-10,7.281783103942871,14.390000343322754,14.399999618530273,14.180000305175781,14.289999961853027,2041258
2016-10-11,7.276722431182861,14.380000114440918,14.529999732971191,14.359999656677246,14.390000343322754,1489379
2016-10-12,7.312144756317139,14.449999809265137,14.609999656677246,14.319999694824219,14.350000381469727,2933381
2016-10-13,7.362747669219971,14.550000190734863,14.630000114440918,14.40999984741211,14.449999809265137,2297856
2016-10-14,7.514556407928467,14.850000381469727,14.899999618530273,14.59000015258789,14.600000381469727,2243861
2016-10-17,7.544918537139893,14.90999984741211,15.039999961853027,14.720000267028809,14.789999961853027,2345473
2016-10-18,7.722030162811279,15.260000228881836,15.260000228881836,15.010000228881836,15.050000190734863,2788705
2016-10-19,7.752391338348389,15.319999694824219,15.34000015258789,15.100000381469727,15.279999732971191,2042255
2016-10-20,7.88901948928833,15.59000015258789,15.640000343322754,15.289999961853027,15.350000381469727,2466958
2016-10-21,7.924439907073975,15.65999984741211,15.680000305175781,15.420000076293945,15.600000381469727,2253302
2016-10-24,7.894078731536865,15.600000381469727,15.739999771118164,15.420000076293945,15.649999618530273,2276346
2016-10-25,7.772633075714111,15.359999656677246,15.479999542236328,15.010000228881836,15.300000190734863,3549942
2016-10-26,7.797933101654053,15.40999984741211,15.5,15.3100004196167,15.350000381469727,1881091
2016-10-27,7.686608791351318,15.1899995803833,15.420000076293945,15.170000076293945,15.399999618530273,2335028
2016-10-28,7.676486968994141,15.170000076293945,15.350000381469727,15.050000190734863,15.140000343322754,2567759
2016-10-31,7.686608791351318,15.1899995803833,15.319999694824219,15.140000343322754,15.15999984741211,2036859
2016-11-01,7.605641841888428,15.029999732971191,15.260000228881836,15.029999732971191,15.210000038146973,1423375
2016-11-02,7.448771953582764,14.720000267028809,15.010000228881836,14.670000076293945,15.0,1988246
2016-11-03,7.529738426208496,14.880000114440918,14.960000038146973,14.649999618530273,14.680000305175781,2791779
2016-11-04,7.489255905151367,14.800000190734863,14.899999618530273,14.720000267028809,14.890000343322754,1439755
2016-11-07,7.519618034362793,14.859999656677246,14.960000038146973,14.760000228881836,14.899999618530273,1789732
2016-11-08,7.575279712677002,14.970000267028809,15.020000457763672,14.859999656677246,14.890000343322754,1433055
2016-11-09,7.610701560974121,15.039999961853027,15.09000015258789,14.399999618530273,14.479999542236328,3183575
2016-11-10,7.418409824371338,14.65999984741211,15.210000038146973,14.59000015258789,15.199999809265137,3946495
2016-11-11,7.342505931854248,14.510000228881836,14.770000457763672,14.479999542236328,14.6899995803833,2021828
2016-11-14,7.129973411560059,14.09000015258789,14.470000267028809,14.039999961853027,14.390000343322754,3559271
2016-11-15,7.155274391174316,14.140000343322754,14.170000076293945,13.899999618530273,14.069999694824219,3017100
2016-11-16,7.054068088531494,13.9399995803833,14.229999542236328,13.8100004196167,14.15999984741211,2356708
2016-11-17,6.912379741668701,13.65999984741211,13.979999542236328,13.550000190734863,13.9399995803833,3241268
2016-11-18,6.8465962409973145,13.529999732971191,13.710000038146973,13.5,13.680000305175781,2669793
2016-11-21,6.876957893371582,13.59000015258789,13.649999618530273,13.479999542236328,13.5600004196167,2208414
2016-11-22,6.922501087188721,13.680000305175781,13.779999732971191,13.630000114440918,13.65999984741211,1928847
2016-11-23,6.912379741668701,13.65999984741211,13.829999923706055,13.619999885559082,13.710000038146973,2175518
2016-11-24,6.8971991539001465,13.630000114440918,13.710000038146973,13.600000381469727,13.6899995803833,1418646
2016-11-25,6.942742347717285,13.720000267028809,13.739999771118164,13.600000381469727,13.65999984741211,1163322
2016-11-28,6.932620525360107,13.699999809265137,13.829999923706055,13.65999984741211,13.729999542236328,1493999
2016-11-29,6.932620525360107,13.699999809265137,13.729999542236328,13.609999656677246,13.6899995803833,1544754
2016-11-30,6.932620525360107,13.699999809265137,13.819999694824219,13.640000343322754,13.699999809265137,2561266
2016-12-01,6.887078285217285,13.609999656677246,13.800000190734863,13.569999694824219,13.680000305175781,1986777
2016-12-02,6.927560329437256,13.6899995803833,13.739999771118164,13.529999732971191,13.609999656677246,1564221
2016-12-05,6.927560329437256,13.6899995803833,13.84000015258789,13.609999656677246,13.65999984741211,1461545
2016-12-07,6.902259349822998,13.640000343322754,13.880000114440918,13.520000457763672,13.869999885559082,3593192
2016-12-08,6.937680721282959,13.710000038146973,13.779999732971191,13.510000228881836,13.699999809265137,2639445
2016-12-09,7.089489936828613,14.010000228881836,14.029999732971191,13.630000114440918,13.710000038146973,2075889
2016-12-12,7.377927780151367,14.579999923706055,14.630000114440918,14.020000457763672,14.020000457763672,4165318
2016-12-13,7.504433631896973,14.829999923706055,14.829999923706055,14.510000228881836,14.569999694824219,2644727
2016-12-14,7.504433631896973,14.829999923706055,14.920000076293945,14.680000305175781,14.819999694824219,2977426
2016-12-15,7.479134559631348,14.779999732971191,14.869999885559082,14.520000457763672,14.729999542236328,2501230
2016-12-16,7.291903018951416,14.40999984741211,14.8100004196167,14.40999984741211,14.699999809265137,4553206
2016-12-19,7.3931097984313965,14.609999656677246,14.630000114440918,14.40999984741211,14.40999984741211,1748197
2016-12-20,7.418409824371338,14.65999984741211,14.699999809265137,14.569999694824219,14.609999656677246,1730229
2016-12-21,7.453832626342773,14.729999542236328,14.789999961853027,14.65999984741211,14.65999984741211,1304517
2016-12-22,7.388049602508545,14.600000381469727,14.729999542236328,14.569999694824219,14.729999542236328,1123461
2016-12-23,7.448771953582764,14.720000267028809,14.75,14.5600004196167,14.600000381469727,960327
2016-12-27,7.443711757659912,14.710000038146973,14.800000190734863,14.670000076293945,14.720000267028809,487250
2016-12-28,7.453832626342773,14.729999542236328,14.779999732971191,14.649999618530273,14.699999809265137,863660
2016-12-29,7.423470973968506,14.670000076293945,14.680000305175781,14.5600004196167,14.65999984741211,1209662
2016-12-30,7.372868061065674,14.569999694824219,14.720000267028809,14.569999694824219,14.640000343322754,1137228
2017-01-02,7.544918537139893,14.90999984741211,14.970000267028809,14.579999923706055,14.600000381469727,1074487
2017-01-03,7.479134559631348,14.779999732971191,14.989999771118164,14.729999542236328,14.979999542236328,1391001
2017-01-04,7.438652515411377,14.699999809265137,14.850000381469727,14.630000114440918,14.800000190734863,1600452
2017-01-05,7.448771953582764,14.720000267028809,14.84000015258789,14.699999809265137,14.710000038146973,1345988
2017-01-09,7.509498119354248,14.84000015258789,14.949999809265137,14.739999771118164,14.739999771118164,1828882
2017-01-10,7.514556407928467,14.850000381469727,14.970000267028809,14.760000228881836,14.850000381469727,2457825
2017-01-11,7.458892822265625,14.739999771118164,14.84000015258789,14.619999885559082,14.829999923706055,1407801
2017-01-12,7.4943156242370605,14.8100004196167,14.880000114440918,14.739999771118164,14.739999771118164,1692166
2017-01-13,7.555039405822754,14.930000305175781,15.050000190734863,14.819999694824219,14.850000381469727,1540007
2017-01-16,7.534798622131348,14.890000343322754,15.029999732971191,14.890000343322754,14.949999809265137,1219379
2017-01-17,7.57021951675415,14.960000038146973,14.979999542236328,14.8100004196167,14.890000343322754,1503761
2017-01-18,7.630942344665527,15.079999923706055,15.079999923706055,14.960000038146973,14.960000038146973,1932706
2017-01-19,7.691667556762695,15.199999809265137,15.279999732971191,15.119999885559082,15.220000267028809,2014448
2017-01-20,7.711907863616943,15.239999771118164,15.329999923706055,15.149999618530273,15.25,1752800
2017-01-23,7.666367053985596,15.149999618530273,15.25,15.09000015258789,15.199999809265137,1830420
2017-01-24,7.600581169128418,15.020000457763672,15.1899995803833,15.0,15.140000343322754,2138892
2017-01-25,7.615763187408447,15.050000190734863,15.149999618530273,14.979999542236328,15.050000190734863,1103147
2017-01-26,7.575279712677002,14.970000267028809,15.149999618530273,14.930000305175781,15.119999885559082,1807090
2017-01-27,7.580339431762695,14.979999542236328,15.039999961853027,14.960000038146973,14.960000038146973,1989435
2017-01-30,7.448771953582764,14.720000267028809,15.010000228881836,14.619999885559082,15.0,2721827
2017-01-31,7.484194278717041,14.789999961853027,14.819999694824219,14.619999885559082,14.699999809265137,3078742
2017-02-01,7.403231143951416,14.630000114440918,14.829999923706055,14.609999656677246,14.819999694824219,2773180
2017-02-02,7.140094757080078,14.109999656677246,14.510000228881836,13.920000076293945,14.5,7780926
2017-02-03,7.1451544761657715,14.119999885559082,14.15999984741211,13.949999809265137,14.149999618530273,3515715
2017-02-06,7.109732151031494,14.050000190734863,14.170000076293945,14.010000228881836,14.149999618530273,2177865
2017-02-07,7.1451544761657715,14.119999885559082,14.15999984741211,13.970000267028809,14.050000190734863,2374183
2017-02-08,7.1856369972229,14.199999809265137,14.199999809265137,14.0600004196167,14.149999618530273,2467219
2017-02-09,7.170455455780029,14.170000076293945,14.3100004196167,14.100000381469727,14.199999809265137,2436663
2017-02-10,7.195756435394287,14.220000267028809,14.239999771118164,14.050000190734863,14.220000267028809,3210926
2017-02-13,7.2413010597229,14.3100004196167,14.319999694824219,14.199999809265137,14.25,1725293
2017-02-14,7.2463603019714355,14.319999694824219,14.420000076293945,14.220000267028809,14.3100004196167,1724386
2017-02-15,7.251420021057129,14.329999923706055,14.420000076293945,14.25,14.359999656677246,1660110
2017-02-16,7.2463603019714355,14.319999694824219,14.380000114440918,14.210000038146973,14.329999923706055,1749887
2017-02-17,7.200817108154297,14.229999542236328,14.359999656677246,14.15999984741211,14.350000381469727,1714264
2017-02-20,7.271661758422852,14.369999885559082,14.390000343322754,14.300000190734863,14.34000015258789,1173621
2017-02-21,7.317204475402832,14.460000038146973,14.520000457763672,14.319999694824219,14.380000114440918,1396924
2017-02-22,7.281783103942871,14.390000343322754,14.550000190734863,14.3100004196167,14.460000038146973,1505572
2017-02-23,7.281783103942871,14.390000343322754,14.399999618530273,14.289999961853027,14.390000343322754,1498500
2017-02-24,7.226119518280029,14.279999732971191,14.40999984741211,14.210000038146973,14.399999618530273,1556998
2017-02-27,7.291903018951416,14.40999984741211,14.460000038146973,14.260000228881836,14.319999694824219,1399285
2017-02-28,7.332386493682861,14.489999771118164,14.489999771118164,14.329999923706055,14.449999809265137,1531060
2017-03-01,7.3931097984313965,14.609999656677246,14.619999885559082,14.40999984741211,14.510000228881836,1709404
2017-03-02,7.57021951675415,14.960000038146973,15.039999961853027,14.539999961853027,14.619999885559082,3196334
2017-03-03,7.580339431762695,14.979999542236328,15.029999732971191,14.899999618530273,14.960000038146973,1827471
2017-03-06,7.555039405822754,14.930000305175781,14.989999771118164,14.859999656677246,14.979999542236328,1230507
2017-03-07,7.489255905151367,14.800000190734863,14.949999809265137,14.760000228881836,14.949999809265137,1646831
2017-03-08,7.3931097984313965,14.609999656677246,14.819999694824219,14.609999656677246,14.800000190734863,1977586
2017-03-09,7.352626323699951,14.529999732971191,14.640000343322754,14.420000076293945,14.640000343322754,1914577
2017-03-10,7.266602039337158,14.359999656677246,14.65999984741211,14.359999656677246,14.5600004196167,1858610
2017-03-13,7.291903018951416,14.40999984741211,14.40999984741211,14.25,14.380000114440918,1667200
2017-03-14,7.256481647491455,14.34000015258789,14.5600004196167,14.3100004196167,14.399999618530273,1744141
2017-03-15,7.236239910125732,14.300000190734863,14.399999618530273,14.229999542236328,14.390000343322754,1739777
2017-03-16,7.2413010597229,14.3100004196167,14.470000267028809,14.3100004196167,14.390000343322754,1702938
2017-03-17,7.307084083557129,14.4399995803833,14.4399995803833,14.15999984741211,14.319999694824219,4158450
2017-03-20,7.3931097984313965,14.609999656677246,14.6899995803833,14.4399995803833,14.449999809265137,2155512
2017-03-21,7.337446212768555,14.5,14.729999542236328,14.479999542236328,14.670000076293945,1509339
2017-03-22,7.205878734588623,14.239999771118164,14.420000076293945,14.109999656677246,14.40999984741211,2594682
2017-03-23,7.271661758422852,14.369999885559082,14.399999618530273,14.180000305175781,14.279999732971191,1752348
2017-03-24,7.276722431182861,14.380000114440918,14.470000267028809,14.350000381469727,14.399999618530273,1463570
2017-03-27,7.261541843414307,14.350000381469727,14.449999809265137,14.279999732971191,14.420000076293945,1339884
2017-03-28,7.322266101837158,14.470000267028809,14.539999961853027,14.380000114440918,14.399999618530273,1379724
2017-03-29,7.362747669219971,14.550000190734863,14.5600004196167,14.470000267028809,14.539999961853027,1316870
2017-03-30,7.403231143951416,14.630000114440918,14.640000343322754,14.529999732971191,14.569999694824219,1702414
2017-03-31,7.504433631896973,14.829999923706055,14.829999923706055,14.609999656677246,14.649999618530273,2332237
2017-04-03,7.438652515411377,14.699999809265137,14.970000267028809,14.6899995803833,14.869999885559082,3772408
2017-04-04,7.3931097984313965,14.609999656677246,14.850000381469727,14.5600004196167,14.75,4377973
2017-04-05,7.1742167472839355,13.109999656677246,13.539999961853027,12.960000038146973,13.529999732971191,6893187
2017-04-06,7.23441219329834,13.220000267028809,13.289999961853027,13.050000190734863,13.15999984741211,2525292
2017-04-07,7.2234673500061035,13.199999809265137,13.260000228881836,13.069999694824219,13.229999542236328,2360647
2017-04-10,7.1742167472839355,13.109999656677246,13.229999542236328,13.039999961853027,13.229999542236328,1682088
2017-04-11,7.15779972076416,13.079999923706055,13.109999656677246,13.0,13.069999694824219,1840750
2017-04-12,7.2015767097473145,13.15999984741211,13.15999984741211,13.020000457763672,13.100000381469727,1628892
2017-04-13,7.168745040893555,13.100000381469727,13.1899995803833,13.069999694824219,13.15999984741211,1379894
2017-04-18,7.064769744873047,12.90999984741211,13.180000305175781,12.90999984741211,13.119999885559082,2239348
2017-04-19,6.999101638793945,12.789999961853027,12.920000076293945,12.789999961853027,12.899999618530273,1963564
2017-04-20,6.999101638793945,12.789999961853027,12.8100004196167,12.6899995803833,12.789999961853027,3275534
2017-04-21,7.004574775695801,12.800000190734863,12.869999885559082,12.720000267028809,12.789999961853027,2349666
2017-04-24,7.1194939613342285,13.010000228881836,13.050000190734863,12.880000114440918,12.979999542236328,3078112
2017-04-25,7.114020347595215,13.0,13.050000190734863,12.930000305175781,13.0,1866989
2017-04-26,7.163272380828857,13.09000015258789,13.130000114440918,12.989999771118164,13.020000457763672,2850711
2017-04-27,7.283663272857666,13.3100004196167,13.5,13.239999771118164,13.369999885559082,3543209
2017-04-28,7.311023712158203,13.359999656677246,13.489999771118164,13.270000457763672,13.40999984741211,3328562
2017-05-02,7.475194931030273,13.65999984741211,13.789999961853027,13.300000190734863,13.380000114440918,3332563
2017-05-03,7.513500690460205,13.729999542236328,13.829999923706055,13.510000228881836,13.649999618530273,2529983
2017-05-04,7.595584392547607,13.880000114440918,13.9399995803833,13.760000228881836,13.760000228881836,2907352
2017-05-05,7.590113162994385,13.869999885559082,13.949999809265137,13.739999771118164,13.880000114440918,2842736
2017-05-08,7.595584392547607,13.880000114440918,13.970000267028809,13.770000457763672,13.949999809265137,1894922
2017-05-09,7.573696136474609,13.84000015258789,13.899999618530273,13.779999732971191,13.869999885559082,1968953
2017-05-10,7.579169273376465,13.850000381469727,13.869999885559082,13.760000228881836,13.850000381469727,1588153
2017-05-11,7.562751293182373,13.819999694824219,13.890000343322754,13.760000228881836,13.850000381469727,2101105
2017-05-12,7.55728006362915,13.8100004196167,13.850000381469727,13.710000038146973,13.8100004196167,1898828
2017-05-15,7.551806926727295,13.800000190734863,13.859999656677246,13.729999542236328,13.8100004196167,1799623
2017-05-16,7.606530666351318,13.899999618530273,13.949999809265137,13.770000457763672,13.800000190734863,2153381
2017-05-17,7.5353899002075195,13.770000457763672,13.890000343322754,13.760000228881836,13.880000114440918,2219403
2017-05-18,7.540862083435059,13.779999732971191,13.850000381469727,13.670000076293945,13.75,2661504
2017-05-19,7.639364242553711,13.960000038146973,14.050000190734863,13.760000228881836,13.770000457763672,2914507
2017-05-22,7.7542829513549805,14.170000076293945,14.199999809265137,14.0,14.0,2657633
2017-05-23,7.798060417175293,14.25,14.270000457763672,14.100000381469727,14.180000305175781,1853984
2017-05-24,7.7542829513549805,14.170000076293945,14.270000457763672,14.109999656677246,14.25,1558087
2017-05-26,7.787115573883057,14.229999542236328,14.270000457763672,14.100000381469727,14.15999984741211,2426991
2017-05-29,7.7542829513549805,14.170000076293945,14.220000267028809,14.119999885559082,14.199999809265137,845213
2017-05-30,7.748810291290283,14.15999984741211,14.180000305175781,14.069999694824219,14.149999618530273,1470000
2017-05-31,7.7597551345825195,14.180000305175781,14.380000114440918,14.020000457763672,14.15999984741211,3261700
2017-06-01,7.923924446105957,14.479999542236328,14.520000457763672,14.149999618530273,14.180000305175781,3381043
2017-06-02,7.918452262878418,14.470000267028809,14.539999961853027,14.390000343322754,14.479999542236328,2062116
2017-06-05,7.8965630531311035,14.430000305175781,14.460000038146973,14.34000015258789,14.449999809265137,1059655
2017-06-06,7.93487024307251,14.5,14.59000015258789,14.3100004196167,14.390000343322754,1560638
2017-06-07,7.96223258972168,14.550000190734863,14.579999923706055,14.40999984741211,14.5,2166656
2017-06-08,7.929396152496338,14.489999771118164,14.640000343322754,14.449999809265137,14.59000015258789,2262261
2017-06-09,7.918452262878418,14.470000267028809,14.569999694824219,14.40999984741211,14.529999732971191,1250473
2017-06-12,7.809006690979004,14.270000457763672,14.420000076293945,14.180000305175781,14.40999984741211,2830429
2017-06-13,7.814478397369385,14.279999732971191,14.329999923706055,14.210000038146973,14.270000457763672,1584636
2017-06-14,7.825423717498779,14.300000190734863,14.420000076293945,14.270000457763672,14.270000457763672,1920759
2017-06-15,7.787115573883057,14.229999542236328,14.4399995803833,14.100000381469727,14.319999694824219,2366708
2017-06-16,7.7761712074279785,14.210000038146973,14.359999656677246,14.100000381469727,14.279999732971191,3683843
2017-06-19,7.86920166015625,14.380000114440918,14.399999618530273,14.270000457763672,14.289999961853027,1921810
2017-06-20,7.8965630531311035,14.430000305175781,14.520000457763672,14.369999885559082,14.399999618530273,2005162
2017-06-21,7.83089542388916,14.3100004196167,14.399999618530273,14.239999771118164,14.399999618530273,2116978
2017-06-22,7.787115573883057,14.229999542236328,14.3100004196167,14.170000076293945,14.300000190734863,1456401
2017-06-26,7.83089542388916,14.3100004196167,14.350000381469727,14.180000305175781,14.199999809265137,1607471
2017-06-27,7.798060417175293,14.25,14.5600004196167,14.210000038146973,14.359999656677246,2722263
2017-06-28,7.715976715087891,14.100000381469727,14.270000457763672,14.010000228881836,14.25,2785859
2017-06-29,7.595584392547607,13.880000114440918,14.210000038146973,13.789999961853027,14.140000343322754,3150762
2017-06-30,7.513500690460205,13.729999542236328,13.899999618530273,13.710000038146973,13.880000114440918,2504271
2017-07-03,7.644835472106934,13.970000267028809,14.0,13.760000228881836,13.800000190734863,1858489
2017-07-04,7.595584392547607,13.880000114440918,13.979999542236328,13.880000114440918,13.90999984741211,1606085
2017-07-05,7.622947692871094,13.930000305175781,14.020000457763672,13.819999694824219,13.880000114440918,2233115
2017-07-06,7.562751293182373,13.819999694824219,13.930000305175781,13.630000114440918,13.930000305175781,2144024
2017-07-07,7.568222522735596,13.829999923706055,13.880000114440918,13.75,13.829999923706055,1334361
2017-07-10,7.655781269073486,13.989999771118164,14.050000190734863,13.850000381469727,13.880000114440918,2209080
2017-07-11,7.666724681854248,14.010000228881836,14.0600004196167,13.90999984741211,14.010000228881836,1531203
2017-07-12,7.787115573883057,14.229999542236328,14.319999694824219,13.979999542236328,13.989999771118164,2817924
2017-07-13,7.825423717498779,14.300000190734863,14.390000343322754,14.210000038146973,14.220000267028809,2331294
2017-07-14,7.918452262878418,14.470000267028809,14.5,14.3100004196167,14.3100004196167,1904059
2017-07-17,7.951286315917969,14.529999732971191,14.600000381469727,14.460000038146973,14.470000267028809,2031680
2017-07-18,7.912980079650879,14.460000038146973,14.59000015258789,14.380000114440918,14.529999732971191,2233492
2017-07-19,7.945814609527588,14.520000457763672,14.600000381469727,14.380000114440918,14.5,2107343
2017-07-20,7.743337154388428,14.149999618530273,14.170000076293945,13.869999885559082,14.0,6201481
2017-07-21,7.699559688568115,14.069999694824219,14.329999923706055,13.989999771118164,14.149999618530273,2272055
2017-07-24,7.584639549255371,13.859999656677246,14.069999694824219,13.8100004196167,14.069999694824219,2621351
2017-07-25,7.568222522735596,13.829999923706055,13.899999618530273,13.760000228881836,13.859999656677246,2355536
2017-07-26,7.628419399261475,13.9399995803833,14.020000457763672,13.84000015258789,13.84000015258789,1920800
2017-07-27,7.644835472106934,13.970000267028809,14.1899995803833,13.970000267028809,14.0,2691640
2017-07-28,7.628419399261475,13.9399995803833,14.0,13.8100004196167,14.0,2647200
2017-07-31,7.562751293182373,13.819999694824219,14.0,13.779999732971191,13.920000076293945,2256613
2017-08-01,7.562751293182373,13.819999694824219,13.869999885559082,13.710000038146973,13.800000190734863,1974906
2017-08-02,7.601058483123779,13.890000343322754,13.970000267028809,13.829999923706055,13.829999923706055,1141716
2017-08-03,7.699559688568115,14.069999694824219,14.140000343322754,13.850000381469727,13.90999984741211,2491939
2017-08-04,7.7542829513549805,14.170000076293945,14.25,14.079999923706055,14.079999923706055,1359553
2017-08-07,7.7761712074279785,14.210000038146973,14.229999542236328,14.109999656677246,14.1899995803833,1166766
2017-08-08,7.803533554077148,14.260000228881836,14.289999961853027,14.1899995803833,14.229999542236328,1378226
2017-08-09,7.798060417175293,14.25,14.260000228881836,14.0600004196167,14.210000038146973,1255160
2017-08-10,7.732393741607666,14.130000114440918,14.270000457763672,14.039999961853027,14.25,1522395
2017-08-11,7.672198295593262,14.020000457763672,14.119999885559082,13.949999809265137,14.09000015258789,1752387
2017-08-14,7.81995153427124,14.289999961853027,14.420000076293945,14.050000190734863,14.050000190734863,2387822
2017-08-15,7.84731388092041,14.34000015258789,14.399999618530273,14.3100004196167,14.3100004196167,1216555
2017-08-16,7.912980079650879,14.460000038146973,14.609999656677246,14.350000381469727,14.350000381469727,2245585
2017-08-17,8.044315338134766,14.699999809265137,14.920000076293945,14.479999542236328,14.479999542236328,3997241
2017-08-18,8.137345314025879,14.869999885559082,15.0,14.609999656677246,14.619999885559082,4145322
2017-08-21,8.137345314025879,14.869999885559082,14.989999771118164,14.779999732971191,14.800000190734863,3128558
2017-08-22,8.16470718383789,14.920000076293945,14.9399995803833,14.880000114440918,14.899999618530273,1362963
2017-08-23,8.14281940460205,14.880000114440918,14.979999542236328,14.789999961853027,14.90999984741211,1657363
2017-08-24,8.181124687194824,14.949999809265137,15.079999923706055,14.859999656677246,14.869999885559082,2685584
2017-08-25,8.257737159729004,15.09000015258789,15.170000076293945,14.960000038146973,14.960000038146973,2133438
2017-08-28,8.224902153015137,15.029999732971191,15.130000114440918,14.979999542236328,15.050000190734863,1185660
2017-08-29,8.16470718383789,14.920000076293945,14.989999771118164,14.8100004196167,14.989999771118164,2531145
2017-08-30,8.208486557006836,15.0,15.09000015258789,14.920000076293945,14.960000038146973,2204069
2017-08-31,8.252263069152832,15.079999923706055,15.279999732971191,15.010000228881836,15.020000457763672,2971265
2017-09-01,8.317933082580566,15.199999809265137,15.260000228881836,15.100000381469727,15.100000381469727,2534197
2017-09-04,8.345293045043945,15.25,15.270000457763672,15.050000190734863,15.119999885559082,1918562
2017-09-05,8.454739570617676,15.449999809265137,15.609999656677246,15.220000267028809,15.239999771118164,3643773
2017-09-06,8.498517990112305,15.529999732971191,15.680000305175781,15.359999656677246,15.449999809265137,2483218
2017-09-07,8.586075782775879,15.6899995803833,15.720000267028809,15.539999961853027,15.550000190734863,2559905
2017-09-08,8.597021102905273,15.710000038146973,15.800000190734863,15.630000114440918,15.699999809265137,1911864
2017-09-11,8.662690162658691,15.829999923706055,15.890000343322754,15.680000305175781,15.710000038146973,2273785
2017-09-12,8.646271705627441,15.800000190734863,15.949999809265137,15.779999732971191,15.84000015258789,2713907
2017-09-13,8.673633575439453,15.850000381469727,15.850000381469727,15.680000305175781,15.75,3292951
2017-09-14,8.7338285446167,15.960000038146973,15.970000267028809,15.800000190734863,15.8100004196167,3005151
2017-09-15,8.700994491577148,15.899999618530273,16.079999923706055,15.890000343322754,15.960000038146973,3803292
2017-09-18,8.865165710449219,16.200000762939453,16.579999923706055,16.15999984741211,16.260000228881836,4228469
2017-09-19,8.876110076904297,16.219999313354492,16.239999771118164,16.139999389648438,16.18000030517578,1744964
2017-09-20,9.248226165771484,16.899999618530273,17.280000686645508,16.200000762939453,16.200000762939453,10726163
2017-09-21,8.925358772277832,16.309999465942383,16.700000762939453,16.079999923706055,16.700000762939453,6731978
2017-09-22,8.82138729095459,16.1200008392334,16.299999237060547,15.970000267028809,16.25,3187433
2017-09-25,9.040277481079102,16.520000457763672,16.520000457763672,15.930000305175781,16.010000228881836,5305895
2017-09-26,9.034806251525879,16.510000228881836,16.639999389648438,16.399999618530273,16.5,3764529
2017-09-27,9.116890907287598,16.65999984741211,16.809999465942383,16.56999969482422,16.639999389648438,4984769
2017-09-28,9.204448699951172,16.81999969482422,16.850000381469727,16.59000015258789,16.65999984741211,2632814
2017-09-29,9.242754936218262,16.889999389648438,17.06999969482422,16.700000762939453,16.84000015258789,4594858
2017-10-02,9.335785865783691,17.059999465942383,17.110000610351562,16.899999618530273,16.950000762939453,3315775
2017-10-03,9.428812980651855,17.229999542236328,17.229999542236328,16.989999771118164,17.059999465942383,2629773
2017-10-04,9.319368362426758,17.030000686645508,17.290000915527344,17.020000457763672,17.229999542236328,2326279
2017-10-05,9.450703620910645,17.270000457763672,17.280000686645508,17.030000686645508,17.030000686645508,1745842
2017-10-06,9.406925201416016,17.190000534057617,17.350000381469727,17.149999618530273,17.25,1428731
2017-10-09,9.483535766601562,17.329999923706055,17.40999984741211,17.139999389648438,17.139999389648438,2291922
2017-10-10,9.565622329711914,17.479999542236328,17.489999771118164,17.239999771118164,17.309999465942383,2416486
2017-10-11,9.609400749206543,17.559999465942383,17.639999389648438,17.420000076293945,17.479999542236328,2332352
2017-10-12,9.729790687561035,17.780000686645508,17.93000030517578,17.670000076293945,17.68000030517578,2533468
2017-10-13,9.768097877502441,17.850000381469727,17.850000381469727,17.6200008392334,17.780000686645508,1940289
2017-10-16,9.713374137878418,17.75,17.799999237060547,17.610000610351562,17.790000915527344,2010197
2017-10-17,9.883016586303711,18.059999465942383,18.059999465942383,17.670000076293945,17.75,3271926
2017-10-18,9.779044151306152,17.8700008392334,18.1200008392334,17.8700008392334,18.0,2138264
2017-10-19,9.850184440612793,18.0,18.020000457763672,17.790000915527344,17.8799991607666,2010962
2017-10-20,9.789986610412598,17.889999389648438,18.079999923706055,17.790000915527344,17.979999542236328,2279630
2017-10-23,9.899434089660645,18.09000015258789,18.18000030517578,17.739999771118164,17.860000610351562,2244286
2017-10-24,9.965100288391113,18.209999084472656,18.280000686645508,18.030000686645508,18.09000015258789,2455756
2017-10-25,9.718847274780273,17.760000228881836,18.239999771118164,17.670000076293945,18.239999771118164,3287599
2017-10-26,9.970573425292969,18.219999313354492,18.309999465942383,17.690000534057617,17.790000915527344,3110632
2017-10-27,10.030769348144531,18.329999923706055,18.40999984741211,18.040000915527344,18.219999313354492,3111503
2017-10-30,9.992463111877441,18.260000228881836,18.3700008392334,18.170000076293945,18.299999237060547,2572314
2017-10-31,9.976046562194824,18.229999542236328,18.34000015258789,18.18000030517578,18.200000762939453,2436756
2017-11-01,10.047186851501465,18.360000610351562,18.489999771118164,18.18000030517578,18.200000762939453,2118946
2017-11-02,10.03624153137207,18.34000015258789,18.43000030517578,18.200000762939453,18.350000381469727,2256939
2017-11-03,10.047186851501465,18.360000610351562,18.469999313354492,18.260000228881836,18.360000610351562,1479155
2017-11-06,10.090965270996094,18.440000534057617,18.520000457763672,18.31999969482422,18.329999923706055,1600018
2017-11-07,10.123800277709961,18.5,18.649999618530273,18.350000381469727,18.40999984741211,2166741
2017-11-08,10.22777271270752,18.690000534057617,18.75,18.40999984741211,18.600000381469727,2081983
2017-11-09,10.069076538085938,18.399999618530273,18.940000534057617,18.350000381469727,18.729999542236328,2860788
2017-11-10,9.943211555480957,18.170000076293945,18.489999771118164,18.1200008392334,18.420000076293945,1246718
2017-11-13,9.910379409790039,18.110000610351562,18.280000686645508,17.8799991607666,18.200000762939453,1693851
2017-11-14,9.795458793640137,17.899999618530273,18.260000228881836,17.799999237060547,18.100000381469727,2124168
2017-11-15,9.735264778137207,17.790000915527344,17.8799991607666,17.549999237060547,17.84000015258789,2165674
2017-11-16,9.817350387573242,17.940000534057617,17.989999771118164,17.75,17.790000915527344,2316530
2017-11-17,9.620346069335938,17.579999923706055,17.969999313354492,17.559999465942383,17.969999313354492,2320936
2017-11-20,9.614872932434082,17.56999969482422,17.75,17.489999771118164,17.719999313354492,1936048
2017-11-21,9.614872932434082,17.56999969482422,17.700000762939453,17.0,17.399999618530273,3168349
2017-11-22,9.62581729888916,17.59000015258789,17.899999618530273,17.530000686645508,17.56999969482422,2016952
2017-11-23,9.653179168701172,17.639999389648438,17.700000762939453,17.3700008392334,17.3700008392334,1676387
2017-11-24,9.631290435791016,17.600000381469727,17.760000228881836,17.510000228881836,17.6200008392334,1401911
2017-11-27,9.499953269958496,17.360000610351562,17.649999618530273,17.360000610351562,17.549999237060547,1570325
2017-11-28,9.499953269958496,17.360000610351562,17.520000457763672,17.290000915527344,17.329999923706055,1403015
2017-11-29,9.592984199523926,17.530000686645508,17.65999984741211,17.389999389648438,17.399999618530273,1907938
2017-11-30,9.675068855285645,17.68000030517578,17.81999969482422,17.559999465942383,17.799999237060547,3711005
2017-12-01,9.582039833068848,17.510000228881836,17.709999084472656,17.440000534057617,17.639999389648438,1517630
2017-12-04,9.675068855285645,17.68000030517578,17.809999465942383,17.510000228881836,17.579999923706055,1708057
2017-12-05,9.609400749206543,17.559999465942383,17.790000915527344,17.440000534057617,17.690000534057617,2087566
2017-12-07,9.434287071228027,17.239999771118164,17.690000534057617,17.200000762939453,17.600000381469727,2657634
2017-12-08,9.417869567871094,17.209999084472656,17.360000610351562,17.139999389648438,17.260000228881836,2079739
2017-12-11,9.335785865783691,17.059999465942383,17.229999542236328,16.979999542236328,17.209999084472656,1945213
2017-12-12,9.456175804138184,17.280000686645508,17.299999237060547,17.010000228881836,17.030000686645508,2936845
2017-12-13,9.352202415466309,17.09000015258789,17.329999923706055,17.030000686645508,17.280000686645508,2125556
2017-12-14,9.270115852355957,16.940000534057617,17.229999542236328,16.8799991607666,17.06999969482422,1874363
2017-12-15,9.445231437683105,17.260000228881836,17.299999237060547,16.90999984741211,16.940000534057617,3787606
2017-12-18,9.538261413574219,17.43000030517578,17.510000228881836,17.25,17.299999237060547,1633778
2017-12-19,9.390508651733398,17.15999984741211,17.40999984741211,17.010000228881836,17.40999984741211,2760550
2017-12-20,9.166141510009766,16.75,17.100000381469727,16.690000534057617,17.100000381469727,2418410
2017-12-21,9.045750617980957,16.530000686645508,16.860000610351562,16.450000762939453,16.850000381469727,3256004
2017-12-22,9.045750617980957,16.530000686645508,16.709999084472656,16.459999084472656,16.5,1053586
2017-12-27,9.02933406829834,16.5,16.65999984741211,16.34000015258789,16.530000686645508,1113177
2017-12-28,8.985556602478027,16.420000076293945,16.5,16.389999389648438,16.5,1168638
2017-12-29,9.02933406829834,16.5,16.540000915527344,16.3799991607666,16.399999618530273,1418448
2018-01-02,9.097739219665527,16.625,16.709999084472656,16.424999237060547,16.510000228881836,2117718
2018-01-03,9.155197143554688,16.729999542236328,16.81999969482422,16.639999389648438,16.700000762939453,1853210
2018-01-04,9.231810569763184,16.8700008392334,16.920000076293945,16.735000610351562,16.799999237060547,2036208
2018-01-05,9.25369930267334,16.90999984741211,16.94499969482422,16.790000915527344,16.915000915527344,1711840
2018-01-08,9.319368362426758,17.030000686645508,17.184999465942383,16.940000534057617,16.950000762939453,1973399
2018-01-09,9.393243789672852,17.165000915527344,17.3700008392334,17.100000381469727,17.100000381469727,2112121
2018-01-10,9.343994140625,17.075000762939453,17.354999542236328,17.06999969482422,17.200000762939453,2040840
2018-01-11,9.39871597290039,17.174999237060547,17.354999542236328,17.084999084472656,17.200000762939453,1747126
2018-01-12,9.732526779174805,17.78499984741211,17.875,17.395000457763672,17.399999618530273,4643701
2018-01-15,9.57109546661377,17.489999771118164,17.924999237060547,17.434999465942383,17.850000381469727,2639082
2018-01-16,9.658649444580078,17.649999618530273,17.829999923706055,17.5,17.5,2469627
2018-01-17,9.732526779174805,17.78499984741211,17.924999237060547,17.6200008392334,17.68000030517578,2352547
2018-01-18,9.732526779174805,17.78499984741211,18.075000762939453,17.674999237060547,17.829999923706055,3065114
2018-01-19,9.765359878540039,17.844999313354492,17.934999465942383,17.7549991607666,17.799999237060547,2160587
2018-01-22,9.757150650024414,17.829999923706055,17.975000381469727,17.690000534057617,17.899999618530273,2305067
2018-01-23,9.839238166809082,17.979999542236328,18.05500030517578,17.75,17.80500030517578,2909897
2018-01-24,9.921323776245117,18.1299991607666,18.184999465942383,17.850000381469727,17.989999771118164,3146059
2018-01-25,9.792723655700684,17.895000457763672,18.334999084472656,17.850000381469727,18.045000076293945,2924988
2018-01-26,9.787251472473145,17.885000228881836,18.190000534057617,17.885000228881836,17.954999923706055,2079670
2018-01-29,9.844709396362305,17.989999771118164,18.114999771118164,17.90999984741211,17.920000076293945,2121480
2018-01-30,9.705164909362793,17.735000610351562,18.03499984741211,17.690000534057617,17.959999084472656,3154078
2018-01-31,9.557414054870605,17.46500015258789,17.950000762939453,17.434999465942383,17.81999969482422,3205863
2018-02-01,9.499953269958496,17.360000610351562,17.7450008392334,17.28499984741211,17.625,3408298
2018-02-02,9.686014175415039,17.700000762939453,18.25,17.5049991607666,18.024999618530273,5173427
2018-02-05,9.62581729888916,17.59000015258789,17.80500030517578,17.34000015258789,17.725000381469727,3812696
2018-02-06,9.297477722167969,16.989999771118164,17.399999618530273,16.899999618530273,17.084999084472656,4459400
2018-02-07,9.483535766601562,17.329999923706055,17.354999542236328,17.075000762939453,17.25,3329251
2018-02-08,9.278324127197266,16.954999923706055,17.53499984741211,16.954999923706055,17.415000915527344,3698093
2018-02-09,9.234546661376953,16.875,17.135000228881836,16.625,16.780000686645508,4374021
2018-02-12,9.261906623840332,16.924999237060547,17.06999969482422,16.80500030517578,16.9950008392334,2221156
2018-02-13,9.368618965148926,17.1200008392334,17.155000686645508,16.80500030517578,16.915000915527344,2141872
2018-02-14,9.576567649841309,17.5,17.639999389648438,17.1299991607666,17.170000076293945,2996439
2018-02-15,9.631290435791016,17.600000381469727,17.729999542236328,17.440000534057617,17.600000381469727,1854121
2018-02-16,9.748945236206055,17.815000534057617,18.010000228881836,17.649999618530273,17.649999618530273,2031969
2018-02-19,9.798196792602539,17.905000686645508,17.96500015258789,17.780000686645508,17.850000381469727,1638964
2018-02-20,9.803668975830078,17.915000915527344,18.020000457763672,17.834999084472656,17.934999465942383,1682144
2018-02-21,9.83103084564209,17.96500015258789,18.139999389648438,17.875,18.09000015258789,2252744
2018-02-22,9.89122486114502,18.075000762939453,18.125,17.7450008392334,17.940000534057617,1657149
2018-02-23,9.973310470581055,18.225000381469727,18.25,17.934999465942383,18.059999465942383,1901181
2018-02-26,10.04171371459961,18.350000381469727,18.469999313354492,18.2549991607666,18.280000686645508,2098624
2018-02-27,10.008881568908691,18.290000915527344,18.459999084472656,18.235000610351562,18.385000228881836,1681162
2018-02-28,9.877545356750488,18.049999237060547,18.299999237060547,18.049999237060547,18.225000381469727,2591202
2018-03-01,9.885754585266113,18.065000534057617,18.229999542236328,17.954999923706055,18.0,2462050
2018-03-02,9.617609977722168,17.575000762939453,18.049999237060547,17.524999618530273,18.0,2528733
2018-03-05,9.759888648986816,17.834999084472656,17.834999084472656,17.53499984741211,17.549999237060547,1761011
2018-03-06,9.784514427185059,17.8799991607666,18.024999618530273,17.815000534057617,17.975000381469727,1865376
2018-03-07,9.869336128234863,18.03499984741211,18.049999237060547,17.84000015258789,17.8799991607666,2471867
2018-03-08,10.033506393432617,18.334999084472656,18.399999618530273,17.9950008392334,18.040000915527344,2421579
2018-03-09,10.099173545837402,18.454999923706055,18.565000534057617,18.270000457763672,18.354999542236328,1989616
2018-03-12,10.074546813964844,18.40999984741211,18.75,18.375,18.600000381469727,3057918
2018-03-13,10.006144523620605,18.28499984741211,18.485000610351562,18.15999984741211,18.450000762939453,2965301
2018-03-14,9.918586730957031,18.125,18.34000015258789,17.989999771118164,18.34000015258789,3111557
2018-03-15,9.820083618164062,17.94499969482422,18.2450008392334,17.864999771118164,18.239999771118164,2918873
2018-03-16,9.7434720993042,17.80500030517578,17.975000381469727,17.7549991607666,17.94499969482422,10321683
2018-03-19,9.655915260314941,17.645000457763672,17.989999771118164,17.59000015258789,17.850000381469727,2886396
2018-03-20,9.713374137878418,17.75,17.850000381469727,17.6200008392334,17.6200008392334,2078997
2018-03-21,10.028034210205078,18.325000762939453,18.40999984741211,17.78499984741211,17.81999969482422,3295043
2018-03-22,10.044450759887695,18.354999542236328,18.68000030517578,18.149999618530273,18.295000076293945,4399862
2018-03-23,10.03897762298584,18.344999313354492,18.344999313354492,17.979999542236328,18.28499984741211,2707493
2018-03-26,9.976046562194824,18.229999542236328,18.545000076293945,18.190000534057617,18.3700008392334,2061865
2018-03-27,10.178523063659668,18.600000381469727,18.600000381469727,18.30500030517578,18.454999923706055,2359325
2018-03-28,10.329011917114258,18.875,18.875,18.399999618530273,18.59000015258789,4064861
2018-03-29,10.140153884887695,17.450000762939453,17.84000015258789,17.165000915527344,17.84000015258789,5236107
2018-04-03,10.166303634643555,17.4950008392334,17.614999771118164,17.18000030517578,17.30500030517578,3731099
2018-04-04,10.256372451782227,17.649999618530273,17.905000686645508,17.469999313354492,17.530000686645508,2951396
2018-04-05,10.198263168334961,17.549999237060547,17.774999618530273,17.479999542236328,17.7450008392334,1943823
2018-04-06,10.340632438659668,17.795000076293945,17.825000762939453,17.545000076293945,17.559999465942383,2299061
2018-04-09,10.169210433959961,17.5,17.825000762939453,17.46500015258789,17.799999237060547,2840649
2018-04-10,9.980352401733398,17.174999237060547,17.3799991607666,16.774999618530273,17.299999237060547,4477731
2018-04-11,10.012312889099121,17.229999542236328,17.360000610351562,17.084999084472656,17.204999923706055,2995514
2018-04-12,10.244751930236816,17.6299991607666,17.809999465942383,17.290000915527344,17.399999618530273,4198892
2018-04-13,10.40455436706543,17.905000686645508,17.905000686645508,17.684999465942383,17.799999237060547,2411045
2018-04-16,10.375499725341797,17.854999542236328,17.934999465942383,17.774999618530273,17.860000610351562,1287973
2018-04-17,10.3696870803833,17.844999313354492,17.96500015258789,17.46500015258789,17.850000381469727,3615408
2018-04-18,10.523679733276367,18.110000610351562,18.299999237060547,17.625,17.81999969482422,1472909
2018-04-19,10.596317291259766,18.235000610351562,18.385000228881836,18.059999465942383,18.059999465942383,1762266
2018-04-20,10.535300254821777,18.1299991607666,18.344999313354492,17.934999465942383,18.229999542236328,1884082
2018-04-23,10.54982852935791,18.155000686645508,18.21500015258789,17.860000610351562,18.100000381469727,1615818
2018-04-24,10.686386108398438,18.389999389648438,18.479999542236328,18.125,18.170000076293945,2167644
2018-04-25,10.660235404968262,18.344999313354492,18.469999313354492,18.239999771118164,18.350000381469727,1585123
2018-04-26,10.974028587341309,18.885000228881836,18.979999542236328,18.454999923706055,18.5,2861947
2018-04-27,10.927542686462402,18.80500030517578,18.94499969482422,18.69499969482422,18.899999618530273,1900245
2018-04-30,11.104776382446289,19.110000610351562,19.1200008392334,18.94499969482422,18.969999313354492,2344782
2018-05-02,11.180317878723145,19.239999771118164,19.46500015258789,19.15999984741211,19.15999984741211,2502752
2018-05-03,11.1018705368042,19.104999542236328,19.329999923706055,19.030000686645508,19.25,1779449
2018-05-04,11.282011985778809,19.415000915527344,19.46500015258789,19.065000534057617,19.065000534057617,1785337
2018-05-07,11.345932960510254,19.524999618530273,19.545000076293945,19.360000610351562,19.3799991607666,1020531
2018-05-08,11.360459327697754,19.549999237060547,19.59000015258789,19.360000610351562,19.524999618530273,1420432
2018-05-09,11.465057373046875,19.729999542236328,19.7549991607666,19.489999771118164,19.545000076293945,1039522
2018-05-11,11.662629127502441,20.06999969482422,20.09000015258789,19.75,19.760000228881836,1809208
2018-05-14,11.714929580688477,20.15999984741211,20.18000030517578,19.989999771118164,20.030000686645508,1078432
2018-05-15,11.767227172851562,20.25,20.399999618530273,20.100000381469727,20.100000381469727,1517988
2018-05-16,11.831149101257324,20.360000610351562,20.459999084472656,20.219999313354492,20.299999237060547,1538067
2018-05-17,12.057777404785156,20.75,20.75,20.420000076293945,20.450000762939453,1538433
2018-05-18,12.005475997924805,20.65999984741211,20.739999771118164,20.530000686645508,20.709999084472656,1430977
2018-05-21,11.999666213989258,20.649999618530273,20.829999923706055,20.56999969482422,20.65999984741211,965772
2018-05-22,12.20305061340332,21.0,21.0,20.6200008392334,20.65999984741211,1665947
2018-05-23,12.086831092834473,20.799999237060547,20.940000534057617,20.600000381469727,20.940000534057617,1305185
2018-05-24,11.993856430053711,20.639999389648438,21.040000915527344,20.540000915527344,20.760000228881836,1431758
2018-05-25,11.807903289794922,20.31999969482422,20.690000534057617,20.030000686645508,20.639999389648438,1901014
2018-05-28,11.813715934753418,20.329999923706055,20.59000015258789,20.329999923706055,20.450000762939453,726149
2018-05-29,11.662629127502441,20.06999969482422,20.31999969482422,19.959999084472656,20.100000381469727,1939229
2018-05-30,11.732362747192383,20.190000534057617,20.309999465942383,19.954999923706055,20.0,1510460
2018-05-31,11.685873031616211,20.110000610351562,20.270000457763672,19.959999084472656,20.030000686645508,3467523
2018-06-01,11.714929580688477,20.15999984741211,20.329999923706055,20.030000686645508,20.06999969482422,1136642
2018-06-04,11.91250228881836,20.5,20.5,20.15999984741211,20.15999984741211,1564084
2018-06-05,11.895069122314453,20.469999313354492,20.809999465942383,20.440000534057617,20.5,1725285
2018-06-06,11.749794960021973,20.219999313354492,20.530000686645508,20.1200008392334,20.469999313354492,1252313
2018-06-07,11.807903289794922,20.31999969482422,20.399999618530273,20.170000076293945,20.25,1567173
2018-06-08,11.738174438476562,20.200000762939453,20.299999237060547,20.139999389648438,20.290000915527344,955272
2018-06-11,11.645197868347168,20.040000915527344,20.280000686645508,19.950000762939453,20.239999771118164,1534306
2018-06-12,11.645197868347168,20.040000915527344,20.100000381469727,19.854999542236328,20.100000381469727,1897743
2018-06-13,11.537693977355957,19.854999542236328,20.110000610351562,19.854999542236328,20.040000915527344,1734438
2018-06-14,11.796283721923828,20.299999237060547,20.34000015258789,19.594999313354492,19.739999771118164,1458285
2018-06-15,11.87763786315918,20.440000534057617,20.579999923706055,20.260000228881836,20.299999237060547,2632708
2018-06-18,11.738174438476562,20.200000762939453,20.40999984741211,19.985000610351562,20.40999984741211,1115838
2018-06-19,11.621953010559082,20.0,20.18000030517578,19.885000228881836,20.079999923706055,1579571
2018-06-20,11.54931640625,19.875,20.18000030517578,19.875,19.9950008392334,1179225
2018-06-21,11.4243803024292,19.65999984741211,20.079999923706055,19.635000228881836,19.975000381469727,1544059
2018-06-25,11.38079833984375,19.584999084472656,19.885000228881836,19.55500030517578,19.65999984741211,1571854
2018-06-26,11.494112014770508,19.780000686645508,19.84000015258789,19.459999084472656,19.610000610351562,1517016
2018-06-27,11.633575439453125,20.020000457763672,20.1200008392334,19.690000534057617,19.799999237060547,988125
2018-06-28,11.889256477355957,20.459999084472656,20.549999237060547,19.959999084472656,19.969999313354492,1917038
2018-06-29,11.87763786315918,20.440000534057617,20.850000381469727,20.389999389648438,20.600000381469727,1652034
2018-07-02,11.970611572265625,20.600000381469727,20.649999618530273,20.15999984741211,20.34000015258789,1110233
2018-07-03,12.173996925354004,20.950000762939453,21.040000915527344,20.649999618530273,20.649999618530273,1644792
2018-07-04,12.214672088623047,21.020000457763672,21.3700008392334,20.889999389648438,20.90999984741211,1034119
2018-07-05,12.394813537597656,21.329999923706055,21.440000534057617,20.959999084472656,21.049999237060547,1499502
2018-07-06,12.662118911743164,21.790000915527344,21.790000915527344,21.350000381469727,21.350000381469727,1741211
2018-07-09,12.667928695678711,21.799999237060547,21.969999313354492,21.700000762939453,21.770000457763672,987541
2018-07-10,12.906177520751953,22.209999084472656,22.290000915527344,21.739999771118164,21.799999237060547,1437316
2018-07-11,12.865503311157227,22.139999389648438,22.25,21.889999389648438,22.1200008392334,1269651
2018-07-12,12.859691619873047,22.1299991607666,22.149999618530273,21.93000030517578,22.149999618530273,1156099
2018-07-13,12.708606719970703,21.8700008392334,22.239999771118164,21.780000686645508,22.149999618530273,1140295
2018-07-16,12.784148216247559,22.0,22.15999984741211,21.8700008392334,21.8700008392334,764410
2018-07-17,12.830636024475098,22.079999923706055,22.139999389648438,21.790000915527344,22.020000457763672,1246770
2018-07-18,12.755093574523926,21.950000762939453,22.260000228881836,21.760000228881836,22.030000686645508,1689325
2018-07-19,12.679550170898438,21.81999969482422,21.940000534057617,20.969999313354492,21.389999389648438,2144454
2018-07-20,12.470355987548828,21.459999084472656,21.799999237060547,21.209999084472656,21.719999313354492,1929149
2018-07-23,12.470355987548828,21.459999084472656,21.600000381469727,21.3700008392334,21.459999084472656,987972
2018-07-24,12.394813537597656,21.329999923706055,21.649999618530273,21.31999969482422,21.459999084472656,1197283
2018-07-25,12.394813537597656,21.329999923706055,21.40999984741211,21.079999923706055,21.299999237060547,833554
2018-07-26,12.255351066589355,21.09000015258789,21.239999771118164,20.309999465942383,20.469999313354492,1381986
2018-07-27,12.348325729370117,21.25,21.280000686645508,21.010000228881836,21.09000015258789,748243
2018-07-30,12.394813537597656,21.329999923706055,21.450000762939453,21.09000015258789,21.209999084472656,1149033
2018-07-31,12.481977462768555,21.479999542236328,21.649999618530273,21.270000457763672,21.350000381469727,1509890
2018-08-01,12.452925682067871,21.43000030517578,21.65999984741211,21.329999923706055,21.459999084472656,858998
2018-08-02,12.493599891662598,21.5,21.649999618530273,21.399999618530273,21.40999984741211,1212129
2018-08-03,12.499411582946777,21.510000228881836,21.549999237060547,21.360000610351562,21.5,745942
2018-08-06,12.522653579711914,21.549999237060547,21.600000381469727,21.3700008392334,21.530000686645508,933963
2018-08-07,12.638874053955078,21.75,21.799999237060547,21.5,21.549999237060547,769215
2018-08-08,12.412246704101562,21.360000610351562,21.75,21.25,21.75,1363950
2018-08-09,12.197239875793457,20.989999771118164,21.420000076293945,20.84000015258789,21.399999618530273,1481738
2018-08-10,11.947366714477539,20.559999465942383,20.899999618530273,20.459999084472656,20.899999618530273,1515687
2018-08-13,12.121696472167969,20.860000610351562,20.889999389648438,20.350000381469727,20.479999542236328,1091229
2018-08-14,12.121696472167969,20.860000610351562,21.0,20.809999465942383,20.860000610351562,697625
2018-08-15,11.90087890625,20.479999542236328,20.899999618530273,20.479999542236328,20.850000381469727,738149
2018-08-16,12.115887641906738,20.850000381469727,20.920000076293945,20.559999465942383,20.649999618530273,1046510
2018-08-17,12.243727684020996,21.06999969482422,21.290000915527344,20.84000015258789,20.850000381469727,1032240
2018-08-20,12.266971588134766,21.110000610351562,21.239999771118164,20.969999313354492,21.030000686645508,856164
2018-08-21,12.394813537597656,21.329999923706055,21.530000686645508,21.06999969482422,21.1200008392334,1127025
2018-08-22,12.511033058166504,21.530000686645508,21.649999618530273,21.209999084472656,21.350000381469727,1498425
2018-08-23,12.604008674621582,21.690000534057617,21.790000915527344,21.329999923706055,21.530000686645508,1138845
2018-08-24,12.551712036132812,21.600000381469727,21.8700008392334,21.600000381469727,21.690000534057617,1230633
2018-08-27,12.685362815856934,21.829999923706055,21.860000610351562,21.68000030517578,21.68000030517578,553150
2018-08-28,12.813201904296875,22.049999237060547,22.1200008392334,21.799999237060547,21.940000534057617,1314919
2018-08-29,12.789959907531738,22.010000228881836,22.18000030517578,21.860000610351562,21.979999542236328,1172891
2018-08-30,12.842260360717773,22.100000381469727,22.1299991607666,21.860000610351562,21.950000762939453,974181
2018-08-31,12.667928695678711,21.799999237060547,22.09000015258789,21.739999771118164,22.09000015258789,1244958
2018-09-03,12.59819507598877,21.68000030517578,21.920000076293945,21.68000030517578,21.780000686645508,1007082
2018-09-04,12.511033058166504,21.530000686645508,21.790000915527344,21.450000762939453,21.68000030517578,1589342
2018-09-05,12.272783279418945,21.1200008392334,21.510000228881836,21.1200008392334,21.440000534057617,986586
2018-09-06,12.377379417419434,21.299999237060547,21.530000686645508,21.030000686645508,21.1200008392334,1396001
2018-09-07,12.819014549255371,22.059999465942383,22.139999389648438,21.25,21.34000015258789,2068645
2018-09-10,13.219972610473633,22.75,22.799999237060547,22.059999465942383,22.059999465942383,2089891
2018-09-11,13.150239944458008,22.6299991607666,22.90999984741211,22.479999542236328,22.700000762939453,1625661
2018-09-12,13.01658821105957,22.399999618530273,22.670000076293945,22.270000457763672,22.5,1245558
2018-09-13,12.708606719970703,21.8700008392334,22.5,21.8700008392334,22.3799991607666,1913509
2018-09-14,12.737659454345703,21.920000076293945,22.309999465942383,21.329999923706055,21.799999237060547,2006969
2018-09-17,12.679550170898438,21.81999969482422,21.950000762939453,21.6200008392334,21.889999389648438,1477156
2018-09-18,12.696985244750977,21.850000381469727,22.09000015258789,21.65999984741211,21.899999618530273,1290701
2018-09-19,12.487788200378418,21.489999771118164,21.889999389648438,21.440000534057617,21.8700008392334,1843345
2018-09-20,12.534276962280273,21.56999969482422,21.600000381469727,21.350000381469727,21.5,1340709
2018-09-21,12.679550170898438,21.81999969482422,21.81999969482422,21.510000228881836,21.559999465942383,2005640
2018-09-24,12.58076286315918,21.649999618530273,21.889999389648438,21.639999389648438,21.790000915527344,1099984
2018-09-25,12.946857452392578,22.280000686645508,22.6299991607666,21.6299991607666,21.6299991607666,1691341
2018-09-26,12.789959907531738,22.010000228881836,22.389999389648438,21.860000610351562,22.299999237060547,1262478
2018-09-27,12.82482624053955,22.06999969482422,22.139999389648438,21.790000915527344,22.0,1144266
2018-09-28,12.545899391174316,21.59000015258789,22.15999984741211,21.540000915527344,22.0,1936185
2018-10-01,12.633064270019531,21.739999771118164,21.8799991607666,21.600000381469727,21.610000610351562,1133597
2018-10-02,12.737659454345703,21.920000076293945,22.049999237060547,21.700000762939453,21.700000762939453,1191747
2018-10-03,12.743474006652832,21.93000030517578,22.040000915527344,21.809999465942383,21.8799991607666,806994
2018-10-04,12.4064359664917,21.350000381469727,21.899999618530273,21.25,21.899999618530273,1642698
2018-10-05,12.325079917907715,21.209999084472656,21.399999618530273,21.059999465942383,21.299999237060547,1232597
2018-10-08,12.296026229858398,21.15999984741211,21.360000610351562,21.09000015258789,21.190000534057617,972292
2018-10-09,12.20305061340332,21.0,21.329999923706055,20.93000030517578,21.15999984741211,1199721
2018-10-10,11.656819343566895,20.059999465942383,21.020000457763672,20.059999465942383,20.920000076293945,1844482
2018-10-11,11.531883239746094,19.844999313354492,20.15999984741211,19.424999237060547,19.799999237060547,2705470
2018-10-12,11.476680755615234,19.75,20.030000686645508,19.639999389648438,19.924999237060547,1607461
2018-10-15,11.270391464233398,19.395000457763672,20.1200008392334,19.385000228881836,20.0,1945304
2018-10-16,11.456340789794922,19.71500015258789,19.760000228881836,19.110000610351562,19.56999969482422,1759619
2018-10-17,11.232619285583496,19.329999923706055,19.895000457763672,19.225000381469727,19.739999771118164,1423116
2018-10-18,11.235523223876953,19.334999084472656,19.69499969482422,19.2549991607666,19.354999542236328,1658044
2018-10-19,11.412755966186523,19.639999389648438,19.7450008392334,19.209999084472656,19.25,2330171
2018-10-22,11.316877365112305,19.475000381469727,19.854999542236328,19.475000381469727,19.665000915527344,1081820
2018-10-23,11.03795051574707,18.9950008392334,19.440000534057617,18.815000534057617,19.3700008392334,1399403
2018-10-24,10.663141250610352,18.350000381469727,18.81999969482422,18.049999237060547,18.049999237060547,2824220
2018-10-25,10.750307083129883,18.5,18.889999389648438,18.1299991607666,18.280000686645508,2601829
2018-10-26,10.875243186950684,18.71500015258789,18.84000015258789,18.21500015258789,18.450000762939453,2764772
2018-10-29,10.773550987243652,18.540000915527344,18.735000610351562,18.315000534057617,18.700000762939453,1780289
2018-10-30,10.686386108398438,18.389999389648438,18.670000076293945,18.149999618530273,18.540000915527344,1462709
2018-10-31,10.805511474609375,18.594999313354492,18.81999969482422,18.399999618530273,18.5,2243801
2018-11-01,10.61084270477295,18.260000228881836,18.68000030517578,18.1299991607666,18.645000457763672,2115188
2018-11-02,10.86652660369873,18.700000762939453,18.71500015258789,18.100000381469727,18.3799991607666,2411445
2018-11-05,11.011801719665527,18.950000762939453,19.014999389648438,18.56999969482422,18.684999465942383,1623401
2018-11-06,11.165791511535645,19.21500015258789,19.2450008392334,18.78499984741211,18.954999923706055,1834277
2018-11-07,11.343027114868164,19.520000457763672,19.68000030517578,19.219999313354492,19.25,1582547
2018-11-08,11.302350997924805,19.450000762939453,19.825000762939453,19.360000610351562,19.540000915527344,1315963
2018-11-09,11.226806640625,19.31999969482422,19.405000686645508,19.209999084472656,19.299999237060547,1727776
2018-11-12,11.389513969421387,19.600000381469727,19.75,19.25,19.334999084472656,1782382
2018-11-13,11.023423194885254,18.969999313354492,19.594999313354492,18.889999389648438,19.594999313354492,1920581
2018-11-14,11.014707565307617,18.954999923706055,19.104999542236328,18.69499969482422,18.920000076293945,1651250
2018-11-15,10.785172462463379,18.559999465942383,19.209999084472656,18.5,19.0,1708074
2018-11-16,10.956596374511719,18.854999542236328,18.864999771118164,18.399999618530273,18.5,1933068
2018-11-19,10.953690528869629,18.850000381469727,19.299999237060547,18.795000076293945,18.899999618530273,1057952
2018-11-20,10.785172462463379,18.559999465942383,18.905000686645508,18.559999465942383,18.799999237060547,1450317
2018-11-21,10.820037841796875,18.6200008392334,18.774999618530273,18.375,18.7450008392334,929103
2018-11-22,10.596317291259766,18.235000610351562,18.545000076293945,17.969999313354492,18.4950008392334,1410238
2018-11-23,10.70962905883789,18.43000030517578,18.579999923706055,18.219999313354492,18.229999542236328,830575
2018-11-26,10.889771461486816,18.739999771118164,18.799999237060547,18.450000762939453,18.46500015258789,884246
2018-11-27,10.881054878234863,18.725000381469727,18.979999542236328,18.559999465942383,18.719999313354492,1230096
2018-11-28,10.622466087341309,18.280000686645508,19.114999771118164,18.200000762939453,18.739999771118164,1930563
2018-11-29,10.631182670593262,18.295000076293945,18.450000762939453,18.18000030517578,18.31999969482422,1017296
2018-11-30,10.698007583618164,18.40999984741211,18.614999771118164,18.145000457763672,18.30500030517578,2023449
2018-12-03,10.982745170593262,18.899999618530273,18.959999084472656,18.614999771118164,18.655000686645508,1227380
2018-12-04,10.944973945617676,18.834999084472656,19.204999923706055,18.795000076293945,18.920000076293945,1495081
2018-12-05,10.947879791259766,18.84000015258789,18.950000762939453,18.635000228881836,18.69499969482422,881688
2018-12-07,10.889771461486816,18.739999771118164,18.844999313354492,18.299999237060547,18.84000015258789,1651404
2018-12-10,10.552733421325684,18.15999984741211,18.854999542236328,18.15999984741211,18.65999984741211,1177896
2018-12-11,10.805511474609375,18.594999313354492,18.704999923706055,18.219999313354492,18.219999313354492,1329428
2018-12-12,11.18613052368164,19.25,19.270000457763672,18.68000030517578,18.68000030517578,1178323
2018-12-13,11.453433990478516,19.709999084472656,19.834999084472656,19.28499984741211,19.389999389648438,1523674
2018-12-14,11.802092552185059,20.309999465942383,20.31999969482422,19.584999084472656,19.604999542236328,2648427
2018-12-17,11.697495460510254,20.1299991607666,20.40999984741211,19.985000610351562,20.229999542236328,1976124
2018-12-18,11.563841819763184,19.899999618530273,20.049999237060547,19.71500015258789,20.0,2645355
2018-12-19,11.802092552185059,20.309999465942383,20.31999969482422,19.850000381469727,19.854999542236328,2037830
2018-12-20,11.401138305664062,19.6200008392334,20.09000015258789,19.56999969482422,20.09000015258789,1422843
2018-12-21,11.252957344055176,19.364999771118164,19.700000762939453,19.28499984741211,19.600000381469727,1998774
2018-12-27,10.837471961975098,18.649999618530273,19.524999618530273,18.639999389648438,19.3799991607666,1143864
2018-12-28,11.098966598510742,19.100000381469727,19.100000381469727,18.75,18.75,1177970
2019-01-02,11.223901748657227,19.315000534057617,19.579999923706055,18.950000762939453,19.024999618530273,1138560
2019-01-03,11.110589027404785,19.1200008392334,19.600000381469727,19.040000915527344,19.200000762939453,1294047
2019-01-04,11.180317878723145,19.239999771118164,19.299999237060547,19.09000015258789,19.200000762939453,1557450
2019-01-07,10.974028587341309,18.885000228881836,19.31999969482422,18.729999542236328,19.25,1681647
2019-01-08,11.072816848754883,19.05500030517578,19.18000030517578,18.78499984741211,18.78499984741211,1323184
2019-01-09,10.950785636901855,18.844999313354492,19.2549991607666,18.790000915527344,19.100000381469727,1301435
2019-01-10,10.988556861877441,18.90999984741211,18.93000030517578,18.524999618530273,18.844999313354492,1324822
2019-01-11,10.892677307128906,18.7450008392334,19.049999237060547,18.69499969482422,18.899999618530273,1394721
2019-01-14,10.805511474609375,18.594999313354492,18.7450008392334,18.4950008392334,18.709999084472656,1049265
2019-01-15,11.005990028381348,18.940000534057617,19.03499984741211,18.530000686645508,18.625,1272425
2019-01-16,10.895580291748047,18.75,18.954999923706055,18.704999923706055,18.94499969482422,1464227
2019-01-17,11.110589027404785,19.1200008392334,19.19499969482422,18.799999237060547,18.799999237060547,1069182
2019-01-18,11.241333961486816,19.344999313354492,19.510000228881836,19.125,19.209999084472656,1376040
2019-01-21,11.316877365112305,19.475000381469727,19.53499984741211,19.315000534057617,19.350000381469727,1495760
2019-01-22,11.433095932006836,19.674999237060547,19.735000610351562,19.3700008392334,19.5,1607714
2019-01-23,11.60451889038086,19.969999313354492,20.139999389648438,19.510000228881836,19.59000015258789,2146121
2019-01-24,11.743983268737793,20.209999084472656,20.290000915527344,19.8799991607666,19.950000762939453,1531150
2019-01-25,11.479584693908691,19.7549991607666,20.229999542236328,19.665000915527344,20.229999542236328,1843379
2019-01-28,11.337214469909668,19.510000228881836,19.899999618530273,19.350000381469727,19.7549991607666,1974129
2019-01-29,11.616143226623535,19.989999771118164,20.030000686645508,19.530000686645508,19.6299991607666,1261456
2019-01-30,11.540600776672363,19.860000610351562,20.1299991607666,19.799999237060547,19.959999084472656,1562193
2019-01-31,11.517355918884277,19.81999969482422,20.059999465942383,19.78499984741211,19.950000762939453,1648119
2019-02-01,11.592900276184082,19.950000762939453,20.440000534057617,19.8700008392334,20.299999237060547,1754503
2019-02-04,11.645197868347168,20.040000915527344,20.1200008392334,19.825000762939453,20.040000915527344,1541254
2019-02-05,11.836960792541504,20.3700008392334,20.3700008392334,19.81999969482422,19.940000534057617,1435388
2019-02-06,12.237915992736816,21.059999465942383,21.139999389648438,20.40999984741211,20.40999984741211,1931478
2019-02-07,12.011289596557617,20.670000076293945,21.059999465942383,20.610000610351562,21.0,1293985
2019-02-08,11.924124717712402,20.520000457763672,20.81999969482422,20.469999313354492,20.600000381469727,1327869
2019-02-11,11.831149101257324,20.360000610351562,20.59000015258789,20.260000228881836,20.559999465942383,1393801
2019-02-12,11.714929580688477,20.15999984741211,20.40999984741211,20.030000686645508,20.40999984741211,1322581
2019-02-13,11.592900276184082,19.950000762939453,20.170000076293945,19.614999771118164,20.15999984741211,2241451
2019-02-14,11.668440818786621,20.079999923706055,20.25,20.0,20.0,1698613
2019-02-15,11.427286148071289,19.665000915527344,20.1200008392334,19.520000457763672,19.985000610351562,2127775
2019-02-18,11.473774909973145,19.7450008392334,19.915000915527344,19.670000076293945,19.670000076293945,971626
2019-02-19,11.37789249420166,19.579999923706055,19.799999237060547,19.3799991607666,19.75,1560291
2019-02-20,11.40404224395752,19.625,19.735000610351562,19.485000610351562,19.600000381469727,1603649
2019-02-21,11.15707778930664,19.200000762939453,19.864999771118164,19.114999771118164,19.6299991607666,2115772
2019-02-22,11.011801719665527,18.950000762939453,19.2450008392334,18.825000762939453,19.200000762939453,1570682
2019-02-25,10.921730995178223,18.795000076293945,19.014999389648438,18.729999542236328,19.0049991607666,1631799
2019-02-26,11.040855407714844,19.0,19.030000686645508,18.579999923706055,18.75,1436688
2019-02-27,11.261672973632812,19.3799991607666,19.485000610351562,18.94499969482422,19.0,2220107
2019-02-28,11.343027114868164,19.520000457763672,19.520000457763672,19.079999923706055,19.264999389648438,2392726
2019-03-01,11.302350997924805,19.450000762939453,19.594999313354492,19.30500030517578,19.56999969482422,1799499
2019-03-04,11.354650497436523,19.540000915527344,19.71500015258789,19.415000915527344,19.545000076293945,2781400
2019-03-05,11.41566276550293,19.645000457763672,19.790000915527344,19.540000915527344,19.600000381469727,1398251
2019-03-06,11.293631553649902,19.434999465942383,19.709999084472656,19.424999237060547,19.670000076293945,1123513
2019-03-07,11.392420768737793,19.604999542236328,19.6299991607666,19.110000610351562,19.454999923706055,1110867
2019-03-08,11.395325660705566,19.610000610351562,19.7549991607666,19.40999984741211,19.46500015258789,1075159
2019-03-11,11.526070594787598,19.834999084472656,19.885000228881836,19.434999465942383,19.700000762939453,1396807
2019-03-12,11.598711967468262,19.959999084472656,20.059999465942383,19.735000610351562,19.889999389648438,2079826
2019-03-13,11.35755443572998,19.545000076293945,19.899999618530273,19.454999923706055,19.899999618530273,1552703
2019-03-14,11.540600776672363,19.860000610351562,19.950000762939453,19.459999084472656,19.59000015258789,1558258
2019-03-15,11.581275939941406,19.93000030517578,20.200000762939453,19.889999389648438,19.899999618530273,6323686
2019-03-18,11.558032989501953,19.889999389648438,20.15999984741211,19.770000457763672,20.0,1641702
2019-03-19,11.607426643371582,19.975000381469727,20.059999465942383,19.860000610351562,19.950000762939453,1404091
2019-03-20,11.395325660705566,19.610000610351562,19.979999542236328,19.565000534057617,19.950000762939453,2014562
2019-03-21,11.534788131713867,19.850000381469727,19.889999389648438,19.540000915527344,19.610000610351562,1406589
2019-03-22,11.436002731323242,19.68000030517578,19.850000381469727,19.639999389648438,19.850000381469727,1499281
2019-03-25,11.517355918884277,19.81999969482422,19.950000762939453,19.545000076293945,19.649999618530273,1394417
2019-03-26,11.607426643371582,19.975000381469727,20.040000915527344,19.575000762939453,19.81999969482422,1869822
2019-03-27,11.441386222839355,18.604999542236328,18.934999465942383,18.53499984741211,18.899999618530273,2306828
2019-03-28,11.404488563537598,18.545000076293945,18.75,18.545000076293945,18.610000610351562,1553091
2019-03-29,11.210776329040527,18.229999542236328,18.674999237060547,18.229999542236328,18.655000686645508,2595675
2019-04-01,11.342376708984375,18.444000244140625,18.479999542236328,18.277999877929688,18.3700008392334,2383941
2019-04-02,11.53055477142334,18.75,18.825000762939453,18.440000534057617,18.44499969482422,2438569
2019-04-03,11.745794296264648,19.100000381469727,19.18000030517578,18.7549991607666,18.84000015258789,1907243
2019-04-04,11.773466110229492,19.145000457763672,19.18000030517578,18.905000686645508,19.100000381469727,1381010
2019-04-05,11.745794296264648,19.100000381469727,19.174999237060547,18.899999618530273,19.15999984741211,1402855
2019-04-08,11.469058990478516,18.649999618530273,19.110000610351562,18.565000534057617,19.100000381469727,1887794
2019-04-09,11.512104988098145,18.719999313354492,18.834999084472656,18.46500015258789,18.639999389648438,2231481
2019-04-10,11.810362815856934,19.204999923706055,19.40999984741211,18.75,18.75,3189589
2019-04-11,11.622798919677734,18.899999618530273,19.209999084472656,18.829999923706055,19.19499969482422,2600912
2019-04-12,11.549005508422852,18.780000686645508,19.014999389648438,18.729999542236328,18.969999313354492,2186019
2019-04-15,11.56130313873291,18.799999237060547,18.950000762939453,18.739999771118164,18.834999084472656,1845669
2019-04-16,11.31224250793457,18.395000457763672,18.885000228881836,18.389999389648438,18.764999389648438,1710706
2019-04-17,11.419861793518066,18.56999969482422,18.594999313354492,18.21500015258789,18.43000030517578,2286214
2019-04-18,11.269197463989258,18.325000762939453,18.635000228881836,18.280000686645508,18.514999389648438,1829793
2019-04-23,11.481358528137207,18.670000076293945,18.78499984741211,18.229999542236328,18.280000686645508,2103894
2019-04-24,11.413712501525879,18.559999465942383,18.770000457763672,18.520000457763672,18.764999389648438,2552057
2019-04-25,11.216924667358398,18.239999771118164,18.610000610351562,18.239999771118164,18.56999969482422,2738632
2019-04-26,11.478285789489746,18.665000915527344,18.770000457763672,18.084999084472656,18.125,2879602
2019-04-29,11.505956649780273,18.709999084472656,18.7549991607666,18.389999389648438,18.65999984741211,1736668
2019-04-30,11.58590316772461,18.84000015258789,18.90999984741211,18.674999237060547,18.704999923706055,2196001
2019-05-02,11.299944877624512,18.375,18.915000915527344,18.375,18.8799991607666,1769932
2019-05-03,11.39833927154541,18.53499984741211,18.635000228881836,18.31999969482422,18.375,1295773
2019-05-06,11.321467399597168,18.40999984741211,18.475000381469727,18.280000686645508,18.299999237060547,724610
2019-05-07,11.493659019470215,18.690000534057617,18.799999237060547,18.389999389648438,18.389999389648438,1694473
2019-05-08,11.462909698486328,18.639999389648438,18.809999465942383,18.479999542236328,18.700000762939453,1012566
2019-05-09,11.232297897338867,18.264999389648438,18.575000762939453,18.264999389648438,18.540000915527344,1271573
2019-05-10,11.462909698486328,18.639999389648438,18.639999389648438,18.28499984741211,18.28499984741211,1185035
2019-05-13,11.33991813659668,18.440000534057617,18.645000457763672,18.190000534057617,18.594999313354492,1409390
2019-05-14,11.58590316772461,18.84000015258789,18.920000076293945,18.459999084472656,18.459999084472656,1139857
2019-05-15,11.662774085998535,18.96500015258789,18.96500015258789,18.774999618530273,18.8799991607666,996908
2019-05-16,11.86263656616211,19.290000915527344,19.34000015258789,18.934999465942383,18.975000381469727,1449059
2019-05-17,11.825738906860352,19.229999542236328,19.309999465942383,19.020000457763672,19.280000686645508,1164072
2019-05-20,11.745794296264648,19.100000381469727,19.3700008392334,18.979999542236328,19.229999542236328,1297966
2019-05-21,12.074798583984375,19.635000228881836,19.665000915527344,19.020000457763672,19.149999618530273,1776795
2019-05-22,12.188566207885742,19.81999969482422,19.84000015258789,19.600000381469727,19.614999771118164,1513417
2019-05-23,11.92720890045166,19.395000457763672,19.71500015258789,19.395000457763672,19.68000030517578,1369892
2019-05-24,11.94873046875,19.43000030517578,19.510000228881836,19.295000076293945,19.395000457763672,1134063
2019-05-27,11.98563003540039,19.489999771118164,19.59000015258789,19.43000030517578,19.469999313354492,504055
2019-05-28,11.813438415527344,19.209999084472656,19.520000457763672,19.209999084472656,19.469999313354492,2419262
2019-05-29,11.761167526245117,19.125,19.235000610351562,19.05500030517578,19.094999313354492,1146590
2019-05-31,11.764242172241211,19.1299991607666,19.190000534057617,18.700000762939453,19.110000610351562,1853598
2019-06-03,11.834962844848633,19.2450008392334,19.25,18.905000686645508,19.100000381469727,1142541
2019-06-04,11.665847778320312,18.969999313354492,19.204999923706055,18.790000915527344,19.200000762939453,1610960
2019-06-05,11.724270820617676,19.065000534057617,19.104999542236328,18.860000610351562,18.969999313354492,1249432
2019-06-06,11.831887245178223,19.239999771118164,19.399999618530273,19.03499984741211,19.049999237060547,1032878
2019-06-07,11.939507484436035,19.415000915527344,19.545000076293945,19.25,19.25,1165924
2019-06-10,11.936430931091309,19.40999984741211,19.545000076293945,19.405000686645508,19.5,828207
2019-06-11,11.951804161071777,19.434999465942383,19.6200008392334,19.364999771118164,19.489999771118164,1242219
2019-06-12,11.767317771911621,19.135000228881836,19.424999237060547,19.135000228881836,19.399999618530273,1261328
2019-06-13,11.785767555236816,19.165000915527344,19.264999389648438,19.059999465942383,19.19499969482422,1343021
2019-06-14,11.773466110229492,19.145000457763672,19.2549991607666,19.045000076293945,19.100000381469727,849817
2019-06-17,11.718120574951172,19.05500030517578,19.25,19.045000076293945,19.15999984741211,844544
2019-06-18,11.970253944396973,19.46500015258789,19.524999618530273,18.9950008392334,19.059999465942383,1398470
2019-06-19,11.773466110229492,19.145000457763672,19.520000457763672,19.045000076293945,19.520000457763672,1750122
2019-06-20,11.64432430267334,18.934999465942383,19.364999771118164,18.905000686645508,19.350000381469727,3114339
2019-06-24,11.656623840332031,18.954999923706055,19.174999237060547,18.885000228881836,18.989999771118164,1681334
2019-06-25,11.791913986206055,19.174999237060547,19.31999969482422,18.94499969482422,18.94499969482422,1435871
2019-06-26,11.930281639099121,19.399999618530273,19.46500015258789,19.05500030517578,19.174999237060547,1696954
2019-06-27,12.031752586364746,19.565000534057617,19.584999084472656,19.295000076293945,19.415000915527344,1747893
2019-06-28,11.951804161071777,19.434999465942383,19.579999923706055,19.225000381469727,19.53499984741211,2145733
2019-07-01,12.019451141357422,19.545000076293945,19.635000228881836,19.354999542236328,19.53499984741211,1259767
2019-07-02,12.084022521972656,19.649999618530273,19.649999618530273,19.4950008392334,19.545000076293945,1341739
2019-07-03,12.185493469238281,19.815000534057617,19.950000762939453,19.614999771118164,19.614999771118164,1749741
2019-07-04,12.044049263000488,19.584999084472656,19.864999771118164,19.56999969482422,19.825000762939453,1039322
2019-07-05,11.988704681396484,19.4950008392334,19.75,19.424999237060547,19.6299991607666,1473807
2019-07-08,11.924132347106934,19.389999389648438,19.540000915527344,19.299999237060547,19.489999771118164,1023242
2019-07-09,11.942580223083496,19.420000076293945,19.56999969482422,19.280000686645508,19.3799991607666,983200
2019-07-10,12.133219718933105,19.729999542236328,19.774999618530273,19.30500030517578,19.420000076293945,1522794
2019-07-11,12.37305736541748,20.1200008392334,20.360000610351562,19.760000228881836,19.760000228881836,1358527
2019-07-12,12.403803825378418,20.170000076293945,20.229999542236328,19.940000534057617,20.229999542236328,1195478
2019-07-15,12.545243263244629,20.399999618530273,20.469999313354492,20.110000610351562,20.149999618530273,1321351
2019-07-16,12.55754280090332,20.420000076293945,20.510000228881836,20.309999465942383,20.399999618530273,1230071
2019-07-17,12.514496803283691,20.350000381469727,20.459999084472656,20.290000915527344,20.420000076293945,1288158
2019-07-18,12.496047019958496,20.31999969482422,20.3700008392334,20.1200008392334,20.25,1226578
2019-07-19,12.82812786102295,20.860000610351562,21.190000534057617,20.719999313354492,20.799999237060547,2242677
2019-07-22,13.02491569519043,21.18000030517578,21.280000686645508,20.93000030517578,20.959999084472656,1586274
2019-07-23,13.074112892150879,21.260000228881836,21.309999465942383,21.0,21.25,1342692
2019-07-24,12.988018035888672,21.1200008392334,21.31999969482422,21.1200008392334,21.270000457763672,1492478
2019-07-25,12.988018035888672,21.1200008392334,21.479999542236328,21.06999969482422,21.15999984741211,1049037
2019-07-26,12.938821792602539,21.040000915527344,21.15999984741211,20.84000015258789,21.1200008392334,1634340
2019-07-29,13.086413383483887,21.280000686645508,21.280000686645508,21.040000915527344,21.040000915527344,788205
2019-07-30,12.889622688293457,20.959999084472656,21.229999542236328,20.899999618530273,21.0,1315905
2019-07-31,12.791230201721191,20.799999237060547,20.959999084472656,20.65999984741211,20.950000762939453,1902891
2019-08-01,12.852725982666016,20.899999618530273,21.030000686645508,20.809999465942383,20.899999618530273,1136334
2019-08-02,12.7543306350708,20.739999771118164,20.93000030517578,20.65999984741211,20.68000030517578,1478335
2019-08-05,12.569843292236328,20.440000534057617,20.739999771118164,20.3799991607666,20.6200008392334,1750990
2019-08-06,12.563694953918457,20.43000030517578,20.579999923706055,20.209999084472656,20.459999084472656,1782771
2019-08-07,12.594440460205078,20.479999542236328,20.700000762939453,20.3799991607666,20.450000762939453,1018648
2019-08-08,12.760482788085938,20.75,20.75,20.559999465942383,20.690000534057617,985916
2019-08-09,12.791230201721191,20.799999237060547,20.979999542236328,20.739999771118164,20.75,1286781
2019-08-12,12.766632080078125,20.760000228881836,20.93000030517578,20.489999771118164,20.8799991607666,998484
2019-08-13,12.834277153015137,20.8700008392334,20.8700008392334,20.479999542236328,20.709999084472656,1298458
2019-08-14,12.532944679260254,20.3799991607666,20.90999984741211,20.18000030517578,20.8700008392334,1362645
2019-08-15,12.575993537902832,20.450000762939453,20.549999237060547,20.09000015258789,20.360000610351562,1123312
2019-08-16,12.69898509979248,20.649999618530273,20.850000381469727,20.479999542236328,20.479999542236328,1266034
2019-08-19,12.785079956054688,20.790000915527344,20.790000915527344,20.420000076293945,20.729999542236328,1216025
2019-08-20,12.483747482299805,20.299999237060547,20.780000686645508,20.260000228881836,20.729999542236328,1105981
2019-08-21,12.539095878601074,20.389999389648438,20.459999084472656,20.280000686645508,20.299999237060547,759480
2019-08-22,12.502197265625,20.329999923706055,20.549999237060547,20.309999465942383,20.40999984741211,963578
2019-08-23,12.360756874084473,20.100000381469727,20.459999084472656,20.079999923706055,20.420000076293945,725348
2019-08-26,12.268511772155762,19.950000762939453,20.0,19.815000534057617,20.0,802584
2019-08-27,12.240839004516602,19.905000686645508,20.040000915527344,19.729999542236328,19.729999542236328,1787639
2019-08-28,12.237762451171875,19.899999618530273,20.079999923706055,19.735000610351562,19.934999465942383,1338217
2019-08-29,12.256210327148438,19.93000030517578,19.979999542236328,19.80500030517578,19.860000610351562,938608
2019-08-30,12.305408477783203,20.010000228881836,20.040000915527344,19.834999084472656,19.924999237060547,948265
2019-09-02,12.539095878601074,20.389999389648438,20.450000762939453,20.030000686645508,20.030000686645508,1239487
2019-09-03,12.545243263244629,20.399999618530273,20.530000686645508,20.299999237060547,20.399999618530273,1595472
2019-09-04,12.846575736999512,20.889999389648438,20.959999084472656,20.450000762939453,20.450000762939453,1550469
2019-09-05,12.791230201721191,20.799999237060547,21.040000915527344,20.739999771118164,20.93000030517578,1336067
2019-09-06,12.66823673248291,20.600000381469727,20.84000015258789,20.530000686645508,20.809999465942383,1065474
2019-09-09,12.483747482299805,20.299999237060547,20.610000610351562,20.170000076293945,20.610000610351562,931175
2019-09-10,12.717434883117676,20.68000030517578,20.729999542236328,19.959999084472656,20.299999237060547,1881663
2019-09-11,12.686684608459473,20.6299991607666,20.940000534057617,20.270000457763672,20.700000762939453,1732048
2019-09-12,13.02491569519043,21.18000030517578,21.3799991607666,20.649999618530273,20.670000076293945,1814326
2019-09-13,12.791230201721191,20.799999237060547,21.18000030517578,20.719999313354492,21.18000030517578,1650250
2019-09-16,12.938821792602539,21.040000915527344,21.1200008392334,20.75,20.799999237060547,1589612
2019-09-17,13.160208702087402,21.399999618530273,21.40999984741211,20.969999313354492,21.059999465942383,2151778
2019-09-18,13.160208702087402,21.399999618530273,21.489999771118164,21.15999984741211,21.34000015258789,1555448
2019-09-19,13.184806823730469,21.440000534057617,21.6200008392334,21.260000228881836,21.399999618530273,1439607
2019-09-20,13.320097923278809,21.65999984741211,21.690000534057617,21.450000762939453,21.5,1854389
2019-09-23,13.252449989318848,21.549999237060547,21.68000030517578,21.3700008392334,21.65999984741211,873920
2019-09-24,13.307798385620117,21.639999389648438,21.65999984741211,21.459999084472656,21.549999237060547,900911
2019-09-25,13.11100959777832,21.31999969482422,21.700000762939453,21.299999237060547,21.610000610351562,713694
2019-09-26,13.246304512023926,21.540000915527344,21.540000915527344,21.309999465942383,21.309999465942383,933441
2019-09-27,13.21555233001709,21.489999771118164,21.6200008392334,21.3799991607666,21.540000915527344,676741
2019-09-30,13.338547706604004,21.690000534057617,21.700000762939453,21.399999618530273,21.489999771118164,1189292
2019-10-01,13.123310089111328,21.34000015258789,21.709999084472656,21.309999465942383,21.700000762939453,1199969
2019-10-02,12.871175765991211,20.93000030517578,21.399999618530273,20.93000030517578,21.309999465942383,1306043
2019-10-03,12.766632080078125,20.760000228881836,21.149999618530273,20.68000030517578,21.020000457763672,831142
2019-10-04,12.815828323364258,20.84000015258789,21.020000457763672,20.68000030517578,20.850000381469727,1062335
2019-10-07,12.895772933959961,20.969999313354492,21.100000381469727,20.90999984741211,20.90999984741211,1241173
2019-10-08,12.914222717285156,21.0,21.729999542236328,20.530000686645508,21.389999389648438,3076576
2019-10-09,12.975720405578613,21.100000381469727,21.1299991607666,20.829999923706055,21.030000686645508,1757926
2019-10-10,12.865025520324707,20.920000076293945,21.239999771118164,20.649999618530273,21.15999984741211,1376185
2019-10-11,13.135610580444336,21.360000610351562,21.360000610351562,20.889999389648438,21.0,1655897
2019-10-14,13.074112892150879,21.260000228881836,21.350000381469727,21.1299991607666,21.350000381469727,851795
2019-10-15,13.344696998596191,21.700000762939453,21.700000762939453,21.25,21.290000915527344,1536202
2019-10-16,13.313947677612305,21.649999618530273,21.709999084472656,21.489999771118164,21.700000762939453,1391325
2019-10-17,13.258602142333984,21.559999465942383,21.81999969482422,21.5,21.6200008392334,1081734
2019-10-18,13.375446319580078,21.75,21.75,21.469999313354492,21.5,1015671
2019-10-21,13.203255653381348,21.469999313354492,21.75,21.40999984741211,21.75,1238892
2019-10-22,13.498437881469727,21.950000762939453,22.010000228881836,21.40999984741211,21.479999542236328,1584408
2019-10-23,13.547636985778809,22.030000686645508,22.1200008392334,21.68000030517578,21.899999618530273,1266447
2019-10-24,13.283201217651367,21.600000381469727,21.989999771118164,21.43000030517578,21.989999771118164,1636791
2019-10-25,13.203255653381348,21.469999313354492,21.739999771118164,21.450000762939453,21.6200008392334,1003470
2019-10-28,13.277050971984863,21.59000015258789,21.59000015258789,21.329999923706055,21.479999542236328,1096241
2019-10-29,13.313947677612305,21.649999618530273,21.649999618530273,20.940000534057617,21.510000228881836,1949122
2019-10-30,13.443089485168457,21.860000610351562,21.860000610351562,21.579999923706055,21.579999923706055,1335308
2019-10-31,13.461538314819336,21.889999389648438,21.93000030517578,21.639999389648438,21.860000610351562,1445487
2019-11-01,13.295498847961426,21.6200008392334,21.889999389648438,21.479999542236328,21.889999389648438,924705
2019-11-04,13.264751434326172,21.56999969482422,21.809999465942383,21.469999313354492,21.6200008392334,1461522
2019-11-05,13.209404945373535,21.479999542236328,21.6299991607666,21.350000381469727,21.579999923706055,1187213
2019-11-06,13.11100959777832,21.31999969482422,21.549999237060547,21.290000915527344,21.479999542236328,1592194
2019-11-07,12.889622688293457,20.959999084472656,21.420000076293945,20.940000534057617,21.40999984741211,1625105
2019-11-08,13.02491569519043,21.18000030517578,21.40999984741211,20.790000915527344,20.920000076293945,1429372
2019-11-11,13.037215232849121,21.200000762939453,21.3700008392334,21.040000915527344,21.190000534057617,846237
2019-11-12,13.240152359008789,21.530000686645508,21.6200008392334,21.229999542236328,21.360000610351562,1352874
2019-11-13,13.264751434326172,21.56999969482422,21.6200008392334,21.440000534057617,21.540000915527344,789405
2019-11-14,13.0802640914917,21.270000457763672,21.709999084472656,21.260000228881836,21.59000015258789,1373477
2019-11-15,13.129460334777832,21.350000381469727,21.5,21.1299991607666,21.399999618530273,994670
2019-11-18,13.141759872436523,21.3700008392334,21.530000686645508,21.290000915527344,21.399999618530273,1007916
2019-11-19,13.043363571166992,21.209999084472656,21.450000762939453,21.190000534057617,21.3799991607666,738324
2019-11-20,13.123310089111328,21.34000015258789,21.420000076293945,21.18000030517578,21.229999542236328,933008
2019-11-21,13.154057502746582,21.389999389648438,21.459999084472656,21.229999542236328,21.280000686645508,814692
2019-11-22,13.135610580444336,21.360000610351562,21.489999771118164,21.25,21.40999984741211,1017588
2019-11-25,13.21555233001709,21.489999771118164,21.56999969482422,21.350000381469727,21.389999389648438,1047605
2019-11-26,13.160208702087402,21.399999618530273,21.510000228881836,21.239999771118164,21.510000228881836,2318818
2019-11-27,13.160208702087402,21.399999618530273,21.520000457763672,21.350000381469727,21.389999389648438,1112317
2019-11-28,13.22170352935791,21.5,21.530000686645508,21.360000610351562,21.43000030517578,971602
2019-11-29,13.154057502746582,21.389999389648438,21.530000686645508,21.3700008392334,21.450000762939453,980657
2019-12-02,12.877325057983398,20.940000534057617,21.510000228881836,20.899999618530273,21.40999984741211,1300312
2019-12-03,12.951119422912598,21.059999465942383,21.229999542236328,20.940000534057617,20.940000534057617,1655216
2019-12-04,13.16635799407959,21.40999984741211,21.440000534057617,21.030000686645508,21.049999237060547,1252779
2019-12-05,13.135610580444336,21.360000610351562,21.6299991607666,21.280000686645508,21.450000762939453,1240505
2019-12-09,13.154057502746582,21.389999389648438,21.610000610351562,21.31999969482422,21.450000762939453,1271709
2019-12-10,12.96957015991211,21.09000015258789,21.399999618530273,21.020000457763672,21.389999389648438,1215470
2019-12-11,13.049513816833496,21.219999313354492,21.329999923706055,21.1200008392334,21.1200008392334,1297937
2019-12-12,13.129460334777832,21.350000381469727,21.389999389648438,21.170000076293945,21.260000228881836,1529309
2019-12-13,13.135610580444336,21.360000610351562,21.540000915527344,21.299999237060547,21.5,1358851
2019-12-16,13.11100959777832,21.31999969482422,21.489999771118164,21.15999984741211,21.399999618530273,1318797
2019-12-17,13.529184341430664,22.0,22.09000015258789,21.309999465942383,21.34000015258789,2082751
2019-12-18,13.578380584716797,22.079999923706055,22.1299991607666,21.93000030517578,21.979999542236328,1431442
2019-12-19,13.695226669311523,22.270000457763672,22.31999969482422,22.06999969482422,22.079999923706055,1909364
2019-12-20,13.732123374938965,22.329999923706055,22.329999923706055,22.1299991607666,22.260000228881836,3163048
2019-12-23,13.738271713256836,22.34000015258789,22.360000610351562,22.200000762939453,22.360000610351562,821786
2019-12-27,13.812067985534668,22.459999084472656,22.5,22.329999923706055,22.3799991607666,827453
2019-12-30,13.529184341430664,22.0,22.440000534057617,22.0,22.440000534057617,1060579
2020-01-02,13.615281105041504,22.139999389648438,22.290000915527344,21.93000030517578,22.020000457763672,1382945
2020-01-03,13.676776885986328,22.239999771118164,22.280000686645508,21.989999771118164,22.139999389648438,1041930
2020-01-07,13.283201217651367,21.600000381469727,22.15999984741211,21.440000534057617,22.09000015258789,2228076
2020-01-08,13.33239459991455,21.68000030517578,21.75,21.399999618530273,21.600000381469727,1295074
2020-01-09,13.350845336914062,21.709999084472656,21.899999618530273,21.6299991607666,21.799999237060547,1270192
2020-01-10,13.154057502746582,21.389999389648438,21.479999542236328,21.1299991607666,21.25,2600788
2020-01-13,13.363146781921387,21.729999542236328,21.739999771118164,21.440000534057617,21.450000762939453,1772255
2020-01-14,13.590682983398438,22.100000381469727,22.170000076293945,21.780000686645508,21.780000686645508,2568768
2020-01-15,13.652178764343262,22.200000762939453,22.229999542236328,21.979999542236328,22.100000381469727,2568124
2020-01-16,13.836668014526367,22.5,22.6299991607666,22.170000076293945,22.239999771118164,1771853
2020-01-17,14.05190658569336,22.850000381469727,23.079999923706055,22.520000457763672,22.520000457763672,1629841
2020-01-20,13.79976749420166,22.440000534057617,22.940000534057617,22.440000534057617,22.93000030517578,1800728
2020-01-21,13.547636985778809,22.030000686645508,22.389999389648438,21.81999969482422,22.389999389648438,2174083
2020-01-22,13.621427536010742,22.149999618530273,22.479999542236328,22.100000381469727,22.100000381469727,2523934
2020-01-23,13.707525253295898,22.290000915527344,22.350000381469727,21.979999542236328,22.139999389648438,1710177
2020-01-24,13.94736099243164,22.68000030517578,22.729999542236328,22.34000015258789,22.34000015258789,1643932
2020-01-27,14.107250213623047,22.940000534057617,23.049999237060547,22.389999389648438,22.479999542236328,2746499
2020-01-28,14.217944145202637,23.1200008392334,23.459999084472656,22.860000610351562,22.950000762939453,1915837
2020-01-29,13.910462379455566,22.6200008392334,23.239999771118164,22.6200008392334,23.170000076293945,2287043
2020-01-30,13.621427536010742,22.149999618530273,22.600000381469727,22.149999618530273,22.549999237060547,2839182
2020-01-31,13.443089485168457,21.860000610351562,22.280000686645508,21.780000686645508,22.25,2943104
2020-02-03,13.301648139953613,21.6299991607666,21.950000762939453,21.579999923706055,21.729999542236328,2011241
2020-02-04,13.486139297485352,21.93000030517578,22.0,21.559999465942383,21.700000762939453,1838507
2020-02-05,13.584532737731934,22.09000015258789,22.190000534057617,21.799999237060547,21.959999084472656,1990939
2020-02-06,13.52303409576416,21.989999771118164,22.899999618530273,21.56999969482422,22.65999984741211,3333868
2020-02-07,13.46768856048584,21.899999618530273,22.030000686645508,21.75,21.770000457763672,2062104
2020-02-10,13.529184341430664,22.0,22.100000381469727,21.690000534057617,21.899999618530273,2084724
2020-02-11,13.621427536010742,22.149999618530273,22.290000915527344,21.940000534057617,22.079999923706055,1822659
2020-02-12,13.492289543151855,21.940000534057617,22.25,21.780000686645508,22.190000534057617,2225417
2020-02-13,13.541483879089355,22.020000457763672,22.020000457763672,21.600000381469727,21.950000762939453,2299569
2020-02-14,13.633729934692383,22.170000076293945,22.329999923706055,22.0,22.049999237060547,1679053
2020-02-17,13.633729934692383,22.170000076293945,22.25,22.06999969482422,22.18000030517578,963878
2020-02-18,13.652178764343262,22.200000762939453,22.329999923706055,22.040000915527344,22.25,1703174
2020-02-19,13.916613578796387,22.6299991607666,22.6299991607666,22.139999389648438,22.229999542236328,1558962
2020-02-20,13.578380584716797,22.079999923706055,22.649999618530273,22.079999923706055,22.639999389648438,2287354
2020-02-21,13.516884803771973,21.979999542236328,22.100000381469727,21.780000686645508,22.040000915527344,1707086
2020-02-24,12.926520347595215,21.020000457763672,21.690000534057617,20.950000762939453,21.690000534057617,2356469
2020-02-25,12.619041442871094,20.520000457763672,21.170000076293945,20.510000228881836,21.020000457763672,3170531
2020-02-26,12.67438793182373,20.610000610351562,20.719999313354492,19.725000381469727,20.459999084472656,2864928
2020-02-27,12.33000659942627,20.049999237060547,20.5,19.875,20.5,2798253
2020-02-28,11.856486320495605,19.280000686645508,19.584999084472656,19.1200008392334,19.454999923706055,2920382
2020-03-02,11.908756256103516,19.364999771118164,19.684999465942383,18.975000381469727,19.600000381469727,2674990
2020-03-03,12.068648338317871,19.625,19.940000534057617,19.540000915527344,19.704999923706055,2869647
2020-03-04,12.416102409362793,20.190000534057617,20.190000534057617,19.594999313354492,19.700000762939453,2239544
2020-03-05,12.219314575195312,19.8700008392334,20.489999771118164,19.809999465942383,20.3700008392334,2269598
2020-03-06,11.650473594665527,18.94499969482422,19.6299991607666,18.829999923706055,19.514999389648438,2725666
2020-03-09,10.48204517364502,17.045000076293945,18.0049991607666,17.045000076293945,17.94499969482422,5096262
2020-03-10,10.094618797302246,16.415000915527344,17.59000015258789,16.3700008392334,17.190000534057617,3571585
2020-03-11,9.713339805603027,15.795000076293945,16.65999984741211,15.65999984741211,16.5049991607666,5350227
2020-03-12,8.443439483642578,13.729999542236328,15.425000190734863,13.6850004196167,15.0,5718572
2020-03-13,8.372720718383789,13.614999771118164,15.140000343322754,13.399999618530273,14.039999961853027,7019955
2020-03-16,8.120587348937988,13.204999923706055,13.649999618530273,12.774999618530273,13.619999885559082,7443826
2020-03-17,8.185158729553223,13.3100004196167,13.850000381469727,12.5,13.6850004196167,5555705
2020-03-18,7.656289100646973,12.449999809265137,13.260000228881836,12.25,13.210000038146973,5580684
2020-03-19,8.071389198303223,13.125,13.350000381469727,12.600000381469727,12.600000381469727,5548184
2020-03-20,7.976069450378418,12.970000267028809,13.975000381469727,12.930000305175781,13.670000076293945,6736593
2020-03-23,7.55174446105957,12.279999732971191,12.850000381469727,12.274999618530273,12.850000381469727,4700694
2020-03-24,7.846928119659424,12.760000228881836,12.989999771118164,12.420000076293945,12.6899995803833,4277228
2020-03-25,8.092912673950195,13.15999984741211,13.664999961853027,12.670000076293945,13.234999656677246,5408436
2020-03-26,8.563360214233398,13.925000190734863,13.925000190734863,12.875,13.079999923706055,3831423
2020-03-27,8.056015968322754,13.100000381469727,13.989999771118164,13.095000267028809,13.930000305175781,3420927
2020-03-30,8.062163352966309,13.109999656677246,13.350000381469727,12.649999618530273,13.350000381469727,3284176
2020-03-31,8.225130081176758,13.375,13.845000267028809,13.239999771118164,13.449999809265137,5325353
2020-04-01,7.963770389556885,12.949999809265137,13.244999885559082,12.949999809265137,13.149999618530273,4446223
2020-04-02,8.431142807006836,13.710000038146973,13.710000038146973,12.975000381469727,13.074999809265137,5280838
2020-04-03,8.535685539245605,13.880000114440918,13.920000076293945,13.279999732971191,13.699999809265137,4706726
2020-04-06,8.861617088317871,14.40999984741211,14.5,13.779999732971191,14.199999809265137,3815537
2020-04-07,9.166022300720215,14.904999732971191,15.274999618530273,14.800000190734863,14.800000190734863,4203441
2020-04-08,9.126049995422363,14.84000015258789,14.899999618530273,14.359999656677246,14.899999618530273,3430880
2020-04-09,9.53807544708252,15.510000228881836,15.760000228881836,15.029999732971191,15.125,4196412
2020-04-14,9.618021965026855,15.640000343322754,16.05500030517578,15.449999809265137,15.800000190734863,4108408
2020-04-15,9.10452651977539,14.805000305175781,15.850000381469727,14.805000305175781,15.699999809265137,4164187
2020-04-16,9.362812042236328,15.225000381469727,15.510000228881836,14.845000267028809,14.930000305175781,3615876
2020-04-17,9.728713989257812,15.819999694824219,15.835000038146973,15.489999771118164,15.630000114440918,4310115
2020-04-20,9.611871719360352,15.630000114440918,16.0,15.484999656677246,15.930000305175781,2852432
2020-04-21,9.119901657104492,14.829999923706055,15.600000381469727,14.829999923706055,15.600000381469727,3808717
2020-04-22,9.378186225891113,15.25,15.375,14.9399995803833,14.949999809265137,3706987
2020-04-23,9.664143562316895,15.71500015258789,16.094999313354492,15.319999694824219,15.430000305175781,4080854
2020-04-24,9.826149940490723,14.859999656677246,14.925000190734863,14.460000038146973,14.6899995803833,5867112
2020-04-27,9.892273902893066,14.960000038146973,15.300000190734863,14.875,15.199999809265137,3556196
2020-04-28,10.00468635559082,15.130000114440918,15.3149995803833,14.774999618530273,15.039999961853027,3590658
2020-04-29,10.216286659240723,15.449999809265137,15.515000343322754,15.104999542236328,15.170000076293945,2695060
2020-04-30,10.017910957336426,15.149999618530273,15.710000038146973,15.055000305175781,15.649999618530273,3010343
2020-05-04,9.621161460876465,14.550000190734863,14.890000343322754,14.539999961853027,14.869999885559082,4656764
2020-05-05,9.816230773925781,14.845000267028809,15.020000457763672,14.694999694824219,14.760000228881836,2900233
2020-05-06,9.796393394470215,14.8149995803833,15.029999732971191,14.739999771118164,14.920000076293945,2649571
2020-05-07,9.978235244750977,15.09000015258789,15.34000015258789,15.029999732971191,15.0649995803833,2860996
2020-05-08,10.308860778808594,15.59000015258789,15.59000015258789,15.21500015258789,15.21500015258789,2548312
2020-05-11,10.189836502075195,15.40999984741211,15.885000228881836,15.385000228881836,15.739999771118164,2522429
2020-05-12,10.639484405517578,16.09000015258789,16.09000015258789,15.529999732971191,15.600000381469727,3530146
2020-05-13,10.255960464477539,15.510000228881836,15.920000076293945,15.46500015258789,15.920000076293945,3569697
2020-05-14,10.087342262268066,15.255000114440918,15.609999656677246,14.989999771118164,15.510000228881836,3572825
2020-05-15,9.865823745727539,14.920000076293945,16.0,14.864999771118164,15.949999809265137,4817445
2020-05-18,10.484091758728027,15.854999542236328,15.854999542236328,15.225000381469727,15.25,3332823
2020-05-19,10.28571605682373,15.555000305175781,15.904999732971191,15.454999923706055,15.899999618530273,3260440
2020-05-20,10.378291130065918,15.694999694824219,15.789999961853027,15.399999618530273,15.5600004196167,2347913
2020-05-22,10.437804222106934,15.78499984741211,15.78499984741211,15.300000190734863,15.454999923706055,2397494
2020-05-25,10.579973220825195,16.0,16.0,15.75,15.850000381469727,1746742
2020-05-26,10.920514106750488,16.514999389648438,16.645000457763672,16.100000381469727,16.100000381469727,2457620
2020-05-27,11.175095558166504,16.899999618530273,16.979999542236328,16.4950008392334,16.600000381469727,3868160
2020-05-28,11.347020149230957,17.15999984741211,17.19499969482422,16.889999389648438,16.969999313354492,3039460
2020-05-29,11.386695861816406,17.219999313354492,17.280000686645508,16.815000534057617,17.049999237060547,3870645
2020-06-01,11.39000129699707,17.225000381469727,17.440000534057617,16.975000381469727,17.325000762939453,2216685
2020-06-02,11.608213424682617,17.55500030517578,17.56999969482422,17.174999237060547,17.31999969482422,3004403
2020-06-03,11.925613403320312,18.03499984741211,18.09000015258789,17.649999618530273,17.655000686645508,2639658
2020-06-04,11.697481155395508,17.690000534057617,18.030000686645508,17.690000534057617,18.0,4254681
2020-06-05,11.760298728942871,17.78499984741211,17.889999389648438,17.530000686645508,17.719999313354492,3427586
2020-06-08,11.727237701416016,17.735000610351562,17.905000686645508,17.635000228881836,17.725000381469727,2193852
2020-06-09,11.552007675170898,17.469999313354492,17.920000076293945,17.204999923706055,17.915000915527344,2567150
2020-06-10,11.416450500488281,17.264999389648438,17.670000076293945,17.149999618530273,17.479999542236328,2347568
2020-06-11,10.827939987182617,16.375,16.950000762939453,16.375,16.950000762939453,4396244
2020-06-12,11.042845726013184,16.700000762939453,16.895000457763672,16.0049991607666,16.25,3386047
2020-06-15,11.006478309631348,16.645000457763672,16.65999984741211,16.03499984741211,16.229999542236328,3177655
2020-06-16,11.479269027709961,17.360000610351562,17.545000076293945,16.934999465942383,17.040000915527344,2863906
2020-06-17,11.51894474029541,17.420000076293945,17.549999237060547,17.260000228881836,17.399999618530273,3325395
2020-06-18,11.674338340759277,17.655000686645508,17.854999542236328,17.295000076293945,17.354999542236328,9023217
2020-06-22,11.19493293762207,16.93000030517578,17.4950008392334,16.860000610351562,17.454999923706055,3645455
2020-06-23,11.175095558166504,16.899999618530273,17.165000915527344,16.84000015258789,17.049999237060547,2370447
2020-06-24,10.953577041625977,16.565000534057617,17.100000381469727,16.565000534057617,16.93000030517578,2462622
2020-06-25,11.079214096069336,16.7549991607666,16.780000686645508,16.28499984741211,16.549999237060547,2392441
2020-06-26,11.052765846252441,16.71500015258789,17.05500030517578,16.71500015258789,16.860000610351562,1676476
2020-06-29,11.208158493041992,16.950000762939453,16.950000762939453,16.520000457763672,16.700000762939453,1632658
2020-06-30,11.178401947021484,16.905000686645508,17.049999237060547,16.80500030517578,17.045000076293945,1775361
2020-07-01,11.347020149230957,17.15999984741211,17.15999984741211,16.760000228881836,16.90999984741211,2243240
2020-07-02,11.439593315124512,17.299999237060547,17.434999465942383,17.19499969482422,17.299999237060547,1855669
2020-07-03,11.505719184875488,17.399999618530273,17.665000915527344,17.360000610351562,17.424999237060547,1536775
2020-07-06,11.575149536132812,17.5049991607666,17.729999542236328,17.405000686645508,17.600000381469727,1332046
2020-07-07,11.406533241271973,17.25,17.520000457763672,17.18000030517578,17.5049991607666,1737893
2020-07-08,11.32718276977539,17.1299991607666,17.299999237060547,17.030000686645508,17.15999984741211,1575146
2020-07-09,11.277587890625,17.05500030517578,17.65999984741211,17.05500030517578,17.56999969482422,2093724
2020-07-10,11.466045379638672,17.34000015258789,17.344999313354492,16.9950008392334,17.079999923706055,1713693
2020-07-13,11.674338340759277,17.655000686645508,17.799999237060547,17.385000228881836,17.5,1714079
2020-07-14,11.714012145996094,17.71500015258789,17.7549991607666,17.440000534057617,17.520000457763672,2119910
2020-07-15,11.806586265563965,17.854999542236328,17.889999389648438,17.6200008392334,17.809999465942383,1015422
2020-07-16,11.889243125915527,17.979999542236328,18.020000457763672,17.639999389648438,17.700000762939453,1245438
2020-07-17,11.84626293182373,17.915000915527344,18.0,17.700000762939453,18.0,1328476
2020-07-20,11.79336166381836,17.834999084472656,17.915000915527344,17.739999771118164,17.899999618530273,958189
2020-07-21,11.909080505371094,18.010000228881836,18.270000457763672,17.889999389648438,17.950000762939453,1448709
2020-07-22,12.047942161560059,18.219999313354492,18.239999771118164,17.860000610351562,18.030000686645508,1457647
2020-07-23,12.140519142150879,18.360000610351562,18.579999923706055,18.165000915527344,18.200000762939453,1802321
2020-07-24,11.922307014465332,18.030000686645508,18.225000381469727,17.864999771118164,18.225000381469727,2042396
2020-07-27,11.730544090270996,17.739999771118164,18.059999465942383,17.610000610351562,18.045000076293945,1735743
2020-07-28,11.611518859863281,17.559999465942383,17.81999969482422,17.44499969482422,17.75,1707068
2020-07-29,11.700788497924805,17.69499969482422,17.735000610351562,17.524999618530273,17.559999465942383,1023501
2020-07-30,11.214770317077637,16.959999084472656,17.690000534057617,16.815000534057617,17.690000534057617,2282833
2020-07-31,11.386695861816406,17.219999313354492,17.780000686645508,17.184999465942383,17.5,2490975
2020-08-03,11.624744415283203,17.579999923706055,17.655000686645508,17.0049991607666,17.219999313354492,1476368
2020-08-04,11.614826202392578,17.565000534057617,17.684999465942383,17.46500015258789,17.655000686645508,1188633
2020-08-05,11.5685396194458,17.4950008392334,17.75,17.4950008392334,17.600000381469727,1098619
2020-08-06,11.505719184875488,17.399999618530273,17.59000015258789,17.280000686645508,17.4950008392334,1219622
2020-08-07,11.750381469726562,17.770000457763672,17.80500030517578,17.3700008392334,17.399999618530273,1505376
2020-08-10,11.78344440460205,17.81999969482422,17.959999084472656,17.725000381469727,17.80500030517578,1411724
2020-08-11,11.727237701416016,17.735000610351562,18.170000076293945,17.575000762939453,17.950000762939453,2460931
2020-08-12,11.965287208557129,18.094999313354492,18.094999313354492,17.59000015258789,17.735000610351562,1697879
2020-08-13,11.879324913024902,17.96500015258789,18.104999542236328,17.899999618530273,18.014999389648438,1376837
2020-08-14,11.69087028503418,17.68000030517578,17.920000076293945,17.645000457763672,17.899999618530273,1368467
2020-08-17,11.77352523803711,17.80500030517578,17.93000030517578,17.649999618530273,17.649999618530273,1431266
2020-08-18,11.833037376403809,17.895000457763672,18.239999771118164,17.684999465942383,17.834999084472656,2667296
2020-08-19,11.254446029663086,17.020000457763672,17.6299991607666,16.885000228881836,17.6200008392334,5521858
2020-08-20,11.072602272033691,16.7450008392334,17.30500030517578,16.7450008392334,17.049999237060547,3607028
2020-08-21,10.996559143066406,16.6299991607666,16.899999618530273,16.549999237060547,16.850000381469727,2341018
2020-08-24,11.323875427246094,17.125,17.190000534057617,16.729999542236328,16.799999237060547,1907194
2020-08-25,11.330490112304688,17.135000228881836,17.405000686645508,17.05500030517578,17.149999618530273,2032792
2020-08-26,11.426369667053223,17.280000686645508,17.469999313354492,17.059999465942383,17.135000228881836,1657408
2020-08-27,11.280896186828613,17.059999465942383,17.309999465942383,17.059999465942383,17.299999237060547,1690394
2020-08-28,11.525558471679688,17.43000030517578,17.459999084472656,16.920000076293945,17.100000381469727,2708805
2020-08-31,11.714012145996094,17.71500015258789,18.010000228881836,17.5,17.5,3546965
2020-09-01,11.522250175476074,17.424999237060547,17.8799991607666,17.424999237060547,17.834999084472656,1955847
2020-09-02,11.571846008300781,17.5,17.59000015258789,17.3700008392334,17.520000457763672,2007326
2020-09-03,11.403226852416992,17.2450008392334,17.665000915527344,17.2450008392334,17.600000381469727,2350309
2020-09-04,11.19823932647705,16.934999465942383,17.354999542236328,16.889999389648438,17.084999084472656,2766102
2020-09-07,11.479269027709961,17.360000610351562,17.415000915527344,16.940000534057617,17.0,1732181
2020-09-08,11.19493293762207,16.93000030517578,17.450000762939453,16.8700008392334,17.34000015258789,1883999
2020-09-09,11.38338851928711,17.21500015258789,17.270000457763672,16.700000762939453,16.899999618530273,1528475
2020-09-10,11.290814399719238,17.075000762939453,17.280000686645508,16.934999465942383,17.21500015258789,1632323
2020-09-11,11.185014724731445,16.915000915527344,17.06999969482422,16.875,17.03499984741211,1678681
2020-09-14,11.251139640808105,17.014999389648438,17.135000228881836,16.959999084472656,17.024999618530273,1253999
2020-09-15,11.509026527404785,17.405000686645508,17.450000762939453,17.049999237060547,17.049999237060547,1906485
2020-09-16,11.505719184875488,17.399999618530273,17.454999923706055,17.260000228881836,17.360000610351562,1182051
2020-09-17,11.53878402709961,17.450000762939453,17.709999084472656,17.225000381469727,17.295000076293945,2132306
2020-09-18,11.637970924377441,17.600000381469727,17.729999542236328,17.364999771118164,17.459999084472656,3158883
2020-09-21,11.254446029663086,17.020000457763672,17.565000534057617,17.020000457763672,17.530000686645508,1999627
2020-09-22,11.330490112304688,17.135000228881836,17.420000076293945,17.030000686645508,17.100000381469727,1915290
2020-09-23,11.32056999206543,17.1200008392334,17.395000457763672,17.084999084472656,17.18000030517578,1301538
2020-09-24,11.234607696533203,16.989999771118164,17.270000457763672,16.895000457763672,17.0,1450449
2020-09-25,11.19823932647705,16.934999465942383,17.190000534057617,16.875,17.0,1252795
2020-09-28,11.310650825500488,17.104999542236328,17.229999542236328,17.024999618530273,17.094999313354492,1757432
2020-09-29,11.333795547485352,17.139999389648438,17.190000534057617,16.989999771118164,17.110000610351562,892683
2020-09-30,11.423064231872559,17.274999618530273,17.389999389648438,17.05500030517578,17.104999542236328,1710479
2020-10-01,11.644582748413086,17.610000610351562,17.684999465942383,17.299999237060547,17.3700008392334,1907805
2020-10-02,11.657807350158691,17.6299991607666,17.7549991607666,17.399999618530273,17.53499984741211,1543747
2020-10-05,11.747074127197266,17.764999389648438,17.860000610351562,17.639999389648438,17.690000534057617,1321977
2020-10-06,11.859487533569336,17.934999465942383,18.045000076293945,17.704999923706055,17.799999237060547,1945822
2020-10-07,11.704094886779785,17.700000762939453,18.0049991607666,17.700000762939453,17.90999984741211,1439163
2020-10-08,12.03802490234375,18.204999923706055,18.270000457763672,17.719999313354492,17.719999313354492,1825871
2020-10-09,12.104148864746094,18.30500030517578,18.4950008392334,18.190000534057617,18.209999084472656,1564475
2020-10-12,12.176887512207031,18.415000915527344,18.5,18.30500030517578,18.350000381469727,1150503
2020-10-13,11.935531616210938,18.049999237060547,18.5,18.010000228881836,18.479999542236328,1325304
2020-10-14,12.226480484008789,18.489999771118164,18.53499984741211,18.0,18.049999237060547,1550460
2020-10-15,11.849570274353027,17.920000076293945,18.454999923706055,17.864999771118164,18.454999923706055,2084656
2020-10-16,11.981819152832031,18.1200008392334,18.209999084472656,17.93000030517578,17.989999771118164,1443363
2020-10-19,11.961981773376465,18.09000015258789,18.315000534057617,18.0,18.200000762939453,1121121
2020-10-20,11.852874755859375,17.924999237060547,18.229999542236328,17.920000076293945,18.059999465942383,1400336
2020-10-21,11.492494583129883,17.3799991607666,18.010000228881836,17.309999465942383,18.0,2994908
2020-10-22,11.502413749694824,17.395000457763672,17.424999237060547,17.104999542236328,17.399999618530273,2062237
2020-10-23,11.49580192565918,17.385000228881836,17.540000915527344,17.30500030517578,17.399999618530273,984968
2020-10-26,11.287507057189941,17.06999969482422,17.329999923706055,16.950000762939453,17.100000381469727,2028873
2020-10-27,11.023009300231934,16.670000076293945,17.114999771118164,16.639999389648438,17.104999542236328,2242310
2020-10-28,10.682465553283691,16.155000686645508,16.559999465942383,16.0,16.549999237060547,3280252
2020-10-29,10.589890480041504,16.014999389648438,16.270000457763672,15.880000114440918,16.100000381469727,2578761
2020-10-30,10.679160118103027,16.149999618530273,16.309999465942383,15.9399995803833,16.014999389648438,2026547
2020-11-02,10.867615699768066,16.434999465942383,16.475000381469727,16.139999389648438,16.28499984741211,1748845
2020-11-03,11.15195083618164,16.864999771118164,16.864999771118164,16.540000915527344,16.6299991607666,1690147
2020-11-04,11.204851150512695,16.94499969482422,16.94499969482422,16.389999389648438,16.6299991607666,1811975
2020-11-05,11.287507057189941,17.06999969482422,17.190000534057617,17.0,17.010000228881836,1563630
2020-11-06,11.155258178710938,16.8700008392334,17.15999984741211,16.850000381469727,17.100000381469727,1688194
2020-11-09,11.71731948852539,17.719999313354492,17.90999984741211,17.06999969482422,17.075000762939453,3458527
2020-11-10,11.594987869262695,17.53499984741211,17.84000015258789,17.350000381469727,17.799999237060547,2651880
2020-11-11,11.618131637573242,17.56999969482422,17.709999084472656,17.450000762939453,17.520000457763672,2129228
2020-11-12,11.399919509887695,17.239999771118164,17.475000381469727,17.239999771118164,17.475000381469727,2064762
2020-11-13,11.406533241271973,17.25,17.395000457763672,17.05500030517578,17.149999618530273,1913605
2020-11-16,11.475963592529297,17.354999542236328,17.43000030517578,17.149999618530273,17.299999237060547,2949952
2020-11-17,11.654500961303711,17.625,18.09000015258789,17.299999237060547,17.350000381469727,3113598
2020-11-18,11.684257507324219,17.670000076293945,17.764999389648438,17.524999618530273,17.649999618530273,1917287
2020-11-19,11.624744415283203,17.579999923706055,17.700000762939453,17.459999084472656,17.600000381469727,1406150
2020-11-20,11.84626293182373,17.915000915527344,18.075000762939453,17.4950008392334,17.549999237060547,2091886
2020-11-23,11.823119163513184,17.8799991607666,18.06999969482422,17.795000076293945,18.0,1662224
2020-11-24,12.011576652526855,18.165000915527344,18.174999237060547,17.850000381469727,17.924999237060547,2076816
2020-11-25,12.355422019958496,18.684999465942383,18.75,18.19499969482422,18.200000762939453,3056522
2020-11-26,12.457918167114258,18.84000015258789,19.209999084472656,18.71500015258789,18.719999313354492,3381698
2020-11-27,12.752171516418457,19.28499984741211,19.3700008392334,18.84000015258789,18.84000015258789,1863581
2020-11-30,12.699273109436035,19.204999923706055,19.375,19.075000762939453,19.28499984741211,2840055
2020-12-01,12.583555221557617,19.030000686645508,19.315000534057617,18.915000915527344,19.28499984741211,2223299
2020-12-02,12.57363510131836,19.014999389648438,19.264999389648438,18.920000076293945,19.100000381469727,2439490
2020-12-03,12.100842475891113,18.299999237060547,19.200000762939453,18.145000457763672,19.200000762939453,5140824
2020-12-04,12.200031280517578,18.450000762939453,18.635000228881836,18.209999084472656,18.399999618530273,3352963
2020-12-07,12.110761642456055,18.315000534057617,18.399999618530273,18.139999389648438,18.399999618530273,1702984
2020-12-08,12.061168670654297,18.239999771118164,18.440000534057617,18.204999923706055,18.315000534057617,1783553
2020-12-09,12.193418502807617,18.440000534057617,18.454999923706055,18.174999237060547,18.28499984741211,2270251
2020-12-10,12.31905460357666,18.6299991607666,18.6299991607666,18.325000762939453,18.440000534057617,2612082
2020-12-11,12.309136390686035,18.614999771118164,18.674999237060547,18.309999465942383,18.6200008392334,2769280
2020-12-14,12.424856185913086,18.790000915527344,18.979999542236328,18.59000015258789,18.68000030517578,2409859
2020-12-15,12.484366416931152,18.8799991607666,19.06999969482422,18.764999389648438,18.829999923706055,2174802
2020-12-16,12.616617202758789,19.079999923706055,19.440000534057617,18.825000762939453,18.934999465942383,2234589
2020-12-17,12.851359367370605,19.434999465942383,19.55500030517578,19.104999542236328,19.104999542236328,2303815
2020-12-18,12.725723266601562,19.2450008392334,19.614999771118164,19.114999771118164,19.469999313354492,3050881
2020-12-21,12.282686233520508,18.575000762939453,19.09000015258789,18.21500015258789,19.084999084472656,3043905
2020-12-22,12.570327758789062,19.010000228881836,19.06999969482422,18.510000228881836,18.575000762939453,1500922
2020-12-23,12.765398025512695,19.30500030517578,19.350000381469727,19.024999618530273,19.024999618530273,1159073
2020-12-28,13.010058403015137,19.674999237060547,19.729999542236328,19.34000015258789,19.34000015258789,1217232
2020-12-29,13.11585807800293,19.834999084472656,19.950000762939453,19.719999313354492,19.719999313354492,1381998
2020-12-30,13.026591300964355,19.700000762939453,19.934999465942383,19.700000762939453,19.84000015258789,1045804
2021-01-04,13.363825798034668,20.209999084472656,20.479999542236328,19.899999618530273,19.899999618530273,2599510
2021-01-05,13.410114288330078,20.280000686645508,20.350000381469727,20.110000610351562,20.15999984741211,1394868
2021-01-07,13.879600524902344,20.989999771118164,21.059999465942383,20.639999389648438,20.770000457763672,2439848
2021-01-08,14.441661834716797,21.84000015258789,21.84000015258789,21.049999237060547,21.049999237060547,3909176
2021-01-11,14.064750671386719,21.270000457763672,21.860000610351562,21.09000015258789,21.829999923706055,2390838
2021-01-12,14.038299560546875,21.229999542236328,21.540000915527344,21.170000076293945,21.290000915527344,1375591
2021-01-13,14.1441011428833,21.389999389648438,21.469999313354492,21.25,21.40999984741211,1648540
2021-01-14,14.302797317504883,21.6299991607666,21.639999389648438,21.34000015258789,21.479999542236328,1622653
2021-01-15,13.965564727783203,21.1200008392334,21.75,21.0,21.59000015258789,2120874
2021-01-18,13.932500839233398,21.06999969482422,21.170000076293945,20.8799991607666,21.010000228881836,1235860
2021-01-19,14.025075912475586,21.209999084472656,21.290000915527344,21.100000381469727,21.170000076293945,946876
2021-01-20,14.018464088439941,21.200000762939453,21.329999923706055,21.100000381469727,21.260000228881836,1206739
2021-01-21,14.084589004516602,21.299999237060547,21.469999313354492,21.100000381469727,21.31999969482422,1497578
2021-01-22,13.978789329528809,21.139999389648438,21.25,20.90999984741211,21.25,1419101
2021-01-25,13.886213302612305,21.0,21.350000381469727,20.729999542236328,21.299999237060547,1610038
2021-01-26,13.780415534973145,20.84000015258789,21.139999389648438,20.760000228881836,21.0,1207524
2021-01-27,13.522526741027832,20.450000762939453,20.969999313354492,20.110000610351562,20.84000015258789,2229582
2021-01-28,13.529139518737793,20.459999084472656,20.59000015258789,19.719999313354492,20.3700008392334,2229757
2021-01-29,13.215046882629395,19.985000610351562,20.389999389648438,19.985000610351562,20.200000762939453,2162094
2021-02-01,13.38366413116455,20.239999771118164,20.3700008392334,20.0,20.0,1258265
2021-02-02,13.740738868713379,20.780000686645508,20.780000686645508,20.229999542236328,20.329999923706055,1895263
2021-02-03,14.216837882995605,21.5,21.610000610351562,20.709999084472656,20.860000610351562,3010582
2021-02-04,14.282963752746582,21.600000381469727,21.610000610351562,21.260000228881836,21.5,2622792
2021-02-05,14.33586311340332,21.68000030517578,21.799999237060547,21.5,21.649999618530273,1883132
2021-02-08,14.401987075805664,21.780000686645508,21.889999389648438,21.6200008392334,21.700000762939453,1184926
2021-02-09,14.276350021362305,21.59000015258789,21.81999969482422,21.530000686645508,21.799999237060547,1019948
2021-02-10,14.349088668823242,21.700000762939453,21.790000915527344,21.559999465942383,21.649999618530273,1533577
2021-02-11,14.59374713897705,22.06999969482422,22.239999771118164,21.68000030517578,21.690000534057617,1683763
2021-02-12,14.388762474060059,21.760000228881836,22.0,21.549999237060547,22.0,1470326
2021-02-15,14.41521167755127,21.799999237060547,21.989999771118164,21.770000457763672,21.809999465942383,1067975
2021-02-16,14.375537872314453,21.739999771118164,22.040000915527344,21.739999771118164,21.899999618530273,1212890
2021-02-17,14.309412002563477,21.639999389648438,21.760000228881836,21.56999969482422,21.739999771118164,1196615
2021-02-18,14.170551300048828,21.43000030517578,21.739999771118164,21.360000610351562,21.65999984741211,1514768
2021-02-19,14.124262809753418,21.360000610351562,21.510000228881836,21.239999771118164,21.43000030517578,975296
2021-02-22,13.939112663269043,21.079999923706055,21.290000915527344,21.06999969482422,21.25,947228
2021-02-23,13.872987747192383,20.979999542236328,21.190000534057617,20.479999542236328,21.139999389648438,1837100
2021-02-24,13.912663459777832,21.040000915527344,21.190000534057617,20.81999969482422,20.940000534057617,1281124
2021-02-25,13.872987747192383,20.979999542236328,21.290000915527344,20.899999618530273,21.100000381469727,2019862
2021-02-26,13.681227684020996,20.690000534057617,21.030000686645508,20.579999923706055,20.700000762939453,1783420
2021-03-01,13.681227684020996,20.690000534057617,20.8799991607666,20.440000534057617,20.549999237060547,1725286
2021-03-02,13.83331298828125,20.920000076293945,21.049999237060547,20.700000762939453,20.700000762939453,1296241
2021-03-03,13.588651657104492,20.549999237060547,21.139999389648438,20.229999542236328,20.950000762939453,1948473
2021-03-04,13.753965377807617,20.799999237060547,20.850000381469727,20.440000534057617,20.549999237060547,2018477
2021-03-05,13.734126091003418,20.770000457763672,20.950000762939453,20.469999313354492,20.799999237060547,1570302
2021-03-08,13.972172737121582,21.1299991607666,21.1299991607666,20.700000762939453,20.829999923706055,1360872
2021-03-09,14.150713920593262,21.399999618530273,21.540000915527344,21.15999984741211,21.15999984741211,1643353
2021-03-10,14.349088668823242,21.700000762939453,21.770000457763672,21.31999969482422,21.420000076293945,1639539
2021-03-11,14.606974601745605,22.09000015258789,22.09000015258789,21.790000915527344,21.809999465942383,1971608
2021-03-12,14.52762222290039,21.969999313354492,22.0,21.280000686645508,21.989999771118164,3236401
2021-03-15,14.911147117614746,22.549999237060547,23.049999237060547,22.079999923706055,22.079999923706055,4345296
2021-03-16,14.904536247253418,22.540000915527344,22.670000076293945,22.299999237060547,22.6200008392334,1721000
2021-03-17,14.845023155212402,22.450000762939453,22.6299991607666,22.3799991607666,22.559999465942383,1431426
2021-03-18,14.772285461425781,22.34000015258789,22.6299991607666,22.200000762939453,22.5,1794361
2021-03-19,14.924372673034668,22.56999969482422,22.56999969482422,22.149999618530273,22.18000030517578,4551236
2021-03-22,14.964048385620117,22.6299991607666,22.639999389648438,22.350000381469727,22.56999969482422,1537021
2021-03-23,14.964048385620117,22.6299991607666,22.719999313354492,22.5,22.600000381469727,1425825
2021-03-24,15.122749328613281,22.8700008392334,22.93000030517578,22.479999542236328,22.579999923706055,1844097
2021-03-25,15.347573280334473,23.209999084472656,23.479999542236328,22.850000381469727,22.850000381469727,2756791
2021-03-26,15.426921844482422,23.329999923706055,23.479999542236328,23.18000030517578,23.34000015258789,1891901
2021-03-29,15.400472640991211,23.290000915527344,23.479999542236328,23.139999389648438,23.360000610351562,1439053
2021-03-30,15.13597297668457,22.889999389648438,23.350000381469727,22.739999771118164,23.290000915527344,1793034
2021-03-31,15.05001163482666,22.760000228881836,22.950000762939453,22.65999984741211,22.920000076293945,1849653
2021-04-01,15.116134643554688,22.860000610351562,23.09000015258789,22.799999237060547,22.899999618530273,1524014
2021-04-06,14.54746150970459,22.0,22.350000381469727,21.799999237060547,21.959999084472656,4078408
2021-04-07,14.692935943603516,22.219999313354492,22.420000076293945,22.040000915527344,22.040000915527344,1582179
2021-04-08,14.732612609863281,22.280000686645508,22.450000762939453,22.239999771118164,22.290000915527344,1703258
2021-04-09,14.752447128295898,22.309999465942383,22.389999389648438,22.209999084472656,22.350000381469727,1199070
2021-04-12,14.805347442626953,22.389999389648438,22.56999969482422,22.260000228881836,22.329999923706055,1166740
2021-04-13,14.785511016845703,22.360000610351562,22.579999923706055,22.280000686645508,22.43000030517578,1434098
2021-04-14,14.778898239135742,22.350000381469727,22.489999771118164,22.270000457763672,22.420000076293945,1193744
2021-04-15,14.82518482208252,22.420000076293945,22.510000228881836,22.290000915527344,22.399999618530273,1240554
2021-04-16,14.917760848999023,22.559999465942383,22.780000686645508,22.3799991607666,22.440000534057617,1369728
2021-04-19,15.003724098205566,22.690000534057617,22.81999969482422,22.600000381469727,22.610000610351562,1322324
2021-04-20,14.851635932922363,22.459999084472656,22.729999542236328,22.459999084472656,22.690000534057617,1202061
2021-04-21,14.917760848999023,22.559999465942383,22.649999618530273,22.440000534057617,22.510000228881836,1258874
2021-04-22,15.294672966003418,23.1299991607666,23.239999771118164,22.65999984741211,22.670000076293945,1750978
2021-04-23,15.367410659790039,23.239999771118164,23.299999237060547,23.040000915527344,23.149999618530273,1087922
2021-04-26,15.473207473754883,23.399999618530273,23.469999313354492,23.209999084472656,23.280000686645508,1545593
2021-04-27,15.400472640991211,23.290000915527344,23.540000915527344,23.25,23.399999618530273,1955682
2021-04-28,15.202095985412598,22.989999771118164,23.3799991607666,22.989999771118164,23.3799991607666,2324170
2021-04-29,15.264657020568848,21.959999084472656,22.190000534057617,21.809999465942383,21.899999618530273,2676907
2021-04-30,15.188196182250977,21.850000381469727,22.030000686645508,21.65999984741211,21.969999313354492,1779675
2021-05-03,15.570507049560547,22.399999618530273,22.399999618530273,21.760000228881836,21.889999389648438,1942084
2021-05-04,15.59135913848877,22.43000030517578,22.729999542236328,22.40999984741211,22.40999984741211,2233952
2021-05-05,15.605262756347656,22.450000762939453,22.489999771118164,22.06999969482422,22.43000030517578,1768938
2021-05-06,15.709528923034668,22.600000381469727,22.600000381469727,22.260000228881836,22.5,1531864
2021-05-07,15.98757553100586,23.0,23.020000457763672,22.56999969482422,22.700000762939453,1748117
2021-05-10,16.029279708862305,23.059999465942383,23.190000534057617,22.850000381469727,22.969999313354492,1248553
2021-05-11,15.702579498291016,22.59000015258789,22.940000534057617,22.459999084472656,22.93000030517578,1670506
2021-05-12,15.806845664978027,22.739999771118164,22.940000534057617,22.469999313354492,22.559999465942383,1607450
2021-05-14,15.848551750183105,22.799999237060547,22.860000610351562,22.579999923706055,22.799999237060547,2016140
2021-05-17,15.81379508972168,22.75,23.0,22.6200008392334,22.93000030517578,1406543
2021-05-18,15.994526863098145,23.010000228881836,23.229999542236328,22.770000457763672,22.780000686645508,1578984
2021-05-19,15.84160041809082,22.790000915527344,22.969999313354492,22.549999237060547,22.829999923706055,1350103
2021-05-20,16.05013656616211,23.09000015258789,23.09000015258789,22.770000457763672,22.850000381469727,850649
2021-05-21,16.34208106994629,23.510000228881836,23.59000015258789,23.170000076293945,23.18000030517578,1668222
2021-05-24,16.244766235351562,23.3700008392334,23.59000015258789,23.329999923706055,23.549999237060547,436335
2021-05-25,16.210010528564453,23.31999969482422,23.43000030517578,23.280000686645508,23.3700008392334,860764
2021-05-26,16.369884490966797,23.549999237060547,23.59000015258789,23.299999237060547,23.31999969482422,1398539
2021-05-27,16.31427764892578,23.469999313354492,23.719999313354492,23.420000076293945,23.549999237060547,1903618
2021-05-28,16.474153518676758,23.700000762939453,23.770000457763672,23.450000762939453,23.520000457763672,1022182
2021-05-31,16.20305824279785,23.309999465942383,23.729999542236328,23.290000915527344,23.690000534057617,719046
2021-06-01,16.32817840576172,23.489999771118164,23.56999969482422,23.3700008392334,23.450000762939453,1236473
2021-06-02,16.369884490966797,23.549999237060547,23.68000030517578,23.450000762939453,23.5,956081
2021-06-03,16.29342269897461,23.440000534057617,23.6200008392334,23.260000228881836,23.549999237060547,835551
2021-06-04,16.26561737060547,23.399999618530273,23.56999969482422,23.25,23.479999542236328,746318
2021-06-07,16.34208106994629,23.510000228881836,23.530000686645508,23.290000915527344,23.399999618530273,894856
2021-06-08,16.34208106994629,23.510000228881836,23.6200008392334,23.469999313354492,23.530000686645508,110647
2021-06-09,16.515857696533203,23.760000228881836,23.809999465942383,23.469999313354492,23.530000686645508,1178753
2021-06-10,16.481101989746094,23.709999084472656,23.799999237060547,23.540000915527344,23.799999237060547,919305
2021-06-11,16.65488052368164,23.959999084472656,23.959999084472656,23.75,23.770000457763672,950664
2021-06-14,16.877317428588867,24.280000686645508,24.280000686645508,23.959999084472656,23.959999084472656,900258
2021-06-15,16.72439193725586,24.059999465942383,24.389999389648438,24.030000686645508,24.299999237060547,931225
2021-06-16,16.606224060058594,23.889999389648438,24.190000534057617,23.8799991607666,24.079999923706055,1254233
2021-06-17,16.488054275512695,23.719999313354492,23.780000686645508,23.40999984741211,23.65999984741211,1726956
2021-06-18,16.216960906982422,23.329999923706055,23.90999984741211,23.329999923706055,23.690000534057617,3046271
2021-06-21,16.397689819335938,23.59000015258789,23.610000610351562,23.219999313354492,23.299999237060547,1074165
2021-06-22,16.3768367767334,23.559999465942383,23.719999313354492,23.489999771118164,23.6200008392334,921251
2021-06-23,16.28647232055664,23.43000030517578,23.559999465942383,23.34000015258789,23.459999084472656,1082254
2021-06-24,16.439395904541016,23.649999618530273,23.729999542236328,23.360000610351562,23.450000762939453,1171163
2021-06-28,16.543663024902344,23.799999237060547,24.059999465942383,23.479999542236328,23.479999542236328,979596
2021-06-29,16.446346282958984,23.65999984741211,23.829999923706055,23.649999618530273,23.780000686645508,664769
2021-06-30,16.168304443359375,23.260000228881836,23.68000030517578,23.1200008392334,23.65999984741211,1395156
2021-07-01,16.12659454345703,23.200000762939453,23.739999771118164,22.979999542236328,23.600000381469727,1284433
2021-07-02,16.147451400756836,23.229999542236328,23.3799991607666,23.200000762939453,23.34000015258789,885026
2021-07-05,16.154401779174805,23.239999771118164,23.280000686645508,23.139999389648438,23.25,624282
2021-07-06,16.112693786621094,23.18000030517578,23.43000030517578,23.1299991607666,23.229999542236328,953355
2021-07-07,16.26561737060547,23.399999618530273,23.520000457763672,23.239999771118164,23.239999771118164,1056993
2021-07-08,15.84160041809082,22.790000915527344,23.399999618530273,22.700000762939453,23.399999618530273,1520721
2021-07-09,16.029279708862305,23.059999465942383,23.149999618530273,22.8700008392334,22.8700008392334,626884
2021-07-12,16.008426666259766,23.030000686645508,23.139999389648438,22.8799991607666,23.049999237060547,930903
2021-07-13,16.00147819519043,23.020000457763672,23.09000015258789,22.84000015258789,23.030000686645508,740436
2021-07-14,16.057085037231445,23.100000381469727,23.299999237060547,22.8799991607666,23.010000228881836,974736
2021-07-15,15.93891716003418,22.93000030517578,23.25,22.8799991607666,23.100000381469727,1184380
2021-07-16,15.897211074829102,22.8700008392334,23.049999237060547,22.799999237060547,22.969999313354492,1077908
2021-07-19,15.542702674865723,22.360000610351562,22.84000015258789,22.260000228881836,22.799999237060547,1215801
2021-07-20,15.626114845275879,22.479999542236328,22.690000534057617,22.270000457763672,22.399999618530273,1225487
2021-07-21,15.904162406921387,22.8799991607666,22.899999618530273,22.579999923706055,22.579999923706055,1106535
2021-07-22,16.133548736572266,23.209999084472656,23.360000610351562,22.81999969482422,22.969999313354492,1217874
2021-07-23,16.189157485961914,23.290000915527344,23.440000534057617,23.229999542236328,23.270000457763672,703335
2021-07-26,16.26561737060547,23.399999618530273,23.520000457763672,23.1299991607666,23.200000762939453,752632
2021-07-27,16.32122802734375,23.479999542236328,23.5,23.31999969482422,23.3700008392334,890421
2021-07-28,16.33513069152832,23.5,23.799999237060547,23.469999313354492,23.5,868003
2021-07-29,16.543663024902344,23.799999237060547,23.829999923706055,23.5,23.5,904639
2021-07-30,16.154401779174805,23.239999771118164,23.729999542236328,23.239999771118164,23.600000381469727,1275192
2021-08-02,16.33513069152832,23.5,23.549999237060547,23.31999969482422,23.329999923706055,773673
2021-08-03,16.508907318115234,23.75,23.90999984741211,23.520000457763672,23.540000915527344,1106791
2021-08-04,16.86341667175293,24.260000228881836,24.260000228881836,23.850000381469727,23.899999618530273,1080820
2021-08-05,16.80085563659668,24.170000076293945,24.43000030517578,24.1299991607666,24.239999771118164,825695
2021-08-06,16.884267807006836,24.290000915527344,24.40999984741211,24.040000915527344,24.170000076293945,723284
2021-08-09,16.981582641601562,24.43000030517578,24.6299991607666,24.31999969482422,24.31999969482422,898272
2021-08-10,17.051095962524414,24.530000686645508,24.690000534057617,24.43000030517578,24.459999084472656,888187
2021-08-11,16.856462478637695,24.25,24.59000015258789,24.229999542236328,24.520000457763672,955363
2021-08-12,16.84256362915039,24.229999542236328,24.299999237060547,24.139999389648438,24.239999771118164,743842
2021-08-13,16.946828842163086,24.3799991607666,24.43000030517578,24.1200008392334,24.200000762939453,629908
2021-08-16,16.86341667175293,24.260000228881836,24.360000610351562,23.90999984741211,24.299999237060547,1317744
2021-08-17,17.02328872680664,24.489999771118164,24.790000915527344,23.639999389648438,23.989999771118164,1478307
2021-08-18,17.676692962646484,25.43000030517578,25.520000457763672,24.510000228881836,24.549999237060547,2139304
2021-08-19,17.30133628845215,24.889999389648438,25.280000686645508,24.829999923706055,25.280000686645508,1173732
2021-08-20,17.2387752532959,24.799999237060547,25.270000457763672,24.799999237060547,24.950000762939453,1663290
2021-08-23,17.59328269958496,25.309999465942383,25.309999465942383,24.829999923706055,24.899999618530273,930666
2021-08-24,17.82962417602539,25.649999618530273,25.770000457763672,25.200000762939453,25.299999237060547,1149731
2021-08-25,17.808767318725586,25.6200008392334,25.850000381469727,25.5,25.600000381469727,752330
2021-08-26,17.857423782348633,25.690000534057617,25.719999313354492,25.34000015258789,25.540000915527344,765755
2021-08-27,17.774009704589844,25.56999969482422,25.809999465942383,25.299999237060547,25.700000762939453,665762
2021-08-30,17.899133682250977,25.75,25.799999237060547,25.559999465942383,25.56999969482422,482897
2021-08-31,17.878278732299805,25.719999313354492,26.06999969482422,25.690000534057617,25.700000762939453,1107012
2021-09-01,18.156326293945312,26.1200008392334,26.290000915527344,25.829999923706055,25.829999923706055,915881
2021-09-02,18.350954055786133,26.399999618530273,26.399999618530273,26.049999237060547,26.1200008392334,1128459
2021-09-03,18.29534339904785,26.31999969482422,26.459999084472656,26.139999389648438,26.399999618530273,686521
2021-09-06,18.42741584777832,26.510000228881836,26.510000228881836,26.290000915527344,26.3799991607666,1524377
2021-09-07,18.309246063232422,26.34000015258789,26.559999465942383,26.190000534057617,26.510000228881836,833011
2021-09-08,18.350954055786133,26.399999618530273,26.56999969482422,26.010000228881836,26.34000015258789,1339641
2021-09-09,18.357906341552734,26.40999984741211,26.670000076293945,26.270000457763672,26.360000610351562,1476682
2021-09-10,18.17717742919922,26.149999618530273,26.56999969482422,26.149999618530273,26.510000228881836,982819
2021-09-13,18.45522117614746,26.549999237060547,26.670000076293945,26.100000381469727,26.149999618530273,1022965
2021-09-14,18.802778244018555,27.049999237060547,27.049999237060547,26.350000381469727,26.5,1662132
2021-09-15,18.761070251464844,26.989999771118164,27.059999465942383,26.829999923706055,27.0,1274697
2021-09-16,18.615097045898438,26.780000686645508,27.020000457763672,26.700000762939453,26.950000762939453,1225875
2021-09-17,18.184125900268555,26.15999984741211,26.979999542236328,26.09000015258789,26.84000015258789,2305905
2021-09-20,18.03815460205078,25.950000762939453,25.959999084472656,25.459999084472656,25.899999618530273,1369073
2021-09-21,18.003398895263672,25.899999618530273,26.270000457763672,25.809999465942383,25.899999618530273,1241617
2021-09-22,18.01034927368164,25.90999984741211,26.15999984741211,25.649999618530273,25.979999542236328,961283
2021-09-23,18.274494171142578,26.290000915527344,26.399999618530273,26.1299991607666,26.1299991607666,724473
2021-09-24,17.94778823852539,25.81999969482422,26.299999237060547,25.81999969482422,26.299999237060547,905996
2021-09-27,18.246688842773438,26.25,26.290000915527344,25.950000762939453,26.020000457763672,1015483
2021-09-28,18.246688842773438,26.25,26.579999923706055,26.149999618530273,26.34000015258789,1403305
2021-09-29,18.57339096069336,26.719999313354492,26.969999313354492,26.280000686645508,26.290000915527344,1664067
2021-09-30,18.274494171142578,26.290000915527344,27.09000015258789,26.260000228881836,26.84000015258789,1828975
2021-10-01,18.57339096069336,26.719999313354492,26.760000228881836,25.93000030517578,26.110000610351562,1285675
2021-10-04,18.712411880493164,26.920000076293945,26.989999771118164,26.540000915527344,26.739999771118164,942164
2021-10-05,18.97655487060547,27.299999237060547,27.299999237060547,26.75,27.0,1180607
2021-10-06,18.795825958251953,27.040000915527344,27.350000381469727,26.799999237060547,27.190000534057617,1365000
2021-10-07,18.399612426757812,26.469999313354492,27.360000610351562,26.260000228881836,27.280000686645508,1340169
2021-10-08,18.51082992553711,26.6299991607666,26.84000015258789,26.420000076293945,26.5,1180350
2021-10-11,18.434368133544922,26.520000457763672,26.700000762939453,26.329999923706055,26.6200008392334,999475
2021-10-12,18.628999710083008,26.799999237060547,26.829999923706055,26.209999084472656,26.350000381469727,1083256
2021-10-13,18.587291717529297,26.739999771118164,26.8799991607666,26.600000381469727,26.799999237060547,1002901
2021-10-14,18.809730529785156,27.059999465942383,27.190000534057617,26.809999465942383,26.899999618530273,981308
2021-10-15,18.5942440032959,26.75,27.239999771118164,26.65999984741211,27.100000381469727,1119404
2021-10-18,18.54558563232422,26.68000030517578,26.809999465942383,26.469999313354492,26.760000228881836,764609
2021-10-19,18.357906341552734,26.40999984741211,26.829999923706055,26.3799991607666,26.770000457763672,1224366
2021-10-20,18.9696044921875,27.290000915527344,27.290000915527344,26.3799991607666,26.389999389648438,1299311
2021-10-21,18.85838508605957,27.1299991607666,27.43000030517578,26.780000686645508,27.270000457763672,1263642
2021-10-22,19.178138732910156,27.59000015258789,27.780000686645508,26.959999084472656,27.190000534057617,980639
2021-10-25,18.851436614990234,27.1200008392334,27.600000381469727,27.110000610351562,27.59000015258789,827740
2021-10-26,18.9626522064209,27.280000686645508,27.280000686645508,26.989999771118164,27.190000534057617,895052
2021-10-27,19.032163619995117,27.3799991607666,27.479999542236328,27.15999984741211,27.280000686645508,835184
2021-10-28,18.489978790283203,26.600000381469727,27.389999389648438,26.309999465942383,27.280000686645508,1456355
2021-10-29,17.864377975463867,25.700000762939453,26.600000381469727,25.450000762939453,26.540000915527344,1623775
2021-11-01,17.66974639892578,25.420000076293945,26.0,25.329999923706055,25.739999771118164,1469062
2021-11-02,17.787914276123047,25.59000015258789,25.690000534057617,25.25,25.40999984741211,1199903
2021-11-03,17.961692810058594,25.84000015258789,25.940000534057617,25.479999542236328,25.6200008392334,967659
2021-11-04,18.135469436645508,26.09000015258789,26.280000686645508,25.770000457763672,25.899999618530273,957899
2021-11-05,18.031206130981445,25.940000534057617,26.139999389648438,25.8700008392334,26.010000228881836,795847
2021-11-08,18.17717742919922,26.149999618530273,26.280000686645508,25.93000030517578,25.969999313354492,935929
2021-11-09,18.02425193786621,25.93000030517578,26.229999542236328,25.93000030517578,26.09000015258789,879588
2021-11-10,18.03815460205078,25.950000762939453,26.059999465942383,25.579999923706055,25.93000030517578,1170143
2021-11-11,18.330101013183594,26.3700008392334,26.3700008392334,25.770000457763672,25.950000762939453,1114244
2021-11-12,17.586332321166992,25.299999237060547,26.56999969482422,25.270000457763672,26.5,2623759
2021-11-15,17.676692962646484,25.43000030517578,25.5,24.940000534057617,25.299999237060547,1603803
2021-11-16,17.94778823852539,25.81999969482422,26.079999923706055,25.190000534057617,25.450000762939453,1438370
2021-11-17,18.003398895263672,25.899999618530273,26.010000228881836,25.700000762939453,25.81999969482422,976699
2021-11-18,17.71840476989746,25.489999771118164,25.899999618530273,25.360000610351562,25.8700008392334,962556
2021-11-19,17.343042373657227,24.950000762939453,25.540000915527344,24.950000762939453,25.540000915527344,1474217
2021-11-22,17.502918243408203,25.18000030517578,25.290000915527344,24.93000030517578,24.969999313354492,1379856
2021-11-23,17.384750366210938,25.010000228881836,25.190000534057617,24.65999984741211,25.049999237060547,1020905
2021-11-24,17.787914276123047,25.59000015258789,25.59000015258789,24.989999771118164,25.010000228881836,1299417
2021-11-25,17.996448516845703,25.889999389648438,25.979999542236328,25.540000915527344,25.56999969482422,839839
2021-11-26,17.308286666870117,24.899999618530273,25.530000686645508,24.8700008392334,25.299999237060547,1639041
2021-11-29,17.767059326171875,25.559999465942383,25.6200008392334,24.850000381469727,24.860000610351562,1367782
2021-11-30,17.66279411315918,25.40999984741211,25.649999618530273,25.049999237060547,25.31999969482422,874685
2021-12-01,17.746206283569336,25.530000686645508,25.729999542236328,25.299999237060547,25.520000457763672,1163737
2021-12-02,17.39865493774414,25.030000686645508,25.389999389648438,24.799999237060547,25.290000915527344,1514343
2021-12-03,17.391700744628906,25.020000457763672,25.450000762939453,25.0,25.200000762939453,1309007
2021-12-07,18.337053298950195,26.3799991607666,26.3799991607666,25.219999313354492,25.3700008392334,2552973
2021-12-08,18.691558837890625,26.889999389648438,27.09000015258789,26.280000686645508,26.34000015258789,1718223
2021-12-09,18.872289657592773,27.149999618530273,27.239999771118164,26.700000762939453,26.75,1098741
2021-12-10,18.45522117614746,26.549999237060547,27.110000610351562,26.549999237060547,26.969999313354492,857629
2021-12-13,18.399612426757812,26.469999313354492,26.719999313354492,26.219999313354492,26.549999237060547,1113188
2021-12-14,18.39266014099121,26.459999084472656,26.959999084472656,26.40999984741211,26.459999084472656,1185041
2021-12-15,18.934846878051758,27.239999771118164,27.270000457763672,26.3799991607666,26.459999084472656,1372723
2021-12-16,19.136430740356445,27.530000686645508,27.829999923706055,27.110000610351562,27.399999618530273,2221367
2021-12-17,18.65680503845215,26.84000015258789,27.459999084472656,26.84000015258789,27.399999618530273,3144038
2021-12-20,18.628999710083008,26.799999237060547,27.0,26.1200008392334,26.31999969482422,914221
2021-12-21,19.338016510009766,27.81999969482422,27.899999618530273,27.049999237060547,27.06999969482422,1527667
2021-12-22,19.26850128173828,27.719999313354492,27.959999084472656,27.200000762939453,27.829999923706055,1256731
2021-12-23,19.108625411987305,27.489999771118164,27.899999618530273,27.239999771118164,27.719999313354492,830939
2021-12-27,18.886192321777344,27.170000076293945,27.559999465942383,27.110000610351562,27.489999771118164,863132
2021-12-28,18.87923812866211,27.15999984741211,27.34000015258789,27.110000610351562,27.170000076293945,852582
2021-12-29,18.87923812866211,27.15999984741211,27.389999389648438,27.059999465942383,27.15999984741211,685013
2021-12-30,18.761070251464844,26.989999771118164,27.31999969482422,26.989999771118164,27.15999984741211,684360
2022-01-03,18.54558563232422,26.68000030517578,27.110000610351562,26.6200008392334,27.0,1095759
2022-01-04,18.761070251464844,26.989999771118164,27.18000030517578,26.709999084472656,26.739999771118164,944996
2022-01-05,18.17717742919922,26.149999618530273,26.739999771118164,26.06999969482422,26.739999771118164,2288297
2022-01-07,17.926939010620117,25.790000915527344,26.18000030517578,25.649999618530273,26.110000610351562,1692604
2022-01-10,17.537675857543945,25.229999542236328,26.049999237060547,25.18000030517578,25.989999771118164,1677966
2022-01-11,17.75316047668457,25.540000915527344,25.579999923706055,25.100000381469727,25.3799991607666,1233253
2022-01-12,17.808767318725586,25.6200008392334,25.809999465942383,25.450000762939453,25.780000686645508,1403275
2022-01-13,17.767059326171875,25.559999465942383,25.690000534057617,25.329999923706055,25.6200008392334,1406797
2022-01-14,17.857423782348633,25.690000534057617,25.889999389648438,25.329999923706055,25.450000762939453,1909640
2022-01-17,18.07291030883789,26.0,26.020000457763672,25.5,25.700000762939453,692021
2022-01-18,17.98949432373047,25.8799991607666,26.0,25.510000228881836,26.0,995139
2022-01-19,17.676692962646484,25.43000030517578,25.8700008392334,25.31999969482422,25.670000076293945,1108307
2022-01-20,17.586332321166992,25.299999237060547,25.639999389648438,25.170000076293945,25.43000030517578,1205594
2022-01-21,17.224872589111328,24.780000686645508,24.969999313354492,24.530000686645508,24.969999313354492,1370957
2022-01-24,16.307327270507812,23.459999084472656,24.68000030517578,23.1200008392334,24.5,1576357
2022-01-25,16.571470260620117,23.84000015258789,24.18000030517578,23.5,23.5,1407332
2022-01-26,16.856462478637695,24.25,24.510000228881836,23.950000762939453,24.100000381469727,1118564
2022-01-27,16.856462478637695,24.25,24.469999313354492,23.65999984741211,24.0,1725572
2022-01-28,16.780000686645508,24.139999389648438,24.420000076293945,23.809999465942383,24.299999237060547,1196729
2022-01-31,16.71744155883789,24.049999237060547,24.56999969482422,23.889999389648438,24.43000030517578,1364685
2022-02-01,16.82170867919922,24.200000762939453,24.459999084472656,24.100000381469727,24.190000534057617,1924065
2022-02-02,17.02328872680664,24.489999771118164,24.559999465942383,24.239999771118164,24.420000076293945,840776
2022-02-03,17.217920303344727,24.770000457763672,25.030000686645508,24.40999984741211,24.600000381469727,1741403
2022-02-04,17.14841079711914,24.670000076293945,24.860000610351562,24.15999984741211,24.84000015258789,1792760
2022-02-07,17.051095962524414,24.530000686645508,24.700000762939453,24.149999618530273,24.700000762939453,952567
2022-02-08,17.273529052734375,24.850000381469727,24.920000076293945,24.450000762939453,24.530000686645508,1722030
2022-02-09,17.287433624267578,24.8700008392334,25.31999969482422,24.860000610351562,24.899999618530273,1066944
2022-02-10,17.322187423706055,24.920000076293945,25.139999389648438,24.739999771118164,25.0,968210
2022-02-11,17.141460418701172,24.65999984741211,24.969999313354492,24.399999618530273,24.729999542236328,875292
2022-02-14,16.383787155151367,23.56999969482422,24.020000457763672,23.15999984741211,24.0,1952133
2022-02-15,16.45330047607422,23.670000076293945,24.1299991607666,23.469999313354492,23.520000457763672,1800546
2022-02-16,16.168304443359375,23.260000228881836,23.790000915527344,23.15999984741211,23.700000762939453,1090172
2022-02-17,16.119646072387695,23.190000534057617,23.40999984741211,22.649999618530273,23.139999389648438,2294842
2022-02-18,15.827699661254883,22.770000457763672,23.170000076293945,22.530000686645508,23.100000381469727,1170536
2022-02-21,15.229903221130371,21.90999984741211,22.90999984741211,21.5,22.799999237060547,2049479
2022-02-22,15.014418601989746,21.600000381469727,21.670000076293945,20.329999923706055,20.5,4120858
2022-02-23,14.340156555175781,20.6299991607666,21.549999237060547,20.5,21.5,2307543
2022-02-24,13.01944637298584,18.729999542236328,19.915000915527344,18.485000610351562,19.0,5079376
2022-02-25,13.530352592468262,19.46500015258789,20.100000381469727,18.485000610351562,18.700000762939453,4177719
2022-02-28,13.09591007232666,18.84000015258789,18.84000015258789,17.28499984741211,17.299999237060547,5495429
2022-03-01,11.893364906311035,17.110000610351562,18.78499984741211,17.03499984741211,18.399999618530273,4405817
2022-03-02,11.889888763427734,17.104999542236328,17.364999771118164,16.40999984741211,16.600000381469727,4006486
2022-03-03,11.142645835876465,16.030000686645508,17.940000534057617,15.739999771118164,17.110000610351562,4940088
2022-03-04,10.60393238067627,15.255000114440918,15.930000305175781,14.960000038146973,15.270000457763672,4261321
2022-03-07,10.815940856933594,15.5600004196167,16.280000686645508,14.140000343322754,14.75,4222884
2022-03-08,10.774234771728516,15.5,16.639999389648438,14.949999809265137,15.225000381469727,4133516
2022-03-09,11.424163818359375,16.434999465942383,17.0,15.800000190734863,16.139999389648438,4126776
2022-03-10,11.305994033813477,16.264999389648438,16.78499984741211,16.040000915527344,16.600000381469727,2740274
2022-03-11,11.691781997680664,16.81999969482422,17.114999771118164,16.094999313354492,16.280000686645508,2999068
2022-03-14,12.07061767578125,17.364999771118164,17.4950008392334,17.0,17.0,2360231
2022-03-15,12.237444877624512,17.604999542236328,17.78499984741211,16.959999084472656,17.3700008392334,2582276
2022-03-16,12.668416023254395,18.225000381469727,18.665000915527344,17.68000030517578,18.059999465942383,3651880
2022-03-17,12.772682189941406,18.375,18.920000076293945,17.584999084472656,18.69499969482422,2894143
2022-03-18,12.769206047058105,18.3700008392334,18.420000076293945,17.700000762939453,18.25,5524407
2022-03-21,12.35561466217041,17.774999618530273,18.354999542236328,17.6299991607666,18.354999542236328,2091264
2022-03-22,12.362564086914062,17.78499984741211,18.209999084472656,17.514999389648438,18.155000686645508,1561737
2022-03-23,11.792574882507324,16.96500015258789,17.850000381469727,16.78499984741211,17.7549991607666,1939184
2022-03-24,11.611845016479492,16.704999923706055,17.05500030517578,16.520000457763672,16.854999542236328,1849811
2022-03-25,11.535382270812988,16.594999313354492,16.8700008392334,16.434999465942383,16.71500015258789,1156612
2022-03-28,11.782147407531738,16.950000762939453,17.354999542236328,16.6299991607666,16.6299991607666,2211026
2022-03-29,12.590725898742676,16.895000457763672,17.229999542236328,15.869999885559082,16.100000381469727,2704997
2022-03-30,12.575820922851562,16.875,17.155000686645508,16.354999542236328,16.985000610351562,1851022
2022-03-31,12.318717002868652,16.530000686645508,17.0,16.43000030517578,16.93000030517578,1747302
2022-04-01,12.151037216186523,16.30500030517578,16.915000915527344,16.239999771118164,16.520000457763672,1751804
2022-04-04,12.244192123413086,16.43000030517578,16.545000076293945,16.104999542236328,16.385000228881836,1189817
2022-04-05,11.908835411071777,15.979999542236328,16.71500015258789,15.774999618530273,16.489999771118164,1940849
2022-04-06,11.841766357421875,15.890000343322754,15.944999694824219,15.364999771118164,15.869999885559082,2371705
2022-04-07,12.124955177307129,16.270000457763672,16.614999771118164,15.960000038146973,16.0,2623217
2022-04-08,12.352251052856445,16.575000762939453,16.635000228881836,15.970000267028809,16.299999237060547,2186648
2022-04-11,11.603289604187012,15.569999694824219,16.520000457763672,15.569999694824219,16.520000457763672,1808837
2022-04-12,11.599563598632812,15.5649995803833,15.765000343322754,15.220000267028809,15.40999984741211,1716304
2022-04-13,11.841766357421875,15.890000343322754,15.925000190734863,15.515000343322754,15.5649995803833,1008850
2022-04-14,11.67036247253418,15.65999984741211,15.9399995803833,15.5649995803833,15.899999618530273,1152236
2022-04-19,11.78959846496582,15.819999694824219,15.854999542236328,15.460000038146973,15.65999984741211,1170950
2022-04-20,12.087691307067871,16.219999313354492,16.434999465942383,15.824999809265137,15.9399995803833,1478616
2022-04-21,12.169668197631836,16.329999923706055,16.565000534057617,16.09000015258789,16.229999542236328,1311841
2022-04-22,12.173394203186035,16.334999084472656,16.524999618530273,16.010000228881836,16.200000762939453,1699058
2022-04-25,11.983360290527344,16.079999923706055,16.514999389648438,15.899999618530273,16.104999542236328,1093483
2022-04-26,11.644278526306152,15.625,16.520000457763672,15.46500015258789,16.260000228881836,2782550
2022-04-27,11.387171745300293,15.279999732971191,15.479999542236328,14.635000228881836,15.449999809265137,1889434
2022-04-28,11.897658348083496,15.96500015258789,16.139999389648438,15.319999694824219,15.4399995803833,1969869
2022-04-29,11.849218368530273,15.899999618530273,16.209999084472656,15.725000381469727,16.0,1448844
2022-05-02,11.785872459411621,15.8149995803833,15.925000190734863,14.149999618530273,15.829999923706055,1388758
2022-05-03,11.722527503967285,15.729999542236328,15.944999694824219,15.444999694824219,15.8149995803833,1684065
2022-05-04,11.532493591308594,15.475000381469727,15.789999961853027,15.425000190734863,15.789999961853027,1088665
2022-05-05,11.618195533752441,15.59000015258789,16.0,15.484999656677246,15.699999809265137,1903854
2022-05-06,11.454243659973145,15.369999885559082,15.619999885559082,15.114999771118164,15.59000015258789,1681307
2022-05-09,11.17105484008789,14.989999771118164,15.479999542236328,14.899999618530273,15.350000381469727,1697595
2022-05-10,11.230673789978027,15.069999694824219,15.5,15.0,15.204999923706055,1047471
2022-05-11,12.035526275634766,16.149999618530273,16.21500015258789,15.364999771118164,15.5,2243150
2022-05-12,11.405803680419922,15.305000305175781,16.80500030517578,14.859999656677246,15.824999809265137,3992238
2022-05-13,12.668973922729492,17.0,17.135000228881836,15.84000015258789,16.049999237060547,3808957
2022-05-16,12.691332817077637,17.030000686645508,17.149999618530273,16.514999389648438,16.850000381469727,1431360
2022-05-17,12.825474739074707,17.209999084472656,17.59000015258789,17.010000228881836,17.165000915527344,1601814
2022-05-18,12.508749961853027,16.78499984741211,17.53499984741211,16.78499984741211,17.209999084472656,1815996
2022-05-19,12.821748733520508,17.204999923706055,17.2549991607666,16.479999542236328,16.780000686645508,1639538
2022-05-20,13.209270477294922,17.725000381469727,18.15999984741211,17.18000030517578,17.360000610351562,2552848
2022-05-23,13.112387657165527,17.594999313354492,18.0,17.334999084472656,17.899999618530273,1424711
2022-05-24,12.721141815185547,17.06999969482422,17.354999542236328,16.764999389648438,17.1200008392334,1843866
2022-05-25,13.160829544067383,17.65999984741211,17.65999984741211,17.0,17.309999465942383,1358225
2022-05-27,13.07885456085205,17.549999237060547,17.81999969482422,17.125,17.75,1632195
2022-05-30,13.07885456085205,17.549999237060547,17.725000381469727,17.209999084472656,17.55500030517578,1154942
2022-05-31,12.818022727966309,17.200000762939453,17.56999969482422,17.200000762939453,17.540000915527344,3530730
2022-06-01,12.370882034301758,16.600000381469727,17.354999542236328,16.600000381469727,17.280000686645508,1498035
2022-06-02,12.546011924743652,16.834999084472656,16.889999389648438,16.46500015258789,16.639999389648438,1006390
2022-06-03,12.724868774414062,17.075000762939453,17.290000915527344,16.94499969482422,17.110000610351562,1100503
2022-06-06,12.914902687072754,17.329999923706055,17.364999771118164,16.920000076293945,17.149999618530273,925977
2022-06-07,12.747223854064941,17.104999542236328,17.40999984741211,16.834999084472656,17.235000610351562,1059069
2022-06-08,12.620534896850586,16.934999465942383,17.184999465942383,16.829999923706055,17.139999389648438,865145
2022-06-09,12.702510833740234,17.045000076293945,17.084999084472656,16.770000457763672,16.850000381469727,916792
2022-06-10,12.229286193847656,16.40999984741211,16.950000762939453,16.204999923706055,16.934999465942383,1569223
2022-06-13,11.592111587524414,15.555000305175781,16.165000915527344,15.545000076293945,16.165000915527344,1970007
2022-06-14,12.352251052856445,16.575000762939453,17.030000686645508,16.235000610351562,16.28499984741211,3085101
2022-06-15,12.359702110290527,16.584999084472656,17.145000457763672,16.540000915527344,16.674999237060547,2632634
2022-06-16,11.569755554199219,15.524999618530273,16.575000762939453,15.204999923706055,16.56999969482422,3192324
2022-06-17,11.681539535522461,15.675000190734863,16.270000457763672,15.604999542236328,15.640000343322754,4019689
2022-06-20,12.151037216186523,16.30500030517578,16.30500030517578,15.515000343322754,15.75,1057312
2022-06-21,11.875301361083984,15.9350004196167,16.649999618530273,15.9350004196167,16.635000228881836,1537097
2022-06-22,12.348526000976562,16.56999969482422,16.774999618530273,15.694999694824219,15.774999618530273,2150887
2022-06-23,11.890205383300781,15.954999923706055,16.549999237060547,15.914999961853027,16.485000610351562,1438405
2022-06-27,11.323827743530273,15.194999694824219,16.209999084472656,15.029999732971191,16.059999465942383,2089492
2022-06-28,11.63682746887207,15.614999771118164,15.675000190734863,15.114999771118164,15.34000015258789,1628186
2022-06-29,11.364816665649414,15.25,15.595000267028809,15.204999923706055,15.364999771118164,1364006
2022-06-30,10.668023109436035,14.3149995803833,14.710000038146973,13.729999542236328,14.199999809265137,3204345
2022-07-01,11.245576858520508,15.09000015258789,15.229999542236328,14.15999984741211,14.3149995803833,1748769
2022-07-04,10.150084495544434,13.619999885559082,15.645000457763672,13.609999656677246,15.175000190734863,2522252
2022-07-05,9.762563705444336,13.100000381469727,14.130000114440918,12.649999618530273,13.699999809265137,5507392
2022-07-06,9.565074920654297,12.835000038146973,13.194999694824219,12.614999771118164,13.119999885559082,2325178
2022-07-07,9.725300788879395,13.050000190734863,13.079999923706055,12.414999961853027,12.829999923706055,2610748
2022-07-08,9.702945709228516,13.020000457763672,13.515000343322754,12.630000114440918,13.069999694824219,2556021
2022-07-11,9.244626998901367,12.404999732971191,12.770000457763672,12.104999542236328,12.6899995803833,3088034
2022-07-12,9.240899085998535,12.399999618530273,12.494999885559082,11.845000267028809,12.199999809265137,3509442
2022-07-13,8.857105255126953,11.885000228881836,12.300000190734863,11.885000228881836,12.274999618530273,2009272
2022-07-14,8.506843566894531,11.414999961853027,11.875,11.3100004196167,11.835000038146973,1965056
2022-07-15,8.700605392456055,11.675000190734863,12.050000190734863,11.414999961853027,11.414999961853027,2305003
2022-07-18,8.726689338684082,11.710000038146973,11.845000267028809,11.425000190734863,11.675000190734863,2118525
2022-07-19,9.136566162109375,12.260000228881836,12.545000076293945,11.449999809265137,11.645000457763672,3098458
2022-07-20,9.38621997833252,12.595000267028809,12.8100004196167,12.305000305175781,12.444999694824219,3043394
2022-07-21,9.240899085998535,12.399999618530273,12.920000076293945,12.109999656677246,12.604999542236328,1885461
2022-07-22,8.462129592895508,11.354999542236328,14.050000190734863,11.050000190734863,12.399999618530273,6241034
2022-07-25,7.586480617523193,10.180000305175781,11.140000343322754,10.180000305175781,11.140000343322754,5913763
2022-07-26,7.649825096130371,10.265000343322754,10.470000267028809,9.741999626159668,10.119999885559082,5456512
2022-07-27,7.769063472747803,10.425000190734863,10.494999885559082,10.069999694824219,10.21500015258789,2650498
2022-07-28,8.082061767578125,10.845000267028809,10.845000267028809,10.390000343322754,10.430000305175781,2393312
2022-07-29,8.13422679901123,10.914999961853027,10.925000190734863,10.6850004196167,10.800000190734863,2347943
2022-08-01,8.022443771362305,10.765000343322754,11.09000015258789,10.725000381469727,10.9399995803833,1444817
2022-08-02,7.813776016235352,10.484999656677246,10.729999542236328,10.395000457763672,10.699999809265137,1787467
2022-08-03,8.082061767578125,10.845000267028809,10.890000343322754,10.470000267028809,10.484999656677246,1337330
2022-08-04,8.048524856567383,10.800000190734863,11.130000114440918,10.71500015258789,10.805000305175781,1761131
2022-08-05,8.253463745117188,11.074999809265137,11.225000381469727,10.819999694824219,10.84000015258789,1526040
2022-08-08,8.39133358001709,11.260000228881836,11.335000038146973,11.03499984741211,11.109999656677246,1156523
2022-08-09,8.249738693237305,11.069999694824219,11.180000305175781,10.845000267028809,11.180000305175781,2611042
2022-08-10,8.17894172668457,10.975000381469727,11.109999656677246,10.869999885559082,11.0649995803833,1053323
2022-08-11,8.193846702575684,10.994999885559082,11.164999961853027,10.904999732971191,11.0,1408552
2022-08-12,8.60372543334961,11.545000076293945,11.545000076293945,11.050000190734863,11.055000305175781,1560038
2022-08-15,8.782581329345703,11.78499984741211,11.960000038146973,11.550000190734863,11.550000190734863,1537488
2022-08-16,9.002425193786621,12.079999923706055,12.239999771118164,11.850000381469727,11.850000381469727,2013979
2022-08-17,8.499391555786133,11.404999732971191,11.925000190734863,11.350000381469727,11.800000190734863,2316083
2022-08-18,8.365250587463379,11.225000381469727,11.34000015258789,10.890000343322754,11.25,1706813
2022-08-19,8.156583786010742,10.944999694824219,11.1850004196167,10.9399995803833,11.145000457763672,1694341
2022-08-22,7.798871994018555,10.46500015258789,10.854999542236328,10.279999732971191,10.854999542236328,1774011
2022-08-23,7.970274925231934,10.694999694824219,10.8100004196167,10.125,10.399999618530273,2016047
2022-08-24,7.821228504180908,10.494999885559082,10.734999656677246,10.125,10.5,2315716
2022-08-25,7.687087059020996,10.3149995803833,10.65999984741211,10.130000114440918,10.28499984741211,2895967
2022-08-26,7.478421688079834,10.03499984741211,10.739999771118164,9.989999771118164,10.3149995803833,6896398
2022-08-29,7.91810941696167,10.625,10.630000114440918,9.670000076293945,9.96399974822998,2806340
2022-08-30,7.817503452301025,10.489999771118164,10.890000343322754,10.279999732971191,10.46500015258789,2590977
2022-08-31,7.634920120239258,10.244999885559082,10.505000114440918,9.906000137329102,10.479999542236328,3375196
2022-09-01,7.169150352478027,9.619999885559082,10.199999809265137,9.619999885559082,10.175000190734863,2480106
2022-09-02,7.526861667633057,10.100000381469727,10.109999656677246,9.722000122070312,9.722000122070312,2142391
2022-09-05,6.856151580810547,9.199999809265137,9.802000045776367,9.031999588012695,9.767999649047852,9414772
2022-09-06,6.856151580810547,9.199999809265137,9.972000122070312,9.152000427246094,9.199999809265137,6106395
2022-09-07,7.319686412811279,9.821999549865723,9.9399995803833,8.855999946594238,9.0,5403071
2022-09-08,7.055874347686768,9.468000411987305,9.67199993133545,9.354000091552734,9.64799976348877,2202579
2022-09-09,7.33757209777832,9.845999717712402,9.845999717712402,9.380000114440918,9.399999618530273,1839939
2022-09-12,7.597659587860107,10.194999694824219,10.274999618530273,9.890000343322754,9.890000343322754,1854719
2022-09-13,7.289877414703369,9.781999588012695,10.710000038146973,9.781999588012695,10.28499984741211,2963266
2022-09-14,7.425509929656982,9.96399974822998,10.479999542236328,9.60200023651123,9.704000473022461,4845523
2022-09-15,7.627467632293701,10.234999656677246,10.414999961853027,9.819999694824219,9.819999694824219,2519472
2022-09-16,8.219928741455078,11.029999732971191,11.25,10.100000381469727,10.100000381469727,6786413
2022-09-19,8.234832763671875,11.050000190734863,11.085000038146973,10.625,10.899999618530273,2150649
2022-09-20,9.017330169677734,12.100000381469727,12.100000381469727,10.645000457763672,11.0,2424588
2022-09-21,9.874349594116211,13.25,14.475000381469727,13.0,14.399999618530273,12950628
2022-09-22,10.656844139099121,14.300000190734863,14.40999984741211,13.369999885559082,13.454999923706055,8082505
2022-09-23,10.321489334106445,13.850000381469727,14.399999618530273,13.800000190734863,14.399999618530273,3420684
2022-09-26,10.31403636932373,13.84000015258789,14.074999809265137,13.520000457763672,13.604999542236328,2970266
2022-09-27,10.004765510559082,13.425000190734863,14.125,13.15999984741211,13.795000076293945,2350987
2022-09-28,10.00103759765625,13.420000076293945,13.8149995803833,13.119999885559082,13.5,3301597
2022-09-29,9.792372703552246,13.140000343322754,13.324999809265137,12.9399995803833,13.300000190734863,1994213
2022-09-30,10.261869430541992,13.770000457763672,13.779999732971191,13.1899995803833,13.1899995803833,2935839
2022-10-03,10.440726280212402,14.010000228881836,14.295000076293945,13.545000076293945,13.645000457763672,2928617
2022-10-04,10.418368339538574,13.979999542236328,14.270000457763672,13.765000343322754,14.149999618530273,1975631
2022-10-05,10.135180473327637,13.600000381469727,14.140000343322754,13.595000267028809,14.085000038146973,1520518
2022-10-06,10.075562477111816,13.520000457763672,13.880000114440918,13.425000190734863,13.699999809265137,1029380
2022-10-07,9.80727767944336,13.15999984741211,13.489999771118164,13.135000228881836,13.489999771118164,1120216
2022-10-10,9.796100616455078,13.145000457763672,13.279999732971191,12.880000114440918,13.010000228881836,2088885
2022-10-11,9.527814865112305,12.78499984741211,13.274999618530273,12.755000114440918,13.03499984741211,2748438
2022-10-12,9.48682689666748,12.729999542236328,12.994999885559082,12.640000343322754,12.835000038146973,2620190
2022-10-13,10.008489608764648,13.430000305175781,13.430000305175781,12.9399995803833,12.9399995803833,3280695
2022-10-14,10.224608421325684,13.720000267028809,14.050000190734863,13.539999961853027,13.65999984741211,2301407
2022-10-17,10.306583404541016,13.829999923706055,14.010000228881836,13.604999542236328,13.904999732971191,1562095
2022-10-18,10.343846321105957,13.880000114440918,14.020000457763672,13.765000343322754,13.96500015258789,1167548
2022-10-19,10.362475395202637,13.904999732971191,14.010000228881836,13.694999694824219,14.010000228881836,916743
2022-10-20,10.429547309875488,13.994999885559082,14.039999961853027,13.720000267028809,13.914999961853027,1113001
2022-10-21,10.429547309875488,13.994999885559082,14.1850004196167,13.800000190734863,13.899999618530273,1159422
2022-10-24,10.422094345092773,13.984999656677246,14.164999961853027,13.765000343322754,14.015000343322754,1212193
2022-10-25,10.418368339538574,13.979999542236328,14.109999656677246,13.779999732971191,14.0,975714
2022-10-26,10.343846321105957,13.880000114440918,14.010000228881836,13.710000038146973,14.0,1103154
2022-10-27,10.422094345092773,13.984999656677246,14.039999961853027,13.574999809265137,13.819999694824219,985910
2022-10-28,10.299131393432617,13.819999694824219,13.975000381469727,13.765000343322754,13.869999885559082,759324
2022-10-31,10.61585521697998,14.244999885559082,14.244999885559082,13.765000343322754,13.819999694824219,1096317
2022-11-01,10.656844139099121,14.300000190734863,14.800000190734863,14.25,14.25,1434993
2022-11-02,10.753725051879883,14.430000305175781,14.5649995803833,14.260000228881836,14.3100004196167,1253991
2022-11-03,10.518975257873535,14.114999771118164,14.555000305175781,14.114999771118164,14.229999542236328,1160493
2022-11-04,10.72018814086914,14.385000228881836,14.59000015258789,14.170000076293945,14.170000076293945,1229471
2022-11-07,10.962390899658203,14.710000038146973,14.925000190734863,14.399999618530273,14.399999618530273,1036805
2022-11-08,10.969841957092285,14.720000267028809,14.885000228881836,14.585000038146973,14.729999542236328,1024017
2022-11-09,10.995925903320312,14.755000114440918,14.819999694824219,14.475000381469727,14.720000267028809,914209
2022-11-10,10.716463088989258,14.380000114440918,14.920000076293945,14.055000305175781,14.699999809265137,3237664
2022-11-11,10.93257999420166,14.670000076293945,14.895000457763672,14.395000457763672,14.670000076293945,2814171
2022-11-14,11.21949577331543,15.055000305175781,15.300000190734863,14.460000038146973,14.725000381469727,1918239
2022-11-15,11.327552795410156,15.199999809265137,15.350000381469727,14.975000381469727,15.194999694824219,1796480
2022-11-16,11.331279754638672,15.204999923706055,15.4350004196167,15.0600004196167,15.194999694824219,958702
2022-11-17,11.077900886535645,14.864999771118164,15.319999694824219,14.729999542236328,15.204999923706055,1440035
2022-11-18,11.223222732543945,15.0600004196167,15.154999732971191,14.75,14.75,835376
2022-11-21,11.05181884765625,14.829999923706055,15.109999656677246,14.795000076293945,15.029999732971191,795456
2022-11-22,11.00710391998291,14.770000457763672,15.020000457763672,14.765000343322754,14.829999923706055,961086
2022-11-23,10.928854942321777,14.664999961853027,14.96500015258789,14.489999771118164,14.949999809265137,1054445
2022-11-24,10.854331016540527,14.5649995803833,14.8149995803833,14.505000114440918,14.789999961853027,2099596
2022-11-25,11.055543899536133,14.835000038146973,14.989999771118164,14.6850004196167,14.770000457763672,1240255
2022-11-28,11.167328834533691,14.984999656677246,15.140000343322754,14.8100004196167,15.140000343322754,1309366
2022-11-29,11.193413734436035,15.020000457763672,15.024999618530273,14.78499984741211,14.84000015258789,1744830
2022-11-30,11.33873176574707,15.21500015258789,15.279999732971191,14.760000228881836,14.979999542236328,3522783
2022-12-01,11.931194305419922,16.010000228881836,16.075000762939453,15.300000190734863,15.300000190734863,1941037
2022-12-02,11.901385307312012,15.970000267028809,16.3799991607666,15.859999656677246,16.06999969482422,2216585
2022-12-05,11.823134422302246,15.864999771118164,15.944999694824219,15.664999961853027,15.944999694824219,1077784
2022-12-07,11.573482513427734,15.529999732971191,15.850000381469727,15.28499984741211,15.835000038146973,2660299
2022-12-08,11.383447647094727,15.274999618530273,15.585000038146973,15.234999656677246,15.585000038146973,1080086
2022-12-09,11.558577537536621,15.510000228881836,15.569999694824219,15.145000457763672,15.4399995803833,1375314
2022-12-12,11.454243659973145,15.369999885559082,15.529999732971191,15.350000381469727,15.5,941074
2022-12-13,11.469148635864258,15.390000343322754,15.614999771118164,15.145000457763672,15.399999618530273,1642705
2022-12-14,11.331279754638672,15.204999923706055,15.449999809265137,15.199999809265137,15.390000343322754,1746991
2022-12-15,11.081626892089844,14.869999885559082,15.15999984741211,14.770000457763672,15.100000381469727,1925227
2022-12-16,10.679201126098633,14.329999923706055,14.90999984741211,14.229999542236328,14.869999885559082,4190449
2022-12-19,11.294017791748047,15.154999732971191,15.640000343322754,14.380000114440918,14.380000114440918,3083040
2022-12-20,11.86412239074707,15.920000076293945,15.920000076293945,14.819999694824219,15.100000381469727,2858900
2022-12-21,12.057884216308594,16.18000030517578,16.34000015258789,15.850000381469727,15.975000381469727,1911696
2022-12-22,12.095145225524902,16.229999542236328,16.31999969482422,16.125,16.25,1278319
2022-12-23,11.83431339263916,15.880000114440918,16.28499984741211,15.65999984741211,16.28499984741211,745291
2022-12-27,11.763516426086426,15.78499984741211,16.104999542236328,15.555000305175781,15.979999542236328,678994
2022-12-28,11.774694442749023,15.800000190734863,15.9399995803833,15.675000190734863,15.824999809265137,887340
2022-12-29,11.804503440856934,15.84000015258789,15.84000015258789,15.630000114440918,15.739999771118164,868518
2022-12-30,11.580934524536133,15.539999961853027,15.779999732971191,15.524999618530273,15.779999732971191,820675
2023-01-02,11.882753372192383,15.944999694824219,16.084999084472656,15.699999809265137,15.71500015258789,880468
2023-01-03,11.715075492858887,15.720000267028809,16.18000030517578,15.720000267028809,15.949999809265137,1357047
2023-01-04,11.208316802978516,15.039999961853027,15.765000343322754,14.755000114440918,15.739999771118164,3119047
2023-01-05,11.21576976776123,15.050000190734863,15.305000305175781,14.979999542236328,15.039999961853027,2069767
2023-01-09,11.349910736083984,15.229999542236328,15.484999656677246,15.140000343322754,15.140000343322754,1529695
2023-01-10,10.988471984863281,14.744999885559082,15.154999732971191,14.654999732971191,15.140000343322754,1817969
2023-01-11,10.854331016540527,14.5649995803833,14.824999809265137,14.28499984741211,14.765000343322754,2106155
2023-01-12,10.954937934875488,14.699999809265137,14.819999694824219,14.46500015258789,14.729999542236328,1766146
2023-01-13,10.940032958984375,14.680000305175781,14.819999694824219,14.569999694824219,14.699999809265137,784722
2023-01-16,10.705283164978027,14.364999771118164,14.824999809265137,14.229999542236328,14.699999809265137,1557226
2023-01-17,10.358750343322754,13.899999618530273,14.234999656677246,13.8149995803833,14.210000038146973,2498222
2023-01-18,10.340119361877441,13.875,14.055000305175781,13.819999694824219,13.9350004196167,1352176
2023-01-19,10.552510261535645,14.15999984741211,14.1899995803833,13.779999732971191,13.800000190734863,1671436
2023-01-20,10.638213157653809,14.274999618530273,14.300000190734863,13.96500015258789,14.15999984741211,1262329
2023-01-23,10.682927131652832,14.335000038146973,14.550000190734863,14.234999656677246,14.385000228881836,1086394
2023-01-24,10.738819122314453,14.40999984741211,14.454999923706055,14.210000038146973,14.345000267028809,1095998
2023-01-25,10.55996322631836,14.170000076293945,14.484999656677246,14.024999618530273,14.444999694824219,1153435
2023-01-26,10.321489334106445,13.850000381469727,14.28499984741211,13.850000381469727,14.28499984741211,923514
2023-01-27,10.235787391662598,13.734999656677246,14.015000343322754,13.704999923706055,13.9399995803833,1303871
2023-01-30,10.392285346984863,13.944999694824219,14.010000228881836,13.704999923706055,13.739999771118164,1424672
2023-01-31,10.295405387878418,13.8149995803833,14.125,13.779999732971191,13.975000381469727,1897338
2023-02-01,10.384834289550781,13.9350004196167,14.020000457763672,13.829999923706055,13.829999923706055,883018
2023-02-02,10.541333198547363,14.145000457763672,14.260000228881836,13.970000267028809,14.0,1575966
2023-02-03,10.466808319091797,14.045000076293945,14.079999923706055,13.694999694824219,14.079999923706055,1401142
2023-02-06,10.433274269104004,14.0,14.024999618530273,13.899999618530273,14.0,1184617
2023-02-07,10.470535278320312,14.050000190734863,14.255000114440918,13.96500015258789,14.03499984741211,1409888
2023-02-08,10.477988243103027,14.0600004196167,14.140000343322754,13.734999656677246,14.100000381469727,2392157
2023-02-09,10.574869155883789,14.1899995803833,14.274999618530273,14.0,14.029999732971191,1348895
2023-02-10,10.485438346862793,14.069999694824219,14.279999732971191,13.994999885559082,14.104999542236328,1365815
2023-02-13,10.586047172546387,14.204999923706055,14.239999771118164,14.010000228881836,14.100000381469727,625374
2023-02-14,10.768628120422363,14.449999809265137,14.59000015258789,14.265000343322754,14.28499984741211,1617211
2023-02-15,10.783534049987793,14.470000267028809,14.489999771118164,14.270000457763672,14.449999809265137,1012571
2023-02-16,10.753725051879883,14.430000305175781,14.699999809265137,14.074999809265137,14.569999694824219,1147673
2023-02-17,10.753725051879883,14.430000305175781,14.475000381469727,14.265000343322754,14.399999618530273,816234
2023-02-20,10.69410514831543,14.350000381469727,14.6899995803833,14.3100004196167,14.529999732971191,665167
2023-02-21,10.72018814086914,14.385000228881836,14.524999618530273,14.265000343322754,14.34000015258789,914555
2023-02-22,10.504071235656738,14.095000267028809,14.4350004196167,14.095000267028809,14.385000228881836,923647
2023-02-23,10.52642822265625,14.125,14.345000267028809,13.875,14.095000267028809,1406507
2023-02-24,10.55996322631836,14.170000076293945,14.454999923706055,14.104999542236328,14.194999694824219,1156273
2023-02-27,10.81334400177002,14.510000228881836,14.625,14.199999809265137,14.199999809265137,1654778
2023-02-28,10.776081085205078,14.460000038146973,14.5,14.34000015258789,14.350000381469727,2152239
2023-03-01,10.641938209533691,14.279999732971191,14.880000114440918,14.204999923706055,14.5,2453311
2023-03-02,10.90277099609375,14.630000114440918,14.989999771118164,14.149999618530273,14.609999656677246,4513151
2023-03-03,11.05181884765625,14.829999923706055,15.199999809265137,14.664999961853027,14.890000343322754,2517089
2023-03-06,11.018281936645508,14.78499984741211,14.925000190734863,14.5600004196167,14.854999542236328,2454544
2023-03-07,10.843152046203613,14.550000190734863,14.920000076293945,14.28499984741211,14.760000228881836,2116042
2023-03-08,10.746272087097168,14.420000076293945,14.420000076293945,13.954999923706055,14.380000114440918,3333292
2023-03-09,10.746272087097168,14.420000076293945,14.454999923706055,14.140000343322754,14.420000076293945,1485014
2023-03-10,10.820796012878418,14.520000457763672,14.645000457763672,14.204999923706055,14.295000076293945,2621737
2023-03-13,10.794711112976074,14.484999656677246,14.595000267028809,13.970000267028809,14.5,2829798
2023-03-14,10.835700035095215,14.539999961853027,14.755000114440918,14.385000228881836,14.539999961853027,2244773
2023-03-15,10.202250480651855,13.6899995803833,14.65999984741211,13.649999618530273,14.550000190734863,3658513
2023-03-16,10.258143424987793,13.765000343322754,13.90999984741211,13.274999618530273,13.71500015258789,2687107
2023-03-17,9.993585586547852,13.40999984741211,14.005000114440918,13.385000228881836,13.800000190734863,18147527
2023-03-20,9.904156684875488,13.289999961853027,13.515000343322754,13.104999542236328,13.449999809265137,2231668
2023-03-21,10.023394584655762,13.449999809265137,13.654999732971191,13.40999984741211,13.460000038146973,1549923
2023-03-22,10.194799423217773,13.680000305175781,13.845000267028809,13.545000076293945,13.569999694824219,1357122
2023-03-23,10.094191551208496,13.545000076293945,13.680000305175781,13.404999732971191,13.640000343322754,1406740
2023-03-24,9.814730644226074,13.170000076293945,13.510000228881836,13.114999771118164,13.510000228881836,2083364
2023-03-27,10.004765510559082,13.425000190734863,13.5600004196167,13.265000343322754,13.319999694824219,1216721
2023-03-28,10.086739540100098,13.53499984741211,13.574999809265137,13.380000114440918,13.510000228881836,1102702
2023-03-29,10.15381145477295,13.625,13.640000343322754,13.460000038146973,13.59000015258789,1096864
2023-03-30,10.403464317321777,13.960000038146973,14.09000015258789,13.680000305175781,13.699999809265137,1114564
2023-03-31,10.518975257873535,14.114999771118164,14.135000228881836,13.835000038146973,14.0,1226373
2023-04-03,10.668023109436035,14.3149995803833,14.550000190734863,14.210000038146973,14.239999771118164,1641610
2023-04-04,10.805890083312988,14.5,14.795000076293945,14.279999732971191,14.324999809265137,1705667
2023-04-05,10.772356033325195,14.454999923706055,14.640000343322754,14.369999885559082,14.529999732971191,1378091
2023-04-06,10.887866020202637,14.609999656677246,14.8149995803833,14.5,14.5,1535329
2023-04-11,11.092805862426758,14.885000228881836,15.055000305175781,14.65999984741211,14.710000038146973,2129770
2023-04-12,10.977293968200684,14.729999542236328,14.920000076293945,14.654999732971191,14.899999618530273,1422224
2023-04-13,10.947484970092773,14.6899995803833,14.84000015258789,14.454999923706055,14.75,2031361
2023-04-14,10.77054214477539,14.0,14.319999694824219,13.954999923706055,14.28499984741211,1774941
2023-04-17,10.67052936553955,13.869999885559082,14.0,13.654999732971191,13.739999771118164,1770434
2023-04-18,10.570516586303711,13.739999771118164,13.899999618530273,13.645000457763672,13.875,1600668
2023-04-19,10.693608283996582,13.899999618530273,13.925000190734863,13.640000343322754,13.720000267028809,1118496
2023-04-20,10.735920906066895,13.954999923706055,14.135000228881836,13.8149995803833,13.890000343322754,1404806
2023-04-21,10.555130004882812,13.720000267028809,13.930000305175781,13.694999694824219,13.899999618530273,1299887
2023-04-24,10.43973159790039,13.569999694824219,13.75,13.569999694824219,13.720000267028809,1446875
2023-04-25,10.332025527954102,13.430000305175781,13.5649995803833,13.354999542236328,13.5649995803833,1417343
2023-04-26,10.332025527954102,13.430000305175781,13.6899995803833,13.024999618530273,13.100000381469727,2539883
2023-04-27,10.328180313110352,13.425000190734863,13.494999885559082,13.25,13.380000114440918,1236364
2023-04-28,10.408958435058594,13.529999732971191,13.529999732971191,13.300000190734863,13.484999656677246,1694853
2023-05-02,10.178160667419434,13.229999542236328,13.630000114440918,13.199999809265137,13.529999732971191,1452632
2023-05-03,10.147388458251953,13.1899995803833,13.295000076293945,13.079999923706055,13.255000114440918,1139565
2023-05-04,10.182007789611816,13.234999656677246,13.239999771118164,13.074999809265137,13.1899995803833,945655
2023-05-05,10.43973159790039,13.569999694824219,13.585000038146973,13.3100004196167,13.3100004196167,1087280
2023-05-08,10.462811470031738,13.600000381469727,13.614999771118164,13.475000381469727,13.569999694824219,778303
2023-05-09,10.543588638305664,13.704999923706055,13.729999542236328,13.390000343322754,13.604999542236328,1184785
2023-05-10,10.582056045532227,13.755000114440918,13.800000190734863,13.595000267028809,13.704999923706055,1003722
2023-05-11,10.474350929260254,13.614999771118164,14.295000076293945,13.375,13.960000038146973,2922501
2023-05-12,10.597441673278809,13.774999618530273,13.984999656677246,13.6899995803833,13.854999542236328,2075998
2023-05-15,10.74361515045166,13.96500015258789,14.135000228881836,13.729999542236328,13.770000457763672,1312081
2023-05-16,10.451271057128906,13.585000038146973,13.984999656677246,13.489999771118164,13.960000038146973,1446507
2023-05-17,10.301253318786621,13.390000343322754,13.545000076293945,13.335000038146973,13.524999618530273,1359602
2023-05-19,10.112768173217773,13.145000457763672,13.420000076293945,13.0600004196167,13.390000343322754,1936908
2023-05-22,10.04737663269043,13.0600004196167,13.1899995803833,13.015000343322754,13.175000190734863,1235683
2023-05-23,10.285866737365723,13.369999885559082,13.399999618530273,13.029999732971191,13.0600004196167,1198192
2023-05-24,10.020448684692383,13.024999618530273,13.359999656677246,12.984999656677246,13.300000190734863,1342006
2023-05-25,9.831964492797852,12.779999732971191,13.345000267028809,12.779999732971191,13.1899995803833,2019544
2023-05-26,9.64348030090332,12.53499984741211,12.824999809265137,12.510000228881836,12.8100004196167,1938242
2023-05-29,9.762725830078125,12.6899995803833,12.845000267028809,12.645000457763672,12.670000076293945,1006707
2023-05-30,9.77426528930664,12.704999923706055,12.845000267028809,12.664999961853027,12.729999542236328,1057864
2023-05-31,9.562702178955078,12.430000305175781,12.805000305175781,12.40999984741211,12.704999923706055,4978418
2023-06-01,9.239585876464844,12.010000228881836,12.5,11.829999923706055,12.194999694824219,2542993
2023-06-02,9.389602661132812,12.204999923706055,12.210000038146973,12.020000457763672,12.100000381469727,2022894
2023-06-05,9.458843231201172,12.295000076293945,12.335000038146973,12.164999961853027,12.239999771118164,1084281
2023-06-06,9.38575553894043,12.199999809265137,12.3149995803833,12.039999961853027,12.300000190734863,1666444
2023-06-07,9.335750579833984,12.135000228881836,12.25,12.104999542236328,12.199999809265137,957576
2023-06-08,9.404989242553711,12.225000381469727,12.505000114440918,12.149999618530273,12.149999618530273,1555532
2023-06-09,9.543469429016113,12.404999732971191,12.4350004196167,12.25,12.25,1364169
2023-06-12,9.689640045166016,12.595000267028809,12.6850004196167,12.414999961853027,12.5,1267545
2023-06-13,9.83581256866455,12.78499984741211,12.864999771118164,12.569999694824219,12.694999694824219,1560070
2023-06-14,10.147388458251953,13.1899995803833,13.239999771118164,12.760000228881836,12.78499984741211,2092145
2023-06-15,10.058915138244629,13.074999809265137,13.255000114440918,13.0,13.199999809265137,1053322
2023-06-16,9.955056190490723,12.9399995803833,13.255000114440918,12.9399995803833,13.100000381469727,2865166
2023-06-19,9.712719917297363,12.625,13.024999618530273,12.609999656677246,12.949999809265137,1339238
2023-06-20,9.83581256866455,12.78499984741211,12.789999961853027,12.449999809265137,12.5,1896539
2023-06-21,9.678099632263184,12.579999923706055,12.779999732971191,12.4399995803833,12.779999732971191,1070188
2023-06-22,9.535776138305664,12.395000457763672,12.505000114440918,12.359999656677246,12.5,1178442
2023-06-26,9.38575553894043,12.199999809265137,12.395000457763672,12.145000457763672,12.395000457763672,2078084
2023-06-27,9.578086853027344,12.449999809265137,12.475000381469727,12.21500015258789,12.300000190734863,1000960
2023-06-28,9.508848190307617,12.359999656677246,12.510000228881836,12.3100004196167,12.460000038146973,1314042
2023-06-29,9.501155853271484,12.350000381469727,12.420000076293945,12.204999923706055,12.359999656677246,1093979
2023-06-30,9.435763359069824,12.265000343322754,12.40999984741211,12.260000228881836,12.350000381469727,1859910
2023-07-03,9.655020713806152,12.550000190734863,12.725000381469727,12.350000381469727,12.350000381469727,1133796
2023-07-04,9.628093719482422,12.515000343322754,12.654999732971191,12.510000228881836,12.550000190734863,799656
2023-07-05,9.535776138305664,12.395000457763672,12.555000305175781,12.329999923706055,12.545000076293945,1386069
2023-07-06,9.431916236877441,12.260000228881836,12.4399995803833,12.234999656677246,12.350000381469727,1547061
2023-07-07,9.362677574157715,12.170000076293945,12.289999961853027,12.09000015258789,12.265000343322754,1221267
2023-07-10,9.24343204498291,12.015000343322754,12.229999542236328,12.010000228881836,12.15999984741211,1115391
2023-07-11,9.20881175994873,11.970000267028809,12.114999771118164,11.954999923706055,12.050000190734863,1901300
2023-07-12,9.03956127166748,11.75,11.979999542236328,11.645000457763672,11.979999542236328,2235303
2023-07-13,9.185731887817383,11.9399995803833,11.989999771118164,11.78499984741211,11.819999694824219,1376360
2023-07-14,9.220352172851562,11.984999656677246,12.03499984741211,11.859999656677246,11.949999809265137,789479
2023-07-17,9.093413352966309,11.819999694824219,12.045000076293945,11.819999694824219,11.895000457763672,902226
2023-07-18,9.231893539428711,12.0,12.029999732971191,11.789999961853027,11.899999618530273,1278032
2023-07-19,9.331903457641602,12.130000114440918,12.225000381469727,12.005000114440918,12.005000114440918,800009
2023-07-20,9.466536521911621,12.305000305175781,12.3149995803833,12.149999618530273,12.199999809265137,684527
2023-07-21,9.578086853027344,12.449999809265137,12.46500015258789,12.239999771118164,12.319999694824219,704522
2023-07-24,9.639634132385254,12.529999732971191,12.614999771118164,12.449999809265137,12.449999809265137,799905
2023-07-25,9.720413208007812,12.635000228881836,12.795000076293945,12.510000228881836,12.600000381469727,1867476
2023-07-26,9.48576831817627,12.329999923706055,12.765000343322754,12.25,12.635000228881836,1044307
2023-07-27,9.343443870544434,12.145000457763672,12.479999542236328,12.145000457763672,12.265000343322754,1253261
2023-07-28,9.247279167175293,12.020000457763672,12.279999732971191,11.96500015258789,12.145000457763672,1214827
2023-07-31,9.470381736755371,12.3100004196167,12.420000076293945,12.055000305175781,12.109999656677246,1399632
2023-08-01,9.370370864868164,12.180000305175781,12.385000228881836,12.145000457763672,12.3100004196167,1133357
2023-08-02,9.151114463806152,11.895000457763672,12.095000267028809,11.864999771118164,12.095000267028809,1176523
2023-08-03,8.978014945983887,11.670000076293945,11.949999809265137,11.670000076293945,11.895000457763672,1510059
2023-08-04,9.089566230773926,11.8149995803833,11.885000228881836,11.354999542236328,11.489999771118164,2064518
2023-08-07,9.193425178527832,11.949999809265137,12.03499984741211,11.75,11.779999732971191,1328185
2023-08-08,9.27805233001709,12.0600004196167,12.109999656677246,11.829999923706055,11.90999984741211,1107563
2023-08-09,9.408836364746094,12.229999542236328,12.329999923706055,12.154999732971191,12.199999809265137,1630636
2023-08-10,9.254971504211426,12.029999732971191,12.3100004196167,12.010000228881836,12.25,1344568
2023-08-11,9.104952812194824,11.835000038146973,12.085000038146973,11.805000305175781,12.005000114440918,1466275
2023-08-14,9.001093864440918,11.699999809265137,11.890000343322754,11.649999618530273,11.835000038146973,902041
2023-08-15,9.012635231018066,11.71500015258789,11.795000076293945,11.675000190734863,11.71500015258789,1135788
2023-08-16,9.070333480834961,11.789999961853027,11.869999885559082,11.649999618530273,11.710000038146973,1013643
2023-08-17,9.078027725219727,11.800000190734863,11.930000305175781,11.71500015258789,11.805000305175781,1432632
2023-08-18,9.124186515808105,11.859999656677246,11.904999732971191,11.744999885559082,11.795000076293945,1013992
2023-08-21,9.166499137878418,11.914999961853027,12.125,11.890000343322754,11.895000457763672,1447234
2023-08-22,9.254971504211426,12.029999732971191,12.109999656677246,11.914999961853027,11.989999771118164,735452
2023-08-23,9.293437957763672,12.079999923706055,12.260000228881836,12.039999961853027,12.119999885559082,1300700
2023-08-24,9.14341926574707,11.885000228881836,12.175000190734863,11.864999771118164,12.125,1191298
2023-08-25,9.274205207824707,12.055000305175781,12.074999809265137,11.854999542236328,11.880000114440918,1046155
2023-08-28,9.3472900390625,12.149999618530273,12.270000457763672,12.039999961853027,12.140000343322754,1122999
2023-08-29,9.558856010437012,12.425000190734863,12.494999885559082,12.15999984741211,12.15999984741211,1461400
2023-08-30,9.593473434448242,12.470000267028809,12.475000381469727,12.305000305175781,12.4399995803833,1266809
2023-08-31,9.539621353149414,12.399999618530273,12.539999961853027,12.380000114440918,12.475000381469727,3046682
2023-09-01,9.570394515991211,12.4399995803833,12.579999923706055,12.380000114440918,12.399999618530273,1643548
2023-09-04,9.38575553894043,12.199999809265137,12.645000457763672,12.199999809265137,12.454999923706055,1245096
2023-09-05,9.354984283447266,12.15999984741211,12.274999618530273,12.119999885559082,12.199999809265137,904761
2023-09-06,9.320363998413086,12.114999771118164,12.265000343322754,12.085000038146973,12.15999984741211,1116826
2023-09-07,9.343443870544434,12.145000457763672,12.25,11.954999923706055,12.100000381469727,1500322
2023-09-08,9.443456649780273,12.274999618530273,12.329999923706055,12.109999656677246,12.15999984741211,1208668
2023-09-11,9.516541481018066,12.369999885559082,12.460000038146973,12.289999961853027,12.289999961853027,914865
2023-09-12,9.505001068115234,12.354999542236328,12.40999984741211,12.220000267028809,12.399999618530273,1415619
2023-09-13,9.558856010437012,12.425000190734863,12.425000190734863,12.265000343322754,12.350000381469727,1072554
2023-09-14,9.85119915008545,12.805000305175781,12.805000305175781,12.390000343322754,12.425000190734863,1361597
2023-09-15,9.797345161437988,12.734999656677246,12.920000076293945,12.725000381469727,12.829999923706055,2548118
2023-09-18,9.547313690185547,12.40999984741211,12.904999732971191,12.369999885559082,12.739999771118164,1708639
2023-09-19,9.478076934814453,12.319999694824219,12.539999961853027,12.295000076293945,12.40999984741211,1094425
2023-09-20,9.439610481262207,12.270000457763672,12.375,12.1899995803833,12.329999923706055,1981099
2023-09-21,9.20881175994873,11.970000267028809,12.300000190734863,11.970000267028809,12.270000457763672,1855822
2023-09-22,9.135726928710938,11.875,12.039999961853027,11.875,11.970000267028809,1629855
2023-09-25,8.885696411132812,11.550000190734863,11.890000343322754,11.460000038146973,11.850000381469727,2184228
2023-09-26,8.693366050720215,11.300000190734863,11.574999809265137,11.225000381469727,11.5600004196167,2420218
2023-09-27,8.651052474975586,11.244999885559082,11.305000305175781,11.125,11.300000190734863,1799415
2023-09-28,8.68567180633545,11.289999961853027,11.574999809265137,11.175000190734863,11.470000267028809,2214386
2023-09-29,8.809866905212402,10.994999885559082,11.109999656677246,10.899999618530273,10.899999618530273,2021090
2023-10-02,8.533432006835938,10.649999618530273,11.1899995803833,10.545000076293945,11.010000228881836,2967243
2023-10-03,8.301066398620605,10.359999656677246,10.630000114440918,10.265000343322754,10.609999656677246,3281639
2023-10-04,8.261003494262695,10.3100004196167,10.520000457763672,10.25,10.274999618530273,2623014
2023-10-05,8.385198593139648,10.46500015258789,10.649999618530273,10.359999656677246,10.359999656677246,2037820
2023-10-06,8.505388259887695,10.614999771118164,10.694999694824219,10.454999923706055,10.520000457763672,1703270
2023-10-09,8.693684577941895,10.850000381469727,10.920000076293945,10.574999809265137,10.614999771118164,1974304
2023-10-10,9.094315528869629,11.350000381469727,11.380000114440918,10.925000190734863,10.925000190734863,2354826
2023-10-11,9.114346504211426,11.375,11.539999961853027,11.305000305175781,11.350000381469727,2698840
2023-10-12,9.150403022766113,11.420000076293945,11.5,11.319999694824219,11.404999732971191,1595111
2023-10-13,9.238541603088379,11.529999732971191,11.5649995803833,11.359999656677246,11.399999618530273,1192643
2023-10-16,9.254568099975586,11.550000190734863,11.649999618530273,11.489999771118164,11.545000076293945,1110854
2023-10-17,9.042232513427734,11.28499984741211,11.585000038146973,11.21500015258789,11.529999732971191,1755698
2023-10-18,8.930057525634766,11.145000457763672,11.359999656677246,11.145000457763672,11.260000228881836,1552446
2023-10-19,8.82188606262207,11.010000228881836,11.140000343322754,10.930000305175781,11.100000381469727,1622921
2023-10-20,8.669645309448242,10.819999694824219,11.015000343322754,10.8100004196167,10.949999809265137,1655569
2023-10-23,8.513400077819824,10.625,10.829999923706055,10.46500015258789,10.819999694824219,1550013
2023-10-24,8.705702781677246,10.864999771118164,10.920000076293945,10.649999618530273,10.649999618530273,1289989
2023-10-25,8.78182315826416,10.960000038146973,10.979999542236328,10.699999809265137,10.869999885559082,785828
2023-10-26,8.853936195373535,11.050000190734863,11.109999656677246,10.850000381469727,10.885000228881836,1365774
2023-10-27,8.994157791137695,11.225000381469727,11.319999694824219,11.079999923706055,11.079999923706055,1198233
2023-10-30,8.857943534851074,11.055000305175781,11.34000015258789,11.03499984741211,11.225000381469727,918292
2023-10-31,8.974124908447266,11.199999809265137,11.329999923706055,11.09000015258789,11.100000381469727,1996029
2023-11-01,8.974124908447266,11.199999809265137,11.265000343322754,11.005000114440918,11.210000038146973,1357386
2023-11-02,9.667216300964355,12.0649995803833,12.335000038146973,11.444999694824219,11.489999771118164,5806699
2023-11-03,9.683242797851562,12.085000038146973,12.350000381469727,11.914999961853027,12.1850004196167,3351397
2023-11-06,9.731318473815918,12.145000457763672,12.28499984741211,11.984999656677246,12.100000381469727,2210244
2023-11-07,9.623147964477539,12.010000228881836,12.21500015258789,11.914999961853027,12.079999923706055,1694738
2023-11-08,9.506963729858398,11.864999771118164,12.03499984741211,11.755000114440918,11.975000381469727,1939820
2023-11-09,9.79942512512207,12.229999542236328,12.229999542236328,11.895000457763672,11.899999618530273,2000049
2023-11-10,9.763368606567383,12.1850004196167,12.1850004196167,11.984999656677246,12.125,1217800
2023-11-13,9.723304748535156,12.135000228881836,12.234999656677246,12.039999961853027,12.199999809265137,1226617
2023-11-14,9.971694946289062,12.444999694824219,12.449999809265137,12.119999885559082,12.149999618530273,1622811
2023-11-15,10.055829048156738,12.550000190734863,12.694999694824219,12.4350004196167,12.444999694824219,1509189
2023-11-16,10.091886520385742,12.595000267028809,12.670000076293945,12.494999885559082,12.539999961853027,1018564
2023-11-17,10.155985832214355,12.675000190734863,12.819999694824219,12.604999542236328,12.604999542236328,864256
2023-11-20,10.172011375427246,12.694999694824219,12.75,12.625,12.675000190734863,688198
2023-11-21,9.959677696228027,12.430000305175781,12.760000228881836,12.40999984741211,12.75,956977
2023-11-22,9.911601066589355,12.369999885559082,12.5649995803833,12.329999923706055,12.430000305175781,672821
2023-11-23,10.063840866088867,12.5600004196167,12.569999694824219,12.34000015258789,12.350000381469727,824811
2023-11-24,10.163999557495117,12.6850004196167,12.6850004196167,12.505000114440918,12.5600004196167,847816
2023-11-27,10.228099822998047,12.765000343322754,12.8149995803833,12.625,12.6850004196167,1040326
2023-11-28,10.268162727355957,12.8149995803833,12.824999809265137,12.614999771118164,12.699999809265137,1310558
2023-11-29,10.384345054626465,12.960000038146973,13.100000381469727,12.8100004196167,12.8149995803833,1569611
2023-11-30,10.324251174926758,12.885000228881836,13.045000076293945,12.859999656677246,12.979999542236328,4286976
2023-12-01,10.456459045410156,13.050000190734863,13.069999694824219,12.805000305175781,12.899999618530273,1294245
2023-12-04,10.63674259185791,13.274999618530273,13.3149995803833,13.100000381469727,13.100000381469727,1158324
2023-12-05,10.680811882019043,13.329999923706055,13.390000343322754,13.175000190734863,13.255000114440918,943869
2023-12-07,10.85708999633789,13.550000190734863,13.550000190734863,13.34000015258789,13.34000015258789,1540320
2023-12-08,10.849076271057129,13.539999961853027,13.5600004196167,13.364999771118164,13.529999732971191,1132951
2023-12-11,10.548604011535645,13.164999961853027,13.4399995803833,13.125,13.364999771118164,1745167
2023-12-12,10.308225631713867,12.864999771118164,13.274999618530273,12.819999694824219,13.234999656677246,2050216
2023-12-13,10.344283103942871,12.90999984741211,12.984999656677246,12.845000267028809,12.890000343322754,935823
2023-12-14,10.536585807800293,13.149999618530273,13.300000190734863,13.010000228881836,13.100000381469727,1958365
2023-12-15,10.576648712158203,13.199999809265137,13.319999694824219,13.119999885559082,13.149999618530273,3029180
2023-12-18,10.49251651763916,13.095000267028809,13.210000038146973,13.029999732971191,13.170000076293945,1024847
2023-12-19,10.424408912658691,13.010000228881836,13.079999923706055,12.770000457763672,13.03499984741211,2344295
2023-12-20,10.376333236694336,12.949999809265137,13.149999618530273,12.864999771118164,13.104999542236328,1128602
2023-12-21,10.428415298461914,13.015000343322754,13.109999656677246,12.829999923706055,12.899999618530273,1040883
2023-12-22,10.508540153503418,13.114999771118164,13.114999771118164,12.994999885559082,13.015000343322754,938219
2023-12-27,10.684818267822266,13.335000038146973,13.414999961853027,13.109999656677246,13.114999771118164,1343867
2023-12-28,10.58065414428711,13.204999923706055,13.34000015258789,13.164999961853027,13.335000038146973,937134
2023-12-29,10.484503746032715,13.085000038146973,13.220000267028809,13.079999923706055,13.204999923706055,525735
2024-01-02,10.58065414428711,13.204999923706055,13.390000343322754,13.149999618530273,13.149999618530273,1428162
2024-01-03,10.624724388122559,13.260000228881836,13.295000076293945,13.024999618530273,13.239999771118164,1853033
2024-01-04,10.953241348266602,13.670000076293945,13.760000228881836,13.3100004196167,13.3100004196167,1917320
2024-01-05,11.229676246643066,14.015000343322754,14.039999961853027,13.604999542236328,13.670000076293945,2405576
2024-01-08,11.24970817565918,14.039999961853027,14.045000076293945,13.699999809265137,13.699999809265137,1963735
2024-01-09,11.105480194091797,13.859999656677246,14.125,13.734999656677246,14.069999694824219,1694915
2024-01-10,11.053398132324219,13.795000076293945,13.895000457763672,13.545000076293945,13.805000305175781,1834168
2024-01-11,10.809014320373535,13.489999771118164,13.895000457763672,13.484999656677246,13.875,1707040
2024-01-12,10.684818267822266,13.335000038146973,13.390000343322754,13.135000228881836,13.345000267028809,2228211
2024-01-15,10.648761749267578,13.289999961853027,13.364999771118164,13.210000038146973,13.324999809265137,1414320
2024-01-16,10.368319511413574,12.9399995803833,13.329999923706055,12.885000228881836,13.289999961853027,2909991
2024-01-17,9.883557319641113,12.335000038146973,12.885000228881836,12.274999618530273,12.885000228881836,4222934
2024-01-18,9.751349449157715,12.170000076293945,12.300000190734863,12.069999694824219,12.295000076293945,2946667
2024-01-19,9.843494415283203,12.28499984741211,12.390000343322754,12.1850004196167,12.210000038146973,1555995
2024-01-22,9.871539115905762,12.319999694824219,12.369999885559082,12.085000038146973,12.300000190734863,1700620
2024-01-23,9.863525390625,12.3100004196167,12.520000457763672,12.204999923706055,12.4399995803833,1529083
2024-01-24,10.099897384643555,12.604999542236328,12.609999656677246,12.350000381469727,12.390000343322754,1427694
2024-01-25,10.107911109924316,12.614999771118164,12.699999809265137,12.510000228881836,12.574999809265137,1122733
2024-01-26,9.963683128356934,12.4350004196167,12.6899995803833,12.114999771118164,12.645000457763672,2092452
2024-01-29,9.935638427734375,12.399999618530273,12.494999885559082,12.234999656677246,12.449999809265137,1659002
2024-01-30,10.043808937072754,12.53499984741211,12.579999923706055,12.369999885559082,12.399999618530273,1396018
2024-01-31,10.168004035949707,12.6899995803833,12.75,12.430000305175781,12.53499984741211,1302120
2024-02-01,9.911601066589355,12.369999885559082,12.595000267028809,12.34000015258789,12.484999656677246,2120526
2024-02-02,9.863525390625,12.3100004196167,12.475000381469727,12.239999771118164,12.46500015258789,1242353
2024-02-05,9.887563705444336,12.34000015258789,12.444999694824219,12.145000457763672,12.244999885559082,1718595
2024-02-06,9.939645767211914,12.404999732971191,12.4350004196167,12.194999694824219,12.350000381469727,2393745
2024-02-07,9.43885612487793,11.779999732971191,12.135000228881836,11.604999542236328,11.8100004196167,7770757
2024-02-08,9.27059268951416,11.569999694824219,11.835000038146973,11.569999694824219,11.779999732971191,4411487
2024-02-09,8.974124908447266,11.199999809265137,11.604999542236328,11.199999809265137,11.289999961853027,5047914
2024-02-12,8.930057525634766,11.145000457763672,11.5,11.109999656677246,11.265000343322754,3371892
2024-02-13,8.809866905212402,10.994999885559082,11.21500015258789,10.96500015258789,11.149999618530273,2721965
2024-02-14,8.733747482299805,10.899999618530273,11.085000038146973,10.899999618530273,10.994999885559082,2283701
2024-02-15,8.805861473083496,10.989999771118164,11.130000114440918,10.824999809265137,10.899999618530273,2853821
2024-02-16,8.926050186157227,11.140000343322754,11.145000457763672,10.979999542236328,11.050000190734863,2065398
2024-02-19,8.801854133605957,10.984999656677246,11.25,10.960000038146973,11.140000343322754,1836001
2024-02-20,8.881980895996094,11.085000038146973,11.130000114440918,10.9350004196167,11.010000228881836,1639833
2024-02-21,8.902010917663574,11.109999656677246,11.164999961853027,11.055000305175781,11.100000381469727,1327805
2024-02-22,8.813873291015625,11.0,11.260000228881836,11.0,11.199999809265137,2384329
2024-02-23,8.869961738586426,11.069999694824219,11.100000381469727,10.925000190734863,11.039999961853027,1504173
2024-02-26,8.9420747756958,11.15999984741211,11.180000305175781,10.994999885559082,11.069999694824219,1974393
2024-02-27,9.078289031982422,11.329999923706055,11.329999923706055,11.119999885559082,11.15999984741211,1964218
2024-02-28,9.274598121643066,11.574999809265137,11.574999809265137,11.350000381469727,11.350000381469727,2938545
2024-02-29,9.254568099975586,11.550000190734863,11.635000228881836,11.475000381469727,11.579999923706055,2781267
2024-03-01,9.122359275817871,11.385000228881836,11.664999961853027,11.305000305175781,11.550000190734863,2436428
2024-03-04,9.006175994873047,11.239999771118164,11.34000015258789,11.095000267028809,11.34000015258789,2141596
2024-03-05,9.330687522888184,11.645000457763672,11.725000381469727,11.21500015258789,11.244999885559082,2809304
2024-03-06,9.49895191192627,11.854999542236328,11.994999885559082,11.630000114440918,11.670000076293945,4020993
2024-03-07,9.647186279296875,12.039999961853027,12.145000457763672,11.755000114440918,11.819999694824219,3154823
2024-03-08,9.575072288513184,11.949999809265137,12.09000015258789,11.854999542236328,12.09000015258789,2599535
2024-03-11,9.346712112426758,11.664999961853027,12.050000190734863,11.555000305175781,11.949999809265137,2717644
2024-03-12,9.254568099975586,11.550000190734863,11.710000038146973,11.550000190734863,11.680000305175781,2358375
2024-03-13,9.362737655639648,11.6850004196167,11.734999656677246,11.579999923706055,11.645000457763672,2030169
2024-03-14,9.27059268951416,11.569999694824219,11.954999923706055,11.510000228881836,11.699999809265137,1853817
2024-03-15,9.330687522888184,11.645000457763672,11.774999618530273,11.555000305175781,11.630000114440918,3670246
2024-03-18,9.390782356262207,11.720000267028809,11.859999656677246,11.645000457763672,11.645000457763672,1966830
2024-03-19,9.522990226745605,11.885000228881836,11.9399995803833,11.6899995803833,11.699999809265137,1805237
2024-03-20,9.490939140319824,11.845000267028809,11.944999694824219,11.8100004196167,11.899999618530273,1567971
2024-03-21,9.350717544555664,11.670000076293945,12.069999694824219,11.654999732971191,11.9399995803833,2757857
2024-03-22,9.506963729858398,11.864999771118164,11.984999656677246,11.645000457763672,11.739999771118164,2445638
2024-03-25,9.398794174194336,11.729999542236328,12.024999618530273,11.640000343322754,11.864999771118164,3316242
2024-03-26,9.689608573913574,11.494999885559082,11.520000457763672,10.989999771118164,11.244999885559082,3700262
2024-03-27,9.727540969848633,11.539999961853027,11.5649995803833,11.3149995803833,11.494999885559082,1883768
2024-03-28,9.647461891174316,11.444999694824219,11.569999694824219,11.399999618530273,11.529999732971191,1466513
2024-04-02,9.613743782043457,11.404999732971191,11.585000038146973,11.390000343322754,11.444999694824219,1922100
2024-04-03,9.66010570526123,11.460000038146973,11.524999618530273,11.324999809265137,11.425000190734863,1709459
2024-04-04,10.039429664611816,11.90999984741211,11.944999694824219,11.460000038146973,11.460000038146973,2733441
2024-04-05,10.009926795959473,11.875,12.050000190734863,11.819999694824219,11.829999923706055,2039140
2024-04-08,10.258594512939453,12.170000076293945,12.204999923706055,11.789999961853027,11.875,2203461
2024-04-09,10.153225898742676,12.045000076293945,12.199999809265137,11.994999885559082,12.199999809265137,2084031
2024-04-10,10.047859191894531,11.920000076293945,12.380000114440918,11.895000457763672,12.119999885559082,2005300
2024-04-11,10.279666900634766,12.194999694824219,12.369999885559082,11.890000343322754,11.9350004196167,1925247
2024-04-12,10.363962173461914,12.295000076293945,12.515000343322754,12.199999809265137,12.279999732971191,2291917
2024-04-15,10.064717292785645,11.9399995803833,12.335000038146973,11.90999984741211,12.305000305175781,2172841
2024-04-16,10.283882141113281,12.199999809265137,12.239999771118164,11.859999656677246,11.90999984741211,2001464
2024-04-17,10.157442092895508,12.050000190734863,12.28499984741211,11.989999771118164,12.15999984741211,2409976
2024-04-18,10.157442092895508,12.050000190734863,12.114999771118164,11.875,12.069999694824219,1510787
2024-04-19,10.32181453704834,12.244999885559082,12.244999885559082,12.03499984741211,12.03499984741211,1638435
2024-04-22,10.326029777526855,12.25,12.289999961853027,12.029999732971191,12.255000114440918,1108616
2024-04-23,10.304956436157227,12.225000381469727,12.3100004196167,12.15999984741211,12.279999732971191,1195666
2024-04-24,10.224876403808594,12.130000114440918,12.194999694824219,12.045000076293945,12.194999694824219,1088344
2024-04-25,10.199588775634766,12.100000381469727,12.270000457763672,12.0,12.104999542236328,1582728
2024-04-26,10.161656379699707,12.055000305175781,12.28499984741211,12.055000305175781,12.119999885559082,1369850
2024-04-29,10.418752670288086,12.359999656677246,12.399999618530273,12.055000305175781,12.055000305175781,1977211
2024-04-30,10.435611724853516,12.380000114440918,13.100000381469727,12.229999542236328,12.9350004196167,3904303
2024-05-02,10.852867126464844,12.875,12.9399995803833,12.380000114440918,12.454999923706055,3068810
2024-05-03,10.924518585205078,12.960000038146973,13.194999694824219,12.875,12.949999809265137,1826747
2024-05-06,11.063603401184082,13.125,13.1850004196167,12.9350004196167,12.979999542236328,1159524
2024-05-07,11.194258689880371,13.279999732971191,13.3149995803833,13.140000343322754,13.180000305175781,1457087
2024-05-08,11.050958633422852,13.109999656677246,13.34000015258789,12.96500015258789,13.279999732971191,1845760
2024-05-10,11.299627304077148,13.404999732971191,13.739999771118164,13.199999809265137,13.199999809265137,3477044
2024-05-13,11.489288330078125,13.630000114440918,13.649999618530273,13.369999885559082,13.494999885559082,1958463
2024-05-14,11.700024604797363,13.880000114440918,13.979999542236328,13.619999885559082,13.635000228881836,2277987
2024-05-15,11.788532257080078,13.984999656677246,14.055000305175781,13.850000381469727,13.904999732971191,2024579
2024-05-16,12.273223876953125,14.5600004196167,14.5649995803833,14.039999961853027,14.0600004196167,3715728
2024-05-17,12.336443901062012,14.635000228881836,14.65999984741211,14.319999694824219,14.399999618530273,3643805
2024-05-20,12.294297218322754,14.585000038146973,14.71500015258789,14.520000457763672,14.635000228881836,2797671
2024-05-21,12.429167747497559,14.744999885559082,14.744999885559082,14.545000076293945,14.614999771118164,3145526
2024-05-22,12.163641929626465,14.430000305175781,14.744999885559082,14.279999732971191,14.744999885559082,2439133
2024-05-23,12.129922866821289,14.390000343322754,14.569999694824219,14.225000381469727,14.425000190734863,1994159
2024-05-24,11.775888442993164,13.970000267028809,14.220000267028809,13.824999809265137,14.125,1951099
2024-05-27,11.931832313537598,14.154999732971191,14.170000076293945,13.84000015258789,13.9399995803833,969380
2024-05-28,11.88547134399414,14.100000381469727,14.3149995803833,14.005000114440918,14.154999732971191,1244252
2024-05-29,11.87282657623291,14.085000038146973,14.09000015258789,13.930000305175781,14.024999618530273,1360041
2024-05-30,11.87282657623291,14.085000038146973,14.164999961853027,13.954999923706055,13.960000038146973,957990
2024-05-31,11.813820838928223,14.015000343322754,14.180000305175781,13.989999771118164,14.104999542236328,4221915
2024-06-03,11.961335182189941,14.1899995803833,14.279999732971191,14.010000228881836,14.015000343322754,1613285
2024-06-04,11.847538948059082,14.055000305175781,14.300000190734863,13.984999656677246,14.194999694824219,1554197
2024-06-05,11.763243675231934,13.954999923706055,14.039999961853027,13.869999885559082,13.930000305175781,1323657
2024-06-06,11.763243675231934,13.954999923706055,14.039999961853027,13.829999923706055,13.954999923706055,1141080
2024-06-07,11.700024604797363,13.880000114440918,13.975000381469727,13.585000038146973,13.925000190734863,1337633
2024-06-10,11.792746543884277,13.989999771118164,13.989999771118164,13.71500015258789,13.8100004196167,1178212
2024-06-11,11.936047554016113,14.15999984741211,14.15999984741211,13.949999809265137,13.989999771118164,1629006
2024-06-12,11.936047554016113,14.15999984741211,14.260000228881836,13.975000381469727,14.15999984741211,1355458
2024-06-13,11.986623764038086,14.220000267028809,14.265000343322754,14.03499984741211,14.15999984741211,1572020
2024-06-14,11.969764709472656,14.199999809265137,14.265000343322754,13.869999885559082,14.25,2035547
2024-06-17,11.957120895385742,14.1850004196167,14.225000381469727,14.074999809265137,14.119999885559082,1411011
2024-06-18,12.06248950958252,14.3100004196167,14.335000038146973,14.055000305175781,14.1850004196167,1213672
2024-06-19,12.058273315429688,14.305000305175781,14.380000114440918,14.199999809265137,14.300000190734863,917078
2024-06-20,12.365946769714355,14.670000076293945,14.704999923706055,14.25,14.305000305175781,3298738
2024-06-24,12.197359085083008,14.470000267028809,14.585000038146973,14.25,14.510000228881836,1594040
2024-06-25,12.197359085083008,14.470000267028809,14.53499984741211,14.359999656677246,14.470000267028809,1192684
2024-06-26,12.214217185974121,14.489999771118164,14.53499984741211,14.34000015258789,14.460000038146973,995077
2024-06-27,12.066702842712402,14.3149995803833,14.470000267028809,14.15999984741211,14.430000305175781,1212521
2024-06-28,11.506146430969238,13.649999618530273,14.109999656677246,13.5649995803833,14.085000038146973,3096469
2024-07-01,11.818036079406738,14.020000457763672,14.170000076293945,13.675000190734863,13.739999771118164,1718343
2024-07-02,11.784317970275879,13.979999542236328,14.045000076293945,13.890000343322754,14.020000457763672,876353
2024-07-03,11.898114204406738,14.114999771118164,14.225000381469727,14.0,14.03499984741211,1051983
2024-07-04,12.06248950958252,14.3100004196167,14.3100004196167,14.109999656677246,14.140000343322754,569412
2024-07-05,11.889684677124023,14.104999542236328,14.420000076293945,14.104999542236328,14.319999694824219,990142
2024-07-08,11.716882705688477,13.899999618530273,14.145000457763672,13.885000228881836,14.095000267028809,1598671
2024-07-09,11.560937881469727,13.71500015258789,13.970000267028809,13.609999656677246,13.885000228881836,1801632
2024-07-10,11.65366268157959,13.824999809265137,13.875,13.710000038146973,13.729999542236328,1446509
2024-07-11,11.704237937927246,13.885000228881836,13.9399995803833,13.635000228881836,13.854999542236328,800566
2024-07-12,11.687379837036133,13.864999771118164,13.895000457763672,13.729999542236328,13.864999771118164,974366
2024-07-15,11.62415885925293,13.789999961853027,13.914999961853027,13.6850004196167,13.84000015258789,889761
2024-07-16,11.632588386535645,13.800000190734863,13.829999923706055,13.645000457763672,13.755000114440918,865372
2024-07-17,11.737957000732422,13.925000190734863,14.050000190734863,13.744999885559082,13.744999885559082,882192
2024-07-18,11.666305541992188,13.84000015258789,14.0,13.734999656677246,14.0,1490587
2024-07-19,11.641018867492676,13.8100004196167,13.920000076293945,13.670000076293945,13.75,1177805
2024-07-22,11.683164596557617,13.859999656677246,14.104999542236328,13.84000015258789,13.84000015258789,1219766
2024-07-23,11.636802673339844,13.805000305175781,13.880000114440918,13.710000038146973,13.859999656677246,996123
2024-07-24,11.716882705688477,13.899999618530273,13.944999694824219,13.765000343322754,13.765000343322754,1053817
2024-07-25,11.49350357055664,13.635000228881836,13.795000076293945,13.359999656677246,13.795000076293945,1586279
2024-07-26,11.569369316101074,13.725000381469727,13.84000015258789,13.529999732971191,13.635000228881836,936339
2024-07-29,11.691594123840332,13.869999885559082,14.015000343322754,13.739999771118164,13.774999618530273,923330
2024-07-30,11.784317970275879,13.979999542236328,14.045000076293945,13.8100004196167,13.90999984741211,1034503
2024-07-31,11.961335182189941,14.1899995803833,14.210000038146973,13.994999885559082,14.024999618530273,1849828
2024-08-01,12.070917129516602,14.319999694824219,14.319999694824219,14.074999809265137,14.220000267028809,1325957
2024-08-02,12.06248950958252,14.3100004196167,14.3100004196167,13.989999771118164,14.199999809265137,1270549
2024-08-05,11.455571174621582,13.59000015258789,13.944999694824219,13.5600004196167,13.9399995803833,2352379
2024-08-06,11.67052173614502,13.845000267028809,13.930000305175781,13.654999732971191,13.6899995803833,1270840
2024-08-07,11.990838050842285,14.225000381469727,14.319999694824219,13.925000190734863,13.954999923706055,2030101
2024-08-08,11.969764709472656,14.199999809265137,14.335000038146973,14.0649995803833,14.210000038146973,1748439
2024-08-09,11.85596752166748,14.0649995803833,14.295000076293945,13.949999809265137,14.220000267028809,769080
2024-08-12,11.999267578125,14.234999656677246,14.3149995803833,14.015000343322754,14.0649995803833,898719
2024-08-13,12.007698059082031,14.244999885559082,14.4399995803833,14.21500015258789,14.234999656677246,1143557
2024-08-14,12.037199974060059,14.279999732971191,14.279999732971191,14.114999771118164,14.255000114440918,1071096
2024-08-15,12.235291481018066,14.515000343322754,14.71500015258789,14.359999656677246,14.494999885559082,1891534
2024-08-16,12.12149429321289,14.380000114440918,14.414999961853027,14.140000343322754,14.395000457763672,1336022
2024-08-19,12.277438163757324,14.5649995803833,14.645000457763672,14.234999656677246,14.345000267028809,990904
2024-08-20,12.290081977844238,14.579999923706055,14.664999961853027,14.489999771118164,14.5649995803833,1010091
2024-08-21,12.243720054626465,14.524999618530273,14.65999984741211,14.475000381469727,14.600000381469727,582688
2024-08-22,12.332230567932129,14.630000114440918,14.720000267028809,14.539999961853027,14.539999961853027,1329835
2024-08-23,12.40809440612793,14.720000267028809,14.78499984741211,14.65999984741211,14.65999984741211,1131467
2024-08-26,12.412308692932129,14.725000381469727,14.744999885559082,14.625,14.694999694824219,433994
2024-08-27,12.222647666931152,14.5,14.744999885559082,14.46500015258789,14.725000381469727,874342
2024-08-28,12.172070503234863,14.4399995803833,14.550000190734863,14.375,14.5,1213652
2024-08-29,12.070917129516602,14.319999694824219,14.529999732971191,14.194999694824219,14.5,1296944
2024-08-30,12.188929557800293,14.460000038146973,14.645000457763672,14.395000457763672,14.4399995803833,2400118
2024-09-02,12.25214958190918,14.53499984741211,14.5600004196167,14.329999923706055,14.449999809265137,682717
2024-09-03,12.239506721496582,14.520000457763672,14.664999961853027,14.460000038146973,14.53499984741211,1056997
2024-09-04,12.049844741821289,14.295000076293945,14.390000343322754,14.180000305175781,14.385000228881836,1336262
2024-09-05,11.931832313537598,14.154999732971191,14.449999809265137,14.154999732971191,14.289999961853027,1151685
2024-09-06,11.986623764038086,14.220000267028809,14.265000343322754,14.135000228881836,14.154999732971191,802381
2024-09-09,11.986623764038086,14.220000267028809,14.255000114440918,14.135000228881836,14.210000038146973,786643
2024-09-10,12.146782875061035,14.40999984741211,14.494999885559082,14.164999961853027,14.229999542236328,989430
2024-09-11,12.045629501342773,14.289999961853027,14.454999923706055,14.21500015258789,14.40999984741211,1142630
2024-09-12,11.893899917602539,14.109999656677246,14.404999732971191,14.024999618530273,14.329999923706055,1334068
2024-09-13,11.889684677124023,14.104999542236328,14.194999694824219,14.050000190734863,14.15999984741211,1407802
2024-09-16,11.826464653015137,14.029999732971191,14.140000343322754,13.96500015258789,14.109999656677246,1352892
2024-09-17,12.028770446777344,14.270000457763672,14.34000015258789,14.029999732971191,14.09000015258789,910984
2024-09-18,12.045629501342773,14.289999961853027,14.295000076293945,14.170000076293945,14.270000457763672,1360498
2024-09-19,11.868612289428711,14.079999923706055,14.414999961853027,13.949999809265137,14.305000305175781,1978329
2024-09-20,11.936047554016113,14.15999984741211,14.194999694824219,13.970000267028809,14.100000381469727,3254592
2024-09-23,12.011911392211914,14.25,14.3149995803833,14.164999961853027,14.199999809265137,1114492
2024-09-24,12.205787658691406,14.479999542236328,14.515000343322754,14.1899995803833,14.300000190734863,1251113
2024-09-25,12.306941032409668,14.600000381469727,14.600000381469727,14.420000076293945,14.420000076293945,1266000
2024-09-26,12.479744911193848,14.805000305175781,15.005000114440918,14.625,14.699999809265137,1885710
2024-09-27,12.496602058410645,14.824999809265137,14.949999809265137,14.734999656677246,14.78499984741211,1497227
2024-09-30,12.471315383911133,14.795000076293945,14.885000228881836,14.654999732971191,14.829999923706055,1689452
2024-10-01,12.309122085571289,14.039999961853027,14.21500015258789,14.03499984741211,14.175000190734863,1656491
2024-10-02,12.274053573608398,14.0,14.114999771118164,13.930000305175781,14.085000038146973,1342061
2024-10-03,12.25213623046875,13.975000381469727,14.149999618530273,13.930000305175781,14.0,1112575
2024-10-04,12.238984107971191,13.960000038146973,14.130000114440918,13.90999984741211,13.975000381469727,1497530
2024-10-07,12.13377857208252,13.84000015258789,14.010000228881836,13.819999694824219,14.0,1299160
2024-10-08,12.282820701599121,14.010000228881836,14.010000228881836,13.664999961853027,13.744999885559082,1169581
2024-10-09,12.295971870422363,14.024999618530273,14.114999771118164,13.979999542236328,14.0,1354289
2024-10-10,12.326656341552734,14.0600004196167,14.074999809265137,13.954999923706055,14.024999618530273,921462
2024-10-11,12.567753791809082,14.335000038146973,14.335000038146973,14.045000076293945,14.0600004196167,1164368
2024-10-14,12.747481346130371,14.539999961853027,14.539999961853027,14.25,14.335000038146973,1155560
2024-10-15,12.795701026916504,14.595000267028809,14.645000457763672,14.494999885559082,14.539999961853027,1281449
2024-10-16,12.795701026916504,14.595000267028809,14.630000114440918,14.4350004196167,14.595000267028809,1248819
2024-10-17,12.795701026916504,14.595000267028809,14.779999732971191,14.529999732971191,14.600000381469727,1061923
2024-10-18,12.76939868927002,14.5649995803833,14.630000114440918,14.46500015258789,14.59000015258789,843614
2024-10-21,12.721179962158203,14.510000228881836,14.53499984741211,14.329999923706055,14.4350004196167,862933
2024-10-22,12.278436660766602,14.005000114440918,14.53499984741211,14.005000114440918,14.5,2363620
2024-10-23,12.300354957580566,14.029999732971191,14.239999771118164,14.0,14.0,1053364
2024-10-24,12.160079956054688,13.869999885559082,14.154999732971191,13.869999885559082,14.050000190734863,834651
2024-10-25,12.466931343078613,14.220000267028809,14.220000267028809,13.765000343322754,13.765000343322754,1935564
2024-10-28,12.475698471069336,14.229999542236328,14.28499984741211,14.100000381469727,14.220000267028809,1195719
2024-10-29,12.107477188110352,13.8100004196167,14.369999885559082,13.8100004196167,13.9399995803833,2176854
2024-10-30,11.818160057067871,13.479999542236328,13.970000267028809,13.460000038146973,13.850000381469727,1425459
2024-10-31,11.861995697021484,13.529999732971191,13.529999732971191,13.3149995803833,13.430000305175781,1673537
2024-11-01,11.96281909942627,13.645000457763672,13.755000114440918,13.460000038146973,13.529999732971191,1001065
2024-11-04,11.975968360900879,13.65999984741211,13.755000114440918,13.609999656677246,13.619999885559082,891333
2024-11-05,12.006653785705566,13.694999694824219,13.835000038146973,13.6899995803833,13.6899995803833,784063
2024-11-06,11.682269096374512,13.324999809265137,13.569999694824219,13.114999771118164,13.4350004196167,2207821
2024-11-07,11.927748680114746,13.604999542236328,13.710000038146973,13.350000381469727,13.350000381469727,1609520
2024-11-08,11.993504524230957,13.680000305175781,13.760000228881836,13.59000015258789,13.619999885559082,800626
2024-11-11,11.949667930603027,13.630000114440918,13.84000015258789,13.595000267028809,13.75,740997
2024-11-12,11.712953567504883,13.359999656677246,13.600000381469727,13.34000015258789,13.550000190734863,1045597
2024-11-13,11.677884101867676,13.319999694824219,13.40999984741211,13.279999732971191,13.34000015258789,1028666
2024-11-14,12.304738998413086,14.03499984741211,14.03499984741211,13.335000038146973,13.460000038146973,1810777
2024-11-15,12.37487506866455,14.114999771118164,14.239999771118164,13.869999885559082,13.949999809265137,1693037
2024-11-18,12.366107940673828,14.104999542236328,14.289999961853027,13.96500015258789,14.149999618530273,1304494
2024-11-19,12.142545700073242,13.850000381469727,14.220000267028809,13.850000381469727,14.109999656677246,1199056
2024-11-20,12.287203788757324,14.015000343322754,14.100000381469727,13.864999771118164,13.989999771118164,989514
2024-11-21,12.71241283416748,14.5,14.604999542236328,13.994999885559082,14.010000228881836,2113101
2024-11-22,12.471315383911133,14.225000381469727,14.494999885559082,14.119999885559082,14.489999771118164,1517822
2024-11-25,12.690494537353516,14.475000381469727,14.475000381469727,14.244999885559082,14.244999885559082,2773650
2024-11-26,12.42747974395752,14.175000190734863,14.454999923706055,14.175000190734863,14.430000305175781,973032
2024-11-27,12.282820701599121,14.010000228881836,14.21500015258789,13.970000267028809,14.175000190734863,1067366
2024-11-28,12.572137832641602,14.34000015258789,14.359999656677246,14.020000457763672,14.020000457763672,1105848
2024-11-29,12.506383895874023,14.265000343322754,14.350000381469727,14.194999694824219,14.34000015258789,945507
2024-12-02,12.651042938232422,14.430000305175781,14.484999656677246,14.225000381469727,14.260000228881836,1038120
2024-12-03,12.59405517578125,14.364999771118164,14.520000457763672,14.364999771118164,14.425000190734863,912410
2024-12-04,12.37925910949707,14.119999885559082,14.350000381469727,14.119999885559082,14.3149995803833,1462918
2024-12-05,12.361725807189941,14.100000381469727,14.25,14.039999961853027,14.140000343322754,1330025
2024-12-09,12.42747974395752,14.175000190734863,14.359999656677246,14.130000114440918,14.220000267028809,1348594
2024-12-10,12.291587829589844,14.020000457763672,14.104999542236328,13.954999923706055,14.104999542236328,860832
2024-12-11,12.028572082519531,13.720000267028809,14.0,13.694999694824219,14.0,1281132
2024-12-12,11.831310272216797,13.494999885559082,13.805000305175781,13.494999885559082,13.725000381469727,1333498
2024-12-13,11.818160057067871,13.479999542236328,13.649999618530273,13.479999542236328,13.5,1640348
2024-12-16,11.537610054016113,13.15999984741211,13.505000114440918,13.119999885559082,13.479999542236328,2006250
2024-12-17,11.506925582885742,13.125,13.170000076293945,12.9399995803833,13.149999618530273,1701659
2024-12-18,11.454320907592773,13.0649995803833,13.180000305175781,12.960000038146973,13.130000114440918,1036202
2024-12-19,11.52884292602539,13.149999618530273,13.149999618530273,12.869999885559082,12.960000038146973,1563933
2024-12-20,11.511308670043945,13.130000114440918,13.130000114440918,12.869999885559082,13.09000015258789,2651860
2024-12-23,11.594597816467285,13.225000381469727,13.225000381469727,13.085000038146973,13.130000114440918,694126
2024-12-27,11.897064208984375,13.569999694824219,13.569999694824219,13.140000343322754,13.164999961853027,1691386
2024-12-30,11.848845481872559,13.515000343322754,13.680000305175781,13.515000343322754,13.5600004196167,1074151
2025-01-02,12.291587829589844,14.020000457763672,14.109999656677246,13.5600004196167,13.5600004196167,1485232
2025-01-03,12.37925910949707,14.119999885559082,14.234999656677246,14.015000343322754,14.029999732971191,1146643
2025-01-07,12.037339210510254,13.729999542236328,14.039999961853027,13.729999542236328,14.0,1715245
2025-01-08,11.96281909942627,13.645000457763672,13.725000381469727,13.505000114440918,13.725000381469727,888054
2025-01-09,11.888297080993652,13.5600004196167,13.760000228881836,13.475000381469727,13.630000114440918,1209257
2025-01-10,11.70418643951416,13.350000381469727,13.585000038146973,13.289999961853027,13.5600004196167,1311901
2025-01-13,12.138162612915039,13.845000267028809,13.9399995803833,13.385000228881836,13.385000228881836,1327383
2025-01-14,11.88391399383545,13.555000305175781,13.850000381469727,13.354999542236328,13.824999809265137,2053169
2025-01-15,12.015420913696289,13.704999923706055,13.760000228881836,13.569999694824219,13.600000381469727,1599574
2025-01-16,11.835694313049316,13.5,13.71500015258789,13.460000038146973,13.704999923706055,880444
2025-01-17,11.96281909942627,13.645000457763672,13.71500015258789,13.555000305175781,13.59000015258789,1267460
2025-01-20,11.84007740020752,13.505000114440918,13.510000228881836,13.220000267028809,13.25,1138101
2025-01-21,11.875146865844727,13.545000076293945,13.574999809265137,13.324999809265137,13.479999542236328,1321820
2025-01-22,12.089942932128906,13.789999961853027,13.859999656677246,13.475000381469727,13.529999732971191,1193728
2025-01-23,12.181998252868652,13.895000457763672,13.895000457763672,13.739999771118164,13.75,963043
2025-01-24,12.125011444091797,13.829999923706055,13.989999771118164,13.765000343322754,13.895000457763672,736817
2025-01-27,11.655966758728027,13.295000076293945,13.664999961853027,13.295000076293945,13.645000457763672,2233366
2025-01-28,11.651583671569824,13.289999961853027,13.539999961853027,13.220000267028809,13.335000038146973,1051163
2025-01-29,11.971585273742676,13.654999732971191,13.654999732971191,13.300000190734863,13.319999694824219,1534255
2025-01-30,12.09432601928711,13.795000076293945,13.84000015258789,13.300000190734863,13.680000305175781,1013444
2025-01-31,12.274053573608398,14.0,14.0,13.75,13.795000076293945,1595859
2025-02-03,12.352958679199219,14.09000015258789,14.09000015258789,13.770000457763672,13.824999809265137,1850451
2025-02-04,12.199531555175781,13.914999961853027,14.145000457763672,13.795000076293945,14.050000190734863,1149640
2025-02-05,12.326656341552734,14.0600004196167,14.119999885559082,13.800000190734863,13.925000190734863,954495
2025-02-06,12.103093147277832,13.805000305175781,14.234999656677246,13.744999885559082,14.119999885559082,1664557
2025-02-07,12.414327621459961,14.15999984741211,14.15999984741211,13.805000305175781,13.805000305175781,1600807
2025-02-10,12.572137832641602,14.34000015258789,14.454999923706055,14.15999984741211,14.1850004196167,2774243
2025-02-11,12.537069320678711,14.300000190734863,14.539999961853027,13.949999809265137,14.050000190734863,3202148
2025-02-12,12.331039428710938,14.0649995803833,14.279999732971191,13.819999694824219,13.850000381469727,2339258
2025-02-13,12.537069320678711,14.300000190734863,14.375,13.970000267028809,14.020000457763672,2121944
2025-02-14,12.4976167678833,14.255000114440918,14.414999961853027,14.180000305175781,14.335000038146973,2005277
2025-02-17,12.66857624053955,14.449999809265137,14.694999694824219,14.279999732971191,14.34000015258789,1842338
2025-02-18,12.63350772857666,14.40999984741211,14.529999732971191,14.279999732971191,14.479999542236328,1396022
2025-02-19,12.992961883544922,14.819999694824219,14.850000381469727,14.4399995803833,14.454999923706055,2542594
2025-02-20,13.058716773986816,14.895000457763672,14.895000457763672,14.734999656677246,14.819999694824219,1909468
2025-02-21,13.076250076293945,14.914999961853027,14.989999771118164,14.78499984741211,14.899999618530273,2262304
2025-02-24,13.09816837310791,14.9399995803833,15.0649995803833,14.774999618530273,14.979999542236328,1061084
2025-02-25,13.124469757080078,14.970000267028809,15.130000114440918,14.954999923706055,14.960000038146973,1981608
2025-02-26,13.295429229736328,15.164999961853027,15.239999771118164,14.979999542236328,15.050000190734863,1677681
2025-02-27,13.321731567382812,15.194999694824219,15.369999885559082,15.015000343322754,15.164999961853027,1752981
2025-02-28,13.234060287475586,15.095000267028809,15.119999885559082,14.800000190734863,14.925000190734863,2576241
2025-03-03,13.080634117126465,14.920000076293945,15.260000228881836,14.904999732971191,15.15999984741211,629307
2025-03-04,12.953509330749512,14.774999618530273,15.0649995803833,14.760000228881836,14.90999984741211,1407994
2025-03-05,13.032414436340332,14.864999771118164,15.03499984741211,14.835000038146973,14.854999542236328,1256287
2025-03-06,13.102551460266113,14.944999694824219,15.135000228881836,14.805000305175781,14.930000305175781,1812405
2025-03-07,13.365567207336426,15.244999885559082,15.244999885559082,14.805000305175781,14.949999809265137,1672224
2025-03-10,13.720638275146484,15.649999618530273,15.6850004196167,15.020000457763672,15.25,2737739
2025-03-11,13.73378849029541,15.664999961853027,15.835000038146973,15.600000381469727,15.649999618530273,1800755
2025-03-12,13.457623481750488,15.350000381469727,15.75,15.220000267028809,15.6899995803833,1919192
2025-03-13,13.668035507202148,15.59000015258789,15.680000305175781,15.329999923706055,15.350000381469727,1362781
2025-03-14,13.59789752960205,15.510000228881836,15.649999618530273,15.40999984741211,15.59000015258789,1142011
2025-03-17,13.646116256713867,15.5649995803833,15.649999618530273,15.444999694824219,15.505000114440918,1153566
2025-03-18,13.545294761657715,15.449999809265137,15.640000343322754,15.4350004196167,15.5649995803833,1672334
2025-03-19,13.260360717773438,15.125,15.444999694824219,15.125,15.40999984741211,2201326
2025-03-20,13.470772743225098,15.364999771118164,15.364999771118164,15.114999771118164,15.140000343322754,1258682
2025-03-21,13.34803295135498,15.225000381469727,15.279999732971191,15.050000190734863,15.239999771118164,4360289
2025-03-24,13.492691993713379,15.390000343322754,15.454999923706055,15.255000114440918,15.274999618530273,1387929
2025-03-25,13.400636672973633,15.28499984741211,15.489999771118164,15.255000114440918,15.399999618530273,1779709
2025-03-26,13.51899242401123,15.420000076293945,15.5,15.274999618530273,15.300000190734863,1152875
2025-03-27,13.409403800964355,15.295000076293945,15.484999656677246,15.295000076293945,15.399999618530273,1353184
2025-03-28,13.312965393066406,15.1850004196167,15.454999923706055,15.149999618530273,15.345000267028809,1454988
2025-03-31,13.247209548950195,15.109999656677246,15.329999923706055,14.920000076293945,15.25,2230423
2025-04-01,13.255977630615234,15.119999885559082,15.3100004196167,14.960000038146973,15.119999885559082,3378945
2025-04-02,13.48302936553955,13.954999923706055,13.954999923706055,13.635000228881836,13.720000267028809,2988481
2025-04-03,13.700420379638672,14.180000305175781,14.34000015258789,13.800000190734863,13.930000305175781,2141288
2025-04-04,13.120712280273438,13.579999923706055,14.234999656677246,13.484999656677246,14.154999732971191,1457101
2025-04-07,12.328446388244629,12.760000228881836,13.0,12.414999961853027,12.920000076293945,2227989
2025-04-08,12.434725761413574,12.869999885559082,12.984999656677246,12.770000457763672,12.850000381469727,1707339
2025-04-09,12.101393699645996,12.524999618530273,12.65999984741211,12.244999885559082,12.579999923706055,2172824
2025-04-10,12.367093086242676,12.800000190734863,13.395000457763672,12.800000190734863,13.395000457763672,2490314
2025-04-11,12.420232772827148,12.854999542236328,12.920000076293945,12.720000267028809,12.864999771118164,1603831
2025-04-14,12.77288818359375,13.220000267028809,13.239999771118164,12.989999771118164,13.170000076293945,1338584
2025-04-15,12.879167556762695,13.329999923706055,13.350000381469727,13.114999771118164,13.300000190734863,1251227
2025-04-16,13.120712280273438,13.579999923706055,13.614999771118164,13.279999732971191,13.329999923706055,1036913
2025-04-17,13.08206558227539,13.539999961853027,13.600000381469727,13.4399995803833,13.539999961853027,761957
2025-04-22,13.08206558227539,13.539999961853027,13.545000076293945,13.414999961853027,13.539999961853027,1067972
2025-04-23,13.062742233276367,13.520000457763672,13.604999542236328,13.369999885559082,13.604999542236328,1551719
2025-04-24,13.10138988494873,13.5600004196167,13.699999809265137,13.470000267028809,13.515000343322754,1051220
2025-04-25,12.975786209106445,13.430000305175781,13.614999771118164,13.430000305175781,13.600000381469727,1194693
2025-04-28,13.106219291687012,13.5649995803833,13.5649995803833,13.420000076293945,13.475000381469727,1595253
2025-04-29,14.140031814575195,14.635000228881836,14.664999961853027,13.90999984741211,14.0600004196167,4074265
2025-04-30,14.24631118774414,14.744999885559082,14.75,14.239999771118164,14.515000343322754,2772448
2025-05-02,14.04824447631836,14.539999961853027,14.829999923706055,14.449999809265137,14.800000190734863,1044778
2025-05-05,13.874332427978516,14.359999656677246,14.539999961853027,14.3149995803833,14.539999961853027,757560
2025-05-06,14.057906150817871,14.550000190734863,14.550000190734863,14.239999771118164,14.40999984741211,1072969
2025-05-07,14.159355163574219,14.654999732971191,14.680000305175781,14.444999694824219,14.555000305175781,1052368
2025-05-08,14.16901683807373,14.664999961853027,14.800000190734863,14.5,14.664999961853027,1220819
2025-05-09,14.212494850158691,14.710000038146973,14.829999923706055,14.640000343322754,14.654999732971191,857103
2025-05-12,14.371914863586426,14.875,14.875,14.484999656677246,14.704999923706055,1803065
2025-05-13,14.057906150817871,14.550000190734863,15.020000457763672,14.550000190734863,14.869999885559082,1415404
2025-05-14,14.0675687789917,14.5600004196167,14.604999542236328,14.40999984741211,14.510000228881836,1080778
2025-05-15,14.304282188415527,14.805000305175781,14.805000305175781,14.430000305175781,14.5600004196167,1408745
2025-05-16,14.569981575012207,15.079999923706055,15.095000267028809,14.850000381469727,14.850000381469727,1585725
2025-05-19,14.656937599182129,15.170000076293945,15.225000381469727,14.845000267028809,15.069999694824219,1024655
2025-05-20,14.821187973022461,15.34000015258789,15.34000015258789,15.180000305175781,15.1899995803833,1607314
2025-05-21,14.724569320678711,15.239999771118164,15.270000457763672,14.800000190734863,14.899999618530273,1935811
2025-05-22,14.540996551513672,15.050000190734863,15.229999542236328,14.970000267028809,15.135000228881836,1160368
2025-05-23,14.565150260925293,15.074999809265137,15.140000343322754,14.864999771118164,15.055000305175781,1378311
2025-05-26,14.661768913269043,15.175000190734863,15.225000381469727,15.0600004196167,15.079999923706055,568183
2025-05-27,14.7777099609375,15.295000076293945,15.345000267028809,15.085000038146973,15.175000190734863,1497562
2025-05-28,14.656937599182129,15.170000076293945,15.3149995803833,15.119999885559082,15.234999656677246,1051099
2025-05-30,14.685922622680664,15.199999809265137,15.25,15.109999656677246,15.210000038146973,3535830
2025-06-02,14.83568000793457,15.354999542236328,15.454999923706055,15.135000228881836,15.199999809265137,1848337
2025-06-03,14.859835624694824,15.380000114440918,15.454999923706055,15.265000343322754,15.350000381469727,975171
2025-06-04,15.067564010620117,15.595000267028809,15.699999809265137,15.329999923706055,15.425000190734863,1488786
2025-06-05,15.183505058288574,15.71500015258789,15.779999732971191,15.460000038146973,15.545000076293945,1077657
2025-06-06,15.062732696533203,15.59000015258789,15.75,15.550000190734863,15.71500015258789,637756
2025-06-09,14.980607986450195,15.505000114440918,15.600000381469727,15.444999694824219,15.59000015258789,741846
2025-06-10,15.115873336791992,15.645000457763672,15.729999542236328,15.46500015258789,15.545000076293945,777284
2025-06-11,15.415388107299805,15.954999923706055,15.979999542236328,15.640000343322754,15.645000457763672,1403011
2025-06-12,15.550652503967285,16.094999313354492,16.100000381469727,15.779999732971191,15.880000114440918,1201391
2025-06-13,15.468527793884277,16.010000228881836,16.204999923706055,15.970000267028809,16.06999969482422,1304945
2025-06-16,15.6182861328125,16.165000915527344,16.21500015258789,15.920000076293945,16.0,1468530
2025-06-17,15.323600769042969,15.859999656677246,16.100000381469727,15.75,16.049999237060547,1290406
2025-06-18,15.265630722045898,15.800000190734863,15.920000076293945,15.725000381469727,15.819999694824219,1443470
2025-06-19,15.420219421386719,15.960000038146973,15.960000038146973,15.699999809265137,15.699999809265137,2461215
2025-06-23,15.6182861328125,16.165000915527344,16.209999084472656,15.925000190734863,16.05500030517578,1367560
2025-06-24,15.193167686462402,15.725000381469727,15.96500015258789,15.550000190734863,15.949999809265137,2283970
2025-06-25,15.091717720031738,15.619999885559082,15.789999961853027,15.579999923706055,15.725000381469727,1214162
2025-06-26,15.125534057617188,15.654999732971191,15.75,15.569999694824219,15.600000381469727,1198953
2025-06-27,15.318769454956055,15.854999542236328,15.854999542236328,15.649999618530273,15.694999694824219,1139296
2025-06-30,15.35258674621582,15.890000343322754,16.0,15.795000076293945,15.914999961853027,1005899
2025-07-01,15.17867374420166,15.710000038146973,15.96500015258789,15.65999984741211,15.904999732971191,1077380
2025-07-02,15.154520034790039,15.6850004196167,15.845000267028809,15.630000114440918,15.75,834036
2025-07-03,15.140027046203613,15.670000076293945,15.755000114440918,15.585000038146973,15.6850004196167,684230
2025-07-04,15.115873336791992,15.645000457763672,15.6899995803833,15.539999961853027,15.670000076293945,678356
2025-07-07,15.115873336791992,15.645000457763672,15.694999694824219,15.569999694824219,15.645000457763672,704986
2025-07-08,14.93229866027832,15.454999923706055,15.630000114440918,15.359999656677246,15.625,1102486
2025-07-09,14.941960334777832,15.46500015258789,15.5649995803833,15.319999694824219,15.449999809265137,1167499
2025-07-10,14.946791648864746,15.470000267028809,15.625,15.454999923706055,15.5,846235
2025-07-11,15.004761695861816,15.529999732971191,15.609999656677246,15.4350004196167,15.470000267028809,613136
2025-07-14,15.197997093200684,15.729999542236328,15.770000457763672,15.539999961853027,15.5649995803833,866393
2025-07-15,15.130365371704102,15.65999984741211,15.800000190734863,15.59000015258789,15.739999771118164,614757
2025-07-16,15.077224731445312,15.604999542236328,15.760000228881836,15.604999542236328,15.680000305175781,733070
2025-07-17,15.120702743530273,15.649999618530273,15.65999984741211,15.475000381469727,15.579999923706055,710477
2025-07-18,15.183505058288574,15.71500015258789,15.71500015258789,15.555000305175781,15.6850004196167,858433
2025-07-21,15.396064758300781,15.9350004196167,15.954999923706055,15.6899995803833,15.770000457763672,1054699
2025-07-22,15.637608528137207,16.184999465942383,16.235000610351562,15.920000076293945,15.970000267028809,1490803
2025-07-23,15.676257133483887,16.225000381469727,16.260000228881836,16.045000076293945,16.200000762939453,1167518
2025-07-24,16.130359649658203,16.69499969482422,16.75,16.200000762939453,16.219999313354492,1857555
2025-07-25,16.226978302001953,16.795000076293945,16.795000076293945,16.454999923706055,16.69499969482422,1072543
2025-07-28,16.05306625366211,16.614999771118164,16.905000686645508,16.475000381469727,16.850000381469727,1012436
2025-07-29,15.091717720031738,15.619999885559082,16.780000686645508,15.619999885559082,16.614999771118164,456765
2025-07-30,15.536160469055176,16.079999923706055,16.3799991607666,15.994999885559082,16.0,1750686
2025-07-31,15.545822143554688,16.09000015258789,16.149999618530273,16.030000686645508,16.040000915527344,954753
2025-08-01,15.458866119384766,16.0,16.18000030517578,15.9350004196167,16.059999465942383,970731
2025-08-04,15.550652503967285,16.094999313354492,16.110000610351562,15.984999656677246,16.0,1264767
2025-08-05,15.623116493225098,16.170000076293945,16.235000610351562,16.040000915527344,16.1200008392334,932634
2025-08-06,15.753551483154297,16.30500030517578,16.344999313354492,16.1299991607666,16.170000076293945,1281411
2025-08-07,15.371910095214844,15.90999984741211,16.25,15.84000015258789,16.239999771118164,1091874
2025-08-08,15.342925071716309,15.880000114440918,16.049999237060547,15.875,15.90999984741211,1791373
2025-08-11,15.169012069702148,15.699999809265137,15.864999771118164,15.630000114440918,15.854999542236328,1069435
2025-08-12,15.222152709960938,15.755000114440918,15.835000038146973,15.515000343322754,15.699999809265137,1273722
2025-08-13,15.17867374420166,15.710000038146973,15.875,15.65999984741211,15.765000343322754,753832
2025-08-14,15.077224731445312,15.604999542236328,15.725000381469727,15.5,15.699999809265137,784196
2025-08-15,14.66659927368164,15.180000305175781,15.25,14.819999694824219,14.819999694824219,1911784
2025-08-18,14.608628273010254,15.119999885559082,15.399999618530273,15.045000076293945,15.154999732971191,1094248
2025-08-19,14.497517585754395,15.005000114440918,15.114999771118164,14.9350004196167,15.114999771118164,1271911
2025-08-20,14.62312126159668,15.135000228881836,15.350000381469727,14.944999694824219,15.0,1727322
2025-08-21,14.70041561126709,15.21500015258789,15.244999885559082,15.09000015258789,15.135000228881836,693240
2025-08-22,14.792202949523926,15.3100004196167,15.40999984741211,15.170000076293945,15.204999923706055,632813
2025-08-25,14.618289947509766,15.130000114440918,15.3149995803833,15.130000114440918,15.3100004196167,481926
2025-08-26,14.536165237426758,15.045000076293945,15.229999542236328,15.039999961853027,15.130000114440918,1204266
2025-08-27,14.463702201843262,14.970000267028809,15.164999961853027,14.970000267028809,15.029999732971191,674215
2025-08-28,14.304282188415527,14.805000305175781,14.984999656677246,14.729999542236328,14.970000267028809,922917
2025-08-29,14.289789199829102,14.789999961853027,14.84000015258789,14.71500015258789,14.774999618530273,1510569
2025-09-01,14.231818199157715,14.729999542236328,14.885000228881836,14.729999542236328,14.789999961853027,864243
2025-09-02,14.043413162231445,14.53499984741211,14.71500015258789,14.399999618530273,14.6850004196167,1174092
2025-09-03,14.159355163574219,14.654999732971191,14.654999732971191,14.524999618530273,14.53499984741211,919900
2025-09-04,14.154523849487305,14.649999618530273,14.895000457763672,14.585000038146973,14.585000038146973,898060
2025-09-05,14.241479873657227,14.739999771118164,14.805000305175781,14.65999984741211,14.6850004196167,928113
2025-09-08,14.304282188415527,14.805000305175781,14.850000381469727,14.725000381469727,14.779999732971191,1070248
2025-09-09,14.410561561584473,14.914999961853027,14.9399995803833,14.805000305175781,14.805000305175781,876110
2025-09-10,14.652106285095215,15.164999961853027,15.204999923706055,14.90999984741211,14.949999809265137,831314
2025-09-11,14.584474563598633,15.095000267028809,15.260000228881836,15.095000267028809,15.164999961853027,742189
2025-09-12,14.763216972351074,15.279999732971191,15.324999809265137,15.095000267028809,15.095000267028809,1446676
2025-09-15,14.946791648864746,15.470000267028809,15.470000267028809,15.244999885559082,15.319999694824219,1291028
2025-09-16,14.893651008605957,15.414999961853027,15.479999542236328,15.359999656677246,15.470000267028809,1027027
2025-09-17,14.941960334777832,15.46500015258789,15.744999885559082,15.399999618530273,15.399999618530273,1117634
2025-09-18,14.816356658935547,15.335000038146973,15.529999732971191,15.21500015258789,15.46500015258789,1042478
2025-09-19,14.613459587097168,15.125,15.354999542236328,15.020000457763672,15.295000076293945,2742925
2025-09-22,14.724569320678711,15.239999771118164,15.279999732971191,15.079999923706055,15.114999771118164,527245
2025-09-23,14.951622009277344,15.475000381469727,15.494999885559082,15.289999961853027,15.295000076293945,841352
2025-09-24,14.951622009277344,15.475000381469727,15.5649995803833,15.390000343322754,15.494999885559082,739984
2025-09-25,14.946791648864746,15.470000267028809,15.619999885559082,15.425000190734863,15.475000381469727,904802
2025-09-26,15.028916358947754,15.555000305175781,15.675000190734863,15.460000038146973,15.470000267028809,641135
2025-09-29,15.507174491882324,16.049999237060547,16.049999237060547,15.640000343322754,15.640000343322754,1883724
2025-09-30,15.560314178466797,16.104999542236328,16.114999771118164,15.765000343322754,16.03499984741211,1402117
2025-10-01,15.748719215393066,16.299999237060547,16.299999237060547,16.059999465942383,16.100000381469727,1205286
2025-10-02,15.603792190551758,16.149999618530273,16.25,15.970000267028809,16.25,1744417
2025-10-03,15.763213157653809,16.315000534057617,16.315000534057617,16.020000457763672,16.149999618530273,783487
2025-10-06,15.835675239562988,16.389999389648438,16.424999237060547,16.135000228881836,16.264999389648438,855158
2025-10-07,15.627946853637695,16.174999237060547,16.459999084472656,16.174999237060547,16.389999389648438,1304859
2025-10-08,15.666594505310059,16.21500015258789,16.299999237060547,16.104999542236328,16.174999237060547,641918
2025-10-09,15.700410842895508,16.25,16.3700008392334,16.200000762939453,16.209999084472656,657018
2025-10-10,15.95644760131836,16.514999389648438,16.530000686645508,16.235000610351562,16.25,1261737
2025-10-13,16.062728881835938,16.625,16.625,16.325000762939453,16.479999542236328,1033162
2025-10-14,16.26079559326172,16.829999923706055,16.829999923706055,16.584999084472656,16.584999084472656,1328864
2025-10-15,16.608619689941406,17.190000534057617,17.21500015258789,16.844999313354492,16.850000381469727,1370748
2025-10-16,17.241466522216797,17.844999313354492,17.844999313354492,17.204999923706055,17.209999084472656,1990371
2025-10-17,17.04823112487793,17.645000457763672,17.799999237060547,17.264999389648438,17.799999237060547,1573544
2025-10-20,17.197988510131836,17.799999237060547,17.799999237060547,17.475000381469727,17.610000610351562,1299650
2025-10-21,17.106201171875,17.704999923706055,17.90999984741211,17.5,17.78499984741211,1007374
2025-10-22,17.072385787963867,17.670000076293945,17.704999923706055,17.5049991607666,17.600000381469727,868515
2025-10-23,17.396055221557617,18.0049991607666,18.0049991607666,17.649999618530273,17.649999618530273,1154425
2025-10-24,17.197988510131836,17.799999237060547,17.915000915527344,17.44499969482422,17.915000915527344,1000436
2025-10-27,17.16417121887207,17.764999389648438,17.860000610351562,17.579999923706055,17.799999237060547,1458458
2025-10-28,17.24629783630371,17.850000381469727,17.924999237060547,17.514999389648438,17.719999313354492,1658570
2025-10-29,18.096534729003906,18.729999542236328,18.850000381469727,17.15999984741211,17.399999618530273,4723472
2025-10-30,19.193147659301758,19.864999771118164,19.864999771118164,18.649999618530273,18.65999984741211,3533001
2025-10-31,18.68590545654297,19.34000015258789,19.834999084472656,19.274999618530273,19.760000228881836,2968765
2025-11-03,19.507156372070312,20.190000534057617,20.209999084472656,19.2450008392334,19.299999237060547,2727941
2025-11-04,19.526479721069336,20.209999084472656,20.3799991607666,19.81999969482422,20.110000610351562,1902922
2025-11-05,19.188318252563477,19.860000610351562,20.170000076293945,19.860000610351562,20.110000610351562,1658652
2025-11-06,19.31875228881836,19.9950008392334,20.079999923706055,19.729999542236328,19.860000610351562,1485230
2025-11-07,18.951602935791016,19.614999771118164,20.190000534057617,19.514999389648438,20.0,1722774
2025-11-10,19.009572982788086,19.674999237060547,19.78499984741211,19.420000076293945,19.649999618530273,1275723
2025-11-11,18.88880157470703,19.549999237060547,19.825000762939453,19.44499969482422,19.674999237060547,1798492
2025-11-12,18.94194221496582,19.604999542236328,19.690000534057617,19.1299991607666,19.579999923706055,1372658
2025-11-13,18.864646911621094,19.524999618530273,19.90999984741211,19.524999618530273,19.600000381469727,998181
2025-11-14,18.405712127685547,19.049999237060547,19.315000534057617,18.780000686645508,19.204999923706055,1346110
2025-11-17,18.357402801513672,19.0,19.184999465942383,18.985000610351562,19.049999237060547,1070256
2025-11-18,18.024072647094727,18.655000686645508,18.735000610351562,18.5049991607666,18.549999237060547,1505589
2025-11-19,17.898468017578125,18.524999618530273,18.834999084472656,18.5,18.579999923706055,1322798
2025-11-20,18.28493881225586,18.924999237060547,19.364999771118164,18.674999237060547,18.674999237060547,1237883
2025-11-21,17.57962989807129,18.19499969482422,18.854999542236328,18.06999969482422,18.709999084472656,1392610
2025-11-24,17.743879318237305,18.364999771118164,18.434999465942383,17.989999771118164,18.239999771118164,2407210
2025-11-25,16.768037796020508,17.354999542236328,17.795000076293945,16.959999084472656,17.75,4307536
2025-11-26,17.07721519470215,17.674999237060547,17.80500030517578,17.280000686645508,17.354999542236328,1428866
2025-11-27,17.07721519470215,17.674999237060547,17.815000534057617,17.639999389648438,17.709999084472656,565517
2025-11-28,17.096538543701172,17.69499969482422,17.71500015258789,17.524999618530273,17.674999237060547,1169027
2025-12-01,16.99509048461914,17.59000015258789,17.899999618530273,17.584999084472656,17.65999984741211,1423201
2025-12-02,17.072385787963867,17.670000076293945,17.959999084472656,17.565000534057617,17.639999389648438,1394142
2025-12-03,17.125526428222656,17.725000381469727,17.950000762939453,17.700000762939453,17.700000762939453,786337
2025-12-04,17.06272315979004,17.65999984741211,17.80500030517578,17.5,17.75,779923
2025-12-05,16.90813446044922,17.5,17.610000610351562,17.350000381469727,17.584999084472656,958297
2025-12-08,17.26078987121582,17.864999771118164,17.864999771118164,17.4950008392334,17.5,1403254
2025-12-09,17.226974487304688,17.829999923706055,17.934999465942383,17.700000762939453,17.864999771118164,1203060
2025-12-10,17.251127243041992,17.854999542236328,18.15999984741211,17.81999969482422,17.829999923706055,1121553
2025-12-11,17.49750518798828,18.110000610351562,18.229999542236328,17.6200008392334,17.780000686645508,1179426
2025-12-12,17.36223793029785,17.969999313354492,18.149999618530273,17.895000457763672,18.0,1272919
2025-12-15,17.66658592224121,18.28499984741211,18.459999084472656,17.969999313354492,18.0,1165245
2025-12-16,17.444364547729492,18.05500030517578,18.31999969482422,18.0,18.239999771118164,978694
2025-12-17,17.057893753051758,17.655000686645508,18.235000610351562,17.635000228881836,18.05500030517578,1231809
2025-12-18,17.280113220214844,17.885000228881836,17.959999084472656,17.545000076293945,17.655000686645508,1302998
2025-12-19,17.444364547729492,18.05500030517578,18.104999542236328,17.770000457763672,17.889999389648438,2720208
2025-12-22,17.386394500732422,17.9950008392334,17.9950008392334,17.790000915527344,17.969999313354492,843968
2025-12-23,17.45402717590332,18.065000534057617,18.079999923706055,17.899999618530273,17.950000762939453,634775
2025-12-29,17.492671966552734,18.104999542236328,18.104999542236328,17.920000076293945,18.065000534057617,663990
2025-12-30,17.56513786315918,18.18000030517578,18.239999771118164,18.020000457763672,18.100000381469727,689306
2026-01-02,17.874313354492188,18.5,18.639999389648438,18.190000534057617,18.200000762939453,792126
2026-01-05,18.004749298095703,18.635000228881836,18.700000762939453,18.219999313354492,18.665000915527344,851297
2026-01-07,18.511991500854492,19.15999984741211,19.405000686645508,18.604999542236328,18.635000228881836,2033322
2026-01-08,18.140012741088867,18.774999618530273,19.219999313354492,18.725000381469727,19.170000076293945,1024297
2026-01-09,18.246294021606445,18.885000228881836,18.93000030517578,18.549999237060547,18.809999465942383,793171
2026-01-12,18.42503547668457,19.06999969482422,19.06999969482422,18.700000762939453,18.8799991607666,967933
2026-01-13,18.3670654296875,19.010000228881836,19.174999237060547,18.770000457763672,19.084999084472656,1102683
2026-01-14,18.598947525024414,19.25,19.395000457763672,19.0,19.049999237060547,1063835
2026-01-15,18.72938346862793,19.385000228881836,19.5049991607666,18.985000610351562,19.2450008392334,1169886
2026-01-16,18.995080947875977,19.65999984741211,19.65999984741211,19.364999771118164,19.469999313354492,725004
2026-01-19,18.637596130371094,19.290000915527344,19.565000534057617,19.235000610351562,19.5,697485
2026-01-20,18.173828125,18.809999465942383,19.25,18.704999923706055,19.25,1124619
2026-01-21,18.39605140686035,19.040000915527344,19.1299991607666,18.770000457763672,18.790000915527344,657633
2026-01-22,18.835662841796875,19.4950008392334,19.59000015258789,19.065000534057617,19.21500015258789,1230079
2026-01-23,19.32358169555664,20.0,20.0,19.600000381469727,19.709999084472656,1364204
2026-01-26,19.47817039489746,20.15999984741211,20.290000915527344,19.825000762939453,20.0,1040698
2026-01-27,19.48783302307129,20.170000076293945,20.420000076293945,20.06999969482422,20.15999984741211,1172475
2026-01-28,19.54580307006836,20.229999542236328,20.450000762939453,19.950000762939453,20.200000762939453,831045
2026-01-29,19.32358169555664,20.0,20.389999389648438,19.959999084472656,20.200000762939453,384046
2026-01-30,19.241458892822266,19.915000915527344,20.1299991607666,19.850000381469727,19.979999542236328,1183016
2026-02-02,19.260780334472656,19.934999465942383,20.329999923706055,19.649999618530273,19.899999618530273,1234253
2026-02-03,18.454021453857422,19.100000381469727,19.934999465942383,18.100000381469727,19.350000381469727,5079160
2026-02-04,19.207639694213867,19.8799991607666,20.149999618530273,19.270000457763672,19.334999084472656,2139396
2026-02-05,18.304264068603516,18.94499969482422,19.770000457763672,18.780000686645508,19.71500015258789,1747703
2026-02-06,18.77286148071289,19.43000030517578,19.670000076293945,18.950000762939453,18.959999084472656,1628934
2026-02-09,18.903295516967773,19.565000534057617,19.625,19.30500030517578,19.43000030517578,945836
2026-02-10,19.299428939819336,19.975000381469727,19.975000381469727,19.405000686645508,19.5,1049664
2026-02-11,19.92261505126953,20.6200008392334,20.65999984741211,19.875,19.985000610351562,1845424
2026-02-12,18.637596130371094,19.290000915527344,20.809999465942383,18.90999984741211,20.700000762939453,2602906
2026-02-13,18.30909538269043,18.950000762939453,19.469999313354492,18.625,19.290000915527344,1623477
2026-02-16,18.57479476928711,19.225000381469727,19.299999237060547,18.795000076293945,18.940000534057617,656210
2026-02-17,18.937110900878906,19.600000381469727,19.735000610351562,19.204999923706055,19.225000381469727,1091897
2026-02-18,19.458847045898438,20.139999389648438,20.43000030517578,19.59000015258789,19.684999465942383,1708236
2026-02-19,18.98542022705078,19.649999618530273,19.985000610351562,19.454999923706055,19.854999542236328,1436276
2026-02-20,19.028898239135742,19.69499969482422,19.940000534057617,19.559999465942383,19.635000228881836,1283528
2026-02-23,18.917787551879883,19.579999923706055,19.899999618530273,19.440000534057617,19.71500015258789,1274133
2026-02-24,18.908124923706055,19.56999969482422,19.950000762939453,19.3700008392334,19.59000015258789,1751326
2026-02-25,19.226964950561523,19.899999618530273,19.915000915527344,19.450000762939453,19.510000228881836,1820573
2026-02-26,18.879140853881836,19.540000915527344,20.030000686645508,19.5049991607666,19.8700008392334,1911176
2026-02-27,19.1400089263916,19.809999465942383,20.059999465942383,19.540000915527344,19.579999923706055,3513330
2026-03-02,19.88396644592285,20.579999923706055,20.850000381469727,19.94499969482422,20.0,2340294
2026-03-03,19.193147659301758,19.864999771118164,20.34000015258789,19.6200008392334,20.18000030517578,1854938
2026-03-04,19.183486938476562,19.854999542236328,20.18000030517578,19.729999542236328,19.84000015258789,1037316
2026-03-05,18.869478225708008,19.530000686645508,20.290000915527344,19.5049991607666,19.860000610351562,1407267
2026-03-06,19.072376251220703,19.739999771118164,19.899999618530273,19.524999618530273,19.600000381469727,1028657
2026-03-09,19.183486938476562,19.854999542236328,19.979999542236328,19.219999313354492,19.5,1239776
2026-03-10,19.661745071411133,20.350000381469727,20.5,19.799999237060547,19.934999465942383,1562125
2026-03-11,19.758363723754883,20.450000762939453,20.600000381469727,19.950000762939453,20.34000015258789,936780
2026-03-12,20.463674545288086,21.18000030517578,21.18000030517578,20.219999313354492,20.34000015258789,1686960
2026-03-13,20.299423217773438,21.010000228881836,21.440000534057617,20.780000686645508,21.09000015258789,842444
2026-03-16,20.82115936279297,21.549999237060547,21.68000030517578,21.0,21.0,1793756
2026-03-17,21.400867462158203,22.149999618530273,22.229999542236328,21.549999237060547,21.549999237060547,1420423
2026-03-18,21.50714683532715,22.260000228881836,22.260000228881836,21.889999389648438,22.049999237060547,1309747
2026-03-19,21.304248809814453,22.049999237060547,22.649999618530273,21.93000030517578,21.950000762939453,2240513
2026-03-20,21.01439666748047,21.75,22.350000381469727,21.68000030517578,22.049999237060547,5729330
2026-03-23,20.038555145263672,20.739999771118164,21.450000762939453,20.670000076293945,21.270000457763672,1290118
2026-03-24,19.961259841918945,20.65999984741211,20.809999465942383,20.420000076293945,20.600000381469727,881527
2026-03-25,20.531307220458984,21.25,21.31999969482422,20.780000686645508,20.799999237060547,1275517
2026-03-26,20.454011917114258,21.170000076293945,21.309999465942383,20.809999465942383,21.100000381469727,1121394
2026-03-27,20.173818588256836,20.8799991607666,21.389999389648438,20.520000457763672,21.25,1009787
2026-03-30,20.927440643310547,21.65999984741211,21.770000457763672,20.940000534057617,21.0,2403767
2026-03-31,21.139999389648438,21.8799991607666,22.079999923706055,21.559999465942383,21.75,1380873
2026-04-01,21.479999542236328,21.479999542236328,21.540000915527344,21.049999237060547,21.170000076293945,662540
2026-04-02,22.6299991607666,22.6299991607666,22.6299991607666,21.360000610351562,21.399999618530273,1817756
2026-04-07,22.270000457763672,22.270000457763672,22.920000076293945,22.270000457763672,22.649999618530273,1431550
2026-04-08,21.780000686645508,21.780000686645508,21.899999618530273,20.950000762939453,21.219999313354492,1704249
2026-04-09,22.030000686645508,22.030000686645508,22.15999984741211,21.829999923706055,21.8700008392334,1376009
2026-04-10,22.3799991607666,22.3799991607666,22.399999618530273,21.809999465942383,21.979999542236328,1058937
2026-04-13,22.290000915527344,22.290000915527344,22.549999237060547,22.18000030517578,22.3799991607666,1558175
2026-04-14,22.31999969482422,22.31999969482422,22.530000686645508,21.93000030517578,22.459999084472656,1194182
2026-04-15,21.979999542236328,21.979999542236328,22.360000610351562,21.899999618530273,22.31999969482422,910160
2026-04-16,21.90999984741211,21.90999984741211,22.139999389648438,21.829999923706055,22.0,954767
2026-04-17,21.139999389648438,21.139999389648438,21.809999465942383,20.75,21.809999465942383,2279993
2026-04-20,21.299999237060547,21.299999237060547,21.610000610351562,21.200000762939453,21.34000015258789,876940
2026-04-21,21.25,21.25,21.34000015258789,21.049999237060547,21.200000762939453,865949
2026-04-22,21.829999923706055,21.829999923706055,21.969999313354492,21.25,21.25,945974
2026-04-23,22.079999923706055,22.079999923706055,22.100000381469727,21.649999618530273,21.649999618530273,786778
2026-04-24,21.760000228881836,21.760000228881836,22.09000015258789,21.700000762939453,22.079999923706055,579330
2026-04-27,21.649999618530273,21.649999618530273,21.90999984741211,21.549999237060547,21.700000762939453,675029
2026-04-28,22.020000457763672,22.020000457763672,22.020000457763672,21.649999618530273,21.649999618530273,964054
2026-04-29,21.299999237060547,21.299999237060547,22.09000015258789,21.030000686645508,22.0,1405457
2026-04-30,21.440000534057617,21.440000534057617,21.540000915527344,21.079999923706055,21.18000030517578,1448986
2026-05-04,21.579999923706055,21.579999923706055,22.0,21.459999084472656,21.989999771118164,817120
2026-05-05,21.729999542236328,21.729999542236328,21.8700008392334,21.559999465942383,21.600000381469727,691196
2026-05-06,21.09000015258789,21.09000015258789,21.729999542236328,20.690000534057617,21.729999542236328,1511051
2026-05-07,20.690000534057617,20.690000534057617,21.079999923706055,20.559999465942383,21.049999237060547,1271435
2026-05-08,20.489999771118164,20.489999771118164,20.790000915527344,20.420000076293945,20.6200008392334,1011340
2026-05-11,20.420000076293945,20.420000076293945,20.610000610351562,20.219999313354492,20.5,820805
2026-05-12,20.209999084472656,20.209999084472656,20.479999542236328,20.209999084472656,20.420000076293945,571045
2026-05-13,20.239999771118164,20.239999771118164,20.520000457763672,20.049999237060547,20.299999237060547,754412
2026-05-15,20.200000762939453,20.200000762939453,20.540000915527344,20.170000076293945,20.520000457763672,839138
2026-05-18,20.760000228881836,20.760000228881836,20.790000915527344,20.170000076293945,20.200000762939453,791759
2026-05-19,21.010000228881836,21.010000228881836,21.010000228881836,20.760000228881836,20.81999969482422,996414
2026-05-20,20.59000015258789,20.59000015258789,21.350000381469727,20.59000015258789,21.079999923706055,1282631
2026-05-21,21.030000686645508,21.030000686645508,21.06999969482422,20.59000015258789,20.59000015258789,198444
2026-05-22,20.739999771118164,20.739999771118164,21.049999237060547,20.739999771118164,20.93000030517578,446617
2026-05-25,20.579999923706055,20.579999923706055,20.780000686645508,20.549999237060547,20.649999618530273,573974
2026-05-26,20.690000534057617,20.690000534057617,20.860000610351562,20.520000457763672,20.579999923706055,851711
2026-05-27,20.260000228881836,20.260000228881836,20.700000762939453,20.040000915527344,20.690000534057617,355576
2026-05-28,20.149999618530273,20.149999618530273,20.450000762939453,20.100000381469727,20.350000381469727,348147
2026-05-29,20.049999237060547,20.049999237060547,20.219999313354492,19.93000030517578,20.1200008392334,426048
2026-06-01,20.1200008392334,20.1200008392334,20.25,20.049999237060547,20.049999237060547,425114
2026-06-02,20.719999313354492,20.719999313354492,20.829999923706055,19.94499969482422,20.020000457763672,503137
2026-06-03,21.200000762939453,21.200000762939453,21.40999984741211,20.799999237060547,20.81999969482422,421458
2026-06-04,20.950000762939453,20.950000762939453,21.18000030517578,20.770000457763672,20.889999389648438,345814
2026-06-05,21.190000534057617,21.190000534057617,21.31999969482422,20.81999969482422,21.049999237060547,368886
2026-06-08,20.959999084472656,20.959999084472656,21.280000686645508,20.729999542236328,21.059999465942383,258955
2026-06-09,20.81999969482422,20.81999969482422,21.1299991607666,20.75,20.75,306991
2026-06-10,20.6299991607666,20.6299991607666,20.799999237060547,20.31999969482422,20.610000610351562,332843
2026-06-11,20.690000534057617,20.690000534057617,20.899999618530273,20.399999618530273,20.450000762939453,171778
2026-06-12,20.350000381469727,20.350000381469727,20.649999618530273,20.09000015258789,20.610000610351562,1204847
2026-06-15,20.139999389648438,20.139999389648438,20.389999389648438,19.809999465942383,20.350000381469727,350467
2026-06-16,19.770000457763672,19.770000457763672,20.190000534057617,19.614999771118164,20.1200008392334,384002
2026-06-17,19.985000610351562,19.985000610351562,20.020000457763672,19.469999313354492,19.760000228881836,340972
2026-06-18,19.3700008392334,19.3700008392334,20.010000228881836,19.309999465942383,19.979999542236328,595539
2026-06-22,20.020000457763672,20.020000457763672,20.100000381469727,19.739999771118164,19.905000686645508,1455994
2026-06-23,19.7450008392334,19.7450008392334,20.020000457763672,19.56999969482422,19.969999313354492,1709602
2026-06-24,19.2549991607666,19.2549991607666,19.875,19.06999969482422,19.7450008392334,679003
2026-06-25,19.485000610351562,19.485000610351562,19.575000762939453,19.2450008392334,19.2549991607666,731223
2026-06-26,19.56999969482422,19.56999969482422,19.59000015258789,19.385000228881836,19.454999923706055,790983
2026-06-29,19.979999542236328,19.979999542236328,20.030000686645508,19.5,19.56999969482422,690590
2026-06-30,20.290000915527344,20.290000915527344,20.309999465942383,20.010000228881836,20.030000686645508,1031191
2026-07-01,19.704999923706055,19.704999923706055,20.299999237060547,19.53499984741211,20.290000915527344,961380
2026-07-02,19.834999084472656,19.834999084472656,20.1299991607666,19.6200008392334,19.704999923706055,962139
2026-07-03,20.610000610351562,20.610000610351562,20.610000610351562,20.0,20.010000228881836,1123540
2026-07-06,19.8799991607666,19.8799991607666,20.549999237060547,19.8799991607666,20.549999237060547,1088897
2026-07-07,19.735000610351562,19.735000610351562,20.06999969482422,19.735000610351562,19.934999465942383,949732
2026-07-08,19.594999313354492,19.594999313354492,20.059999465942383,19.594999313354492,19.899999618530273,797410
2026-07-09,19.610000610351562,19.610000610351562,19.71500015258789,19.4950008392334,19.600000381469727,756090
2026-07-10,19.545000076293945,19.545000076293945,19.670000076293945,19.5049991607666,19.610000610351562,457885
2026-07-13,19.9950008392334,19.9950008392334,20.049999237060547,19.575000762939453,19.579999923706055,743678
2026-07-14,20.399999618530273,20.399999618530273,20.530000686645508,19.979999542236328,20.0,736937
2026-07-15,19.809999465942383,19.809999465942383,20.399999618530273,19.809999465942383,20.399999618530273,481830
2026-07-16,19.575000762939453,19.575000762939453,19.790000915527344,19.46500015258789,19.75,831127
2026-07-17,19.885000228881836,19.885000228881836,19.9950008392334,19.559999465942383,19.56999969482422,798595
2026-07-20,19.860000610351562,19.860000610351562,20.190000534057617,19.84000015258789,19.940000534057617,835372
2026-07-21,20.229999542236328,20.229999542236328,20.559999465942383,19.219999313354492,19.264999389648438,1372133
2026-07-22,20.780000686645508,20.780000686645508,21.049999237060547,20.360000610351562,20.360000610351562,1019988
2026-07-23,20.709999084472656,20.709999084472656,20.969999313354492,20.459999084472656,20.700000762939453,732044
2026-07-24,20.5,20.5,20.860000610351562,20.40999984741211,20.690000534057617,667442
2026-07-27,20.100000381469727,20.100000381469727,20.479999542236328,19.954999923706055,20.479999542236328,701173
2026-07-28,19.4950008392334,19.4950008392334,20.1299991607666,19.260000228881836,19.985000610351562,1131013
2026-07-29,19.40999984741211,19.40999984741211,19.799999237060547,19.40999984741211,19.5049991607666,1722066
2026-07-30,19.299999237060547,19.299999237060547,19.764999389648438,19.299999237060547,19.575000762939453,735582
2026-07-31,19.725000381469727,19.725000381469727,19.729999542236328,19.46500015258789,19.5,1983505
2026-08-03,19.46500015258789,19.46500015258789,19.579999923706055,19.329999923706055,19.5049991607666,1512176
2026-08-04,19.364999771118164,19.364999771118164,19.860000610351562,19.364999771118164,19.514999389648438,1174684
2026-08-05,19.1200008392334,19.1200008392334,19.594999313354492,19.1200008392334,19.46500015258789,881935
2026-08-06,19.479999542236328,19.479999542236328,19.575000762939453,19.149999618530273,19.21500015258789,743114
2026-08-07,19.375,19.375,19.524999618530273,19.219999313354492,19.479999542236328,552669
2026-08-10,19.584999084472656,19.584999084472656,19.684999465942383,19.30500030517578,19.354999542236328,668663
2026-08-11,19.915000915527344,19.915000915527344,19.915000915527344,19.575000762939453,19.614999771118164,816776
2026-08-12,20.1299991607666,20.1299991607666,20.170000076293945,19.934999465942383,19.979999542236328,692508
2026-08-13,19.799999237060547,19.799999237060547,20.25,19.770000457763672,20.1299991607666,679937
2026-08-14,19.885000228881836,19.885000228881836,19.969999313354492,19.489999771118164,19.799999237060547,739638
2026-08-17,19.920000076293945,19.920000076293945,20.1200008392334,19.8700008392334,19.885000228881836,488408
2026-08-18,20.020000457763672,20.020000457763672,20.1200008392334,19.770000457763672,20.0,642899
2026-08-19,19.895000457763672,19.895000457763672,20.059999465942383,19.7450008392334,20.0,761218
2026-08-20,19.860000610351562,19.860000610351562,19.975000381469727,19.565000534057617,19.895000457763672,922525
2026-08-21,19.96500015258789,19.96500015258789,20.219999313354492,19.78499984741211,19.799999237060547,949274
2026-08-24,19.885000228881836,19.885000228881836,19.9950008392334,19.700000762939453,19.764999389648438,619618
2026-08-25,20.299999237060547,20.299999237060547,20.389999389648438,19.8799991607666,19.885000228881836,927738
2026-08-26,20.239999771118164,20.239999771118164,20.309999465942383,20.100000381469727,20.25,585356
2026-08-27,20.299999237060547,20.299999237060547,20.389999389648438,20.06999969482422,20.239999771118164,627580
2026-08-28,20.799999237060547,20.799999237060547,21.06999969482422,20.5,20.5,1095213
2026-08-31,20.719999313354492,20.719999313354492,20.969999313354492,20.639999389648438,20.780000686645508,1175941
2026-09-01,20.940000534057617,20.940000534057617,21.290000915527344,20.770000457763672,20.850000381469727,1224160
2026-09-02,21.049999237060547,21.049999237060547,21.25,20.68000030517578,21.139999389648438,1543758
2026-09-03,20.3799991607666,20.3799991607666,21.219999313354492,20.309999465942383,21.06999969482422,1274424
2026-09-04,20.979999542236328,20.979999542236328,21.059999465942383,20.3799991607666,20.6299991607666,996440
2026-09-08,21.360000610351562,21.360000610351562,21.450000762939453,21.0,21.200000762939453,814166
2026-09-09,24.739999771118164,24.739999771118164,25.020000457763672,21.5,21.5,4441588
2026-09-10,24.100000381469727,24.100000381469727,25.84000015258789,24.100000381469727,25.09000015258789,3089038
2026-09-11,23.989999771118164,23.989999771118164,24.739999771118164,23.969999313354492,24.450000762939453,2217617
2026-09-14,23.399999618530273,23.399999618530273,24.229999542236328,23.229999542236328,24.200000762939453,1613835
2026-09-15,23.729999542236328,23.729999542236328,23.729999542236328,23.1200008392334,23.399999618530273,2046350
2026-09-16,23.760000228881836,23.760000228881836,23.850000381469727,23.389999389648438,23.709999084472656,1556671
