Price,Adj Close,Close,High,Low,Open,Volume
Ticker,HARVIA.HE,HARVIA.HE,HARVIA.HE,HARVIA.HE,HARVIA.HE,HARVIA.HE
Date,,,,,,
2018-03-22,3.9416322708129883,5.0,5.119999885559082,5.0,5.099999904632568,3165965
2018-03-23,3.9652822017669678,5.03000020980835,5.039999961853027,5.0,5.039999961853027,70366
2018-03-26,3.973165512084961,5.039999961853027,5.0980000495910645,5.010000228881836,5.0980000495910645,15052
2018-03-27,4.24907922744751,5.389999866485596,5.400000095367432,5.039999961853027,5.050000190734863,55069
2018-03-28,4.17812967300415,5.300000190734863,5.400000095367432,5.150000095367432,5.400000095367432,12995
2018-03-29,4.17812967300415,5.300000190734863,5.380000114440918,5.289999961853027,5.380000114440918,7364
2018-04-03,4.17812967300415,5.300000190734863,5.309999942779541,5.25,5.309999942779541,4410
2018-04-04,4.17812967300415,5.300000190734863,5.389999866485596,5.25,5.380000114440918,20600
2018-04-05,4.115063667297363,5.21999979019165,5.300000190734863,5.210000038146973,5.289999961853027,7665
2018-04-06,4.13083028793335,5.239999771118164,5.25,5.199999809265137,5.21999979019165,2799
2018-04-09,4.0204644203186035,5.099999904632568,5.201000213623047,5.099999904632568,5.201000213623047,3233
2018-04-10,4.0204644203186035,5.099999904632568,5.099999904632568,5.0,5.099999904632568,68520
2018-04-11,3.957397222518921,5.019999980926514,5.079999923706055,5.010000228881836,5.079999923706055,4371
2018-04-12,3.957397222518921,5.019999980926514,5.02400016784668,5.000999927520752,5.019999980926514,3030
2018-04-13,3.9416322708129883,5.0,5.020999908447266,5.0,5.020999908447266,100156
2018-04-16,3.9495155811309814,5.010000228881836,5.019999980926514,5.0,5.011000156402588,2161
2018-04-17,3.9652822017669678,5.03000020980835,5.039999961853027,5.0,5.039999961853027,8860
2018-04-18,3.9495155811309814,5.010000228881836,5.019999980926514,5.0,5.0,1326
2018-04-19,3.94242000579834,5.000999927520752,5.039999961853027,5.000999927520752,5.000999927520752,3660
2018-04-20,3.9416322708129883,5.0,5.039999961853027,5.0,5.039999961853027,6780
2018-04-23,3.9100987911224365,4.960000038146973,5.019000053405762,4.960000038146973,5.019000053405762,1541898
2018-04-24,3.933748960494995,4.989999771118164,5.0,4.960999965667725,5.0,1610
2018-04-25,3.9022152423858643,4.949999809265137,4.96999979019165,4.949999809265137,4.96999979019165,11440
2018-04-26,3.886448860168457,4.929999828338623,4.949999809265137,4.920000076293945,4.949999809265137,3118
2018-04-27,3.890390634536743,4.934999942779541,4.949999809265137,4.920000076293945,4.929999828338623,9140
2018-04-30,3.894331693649292,4.940000057220459,4.949999809265137,4.920000076293945,4.949999809265137,3191
2018-05-02,3.9100987911224365,4.960000038146973,5.039999961853027,4.949999809265137,4.949999809265137,53338
2018-05-03,3.8785648345947266,4.920000076293945,5.0,4.9105000495910645,5.0,3841
2018-05-04,3.9416322708129883,5.0,5.025000095367432,4.940000057220459,4.940000057220459,11113
2018-05-07,3.9495155811309814,5.010000228881836,5.050000190734863,5.0,5.050000190734863,5514
2018-05-08,3.9810476303100586,5.050000190734863,5.050000190734863,5.000999927520752,5.000999927520752,2197
2018-05-09,3.9810476303100586,5.050000190734863,5.059999942779541,5.03000020980835,5.050000190734863,4052
2018-05-11,4.05988073348999,5.150000095367432,5.150000095367432,5.074999809265137,5.074999809265137,3448
2018-05-14,4.0204644203186035,5.099999904632568,5.159999847412109,5.099999904632568,5.15500020980835,41574
2018-05-15,3.958975315093994,5.021999835968018,5.139999866485596,5.0,5.119999885559082,13111
2018-05-16,4.280611991882324,5.429999828338623,5.449999809265137,5.199999809265137,5.201000213623047,82039
2018-05-17,4.4296064376831055,5.61899995803833,5.629000186920166,5.449999809265137,5.449999809265137,25834
2018-05-18,4.539971351623535,5.758999824523926,5.798999786376953,5.619999885559082,5.619999885559082,35982
2018-05-21,4.7299580574035645,6.0,6.300000190734863,5.75,5.75600004196167,58703
2018-05-22,4.7299580574035645,6.0,6.21999979019165,6.0,6.21999979019165,60887
2018-05-23,4.809580326080322,6.10099983215332,6.179999828338623,6.000999927520752,6.179999828338623,6934
2018-05-24,4.8884124755859375,6.201000213623047,6.2769999504089355,6.111000061035156,6.2769999504089355,17111
2018-05-25,4.887623310089111,6.199999809265137,6.25,6.130000114440918,6.239999771118164,6916
2018-05-28,5.029522895812988,6.380000114440918,6.380000114440918,6.199999809265137,6.201000213623047,7708
2018-05-29,5.0050835609436035,6.348999977111816,6.389999866485596,6.151000022888184,6.380000114440918,9286
2018-05-30,4.887623310089111,6.199999809265137,6.328000068664551,6.159999847412109,6.300000190734863,5844
2018-05-31,4.863973617553711,6.170000076293945,6.21999979019165,6.14900016784668,6.201000213623047,34886
2018-06-01,4.808790683746338,6.099999904632568,6.21999979019165,6.050000190734863,6.170000076293945,3895
2018-06-04,4.848207473754883,6.150000095367432,6.198999881744385,6.0,6.0,2824
2018-06-05,4.7299580574035645,6.0,6.150000095367432,6.0,6.099999904632568,17609
2018-06-06,4.690541744232178,5.949999809265137,6.089000225067139,5.84499979019165,5.98199987411499,6539
2018-06-07,4.651126384735107,5.900000095367432,5.927999973297119,5.703000068664551,5.800000190734863,3650
2018-06-08,4.572293281555176,5.800000190734863,6.0,5.800000190734863,6.0,247246
2018-06-11,4.697636604309082,5.959000110626221,5.988999843597412,5.702000141143799,5.900000095367432,109932
2018-06-12,4.7299580574035645,6.0,6.0,5.734000205993652,5.947000026702881,3922
2018-06-13,4.7299580574035645,6.0,6.0,5.894000053405762,6.0,209876
2018-06-14,4.840324401855469,6.139999866485596,6.159999847412109,5.988999843597412,5.988999843597412,10811
2018-06-15,4.7299580574035645,6.0,6.150000095367432,5.949999809265137,6.139999866485596,6015
2018-06-18,4.769374370574951,6.050000190734863,6.150000095367432,6.03000020980835,6.104000091552734,16740
2018-06-19,4.769374370574951,6.050000190734863,6.1479997634887695,6.03000020980835,6.1479997634887695,20684
2018-06-20,4.746513843536377,6.020999908447266,6.139999866485596,6.019999980926514,6.050000190734863,1323
2018-06-21,4.74178409576416,6.014999866485596,6.139999866485596,6.014999866485596,6.139999866485596,1460
2018-06-25,4.737842082977295,6.010000228881836,6.138000011444092,5.980000019073486,6.019999980926514,34956
2018-06-26,4.761491298675537,6.039999961853027,6.039999961853027,5.763999938964844,6.010000228881836,16252
2018-06-27,4.7299580574035645,6.0,6.099999904632568,5.900000095367432,6.099999904632568,1923
2018-06-28,4.7299580574035645,6.0,6.138000011444092,6.0,6.0,3224
2018-06-29,4.7299580574035645,6.0,6.139999866485596,6.0,6.139999866485596,757
2018-07-02,4.7299580574035645,6.0,6.099999904632568,6.0,6.0,1267
2018-07-03,4.651126384735107,5.900000095367432,6.0,5.900000095367432,6.0,30127
2018-07-04,4.540760517120361,5.760000228881836,5.980000019073486,5.760000228881836,5.900000095367432,18523
2018-07-05,4.564409255981445,5.789999961853027,5.9679999351501465,5.699999809265137,5.699999809265137,3724
2018-07-06,4.651126384735107,5.900000095367432,5.900000095367432,5.75,5.820000171661377,8220
2018-07-09,4.72207498550415,5.989999771118164,5.989999771118164,5.900000095367432,5.900000095367432,992
2018-07-10,4.572293281555176,5.800000190734863,5.945000171661377,5.800000190734863,5.900000095367432,5973
2018-07-11,4.572293281555176,5.800000190734863,5.820000171661377,5.800000190734863,5.820000171661377,15
2018-07-12,4.595942974090576,5.829999923706055,5.829999923706055,5.820000171661377,5.820000171661377,370
2018-07-13,4.711038112640381,5.97599983215332,5.97599983215332,5.949999809265137,5.97599983215332,689
2018-07-16,4.706307888031006,5.96999979019165,6.0,5.96999979019165,6.0,841
2018-07-17,4.769374370574951,6.050000190734863,6.098999977111816,5.968999862670898,5.96999979019165,7967
2018-07-18,4.812732696533203,6.105000019073486,6.118000030517578,6.105000019073486,6.113999843597412,366
2018-07-19,4.903390407562256,6.21999979019165,6.21999979019165,5.96999979019165,5.96999979019165,7173
2018-07-20,4.651913166046143,5.901000022888184,6.21999979019165,5.901000022888184,6.21999979019165,23383
2018-07-23,4.808790683746338,6.099999904632568,6.150000095367432,6.099999904632568,6.150000095367432,444
2018-07-24,4.81667423248291,6.110000133514404,6.110000133514404,5.834000110626221,6.099999904632568,6748
2018-07-25,4.808002948760986,6.098999977111816,6.110000133514404,5.940999984741211,6.110000133514404,987
2018-07-26,4.769374370574951,6.050000190734863,6.110000133514404,5.942999839782715,6.110000133514404,838
2018-07-27,4.706307888031006,5.96999979019165,6.0,5.96999979019165,6.0,936
2018-07-30,4.7299580574035645,6.0,6.0,6.0,6.0,224
2018-07-31,4.7299580574035645,6.0,6.0,5.9710001945495605,5.9710001945495605,133
2018-08-01,4.753608703613281,6.03000020980835,6.0970001220703125,6.0,6.0,2099
2018-08-02,4.7299580574035645,6.0,6.0,5.900000095367432,6.0,976
2018-08-03,4.7299580574035645,6.0,6.0,5.949999809265137,5.949999809265137,346
2018-08-06,4.691330432891846,5.951000213623047,6.0,5.951000213623047,6.0,728
2018-08-07,4.769374370574951,6.050000190734863,6.050000190734863,5.989999771118164,5.989999771118164,69616
2018-08-08,4.745724678039551,6.019999980926514,6.050000190734863,6.010000228881836,6.048999786376953,1099
2018-08-09,4.72207498550415,5.989999771118164,6.014999866485596,5.989999771118164,6.014999866485596,200
2018-08-10,4.793024063110352,6.079999923706055,6.099999904632568,6.0,6.098999977111816,960
2018-08-13,4.808790683746338,6.099999904632568,6.119999885559082,6.070000171661377,6.099999904632568,3153
2018-08-14,4.793024063110352,6.079999923706055,6.079999923706055,6.0,6.0,1844
2018-08-15,4.7299580574035645,6.0,6.110000133514404,6.0,6.110000133514404,4405
2018-08-16,4.588059425354004,5.820000171661377,6.0,5.820000171661377,6.0,2220
2018-08-17,4.744937419891357,6.019000053405762,6.019000053405762,5.929999828338623,5.929999828338623,2336
2018-08-20,4.729170322418213,5.999000072479248,6.110000133514404,5.949999809265137,6.10099983215332,1975
2018-08-21,4.729170322418213,5.999000072479248,5.999000072479248,5.949999809265137,5.951000213623047,1163
2018-08-22,4.7299580574035645,6.0,6.0,5.989999771118164,5.999000072479248,145
2018-08-23,4.675563812255859,5.931000232696533,6.0,5.929999828338623,5.949999809265137,1536
2018-08-24,4.7299580574035645,6.0,6.019999980926514,5.997000217437744,6.0,549
2018-08-27,4.737052917480469,6.008999824523926,6.010000228881836,5.901000022888184,6.0,11155
2018-08-28,4.761491298675537,6.039999961853027,6.050000190734863,5.989999771118164,6.010000228881836,91395
2018-08-29,4.666891098022461,5.920000076293945,6.019999980926514,5.920000076293945,6.019999980926514,2431
2018-08-30,4.7299580574035645,6.0,6.0,5.900000095367432,5.949999809265137,3307
2018-08-31,4.651126384735107,5.900000095367432,6.0,5.900000095367432,6.0,5061
2018-09-03,4.666891098022461,5.920000076293945,5.989999771118164,5.880000114440918,5.900000095367432,3217
2018-09-04,4.651126384735107,5.900000095367432,5.923999786376953,5.900000095367432,5.920000076293945,1323
2018-09-05,4.651126384735107,5.900000095367432,5.929999828338623,5.900000095367432,5.900000095367432,1831
2018-09-06,4.635359287261963,5.880000114440918,6.0,5.880000114440918,5.889999866485596,4023
2018-09-07,4.651126384735107,5.900000095367432,5.948999881744385,5.821000099182129,5.900000095367432,1908
2018-09-10,4.651126384735107,5.900000095367432,5.949999809265137,5.861000061035156,5.900000095367432,51293
2018-09-11,4.635359287261963,5.880000114440918,5.889999866485596,5.880000114440918,5.889999866485596,781
2018-09-12,4.651913166046143,5.901000022888184,5.989999771118164,5.900000095367432,5.900000095367432,1519
2018-09-13,4.651126384735107,5.900000095367432,5.929999828338623,5.85099983215332,5.929999828338623,7604
2018-09-14,4.689754009246826,5.948999881744385,5.980000019073486,5.853000164031982,5.980000019073486,2608
2018-09-17,4.651126384735107,5.900000095367432,5.9039998054504395,5.869999885559082,5.869999885559082,974
2018-09-18,4.705520153045654,5.968999862670898,5.980000019073486,5.860000133514404,5.900000095367432,1278
2018-09-19,4.690541744232178,5.949999809265137,5.949999809265137,5.901000022888184,5.949999809265137,11122
2018-09-20,4.689754009246826,5.948999881744385,5.96999979019165,5.901000022888184,5.948999881744385,2280
2018-09-21,4.690541744232178,5.949999809265137,5.949999809265137,5.929999828338623,5.949999809265137,1496
2018-09-24,4.673198223114014,5.927999973297119,5.960000038146973,5.888000011444092,5.960000038146973,2532
2018-09-25,4.690541744232178,5.949999809265137,5.949999809265137,5.888000011444092,5.949999809265137,929
2018-09-26,4.627475261688232,5.869999885559082,5.960000038146973,5.869999885559082,5.949999809265137,1248
2018-09-27,4.627475261688232,5.869999885559082,5.870999813079834,5.866000175476074,5.869999885559082,3716
2018-09-28,4.627475261688232,5.869999885559082,5.900000095367432,5.866000175476074,5.869999885559082,2044
2018-10-01,4.627475261688232,5.869999885559082,5.869999885559082,5.869999885559082,5.869999885559082,6118
2018-10-02,4.603826522827148,5.840000152587891,5.900000095367432,5.840000152587891,5.880000114440918,1465
2018-10-03,4.627475261688232,5.869999885559082,5.954999923706055,5.840000152587891,5.840000152587891,738
2018-10-04,4.615651607513428,5.855000019073486,5.869999885559082,5.810999870300293,5.841000080108643,70558
2018-10-05,4.627475261688232,5.869999885559082,5.869999885559082,5.840000152587891,5.869999885559082,787
2018-10-08,4.532877445220947,5.75,5.84499979019165,5.709000110626221,5.84499979019165,7802
2018-10-09,4.532877445220947,5.75,5.849999904632568,5.75,5.849999904632568,3129
2018-10-10,4.501343727111816,5.710000038146973,5.800000190734863,5.710000038146973,5.761000156402588,3423
2018-10-11,4.395524978637695,5.400000095367432,5.6620001792907715,5.361000061035156,5.659999847412109,106474
2018-10-12,4.395524978637695,5.400000095367432,5.480000019073486,5.400000095367432,5.448999881744385,7090
2018-10-15,4.354011535644531,5.348999977111816,5.400000095367432,5.249000072479248,5.400000095367432,2716
2018-10-16,4.314126014709473,5.300000190734863,5.349999904632568,5.263000011444092,5.263000011444092,14218
2018-10-17,4.354825973510742,5.349999904632568,5.5,5.300000190734863,5.39900016784668,94984
2018-10-18,4.332035064697266,5.322000026702881,5.349999904632568,5.300000190734863,5.348999977111816,8347
2018-10-19,4.305173397064209,5.289000034332275,5.349999904632568,5.234000205993652,5.3480000495910645,9917
2018-10-22,4.314126014709473,5.300000190734863,5.336999893188477,5.250999927520752,5.250999927520752,7217
2018-10-23,4.208308696746826,5.170000076293945,5.298999786376953,5.150000095367432,5.298999786376953,110691
2018-10-24,4.192028999328613,5.150000095367432,5.198999881744385,5.14900016784668,5.198999881744385,8152
2018-10-25,4.069931507110596,5.0,5.150000095367432,4.999499797821045,5.150000095367432,13577
2018-10-26,4.110630035400391,5.050000190734863,5.138000011444092,4.950500011444092,5.079999923706055,17376
2018-10-29,4.192842483520508,5.151000022888184,5.198999881744385,5.09499979019165,5.09499979019165,9382
2018-10-30,4.232728004455566,5.199999809265137,5.199999809265137,5.190000057220459,5.198999881744385,5028
2018-10-31,4.200168609619141,5.159999847412109,5.199999809265137,5.159999847412109,5.199999809265137,16284
2018-11-01,4.192028999328613,5.150000095367432,5.199999809265137,4.990499973297119,5.179999828338623,20705
2018-11-02,4.232728004455566,5.199999809265137,5.210000038146973,5.179999828338623,5.199999809265137,6833
2018-11-05,4.232728004455566,5.199999809265137,5.297999858856201,5.190000057220459,5.199999809265137,14699
2018-11-06,4.240868091583252,5.210000038146973,5.298999786376953,5.201000213623047,5.25,122982
2018-11-07,4.365407466888428,5.36299991607666,5.380000114440918,5.25,5.28000020980835,8779
2018-11-08,4.297847747802734,5.28000020980835,5.380000114440918,5.28000020980835,5.380000114440918,7713
2018-11-09,4.330406188964844,5.320000171661377,5.5,5.210999965667725,5.210999965667725,107213
2018-11-12,4.43541145324707,5.448999881744385,5.559999942779541,5.333000183105469,5.333000183105469,177799
2018-11-13,4.411804676055908,5.420000076293945,5.7789998054504395,5.409999847412109,5.451000213623047,27566
2018-11-14,4.354825973510742,5.349999904632568,5.859000205993652,5.245999813079834,5.540999889373779,13085
2018-11-15,4.436224937438965,5.449999809265137,5.798999786376953,5.349999904632568,5.611000061035156,35388
2018-11-16,4.478552341461182,5.501999855041504,5.590000152587891,5.500999927520752,5.590000152587891,7974
2018-11-19,4.395524978637695,5.400000095367432,5.579999923706055,5.298999786376953,5.500999927520752,158274
2018-11-20,4.411804676055908,5.420000076293945,5.598999977111816,5.4019999504089355,5.598999977111816,7573
2018-11-21,4.452503681182861,5.46999979019165,5.589000225067139,5.46999979019165,5.589000225067139,6425
2018-11-22,4.5176239013671875,5.550000190734863,5.550000190734863,5.401000022888184,5.46999979019165,6535
2018-11-23,4.639720439910889,5.699999809265137,5.7870001792907715,5.535999774932861,5.535999774932861,22863
2018-11-26,4.680420875549316,5.75,5.789999961853027,5.699999809265137,5.750999927520752,7637
2018-11-27,4.7211198806762695,5.800000190734863,5.829999923706055,5.769999980926514,5.800000190734863,3970
2018-11-28,4.664140701293945,5.730000019073486,5.877999782562256,5.730000019073486,5.830999851226807,8652
2018-11-29,4.793564796447754,5.888999938964844,5.921000003814697,5.841000080108643,5.841000080108643,19962
2018-11-30,5.079273223876953,6.239999771118164,6.239999771118164,5.7779998779296875,5.89900016784668,138743
2018-12-03,4.896127223968506,6.014999866485596,6.238999843597412,6.011000156402588,6.238999843597412,8141
2018-12-04,4.80251932144165,5.900000095367432,5.997000217437744,5.840000152587891,5.997000217437744,2126
2018-12-05,4.650303363800049,5.7129998207092285,5.900000095367432,5.7129998207092285,5.900000095367432,682
2018-12-07,4.625068664550781,5.682000160217285,5.750999927520752,5.659999847412109,5.7129998207092285,3311
2018-12-10,4.648674488067627,5.710999965667725,5.89900016784668,5.699999809265137,5.699999809265137,1975
2018-12-11,4.705654144287109,5.781000137329102,5.89300012588501,5.750999927520752,5.89300012588501,2281
2018-12-12,4.7219343185424805,5.801000118255615,5.892000198364258,5.801000118255615,5.890999794006348,3596
2018-12-13,4.7211198806762695,5.800000190734863,5.945000171661377,5.800000190734863,5.889999866485596,4846
2018-12-14,4.656816005706787,5.7210001945495605,5.860000133514404,5.699999809265137,5.860000133514404,8901
2018-12-17,4.712165832519531,5.789000034332275,5.973999977111816,5.730999946594238,5.948999881744385,2427
2018-12-18,4.623441219329834,5.679999828338623,5.78000020980835,5.650000095367432,5.750999927520752,5660
2018-12-19,4.493204116821289,5.519999980926514,5.698999881744385,5.519999980926514,5.671000003814697,6535
2018-12-20,4.452503681182861,5.46999979019165,5.599999904632568,5.409999847412109,5.519999980926514,5386
2018-12-21,4.436224937438965,5.449999809265137,5.599999904632568,5.449999809265137,5.599999904632568,10553
2018-12-27,4.266100883483887,5.241000175476074,5.599999904632568,5.239999771118164,5.449999809265137,7295
2018-12-28,4.3727335929870605,5.372000217437744,5.589000225067139,5.242000102996826,5.400000095367432,6565
2019-01-02,4.582743167877197,5.630000114440918,5.697000026702881,5.495999813079834,5.495999813079834,6592
2019-01-03,4.639720439910889,5.699999809265137,5.885000228881836,5.630000114440918,5.630000114440918,40000
2019-01-04,4.623441219329834,5.679999828338623,5.7789998054504395,5.599999904632568,5.701000213623047,3878
2019-01-07,4.641349792480469,5.702000141143799,5.78000020980835,5.668000221252441,5.7789998054504395,4300
2019-01-08,4.639720439910889,5.699999809265137,5.702000141143799,5.670000076293945,5.702000141143799,18642
2019-01-09,4.681234359741211,5.750999927520752,5.89900016784668,5.710000038146973,5.78000020980835,5689
2019-01-10,4.737400054931641,5.820000171661377,5.900000095367432,5.599999904632568,5.900000095367432,12756
2019-01-11,4.80251932144165,5.900000095367432,5.949999809265137,5.605999946594238,5.840000152587891,16560
2019-01-14,4.795192241668701,5.890999794006348,5.980000019073486,5.860000133514404,5.980000019073486,5542
2019-01-15,4.737400054931641,5.820000171661377,5.96999979019165,5.820000171661377,5.949999809265137,17616
2019-01-16,4.696700572967529,5.769999980926514,5.949999809265137,5.699999809265137,5.949999809265137,46739
2019-01-17,4.737400054931641,5.820000171661377,5.885000228881836,5.809999942779541,5.885000228881836,3427
2019-01-18,4.761819362640381,5.849999904632568,5.980000019073486,5.820000171661377,5.89900016784668,12609
2019-01-21,4.7732157707214355,5.863999843597412,5.929999828338623,5.829999923706055,5.900000095367432,1894
2019-01-22,4.826937675476074,5.929999828338623,5.929999828338623,5.830999851226807,5.928999900817871,27238
2019-01-23,4.80251932144165,5.900000095367432,6.0,5.864999771118164,6.0,7234
2019-01-24,4.803332805633545,5.901000022888184,5.901000022888184,5.870999813079834,5.900000095367432,2701
2019-01-25,4.883916854858398,6.0,6.0,5.989999771118164,6.0,8214
2019-01-28,4.908336639404297,6.03000020980835,6.110000133514404,5.986999988555908,6.110000133514404,2979
2019-01-29,4.949035167694092,6.079999923706055,6.0879998207092285,6.0,6.059000015258789,3687
2019-01-30,4.949035167694092,6.079999923706055,6.145999908447266,5.96999979019165,6.110000133514404,13219
2019-01-31,4.967757701873779,6.103000164031982,6.119999885559082,6.0,6.104000091552734,3738
2019-02-01,4.981595993041992,6.119999885559082,6.119999885559082,6.103000164031982,6.119999885559082,4129
2019-02-04,4.981595993041992,6.119999885559082,6.201000213623047,6.119999885559082,6.120999813079834,4795
2019-02-05,5.030434608459473,6.179999828338623,6.199999809265137,6.099999904632568,6.199999809265137,2894
2019-02-06,5.006015300750732,6.150000095367432,6.198999881744385,6.0,6.111000061035156,3523
2019-02-07,4.973456382751465,6.110000133514404,6.193999767303467,6.110000133514404,6.150000095367432,2041
2019-02-08,4.965315818786621,6.099999904632568,6.179999828338623,6.0,6.0,8482
2019-02-11,4.960432529449463,6.093999862670898,6.110000133514404,6.011000156402588,6.099999904632568,1400
2019-02-12,4.924616813659668,6.050000190734863,6.093999862670898,6.050000190734863,6.051000118255615,6367
2019-02-13,4.924616813659668,6.050000190734863,6.050000190734863,6.0,6.050000190734863,3130
2019-02-14,4.826937675476074,5.929999828338623,6.119999885559082,5.929999828338623,6.085000038146973,44976
2019-02-15,4.908336639404297,6.03000020980835,6.198999881744385,5.949999809265137,5.949999809265137,38522
2019-02-18,4.975082874298096,6.111999988555908,6.159999847412109,6.03000020980835,6.050000190734863,106124
2019-02-19,5.054854393005371,6.210000038146973,6.239999771118164,6.11299991607666,6.190000057220459,10945
2019-02-20,5.10369348526001,6.269999980926514,6.269999980926514,6.120999813079834,6.210999965667725,28767
2019-02-21,5.258350849151611,6.460000038146973,6.480000019073486,6.269999980926514,6.269999980926514,11933
2019-02-22,5.437427520751953,6.679999828338623,6.989999771118164,6.466000080108643,6.466000080108643,60863
2019-02-25,5.6165056228637695,6.900000095367432,6.989999771118164,6.849999904632568,6.889999866485596,23412
2019-02-26,5.510686874389648,6.769999980926514,6.860000133514404,6.730999946594238,6.85099983215332,9438
2019-02-27,5.4944071769714355,6.75,6.800000190734863,6.75,6.800000190734863,5203
2019-02-28,5.079273223876953,6.239999771118164,6.400000095367432,6.210000038146973,6.400000095367432,2357478
2019-03-01,5.136253356933594,6.309999942779541,6.547999858856201,6.244999885559082,6.244999885559082,152761
2019-03-04,5.1688127517700195,6.349999904632568,6.60099983215332,6.315999984741211,6.599999904632568,24412
2019-03-05,5.281956195831299,6.488999843597412,6.489999771118164,6.3520002365112305,6.480000019073486,36216
2019-03-06,5.443124771118164,6.686999797821045,6.729000091552734,6.489999771118164,6.500999927520752,16525
2019-03-07,5.1940460205078125,6.38100004196167,6.750999927520752,6.28000020980835,6.610000133514404,42538
2019-03-08,5.141137599945068,6.315999984741211,6.389999866485596,6.311999797821045,6.388999938964844,17573
2019-03-11,5.0914835929870605,6.255000114440918,6.447999954223633,6.011000156402588,6.400000095367432,45004
2019-03-12,5.1020660400390625,6.26800012588501,6.348999977111816,6.25,6.25,3854
2019-03-13,5.102880001068115,6.269000053405762,6.349999904632568,6.26800012588501,6.26800012588501,16264
2019-03-14,5.0222954750061035,6.170000076293945,6.343999862670898,6.158999919891357,6.343999862670898,12936
2019-03-15,5.12322998046875,6.294000148773193,6.375,6.160999774932861,6.171000003814697,28585
2019-03-18,5.268932342529297,6.4730000495910645,6.4730000495910645,6.326000213623047,6.326000213623047,17922
2019-03-19,5.240443229675293,6.438000202178955,6.559999942779541,6.349999904632568,6.473999977111816,28578
2019-03-20,5.240443229675293,6.438000202178955,6.678999900817871,6.438000202178955,6.448999881744385,13718
2019-03-21,5.290910243988037,6.5,6.61899995803833,6.449999809265137,6.61899995803833,8648
2019-03-22,5.22660493850708,6.421000003814697,6.489999771118164,6.421000003814697,6.489999771118164,4477
2019-03-25,5.176952362060547,6.360000133514404,6.497000217437744,6.360000133514404,6.421999931335449,7930
2019-03-26,5.1688127517700195,6.349999904632568,6.564000129699707,6.335999965667725,6.564000129699707,5495
2019-03-27,5.209511756896973,6.400000095367432,6.448999881744385,6.320000171661377,6.349999904632568,5148
2019-03-28,5.142764568328857,6.317999839782715,6.400000095367432,6.311999797821045,6.39900016784668,3226
2019-03-29,5.1688127517700195,6.349999904632568,6.349999904632568,6.318999767303467,6.3420000076293945,11203
2019-04-01,5.290910243988037,6.5,6.699999809265137,6.360000133514404,6.360000133514404,12166
2019-04-02,5.323469638824463,6.539999961853027,6.619999885559082,6.400000095367432,6.619999885559082,2790
2019-04-03,5.290910243988037,6.5,6.619999885559082,6.420000076293945,6.539999961853027,29460
2019-04-04,5.274631023406982,6.480000019073486,6.539999961853027,6.440000057220459,6.5,10622
2019-04-05,5.324865341186523,6.360000133514404,6.519999980926514,6.21999979019165,6.440000057220459,12444
2019-04-08,5.4253339767456055,6.480000019073486,6.599999904632568,6.260000228881836,6.400000095367432,8255
2019-04-09,5.308121204376221,6.340000152587891,6.559999942779541,6.260000228881836,6.480000019073486,19865
2019-04-10,5.324865341186523,6.360000133514404,6.420000076293945,6.360000133514404,6.400000095367432,552
2019-04-11,5.4253339767456055,6.480000019073486,6.480000019073486,6.360000133514404,6.380000114440918,11768
2019-04-12,5.341610431671143,6.380000114440918,6.5,6.380000114440918,6.400000095367432,1590
2019-04-15,5.324865341186523,6.360000133514404,6.480000019073486,6.320000171661377,6.460000038146973,15227
2019-04-16,5.291375637054443,6.320000171661377,6.400000095367432,6.300000190734863,6.360000133514404,13758
2019-04-17,5.157416820526123,6.159999847412109,6.380000114440918,6.159999847412109,6.360000133514404,6645
2019-04-18,5.224396228790283,6.239999771118164,6.340000152587891,6.21999979019165,6.340000152587891,1972
2019-04-23,5.291375637054443,6.320000171661377,6.380000114440918,6.320000171661377,6.380000114440918,2865
2019-04-24,5.291375637054443,6.320000171661377,6.380000114440918,6.320000171661377,6.380000114440918,4112
2019-04-25,5.308121204376221,6.340000152587891,6.480000019073486,6.320000171661377,6.320000171661377,11609
2019-04-26,5.408589839935303,6.460000038146973,6.480000019073486,6.380000114440918,6.380000114440918,4291
2019-04-29,5.224396228790283,6.239999771118164,6.460000038146973,6.199999809265137,6.460000038146973,5484
2019-04-30,5.257887363433838,6.28000020980835,6.28000020980835,6.159999847412109,6.199999809265137,34431
2019-05-02,5.274631500244141,6.300000190734863,6.400000095367432,6.28000020980835,6.300000190734863,2074
2019-05-03,5.358355522155762,6.400000095367432,6.400000095367432,6.199999809265137,6.28000020980835,2910
2019-05-06,5.308121204376221,6.340000152587891,6.579999923706055,6.260000228881836,6.400000095367432,5946
2019-05-07,5.576038360595703,6.659999847412109,6.980000019073486,6.639999866485596,6.940000057220459,104582
2019-05-08,5.693253040313721,6.800000190734863,6.820000171661377,6.699999809265137,6.699999809265137,14228
2019-05-09,5.525803565979004,6.599999904632568,6.739999771118164,6.5,6.739999771118164,7552
2019-05-10,5.458824157714844,6.519999980926514,6.679999828338623,6.519999980926514,6.599999904632568,9382
2019-05-13,5.492313861846924,6.559999942779541,6.760000228881836,6.519999980926514,6.760000228881836,7919
2019-05-14,5.408589839935303,6.460000038146973,6.599999904632568,6.460000038146973,6.599999904632568,4669
2019-05-15,5.492313861846924,6.559999942779541,6.579999923706055,6.5,6.579999923706055,5587
2019-05-16,5.475569248199463,6.539999961853027,6.619999885559082,6.5,6.599999904632568,11935
2019-05-17,5.442079067230225,6.5,6.579999923706055,6.5,6.579999923706055,4864
2019-05-20,5.4253339767456055,6.480000019073486,6.559999942779541,6.420000076293945,6.5,10413
2019-05-21,5.4253339767456055,6.480000019073486,6.559999942779541,6.420000076293945,6.5,9367
2019-05-22,5.4253339767456055,6.480000019073486,6.539999961853027,6.440000057220459,6.519999980926514,5033
2019-05-23,5.408589839935303,6.460000038146973,6.480000019073486,6.400000095367432,6.480000019073486,18908
2019-05-24,5.3750996589660645,6.420000076293945,6.579999923706055,6.420000076293945,6.579999923706055,12646
2019-05-27,5.408589839935303,6.460000038146973,6.5,6.460000038146973,6.5,2554
2019-05-28,5.391845703125,6.440000057220459,6.460000038146973,6.360000133514404,6.440000057220459,39368
2019-05-29,5.358355522155762,6.400000095367432,6.440000057220459,6.340000152587891,6.440000057220459,8220
2019-05-31,5.291375637054443,6.320000171661377,6.559999942779541,6.119999885559082,6.400000095367432,8981
2019-06-03,5.291375637054443,6.320000171661377,6.400000095367432,6.300000190734863,6.320000171661377,14225
2019-06-04,5.308121204376221,6.340000152587891,6.360000133514404,6.340000152587891,6.360000133514404,4701
2019-06-05,5.308121204376221,6.340000152587891,6.400000095367432,6.320000171661377,6.400000095367432,5771
2019-06-06,5.291375637054443,6.320000171661377,6.400000095367432,6.300000190734863,6.360000133514404,2481
2019-06-07,5.341610431671143,6.380000114440918,6.519999980926514,6.28000020980835,6.320000171661377,15909
2019-06-10,5.3750996589660645,6.420000076293945,6.5,6.400000095367432,6.460000038146973,5577
2019-06-11,5.341610431671143,6.380000114440918,6.599999904632568,6.380000114440918,6.400000095367432,24195
2019-06-12,5.324865341186523,6.360000133514404,6.480000019073486,6.340000152587891,6.460000038146973,8087
2019-06-13,5.391845703125,6.440000057220459,6.519999980926514,6.380000114440918,6.380000114440918,25683
2019-06-14,5.509059906005859,6.579999923706055,6.679999828338623,6.400000095367432,6.440000057220459,88204
2019-06-17,5.509059906005859,6.579999923706055,6.579999923706055,6.5,6.559999942779541,19450
2019-06-18,5.492313861846924,6.559999942779541,6.579999923706055,6.5,6.579999923706055,11511
2019-06-19,5.442079067230225,6.5,6.559999942779541,6.480000019073486,6.539999961853027,13181
2019-06-20,5.576038360595703,6.659999847412109,6.739999771118164,6.480000019073486,6.5,160948
2019-06-24,5.726742267608643,6.840000152587891,7.059999942779541,6.71999979019165,6.71999979019165,27862
2019-06-25,5.793722152709961,6.920000076293945,7.0,6.840000152587891,6.960000038146973,6467
2019-06-26,5.81046724319458,6.940000057220459,6.960000038146973,6.900000095367432,6.920000076293945,16113
2019-06-27,5.843955993652344,6.980000019073486,7.0,6.659999847412109,6.940000057220459,14645
2019-06-28,6.245832920074463,7.460000038146973,8.0,6.800000190734863,7.0,10511
2019-07-01,6.111873626708984,7.300000190734863,7.659999847412109,7.119999885559082,7.659999847412109,11807
2019-07-02,5.994658946990967,7.159999847412109,7.420000076293945,7.019999980926514,7.420000076293945,5508
2019-07-03,6.06164026260376,7.239999771118164,7.300000190734863,7.139999866485596,7.139999866485596,3057
2019-07-04,6.044894695281982,7.21999979019165,7.400000095367432,7.179999828338623,7.300000190734863,7373
2019-07-05,6.011404514312744,7.179999828338623,7.320000171661377,7.0,7.300000190734863,6813
2019-07-08,6.111873626708984,7.300000190734863,7.320000171661377,7.199999809265137,7.199999809265137,5400
2019-07-09,6.044894695281982,7.21999979019165,7.380000114440918,7.199999809265137,7.320000171661377,7036
2019-07-10,6.111873626708984,7.300000190734863,7.380000114440918,7.239999771118164,7.380000114440918,2644
2019-07-11,6.1955976486206055,7.400000095367432,7.400000095367432,7.300000190734863,7.300000190734863,3231
2019-07-12,6.044894695281982,7.21999979019165,7.400000095367432,7.199999809265137,7.400000095367432,5441
2019-07-15,6.111873626708984,7.300000190734863,7.300000190734863,7.260000228881836,7.28000020980835,1290
2019-07-16,6.111873626708984,7.300000190734863,7.360000133514404,7.239999771118164,7.320000171661377,5802
2019-07-17,6.06164026260376,7.239999771118164,7.320000171661377,7.199999809265137,7.260000228881836,1253
2019-07-18,6.011404514312744,7.179999828338623,7.21999979019165,7.179999828338623,7.21999979019165,1536
2019-07-19,6.078384876251221,7.260000228881836,7.300000190734863,7.179999828338623,7.21999979019165,2851
2019-07-22,6.044894695281982,7.21999979019165,7.28000020980835,7.21999979019165,7.28000020980835,512
2019-07-23,6.028149127960205,7.199999809265137,7.260000228881836,7.199999809265137,7.260000228881836,4217
2019-07-24,6.06164026260376,7.239999771118164,7.239999771118164,7.159999847412109,7.159999847412109,1424
2019-07-25,5.994658946990967,7.159999847412109,7.260000228881836,7.159999847412109,7.21999979019165,2360
2019-07-26,6.078384876251221,7.260000228881836,7.260000228881836,7.159999847412109,7.159999847412109,3153
2019-07-29,6.028149127960205,7.199999809265137,7.260000228881836,7.159999847412109,7.260000228881836,2850
2019-07-30,6.028149127960205,7.199999809265137,7.239999771118164,7.159999847412109,7.199999809265137,3040
2019-07-31,5.927680015563965,7.079999923706055,7.199999809265137,7.079999923706055,7.199999809265137,7398
2019-08-01,5.827210903167725,6.960000038146973,7.199999809265137,6.960000038146973,7.199999809265137,8640
2019-08-02,5.7769775390625,6.900000095367432,6.980000019073486,6.900000095367432,6.960000038146973,541
2019-08-05,5.81046724319458,6.940000057220459,7.0,6.900000095367432,6.920000076293945,1371
2019-08-06,5.760231971740723,6.880000114440918,6.980000019073486,6.860000133514404,6.980000019073486,11589
2019-08-07,5.643017292022705,6.739999771118164,6.900000095367432,6.699999809265137,6.880000114440918,7415
2019-08-08,5.7769775390625,6.900000095367432,6.980000019073486,6.71999979019165,6.739999771118164,6364
2019-08-09,5.7434868812561035,6.860000133514404,6.880000114440918,6.800000190734863,6.840000152587891,4220
2019-08-12,5.760231971740723,6.880000114440918,6.900000095367432,6.800000190734863,6.900000095367432,56529
2019-08-13,5.843955993652344,6.980000019073486,7.0,6.860000133514404,6.860000133514404,4006
2019-08-14,5.676506996154785,6.78000020980835,6.920000076293945,6.78000020980835,6.900000095367432,11350
2019-08-15,5.860701084136963,7.0,7.199999809265137,6.800000190734863,6.980000019073486,13991
2019-08-16,5.827210903167725,6.960000038146973,7.119999885559082,6.800000190734863,7.119999885559082,13078
2019-08-19,5.894190311431885,7.039999961853027,7.119999885559082,6.960000038146973,7.019999980926514,6853
2019-08-20,5.827210903167725,6.960000038146973,7.059999942779541,6.940000057220459,7.019999980926514,8478
2019-08-21,5.7434868812561035,6.860000133514404,7.0,6.800000190734863,6.960000038146973,9695
2019-08-22,5.827210903167725,6.960000038146973,6.980000019073486,6.880000114440918,6.880000114440918,1201
2019-08-23,5.910935401916504,7.059999942779541,7.059999942779541,6.820000171661377,6.960000038146973,8151
2019-08-26,5.760231971740723,6.880000114440918,7.019999980926514,6.800000190734863,7.019999980926514,14012
2019-08-27,5.760231971740723,6.880000114440918,6.880000114440918,6.78000020980835,6.860000133514404,4415
2019-08-28,5.709997177124023,6.820000171661377,6.920000076293945,6.679999828338623,6.860000133514404,12038
2019-08-29,5.676506996154785,6.78000020980835,6.880000114440918,6.699999809265137,6.860000133514404,5090
2019-08-30,5.626272678375244,6.71999979019165,6.980000019073486,6.679999828338623,6.800000190734863,8810
2019-09-02,5.626272678375244,6.71999979019165,6.739999771118164,6.659999847412109,6.71999979019165,3906
2019-09-03,5.676506996154785,6.78000020980835,6.800000190734863,6.639999866485596,6.800000190734863,3170
2019-09-04,5.676506996154785,6.78000020980835,6.800000190734863,6.699999809265137,6.800000190734863,2180
2019-09-05,5.676506996154785,6.78000020980835,6.860000133514404,6.78000020980835,6.78000020980835,3116
2019-09-06,5.659762382507324,6.760000228881836,6.840000152587891,6.739999771118164,6.78000020980835,3208
2019-09-09,5.726742267608643,6.840000152587891,6.880000114440918,6.800000190734863,6.880000114440918,3850
2019-09-10,5.7434868812561035,6.860000133514404,6.900000095367432,6.840000152587891,6.860000133514404,4515
2019-09-11,5.760231971740723,6.880000114440918,6.900000095367432,6.800000190734863,6.900000095367432,185441
2019-09-12,5.7434868812561035,6.860000133514404,6.920000076293945,6.800000190734863,6.880000114440918,27692
2019-09-13,5.894190311431885,7.039999961853027,7.079999923706055,6.860000133514404,6.860000133514404,13150
2019-09-16,5.977914810180664,7.139999866485596,7.199999809265137,7.119999885559082,7.139999866485596,5831
2019-09-17,6.028149127960205,7.199999809265137,7.28000020980835,7.099999904632568,7.28000020980835,7995
2019-09-18,6.06164026260376,7.239999771118164,7.239999771118164,7.159999847412109,7.199999809265137,6356
2019-09-19,6.279322147369385,7.5,7.5,7.159999847412109,7.21999979019165,190381
2019-09-20,6.245832920074463,7.460000038146973,7.5,7.320000171661377,7.5,3761
2019-09-23,6.095129013061523,7.28000020980835,7.480000019073486,7.139999866485596,7.480000019073486,3351
2019-09-24,6.145363807678223,7.340000152587891,7.460000038146973,7.340000152587891,7.440000057220459,22255
2019-09-25,6.111873626708984,7.300000190734863,7.460000038146973,7.0,7.400000095367432,24280
2019-09-26,6.044894695281982,7.21999979019165,7.300000190734863,7.199999809265137,7.300000190734863,551
2019-09-27,6.111873626708984,7.300000190734863,7.300000190734863,7.21999979019165,7.28000020980835,2942
2019-09-30,6.095129013061523,7.28000020980835,7.420000076293945,7.239999771118164,7.420000076293945,4978
2019-10-01,6.095129013061523,7.28000020980835,7.300000190734863,7.28000020980835,7.28000020980835,5709
2019-10-02,6.06164026260376,7.239999771118164,7.300000190734863,7.139999866485596,7.260000228881836,18161
2019-10-03,5.961170196533203,7.119999885559082,7.300000190734863,7.039999961853027,7.300000190734863,15468
2019-10-04,6.011404514312744,7.179999828338623,7.300000190734863,7.139999866485596,7.139999866485596,12838
2019-10-07,5.927680015563965,7.079999923706055,7.21999979019165,7.059999942779541,7.21999979019165,33875
2019-10-08,5.927680015563965,7.079999923706055,7.199999809265137,6.920000076293945,7.199999809265137,10499
2019-10-09,5.927680015563965,7.079999923706055,7.079999923706055,7.0,7.0,66015
2019-10-10,5.944425106048584,7.099999904632568,7.099999904632568,7.059999942779541,7.079999923706055,7572
2019-10-11,5.944425106048584,7.099999904632568,7.099999904632568,7.0,7.099999904632568,1864
2019-10-14,5.944425106048584,7.099999904632568,7.099999904632568,7.079999923706055,7.099999904632568,3805
2019-10-15,5.944425106048584,7.099999904632568,7.099999904632568,7.079999923706055,7.099999904632568,9931
2019-10-16,5.944425106048584,7.099999904632568,7.099999904632568,7.039999961853027,7.099999904632568,6477
2019-10-17,5.910935401916504,7.059999942779541,7.179999828338623,7.0,7.099999904632568,77185
2019-10-18,6.005579471588135,6.980000019073486,7.039999961853027,6.860000133514404,6.900000095367432,15142
2019-10-21,5.9883713722229,6.960000038146973,7.0,6.940000057220459,7.0,9080
2019-10-22,6.005579471588135,6.980000019073486,7.0,6.900000095367432,6.980000019073486,6914
2019-10-23,6.022787094116211,7.0,7.019999980926514,6.980000019073486,7.0,1686
2019-10-24,6.074410438537598,7.059999942779541,7.059999942779541,6.900000095367432,7.0,326917
2019-10-25,6.0572028160095215,7.039999961853027,7.099999904632568,6.920000076293945,7.059999942779541,12928
2019-10-28,6.108827114105225,7.099999904632568,7.139999866485596,7.0,7.059999942779541,18351
2019-10-29,6.19486665725708,7.199999809265137,7.199999809265137,7.019999980926514,7.099999904632568,12516
2019-10-30,6.366946220397949,7.400000095367432,7.400000095367432,7.199999809265137,7.199999809265137,21129
2019-10-31,6.384153842926025,7.420000076293945,7.420000076293945,7.340000152587891,7.400000095367432,7261
2019-11-01,6.418570518493652,7.460000038146973,7.5,7.420000076293945,7.420000076293945,2940
2019-11-04,6.539026260375977,7.599999904632568,7.78000020980835,7.440000057220459,7.699999809265137,13687
2019-11-05,6.556233882904053,7.619999885559082,7.78000020980835,7.559999942779541,7.599999904632568,45073
2019-11-06,6.797145843505859,7.900000095367432,7.960000038146973,7.679999828338623,7.679999828338623,22452
2019-11-07,6.8143534660339355,7.920000076293945,7.980000019073486,7.800000190734863,7.980000019073486,17247
2019-11-08,7.31338357925415,8.5,8.739999771118164,8.300000190734863,8.359999656677246,52898
2019-11-11,7.433841228485107,8.640000343322754,8.699999809265137,8.539999961853027,8.579999923706055,41831
2019-11-12,7.3650078773498535,8.5600004196167,8.640000343322754,8.5600004196167,8.600000381469727,15571
2019-11-13,7.468257427215576,8.680000305175781,8.760000228881836,8.5600004196167,8.579999923706055,12522
2019-11-14,7.433841228485107,8.640000343322754,8.65999984741211,8.539999961853027,8.5600004196167,4347
2019-11-15,7.41663122177124,8.619999885559082,8.720000267028809,8.539999961853027,8.680000305175781,4998
2019-11-18,7.330591678619385,8.520000457763672,8.65999984741211,8.520000457763672,8.619999885559082,7454
2019-11-19,7.4854631423950195,8.699999809265137,8.800000190734863,8.5,8.539999961853027,19654
2019-11-20,7.743584632873535,9.0,9.5600004196167,8.720000267028809,8.920000076293945,2334328
2019-11-21,7.760790824890137,9.020000457763672,9.100000381469727,9.0,9.079999923706055,10128
2019-11-22,7.760790824890137,9.020000457763672,9.100000381469727,8.9399995803833,9.0600004196167,31195
2019-11-25,7.8296217918396,9.100000381469727,9.100000381469727,8.859999656677246,9.0,10462
2019-11-26,7.691958427429199,8.9399995803833,9.119999885559082,8.9399995803833,9.119999885559082,7858
2019-11-27,7.8296217918396,9.100000381469727,9.100000381469727,8.979999542236328,9.0,9798
2019-11-28,7.70916748046875,8.960000038146973,9.279999732971191,8.9399995803833,9.119999885559082,12706
2019-11-29,7.657543659210205,8.899999618530273,9.100000381469727,8.899999618530273,9.0600004196167,22356
2019-12-02,7.881245136260986,9.15999984741211,9.199999809265137,8.960000038146973,9.0,9518
2019-12-03,7.984495639801025,9.279999732971191,9.399999618530273,9.15999984741211,9.15999984741211,12913
2019-12-04,8.139368057250977,9.460000038146973,9.460000038146973,9.34000015258789,9.399999618530273,13729
2019-12-05,8.070533752441406,9.380000114440918,9.479999542236328,9.359999656677246,9.479999542236328,8681
2019-12-09,8.087740898132324,9.399999618530273,9.5,9.380000114440918,9.5,11771
2019-12-10,8.156575202941895,9.479999542236328,9.479999542236328,9.359999656677246,9.460000038146973,9235
2019-12-11,8.104950904846191,9.420000076293945,9.5,9.399999618530273,9.479999542236328,4690
2019-12-12,8.087740898132324,9.399999618530273,9.5,9.319999694824219,9.4399995803833,15288
2019-12-13,8.104950904846191,9.420000076293945,9.5,9.399999618530273,9.5,4404
2019-12-16,8.190990447998047,9.520000457763672,9.5600004196167,9.4399995803833,9.5,10522
2019-12-17,8.208196640014648,9.539999961853027,9.600000381469727,9.520000457763672,9.5600004196167,18215
2019-12-18,8.208196640014648,9.539999961853027,9.699999809265137,9.539999961853027,9.5600004196167,8835
2019-12-19,8.397483825683594,9.760000228881836,9.899999618530273,9.640000343322754,9.640000343322754,6067
2019-12-20,8.55235767364502,9.9399995803833,10.100000381469727,9.899999618530273,9.9399995803833,30953
2019-12-23,8.776060104370117,10.199999809265137,10.5,9.979999542236328,9.979999542236328,7965
2019-12-27,9.120222091674805,10.600000381469727,11.149999618530273,10.449999809265137,10.449999809265137,20068
2019-12-30,8.991159439086914,10.449999809265137,10.550000190734863,10.050000190734863,10.550000190734863,35696
2020-01-02,8.569565773010254,9.960000038146973,10.399999618530273,9.899999618530273,10.399999618530273,53531
2020-01-03,8.397483825683594,9.760000228881836,10.0,9.699999809265137,9.979999542236328,25013
2020-01-07,8.380277633666992,9.739999771118164,9.899999618530273,9.640000343322754,9.760000228881836,10047
2020-01-08,8.242612838745117,9.579999923706055,9.880000114440918,9.4399995803833,9.760000228881836,17765
2020-01-09,8.466317176818848,9.84000015258789,9.960000038146973,9.600000381469727,9.600000381469727,9003
2020-01-10,8.569565773010254,9.960000038146973,10.0,9.600000381469727,9.84000015258789,15963
2020-01-13,8.569565773010254,9.960000038146973,10.0,9.960000038146973,9.979999542236328,5002
2020-01-14,8.60398006439209,10.0,10.0,9.899999618530273,9.979999542236328,9548
2020-01-15,8.517942428588867,9.899999618530273,10.050000190734863,9.859999656677246,10.0,8709
2020-01-16,8.431900024414062,9.800000190734863,9.960000038146973,9.699999809265137,9.899999618530273,599414
2020-01-17,8.647002220153809,10.050000190734863,10.100000381469727,9.859999656677246,9.920000076293945,14495
2020-01-20,8.647002220153809,10.050000190734863,10.149999618530273,9.960000038146973,10.050000190734863,16451
2020-01-21,8.569565773010254,9.960000038146973,9.979999542236328,9.899999618530273,9.979999542236328,4657
2020-01-22,8.569565773010254,9.960000038146973,10.050000190734863,9.899999618530273,9.960000038146973,11147
2020-01-23,8.345861434936523,9.699999809265137,9.899999618530273,9.65999984741211,9.880000114440918,19030
2020-01-24,8.328654289245605,9.680000305175781,9.779999732971191,9.539999961853027,9.680000305175781,12962
2020-01-27,8.208196640014648,9.539999961853027,9.880000114440918,9.399999618530273,9.640000343322754,16285
2020-01-28,8.277029037475586,9.619999885559082,9.680000305175781,9.539999961853027,9.539999961853027,8910
2020-01-29,8.2598237991333,9.600000381469727,9.720000267028809,9.5600004196167,9.680000305175781,21356
2020-01-30,8.2598237991333,9.600000381469727,9.640000343322754,9.5600004196167,9.579999923706055,16609
2020-01-31,8.311445236206055,9.65999984741211,9.760000228881836,9.579999923706055,9.600000381469727,9183
2020-02-03,8.277029037475586,9.619999885559082,9.65999984741211,9.260000228881836,9.600000381469727,19252
2020-02-04,8.208196640014648,9.539999961853027,9.600000381469727,9.399999618530273,9.600000381469727,4612
2020-02-05,8.225406646728516,9.5600004196167,9.65999984741211,9.539999961853027,9.579999923706055,10260
2020-02-06,8.208196640014648,9.539999961853027,9.600000381469727,9.539999961853027,9.5600004196167,17138
2020-02-07,8.431900024414062,9.800000190734863,9.800000190734863,9.520000457763672,9.579999923706055,25979
2020-02-10,8.55235767364502,9.9399995803833,10.100000381469727,9.800000190734863,9.859999656677246,76972
2020-02-11,9.077200889587402,10.550000190734863,11.149999618530273,10.5,11.100000381469727,140213
2020-02-12,9.378338813781738,10.899999618530273,11.050000190734863,10.800000190734863,10.949999809265137,198152
2020-02-13,9.42136001586914,10.949999809265137,11.050000190734863,10.949999809265137,11.0,52087
2020-02-14,9.765519142150879,11.350000381469727,11.350000381469727,11.0,11.100000381469727,96057
2020-02-17,10.066658020019531,11.699999809265137,11.949999809265137,11.449999809265137,11.449999809265137,51728
2020-02-18,9.808539390563965,11.399999618530273,11.850000381469727,11.300000190734863,11.850000381469727,32563
2020-02-19,9.679478645324707,11.25,11.699999809265137,11.25,11.350000381469727,25795
2020-02-20,9.980618476867676,11.600000381469727,11.75,11.300000190734863,11.300000190734863,23761
2020-02-21,9.808539390563965,11.399999618530273,11.550000190734863,11.300000190734863,11.550000190734863,15558
2020-02-24,9.550419807434082,11.100000381469727,11.149999618530273,10.550000190734863,11.149999618530273,62632
2020-02-25,9.42136001586914,10.949999809265137,11.0,10.649999618530273,10.949999809265137,63833
2020-02-26,9.163239479064941,10.649999618530273,11.25,10.0,10.699999809265137,86705
2020-02-27,8.991159439086914,10.449999809265137,10.75,10.149999618530273,10.600000381469727,39292
2020-02-28,8.862099647521973,10.300000190734863,10.300000190734863,9.880000114440918,9.9399995803833,60761
2020-03-02,9.034178733825684,10.5,10.850000381469727,10.199999809265137,10.300000190734863,35716
2020-03-03,9.120222091674805,10.600000381469727,10.899999618530273,10.5,10.649999618530273,25899
2020-03-04,8.776060104370117,10.199999809265137,10.699999809265137,10.199999809265137,10.600000381469727,28397
2020-03-05,8.733039855957031,10.149999618530273,10.600000381469727,10.050000190734863,10.600000381469727,20220
2020-03-06,8.647002220153809,10.050000190734863,10.100000381469727,9.800000190734863,10.050000190734863,17858
2020-03-09,8.12215805053711,9.4399995803833,9.760000228881836,9.199999809265137,9.600000381469727,39065
2020-03-10,7.984495639801025,9.279999732971191,9.699999809265137,9.239999771118164,9.4399995803833,32288
2020-03-11,7.62312650680542,8.859999656677246,9.5,8.699999809265137,9.279999732971191,26485
2020-03-12,6.711105823516846,7.800000190734863,8.460000038146973,7.699999809265137,8.460000038146973,58936
2020-03-13,6.883184909820557,8.0,8.739999771118164,7.699999809265137,7.699999809265137,77780
2020-03-16,6.332530498504639,7.360000133514404,8.0,7.239999771118164,8.0,54458
2020-03-17,6.177658557891846,7.179999828338623,7.599999904632568,7.019999980926514,7.360000133514404,43757
2020-03-18,6.865976810455322,7.980000019073486,8.680000305175781,7.320000171661377,7.800000190734863,112588
2020-03-19,6.797145843505859,7.900000095367432,8.0,7.420000076293945,7.980000019073486,39920
2020-03-20,6.487401485443115,7.539999961853027,8.5,7.539999961853027,8.479999542236328,110279
2020-03-23,6.263699054718018,7.28000020980835,7.559999942779541,7.119999885559082,7.539999961853027,60642
2020-03-24,6.8143534660339355,7.920000076293945,8.100000381469727,7.5,7.900000095367432,30911
2020-03-25,7.210136413574219,8.380000114440918,8.9399995803833,8.100000381469727,8.100000381469727,28861
2020-03-26,7.227344036102295,8.399999618530273,8.479999542236328,8.020000457763672,8.479999542236328,19701
2020-03-27,7.12409782409668,8.279999732971191,8.779999732971191,8.220000267028809,8.4399995803833,16598
2020-03-30,7.31338357925415,8.5,8.640000343322754,8.279999732971191,8.600000381469727,16093
2020-03-31,7.72637414932251,8.979999542236328,9.15999984741211,8.539999961853027,8.539999961853027,17267
2020-04-01,7.8296217918396,9.100000381469727,9.359999656677246,8.960000038146973,9.0,23073
2020-04-02,7.72637414932251,8.979999542236328,9.180000305175781,8.859999656677246,9.079999923706055,31726
2020-04-03,7.787904739379883,8.859999656677246,9.0,8.619999885559082,9.0,8382
2020-04-06,7.893383502960205,8.979999542236328,9.119999885559082,8.65999984741211,9.119999885559082,16933
2020-04-07,7.963703632354736,9.0600004196167,9.220000267028809,8.979999542236328,8.979999542236328,20514
2020-04-08,7.823065280914307,8.899999618530273,9.140000343322754,8.859999656677246,9.100000381469727,14442
2020-04-09,7.858224391937256,8.9399995803833,9.119999885559082,8.920000076293945,8.9399995803833,29331
2020-04-14,7.9109649658203125,9.0,9.140000343322754,8.960000038146973,9.020000457763672,23901
2020-04-15,7.559365272521973,8.600000381469727,9.0,8.539999961853027,9.0,30823
2020-04-16,7.700006484985352,8.760000228881836,8.920000076293945,8.699999809265137,8.779999732971191,18158
2020-04-17,7.893383502960205,8.979999542236328,9.0600004196167,8.800000190734863,8.800000190734863,13247
2020-04-20,7.805485248565674,8.880000114440918,9.079999923706055,8.779999732971191,9.020000457763672,111671
2020-04-21,7.735166072845459,8.800000190734863,8.899999618530273,8.699999809265137,8.880000114440918,7624
2020-04-22,7.875805377960205,8.960000038146973,9.020000457763672,8.699999809265137,8.699999809265137,28757
2020-04-23,8.086762428283691,9.199999809265137,9.300000190734863,9.0,9.039999961853027,17363
2020-04-24,8.01644229888916,9.119999885559082,9.239999771118164,9.0,9.239999771118164,8802
2020-04-27,8.22740364074707,9.359999656677246,9.739999771118164,9.260000228881836,9.399999618530273,35085
2020-04-28,8.772379875183105,9.979999542236328,10.100000381469727,9.800000190734863,9.979999542236328,68736
2020-04-29,9.185507774353027,10.449999809265137,10.550000190734863,10.199999809265137,10.199999809265137,89321
2020-04-30,9.273407936096191,10.550000190734863,10.949999809265137,10.25,10.399999618530273,44097
2020-05-04,8.833911895751953,10.050000190734863,10.5,9.819999694824219,10.5,30970
2020-05-05,8.965758323669434,10.199999809265137,10.300000190734863,9.920000076293945,10.300000190734863,71247
2020-05-06,8.754800796508789,9.960000038146973,10.199999809265137,9.920000076293945,10.199999809265137,103045
2020-05-07,9.22945785522461,10.5,10.550000190734863,9.920000076293945,9.920000076293945,106041
2020-05-08,9.31735897064209,10.600000381469727,10.800000190734863,10.149999618530273,10.449999809265137,19730
2020-05-11,9.493156433105469,10.800000190734863,10.850000381469727,10.5,10.600000381469727,12085
2020-05-12,9.493156433105469,10.800000190734863,10.800000190734863,10.5,10.800000190734863,9861
2020-05-13,9.405257225036621,10.699999809265137,10.800000190734863,10.5,10.800000190734863,11126
2020-05-14,8.965758323669434,10.199999809265137,10.800000190734863,10.199999809265137,10.75,19030
2020-05-15,9.31735897064209,10.600000381469727,10.75,10.350000381469727,10.350000381469727,16613
2020-05-18,9.053658485412598,10.300000190734863,10.75,10.300000190734863,10.649999618530273,15198
2020-05-19,9.405257225036621,10.699999809265137,10.800000190734863,10.149999618530273,10.600000381469727,35709
2020-05-20,9.361307144165039,10.649999618530273,10.649999618530273,10.449999809265137,10.649999618530273,3254
2020-05-22,9.449209213256836,10.75,10.800000190734863,10.350000381469727,10.699999809265137,5950
2020-05-25,9.668956756591797,11.0,11.0,10.75,10.800000190734863,11287
2020-05-26,9.756856918334961,11.100000381469727,11.25,10.949999809265137,11.0,7424
2020-05-27,9.800806045532227,11.149999618530273,11.199999809265137,11.0,11.100000381469727,115006
2020-05-28,9.625007629394531,10.949999809265137,11.100000381469727,10.800000190734863,11.100000381469727,89248
2020-05-29,9.31735897064209,10.600000381469727,11.050000190734863,10.600000381469727,10.899999618530273,10721
2020-06-01,9.844756126403809,11.199999809265137,11.199999809265137,10.649999618530273,10.649999618530273,6880
2020-06-02,9.976606369018555,11.350000381469727,11.600000381469727,11.199999809265137,11.199999809265137,10459
2020-06-03,10.196354866027832,11.600000381469727,11.649999618530273,11.350000381469727,11.350000381469727,5999
2020-06-04,10.240303039550781,11.649999618530273,11.699999809265137,10.649999618530273,11.600000381469727,20064
2020-06-05,9.976606369018555,11.350000381469727,11.800000190734863,11.300000190734863,11.649999618530273,22050
2020-06-08,9.844756126403809,11.199999809265137,11.5,11.199999809265137,11.449999809265137,22249
2020-06-09,9.668956756591797,11.0,11.199999809265137,10.800000190734863,11.199999809265137,18615
2020-06-10,9.800806045532227,11.149999618530273,11.199999809265137,10.850000381469727,11.0,23965
2020-06-11,9.449209213256836,10.75,11.0,10.5,10.899999618530273,14290
2020-06-12,9.581056594848633,10.899999618530273,10.899999618530273,10.5,10.649999618530273,14015
2020-06-15,9.449209213256836,10.75,11.300000190734863,10.699999809265137,10.899999618530273,16718
2020-06-16,9.449209213256836,10.75,11.0,10.699999809265137,11.0,25013
2020-06-17,9.888705253601074,11.25,11.300000190734863,10.600000381469727,10.800000190734863,22199
2020-06-18,10.152405738830566,11.550000190734863,11.75,11.25,11.25,20031
2020-06-22,9.800806045532227,11.149999618530273,11.600000381469727,11.149999618530273,11.600000381469727,6137
2020-06-23,10.064504623413086,11.449999809265137,11.699999809265137,11.050000190734863,11.050000190734863,8824
2020-06-24,9.844756126403809,11.199999809265137,11.600000381469727,11.199999809265137,11.350000381469727,5638
2020-06-25,9.712905883789062,11.050000190734863,11.399999618530273,11.0,11.199999809265137,7434
2020-06-26,9.668956756591797,11.0,11.199999809265137,11.0,11.149999618530273,7819
2020-06-29,9.581056594848633,10.899999618530273,11.0,10.800000190734863,10.949999809265137,6557
2020-06-30,9.625007629394531,10.949999809265137,11.100000381469727,10.949999809265137,11.0,5522
2020-07-01,9.625007629394531,10.949999809265137,11.149999618530273,10.899999618530273,11.050000190734863,13328
2020-07-02,9.800806045532227,11.149999618530273,11.149999618530273,10.899999618530273,11.0,14679
2020-07-03,9.976606369018555,11.350000381469727,11.5,11.050000190734863,11.149999618530273,7582
2020-07-06,9.932655334472656,11.300000190734863,11.5,11.300000190734863,11.5,12890
2020-07-07,10.02055549621582,11.399999618530273,11.399999618530273,11.25,11.350000381469727,5443
2020-07-08,9.932655334472656,11.300000190734863,11.399999618530273,11.149999618530273,11.399999618530273,10421
2020-07-09,9.844756126403809,11.199999809265137,11.350000381469727,11.149999618530273,11.25,6607
2020-07-10,9.844756126403809,11.199999809265137,11.300000190734863,11.100000381469727,11.300000190734863,11232
2020-07-13,9.932655334472656,11.300000190734863,11.449999809265137,11.25,11.449999809265137,10739
2020-07-14,10.02055549621582,11.399999618530273,11.5,11.149999618530273,11.199999809265137,8288
2020-07-15,10.064504623413086,11.449999809265137,11.5,11.449999809265137,11.5,6121
2020-07-16,10.152405738830566,11.550000190734863,11.75,11.550000190734863,11.600000381469727,9405
2020-07-17,11.60274887084961,13.199999809265137,13.699999809265137,12.850000381469727,13.149999618530273,71685
2020-07-20,11.69064712524414,13.300000190734863,13.5,13.199999809265137,13.199999809265137,30787
2020-07-21,11.69064712524414,13.300000190734863,13.449999809265137,13.149999618530273,13.350000381469727,8347
2020-07-22,11.470897674560547,13.050000190734863,13.399999618530273,12.899999618530273,13.399999618530273,12412
2020-07-23,11.69064712524414,13.300000190734863,13.300000190734863,13.0,13.050000190734863,9413
2020-07-24,11.646697998046875,13.25,13.25,13.050000190734863,13.149999618530273,10652
2020-07-27,11.646697998046875,13.25,13.300000190734863,13.100000381469727,13.25,10926
2020-07-28,11.646697998046875,13.25,13.25,13.050000190734863,13.199999809265137,4661
2020-07-29,11.778548240661621,13.399999618530273,13.399999618530273,13.199999809265137,13.25,44670
2020-07-30,11.60274887084961,13.199999809265137,13.399999618530273,13.100000381469727,13.399999618530273,10782
2020-07-31,11.646697998046875,13.25,13.25,13.0,13.149999618530273,72867
2020-08-03,11.866447448730469,13.5,13.5,13.25,13.25,15539
2020-08-04,11.60274887084961,13.199999809265137,13.5,13.199999809265137,13.5,48154
2020-08-05,11.69064712524414,13.300000190734863,13.5,13.149999618530273,13.350000381469727,17847
2020-08-06,11.69064712524414,13.300000190734863,13.449999809265137,13.149999618530273,13.300000190734863,23303
2020-08-07,11.69064712524414,13.300000190734863,13.449999809265137,13.25,13.300000190734863,25860
2020-08-10,11.866447448730469,13.5,13.649999618530273,13.300000190734863,13.300000190734863,42147
2020-08-11,12.086195945739746,13.75,13.800000190734863,13.449999809265137,13.600000381469727,36180
2020-08-12,12.833343505859375,14.600000381469727,14.850000381469727,13.699999809265137,13.75,47289
2020-08-13,12.657544136047363,14.399999618530273,14.75,13.800000190734863,14.699999809265137,46528
2020-08-14,12.965191841125488,14.75,14.850000381469727,14.5,14.699999809265137,45041
2020-08-17,13.40468978881836,15.25,15.350000381469727,15.0,15.149999618530273,57663
2020-08-18,13.624439239501953,15.5,16.0,15.050000190734863,15.300000190734863,35140
2020-08-19,13.580488204956055,15.449999809265137,15.850000381469727,15.300000190734863,15.5,24946
2020-08-20,13.712339401245117,15.600000381469727,15.850000381469727,15.600000381469727,15.800000190734863,21635
2020-08-21,13.844188690185547,15.75,15.899999618530273,15.75,15.75,32522
2020-08-24,14.459486961364746,16.450000762939453,16.799999237060547,15.899999618530273,15.899999618530273,58764
2020-08-25,14.151837348937988,16.100000381469727,16.75,16.049999237060547,16.75,61013
2020-08-26,13.800240516662598,15.699999809265137,16.350000381469727,15.600000381469727,16.100000381469727,25522
2020-08-27,13.888138771057129,15.800000190734863,15.800000190734863,15.5,15.699999809265137,13256
2020-08-28,13.888138771057129,15.800000190734863,15.800000190734863,15.5,15.800000190734863,32475
2020-08-31,13.624439239501953,15.5,15.800000190734863,15.300000190734863,15.800000190734863,22240
2020-09-01,13.536539077758789,15.399999618530273,15.5,15.100000381469727,15.449999809265137,19354
2020-09-02,13.712339401245117,15.600000381469727,15.699999809265137,15.399999618530273,15.449999809265137,40156
2020-09-03,13.712339401245117,15.600000381469727,15.800000190734863,15.5,15.75,29071
2020-09-04,13.448639869689941,15.300000190734863,15.550000190734863,14.850000381469727,15.300000190734863,16263
2020-09-07,13.272841453552246,15.100000381469727,15.550000190734863,14.75,15.149999618530273,19835
2020-09-08,13.40468978881836,15.25,15.5,15.100000381469727,15.25,18776
2020-09-09,13.624439239501953,15.5,15.5,15.050000190734863,15.100000381469727,42961
2020-09-10,13.888138771057129,15.800000190734863,15.899999618530273,15.399999618530273,15.5,10408
2020-09-11,13.536539077758789,15.399999618530273,15.800000190734863,15.399999618530273,15.800000190734863,6536
2020-09-14,13.536539077758789,15.399999618530273,15.699999809265137,15.350000381469727,15.550000190734863,10566
2020-09-15,13.624439239501953,15.5,15.699999809265137,15.449999809265137,15.699999809265137,14441
2020-09-16,13.712339401245117,15.600000381469727,15.800000190734863,15.350000381469727,15.5,18533
2020-09-17,14.239734649658203,16.200000762939453,16.200000762939453,15.75,15.800000190734863,15922
2020-09-18,14.063936233520508,16.0,16.200000762939453,16.0,16.200000762939453,12393
2020-09-21,13.800240516662598,15.699999809265137,16.200000762939453,15.350000381469727,16.149999618530273,18269
2020-09-22,13.844188690185547,15.75,15.949999809265137,15.399999618530273,15.399999618530273,15712
2020-09-23,14.019988059997559,15.949999809265137,15.949999809265137,15.649999618530273,15.800000190734863,8212
2020-09-24,14.94293212890625,17.0,17.0,15.699999809265137,15.800000190734863,38796
2020-09-25,14.679234504699707,16.700000762939453,17.0,16.5,17.0,19230
2020-09-28,14.855034828186035,16.899999618530273,16.899999618530273,16.549999237060547,16.700000762939453,17078
2020-09-29,15.03083324432373,17.100000381469727,17.299999237060547,16.850000381469727,16.899999618530273,15776
2020-09-30,15.646130561828613,17.799999237060547,18.200000762939453,17.299999237060547,17.299999237060547,25468
2020-10-01,16.569076538085938,18.850000381469727,19.399999618530273,17.75,17.75,36529
2020-10-02,16.173524856567383,18.399999618530273,18.899999618530273,18.200000762939453,18.850000381469727,21213
2020-10-05,16.08562660217285,18.299999237060547,18.850000381469727,18.299999237060547,18.450000762939453,22088
2020-10-06,15.953778266906738,18.149999618530273,18.600000381469727,18.049999237060547,18.450000762939453,10452
2020-10-07,16.08562660217285,18.299999237060547,18.5,18.149999618530273,18.5,10134
2020-10-08,16.041677474975586,18.25,18.399999618530273,18.100000381469727,18.299999237060547,24132
2020-10-09,16.041677474975586,18.25,18.350000381469727,18.100000381469727,18.25,5832
2020-10-12,16.349323272705078,18.600000381469727,18.700000762939453,18.25,18.299999237060547,30569
2020-10-13,16.217477798461914,18.450000762939453,18.850000381469727,18.450000762939453,18.850000381469727,6873
2020-10-14,16.305376052856445,18.549999237060547,18.600000381469727,18.450000762939453,18.600000381469727,7721
2020-10-15,15.997727394104004,18.200000762939453,18.549999237060547,18.200000762939453,18.549999237060547,8314
2020-10-16,16.173524856567383,18.399999618530273,18.649999618530273,18.25,18.299999237060547,39193
2020-10-19,16.20905113220215,18.25,18.600000381469727,18.25,18.5,38233
2020-10-20,15.942604064941406,17.950000762939453,18.5,17.950000762939453,18.299999237060547,14442
2020-10-21,15.898192405700684,17.899999618530273,18.350000381469727,17.049999237060547,18.100000381469727,17346
2020-10-22,15.676153182983398,17.649999618530273,17.950000762939453,17.450000762939453,17.899999618530273,19544
2020-10-23,15.454111099243164,17.399999618530273,17.700000762939453,17.25,17.649999618530273,18847
2020-10-26,15.542928695678711,17.5,17.649999618530273,17.100000381469727,17.350000381469727,29747
2020-10-27,15.27647590637207,17.200000762939453,17.899999618530273,17.049999237060547,17.899999618530273,16154
2020-10-28,14.61035442352295,16.450000762939453,17.0,15.899999618530273,16.950000762939453,49905
2020-10-29,15.232068061828613,17.149999618530273,17.149999618530273,16.049999237060547,16.100000381469727,27309
2020-10-30,15.320886611938477,17.25,18.0,17.0,17.0,18119
2020-11-02,15.720563888549805,17.700000762939453,18.200000762939453,17.549999237060547,17.899999618530273,17363
2020-11-03,15.987013816833496,18.0,18.049999237060547,17.799999237060547,17.799999237060547,26400
2020-11-04,16.47550392150879,18.549999237060547,18.600000381469727,18.049999237060547,18.049999237060547,25211
2020-11-05,17.71893882751465,19.950000762939453,21.299999237060547,19.649999618530273,20.0,193564
2020-11-06,18.740331649780273,21.100000381469727,21.700000762939453,20.200000762939453,20.399999618530273,160771
2020-11-09,17.763347625732422,20.0,21.899999618530273,20.0,21.600000381469727,92058
2020-11-10,17.408079147338867,19.600000381469727,20.600000381469727,19.549999237060547,20.200000762939453,60030
2020-11-11,17.1860408782959,19.350000381469727,19.649999618530273,19.0,19.600000381469727,42700
2020-11-12,16.919586181640625,19.049999237060547,19.399999618530273,19.0,19.399999618530273,55951
2020-11-13,17.27485466003418,19.450000762939453,19.600000381469727,18.850000381469727,19.100000381469727,21617
2020-11-16,17.319263458251953,19.5,19.649999618530273,19.299999237060547,19.450000762939453,29538
2020-11-17,17.14162826538086,19.299999237060547,19.700000762939453,19.25,19.649999618530273,15723
2020-11-18,17.23044776916504,19.399999618530273,19.549999237060547,19.25,19.299999237060547,16799
2020-11-19,17.23044776916504,19.399999618530273,19.75,19.25,19.649999618530273,18823
2020-11-20,17.14162826538086,19.299999237060547,19.649999618530273,19.100000381469727,19.450000762939453,39817
2020-11-23,17.14162826538086,19.299999237060547,19.5,19.149999618530273,19.299999237060547,15800
2020-11-24,16.96399688720703,19.100000381469727,19.350000381469727,18.950000762939453,19.350000381469727,43738
2020-11-25,17.05281639099121,19.200000762939453,19.450000762939453,19.100000381469727,19.450000762939453,21334
2020-11-26,16.96399688720703,19.100000381469727,19.25,18.899999618530273,19.25,12693
2020-11-27,18.11861228942871,20.399999618530273,20.799999237060547,20.100000381469727,20.100000381469727,96550
2020-11-30,18.651514053344727,21.0,21.399999618530273,20.399999618530273,20.600000381469727,54512
2020-12-01,18.38506507873535,20.700000762939453,21.600000381469727,20.5,21.200000762939453,78479
2020-12-02,18.56269645690918,20.899999618530273,21.0,20.700000762939453,20.799999237060547,40000
2020-12-03,18.20743179321289,20.5,21.100000381469727,20.5,21.0,32887
2020-12-04,18.20743179321289,20.5,20.799999237060547,20.299999237060547,20.700000762939453,35872
2020-12-07,18.20743179321289,20.5,20.600000381469727,20.399999618530273,20.5,30011
2020-12-08,18.11861228942871,20.399999618530273,20.700000762939453,20.299999237060547,20.5,69318
2020-12-09,17.85216522216797,20.100000381469727,20.899999618530273,20.100000381469727,20.600000381469727,54755
2020-12-10,18.02979850769043,20.299999237060547,20.5,20.100000381469727,20.100000381469727,48991
2020-12-11,18.20743179321289,20.5,20.600000381469727,20.299999237060547,20.299999237060547,28495
2020-12-14,18.651514053344727,21.0,21.0,20.5,20.5,31159
2020-12-15,19.095600128173828,21.5,21.5,21.100000381469727,21.100000381469727,24921
2020-12-16,19.45086669921875,21.899999618530273,22.100000381469727,21.600000381469727,21.600000381469727,35160
2020-12-17,19.89495086669922,22.399999618530273,22.600000381469727,22.0,22.299999237060547,32470
2020-12-18,21.138385772705078,23.799999237060547,24.0,22.5,22.600000381469727,55903
2020-12-21,20.605484008789062,23.200000762939453,24.100000381469727,22.799999237060547,24.100000381469727,55510
2020-12-22,20.694299697875977,23.299999237060547,24.0,23.200000762939453,23.600000381469727,39755
2020-12-23,21.138385772705078,23.799999237060547,24.200000762939453,23.100000381469727,23.299999237060547,39673
2020-12-28,21.848915100097656,24.600000381469727,24.700000762939453,24.0,24.0,35828
2020-12-29,21.848915100097656,24.600000381469727,25.100000381469727,24.200000762939453,24.899999618530273,43065
2020-12-30,21.760101318359375,24.5,24.700000762939453,24.100000381469727,24.700000762939453,22060
2021-01-04,22.20418357849121,25.0,25.0,24.700000762939453,24.799999237060547,29182
2021-01-05,21.93773651123047,24.700000762939453,25.100000381469727,24.100000381469727,25.0,37770
2021-01-07,21.58246612548828,24.299999237060547,25.0,23.899999618530273,25.0,65999
2021-01-08,21.316020965576172,24.0,24.600000381469727,23.5,24.299999237060547,96295
2021-01-11,20.605484008789062,23.200000762939453,24.200000762939453,22.799999237060547,24.200000762939453,116897
2021-01-12,20.87193489074707,23.5,23.700000762939453,23.299999237060547,23.299999237060547,45902
2021-01-13,20.783119201660156,23.399999618530273,23.600000381469727,23.200000762939453,23.5,34452
2021-01-14,20.516666412353516,23.100000381469727,23.5,23.0,23.5,31142
2021-01-15,20.4278507232666,23.0,23.299999237060547,22.899999618530273,23.200000762939453,60691
2021-01-18,20.4278507232666,23.0,23.299999237060547,22.799999237060547,23.0,75797
2021-01-19,20.960752487182617,23.600000381469727,23.899999618530273,23.100000381469727,23.200000762939453,31547
2021-01-20,20.694299697875977,23.299999237060547,23.600000381469727,23.200000762939453,23.5,27186
2021-01-21,20.87193489074707,23.5,23.5,23.299999237060547,23.5,21968
2021-01-22,20.605484008789062,23.200000762939453,23.399999618530273,23.0,23.399999618530273,22123
2021-01-25,20.87193489074707,23.5,23.600000381469727,23.200000762939453,23.299999237060547,38118
2021-01-26,21.227201461791992,23.899999618530273,24.200000762939453,23.299999237060547,23.5,54809
2021-01-27,20.783119201660156,23.399999618530273,24.0,22.700000762939453,24.0,75184
2021-01-28,20.605484008789062,23.200000762939453,23.899999618530273,22.0,23.200000762939453,120736
2021-01-29,20.87193489074707,23.5,23.799999237060547,22.700000762939453,23.200000762939453,41428
2021-02-01,21.49365234375,24.200000762939453,24.600000381469727,23.799999237060547,23.899999618530273,36664
2021-02-02,21.316020965576172,24.0,24.799999237060547,23.799999237060547,24.299999237060547,53663
2021-02-03,22.115367889404297,24.899999618530273,25.0,24.200000762939453,24.299999237060547,39357
2021-02-04,22.115367889404297,24.899999618530273,25.799999237060547,24.799999237060547,25.100000381469727,36624
2021-02-05,22.29300308227539,25.100000381469727,25.600000381469727,24.799999237060547,25.100000381469727,37719
2021-02-08,22.470632553100586,25.299999237060547,25.5,25.200000762939453,25.200000762939453,30064
2021-02-09,22.20418357849121,25.0,25.399999618530273,24.899999618530273,25.399999618530273,35170
2021-02-10,23.18116569519043,26.100000381469727,26.100000381469727,25.299999237060547,25.299999237060547,82587
2021-02-11,26.645023345947266,30.0,31.799999237060547,29.299999237060547,31.100000381469727,261213
2021-02-12,28.421354293823242,32.0,33.400001525878906,30.700000762939453,30.700000762939453,206149
2021-02-15,28.154903411865234,31.700000762939453,32.599998474121094,31.0,32.5,92045
2021-02-16,28.598987579345703,32.20000076293945,32.20000076293945,31.299999237060547,31.899999618530273,57168
2021-02-17,27.53318977355957,31.0,32.400001525878906,31.0,32.400001525878906,41037
2021-02-18,26.556203842163086,29.899999618530273,31.299999237060547,29.700000762939453,31.299999237060547,65477
2021-02-19,26.200939178466797,29.5,29.899999618530273,28.899999618530273,29.899999618530273,90170
2021-02-22,26.82265853881836,30.200000762939453,30.200000762939453,29.600000381469727,29.600000381469727,36214
2021-02-23,26.28975486755371,29.600000381469727,30.600000381469727,28.5,30.399999618530273,84012
2021-02-24,25.579219818115234,28.799999237060547,30.399999618530273,28.700000762939453,29.799999237060547,53663
2021-02-25,25.668033599853516,28.899999618530273,29.600000381469727,28.5,29.299999237060547,46732
2021-02-26,25.312767028808594,28.5,28.799999237060547,27.600000381469727,28.600000381469727,50889
2021-03-01,26.200939178466797,29.5,29.700000762939453,28.700000762939453,28.899999618530273,36447
2021-03-02,26.112123489379883,29.399999618530273,29.600000381469727,28.799999237060547,29.5,41259
2021-03-03,26.28975486755371,29.600000381469727,30.200000762939453,29.0,29.899999618530273,50333
2021-03-04,25.223955154418945,28.399999618530273,29.600000381469727,28.200000762939453,29.600000381469727,60761
2021-03-05,25.312767028808594,28.5,28.700000762939453,27.200000762939453,28.399999618530273,88212
2021-03-08,25.312767028808594,28.5,29.0,28.5,29.0,34429
2021-03-09,25.312767028808594,28.5,28.899999618530273,28.5,28.5,29452
2021-03-10,25.579219818115234,28.799999237060547,28.899999618530273,28.5,28.600000381469727,23457
2021-03-11,26.200939178466797,29.5,29.600000381469727,28.799999237060547,28.799999237060547,54149
2021-03-12,26.200939178466797,29.5,30.0,29.5,29.700000762939453,30745
2021-03-15,26.467388153076172,29.799999237060547,30.0,29.700000762939453,29.700000762939453,31300
2021-03-16,26.467388153076172,29.799999237060547,30.399999618530273,29.799999237060547,30.299999237060547,34956
2021-03-17,26.023300170898438,29.299999237060547,30.0,28.899999618530273,29.899999618530273,23285
2021-03-18,25.845672607421875,29.100000381469727,29.600000381469727,28.899999618530273,29.399999618530273,25443
2021-03-19,25.668033599853516,28.899999618530273,29.100000381469727,28.5,29.100000381469727,26963
2021-03-22,25.756855010986328,29.0,29.100000381469727,28.600000381469727,28.899999618530273,18151
2021-03-23,25.49040412902832,28.700000762939453,29.200000762939453,28.700000762939453,29.100000381469727,23673
2021-03-24,25.49040412902832,28.700000762939453,28.899999618530273,28.200000762939453,28.700000762939453,34249
2021-03-25,25.579219818115234,28.799999237060547,29.200000762939453,28.600000381469727,28.799999237060547,26301
2021-03-26,25.579219818115234,28.799999237060547,29.200000762939453,28.600000381469727,29.200000762939453,23843
2021-03-29,26.28975486755371,29.600000381469727,29.799999237060547,28.799999237060547,28.799999237060547,29469
2021-03-30,26.378570556640625,29.700000762939453,29.899999618530273,29.700000762939453,29.700000762939453,10427
2021-03-31,27.355554580688477,30.799999237060547,31.399999618530273,29.700000762939453,29.700000762939453,40835
2021-04-01,27.53318977355957,31.0,31.5,30.899999618530273,30.899999618530273,17298
2021-04-06,28.421354293823242,32.0,32.0,31.100000381469727,31.5,44610
2021-04-07,27.932865142822266,31.450000762939453,32.0,31.299999237060547,32.0,26888
2021-04-08,28.243722915649414,31.799999237060547,32.25,31.450000762939453,31.450000762939453,22986
2021-04-09,28.441104888916016,31.700000762939453,32.099998474121094,31.399999618530273,31.649999618530273,31980
2021-04-12,28.26166534423828,31.5,31.950000762939453,30.899999618530273,31.700000762939453,38815
2021-04-13,29.203723907470703,32.54999923706055,32.79999923706055,30.899999618530273,31.5,70764
2021-04-14,29.338300704956055,32.70000076293945,32.849998474121094,32.0,32.5,13717
2021-04-15,29.248580932617188,32.599998474121094,33.599998474121094,32.29999923706055,32.79999923706055,27190
2021-04-16,30.190635681152344,33.650001525878906,33.79999923706055,32.54999923706055,32.599998474121094,48951
2021-04-19,35.84296798706055,39.95000076293945,43.0,39.75,43.0,338625
2021-04-20,35.61867141723633,39.70000076293945,40.400001525878906,38.79999923706055,40.0,70545
2021-04-21,35.75325012207031,39.849998474121094,40.20000076293945,39.70000076293945,40.150001525878906,58750
2021-04-22,35.977542877197266,40.099998474121094,40.25,39.95000076293945,40.0,43744
2021-04-23,36.9644660949707,41.20000076293945,41.29999923706055,39.400001525878906,39.95000076293945,79008
2021-04-26,37.54763412475586,41.849998474121094,42.79999923706055,41.25,41.25,59468
2021-04-27,37.682212829589844,42.0,42.400001525878906,41.54999923706055,42.349998474121094,35693
2021-04-28,37.457923889160156,41.75,42.0,41.29999923706055,42.0,31307
2021-04-29,38.265403747558594,42.650001525878906,43.45000076293945,41.900001525878906,42.04999923706055,74619
2021-04-30,39.02801513671875,43.5,44.20000076293945,42.54999923706055,43.099998474121094,47473
2021-05-03,37.90652084350586,42.25,44.0,41.900001525878906,43.650001525878906,49872
2021-05-04,36.785030364990234,41.0,42.5,41.0,42.349998474121094,54721
2021-05-05,37.90652084350586,42.25,43.79999923706055,41.349998474121094,41.54999923706055,117702
2021-05-06,36.56072998046875,40.75,43.0,40.25,43.0,97531
2021-05-07,38.22053527832031,42.599998474121094,42.599998474121094,40.650001525878906,40.95000076293945,78380
2021-05-10,36.336429595947266,40.5,42.849998474121094,40.5,42.849998474121094,73561
2021-05-11,35.170066833496094,39.20000076293945,40.349998474121094,38.849998474121094,40.349998474121094,83819
2021-05-12,36.06726837158203,40.20000076293945,40.349998474121094,39.04999923706055,39.20000076293945,68365
2021-05-14,35.61867141723633,39.70000076293945,40.70000076293945,39.099998474121094,40.20000076293945,47198
2021-05-17,35.573814392089844,39.650001525878906,40.45000076293945,39.400001525878906,39.70000076293945,41493
2021-05-18,36.82988357543945,41.04999923706055,41.25,39.54999923706055,39.70000076293945,216330
2021-05-19,36.785030364990234,41.0,41.04999923706055,39.70000076293945,40.95000076293945,73105
2021-05-20,37.457923889160156,41.75,41.95000076293945,40.45000076293945,41.0,33869
2021-05-21,37.90652084350586,42.25,42.650001525878906,41.5,41.70000076293945,47150
2021-05-24,38.35512161254883,42.75,43.75,42.0,42.5,48644
2021-05-25,38.35512161254883,42.75,43.20000076293945,41.95000076293945,42.95000076293945,36501
2021-05-26,38.17567825317383,42.54999923706055,43.900001525878906,42.25,42.75,68323
2021-05-27,39.65605163574219,44.20000076293945,44.20000076293945,42.45000076293945,42.599998474121094,426803
2021-05-28,41.31586837768555,46.04999923706055,47.45000076293945,44.75,44.75,155851
2021-05-31,43.33455276489258,48.29999923706055,49.599998474121094,46.650001525878906,46.650001525878906,138836
2021-06-01,43.28969192504883,48.25,49.29999923706055,47.5,48.599998474121094,77482
2021-06-02,43.73828887939453,48.75,49.79999923706055,47.900001525878906,48.54999923706055,53782
2021-06-03,43.19997787475586,48.150001525878906,48.95000076293945,47.400001525878906,48.75,79043
2021-06-04,43.379417419433594,48.349998474121094,49.099998474121094,47.95000076293945,48.75,56012
2021-06-07,43.19997787475586,48.150001525878906,48.75,47.54999923706055,48.70000076293945,34096
2021-06-08,43.155113220214844,48.099998474121094,48.29999923706055,47.70000076293945,48.150001525878906,4200
2021-06-09,41.89904022216797,46.70000076293945,48.04999923706055,46.70000076293945,48.0,54940
2021-06-10,42.30278015136719,47.150001525878906,47.400001525878906,45.29999923706055,46.75,77661
2021-06-11,42.1682014465332,47.0,47.45000076293945,46.099998474121094,47.20000076293945,27296
2021-06-14,42.66165542602539,47.54999923706055,48.70000076293945,47.150001525878906,47.150001525878906,44603
2021-06-15,42.61680221557617,47.5,48.25,47.099998474121094,47.70000076293945,44542
2021-06-16,42.48221206665039,47.349998474121094,48.400001525878906,46.599998474121094,48.400001525878906,53288
2021-06-17,43.42427062988281,48.400001525878906,48.45000076293945,46.54999923706055,47.29999923706055,41481
2021-06-18,43.244834899902344,48.20000076293945,49.650001525878906,47.70000076293945,48.45000076293945,73054
2021-06-21,43.46912384033203,48.45000076293945,48.5,46.70000076293945,48.0,33812
2021-06-22,43.962589263916016,49.0,49.0,47.79999923706055,48.45000076293945,18869
2021-06-23,43.28969192504883,48.25,49.25,47.599998474121094,49.099998474121094,20561
2021-06-24,44.321475982666016,49.400001525878906,49.400001525878906,48.20000076293945,48.5,33277
2021-06-28,44.68034744262695,49.79999923706055,50.400001525878906,48.29999923706055,49.400001525878906,32444
2021-06-29,46.20558166503906,51.5,51.5,49.54999923706055,49.849998474121094,39055
2021-06-30,45.756980895996094,51.0,51.599998474121094,50.099998474121094,51.5,30097
2021-07-01,45.308380126953125,50.5,51.29999923706055,50.29999923706055,50.5,21047
2021-07-02,45.846702575683594,51.099998474121094,51.5,50.29999923706055,50.900001525878906,15127
2021-07-05,45.846702575683594,51.099998474121094,51.70000076293945,50.599998474121094,51.5,21117
2021-07-06,45.756980895996094,51.0,51.5,50.599998474121094,51.5,32873
2021-07-07,46.3850212097168,51.70000076293945,52.400001525878906,51.29999923706055,51.5,26040
2021-07-08,45.39810562133789,50.599998474121094,52.400001525878906,50.099998474121094,51.79999923706055,34170
2021-07-09,45.66726303100586,50.900001525878906,52.70000076293945,50.70000076293945,51.0,33337
2021-07-12,46.923336029052734,52.29999923706055,52.29999923706055,50.20000076293945,51.099998474121094,36722
2021-07-13,48.358856201171875,53.900001525878906,54.20000076293945,52.0,52.29999923706055,34257
2021-07-14,48.80745315551758,54.400001525878906,54.5,52.79999923706055,54.0,21635
2021-07-15,48.71772384643555,54.29999923706055,55.29999923706055,54.0,54.400001525878906,27851
2021-07-16,52.216793060302734,58.20000076293945,58.20000076293945,53.5,54.599998474121094,119931
2021-07-19,51.588748931884766,57.5,60.0,56.900001525878906,58.79999923706055,111735
2021-07-20,52.216793060302734,58.20000076293945,58.70000076293945,56.400001525878906,58.20000076293945,76676
2021-07-21,52.844825744628906,58.900001525878906,60.099998474121094,57.79999923706055,58.29999923706055,43503
2021-07-22,53.113990783691406,59.20000076293945,59.400001525878906,58.29999923706055,59.400001525878906,26489
2021-07-23,54.19062423706055,60.400001525878906,61.70000076293945,59.20000076293945,59.5,54272
2021-07-26,54.37006759643555,60.599998474121094,60.900001525878906,59.5,60.400001525878906,23019
2021-07-27,52.665382385253906,58.70000076293945,61.0,58.5,60.900001525878906,37494
2021-07-28,52.75511169433594,58.79999923706055,59.29999923706055,57.29999923706055,58.900001525878906,43934
2021-07-29,53.92146301269531,60.099998474121094,60.29999923706055,57.900001525878906,58.900001525878906,51562
2021-07-30,55.08782196044922,61.400001525878906,61.5,58.599998474121094,60.20000076293945,45368
2021-08-02,55.17753601074219,61.5,61.900001525878906,60.20000076293945,61.5,37763
2021-08-03,55.80557632446289,62.20000076293945,62.599998474121094,60.599998474121094,61.099998474121094,52356
2021-08-04,54.639225006103516,60.900001525878906,62.29999923706055,60.29999923706055,62.20000076293945,40574
2021-08-05,54.45977783203125,60.70000076293945,61.400001525878906,60.29999923706055,61.099998474121094,140199
2021-08-06,54.72893524169922,61.0,62.70000076293945,60.5,61.20000076293945,75307
2021-08-09,55.08782196044922,61.400001525878906,61.900001525878906,60.5,61.400001525878906,60189
2021-08-10,57.420528411865234,64.0,64.0999984741211,61.099998474121094,61.79999923706055,78593
2021-08-11,56.9719352722168,63.5,64.0,62.29999923706055,64.0,92253
2021-08-12,52.934547424316406,59.0,63.5,54.099998474121094,63.5,317141
2021-08-13,52.306514739990234,58.29999923706055,61.0,57.20000076293945,59.5,163148
2021-08-16,50.96071243286133,56.79999923706055,58.79999923706055,56.400001525878906,58.79999923706055,93271
2021-08-17,51.49903869628906,57.400001525878906,58.400001525878906,55.900001525878906,56.599998474121094,77294
2021-08-18,51.67847442626953,57.599998474121094,57.900001525878906,56.79999923706055,57.599998474121094,50424
2021-08-19,50.153236389160156,55.900001525878906,57.29999923706055,55.20000076293945,57.0,132869
2021-08-20,51.05044174194336,56.900001525878906,57.400001525878906,54.70000076293945,54.79999923706055,45393
2021-08-23,52.57566833496094,58.599998474121094,58.79999923706055,56.70000076293945,57.099998474121094,54022
2021-08-24,51.14015579223633,57.0,59.20000076293945,56.70000076293945,59.0,62044
2021-08-25,50.60183334350586,56.400001525878906,57.29999923706055,56.099998474121094,57.099998474121094,50457
2021-08-26,50.51212692260742,56.29999923706055,56.70000076293945,55.79999923706055,56.29999923706055,32010
2021-08-27,50.691558837890625,56.5,56.599998474121094,55.599998474121094,56.20000076293945,43005
2021-08-30,50.33268356323242,56.099998474121094,56.900001525878906,55.29999923706055,56.599998474121094,43491
2021-08-31,50.87099838256836,56.70000076293945,57.0,55.400001525878906,56.099998474121094,74178
2021-09-01,52.306514739990234,58.29999923706055,58.5,56.20000076293945,56.70000076293945,68793
2021-09-02,47.820533752441406,53.29999923706055,54.0,50.79999923706055,52.0,743064
2021-09-03,48.98688507080078,54.599998474121094,55.599998474121094,53.70000076293945,54.599998474121094,357977
2021-09-06,49.435489654541016,55.099998474121094,56.099998474121094,54.099998474121094,54.900001525878906,149412
2021-09-07,49.25604248046875,54.900001525878906,56.20000076293945,54.099998474121094,55.20000076293945,162490
2021-09-08,48.26912307739258,53.79999923706055,54.900001525878906,53.70000076293945,54.900001525878906,95063
2021-09-09,48.71772384643555,54.29999923706055,54.900001525878906,53.20000076293945,53.70000076293945,81324
2021-09-10,48.98688507080078,54.599998474121094,54.900001525878906,53.70000076293945,54.5,58099
2021-09-13,48.179412841796875,53.70000076293945,54.5,53.0,54.29999923706055,86290
2021-09-14,48.26912307739258,53.79999923706055,54.70000076293945,53.29999923706055,53.599998474121094,87136
2021-09-15,45.57754898071289,50.79999923706055,53.79999923706055,50.599998474121094,53.79999923706055,137569
2021-09-16,46.20558166503906,51.5,51.900001525878906,50.70000076293945,50.70000076293945,109557
2021-09-17,46.564456939697266,51.900001525878906,52.599998474121094,51.400001525878906,51.5,106405
2021-09-20,43.69343185424805,48.70000076293945,50.599998474121094,47.04999923706055,50.599998474121094,218326
2021-09-21,45.21866989135742,50.400001525878906,50.70000076293945,48.29999923706055,48.5,113159
2021-09-22,46.923336029052734,52.29999923706055,52.29999923706055,50.599998474121094,51.0,64917
2021-09-23,46.20558166503906,51.5,53.099998474121094,51.20000076293945,52.79999923706055,62688
2021-09-24,45.308380126953125,50.5,51.5,49.79999923706055,51.5,53498
2021-09-27,43.962589263916016,49.0,51.29999923706055,48.900001525878906,51.0,62160
2021-09-28,42.0784797668457,46.900001525878906,49.0,46.79999923706055,49.0,119485
2021-09-29,42.21306228637695,47.04999923706055,48.349998474121094,46.599998474121094,46.900001525878906,75529
2021-09-30,41.270999908447266,46.0,47.75,45.45000076293945,47.20000076293945,181325
2021-10-01,42.1682014465332,47.0,47.5,44.599998474121094,45.400001525878906,97050
2021-10-04,41.943904876708984,46.75,47.95000076293945,46.099998474121094,47.0,81128
2021-10-05,42.527076721191406,47.400001525878906,47.54999923706055,46.0,46.79999923706055,82642
2021-10-06,42.796241760253906,47.70000076293945,47.900001525878906,46.349998474121094,47.29999923706055,101357
2021-10-07,44.097171783447266,49.150001525878906,49.54999923706055,47.650001525878906,48.5,123149
2021-10-08,43.962589263916016,49.0,50.20000076293945,48.599998474121094,49.04999923706055,85876
2021-10-11,43.46912384033203,48.45000076293945,49.5,47.099998474121094,49.5,77807
2021-10-12,43.962589263916016,49.0,49.25,47.099998474121094,47.75,50448
2021-10-13,45.21866989135742,50.400001525878906,50.70000076293945,48.79999923706055,49.25,62392
2021-10-14,46.564456939697266,51.900001525878906,52.20000076293945,50.900001525878906,51.20000076293945,132571
2021-10-15,46.8336181640625,52.20000076293945,53.099998474121094,51.70000076293945,52.099998474121094,104737
2021-10-18,46.64451217651367,51.79999923706055,52.099998474121094,49.79999923706055,51.099998474121094,137332
2021-10-19,45.83409118652344,50.900001525878906,52.79999923706055,50.5,52.599998474121094,92450
2021-10-20,46.464420318603516,51.599998474121094,51.599998474121094,50.5,51.0,52031
2021-10-21,47.27484893798828,52.5,52.5,50.79999923706055,51.29999923706055,108482
2021-10-22,47.9952278137207,53.29999923706055,53.900001525878906,52.29999923706055,52.70000076293945,92040
2021-10-25,47.27484893798828,52.5,53.70000076293945,51.79999923706055,53.29999923706055,57890
2021-10-26,47.27484893798828,52.5,53.20000076293945,51.79999923706055,52.5,51502
2021-10-27,47.09475326538086,52.29999923706055,53.0,51.900001525878906,52.5,26759
2021-10-28,47.18479919433594,52.400001525878906,52.599998474121094,51.400001525878906,52.29999923706055,65042
2021-10-29,47.905181884765625,53.20000076293945,53.599998474121094,51.900001525878906,52.400001525878906,73312
2021-11-01,47.63504409790039,52.900001525878906,54.099998474121094,52.400001525878906,53.20000076293945,37301
2021-11-02,46.3743782043457,51.5,53.099998474121094,51.5,52.900001525878906,57301
2021-11-03,47.45493698120117,52.70000076293945,53.20000076293945,51.400001525878906,51.70000076293945,85752
2021-11-04,54.028404235839844,60.0,60.400001525878906,54.0,54.900001525878906,458232
2021-11-05,49.61607360839844,55.099998474121094,60.599998474121094,55.099998474121094,60.0,287964
2021-11-08,47.45493698120117,52.70000076293945,55.5,52.70000076293945,55.099998474121094,180055
2021-11-09,46.014183044433594,51.099998474121094,53.0,51.099998474121094,52.79999923706055,117771
2021-11-10,45.473899841308594,50.5,51.599998474121094,50.0,51.099998474121094,132532
2021-11-11,46.3743782043457,51.5,51.79999923706055,50.0,50.20000076293945,85507
2021-11-12,47.27484893798828,52.5,52.79999923706055,51.29999923706055,51.79999923706055,76715
2021-11-15,46.10423278808594,51.20000076293945,52.400001525878906,50.70000076293945,52.400001525878906,77473
2021-11-16,46.194278717041016,51.29999923706055,51.599998474121094,50.20000076293945,51.20000076293945,61458
2021-11-17,47.544986724853516,52.79999923706055,52.900001525878906,51.099998474121094,51.29999923706055,72026
2021-11-18,47.7250862121582,53.0,53.79999923706055,52.29999923706055,52.70000076293945,64269
2021-11-19,48.175315856933594,53.5,54.400001525878906,52.900001525878906,53.0,59715
2021-11-22,48.445465087890625,53.79999923706055,54.20000076293945,52.400001525878906,53.599998474121094,87377
2021-11-23,47.00470733642578,52.20000076293945,53.900001525878906,52.20000076293945,53.400001525878906,79339
2021-11-24,48.08527374267578,53.400001525878906,53.70000076293945,52.099998474121094,52.20000076293945,84852
2021-11-25,48.26536560058594,53.599998474121094,54.79999923706055,52.70000076293945,53.29999923706055,56267
2021-11-26,47.544986724853516,52.79999923706055,53.5,51.599998474121094,52.20000076293945,101078
2021-11-29,49.0757942199707,54.5,54.79999923706055,52.70000076293945,52.70000076293945,85931
2021-11-30,49.526031494140625,55.0,55.70000076293945,53.70000076293945,54.0,113721
2021-12-01,50.78668975830078,56.400001525878906,56.400001525878906,54.20000076293945,54.79999923706055,71400
2021-12-02,50.15636444091797,55.70000076293945,56.5,55.29999923706055,55.900001525878906,71844
2021-12-03,51.32698059082031,57.0,58.20000076293945,55.70000076293945,55.70000076293945,152264
2021-12-07,50.876739501953125,56.5,57.79999923706055,56.0,57.099998474121094,116747
2021-12-08,51.7772102355957,57.5,58.5,56.29999923706055,56.5,96151
2021-12-09,50.69664764404297,56.29999923706055,58.5,56.099998474121094,56.5,150204
2021-12-10,49.34593963623047,54.79999923706055,56.099998474121094,54.099998474121094,55.900001525878906,61655
2021-12-13,49.43598556518555,54.900001525878906,56.0,54.70000076293945,55.20000076293945,34389
2021-12-14,48.445465087890625,53.79999923706055,55.400001525878906,53.400001525878906,55.0,57441
2021-12-15,49.8862190246582,55.400001525878906,55.5,53.599998474121094,53.79999923706055,34386
2021-12-16,49.61607360839844,55.099998474121094,56.5,54.70000076293945,56.099998474121094,36763
2021-12-17,48.89569854736328,54.29999923706055,54.79999923706055,52.900001525878906,54.099998474121094,54298
2021-12-20,48.53551483154297,53.900001525878906,54.0,52.400001525878906,52.900001525878906,29497
2021-12-21,48.985748291015625,54.400001525878906,54.900001525878906,53.79999923706055,53.900001525878906,33813
2021-12-22,51.2369270324707,56.900001525878906,57.0,54.400001525878906,54.70000076293945,48102
2021-12-23,51.50707244873047,57.20000076293945,57.400001525878906,56.099998474121094,56.79999923706055,23018
2021-12-27,52.227447509765625,58.0,58.29999923706055,57.0,57.099998474121094,28444
2021-12-28,52.767730712890625,58.599998474121094,59.099998474121094,57.70000076293945,57.900001525878906,34396
2021-12-29,53.308021545410156,59.20000076293945,60.0,58.599998474121094,58.900001525878906,49908
2021-12-30,52.85778045654297,58.70000076293945,60.0,58.29999923706055,59.29999923706055,49302
2022-01-03,52.94783401489258,58.79999923706055,59.5,58.400001525878906,58.70000076293945,33850
2022-01-04,52.497596740722656,58.29999923706055,60.70000076293945,58.099998474121094,59.099998474121094,51570
2022-01-05,52.497596740722656,58.29999923706055,59.0,57.599998474121094,58.400001525878906,28380
2022-01-07,50.60660171508789,56.20000076293945,58.099998474121094,56.0,57.900001525878906,55655
2022-01-10,48.26536560058594,53.599998474121094,57.5,53.400001525878906,57.0,93114
2022-01-11,48.71560287475586,54.099998474121094,55.29999923706055,53.599998474121094,54.20000076293945,58220
2022-01-12,48.445465087890625,53.79999923706055,55.0,53.400001525878906,54.900001525878906,51765
2022-01-13,48.08527374267578,53.400001525878906,54.599998474121094,53.099998474121094,53.900001525878906,39177
2022-01-14,46.91465759277344,52.099998474121094,53.20000076293945,52.0,53.20000076293945,65032
2022-01-17,47.27484893798828,52.5,53.29999923706055,51.5,52.29999923706055,31598
2022-01-18,46.014183044433594,51.099998474121094,52.599998474121094,50.70000076293945,52.5,71750
2022-01-19,45.924137115478516,51.0,52.29999923706055,50.099998474121094,50.599998474121094,66621
2022-01-20,46.014183044433594,51.099998474121094,51.70000076293945,50.099998474121094,51.599998474121094,67115
2022-01-21,43.267738342285156,48.04999923706055,50.29999923706055,46.650001525878906,49.900001525878906,231817
2022-01-24,39.08053970336914,43.400001525878906,47.5,42.900001525878906,47.5,261495
2022-01-25,39.89096450805664,44.29999923706055,46.650001525878906,43.70000076293945,44.45000076293945,195145
2022-01-26,41.01655960083008,45.54999923706055,46.45000076293945,44.75,45.54999923706055,143506
2022-01-27,39.80092239379883,44.20000076293945,45.0,43.25,44.25,179854
2022-01-28,39.84593963623047,44.25,46.20000076293945,43.400001525878906,45.849998474121094,147103
2022-01-31,41.96205139160156,46.599998474121094,47.25,44.900001525878906,45.650001525878906,237912
2022-02-01,42.09712600708008,46.75,47.849998474121094,45.849998474121094,47.650001525878906,202370
2022-02-02,43.267738342285156,48.04999923706055,48.400001525878906,46.900001525878906,46.900001525878906,135532
2022-02-03,41.51182174682617,46.099998474121094,47.75,45.900001525878906,47.75,107275
2022-02-04,40.61134719848633,45.099998474121094,46.5,44.150001525878906,46.29999923706055,103152
2022-02-07,40.971534729003906,45.5,45.75,44.5,45.099998474121094,82804
2022-02-08,40.74641036987305,45.25,46.650001525878906,45.0,45.95000076293945,80937
2022-02-09,42.23220443725586,46.900001525878906,47.400001525878906,45.849998474121094,46.0,144342
2022-02-10,35.29855728149414,39.20000076293945,42.099998474121094,37.70000076293945,40.650001525878906,1019350
2022-02-11,34.26301193237305,38.04999923706055,40.349998474121094,38.04999923706055,39.599998474121094,344480
2022-02-14,33.407562255859375,37.099998474121094,37.54999923706055,35.75,36.849998474121094,411147
2022-02-15,33.72273254394531,37.45000076293945,37.849998474121094,36.75,37.150001525878906,152852
2022-02-16,34.30803680419922,38.099998474121094,39.150001525878906,37.45000076293945,37.70000076293945,233642
2022-02-17,33.31751251220703,37.0,38.400001525878906,36.79999923706055,38.20000076293945,118413
2022-02-18,32.86727523803711,36.5,37.349998474121094,36.099998474121094,36.79999923706055,146046
2022-02-21,32.32699203491211,35.900001525878906,36.849998474121094,35.599998474121094,36.70000076293945,127029
2022-02-22,32.28196716308594,35.849998474121094,36.650001525878906,34.349998474121094,34.599998474121094,140307
2022-02-23,32.732200622558594,36.349998474121094,37.349998474121094,35.849998474121094,35.900001525878906,85444
2022-02-24,32.28196716308594,35.849998474121094,36.099998474121094,33.650001525878906,33.900001525878906,235820
2022-02-25,33.00234603881836,36.650001525878906,36.849998474121094,35.650001525878906,36.20000076293945,117342
2022-02-28,32.41703796386719,36.0,36.25,35.25,35.75,176913
2022-03-01,30.6160945892334,34.0,36.04999923706055,33.900001525878906,36.04999923706055,178431
2022-03-02,31.336475372314453,34.79999923706055,35.099998474121094,33.25,33.70000076293945,154774
2022-03-03,30.796184539794922,34.20000076293945,35.45000076293945,34.0,35.04999923706055,90621
2022-03-04,30.030784606933594,33.349998474121094,34.25,32.95000076293945,33.75,117231
2022-03-07,29.175334930419922,32.400001525878906,33.29999923706055,30.600000381469727,32.0,206352
2022-03-08,29.220355987548828,32.45000076293945,33.54999923706055,31.299999237060547,32.25,183380
2022-03-09,30.841211318969727,34.25,35.29999923706055,33.25,33.75,220416
2022-03-10,30.751157760620117,34.150001525878906,35.20000076293945,33.95000076293945,35.0,153075
2022-03-11,31.426523208618164,34.900001525878906,35.5,33.70000076293945,34.150001525878906,155968
2022-03-14,33.137420654296875,36.79999923706055,37.150001525878906,34.54999923706055,35.5,196921
2022-03-15,32.32699203491211,35.900001525878906,36.849998474121094,35.54999923706055,36.75,95679
2022-03-16,33.992862701416016,37.75,38.0,36.45000076293945,36.70000076293945,120876
2022-03-17,33.947845458984375,37.70000076293945,38.79999923706055,37.04999923706055,38.0,77402
2022-03-18,34.17296600341797,37.95000076293945,38.150001525878906,36.79999923706055,37.70000076293945,47464
2022-03-21,33.6326789855957,37.349998474121094,38.20000076293945,37.04999923706055,37.95000076293945,47983
2022-03-22,33.947845458984375,37.70000076293945,38.20000076293945,37.29999923706055,37.349998474121094,37645
2022-03-23,33.677703857421875,37.400001525878906,38.099998474121094,37.04999923706055,38.0,67569
2022-03-24,32.37201690673828,35.95000076293945,37.75,35.70000076293945,37.400001525878906,68117
2022-03-25,31.426523208618164,34.900001525878906,36.150001525878906,34.79999923706055,36.0,68135
2022-03-28,32.28196716308594,35.849998474121094,36.150001525878906,34.70000076293945,34.900001525878906,55944
2022-03-29,34.488121032714844,38.29999923706055,38.5,36.150001525878906,36.599998474121094,146365
2022-03-30,33.452579498291016,37.150001525878906,38.45000076293945,36.95000076293945,38.45000076293945,59139
2022-03-31,32.732200622558594,36.349998474121094,37.400001525878906,36.099998474121094,37.150001525878906,39489
2022-04-01,33.49760818481445,37.20000076293945,37.52000045776367,36.220001220703125,36.599998474121094,43110
2022-04-04,33.6236686706543,37.34000015258789,37.91999816894531,36.720001220703125,37.91999816894531,65351
2022-04-05,32.903297424316406,36.540000915527344,37.79999923706055,36.47999954223633,37.36000061035156,86213
2022-04-06,31.64263153076172,35.13999938964844,36.720001220703125,34.599998474121094,36.619998931884766,73430
2022-04-07,31.804712295532227,35.31999969482422,35.81999969482422,35.099998474121094,35.41999816894531,61968
2022-04-08,32.47677230834961,35.7599983215332,35.900001525878906,34.47999954223633,35.0,125623
2022-04-11,31.35062599182129,34.52000045776367,35.880001068115234,34.439998626708984,35.79999923706055,70894
2022-04-12,31.550424575805664,34.7400016784668,34.900001525878906,34.099998474121094,34.31999969482422,58297
2022-04-13,32.204315185546875,35.459999084472656,35.58000183105469,34.41999816894531,34.720001220703125,45717
2022-04-14,32.676570892333984,35.97999954223633,36.31999969482422,35.599998474121094,35.779998779296875,41133
2022-04-19,32.51310348510742,35.79999923706055,36.380001068115234,35.2599983215332,36.0,41399
2022-04-20,32.331459045410156,35.599998474121094,36.279998779296875,35.2400016784668,36.0,37643
2022-04-21,33.09434127807617,36.439998626708984,36.81999969482422,35.47999954223633,35.47999954223633,50928
2022-04-22,32.5494270324707,35.84000015258789,36.459999084472656,35.779998779296875,36.439998626708984,54360
2022-04-25,30.896533966064453,34.02000045776367,35.20000076293945,33.63999938964844,34.91999816894531,65984
2022-04-26,29.879362106323242,32.900001525878906,34.400001525878906,32.880001068115234,34.099998474121094,53175
2022-04-27,29.44342613220215,32.41999816894531,33.119998931884766,32.18000030517578,32.439998626708984,51418
2022-04-28,29.734054565429688,32.7400016784668,33.36000061035156,32.439998626708984,32.619998931884766,38952
2022-04-29,29.806705474853516,32.81999969482422,33.58000183105469,32.2400016784668,32.939998626708984,89116
2022-05-02,29.425268173217773,32.400001525878906,33.099998474121094,31.059999465942383,32.79999923706055,61516
2022-05-03,28.9530086517334,31.8799991607666,33.0,31.540000915527344,32.540000915527344,48789
2022-05-04,28.353605270385742,31.219999313354492,31.920000076293945,31.0,31.860000610351562,71414
2022-05-05,29.261795043945312,32.220001220703125,33.959999084472656,31.6200008392334,32.41999816894531,146861
2022-05-06,29.44342613220215,32.41999816894531,33.41999816894531,32.099998474121094,32.20000076293945,117230
2022-05-09,27.26378059387207,30.020000457763672,32.380001068115234,30.020000457763672,32.380001068115234,172062
2022-05-10,27.372760772705078,30.139999389648438,30.860000610351562,30.139999389648438,30.15999984741211,59962
2022-05-11,28.553407669067383,31.440000534057617,31.719999313354492,30.34000015258789,30.360000610351562,63198
2022-05-12,28.97117042541504,31.899999618530273,32.29999923706055,30.34000015258789,31.079999923706055,65511
2022-05-13,29.697721481323242,32.70000076293945,33.34000015258789,32.02000045776367,32.02000045776367,83307
2022-05-16,29.643230438232422,32.63999938964844,33.099998474121094,32.400001525878906,32.84000015258789,35769
2022-05-17,30.624073028564453,33.720001220703125,34.119998931884766,32.86000061035156,33.0,71075
2022-05-18,29.734054565429688,32.7400016784668,34.13999938964844,32.560001373291016,33.97999954223633,74356
2022-05-19,29.225465774536133,32.18000030517578,32.31999969482422,31.5,31.979999542236328,102102
2022-05-20,28.789535522460938,31.700000762939453,33.220001220703125,31.700000762939453,32.5,60460
2022-05-23,29.080156326293945,32.02000045776367,32.34000015258789,31.6200008392334,32.20000076293945,47776
2022-05-24,28.389934539794922,31.260000228881836,32.040000915527344,31.1200008392334,31.979999542236328,41699
2022-05-25,28.33544158935547,31.200000762939453,31.6200008392334,30.600000381469727,31.219999313354492,52719
2022-05-27,29.025663375854492,31.959999084472656,32.0,30.959999084472656,31.200000762939453,80689
2022-05-30,30.006507873535156,33.040000915527344,33.439998626708984,32.13999938964844,32.13999938964844,109588
2022-05-31,30.024673461914062,33.060001373291016,33.2599983215332,32.619998931884766,33.2400016784668,113958
2022-06-01,28.989334106445312,31.920000076293945,33.220001220703125,31.920000076293945,33.08000183105469,58764
2022-06-02,29.061992645263672,32.0,32.20000076293945,31.200000762939453,31.860000610351562,54827
2022-06-03,29.00750160217285,31.940000534057617,33.20000076293945,31.940000534057617,32.2599983215332,55751
2022-06-06,29.697721481323242,32.70000076293945,33.02000045776367,31.739999771118164,32.0,45338
2022-06-07,29.370773315429688,32.34000015258789,32.959999084472656,31.5,32.939998626708984,57431
2022-06-08,29.207300186157227,32.15999984741211,32.599998474121094,32.02000045776367,32.31999969482422,14143
2022-06-09,28.353605270385742,31.219999313354492,32.15999984741211,31.219999313354492,32.15999984741211,43498
2022-06-10,27.71787452697754,30.520000457763672,31.360000610351562,30.520000457763672,31.239999771118164,37296
2022-06-13,27.390928268432617,30.15999984741211,30.639999389648438,29.6200008392334,30.200000762939453,98926
2022-06-14,27.009489059448242,29.739999771118164,30.5,28.639999389648438,30.1200008392334,110108
2022-06-15,28.099313735961914,30.940000534057617,31.280000686645508,29.600000381469727,30.5,46757
2022-06-16,26.33742904663086,29.0,31.139999389648438,28.920000076293945,31.139999389648438,55002
2022-06-17,26.73703384399414,29.440000534057617,29.979999542236328,28.940000534057617,28.940000534057617,50705
2022-06-20,26.5372314453125,29.219999313354492,29.68000030517578,28.899999618530273,29.440000534057617,50914
2022-06-21,26.301101684570312,28.959999084472656,29.799999237060547,28.8799991607666,29.31999969482422,68356
2022-06-22,25.610877990722656,28.200000762939453,28.940000534057617,27.5,28.940000534057617,92116
2022-06-23,25.35658836364746,27.920000076293945,28.5,27.34000015258789,28.280000686645508,99401
2022-06-27,25.629045486450195,28.219999313354492,29.079999923706055,28.0,28.899999618530273,75851
2022-06-28,25.95599365234375,28.579999923706055,29.100000381469727,28.200000762939453,28.34000015258789,87403
2022-06-29,24.902494430541992,27.420000076293945,28.6200008392334,27.420000076293945,28.600000381469727,79336
2022-06-30,24.575546264648438,27.059999465942383,27.280000686645508,26.540000915527344,27.280000686645508,64207
2022-07-01,24.430234909057617,26.899999618530273,27.360000610351562,26.639999389648438,27.1200008392334,46075
2022-07-04,23.97614288330078,26.399999618530273,27.200000762939453,26.360000610351562,27.0,56925
2022-07-05,23.7581787109375,26.15999984741211,26.65999984741211,25.760000228881836,26.5,122428
2022-07-06,24.139616012573242,26.579999923706055,26.780000686645508,25.979999542236328,26.299999237060547,100207
2022-07-07,24.33941650390625,26.799999237060547,27.020000457763672,26.34000015258789,26.579999923706055,86044
2022-07-08,24.70269203186035,27.200000762939453,27.219999313354492,26.399999618530273,26.799999237060547,51804
2022-07-11,24.139616012573242,26.579999923706055,26.979999542236328,26.200000762939453,26.979999542236328,112987
2022-07-12,24.68453025817871,27.18000030517578,27.239999771118164,26.34000015258789,26.639999389648438,73342
2022-07-13,24.303091049194336,26.760000228881836,27.760000228881836,26.34000015258789,27.760000228881836,46202
2022-07-14,24.03063201904297,26.459999084472656,27.34000015258789,26.15999984741211,26.940000534057617,55893
2022-07-15,24.448400497436523,26.920000076293945,27.059999465942383,26.31999969482422,26.360000610351562,36046
2022-07-18,24.52105712890625,27.0,27.5,26.940000534057617,27.200000762939453,75833
2022-07-19,21.79649543762207,24.0,27.1200008392334,23.34000015258789,27.020000457763672,185977
2022-07-20,21.233415603637695,23.3799991607666,23.799999237060547,21.81999969482422,23.799999237060547,350166
2022-07-21,21.28790855407715,23.440000534057617,23.479999542236328,22.799999237060547,23.360000610351562,96199
2022-07-22,20.81565284729004,22.920000076293945,23.5,22.81999969482422,23.459999084472656,54560
2022-07-25,19.28989601135254,21.239999771118164,22.920000076293945,21.100000381469727,22.899999618530273,235927
2022-07-26,18.61783790588379,20.5,21.459999084472656,20.420000076293945,21.200000762939453,126008
2022-07-27,18.345380783081055,20.200000762939453,20.979999542236328,20.18000030517578,20.600000381469727,126693
2022-07-28,18.781312942504883,20.68000030517578,20.799999237060547,20.34000015258789,20.459999084472656,88935
2022-07-29,18.87213134765625,20.780000686645508,21.0,20.479999542236328,20.799999237060547,179223
2022-08-01,18.817638397216797,20.719999313354492,21.15999984741211,20.520000457763672,21.0,102590
2022-08-02,18.027517318725586,19.850000381469727,20.899999618530273,19.75,20.780000686645508,120816
2022-08-03,18.254566192626953,20.100000381469727,20.360000610351562,19.8799991607666,19.90999984741211,85760
2022-08-04,18.56334686279297,20.440000534057617,20.540000915527344,19.889999389648438,20.219999313354492,65626
2022-08-05,18.527019500732422,20.399999618530273,20.780000686645508,19.93000030517578,20.600000381469727,70307
2022-08-08,18.236400604248047,20.079999923706055,20.5,19.959999084472656,20.399999618530273,49923
2022-08-09,17.673322677612305,19.459999084472656,20.18000030517578,19.3700008392334,20.079999923706055,68845
2022-08-10,18.200075149536133,20.040000915527344,20.18000030517578,19.290000915527344,19.579999923706055,88144
2022-08-11,18.127416610717773,19.959999084472656,20.8799991607666,19.760000228881836,20.360000610351562,186914
2022-08-12,17.54617691040039,19.31999969482422,19.959999084472656,18.829999923706055,19.959999084472656,211409
2022-08-15,17.08300018310547,18.809999465942383,19.510000228881836,18.770000457763672,19.31999969482422,102121
2022-08-16,17.13749122619629,18.8700008392334,19.139999389648438,18.649999618530273,18.809999465942383,120967
2022-08-17,16.637989044189453,18.31999969482422,18.8799991607666,18.309999465942383,18.850000381469727,101616
2022-08-18,16.746973037719727,18.440000534057617,18.459999084472656,18.149999618530273,18.309999465942383,98661
2022-08-19,16.220226287841797,17.860000610351562,18.530000686645508,17.84000015258789,18.399999618530273,76237
2022-08-22,15.747964859008789,17.34000015258789,17.790000915527344,17.34000015258789,17.700000762939453,77282
2022-08-23,15.511837005615234,17.079999923706055,17.549999237060547,16.93000030517578,17.34000015258789,94676
2022-08-24,15.539085388183594,17.110000610351562,17.1299991607666,16.690000534057617,16.979999542236328,91344
2022-08-25,15.43918228149414,17.0,17.5,16.81999969482422,17.399999618530273,101636
2022-08-26,14.821615219116211,16.31999969482422,17.0,16.270000457763672,16.920000076293945,95356
2022-08-29,14.830698013305664,16.329999923706055,16.489999771118164,15.859999656677246,16.040000915527344,128245
2022-08-30,14.848860740661621,16.350000381469727,16.75,16.200000762939453,16.329999923706055,79314
2022-08-31,14.685386657714844,16.170000076293945,16.56999969482422,15.989999771118164,16.350000381469727,86530
2022-09-01,14.040575981140137,15.460000038146973,16.0,15.420000076293945,16.0,113336
2022-09-02,14.176802635192871,15.609999656677246,15.670000076293945,15.210000038146973,15.479999542236328,93074
2022-09-05,13.604643821716309,14.979999542236328,15.279999732971191,14.970000267028809,15.180000305175781,87724
2022-09-06,13.522908210754395,14.890000343322754,15.430000305175781,14.760000228881836,14.970000267028809,80700
2022-09-07,13.722709655761719,15.109999656677246,15.170000076293945,14.640000343322754,14.920000076293945,99479
2022-09-08,13.83169174194336,15.229999542236328,15.449999809265137,14.960000038146973,15.180000305175781,73742
2022-09-09,14.358439445495605,15.8100004196167,15.9399995803833,15.40999984741211,15.600000381469727,136383
2022-09-12,14.540078163146973,16.010000228881836,16.030000686645508,15.399999618530273,15.899999618530273,86736
2022-09-13,13.895263671875,15.300000190734863,16.299999237060547,15.239999771118164,16.299999237060547,115402
2022-09-14,13.90434741973877,15.3100004196167,15.489999771118164,15.109999656677246,15.300000190734863,70719
2022-09-15,13.986082077026367,15.399999618530273,15.510000228881836,15.149999618530273,15.449999809265137,70779
2022-09-16,13.967920303344727,15.380000114440918,15.449999809265137,15.09000015258789,15.369999885559082,61059
2022-09-19,13.713627815246582,15.100000381469727,15.399999618530273,14.850000381469727,15.399999618530273,79242
2022-09-20,13.622808456420898,15.0,15.239999771118164,14.920000076293945,15.100000381469727,67302
2022-09-21,13.686380386352539,15.069999694824219,15.079999923706055,14.75,15.029999732971191,107297
2022-09-22,13.023406028747559,14.34000015258789,14.800000190734863,14.329999923706055,14.779999732971191,74502
2022-09-23,12.850850105285645,14.149999618530273,14.359999656677246,13.9399995803833,14.350000381469727,90355
2022-09-26,12.778194427490234,14.069999694824219,14.460000038146973,13.949999809265137,14.100000381469727,149574
2022-09-27,12.714621543884277,14.0,14.270000457763672,13.930000305175781,14.149999618530273,96869
2022-09-28,12.859931945800781,14.15999984741211,14.260000228881836,13.579999923706055,14.0,108028
2022-09-29,12.260528564453125,13.5,14.119999885559082,13.390000343322754,14.109999656677246,170386
2022-09-30,12.73278522491455,14.020000457763672,14.079999923706055,13.5,13.5,90371
2022-10-03,12.67829418182373,13.960000038146973,14.010000228881836,13.109999656677246,13.880000114440918,256999
2022-10-04,12.832685470581055,14.130000114440918,14.430000305175781,14.0,14.100000381469727,185762
2022-10-05,12.315020561218262,13.5600004196167,14.270000457763672,13.460000038146973,14.130000114440918,117644
2022-10-06,12.133380889892578,13.359999656677246,13.960000038146973,13.350000381469727,13.600000381469727,116084
2022-10-07,11.78826904296875,12.979999542236328,13.479999542236328,12.869999885559082,13.329999923706055,149102
2022-10-10,11.761024475097656,12.949999809265137,13.260000228881836,12.6899995803833,12.850000381469727,153540
2022-10-11,12.106136322021484,13.329999923706055,13.59000015258789,12.819999694824219,12.90999984741211,161398
2022-10-12,12.033480644226074,13.25,13.529999732971191,12.970000267028809,13.369999885559082,219467
2022-10-13,12.623802185058594,13.899999618530273,13.899999618530273,13.1899995803833,13.289999961853027,191025
2022-10-14,12.850850105285645,14.149999618530273,14.359999656677246,13.649999618530273,14.100000381469727,137562
2022-10-17,12.915800094604492,13.920000076293945,14.050000190734863,13.470000267028809,14.0,144185
2022-10-18,13.147764205932617,14.170000076293945,14.430000305175781,14.0600004196167,14.300000190734863,124027
2022-10-19,12.60032844543457,13.579999923706055,14.270000457763672,13.529999732971191,14.170000076293945,88174
2022-10-20,12.943634986877441,13.949999809265137,14.109999656677246,13.479999542236328,13.579999923706055,83021
2022-10-21,12.795178413391113,13.789999961853027,13.949999809265137,13.569999694824219,13.949999809265137,76061
2022-10-24,13.203435897827148,14.229999542236328,14.369999885559082,13.609999656677246,13.949999809265137,100780
2022-10-25,13.518908500671387,14.569999694824219,14.569999694824219,13.850000381469727,14.239999771118164,97623
2022-10-26,13.815824508666992,14.890000343322754,14.9399995803833,14.329999923706055,14.630000114440918,77590
2022-10-27,13.667366027832031,14.729999542236328,14.979999542236328,14.449999809265137,14.979999542236328,129334
2022-10-28,13.472516059875488,14.520000457763672,14.75,14.130000114440918,14.75,76674
2022-10-31,13.324056625366211,14.359999656677246,14.529999732971191,14.119999885559082,14.529999732971191,84979
2022-11-01,13.389007568359375,14.430000305175781,14.869999885559082,14.25,14.40999984741211,111089
2022-11-02,13.314780235290527,14.350000381469727,14.510000228881836,14.109999656677246,14.5,137175
2022-11-03,14.344703674316406,15.460000038146973,15.65999984741211,13.210000038146973,13.869999885559082,420972
2022-11-04,16.608678817749023,17.899999618530273,18.489999771118164,15.789999961853027,15.800000190734863,582242
2022-11-07,15.634428024291992,16.850000381469727,17.899999618530273,16.780000686645508,17.899999618530273,215497
2022-11-08,16.321043014526367,17.59000015258789,17.59000015258789,16.600000381469727,16.850000381469727,108346
2022-11-09,16.29320526123047,17.559999465942383,17.559999465942383,17.149999618530273,17.5,90392
2022-11-10,17.415918350219727,18.770000457763672,18.770000457763672,17.229999542236328,17.549999237060547,168292
2022-11-11,17.861291885375977,19.25,19.290000915527344,18.360000610351562,18.920000076293945,188901
2022-11-14,18.380887985229492,19.809999465942383,19.850000381469727,19.040000915527344,19.299999237060547,139949
2022-11-15,18.61285400390625,20.059999465942383,20.239999771118164,19.729999542236328,19.809999465942383,97605
2022-11-16,17.963356018066406,19.360000610351562,20.059999465942383,18.93000030517578,20.059999465942383,66543
2022-11-17,17.573654174804688,18.940000534057617,19.56999969482422,18.6299991607666,19.360000610351562,115457
2022-11-18,17.156118392944336,18.489999771118164,18.690000534057617,17.700000762939453,18.649999618530273,133825
2022-11-21,16.51589012145996,17.799999237060547,18.440000534057617,17.65999984741211,18.43000030517578,61948
2022-11-22,16.339603424072266,17.610000610351562,17.889999389648438,17.399999618530273,17.65999984741211,39706
2022-11-23,16.506614685058594,17.790000915527344,17.899999618530273,17.549999237060547,17.639999389648438,47343
2022-11-24,16.645793914794922,17.940000534057617,18.100000381469727,17.670000076293945,17.790000915527344,44624
2022-11-25,17.620044708251953,18.989999771118164,19.1200008392334,17.899999618530273,18.0,127418
2022-11-28,17.13755989074707,18.469999313354492,18.989999771118164,18.260000228881836,18.989999771118164,59614
2022-11-29,17.2581787109375,18.600000381469727,18.829999923706055,18.299999237060547,18.469999313354492,43083
2022-11-30,17.27674102783203,18.6200008392334,18.8799991607666,18.3799991607666,18.639999389648438,545136
2022-12-01,18.05613899230957,19.459999084472656,19.600000381469727,18.8700008392334,18.8799991607666,80676
2022-12-02,18.371614456176758,19.799999237060547,19.8799991607666,19.190000534057617,19.459999084472656,57254
2022-12-05,18.14892578125,19.559999465942383,19.799999237060547,19.25,19.799999237060547,60319
2022-12-07,17.573654174804688,18.940000534057617,19.299999237060547,18.780000686645508,19.299999237060547,85240
2022-12-08,17.564376831054688,18.93000030517578,19.239999771118164,18.639999389648438,18.940000534057617,55140
2022-12-09,17.796340942382812,19.18000030517578,19.350000381469727,18.93000030517578,19.0,54406
2022-12-12,18.05613899230957,19.459999084472656,19.559999465942383,18.719999313354492,19.100000381469727,67025
2022-12-13,18.575740814208984,20.020000457763672,20.5,19.200000762939453,19.5,149876
2022-12-14,18.408727645874023,19.84000015258789,19.93000030517578,19.489999771118164,19.899999618530273,54569
2022-12-15,17.555095672607422,18.920000076293945,19.479999542236328,18.809999465942383,19.309999465942383,90956
2022-12-16,17.007658004760742,18.329999923706055,19.049999237060547,18.260000228881836,18.889999389648438,85285
2022-12-19,16.321043014526367,17.59000015258789,18.280000686645508,17.450000762939453,18.280000686645508,73112
2022-12-20,16.40454864501953,17.68000030517578,17.8700008392334,17.100000381469727,17.389999389648438,46425
2022-12-21,16.40454864501953,17.68000030517578,17.959999084472656,17.420000076293945,17.68000030517578,34839
2022-12-22,16.29320526123047,17.559999465942383,17.860000610351562,17.329999923706055,17.68000030517578,50591
2022-12-23,16.172588348388672,17.43000030517578,17.8700008392334,17.280000686645508,17.559999465942383,33633
2022-12-27,16.098358154296875,17.350000381469727,17.639999389648438,17.270000457763672,17.420000076293945,48542
2022-12-28,15.755048751831055,16.979999542236328,17.440000534057617,16.950000762939453,17.350000381469727,45997
2022-12-29,16.321043014526367,17.59000015258789,17.59000015258789,16.899999618530273,16.940000534057617,75661
2022-12-30,16.40454864501953,17.68000030517578,17.860000610351562,17.149999618530273,17.5,105851
2023-01-02,16.376712799072266,17.649999618530273,18.260000228881836,17.40999984741211,17.729999542236328,50655
2023-01-03,16.673629760742188,17.969999313354492,18.059999465942383,17.600000381469727,17.600000381469727,60702
2023-01-04,17.100444793701172,18.43000030517578,18.450000762939453,17.93000030517578,18.020000457763672,47572
2023-01-05,17.044775009155273,18.3700008392334,18.450000762939453,18.030000686645508,18.43000030517578,35121
2023-01-09,17.759225845336914,19.139999389648438,19.239999771118164,18.649999618530273,18.65999984741211,68107
2023-01-10,17.76850128173828,19.149999618530273,19.309999465942383,18.729999542236328,19.25,54805
2023-01-11,18.14892578125,19.559999465942383,19.579999923706055,19.049999237060547,19.200000762939453,37549
2023-01-12,18.761314392089844,20.219999313354492,20.34000015258789,19.579999923706055,19.579999923706055,89385
2023-01-13,18.761314392089844,20.219999313354492,20.639999389648438,20.0,20.299999237060547,39123
2023-01-16,19.0953426361084,20.579999923706055,20.600000381469727,20.040000915527344,20.219999313354492,42377
2023-01-17,19.44792938232422,20.959999084472656,21.0,20.420000076293945,20.5,44941
2023-01-18,19.67061424255371,21.200000762939453,21.579999923706055,20.81999969482422,21.0,58749
2023-01-19,18.55718421936035,20.0,21.1200008392334,19.969999313354492,21.059999465942383,57517
2023-01-20,18.45511817932129,19.889999389648438,20.200000762939453,19.860000610351562,20.0,28523
2023-01-23,18.965442657470703,20.440000534057617,20.5,19.920000076293945,20.040000915527344,19951
2023-01-24,18.946884155273438,20.420000076293945,20.81999969482422,20.200000762939453,20.440000534057617,17792
2023-01-25,18.278825759887695,19.700000762939453,20.399999618530273,19.3799991607666,20.399999618530273,50913
2023-01-26,18.649972915649414,20.100000381469727,20.3799991607666,19.860000610351562,19.899999618530273,36635
2023-01-27,18.835540771484375,20.299999237060547,20.399999618530273,19.979999542236328,20.200000762939453,72909
2023-01-30,18.761314392089844,20.219999313354492,20.780000686645508,20.0,20.299999237060547,29429
2023-01-31,18.55718421936035,20.0,20.239999771118164,19.8700008392334,20.219999313354492,61683
2023-02-01,18.687084197998047,20.139999389648438,20.459999084472656,20.059999465942383,20.100000381469727,32498
2023-02-02,19.726287841796875,21.260000228881836,21.299999237060547,20.020000457763672,20.15999984741211,66106
2023-02-03,19.429370880126953,20.940000534057617,21.200000762939453,20.100000381469727,21.040000915527344,37518
2023-02-06,19.336585998535156,20.84000015258789,20.959999084472656,20.520000457763672,20.799999237060547,27764
2023-02-07,18.928329467773438,20.399999618530273,20.799999237060547,20.360000610351562,20.799999237060547,25014
2023-02-08,18.445838928222656,19.8799991607666,20.780000686645508,19.829999923706055,20.420000076293945,49312
2023-02-09,20.505685806274414,22.100000381469727,23.020000457763672,19.940000534057617,19.940000534057617,288776
2023-02-10,19.763399124145508,21.299999237060547,21.700000762939453,20.799999237060547,20.979999542236328,106361
2023-02-13,20.46857261657715,22.059999465942383,22.239999771118164,21.219999313354492,21.34000015258789,62331
2023-02-14,21.02528953552246,22.65999984741211,22.760000228881836,21.84000015258789,22.059999465942383,54859
2023-02-15,20.35723114013672,21.940000534057617,22.600000381469727,21.600000381469727,22.520000457763672,76544
2023-02-16,20.394344329833984,21.979999542236328,22.440000534057617,21.65999984741211,21.959999084472656,29720
2023-02-17,19.986087799072266,21.540000915527344,21.760000228881836,21.299999237060547,21.5,21140
2023-02-20,20.43145751953125,22.020000457763672,22.420000076293945,21.700000762939453,21.81999969482422,51375
2023-02-21,19.67061424255371,21.200000762939453,22.200000762939453,21.18000030517578,22.020000457763672,47897
2023-02-22,19.299470901489258,20.799999237060547,21.299999237060547,20.600000381469727,21.280000686645508,57159
2023-02-23,19.577829360961914,21.100000381469727,21.360000610351562,20.799999237060547,21.040000915527344,21032
2023-02-24,19.299470901489258,20.799999237060547,21.299999237060547,20.700000762939453,21.200000762939453,16176
2023-02-27,19.837629318237305,21.3799991607666,21.440000534057617,20.84000015258789,21.0,13966
2023-02-28,19.967529296875,21.520000457763672,21.8799991607666,21.15999984741211,21.399999618530273,29445
2023-03-01,19.633501052856445,21.15999984741211,21.739999771118164,21.040000915527344,21.520000457763672,24813
2023-03-02,19.800514221191406,21.34000015258789,21.540000915527344,21.0,21.100000381469727,16106
2023-03-03,19.930416107177734,21.479999542236328,21.700000762939453,21.420000076293945,21.459999084472656,22480
2023-03-06,20.078872680664062,21.639999389648438,21.8799991607666,21.280000686645508,21.479999542236328,24954
2023-03-07,20.22732925415039,21.799999237060547,22.34000015258789,21.65999984741211,21.68000030517578,53077
2023-03-08,20.11598777770996,21.68000030517578,21.8799991607666,21.219999313354492,21.81999969482422,26943
2023-03-09,20.728376388549805,22.34000015258789,22.399999618530273,21.31999969482422,21.68000030517578,38639
2023-03-10,20.060317993164062,21.6200008392334,22.139999389648438,21.399999618530273,21.84000015258789,70693
2023-03-13,19.652061462402344,21.18000030517578,21.81999969482422,21.0,21.6200008392334,70290
2023-03-14,19.781959533691406,21.31999969482422,21.440000534057617,20.940000534057617,21.18000030517578,30302
2023-03-15,18.835540771484375,20.299999237060547,21.360000610351562,20.18000030517578,21.31999969482422,59818
2023-03-16,19.225242614746094,20.719999313354492,20.8799991607666,20.020000457763672,20.440000534057617,42638
2023-03-17,18.983997344970703,20.459999084472656,21.280000686645508,20.219999313354492,20.739999771118164,24015
2023-03-20,19.188129425048828,20.68000030517578,20.920000076293945,19.799999237060547,20.65999984741211,25845
2023-03-21,19.689170837402344,21.219999313354492,21.280000686645508,20.860000610351562,20.899999618530273,19905
2023-03-22,19.652061462402344,21.18000030517578,21.959999084472656,21.040000915527344,21.959999084472656,19478
2023-03-23,20.060317993164062,21.6200008392334,21.719999313354492,20.920000076293945,21.520000457763672,29419
2023-03-24,19.726287841796875,21.260000228881836,21.600000381469727,20.979999542236328,21.600000381469727,18082
2023-03-27,19.819072723388672,21.360000610351562,21.600000381469727,21.200000762939453,21.260000228881836,25415
2023-03-28,20.11598777770996,21.68000030517578,21.739999771118164,21.34000015258789,21.399999618530273,22358
2023-03-29,19.169570922851562,20.65999984741211,22.18000030517578,20.540000915527344,21.700000762939453,45580
2023-03-30,19.874744415283203,21.420000076293945,21.440000534057617,20.84000015258789,20.84000015258789,30280
2023-03-31,20.33867645263672,21.920000076293945,22.0,21.399999618530273,21.420000076293945,13295
2023-04-03,19.856185913085938,21.399999618530273,22.0,21.260000228881836,22.0,16429
2023-04-04,20.43145751953125,22.020000457763672,22.200000762939453,21.459999084472656,21.459999084472656,21177
2023-04-05,20.11598777770996,21.68000030517578,22.059999465942383,21.520000457763672,22.059999465942383,19661
2023-04-06,20.04176139831543,21.600000381469727,21.959999084472656,21.459999084472656,21.68000030517578,15792
2023-04-11,20.20877456665039,21.780000686645508,21.8799991607666,21.540000915527344,21.600000381469727,15693
2023-04-12,19.930416107177734,21.479999542236328,21.979999542236328,21.280000686645508,21.84000015258789,21063
2023-04-13,20.245887756347656,21.81999969482422,21.979999542236328,21.399999618530273,21.579999923706055,19587
2023-04-14,20.691261291503906,22.299999237060547,22.440000534057617,21.860000610351562,21.860000610351562,31489
2023-04-17,21.02528953552246,22.65999984741211,22.920000076293945,22.399999618530273,22.399999618530273,36186
2023-04-18,21.303647994995117,22.959999084472656,23.420000076293945,22.799999237060547,22.899999618530273,32343
2023-04-19,21.414989471435547,23.079999923706055,23.18000030517578,22.579999923706055,22.959999084472656,23164
2023-04-20,20.691261291503906,22.299999237060547,23.079999923706055,22.100000381469727,23.079999923706055,23707
2023-04-21,20.615949630737305,21.899999618530273,22.299999237060547,21.299999237060547,22.100000381469727,40512
2023-04-24,20.446504592895508,21.719999313354492,21.899999618530273,21.540000915527344,21.899999618530273,23663
2023-04-25,20.427677154541016,21.700000762939453,21.920000076293945,21.5,21.559999465942383,19012
2023-04-26,20.446504592895508,21.719999313354492,21.899999618530273,21.420000076293945,21.700000762939453,21289
2023-04-27,20.615949630737305,21.899999618530273,22.0,21.360000610351562,21.719999313354492,23593
2023-04-28,21.124286651611328,22.440000534057617,22.5,21.959999084472656,22.0,21948
2023-05-02,21.067806243896484,22.3799991607666,22.780000686645508,22.260000228881836,22.5,36191
2023-05-03,21.161943435668945,22.479999542236328,22.65999984741211,22.1200008392334,22.440000534057617,40286
2023-05-04,23.59067153930664,25.059999465942383,25.84000015258789,23.100000381469727,23.100000381469727,226197
2023-05-05,24.23080062866211,25.739999771118164,25.8799991607666,23.479999542236328,25.0,133783
2023-05-08,23.440053939819336,24.899999618530273,25.959999084472656,24.239999771118164,25.760000228881836,63399
2023-05-09,23.68480682373047,25.15999984741211,25.260000228881836,24.68000030517578,24.8799991607666,29668
2023-05-10,23.044675827026367,24.479999542236328,25.299999237060547,24.399999618530273,25.18000030517578,27149
2023-05-11,23.72246551513672,25.200000762939453,25.280000686645508,24.31999969482422,24.31999969482422,58627
2023-05-12,22.59282112121582,24.0,25.5,23.81999969482422,25.200000762939453,52230
2023-05-15,22.630477905273438,24.040000915527344,24.079999923706055,23.520000457763672,23.860000610351562,22152
2023-05-16,22.178621292114258,23.559999465942383,24.040000915527344,23.479999542236328,24.0,17517
2023-05-17,22.253929138183594,23.639999389648438,23.780000686645508,23.34000015258789,23.440000534057617,14054
2023-05-19,22.02800178527832,23.399999618530273,23.920000076293945,23.360000610351562,23.65999984741211,24705
2023-05-22,22.14096450805664,23.520000457763672,23.520000457763672,23.079999923706055,23.200000762939453,14311
2023-05-23,21.57614517211914,22.920000076293945,23.5,22.84000015258789,23.31999969482422,17093
2023-05-24,21.218425750732422,22.540000915527344,22.719999313354492,22.459999084472656,22.65999984741211,14655
2023-05-25,20.917186737060547,22.219999313354492,22.6200008392334,21.979999542236328,22.219999313354492,20147
2023-05-26,20.841876983642578,22.139999389648438,22.219999313354492,21.899999618530273,22.219999313354492,13668
2023-05-29,21.31256103515625,22.639999389648438,23.200000762939453,22.559999465942383,22.559999465942383,19581
2023-05-30,21.086633682250977,22.399999618530273,22.860000610351562,22.260000228881836,22.600000381469727,15931
2023-05-31,20.728914260864258,22.020000457763672,22.31999969482422,21.84000015258789,22.31999969482422,15586
2023-06-01,20.785396575927734,22.079999923706055,22.5,21.8799991607666,22.260000228881836,11037
2023-06-02,20.879533767700195,22.18000030517578,22.239999771118164,21.899999618530273,22.100000381469727,20672
2023-06-05,20.427677154541016,21.700000762939453,22.219999313354492,21.479999542236328,22.18000030517578,20855
2023-06-06,21.105459213256836,22.420000076293945,22.520000457763672,21.65999984741211,21.68000030517578,22260
2023-06-07,21.218425750732422,22.540000915527344,22.579999923706055,22.079999923706055,22.420000076293945,13146
2023-06-08,21.105459213256836,22.420000076293945,22.540000915527344,22.139999389648438,22.540000915527344,21365
2023-06-09,21.124286651611328,22.440000534057617,22.700000762939453,22.18000030517578,22.440000534057617,27874
2023-06-12,22.046831130981445,23.420000076293945,23.420000076293945,22.440000534057617,22.440000534057617,52474
2023-06-13,22.781095504760742,24.200000762939453,24.200000762939453,23.479999542236328,23.479999542236328,27702
2023-06-14,22.743440628051758,24.15999984741211,24.68000030517578,23.780000686645508,24.200000762939453,61150
2023-06-15,22.009172439575195,23.3799991607666,24.420000076293945,23.18000030517578,24.15999984741211,46876
2023-06-16,21.199600219726562,22.520000457763672,23.559999465942383,22.5,23.420000076293945,29558
2023-06-19,20.76656723022461,22.059999465942383,22.540000915527344,22.0,22.5,48893
2023-06-20,21.143115997314453,22.459999084472656,22.719999313354492,22.100000381469727,22.700000762939453,62678
2023-06-21,20.427677154541016,21.700000762939453,22.479999542236328,21.700000762939453,22.479999542236328,17109
2023-06-22,20.57829475402832,21.860000610351562,21.959999084472656,21.459999084472656,21.799999237060547,20762
2023-06-26,20.37119483947754,21.639999389648438,21.920000076293945,21.399999618530273,21.700000762939453,19874
2023-06-27,20.804224014282227,22.100000381469727,22.18000030517578,21.559999465942383,21.65999984741211,62601
2023-06-28,21.143115997314453,22.459999084472656,22.520000457763672,21.219999313354492,22.100000381469727,50854
2023-06-29,21.31256103515625,22.639999389648438,22.81999969482422,22.200000762939453,22.440000534057617,29459
2023-06-30,21.74559211730957,23.100000381469727,23.3799991607666,22.579999923706055,22.639999389648438,36977
2023-07-03,21.613801956176758,22.959999084472656,23.1200008392334,22.799999237060547,23.100000381469727,11277
2023-07-04,21.425527572631836,22.760000228881836,22.979999542236328,22.520000457763672,22.959999084472656,22116
2023-07-05,21.199600219726562,22.520000457763672,22.860000610351562,22.520000457763672,22.739999771118164,21213
2023-07-06,20.99249839782715,22.299999237060547,22.520000457763672,22.139999389648438,22.520000457763672,34746
2023-07-07,21.500835418701172,22.84000015258789,22.899999618530273,22.219999313354492,22.399999618530273,26142
2023-07-10,21.95269203186035,23.31999969482422,23.31999969482422,22.719999313354492,22.799999237060547,28565
2023-07-11,22.216276168823242,23.600000381469727,23.600000381469727,23.100000381469727,23.100000381469727,33890
2023-07-12,22.87523078918457,24.299999237060547,24.299999237060547,23.420000076293945,23.84000015258789,27407
2023-07-13,22.59282112121582,24.0,24.5,23.979999542236328,24.299999237060547,12315
2023-07-14,22.461030960083008,23.860000610351562,24.0,23.479999542236328,23.979999542236328,10349
2023-07-17,22.197450637817383,23.579999923706055,23.799999237060547,23.239999771118164,23.780000686645508,14494
2023-07-18,22.159791946411133,23.540000915527344,23.600000381469727,23.239999771118164,23.579999923706055,6033
2023-07-19,22.649303436279297,24.059999465942383,24.1200008392334,23.639999389648438,23.639999389648438,10507
2023-07-20,21.93386459350586,23.299999237060547,24.040000915527344,23.18000030517578,24.040000915527344,8520
2023-07-21,21.030153274536133,22.34000015258789,23.280000686645508,22.079999923706055,23.219999313354492,19586
2023-07-24,21.57614517211914,22.920000076293945,22.979999542236328,21.860000610351562,22.280000686645508,36161
2023-07-25,21.877384185791016,23.239999771118164,23.280000686645508,22.739999771118164,22.920000076293945,9408
2023-07-26,22.461030960083008,23.860000610351562,23.979999542236328,23.139999389648438,23.219999313354492,19351
2023-07-27,22.743440628051758,24.15999984741211,24.299999237060547,23.84000015258789,23.959999084472656,16628
2023-07-28,22.536338806152344,23.940000534057617,24.260000228881836,23.520000457763672,24.15999984741211,9565
2023-07-31,22.40454864501953,23.799999237060547,23.959999084472656,23.479999542236328,23.860000610351562,72232
2023-08-01,22.385723114013672,23.780000686645508,23.959999084472656,23.6200008392334,23.799999237060547,39106
2023-08-02,22.103309631347656,23.479999542236328,23.68000030517578,23.31999969482422,23.5,10765
2023-08-03,21.613801956176758,22.959999084472656,23.65999984741211,22.399999618530273,23.5,31341
2023-08-04,21.83972930908203,23.200000762939453,23.459999084472656,22.860000610351562,22.920000076293945,19249
2023-08-07,21.783248901367188,23.139999389648438,23.31999969482422,22.81999969482422,23.200000762939453,13842
2023-08-08,21.124286651611328,22.440000534057617,23.139999389648438,22.3799991607666,23.139999389648438,12304
2023-08-09,21.557315826416016,22.899999618530273,23.0,22.440000534057617,22.440000534057617,23622
2023-08-10,20.710086822509766,22.0,22.100000381469727,20.84000015258789,22.040000915527344,84131
2023-08-11,21.331390380859375,22.65999984741211,23.15999984741211,22.299999237060547,22.600000381469727,52161
2023-08-14,21.274906158447266,22.600000381469727,22.8799991607666,22.280000686645508,22.65999984741211,22959
2023-08-15,21.651456832885742,23.0,23.239999771118164,22.540000915527344,22.799999237060547,23977
2023-08-16,21.350215911865234,22.68000030517578,23.100000381469727,22.68000030517578,22.940000534057617,19389
2023-08-17,21.124286651611328,22.440000534057617,22.65999984741211,22.239999771118164,22.540000915527344,12320
2023-08-18,21.180768966674805,22.5,22.579999923706055,22.1200008392334,22.15999984741211,24066
2023-08-21,20.97366714477539,22.280000686645508,22.6200008392334,22.280000686645508,22.420000076293945,12103
2023-08-22,20.879533767700195,22.18000030517578,22.5,22.18000030517578,22.280000686645508,12608
2023-08-23,20.76656723022461,22.059999465942383,22.260000228881836,22.0,22.200000762939453,9841
2023-08-24,20.333538055419922,21.600000381469727,22.200000762939453,21.520000457763672,22.059999465942383,26361
2023-08-25,19.862857818603516,21.100000381469727,21.600000381469727,21.059999465942383,21.559999465942383,11429
2023-08-28,20.314712524414062,21.579999923706055,21.579999923706055,21.239999771118164,21.299999237060547,7408
2023-08-29,21.256078720092773,22.579999923706055,22.6200008392334,21.600000381469727,21.600000381469727,21503
2023-08-30,21.594974517822266,22.940000534057617,22.979999542236328,22.479999542236328,22.579999923706055,21515
2023-08-31,21.613801956176758,22.959999084472656,23.079999923706055,22.899999618530273,22.940000534057617,16600
2023-09-01,22.065656661987305,23.440000534057617,23.579999923706055,22.860000610351562,22.940000534057617,35858
2023-09-04,22.59282112121582,24.0,24.200000762939453,23.540000915527344,23.540000915527344,26353
2023-09-05,22.87523078918457,24.299999237060547,24.6200008392334,23.760000228881836,23.860000610351562,32488
2023-09-06,22.573997497558594,23.979999542236328,24.200000762939453,23.8799991607666,24.200000762939453,26841
2023-09-07,22.555166244506836,23.959999084472656,24.079999923706055,23.540000915527344,23.899999618530273,19796
2023-09-08,22.59282112121582,24.0,24.079999923706055,23.219999313354492,24.0,25553
2023-09-11,22.762266159057617,24.18000030517578,24.239999771118164,23.81999969482422,24.0,22587
2023-09-12,22.59282112121582,24.0,24.200000762939453,23.860000610351562,24.200000762939453,17623
2023-09-13,22.423376083374023,23.81999969482422,24.15999984741211,23.780000686645508,24.100000381469727,27382
2023-09-14,22.59282112121582,24.0,24.079999923706055,23.739999771118164,23.81999969482422,19346
2023-09-15,23.157642364501953,24.600000381469727,24.799999237060547,23.959999084472656,23.959999084472656,19324
2023-09-18,23.477706909179688,24.940000534057617,25.100000381469727,24.600000381469727,24.600000381469727,34099
2023-09-19,23.138813018798828,24.579999923706055,25.200000762939453,24.5,24.940000534057617,49049
2023-09-20,23.741287231445312,25.219999313354492,25.260000228881836,24.5,24.579999923706055,19597
2023-09-21,22.818750381469727,24.239999771118164,25.18000030517578,24.239999771118164,25.0,13122
2023-09-22,22.912885665893555,24.34000015258789,24.34000015258789,24.0,24.31999969482422,17911
2023-09-25,23.00702476501465,24.440000534057617,24.6200008392334,24.1200008392334,24.260000228881836,18367
2023-09-26,22.705787658691406,24.1200008392334,24.360000610351562,23.899999618530273,24.360000610351562,33242
2023-09-27,22.668132781982422,24.079999923706055,24.34000015258789,23.760000228881836,24.040000915527344,17186
2023-09-28,22.912885665893555,24.34000015258789,24.440000534057617,23.940000534057617,24.079999923706055,85039
2023-09-29,24.080184936523438,25.579999923706055,25.780000686645508,24.399999618530273,24.399999618530273,143074
2023-10-02,23.703638076782227,25.18000030517578,26.399999618530273,25.079999923706055,25.579999923706055,98673
2023-10-03,23.176469802856445,24.6200008392334,25.18000030517578,24.399999618530273,25.18000030517578,14428
2023-10-04,22.084482192993164,23.459999084472656,24.540000915527344,22.520000457763672,24.540000915527344,64137
2023-10-05,22.178621292114258,23.559999465942383,24.18000030517578,23.479999542236328,23.479999542236328,29647
2023-10-06,22.40454864501953,23.799999237060547,24.31999969482422,23.540000915527344,23.579999923706055,25691
2023-10-09,21.74559211730957,23.100000381469727,23.920000076293945,22.6200008392334,23.780000686645508,40516
2023-10-10,22.705787658691406,24.1200008392334,24.1200008392334,23.0,23.100000381469727,67939
2023-10-11,22.856403350830078,24.280000686645508,24.360000610351562,23.799999237060547,23.979999542236328,172344
2023-10-12,23.440053939819336,24.899999618530273,25.6200008392334,24.399999618530273,24.440000534057617,34344
2023-10-13,23.68480682373047,25.15999984741211,25.3799991607666,24.700000762939453,24.899999618530273,35986
2023-10-16,23.308259963989258,24.760000228881836,25.139999389648438,23.81999969482422,25.139999389648438,36172
2023-10-17,23.38357162475586,24.84000015258789,25.059999465942383,24.459999084472656,24.739999771118164,19231
2023-10-18,23.195297241210938,24.639999389648438,25.020000457763672,24.459999084472656,24.84000015258789,17833
2023-10-19,22.894058227539062,24.31999969482422,24.799999237060547,24.31999969482422,24.440000534057617,39878
2023-10-20,22.569725036621094,23.65999984741211,24.100000381469727,22.65999984741211,23.739999771118164,33409
2023-10-23,21.7684326171875,22.81999969482422,23.600000381469727,22.1200008392334,23.600000381469727,31901
2023-10-24,21.425024032592773,22.459999084472656,23.100000381469727,22.34000015258789,22.81999969482422,26427
2023-10-25,20.871749877929688,21.8799991607666,22.5,21.81999969482422,22.479999542236328,22656
2023-10-26,21.119768142700195,22.139999389648438,22.31999969482422,21.600000381469727,21.899999618530273,20258
2023-10-27,20.337556838989258,21.31999969482422,22.1200008392334,21.200000762939453,22.1200008392334,32956
2023-10-30,21.36779022216797,22.399999618530273,22.479999542236328,21.15999984741211,21.31999969482422,76446
2023-10-31,22.169082641601562,23.239999771118164,23.399999618530273,22.399999618530273,22.399999618530273,28681
2023-11-01,22.169082641601562,23.239999771118164,23.8799991607666,22.860000610351562,23.260000228881836,42592
2023-11-02,22.53156852722168,23.6200008392334,24.3799991607666,22.139999389648438,23.239999771118164,107768
2023-11-03,22.722354888916016,23.81999969482422,23.8799991607666,22.739999771118164,23.700000762939453,38410
2023-11-06,22.054611206054688,23.1200008392334,24.360000610351562,23.059999465942383,23.81999969482422,16443
2023-11-07,21.615808486938477,22.65999984741211,23.1200008392334,22.399999618530273,23.1200008392334,24816
2023-11-08,22.302627563476562,23.3799991607666,23.440000534057617,22.440000534057617,22.579999923706055,20791
2023-11-09,22.894058227539062,24.0,24.100000381469727,23.299999237060547,23.299999237060547,20063
2023-11-10,22.359865188598633,23.440000534057617,23.860000610351562,23.15999984741211,23.860000610351562,12267
2023-11-13,22.26447296142578,23.34000015258789,23.700000762939453,23.200000762939453,23.440000534057617,39323
2023-11-14,23.180234909057617,24.299999237060547,24.299999237060547,22.6200008392334,23.0,99514
2023-11-15,22.989452362060547,24.100000381469727,24.700000762939453,23.799999237060547,24.280000686645508,24154
2023-11-16,22.703275680541992,23.799999237060547,24.079999923706055,23.600000381469727,24.040000915527344,8928
2023-11-17,23.37101936340332,24.5,24.760000228881836,23.780000686645508,23.799999237060547,38887
2023-11-20,23.313785552978516,24.440000534057617,24.579999923706055,24.100000381469727,24.579999923706055,16743
2023-11-21,23.00853157043457,24.1200008392334,24.84000015258789,24.059999465942383,24.399999618530273,75255
2023-11-22,22.53156852722168,23.6200008392334,24.1200008392334,23.559999465942383,24.0,30879
2023-11-23,22.340787887573242,23.420000076293945,23.719999313354492,23.18000030517578,23.6200008392334,27213
2023-11-24,22.607885360717773,23.700000762939453,23.780000686645508,23.200000762939453,23.34000015258789,13269
2023-11-27,22.550647735595703,23.639999389648438,23.860000610351562,23.5,23.700000762939453,15893
2023-11-28,23.237472534179688,24.360000610351562,24.360000610351562,23.18000030517578,23.639999389648438,26316
2023-11-29,23.409177780151367,24.540000915527344,24.84000015258789,24.280000686645508,24.280000686645508,23945
2023-11-30,23.828899383544922,24.979999542236328,25.18000030517578,24.360000610351562,24.5,23518
2023-12-01,24.172311782836914,25.34000015258789,25.34000015258789,24.8799991607666,24.979999542236328,13903
2023-12-04,23.638118743896484,24.780000686645508,25.81999969482422,24.68000030517578,25.1200008392334,27360
2023-12-05,23.676273345947266,24.81999969482422,24.940000534057617,24.31999969482422,24.31999969482422,16960
2023-12-07,23.847978591918945,25.0,25.18000030517578,24.1200008392334,24.81999969482422,35924
2023-12-08,24.30586051940918,25.479999542236328,25.6200008392334,24.979999542236328,25.0,18847
2023-12-11,24.0006046295166,25.15999984741211,25.34000015258789,24.0,24.8799991607666,64822
2023-12-12,22.913137435913086,24.020000457763672,25.100000381469727,23.860000610351562,25.100000381469727,86670
2023-12-13,22.43617820739746,23.520000457763672,24.31999969482422,23.440000534057617,23.899999618530273,30187
2023-12-14,24.03876495361328,25.200000762939453,25.239999771118164,23.559999465942383,23.559999465942383,60616
2023-12-15,24.706506729125977,25.899999618530273,26.0,25.100000381469727,25.100000381469727,49587
2023-12-18,25.85120964050293,27.100000381469727,27.100000381469727,25.520000457763672,25.799999237060547,71216
2023-12-19,25.813051223754883,27.059999465942383,27.3799991607666,26.739999771118164,26.899999618530273,46005
2023-12-20,25.965679168701172,27.219999313354492,27.299999237060547,26.719999313354492,26.959999084472656,33753
2023-12-21,25.94659996032715,27.200000762939453,27.299999237060547,26.780000686645508,26.81999969482422,33972
2023-12-22,26.1755428314209,27.440000534057617,27.440000534057617,26.920000076293945,27.100000381469727,28249
2023-12-27,26.480796813964844,27.760000228881836,27.940000534057617,27.059999465942383,27.260000228881836,39706
2023-12-28,26.08015251159668,27.34000015258789,28.079999923706055,27.15999984741211,27.65999984741211,31169
2023-12-29,25.94659996032715,27.200000762939453,27.639999389648438,27.1200008392334,27.34000015258789,20251
2024-01-02,25.793973922729492,27.040000915527344,27.34000015258789,26.940000534057617,27.200000762939453,49596
2024-01-03,25.584110260009766,26.81999969482422,27.459999084472656,26.700000762939453,27.399999618530273,31617
2024-01-04,25.240699768066406,26.459999084472656,27.299999237060547,26.31999969482422,26.81999969482422,41355
2024-01-05,24.840055465698242,26.040000915527344,26.399999618530273,25.34000015258789,26.399999618530273,35153
2024-01-08,24.916372299194336,26.1200008392334,26.5,25.18000030517578,26.040000915527344,38231
2024-01-09,24.973602294921875,26.18000030517578,26.360000610351562,25.719999313354492,26.100000381469727,27150
2024-01-10,25.29793357849121,26.520000457763672,26.65999984741211,26.1200008392334,26.18000030517578,22543
2024-01-11,25.565032958984375,26.799999237060547,26.860000610351562,26.260000228881836,26.520000457763672,26801
2024-01-12,26.041990280151367,27.299999237060547,27.479999542236328,26.700000762939453,26.700000762939453,28352
2024-01-15,25.526874542236328,26.760000228881836,27.260000228881836,26.559999465942383,27.239999771118164,30029
2024-01-16,25.717660903930664,26.959999084472656,26.959999084472656,26.34000015258789,26.559999465942383,13355
2024-01-17,25.202543258666992,26.420000076293945,26.899999618530273,25.799999237060547,26.899999618530273,26119
2024-01-18,25.393327713012695,26.6200008392334,26.760000228881836,26.3799991607666,26.420000076293945,21160
2024-01-19,25.068994522094727,26.280000686645508,26.899999618530273,25.940000534057617,26.6200008392334,24477
2024-01-22,25.43148422241211,26.65999984741211,26.920000076293945,26.280000686645508,26.280000686645508,18403
2024-01-23,25.412403106689453,26.639999389648438,27.239999771118164,26.559999465942383,26.65999984741211,12498
2024-01-24,26.1755428314209,27.440000534057617,27.440000534057617,26.639999389648438,26.639999389648438,21674
2024-01-25,26.671579360961914,27.959999084472656,28.1200008392334,27.440000534057617,27.5,53437
2024-01-26,25.603191375732422,26.84000015258789,27.860000610351562,26.739999771118164,27.860000610351562,31011
2024-01-29,26.09922981262207,27.360000610351562,27.420000076293945,26.540000915527344,26.799999237060547,18619
2024-01-30,26.328168869018555,27.600000381469727,27.739999771118164,27.200000762939453,27.299999237060547,11212
2024-01-31,26.09922981262207,27.360000610351562,27.68000030517578,27.34000015258789,27.600000381469727,12617
2024-02-01,26.44264030456543,27.719999313354492,27.940000534057617,27.200000762939453,27.360000610351562,15585
2024-02-02,25.889366149902344,27.139999389648438,28.200000762939453,27.139999389648438,27.719999313354492,13754
2024-02-05,25.641345977783203,26.8799991607666,27.420000076293945,26.84000015258789,27.139999389648438,11248
2024-02-06,25.755817413330078,27.0,27.219999313354492,26.520000457763672,26.8799991607666,15600
2024-02-07,25.50779914855957,26.739999771118164,27.0,26.420000076293945,27.0,19527
2024-02-08,31.097763061523438,32.599998474121094,33.7599983215332,28.719999313354492,28.760000228881836,330148
2024-02-09,31.097763061523438,32.599998474121094,32.84000015258789,30.260000228881836,31.079999923706055,146574
2024-02-12,29.81951141357422,31.260000228881836,32.70000076293945,30.780000686645508,32.5,64671
2024-02-13,29.285320281982422,30.700000762939453,31.239999771118164,30.020000457763672,31.239999771118164,67957
2024-02-14,30.1820011138916,31.639999389648438,31.739999771118164,30.260000228881836,30.639999389648438,34745
2024-02-15,30.658960342407227,32.13999938964844,32.29999923706055,31.399999618530273,31.780000686645508,55274
2024-02-16,31.059606552124023,32.560001373291016,32.599998474121094,31.600000381469727,32.08000183105469,44414
2024-02-19,30.544490814208984,32.02000045776367,32.560001373291016,31.799999237060547,32.560001373291016,23204
2024-02-20,30.1820011138916,31.639999389648438,32.13999938964844,31.479999542236328,31.8799991607666,18437
2024-02-21,30.391864776611328,31.860000610351562,32.0,31.3799991607666,31.5,19940
2024-02-22,31.34578514099121,32.86000061035156,32.91999816894531,32.0,32.0,25694
2024-02-23,31.86090087890625,33.400001525878906,33.779998779296875,32.619998931884766,32.86000061035156,64720
2024-02-26,32.24246597290039,33.79999923706055,33.900001525878906,32.959999084472656,33.20000076293945,107231
2024-02-27,32.01353073120117,33.560001373291016,33.97999954223633,33.36000061035156,33.7599983215332,36548
2024-02-28,31.67011260986328,33.20000076293945,33.58000183105469,32.97999954223633,33.560001373291016,23544
2024-02-29,31.727354049682617,33.2599983215332,33.400001525878906,32.720001220703125,33.20000076293945,40008
2024-03-01,31.975374221801758,33.52000045776367,33.52000045776367,32.599998474121094,33.2400016784668,26883
2024-03-04,31.975374221801758,33.52000045776367,33.7599983215332,33.279998779296875,33.52000045776367,46774
2024-03-05,32.223388671875,33.779998779296875,34.040000915527344,33.220001220703125,33.41999816894531,21402
2024-03-06,32.52864074707031,34.099998474121094,34.119998931884766,33.70000076293945,33.720001220703125,22461
2024-03-07,32.318782806396484,33.880001068115234,34.15999984741211,33.18000030517578,34.02000045776367,22711
2024-03-08,32.58587646484375,34.15999984741211,34.36000061035156,33.86000061035156,33.900001525878906,23742
2024-03-11,32.910213470458984,34.5,34.5,33.5,34.15999984741211,26214
2024-03-12,33.10099411010742,34.70000076293945,34.70000076293945,34.08000183105469,34.5,22738
2024-03-13,33.08191680908203,34.68000030517578,34.779998779296875,34.439998626708984,34.70000076293945,10266
2024-03-14,33.50163650512695,35.119998931884766,35.220001220703125,34.68000030517578,34.68000030517578,40182
2024-03-15,33.71150588989258,35.34000015258789,35.599998474121094,35.099998474121094,35.20000076293945,33536
2024-03-18,34.150306701660156,35.79999923706055,35.79999923706055,35.34000015258789,35.34000015258789,17978
2024-03-19,34.493717193603516,36.15999984741211,36.15999984741211,35.36000061035156,35.79999923706055,23129
2024-03-20,34.11214828491211,35.7599983215332,36.619998931884766,35.68000030517578,36.20000076293945,82080
2024-03-21,35.314090728759766,37.02000045776367,37.08000183105469,35.5,35.779998779296875,184284
2024-03-22,35.52395248413086,37.2400016784668,37.439998626708984,36.939998626708984,37.0,22415
2024-03-25,35.61934280395508,37.34000015258789,37.5,36.79999923706055,37.20000076293945,26181
2024-03-26,36.764041900634766,38.540000915527344,38.7400016784668,37.31999969482422,37.34000015258789,38108
2024-03-27,36.4969482421875,38.2599983215332,39.099998474121094,38.15999984741211,38.459999084472656,45101
2024-03-28,36.55418014526367,38.31999969482422,38.599998474121094,38.040000915527344,38.2599983215332,31573
2024-04-02,36.34431838989258,38.099998474121094,38.54999923706055,37.54999923706055,38.29999923706055,30554
2024-04-03,36.868980407714844,38.650001525878906,38.75,37.900001525878906,38.0,18737
2024-04-04,37.72750473022461,39.54999923706055,39.79999923706055,38.45000076293945,38.599998474121094,31306
2024-04-05,37.77519607543945,39.599998474121094,39.599998474121094,38.45000076293945,38.45000076293945,123083
2024-04-08,38.10906982421875,39.95000076293945,41.0,39.400001525878906,39.599998474121094,57084
2024-04-09,37.965980529785156,39.79999923706055,40.79999923706055,39.400001525878906,39.95000076293945,47143
2024-04-10,38.490638732910156,40.349998474121094,40.599998474121094,39.79999923706055,39.79999923706055,87496
2024-04-11,39.3968620300293,41.29999923706055,41.54999923706055,40.25,40.349998474121094,39910
2024-04-12,38.87220764160156,40.75,41.849998474121094,40.70000076293945,41.54999923706055,39865
2024-04-15,38.776817321777344,40.650001525878906,41.150001525878906,40.0,40.650001525878906,51596
2024-04-16,38.919898986816406,40.79999923706055,40.849998474121094,40.0,40.0,37487
2024-04-17,38.39524841308594,40.25,41.5,40.25,40.79999923706055,38971
2024-04-18,37.91828536987305,39.75,39.900001525878906,38.04999923706055,38.650001525878906,157765
2024-04-19,37.87059020996094,39.70000076293945,39.79999923706055,38.849998474121094,39.5,26863
2024-04-22,37.679805755615234,39.5,39.70000076293945,39.150001525878906,39.54999923706055,31744
2024-04-23,39.015296936035156,40.900001525878906,41.0,39.5,39.5,28123
2024-04-24,38.919898986816406,40.79999923706055,41.150001525878906,40.54999923706055,40.79999923706055,17343
2024-04-25,37.965980529785156,39.79999923706055,40.75,39.599998474121094,40.75,19214
2024-04-26,38.72911834716797,40.599998474121094,40.70000076293945,39.599998474121094,39.599998474121094,40158
2024-04-29,39.58527755737305,41.150001525878906,41.20000076293945,39.29999923706055,40.400001525878906,53861
2024-04-30,39.440982818603516,41.0,41.349998474121094,40.5,41.150001525878906,24535
2024-05-02,38.527103424072266,40.04999923706055,40.95000076293945,39.599998474121094,40.95000076293945,64789
2024-05-03,37.13223648071289,38.599998474121094,39.400001525878906,37.099998474121094,38.20000076293945,122259
2024-05-06,38.19041442871094,39.70000076293945,39.849998474121094,38.0,38.0,42188
2024-05-07,38.04611587524414,39.54999923706055,39.70000076293945,38.45000076293945,39.70000076293945,52210
2024-05-08,39.24858474731445,40.79999923706055,40.79999923706055,39.349998474121094,39.45000076293945,21833
2024-05-10,40.306758880615234,41.900001525878906,41.95000076293945,40.29999923706055,40.5,39588
2024-05-13,41.41303253173828,43.04999923706055,43.20000076293945,41.650001525878906,41.900001525878906,34847
2024-05-14,41.461124420166016,43.099998474121094,43.25,42.45000076293945,43.04999923706055,28805
2024-05-15,42.03831100463867,43.70000076293945,44.099998474121094,43.25,43.400001525878906,32408
2024-05-16,41.79781723022461,43.45000076293945,44.70000076293945,43.29999923706055,43.70000076293945,59217
2024-05-17,42.326904296875,44.0,44.0,42.95000076293945,43.400001525878906,25532
2024-05-20,43.09648513793945,44.79999923706055,45.099998474121094,43.849998474121094,43.849998474121094,43550
2024-05-21,41.942115783691406,43.599998474121094,45.349998474121094,42.95000076293945,44.79999923706055,25905
2024-05-22,41.36492919921875,43.0,43.849998474121094,43.0,43.54999923706055,22471
2024-05-23,41.845916748046875,43.5,43.849998474121094,41.79999923706055,43.0,25821
2024-05-24,42.326904296875,44.0,44.29999923706055,43.400001525878906,43.400001525878906,22339
2024-05-27,43.24078369140625,44.95000076293945,45.0,43.79999923706055,43.95000076293945,29148
2024-05-28,40.018165588378906,41.599998474121094,45.099998474121094,41.29999923706055,44.849998474121094,61108
2024-05-29,39.68147277832031,41.25,43.45000076293945,39.900001525878906,41.25,76299
2024-05-30,39.921966552734375,41.5,41.95000076293945,41.150001525878906,41.25,33459
2024-05-31,40.06626510620117,41.650001525878906,43.849998474121094,41.349998474121094,41.5,517595
2024-06-03,38.6233024597168,40.150001525878906,42.04999923706055,38.849998474121094,42.04999923706055,74546
2024-06-04,37.85371780395508,39.349998474121094,40.29999923706055,39.20000076293945,40.0,29010
2024-06-05,37.80562210083008,39.29999923706055,39.599998474121094,38.70000076293945,39.349998474121094,26907
2024-06-06,37.46893310546875,38.95000076293945,39.599998474121094,38.650001525878906,39.20000076293945,17860
2024-06-07,37.85371780395508,39.349998474121094,39.349998474121094,38.400001525878906,38.95000076293945,40332
2024-06-10,37.37273406982422,38.849998474121094,39.29999923706055,38.599998474121094,38.599998474121094,19629
2024-06-11,36.89174270629883,38.349998474121094,39.0,38.150001525878906,38.75,17209
2024-06-12,37.37273406982422,38.849998474121094,39.04999923706055,37.5,38.0,24267
2024-06-13,35.929771423339844,37.349998474121094,38.79999923706055,37.099998474121094,38.79999923706055,21720
2024-06-14,35.59307861328125,37.0,37.79999923706055,36.70000076293945,37.29999923706055,20745
2024-06-17,35.25638961791992,36.650001525878906,36.95000076293945,36.349998474121094,36.849998474121094,16798
2024-06-18,36.3626594543457,37.79999923706055,37.849998474121094,36.400001525878906,36.54999923706055,19896
2024-06-19,36.31455993652344,37.75,38.29999923706055,37.5,37.75,17243
2024-06-20,36.98794174194336,38.45000076293945,39.0,37.75,37.75,24754
2024-06-24,36.31455993652344,37.75,38.45000076293945,37.349998474121094,38.45000076293945,14050
2024-06-25,35.97787094116211,37.400001525878906,38.099998474121094,37.29999923706055,37.70000076293945,21235
2024-06-26,35.88167190551758,37.29999923706055,37.849998474121094,37.0,37.400001525878906,13984
2024-06-27,35.83357238769531,37.25,37.400001525878906,36.900001525878906,37.099998474121094,15733
2024-06-28,35.40068435668945,36.79999923706055,37.45000076293945,36.5,37.25,10419
2024-07-01,35.20828628540039,36.599998474121094,37.20000076293945,36.45000076293945,36.45000076293945,11321
2024-07-02,34.4868049621582,35.849998474121094,36.5,35.5,36.5,13906
2024-07-03,34.967796325683594,36.349998474121094,36.599998474121094,35.75,35.849998474121094,14816
2024-07-04,34.91969299316406,36.29999923706055,36.400001525878906,36.0,36.29999923706055,7729
2024-07-05,35.30448532104492,36.70000076293945,37.599998474121094,36.20000076293945,36.29999923706055,19128
2024-07-08,35.496883392333984,36.900001525878906,37.04999923706055,35.75,36.54999923706055,9896
2024-07-09,35.015892028808594,36.400001525878906,36.75,36.04999923706055,36.54999923706055,15413
2024-07-10,35.06399154663086,36.45000076293945,36.70000076293945,36.25,36.29999923706055,6079
2024-07-11,35.59307861328125,37.0,37.0,36.099998474121094,36.099998474121094,12307
2024-07-12,36.31455993652344,37.75,37.849998474121094,37.0,37.0,16171
2024-07-15,36.5550537109375,38.0,38.79999923706055,37.5,37.54999923706055,11278
2024-07-16,37.80562210083008,39.29999923706055,39.650001525878906,37.70000076293945,38.0,11916
2024-07-17,37.22843933105469,38.70000076293945,39.45000076293945,38.5,39.400001525878906,14626
2024-07-18,36.7474479675293,38.20000076293945,39.599998474121094,38.20000076293945,38.70000076293945,16806
2024-07-19,36.07406997680664,37.5,38.900001525878906,37.5,38.20000076293945,14016
2024-07-22,36.5550537109375,38.0,38.29999923706055,36.79999923706055,37.0,8368
2024-07-23,37.18033981323242,38.650001525878906,39.04999923706055,38.0,38.0,12392
2024-07-24,37.13223648071289,38.599998474121094,39.04999923706055,38.25,38.70000076293945,11158
2024-07-25,36.98794174194336,38.45000076293945,38.54999923706055,37.849998474121094,38.20000076293945,16507
2024-07-26,37.61322784423828,39.099998474121094,39.25,38.400001525878906,38.400001525878906,10489
2024-07-29,37.66132736206055,39.150001525878906,39.70000076293945,39.0,39.099998474121094,16954
2024-07-30,37.70942306518555,39.20000076293945,39.5,39.099998474121094,39.150001525878906,5696
2024-07-31,38.28660583496094,39.79999923706055,39.95000076293945,39.20000076293945,39.20000076293945,13435
2024-08-01,38.23851013183594,39.75,40.20000076293945,39.599998474121094,39.79999923706055,19556
2024-08-02,35.929771423339844,37.349998474121094,39.75,37.349998474121094,39.75,26164
2024-08-05,35.112091064453125,36.5,36.599998474121094,34.95000076293945,35.5,28029
2024-08-06,35.20828628540039,36.599998474121094,37.29999923706055,35.75,36.5,13344
2024-08-07,36.21836471557617,37.650001525878906,38.349998474121094,36.95000076293945,36.95000076293945,12811
2024-08-08,38.863792419433594,40.400001525878906,41.900001525878906,39.5,41.20000076293945,47513
2024-08-09,38.6233024597168,40.150001525878906,40.79999923706055,39.45000076293945,40.400001525878906,20170
2024-08-12,39.15238952636719,40.70000076293945,41.04999923706055,39.75,40.150001525878906,24838
2024-08-13,37.85371780395508,39.349998474121094,41.20000076293945,39.0,40.70000076293945,13731
2024-08-14,38.33470916748047,39.849998474121094,40.75,39.349998474121094,39.349998474121094,14890
2024-08-15,38.575199127197266,40.099998474121094,40.20000076293945,39.29999923706055,39.849998474121094,13378
2024-08-16,38.76759719848633,40.29999923706055,40.5,39.0,39.0,9446
2024-08-19,40.4029541015625,42.0,42.29999923706055,40.25,40.29999923706055,26083
2024-08-20,40.59535217285156,42.20000076293945,42.79999923706055,41.650001525878906,41.650001525878906,18632
2024-08-21,40.78774642944336,42.400001525878906,42.5,42.099998474121094,42.20000076293945,7300
2024-08-22,41.02824020385742,42.650001525878906,43.75,41.900001525878906,42.25,17321
2024-08-23,41.89401626586914,43.54999923706055,43.95000076293945,42.650001525878906,42.650001525878906,12709
2024-08-26,41.845916748046875,43.5,43.79999923706055,43.29999923706055,43.54999923706055,15559
2024-08-27,41.268733978271484,42.900001525878906,43.54999923706055,42.79999923706055,43.20000076293945,16397
2024-08-28,41.41303253173828,43.04999923706055,43.5,42.599998474121094,43.099998474121094,11419
2024-08-29,40.78774642944336,42.400001525878906,43.099998474121094,42.20000076293945,43.0,19325
2024-08-30,41.41303253173828,43.04999923706055,43.04999923706055,41.849998474121094,42.25,62220
2024-09-02,41.07633590698242,42.70000076293945,43.099998474121094,42.29999923706055,42.95000076293945,12463
2024-09-03,39.82577133178711,41.400001525878906,42.5,41.0,42.400001525878906,17377
2024-09-04,39.392879486083984,40.95000076293945,41.25,40.5,40.900001525878906,13722
2024-09-05,39.24858474731445,40.79999923706055,41.5,39.54999923706055,40.70000076293945,24908
2024-09-06,39.20048522949219,40.75,41.900001525878906,40.150001525878906,40.70000076293945,18884
2024-09-09,39.537174224853516,41.099998474121094,41.5,40.75,40.75,10674
2024-09-10,39.20048522949219,40.75,41.20000076293945,40.650001525878906,41.04999923706055,31799
2024-09-11,38.71949768066406,40.25,41.099998474121094,40.04999923706055,40.75,17785
2024-09-12,39.29668426513672,40.849998474121094,41.349998474121094,40.25,40.25,13867
2024-09-13,39.392879486083984,40.95000076293945,41.5,40.599998474121094,40.849998474121094,11952
2024-09-16,39.489078521728516,41.04999923706055,41.20000076293945,40.849998474121094,40.95000076293945,5529
2024-09-17,39.489078521728516,41.04999923706055,41.599998474121094,41.04999923706055,41.20000076293945,118185
2024-09-18,38.863792419433594,40.400001525878906,41.04999923706055,40.25,41.04999923706055,13209
2024-09-19,42.423099517822266,44.099998474121094,44.599998474121094,40.400001525878906,40.400001525878906,154676
2024-09-20,42.71169662475586,44.400001525878906,45.099998474121094,43.599998474121094,43.900001525878906,52045
2024-09-23,40.835845947265625,42.45000076293945,44.400001525878906,42.45000076293945,44.400001525878906,27076
2024-09-24,42.326904296875,44.0,44.099998474121094,41.849998474121094,42.20000076293945,155734
2024-09-25,43.769866943359375,45.5,45.599998474121094,43.75,43.95000076293945,29750
2024-09-26,44.92424011230469,46.70000076293945,47.20000076293945,45.5,45.5,46712
2024-09-27,45.06853485107422,46.849998474121094,47.150001525878906,46.599998474121094,46.599998474121094,44841
2024-09-30,45.26093292236328,47.04999923706055,47.79999923706055,46.54999923706055,46.849998474121094,32623
2024-10-01,44.298954010009766,46.04999923706055,47.400001525878906,45.650001525878906,47.04999923706055,24294
2024-10-02,43.9622688293457,45.70000076293945,46.5,45.400001525878906,45.95000076293945,14203
2024-10-03,43.48127365112305,45.20000076293945,45.650001525878906,44.849998474121094,45.45000076293945,22983
2024-10-04,43.52937316894531,45.25,45.400001525878906,44.79999923706055,45.20000076293945,17114
2024-10-07,41.65351867675781,43.29999923706055,45.099998474121094,43.20000076293945,45.099998474121094,22087
2024-10-08,42.80789566040039,44.5,44.70000076293945,42.400001525878906,43.04999923706055,56428
2024-10-09,43.28887939453125,45.0,46.150001525878906,44.599998474121094,44.95000076293945,21587
2024-10-10,43.00028991699219,44.70000076293945,45.0,44.29999923706055,45.0,15136
2024-10-11,43.43317794799805,45.150001525878906,45.599998474121094,44.650001525878906,44.70000076293945,12311
2024-10-14,43.04838562011719,44.75,45.29999923706055,44.25,45.0,8867
2024-10-15,43.67367172241211,45.400001525878906,46.0,44.650001525878906,44.70000076293945,12517
2024-10-16,43.24078369140625,44.95000076293945,45.5,44.45000076293945,45.20000076293945,10718
2024-10-17,44.250858306884766,46.0,47.0,44.75,45.0,19717
2024-10-18,44.919559478759766,46.349998474121094,46.5,45.349998474121094,46.0,12159
2024-10-21,44.8711051940918,46.29999923706055,46.900001525878906,45.900001525878906,46.0,10308
2024-10-22,45.210304260253906,46.650001525878906,46.650001525878906,45.650001525878906,46.20000076293945,7933
2024-10-23,44.28962326049805,45.70000076293945,46.650001525878906,45.70000076293945,46.650001525878906,9571
2024-10-24,44.725738525390625,46.150001525878906,46.45000076293945,45.70000076293945,45.70000076293945,7887
2024-10-25,44.82265090942383,46.25,46.70000076293945,45.75,46.150001525878906,9246
2024-10-28,45.74333190917969,47.20000076293945,47.29999923706055,45.70000076293945,46.25,24188
2024-10-29,45.307220458984375,46.75,47.0,45.849998474121094,47.0,13159
2024-10-30,44.09579086303711,45.5,46.599998474121094,45.150001525878906,46.5,31065
2024-10-31,44.14425277709961,45.54999923706055,45.900001525878906,44.5,45.150001525878906,16634
2024-11-01,43.99888229370117,45.400001525878906,46.0,45.25,46.0,7505
2024-11-04,43.417396545410156,44.79999923706055,45.54999923706055,44.400001525878906,45.400001525878906,14250
2024-11-05,43.805049896240234,45.20000076293945,45.5,44.45000076293945,44.79999923706055,18443
2024-11-06,42.835914611816406,44.20000076293945,45.650001525878906,43.95000076293945,45.20000076293945,16157
2024-11-07,44.677276611328125,46.099998474121094,46.650001525878906,41.599998474121094,43.79999923706055,33099
2024-11-08,44.53190612792969,45.95000076293945,47.900001525878906,44.25,45.79999923706055,46255
2024-11-11,43.95042037963867,45.349998474121094,46.54999923706055,45.349998474121094,45.900001525878906,21479
2024-11-12,43.07819747924805,44.45000076293945,45.849998474121094,44.20000076293945,45.150001525878906,20755
2024-11-13,42.6905403137207,44.04999923706055,44.54999923706055,43.150001525878906,44.25,13553
2024-11-14,42.593631744384766,43.95000076293945,45.20000076293945,43.79999923706055,44.04999923706055,15158
2024-11-15,41.86677932739258,43.20000076293945,44.54999923706055,43.20000076293945,43.95000076293945,14299
2024-11-18,41.382205963134766,42.70000076293945,43.54999923706055,42.650001525878906,43.20000076293945,12898
2024-11-19,40.75226593017578,42.04999923706055,42.75,41.45000076293945,42.70000076293945,20526
2024-11-20,41.52757263183594,42.849998474121094,43.150001525878906,42.25,42.25,15720
2024-11-21,41.72140884399414,43.04999923706055,43.20000076293945,42.5,42.849998474121094,14265
2024-11-22,41.5760383605957,42.900001525878906,43.5,42.849998474121094,43.04999923706055,11407
2024-11-25,41.91523361206055,43.25,43.400001525878906,42.900001525878906,42.900001525878906,51004
2024-11-26,41.09146499633789,42.400001525878906,43.25,41.95000076293945,43.25,7336
2024-11-27,42.060604095458984,43.400001525878906,43.400001525878906,42.20000076293945,42.400001525878906,23632
2024-11-28,42.93282699584961,44.29999923706055,44.400001525878906,42.5,42.5,16290
2024-11-29,42.44826126098633,43.79999923706055,44.400001525878906,43.650001525878906,44.29999923706055,14666
2024-12-02,42.93282699584961,44.29999923706055,44.29999923706055,43.349998474121094,43.54999923706055,7558
2024-12-03,42.642086029052734,44.0,44.400001525878906,43.400001525878906,43.5,22407
2024-12-04,43.175113677978516,44.54999923706055,44.75,43.79999923706055,44.0,14765
2024-12-05,42.835914611816406,44.20000076293945,44.79999923706055,43.849998474121094,44.54999923706055,10992
2024-12-09,41.963687896728516,43.29999923706055,44.70000076293945,43.0,43.150001525878906,12861
2024-12-10,41.62449264526367,42.95000076293945,43.54999923706055,42.79999923706055,43.29999923706055,14245
2024-12-11,42.642086029052734,44.0,44.20000076293945,42.70000076293945,42.900001525878906,16592
2024-12-12,43.70813751220703,45.099998474121094,45.599998474121094,44.0,44.0,26652
2024-12-13,42.25442886352539,43.599998474121094,45.5,43.599998474121094,45.099998474121094,15700
2024-12-16,42.25442886352539,43.599998474121094,43.849998474121094,43.04999923706055,43.599998474121094,13219
2024-12-17,42.30289077758789,43.650001525878906,44.29999923706055,42.900001525878906,43.599998474121094,17995
2024-12-18,41.769859313964844,43.099998474121094,44.150001525878906,42.79999923706055,43.650001525878906,10719
2024-12-19,41.09146499633789,42.400001525878906,43.099998474121094,41.900001525878906,43.0,16845
2024-12-20,41.479122161865234,42.79999923706055,42.849998474121094,41.79999923706055,42.349998474121094,14071
2024-12-23,41.52757263183594,42.849998474121094,43.20000076293945,42.099998474121094,42.75,13785
2024-12-27,41.769859313964844,43.099998474121094,43.349998474121094,42.5,42.5,8609
2024-12-30,41.52757263183594,42.849998474121094,43.0,42.04999923706055,43.0,12418
2025-01-02,42.10905838012695,43.45000076293945,43.45000076293945,42.0,42.0,10749
2025-01-03,41.62449264526367,42.95000076293945,43.79999923706055,42.95000076293945,43.45000076293945,9719
2025-01-07,40.1707878112793,41.45000076293945,44.20000076293945,41.20000076293945,43.0,18994
2025-01-08,40.60689926147461,41.900001525878906,41.95000076293945,41.150001525878906,41.45000076293945,15783
2025-01-09,40.897640228271484,42.20000076293945,42.5,41.70000076293945,41.70000076293945,8267
2025-01-10,40.70380783081055,42.0,42.349998474121094,41.900001525878906,42.20000076293945,27119
2025-01-13,40.3646125793457,41.650001525878906,41.900001525878906,41.349998474121094,41.79999923706055,15739
2025-01-14,39.395477294921875,40.650001525878906,41.849998474121094,40.29999923706055,41.349998474121094,19951
2025-01-15,41.043006896972656,42.349998474121094,42.400001525878906,40.599998474121094,40.599998474121094,24299
2025-01-16,41.3337516784668,42.650001525878906,42.75,41.900001525878906,42.349998474121094,17008
2025-01-17,41.3337516784668,42.650001525878906,43.400001525878906,42.400001525878906,42.650001525878906,15954
2025-01-20,43.417396545410156,44.79999923706055,45.29999923706055,42.400001525878906,42.650001525878906,26702
2025-01-21,43.562767028808594,44.95000076293945,45.20000076293945,43.79999923706055,45.20000076293945,10151
2025-01-22,43.562767028808594,44.95000076293945,45.400001525878906,44.599998474121094,45.0,12858
2025-01-23,43.46585464477539,44.849998474121094,45.0,44.25,44.599998474121094,8323
2025-01-24,43.95042037963867,45.349998474121094,45.400001525878906,44.54999923706055,44.849998474121094,14626
2025-01-27,43.514312744140625,44.900001525878906,45.29999923706055,44.599998474121094,45.0,9891
2025-01-28,44.24116516113281,45.650001525878906,46.45000076293945,45.099998474121094,45.5,11666
2025-01-29,45.937156677246094,47.400001525878906,47.599998474121094,45.650001525878906,45.650001525878906,99685
2025-01-30,45.549503326416016,47.0,47.79999923706055,46.900001525878906,47.349998474121094,8953
2025-01-31,45.98561477661133,47.45000076293945,47.54999923706055,46.70000076293945,47.0,17521
2025-02-03,46.03407287597656,47.5,47.54999923706055,45.54999923706055,45.95000076293945,54188
2025-02-04,45.549503326416016,47.0,47.900001525878906,46.5,47.5,9130
2025-02-05,44.8711051940918,46.29999923706055,47.04999923706055,46.099998474121094,47.0,27480
2025-02-06,46.03407287597656,47.5,47.650001525878906,46.04999923706055,46.29999923706055,63066
2025-02-07,46.51864242553711,48.0,48.0,47.04999923706055,47.599998474121094,48310
2025-02-10,46.809383392333984,48.29999923706055,48.45000076293945,47.95000076293945,48.0,17824
2025-02-11,47.148582458496094,48.650001525878906,48.75,48.0,48.20000076293945,21017
2025-02-12,47.53623580932617,49.04999923706055,49.20000076293945,48.45000076293945,48.70000076293945,25508
2025-02-13,45.64641189575195,47.099998474121094,47.20000076293945,42.099998474121094,46.400001525878906,93562
2025-02-14,42.93282699584961,44.29999923706055,47.099998474121094,44.25,47.099998474121094,63729
2025-02-17,44.53190612792969,45.95000076293945,46.20000076293945,43.70000076293945,44.29999923706055,23973
2025-02-18,44.677276611328125,46.099998474121094,47.29999923706055,45.900001525878906,45.95000076293945,25320
2025-02-19,44.58036804199219,46.0,46.5,45.70000076293945,46.04999923706055,23249
2025-02-20,44.58036804199219,46.0,46.849998474121094,45.54999923706055,46.0,20092
2025-02-21,44.82265090942383,46.25,47.099998474121094,46.150001525878906,46.150001525878906,10108
2025-02-24,44.24116516113281,45.650001525878906,46.25,45.5,46.20000076293945,26385
2025-02-25,44.24116516113281,45.650001525878906,46.20000076293945,45.5,45.650001525878906,28172
2025-02-26,44.968021392822266,46.400001525878906,46.400001525878906,45.650001525878906,45.650001525878906,15836
2025-02-27,44.19270706176758,45.599998474121094,46.20000076293945,45.54999923706055,46.0,12186
2025-02-28,44.62881851196289,46.04999923706055,46.04999923706055,45.04999923706055,45.599998474121094,57408
2025-03-03,44.24116516113281,45.650001525878906,46.04999923706055,44.95000076293945,45.70000076293945,10167
2025-03-04,42.6905403137207,44.04999923706055,45.70000076293945,43.95000076293945,45.70000076293945,31532
2025-03-05,42.835914611816406,44.20000076293945,44.95000076293945,43.79999923706055,43.900001525878906,21042
2025-03-06,43.75659942626953,45.150001525878906,45.25,44.20000076293945,44.20000076293945,13801
2025-03-07,43.75659942626953,45.150001525878906,45.5,44.95000076293945,45.150001525878906,16290
2025-03-10,43.70813751220703,45.099998474121094,46.400001525878906,44.79999923706055,45.5,23085
2025-03-11,43.36893844604492,44.75,45.70000076293945,44.650001525878906,45.150001525878906,24712
2025-03-12,45.64641189575195,47.099998474121094,47.150001525878906,44.849998474121094,44.849998474121094,23623
2025-03-13,44.774192810058594,46.20000076293945,46.900001525878906,46.20000076293945,46.900001525878906,14922
2025-03-14,45.45259094238281,46.900001525878906,47.0,46.20000076293945,46.20000076293945,30458
2025-03-17,44.968021392822266,46.400001525878906,47.25,46.349998474121094,46.900001525878906,23973
2025-03-18,44.774192810058594,46.20000076293945,46.650001525878906,45.79999923706055,46.29999923706055,19405
2025-03-19,44.338077545166016,45.75,46.75,45.45000076293945,46.20000076293945,23409
2025-03-20,45.40412902832031,46.849998474121094,46.849998474121094,45.0,45.54999923706055,37803
2025-03-21,45.16184616088867,46.599998474121094,47.29999923706055,46.25,46.849998474121094,18174
2025-03-24,45.16184616088867,46.599998474121094,46.849998474121094,46.04999923706055,46.650001525878906,12885
2025-03-25,45.11338806152344,46.54999923706055,47.150001525878906,46.0,46.599998474121094,71795
2025-03-26,45.0164794921875,46.45000076293945,46.75,46.20000076293945,46.54999923706055,10311
2025-03-27,44.24116516113281,45.650001525878906,46.45000076293945,45.04999923706055,46.45000076293945,17443
2025-03-28,43.07819747924805,44.45000076293945,45.650001525878906,44.04999923706055,45.650001525878906,20072
2025-03-31,42.35134506225586,43.70000076293945,44.45000076293945,43.45000076293945,44.45000076293945,27541
2025-04-01,43.61122512817383,45.0,45.5,42.900001525878906,43.29999923706055,26381
2025-04-02,43.562767028808594,44.95000076293945,45.150001525878906,44.0,44.79999923706055,19426
2025-04-03,40.897640228271484,42.20000076293945,43.650001525878906,42.099998474121094,43.5,31597
2025-04-04,38.91090393066406,40.150001525878906,42.20000076293945,39.25,42.20000076293945,37722
2025-04-07,37.36028289794922,38.54999923706055,40.099998474121094,36.75,37.75,50452
2025-04-08,37.893306732177734,39.099998474121094,39.70000076293945,38.900001525878906,38.900001525878906,25652
2025-04-09,36.35683059692383,37.150001525878906,38.0,36.5,37.95000076293945,51266
2025-04-10,38.265193939208984,39.099998474121094,42.04999923706055,38.849998474121094,42.0,27831
2025-04-11,36.94401550292969,37.75,39.650001525878906,36.95000076293945,39.29999923706055,49303
2025-04-14,38.55879211425781,39.400001525878906,39.5,38.0,38.29999923706055,15439
2025-04-15,39.24384307861328,40.099998474121094,40.25,39.400001525878906,39.650001525878906,12083
2025-04-16,38.11840057373047,38.95000076293945,41.29999923706055,38.70000076293945,41.29999923706055,6019
2025-04-17,37.72693634033203,38.54999923706055,39.0,38.29999923706055,38.95000076293945,7971
2025-04-22,37.188682556152344,38.0,38.0,36.54999923706055,37.79999923706055,37628
2025-04-23,37.87373733520508,38.70000076293945,38.849998474121094,38.0,38.0,35371
2025-04-24,38.705589294433594,39.54999923706055,39.650001525878906,37.900001525878906,38.70000076293945,169105
2025-04-25,39.14598083496094,40.0,40.54999923706055,39.650001525878906,39.650001525878906,14220
2025-04-28,39.58637237548828,40.45000076293945,40.70000076293945,39.95000076293945,40.70000076293945,9968
2025-04-29,39.19491195678711,40.04999923706055,40.79999923706055,40.0,40.45000076293945,15433
2025-04-30,39.7821044921875,40.650001525878906,40.95000076293945,40.04999923706055,40.099998474121094,61481
2025-05-02,41.25007629394531,42.150001525878906,42.150001525878906,40.95000076293945,41.0,12393
2025-05-05,40.61395263671875,41.5,42.25,41.150001525878906,42.25,10404
2025-05-06,40.173561096191406,41.04999923706055,41.54999923706055,40.5,41.5,12496
2025-05-07,46.09438705444336,47.099998474121094,47.349998474121094,42.45000076293945,44.0,83410
2025-05-08,45.75186538696289,46.75,47.70000076293945,45.95000076293945,47.0,34688
2025-05-09,45.11574172973633,46.099998474121094,47.150001525878906,46.0,46.75,13789
2025-05-12,47.02410888671875,48.04999923706055,48.54999923706055,46.099998474121094,46.099998474121094,41216
2025-05-13,47.26877212524414,48.29999923706055,48.45000076293945,47.20000076293945,47.900001525878906,31215
2025-05-14,47.26877212524414,48.29999923706055,48.849998474121094,47.79999923706055,48.29999923706055,16192
2025-05-15,46.87731170654297,47.900001525878906,48.29999923706055,47.75,48.29999923706055,13706
2025-05-16,47.2198371887207,48.25,49.29999923706055,48.0,48.599998474121094,35842
2025-05-19,46.97517776489258,48.0,48.29999923706055,47.150001525878906,48.29999923706055,31404
2025-05-20,46.92624282836914,47.95000076293945,48.400001525878906,47.599998474121094,48.0,42103
2025-05-21,46.87731170654297,47.900001525878906,48.150001525878906,47.400001525878906,47.900001525878906,13383
2025-05-22,46.14332580566406,47.150001525878906,47.900001525878906,46.95000076293945,47.849998474121094,15110
2025-05-23,45.45827102661133,46.45000076293945,47.54999923706055,45.900001525878906,47.150001525878906,8971
2025-05-26,46.73051452636719,47.75,47.849998474121094,46.599998474121094,46.599998474121094,7316
2025-05-27,47.17090606689453,48.20000076293945,48.5,47.75,47.79999923706055,14190
2025-05-28,47.07304000854492,48.099998474121094,48.5,47.95000076293945,48.20000076293945,10141
2025-05-30,47.02410888671875,48.04999923706055,48.150001525878906,47.599998474121094,48.0,41496
2025-06-02,46.97517776489258,48.0,48.70000076293945,47.650001525878906,48.0,26529
2025-06-03,46.73051452636719,47.75,48.45000076293945,47.400001525878906,48.04999923706055,21852
2025-06-04,47.513431549072266,48.54999923706055,48.95000076293945,47.75,47.75,18445
2025-06-05,48.49208068847656,49.54999923706055,49.900001525878906,48.54999923706055,48.54999923706055,64510
2025-06-06,48.541011810302734,49.599998474121094,49.849998474121094,49.0,49.25,10347
2025-06-09,49.030338287353516,50.099998474121094,50.70000076293945,49.599998474121094,49.599998474121094,26221
2025-06-10,49.91112518310547,51.0,51.29999923706055,50.0,50.099998474121094,29828
2025-06-11,50.00898742675781,51.099998474121094,51.5,50.79999923706055,50.900001525878906,24502
2025-06-12,49.12820816040039,50.20000076293945,51.0,49.95000076293945,51.0,8222
2025-06-13,48.63888168334961,49.70000076293945,50.0,49.54999923706055,49.95000076293945,22022
2025-06-16,48.932472229003906,50.0,50.599998474121094,49.54999923706055,49.70000076293945,29306
2025-06-17,48.39421844482422,49.45000076293945,50.400001525878906,49.349998474121094,50.0,8008
2025-06-18,48.14955520629883,49.20000076293945,49.5,48.75,49.400001525878906,13353
2025-06-19,47.95382308959961,49.0,49.349998474121094,48.25,49.20000076293945,11361
2025-06-23,48.39421844482422,49.45000076293945,49.45000076293945,48.5,48.95000076293945,17504
2025-06-24,47.2198371887207,48.25,50.599998474121094,47.95000076293945,49.849998474121094,33199
2025-06-25,46.77944564819336,47.79999923706055,48.599998474121094,47.29999923706055,48.29999923706055,12938
2025-06-26,46.38798522949219,47.400001525878906,47.75,47.04999923706055,47.75,10196
2025-06-27,47.366634368896484,48.400001525878906,48.599998474121094,47.150001525878906,47.150001525878906,20294
2025-06-30,47.464500427246094,48.5,48.75,48.20000076293945,48.400001525878906,9692
2025-07-01,47.5623664855957,48.599998474121094,48.79999923706055,48.0,48.599998474121094,15148
2025-07-02,47.709163665771484,48.75,49.099998474121094,48.25,48.599998474121094,9755
2025-07-03,48.44314956665039,49.5,49.54999923706055,48.45000076293945,48.75,8740
2025-07-04,47.90489196777344,48.95000076293945,49.650001525878906,48.79999923706055,49.5,8377
2025-07-07,47.41556930541992,48.45000076293945,49.099998474121094,48.45000076293945,48.95000076293945,5640
2025-07-08,47.758094787597656,48.79999923706055,48.79999923706055,48.0,48.45000076293945,7556
2025-07-09,47.61130142211914,48.650001525878906,49.400001525878906,48.400001525878906,49.400001525878906,12532
2025-07-10,48.83461380004883,49.900001525878906,50.5,47.150001525878906,47.150001525878906,19698
2025-07-11,48.687808990478516,49.75,50.099998474121094,49.349998474121094,49.900001525878906,9485
2025-07-14,48.14955520629883,49.20000076293945,49.599998474121094,48.54999923706055,49.599998474121094,7161
2025-07-15,48.44314956665039,49.5,49.95000076293945,49.400001525878906,49.5,12889
2025-07-16,48.73674392700195,49.79999923706055,50.29999923706055,49.45000076293945,49.5,11269
2025-07-17,48.932472229003906,50.0,50.5,49.70000076293945,50.20000076293945,10706
2025-07-18,48.932472229003906,50.0,50.900001525878906,49.849998474121094,50.20000076293945,52392
2025-07-21,49.323936462402344,50.400001525878906,50.599998474121094,49.70000076293945,49.79999923706055,6892
2025-07-22,49.12820816040039,50.20000076293945,51.20000076293945,50.0,50.400001525878906,21235
2025-07-23,49.715396881103516,50.79999923706055,51.099998474121094,50.20000076293945,50.20000076293945,11172
2025-07-24,50.30258560180664,51.400001525878906,51.70000076293945,51.099998474121094,51.20000076293945,24623
2025-07-25,50.791908264160156,51.900001525878906,51.900001525878906,51.20000076293945,51.400001525878906,8986
2025-07-28,50.791908264160156,51.900001525878906,52.400001525878906,51.5,51.900001525878906,11559
2025-07-29,50.889774322509766,52.0,52.0,51.599998474121094,51.599998474121094,22549
2025-07-30,50.00898742675781,51.099998474121094,52.0,51.099998474121094,51.70000076293945,26171
2025-07-31,49.715396881103516,50.79999923706055,51.70000076293945,50.5,51.099998474121094,20946
2025-08-01,49.22606658935547,50.29999923706055,50.79999923706055,50.0,50.70000076293945,13430
2025-08-04,49.22606658935547,50.29999923706055,50.70000076293945,50.0,50.29999923706055,8506
2025-08-05,49.51966094970703,50.599998474121094,51.20000076293945,50.099998474121094,50.29999923706055,13126
2025-08-06,49.030338287353516,50.099998474121094,51.20000076293945,50.099998474121094,50.5,19592
2025-08-07,42.130863189697266,43.04999923706055,44.599998474121094,40.400001525878906,43.0,371987
2025-08-08,39.04811477661133,39.900001525878906,43.04999923706055,39.900001525878906,43.04999923706055,104334
2025-08-11,37.23760986328125,38.04999923706055,40.349998474121094,38.04999923706055,39.79999923706055,50215
2025-08-12,38.363059997558594,39.20000076293945,39.79999923706055,38.04999923706055,38.04999923706055,51600
2025-08-13,37.824806213378906,38.650001525878906,39.849998474121094,38.650001525878906,39.45000076293945,44033
2025-08-14,38.265193939208984,39.099998474121094,39.349998474121094,38.5,38.70000076293945,34616
2025-08-15,38.11840057373047,38.95000076293945,39.54999923706055,38.650001525878906,39.150001525878906,27641
2025-08-18,37.97160339355469,38.79999923706055,39.150001525878906,38.5,38.95000076293945,25984
2025-08-19,38.852386474609375,39.70000076293945,39.70000076293945,38.900001525878906,38.900001525878906,27143
2025-08-20,38.95024871826172,39.79999923706055,39.95000076293945,39.400001525878906,39.70000076293945,37718
2025-08-21,38.363059997558594,39.20000076293945,40.04999923706055,39.150001525878906,39.849998474121094,22465
2025-08-22,39.0970458984375,39.95000076293945,40.150001525878906,39.20000076293945,39.20000076293945,28410
2025-08-25,38.999183654785156,39.849998474121094,40.04999923706055,39.650001525878906,40.0,11301
2025-08-26,38.999183654785156,39.849998474121094,39.900001525878906,39.349998474121094,39.79999923706055,33499
2025-08-27,38.999183654785156,39.849998474121094,40.29999923706055,39.5,39.849998474121094,15877
2025-08-28,37.87373733520508,38.70000076293945,40.099998474121094,38.599998474121094,39.849998474121094,24154
2025-08-29,37.580142974853516,38.400001525878906,39.04999923706055,38.400001525878906,38.650001525878906,27626
2025-09-01,37.3844108581543,38.20000076293945,38.70000076293945,38.150001525878906,38.400001525878906,15269
2025-09-02,36.16109848022461,36.95000076293945,38.20000076293945,36.95000076293945,38.20000076293945,20083
2025-09-03,36.40576171875,37.20000076293945,37.45000076293945,36.900001525878906,37.0,17660
2025-09-04,36.748287200927734,37.54999923706055,37.849998474121094,37.04999923706055,37.25,16117
2025-09-05,36.65042495727539,37.45000076293945,37.900001525878906,37.29999923706055,37.70000076293945,20761
2025-09-08,37.090816497802734,37.900001525878906,37.95000076293945,37.45000076293945,37.45000076293945,13969
2025-09-09,36.503623962402344,37.29999923706055,38.0,37.150001525878906,37.900001525878906,43172
2025-09-10,36.69935607910156,37.5,37.70000076293945,37.25,37.29999923706055,14305
2025-09-11,36.748287200927734,37.54999923706055,37.75,37.20000076293945,37.5,10561
2025-09-12,37.3844108581543,38.20000076293945,38.5,37.29999923706055,37.650001525878906,29941
2025-09-15,37.23760986328125,38.04999923706055,38.54999923706055,37.849998474121094,38.20000076293945,52139
2025-09-16,37.23760986328125,38.04999923706055,38.75,38.04999923706055,38.70000076293945,35352
2025-09-17,36.55255889892578,37.349998474121094,38.099998474121094,37.20000076293945,38.04999923706055,31172
2025-09-18,37.335479736328125,38.150001525878906,38.150001525878906,37.349998474121094,37.400001525878906,16757
2025-09-19,36.60149383544922,37.400001525878906,38.150001525878906,37.20000076293945,38.0,32560
2025-09-22,36.748287200927734,37.54999923706055,37.70000076293945,37.20000076293945,37.400001525878906,42259
2025-09-23,36.55255889892578,37.349998474121094,37.900001525878906,37.25,37.54999923706055,17954
2025-09-24,34.83992385864258,35.599998474121094,37.25,35.599998474121094,37.20000076293945,56824
2025-09-25,33.959136962890625,34.70000076293945,35.650001525878906,34.400001525878906,35.599998474121094,164575
2025-09-26,33.22515106201172,33.95000076293945,35.0,33.95000076293945,34.70000076293945,74000
2025-09-29,33.76340866088867,34.5,34.75,33.95000076293945,34.20000076293945,153077
2025-09-30,33.7144775390625,34.45000076293945,34.849998474121094,34.099998474121094,34.5,23424
2025-10-01,33.81233596801758,34.54999923706055,34.849998474121094,34.20000076293945,34.29999923706055,16706
2025-10-02,34.448463439941406,35.20000076293945,35.29999923706055,34.599998474121094,34.650001525878906,26687
2025-10-03,34.6931266784668,35.45000076293945,35.70000076293945,35.0,35.70000076293945,17180
2025-10-06,34.399532318115234,35.150001525878906,35.599998474121094,35.099998474121094,35.45000076293945,22962
2025-10-07,34.399532318115234,35.150001525878906,35.70000076293945,35.04999923706055,35.150001525878906,42946
2025-10-08,36.35683059692383,37.150001525878906,37.25,35.70000076293945,35.70000076293945,47103
2025-10-09,35.0845832824707,35.849998474121094,37.70000076293945,35.849998474121094,37.29999923706055,52695
2025-10-10,34.301666259765625,35.04999923706055,36.29999923706055,35.04999923706055,35.849998474121094,30072
2025-10-13,34.64419174194336,35.400001525878906,35.900001525878906,35.099998474121094,35.099998474121094,16464
2025-10-14,34.203800201416016,34.95000076293945,35.349998474121094,34.70000076293945,35.29999923706055,21341
2025-10-15,34.399532318115234,35.150001525878906,35.650001525878906,35.0,35.0,16609
2025-10-16,34.35059356689453,35.099998474121094,35.25,34.650001525878906,35.150001525878906,13483
2025-10-17,34.35059356689453,35.099998474121094,35.5,34.349998474121094,35.5,63856
2025-10-20,35.0627326965332,35.45000076293945,35.45000076293945,34.70000076293945,35.099998474121094,21978
2025-10-21,35.16164016723633,35.54999923706055,35.75,35.0,35.45000076293945,16700
2025-10-22,35.705631256103516,36.099998474121094,36.150001525878906,35.5,35.599998474121094,30842
2025-10-23,36.20016860961914,36.599998474121094,36.900001525878906,35.95000076293945,36.099998474121094,66607
2025-10-24,35.903446197509766,36.29999923706055,36.900001525878906,36.099998474121094,36.599998474121094,39618
2025-10-27,35.8539924621582,36.25,36.650001525878906,36.04999923706055,36.599998474121094,17445
2025-10-28,35.507816314697266,35.900001525878906,36.45000076293945,35.849998474121094,36.25,67012
2025-10-29,35.112186431884766,35.5,35.900001525878906,35.5,35.900001525878906,14488
2025-10-30,35.26054763793945,35.650001525878906,35.849998474121094,35.400001525878906,35.5,17311
2025-10-31,35.8539924621582,36.25,37.04999923706055,35.650001525878906,35.70000076293945,32898
2025-11-03,36.54634475708008,36.95000076293945,37.29999923706055,36.04999923706055,36.25,22137
2025-11-04,35.40890884399414,35.79999923706055,36.95000076293945,35.70000076293945,36.95000076293945,27150
2025-11-05,34.6671028137207,35.04999923706055,35.79999923706055,35.04999923706055,35.79999923706055,29867
2025-11-06,42.48080062866211,42.95000076293945,43.900001525878906,40.54999923706055,42.599998474121094,253541
2025-11-07,40.898277282714844,41.349998474121094,42.650001525878906,41.29999923706055,42.0,48806
2025-11-10,41.145545959472656,41.599998474121094,41.849998474121094,41.20000076293945,41.599998474121094,17014
2025-11-11,42.184078216552734,42.650001525878906,42.650001525878906,41.349998474121094,41.599998474121094,23149
2025-11-12,42.184078216552734,42.650001525878906,43.0,42.45000076293945,42.650001525878906,27350
2025-11-13,41.93680953979492,42.400001525878906,42.79999923706055,42.04999923706055,42.650001525878906,14276
2025-11-14,41.343360900878906,41.79999923706055,42.29999923706055,41.25,42.29999923706055,11610
2025-11-17,40.205928802490234,40.650001525878906,41.70000076293945,40.349998474121094,41.29999923706055,13281
2025-11-18,39.41466522216797,39.849998474121094,40.25,39.45000076293945,40.25,16047
2025-11-19,39.958656311035156,40.400001525878906,40.75,39.70000076293945,39.849998474121094,14859
2025-11-20,39.760841369628906,40.20000076293945,40.79999923706055,39.5,40.400001525878906,13702
2025-11-21,39.66193389892578,40.099998474121094,40.099998474121094,39.20000076293945,39.75,12762
2025-11-24,39.958656311035156,40.400001525878906,40.400001525878906,39.54999923706055,40.20000076293945,54199
2025-11-25,40.749916076660156,41.20000076293945,41.29999923706055,40.400001525878906,40.400001525878906,12717
2025-11-26,40.40373992919922,40.849998474121094,41.349998474121094,40.650001525878906,41.20000076293945,12553
2025-11-27,40.898277282714844,41.349998474121094,41.5,40.849998474121094,40.849998474121094,6278
2025-11-28,41.04663848876953,41.5,41.599998474121094,40.75,41.25,28371
2025-12-01,40.65100860595703,41.099998474121094,41.5,40.75,41.45000076293945,9407
2025-12-02,40.552101135253906,41.0,41.54999923706055,40.70000076293945,41.099998474121094,15646
2025-12-03,41.145545959472656,41.599998474121094,41.95000076293945,40.95000076293945,41.0,14840
2025-12-04,41.343360900878906,41.79999923706055,42.20000076293945,41.599998474121094,41.599998474121094,14168
2025-12-05,41.195003509521484,41.650001525878906,42.099998474121094,41.54999923706055,41.849998474121094,11100
2025-12-08,40.70046615600586,41.150001525878906,41.650001525878906,41.04999923706055,41.650001525878906,17258
2025-12-09,40.84882354736328,41.29999923706055,41.400001525878906,40.599998474121094,41.04999923706055,15502
2025-12-10,40.79936981201172,41.25,41.70000076293945,41.099998474121094,41.29999923706055,9032
2025-12-11,41.986263275146484,42.45000076293945,42.95000076293945,41.650001525878906,41.75,22018
2025-12-12,41.93680953979492,42.400001525878906,42.95000076293945,42.0,42.45000076293945,16173
2025-12-15,41.788448333740234,42.25,42.849998474121094,41.95000076293945,42.400001525878906,17848
2025-12-16,41.93680953979492,42.400001525878906,42.70000076293945,42.0,42.25,9942
2025-12-17,41.293907165527344,41.75,42.5,41.04999923706055,42.400001525878906,23795
2025-12-18,42.43134689331055,42.900001525878906,42.900001525878906,41.599998474121094,41.75,15754
2025-12-19,42.134620666503906,42.599998474121094,43.04999923706055,42.400001525878906,42.900001525878906,17397
2025-12-22,41.145545959472656,41.599998474121094,42.79999923706055,41.54999923706055,42.599998474121094,14050
2025-12-23,41.39281463623047,41.849998474121094,42.20000076293945,41.599998474121094,41.599998474121094,11567
2025-12-29,42.2335319519043,42.70000076293945,42.70000076293945,41.849998474121094,41.849998474121094,14815
2025-12-30,42.43134689331055,42.900001525878906,43.0,42.5,42.599998474121094,18264
2026-01-02,42.33243942260742,42.79999923706055,43.20000076293945,42.5,42.900001525878906,15083
2026-01-05,41.986263275146484,42.45000076293945,43.0,41.599998474121094,42.79999923706055,12044
2026-01-07,42.82697677612305,43.29999923706055,43.70000076293945,42.29999923706055,42.400001525878906,35405
2026-01-08,42.33243942260742,42.79999923706055,43.349998474121094,42.45000076293945,43.29999923706055,11302
2026-01-09,42.92588424682617,43.400001525878906,43.400001525878906,42.349998474121094,42.45000076293945,20225
2026-01-12,42.777523040771484,43.25,43.599998474121094,42.70000076293945,43.400001525878906,55029
2026-01-13,41.4422721862793,41.900001525878906,43.25,41.400001525878906,43.150001525878906,30534
2026-01-14,41.4422721862793,41.900001525878906,42.150001525878906,41.5,41.900001525878906,14341
2026-01-15,42.876426696777344,43.349998474121094,43.349998474121094,41.70000076293945,41.95000076293945,136365
2026-01-16,42.72806930541992,43.20000076293945,43.599998474121094,42.79999923706055,43.20000076293945,17314
2026-01-19,40.898277282714844,41.349998474121094,42.25,40.849998474121094,42.0,165826
2026-01-20,40.79936981201172,41.25,41.599998474121094,40.900001525878906,41.400001525878906,172158
2026-01-21,41.49172592163086,41.95000076293945,42.0,40.79999923706055,41.20000076293945,17928
2026-01-22,42.82697677612305,43.29999923706055,43.29999923706055,42.599998474121094,42.70000076293945,33750
2026-01-23,42.579708099365234,43.04999923706055,43.45000076293945,42.79999923706055,43.20000076293945,11757
2026-01-26,41.541175842285156,42.0,43.04999923706055,41.79999923706055,43.04999923706055,16205
2026-01-27,41.49172592163086,41.95000076293945,42.20000076293945,41.70000076293945,42.0,13325
2026-01-28,41.64008331298828,42.099998474121094,42.5,41.599998474121094,41.95000076293945,187689
2026-01-29,40.94773483276367,41.400001525878906,42.099998474121094,41.20000076293945,42.099998474121094,9858
2026-01-30,40.552101135253906,41.0,41.75,41.0,41.54999923706055,20046
2026-02-02,40.05756378173828,40.5,41.0,40.25,41.0,54899
2026-02-03,40.00811004638672,40.45000076293945,40.650001525878906,40.099998474121094,40.599998474121094,36643
2026-02-04,40.354286193847656,40.79999923706055,41.0,40.29999923706055,40.45000076293945,87736
2026-02-05,40.156471252441406,40.599998474121094,40.79999923706055,40.099998474121094,40.54999923706055,17188
2026-02-06,40.502647399902344,40.95000076293945,41.099998474121094,39.900001525878906,40.04999923706055,14879
2026-02-09,40.898277282714844,41.349998474121094,41.400001525878906,40.599998474121094,41.150001525878906,23571
2026-02-10,41.096092224121094,41.54999923706055,42.099998474121094,41.150001525878906,41.70000076293945,33311
2026-02-11,39.26630401611328,39.70000076293945,41.5,39.20000076293945,41.5,54858
2026-02-12,35.112186431884766,35.5,37.400001525878906,35.20000076293945,35.54999923706055,368596
2026-02-13,36.892520904541016,37.29999923706055,37.95000076293945,36.95000076293945,37.150001525878906,55700
2026-02-16,36.84306716918945,37.25,38.400001525878906,37.25,37.79999923706055,40650
2026-02-17,37.63432693481445,38.04999923706055,38.20000076293945,37.150001525878906,37.349998474121094,67668
2026-02-18,38.02996063232422,38.45000076293945,38.599998474121094,37.599998474121094,38.20000076293945,40636
2026-02-19,38.47504425048828,38.900001525878906,39.599998474121094,38.5,38.54999923706055,51345
2026-02-20,38.47504425048828,38.900001525878906,39.45000076293945,38.20000076293945,39.04999923706055,33546
2026-02-23,37.683780670166016,38.099998474121094,38.849998474121094,37.79999923706055,38.849998474121094,26883
2026-02-24,37.48596954345703,37.900001525878906,38.5,37.849998474121094,38.099998474121094,26670
2026-02-25,36.6452522277832,37.04999923706055,38.04999923706055,37.0,38.0,36247
2026-02-26,36.59579849243164,37.0,37.25,36.849998474121094,37.04999923706055,63361
2026-02-27,36.59579849243164,37.0,37.5,36.849998474121094,37.400001525878906,48676
2026-03-02,35.95289993286133,36.349998474121094,36.900001525878906,35.849998474121094,36.0,32335
2026-03-03,34.716552734375,35.099998474121094,35.75,35.0,35.70000076293945,35749
2026-03-04,35.40890884399414,35.79999923706055,36.45000076293945,35.04999923706055,35.04999923706055,28494
2026-03-05,36.49689483642578,36.900001525878906,37.400001525878906,35.5,35.849998474121094,69220
2026-03-06,36.05180740356445,36.45000076293945,37.349998474121094,36.349998474121094,37.349998474121094,25196
2026-03-09,35.705631256103516,36.099998474121094,36.5,35.04999923706055,35.5,40828
2026-03-10,36.101261138916016,36.5,37.099998474121094,36.29999923706055,36.5,33742
2026-03-11,36.00235366821289,36.400001525878906,36.75,35.849998474121094,36.29999923706055,28070
2026-03-12,35.507816314697266,35.900001525878906,36.45000076293945,35.599998474121094,36.400001525878906,20245
2026-03-13,34.86491775512695,35.25,35.849998474121094,34.900001525878906,35.849998474121094,62389
2026-03-16,34.914371490478516,35.29999923706055,35.75,35.099998474121094,35.25,27380
2026-03-17,35.26054763793945,35.650001525878906,35.900001525878906,35.20000076293945,35.349998474121094,23917
2026-03-18,35.310001373291016,35.70000076293945,36.650001525878906,35.650001525878906,35.900001525878906,17784
2026-03-19,34.914371490478516,35.29999923706055,35.54999923706055,34.650001525878906,35.20000076293945,57775
2026-03-20,31.749326705932617,32.099998474121094,35.849998474121094,32.099998474121094,35.45000076293945,166999
2026-03-23,32.93621826171875,33.29999923706055,33.900001525878906,31.049999237060547,31.350000381469727,98627
2026-03-24,31.897689819335938,32.25,33.150001525878906,31.950000762939453,33.0,42716
2026-03-25,32.441680908203125,32.79999923706055,33.349998474121094,32.599998474121094,32.599998474121094,39036
2026-03-26,32.49113464355469,32.849998474121094,33.099998474121094,32.400001525878906,32.54999923706055,27149
2026-03-27,31.452606201171875,31.799999237060547,33.0,31.799999237060547,32.849998474121094,27478
2026-03-30,31.9471435546875,32.29999923706055,32.349998474121094,31.399999618530273,31.700000762939453,25173
2026-03-31,32.68894958496094,33.04999923706055,33.150001525878906,32.29999923706055,32.400001525878906,30214
2026-04-01,33.48020935058594,33.849998474121094,34.400001525878906,33.650001525878906,34.0,38833
2026-04-02,33.28239822387695,33.650001525878906,33.650001525878906,32.79999923706055,32.95000076293945,24540
2026-04-07,32.3427734375,32.70000076293945,34.150001525878906,32.70000076293945,33.79999923706055,34740
2026-04-08,34.320926666259766,34.70000076293945,35.400001525878906,34.20000076293945,34.20000076293945,46794
2026-04-09,33.77693557739258,34.150001525878906,35.45000076293945,34.150001525878906,35.45000076293945,44089
2026-04-10,34.6671028137207,35.04999923706055,35.650001525878906,34.5,35.45000076293945,37578
2026-04-13,34.56819534301758,34.95000076293945,35.150001525878906,34.70000076293945,35.099998474121094,31874
2026-04-14,35.16164016723633,35.54999923706055,36.20000076293945,35.25,35.54999923706055,39463
2026-04-15,35.310001373291016,35.70000076293945,36.400001525878906,35.650001525878906,36.0,39684
2026-04-16,35.849998474121094,35.849998474121094,35.849998474121094,35.0,35.650001525878906,35566
2026-04-17,37.150001525878906,37.150001525878906,37.20000076293945,35.650001525878906,35.849998474121094,31140
2026-04-20,36.5,36.5,36.95000076293945,36.0,36.400001525878906,20066
2026-04-21,36.54999923706055,36.54999923706055,37.04999923706055,36.25,36.650001525878906,19354
2026-04-22,35.79999923706055,35.79999923706055,36.400001525878906,35.650001525878906,36.400001525878906,23982
2026-04-23,36.900001525878906,36.900001525878906,37.25,35.75,35.900001525878906,24413
2026-04-24,36.150001525878906,36.150001525878906,37.099998474121094,36.0,37.0,20836
2026-04-27,36.04999923706055,36.04999923706055,36.45000076293945,35.900001525878906,36.150001525878906,32568
2026-04-28,35.5,35.5,36.0,35.45000076293945,36.0,16371
2026-04-29,35.54999923706055,35.54999923706055,36.20000076293945,35.5,35.599998474121094,23114
2026-04-30,35.5,35.5,36.45000076293945,35.400001525878906,35.95000076293945,19116
2026-05-04,36.150001525878906,36.150001525878906,37.099998474121094,35.650001525878906,35.70000076293945,36624
2026-05-05,36.150001525878906,36.150001525878906,36.75,35.70000076293945,36.29999923706055,52058
2026-05-06,35.79999923706055,35.79999923706055,37.29999923706055,35.599998474121094,36.5,96728
2026-05-07,41.04999923706055,41.04999923706055,42.5,39.70000076293945,40.45000076293945,164697
2026-05-08,38.54999923706055,38.54999923706055,40.54999923706055,38.54999923706055,40.54999923706055,53818
2026-05-11,38.349998474121094,38.349998474121094,38.79999923706055,37.70000076293945,38.650001525878906,33227
2026-05-12,38.349998474121094,38.349998474121094,39.54999923706055,37.849998474121094,38.25,48919
2026-05-13,39.0,39.0,39.20000076293945,38.349998474121094,38.400001525878906,34991
2026-05-15,38.400001525878906,38.400001525878906,39.70000076293945,38.400001525878906,39.099998474121094,31546
2026-05-18,38.45000076293945,38.45000076293945,38.849998474121094,37.75,38.0,19316
2026-05-19,39.400001525878906,39.400001525878906,39.900001525878906,38.5,38.5,46458
2026-05-20,39.400001525878906,39.400001525878906,40.04999923706055,38.45000076293945,39.25,24329
2026-05-21,39.25,39.25,40.099998474121094,39.20000076293945,39.349998474121094,18599
2026-05-22,39.349998474121094,39.349998474121094,39.599998474121094,38.70000076293945,39.150001525878906,17287
2026-05-25,39.95000076293945,39.95000076293945,40.29999923706055,39.599998474121094,39.95000076293945,20408
2026-05-26,39.349998474121094,39.349998474121094,40.0,39.04999923706055,39.95000076293945,22903
2026-05-27,40.5,40.5,40.599998474121094,39.70000076293945,39.70000076293945,17611
2026-05-28,40.349998474121094,40.349998474121094,40.599998474121094,39.75,40.599998474121094,18381
2026-05-29,40.900001525878906,40.900001525878906,41.20000076293945,40.25,40.5,27030
2026-06-01,39.54999923706055,39.54999923706055,41.349998474121094,39.5,41.29999923706055,16286
2026-06-02,40.099998474121094,40.099998474121094,40.400001525878906,39.5,39.900001525878906,9873
2026-06-03,40.099998474121094,40.099998474121094,40.150001525878906,39.650001525878906,40.0,29094
2026-06-04,40.150001525878906,40.150001525878906,40.54999923706055,40.04999923706055,40.400001525878906,15012
2026-06-05,39.900001525878906,39.900001525878906,41.349998474121094,39.849998474121094,40.150001525878906,28247
2026-06-08,39.79999923706055,39.79999923706055,39.95000076293945,38.54999923706055,39.29999923706055,19320
2026-06-09,39.75,39.75,40.150001525878906,39.400001525878906,39.599998474121094,12882
2026-06-10,39.900001525878906,39.900001525878906,40.04999923706055,39.20000076293945,39.650001525878906,11370
2026-06-11,39.95000076293945,39.95000076293945,40.29999923706055,39.400001525878906,39.54999923706055,12918
2026-06-12,40.45000076293945,40.45000076293945,40.900001525878906,40.099998474121094,40.5,18894
2026-06-15,40.29999923706055,40.29999923706055,42.349998474121094,39.70000076293945,40.95000076293945,36611
2026-06-16,39.79999923706055,39.79999923706055,40.599998474121094,39.5,40.29999923706055,9400
2026-06-17,40.20000076293945,40.20000076293945,40.54999923706055,39.650001525878906,39.75,13072
2026-06-18,40.650001525878906,40.650001525878906,40.79999923706055,39.75,40.29999923706055,19141
2026-06-22,40.5,40.5,40.5,39.400001525878906,40.45000076293945,21386
2026-06-23,40.150001525878906,40.150001525878906,40.25,39.599998474121094,40.20000076293945,13637
2026-06-24,40.70000076293945,40.70000076293945,40.70000076293945,39.95000076293945,40.04999923706055,12714
2026-06-25,41.349998474121094,41.349998474121094,41.900001525878906,40.650001525878906,40.70000076293945,27670
2026-06-26,41.349998474121094,41.349998474121094,41.54999923706055,40.75,41.349998474121094,10385
2026-06-29,40.75,40.75,41.650001525878906,40.54999923706055,41.349998474121094,17459
2026-06-30,41.599998474121094,41.599998474121094,41.79999923706055,40.75,40.849998474121094,14350
2026-07-01,41.04999923706055,41.04999923706055,41.75,40.400001525878906,41.599998474121094,17012
2026-07-02,41.29999923706055,41.29999923706055,41.54999923706055,40.79999923706055,41.0,9209
2026-07-03,41.099998474121094,41.099998474121094,41.79999923706055,40.95000076293945,41.25,11800
2026-07-06,40.20000076293945,40.20000076293945,41.099998474121094,40.20000076293945,41.099998474121094,17563
2026-07-07,39.45000076293945,39.45000076293945,40.900001525878906,39.29999923706055,40.20000076293945,29927
2026-07-08,38.650001525878906,38.650001525878906,39.25,38.45000076293945,39.20000076293945,21033
2026-07-09,39.5,39.5,39.70000076293945,38.900001525878906,39.04999923706055,11335
2026-07-10,39.54999923706055,39.54999923706055,40.04999923706055,39.29999923706055,39.599998474121094,12148
2026-07-13,40.04999923706055,40.04999923706055,40.20000076293945,39.54999923706055,39.75,22261
2026-07-14,39.70000076293945,39.70000076293945,40.20000076293945,39.54999923706055,40.0,15347
2026-07-15,40.79999923706055,40.79999923706055,41.0,39.20000076293945,39.79999923706055,27928
2026-07-16,41.29999923706055,41.29999923706055,41.70000076293945,40.79999923706055,40.79999923706055,28691
2026-07-17,41.400001525878906,41.400001525878906,41.400001525878906,40.70000076293945,41.099998474121094,9957
2026-07-20,41.25,41.25,41.5,40.95000076293945,41.20000076293945,12409
2026-07-21,41.45000076293945,41.45000076293945,41.5,41.0,41.29999923706055,13489
2026-07-22,42.5,42.5,42.70000076293945,41.349998474121094,41.45000076293945,17431
2026-07-23,41.54999923706055,41.54999923706055,42.45000076293945,41.54999923706055,42.45000076293945,14148
2026-07-24,42.0,42.0,42.5,41.54999923706055,41.650001525878906,12526
2026-07-27,42.20000076293945,42.20000076293945,42.900001525878906,42.20000076293945,42.5,16444
2026-07-28,42.150001525878906,42.150001525878906,42.599998474121094,42.0,42.150001525878906,19952
2026-07-29,41.95000076293945,41.95000076293945,42.70000076293945,41.599998474121094,42.29999923706055,16275
2026-07-30,41.75,41.75,42.400001525878906,41.45000076293945,41.95000076293945,12304
2026-07-31,41.25,41.25,41.75,40.900001525878906,41.45000076293945,17570
2026-08-03,41.099998474121094,41.099998474121094,41.79999923706055,40.79999923706055,41.400001525878906,13388
2026-08-04,41.349998474121094,41.349998474121094,41.650001525878906,40.599998474121094,41.099998474121094,25813
2026-08-05,42.150001525878906,42.150001525878906,42.5,41.0,41.349998474121094,86929
2026-08-06,44.349998474121094,44.349998474121094,47.650001525878906,43.29999923706055,45.900001525878906,163343
2026-08-07,44.20000076293945,44.20000076293945,45.20000076293945,43.349998474121094,44.95000076293945,42898
2026-08-10,44.70000076293945,44.70000076293945,44.849998474121094,43.0,44.20000076293945,26212
2026-08-11,44.25,44.25,44.70000076293945,43.70000076293945,44.70000076293945,15042
2026-08-12,44.650001525878906,44.650001525878906,44.70000076293945,43.900001525878906,44.099998474121094,19236
2026-08-13,44.54999923706055,44.54999923706055,44.849998474121094,44.20000076293945,44.650001525878906,11126
2026-08-14,43.79999923706055,43.79999923706055,44.650001525878906,43.400001525878906,44.54999923706055,20425
2026-08-17,43.400001525878906,43.400001525878906,43.95000076293945,43.349998474121094,43.849998474121094,26348
2026-08-18,42.95000076293945,42.95000076293945,43.400001525878906,42.849998474121094,43.400001525878906,22008
2026-08-19,43.04999923706055,43.04999923706055,43.099998474121094,42.70000076293945,43.04999923706055,9177
2026-08-20,42.95000076293945,42.95000076293945,43.04999923706055,42.70000076293945,43.04999923706055,9625
2026-08-21,43.95000076293945,43.95000076293945,44.25,43.04999923706055,43.150001525878906,23687
2026-08-24,44.150001525878906,44.150001525878906,44.400001525878906,43.849998474121094,43.95000076293945,23308
2026-08-25,45.099998474121094,45.099998474121094,45.25,44.150001525878906,44.150001525878906,19858
2026-08-26,45.70000076293945,45.70000076293945,45.70000076293945,44.900001525878906,45.099998474121094,24623
2026-08-27,45.70000076293945,45.70000076293945,45.849998474121094,45.04999923706055,45.70000076293945,22753
2026-08-28,45.25,45.25,46.0,44.900001525878906,45.70000076293945,16808
2026-08-31,44.70000076293945,44.70000076293945,45.95000076293945,44.70000076293945,45.04999923706055,61948
2026-09-01,43.849998474121094,43.849998474121094,44.900001525878906,43.5,44.79999923706055,26761
2026-09-02,43.5,43.5,44.04999923706055,43.45000076293945,43.849998474121094,13567
2026-09-03,43.400001525878906,43.400001525878906,44.099998474121094,43.29999923706055,43.599998474121094,22735
2026-09-04,45.20000076293945,45.20000076293945,45.20000076293945,43.349998474121094,43.5,35741
2026-09-08,44.650001525878906,44.650001525878906,44.849998474121094,44.0,44.849998474121094,10619
2026-09-09,43.79999923706055,43.79999923706055,44.70000076293945,43.75,44.650001525878906,17747
2026-09-10,43.45000076293945,43.45000076293945,44.20000076293945,43.45000076293945,43.900001525878906,10162
2026-09-11,44.150001525878906,44.150001525878906,44.400001525878906,43.5,43.70000076293945,13776
2026-09-14,42.54999923706055,42.54999923706055,44.20000076293945,42.400001525878906,44.150001525878906,22057
2026-09-15,42.5,42.5,43.0,42.04999923706055,42.54999923706055,37527
2026-09-16,43.04999923706055,43.04999923706055,43.150001525878906,42.25,42.650001525878906,11143
