Price,Adj Close,Close,High,Low,Open,Volume
Ticker,KAMUX.HE,KAMUX.HE,KAMUX.HE,KAMUX.HE,KAMUX.HE,KAMUX.HE
Date,,,,,,
2017-05-12,6.005429744720459,7.559999942779541,7.659999847412109,7.199999809265137,7.199999809265137,14508666
2017-05-15,5.719458103179932,7.199999809265137,7.53000020980835,7.199999809265137,7.53000020980835,26694
2017-05-16,5.743289947509766,7.230000019073486,7.289999961853027,7.199999809265137,7.199999809265137,91254
2017-05-17,5.719458103179932,7.199999809265137,7.230000019073486,7.199999809265137,7.230000019073486,203922
2017-05-18,5.790950775146484,7.289999961853027,7.300000190734863,7.199999809265137,7.199999809265137,173580
2017-05-19,5.798894882202148,7.300000190734863,7.489999771118164,7.289999961853027,7.300000190734863,21598
2017-05-22,5.894219398498535,7.420000076293945,7.449999809265137,7.239999771118164,7.25,29123
2017-05-23,5.94188117980957,7.480000019073486,7.489999771118164,7.420000076293945,7.420000076293945,31311
2017-05-24,5.870388031005859,7.389999866485596,7.489999771118164,7.289999961853027,7.489999771118164,37262
2017-05-26,5.798894882202148,7.300000190734863,7.360000133514404,7.25,7.360000133514404,23460
2017-05-29,5.751231670379639,7.239999771118164,7.309999942779541,7.199999809265137,7.300000190734863,11733
2017-05-30,5.727400779724121,7.210000038146973,7.239999771118164,7.199999809265137,7.239999771118164,61235
2017-05-31,5.743289947509766,7.230000019073486,7.25,7.199999809265137,7.230000019073486,22027
2017-06-01,5.727400779724121,7.210000038146973,7.25,7.190000057220459,7.230000019073486,351099
2017-06-02,5.719458103179932,7.199999809265137,7.210000038146973,7.199999809265137,7.199999809265137,19169
2017-06-05,5.719458103179932,7.199999809265137,7.210000038146973,7.199999809265137,7.210000038146973,19826
2017-06-06,5.798894882202148,7.300000190734863,7.300000190734863,7.199999809265137,7.199999809265137,36495
2017-06-07,5.735345363616943,7.21999979019165,7.300000190734863,7.210000038146973,7.289999961853027,21338
2017-06-08,5.775063991546631,7.269999980926514,7.300000190734863,7.199999809265137,7.210000038146973,6686
2017-06-09,5.719458103179932,7.199999809265137,7.21999979019165,7.199999809265137,7.210000038146973,105069
2017-06-12,5.719458103179932,7.199999809265137,7.269999980926514,7.119999885559082,7.199999809265137,28003
2017-06-13,5.703570365905762,7.179999828338623,7.199999809265137,7.179999828338623,7.199999809265137,2841
2017-06-14,5.822725772857666,7.329999923706055,7.349999904632568,7.179999828338623,7.199999809265137,17629
2017-06-15,5.878331184387207,7.400000095367432,7.400000095367432,7.21999979019165,7.329999923706055,3752
2017-06-16,5.9259934425354,7.460000038146973,7.460000038146973,7.25,7.380000114440918,10126
2017-06-19,5.719458103179932,7.199999809265137,7.46999979019165,7.199999809265137,7.460000038146973,5873
2017-06-20,5.949824333190918,7.489999771118164,7.5,7.199999809265137,7.21999979019165,8727
2017-06-21,5.798894882202148,7.300000190734863,7.5,7.300000190734863,7.489999771118164,2165
2017-06-22,6.0530924797058105,7.619999885559082,7.650000095367432,7.480000019073486,7.480000019073486,19397
2017-06-26,6.235798358917236,7.849999904632568,7.940000057220459,7.639999866485596,7.699999809265137,12172
2017-06-27,6.4979400634765625,8.180000305175781,8.220000267028809,7.849999904632568,7.849999904632568,9795
2017-06-28,6.48999547958374,8.170000076293945,8.229999542236328,8.100000381469727,8.180000305175781,14120
2017-06-29,6.768026351928711,8.520000457763672,9.0,8.199999809265137,8.199999809265137,29291
2017-06-30,7.053997993469238,8.880000114440918,9.0,8.600000381469727,8.600000381469727,11539
2017-07-03,7.069886207580566,8.899999618530273,9.0,8.899999618530273,8.920000076293945,8683
2017-07-04,7.053997993469238,8.880000114440918,9.0,8.600000381469727,9.0,8815
2017-07-05,6.807743549346924,8.569999694824219,8.880000114440918,8.329999923706055,8.880000114440918,8947
2017-07-06,6.839518070220947,8.609999656677246,8.609999656677246,8.350000381469727,8.539999961853027,7834
2017-07-07,6.712419033050537,8.449999809265137,8.800000190734863,8.449999809265137,8.609999656677246,1938
2017-07-10,6.625038146972656,8.34000015258789,8.789999961853027,8.34000015258789,8.789999961853027,3226
2017-07-11,6.775968074798584,8.529999732971191,8.800000190734863,8.199999809265137,8.199999809265137,22597
2017-07-12,6.895124435424805,8.680000305175781,8.779999732971191,8.680000305175781,8.6899995803833,3293
2017-07-13,6.775968074798584,8.529999732971191,8.800000190734863,8.5,8.789999961853027,1493
2017-07-14,6.752137660980225,8.5,8.5,8.399999618530273,8.5,1638
2017-07-17,6.752137660980225,8.5,8.5,8.180000305175781,8.5,773
2017-07-18,6.8236308097839355,8.59000015258789,8.59000015258789,8.460000038146973,8.460000038146973,775
2017-07-19,6.5853190422058105,8.289999961853027,8.600000381469727,8.1899995803833,8.550000190734863,2343
2017-07-20,6.5138258934021,8.199999809265137,8.289999961853027,8.199999809265137,8.289999961853027,738
2017-07-21,6.640926361083984,8.359999656677246,8.390000343322754,8.25,8.25,461
2017-07-24,6.632983207702637,8.350000381469727,8.460000038146973,8.350000381469727,8.460000038146973,445
2017-07-25,6.625038146972656,8.34000015258789,8.359999656677246,8.34000015258789,8.350000381469727,624
2017-07-26,6.5138258934021,8.199999809265137,8.359999656677246,8.199999809265137,8.34000015258789,3483
2017-07-27,6.529714107513428,8.220000267028809,8.25,8.199999809265137,8.199999809265137,295
2017-07-28,6.569432735443115,8.270000457763672,8.300000190734863,8.229999542236328,8.229999542236328,857
2017-07-31,6.609151363372803,8.319999694824219,8.329999923706055,8.270000457763672,8.270000457763672,1660
2017-08-01,6.640926361083984,8.359999656677246,8.489999771118164,8.319999694824219,8.329999923706055,2230
2017-08-02,6.67270040512085,8.399999618530273,8.4399995803833,8.380000114440918,8.380000114440918,2573
2017-08-03,6.656814098358154,8.380000114440918,8.399999618530273,8.380000114440918,8.399999618530273,285
2017-08-04,6.783910751342773,8.539999961853027,8.550000190734863,8.380000114440918,8.380000114440918,2165
2017-08-07,6.6647562980651855,8.390000343322754,8.539999961853027,8.390000343322754,8.539999961853027,426
2017-08-08,6.648870468139648,8.369999885559082,8.399999618530273,8.359999656677246,8.399999618530273,1990
2017-08-09,6.553544998168945,8.25,8.350000381469727,8.199999809265137,8.350000381469727,796
2017-08-10,6.48999547958374,8.170000076293945,8.180000305175781,8.149999618530273,8.180000305175781,671
2017-08-11,6.315234184265137,7.949999809265137,8.170000076293945,7.949999809265137,8.170000076293945,2153
2017-08-14,6.005429744720459,7.559999942779541,7.849999904632568,7.300000190734863,7.849999904632568,13236
2017-08-15,6.037205219268799,7.599999904632568,7.699999809265137,7.550000190734863,7.559999942779541,3155
2017-08-16,6.013374328613281,7.570000171661377,7.610000133514404,7.550000190734863,7.599999904632568,2389
2017-08-17,6.013374328613281,7.570000171661377,7.710000038146973,7.570000171661377,7.710000038146973,1763
2017-08-18,5.957768440246582,7.5,7.570000171661377,7.5,7.570000171661377,1549
2017-08-21,5.957768440246582,7.5,7.539999961853027,7.5,7.510000228881836,3270
2017-08-22,5.846556663513184,7.360000133514404,7.449999809265137,7.199999809265137,7.449999809265137,9596
2017-08-23,5.9259934425354,7.460000038146973,7.820000171661377,7.360000133514404,7.360000133514404,9345
2017-08-24,5.8386125564575195,7.349999904632568,7.760000228881836,7.349999904632568,7.760000228881836,4124
2017-08-25,5.846556663513184,7.360000133514404,7.400000095367432,7.300000190734863,7.349999904632568,3010
2017-08-28,5.719458103179932,7.199999809265137,7.360000133514404,7.199999809265137,7.360000133514404,3533
2017-08-29,5.719458103179932,7.199999809265137,7.230000019073486,7.199999809265137,7.210000038146973,807
2017-08-30,5.783007621765137,7.28000020980835,7.570000171661377,7.199999809265137,7.199999809265137,4828
2017-08-31,5.806837558746338,7.309999942779541,7.5,7.210000038146973,7.300000190734863,1571
2017-09-01,5.878331184387207,7.400000095367432,7.400000095367432,7.400000095367432,7.400000095367432,301
2017-09-04,5.965712547302246,7.510000228881836,7.599999904632568,7.460000038146973,7.599999904632568,4939
2017-09-05,5.981600284576416,7.53000020980835,7.599999904632568,7.53000020980835,7.590000152587891,2551
2017-09-06,5.9895429611206055,7.539999961853027,7.599999904632568,7.539999961853027,7.599999904632568,1630
2017-09-07,5.822725772857666,7.329999923706055,7.590000152587891,7.329999923706055,7.590000152587891,6089
2017-09-08,5.822725772857666,7.329999923706055,7.539999961853027,7.329999923706055,7.380000114440918,17356
2017-09-11,5.775063991546631,7.269999980926514,7.329999923706055,7.25,7.329999923706055,3428
2017-09-12,5.878331184387207,7.400000095367432,7.5,7.380000114440918,7.409999847412109,5049
2017-09-13,5.9259934425354,7.460000038146973,7.539999961853027,7.400000095367432,7.400000095367432,2353
2017-09-14,5.9259934425354,7.460000038146973,7.599999904632568,7.400000095367432,7.539999961853027,5234
2017-09-15,5.814782619476318,7.320000171661377,7.46999979019165,7.320000171661377,7.46999979019165,5533
2017-09-18,5.822725772857666,7.329999923706055,7.460000038146973,7.329999923706055,7.400000095367432,1161
2017-09-19,5.822725772857666,7.329999923706055,7.400000095367432,7.329999923706055,7.340000152587891,2822
2017-09-20,5.798894882202148,7.300000190734863,7.360000133514404,7.300000190734863,7.360000133514404,2647
2017-09-21,5.806837558746338,7.309999942779541,7.400000095367432,7.309999942779541,7.380000114440918,919
2017-09-22,5.862443923950195,7.380000114440918,7.400000095367432,7.309999942779541,7.309999942779541,1419
2017-09-25,5.806837558746338,7.309999942779541,7.519999980926514,7.309999942779541,7.400000095367432,1326
2017-09-26,5.910106182098389,7.440000057220459,7.489999771118164,7.400000095367432,7.400000095367432,1314
2017-09-27,5.83066987991333,7.340000152587891,7.440000057220459,7.309999942779541,7.440000057220459,589
2017-09-28,5.783007621765137,7.28000020980835,7.300000190734863,7.28000020980835,7.28000020980835,3241
2017-09-29,5.790950775146484,7.289999961853027,7.300000190734863,7.28000020980835,7.300000190734863,2842
2017-10-02,5.775063991546631,7.269999980926514,7.389999866485596,7.269999980926514,7.349999904632568,4027
2017-10-03,5.751231670379639,7.239999771118164,7.269999980926514,7.230000019073486,7.269999980926514,4317
2017-10-04,5.759175777435303,7.25,7.300000190734863,7.25,7.25,2389
2017-10-05,5.743289947509766,7.230000019073486,7.329999923706055,7.230000019073486,7.289999961853027,1997
2017-10-06,5.743289947509766,7.230000019073486,7.239999771118164,7.230000019073486,7.239999771118164,5468
2017-10-09,5.751231670379639,7.239999771118164,7.300000190734863,7.230000019073486,7.230000019073486,1646
2017-10-10,5.711513996124268,7.190000057220459,7.199999809265137,7.179999828338623,7.199999809265137,3117
2017-10-11,5.703570365905762,7.179999828338623,7.25,7.179999828338623,7.230000019073486,1066
2017-10-12,5.703570365905762,7.179999828338623,7.289999961853027,7.179999828338623,7.190000057220459,1800
2017-10-13,5.640020847320557,7.099999904632568,7.28000020980835,7.099999904632568,7.199999809265137,4879
2017-10-16,5.640020847320557,7.099999904632568,7.199999809265137,7.090000152587891,7.090000152587891,986
2017-10-17,5.695626735687256,7.170000076293945,7.170000076293945,7.170000076293945,7.170000076293945,235
2017-10-18,5.759175777435303,7.25,7.28000020980835,7.239999771118164,7.239999771118164,114255
2017-10-19,5.759175777435303,7.25,7.28000020980835,7.199999809265137,7.28000020980835,1894
2017-10-20,5.775063991546631,7.269999980926514,7.289999961853027,7.25,7.28000020980835,2053
2017-10-23,5.759175777435303,7.25,7.289999961853027,7.25,7.28000020980835,1112
2017-10-24,5.679738998413086,7.150000095367432,7.349999904632568,7.150000095367432,7.289999961853027,745
2017-10-25,5.4493727684021,6.860000133514404,7.150000095367432,6.860000133514404,7.150000095367432,386
2017-10-26,5.512922286987305,6.940000057220459,6.980000019073486,6.800000190734863,6.940000057220459,4857
2017-10-27,5.520865440368652,6.949999809265137,6.949999809265137,6.940000057220459,6.940000057220459,634
2017-10-30,5.528809070587158,6.960000038146973,6.980000019073486,6.960000038146973,6.960000038146973,3444
2017-10-31,5.4493727684021,6.860000133514404,6.960000038146973,6.860000133514404,6.960000038146973,725
2017-11-01,5.385823726654053,6.78000020980835,6.900000095367432,6.699999809265137,6.900000095367432,4708
2017-11-02,5.2269487380981445,6.579999923706055,6.78000020980835,6.510000228881836,6.78000020980835,7382
2017-11-03,5.552639961242676,6.989999771118164,7.039999961853027,6.550000190734863,6.550000190734863,11032
2017-11-06,5.346104145050049,6.730000019073486,7.050000190734863,6.730000019073486,7.019999980926514,816
2017-11-07,5.401710510253906,6.800000190734863,6.869999885559082,6.800000190734863,6.869999885559082,3324
2017-11-08,5.258723735809326,6.619999885559082,6.800000190734863,6.619999885559082,6.78000020980835,2029
2017-11-09,5.2825541496276855,6.650000095367432,6.670000076293945,6.619999885559082,6.619999885559082,908
2017-11-10,5.203117847442627,6.550000190734863,6.659999847412109,6.550000190734863,6.650000095367432,1582
2017-11-13,5.171342849731445,6.510000228881836,6.559999942779541,6.510000228881836,6.559999942779541,711
2017-11-14,5.211061000823975,6.559999942779541,6.559999942779541,6.539999961853027,6.550000190734863,2298
2017-11-15,5.187231063842773,6.53000020980835,6.789999961853027,6.489999771118164,6.789999961853027,2314
2017-11-16,5.640020847320557,7.099999904632568,7.190000057220459,6.510000228881836,6.510000228881836,667
2017-11-17,5.234892845153809,6.590000152587891,7.070000171661377,6.590000152587891,7.070000171661377,1666
2017-11-20,5.1633992195129395,6.5,6.579999923706055,6.400000095367432,6.489999771118164,3588
2017-11-21,5.242835998535156,6.599999904632568,6.650000095367432,6.5,6.590000152587891,3589
2017-11-22,5.616189002990723,7.070000171661377,7.090000152587891,6.739999771118164,6.739999771118164,7418
2017-11-23,5.711513996124268,7.190000057220459,7.28000020980835,7.019999980926514,7.099999904632568,13600
2017-11-24,5.640020847320557,7.099999904632568,7.159999847412109,6.900000095367432,7.150000095367432,1949
2017-11-27,5.624133110046387,7.079999923706055,7.170000076293945,6.889999866485596,7.099999904632568,2488
2017-11-28,5.624133110046387,7.079999923706055,7.170000076293945,7.079999923706055,7.079999923706055,731
2017-11-29,5.568527698516846,7.010000228881836,7.050000190734863,7.0,7.050000190734863,673
2017-11-30,5.54469633102417,6.980000019073486,7.0,6.619999885559082,7.0,3319
2017-12-01,5.679738998413086,7.150000095367432,7.199999809265137,6.949999809265137,6.949999809265137,7358
2017-12-04,5.560583591461182,7.0,7.139999866485596,7.0,7.139999866485596,2147
2017-12-05,5.6479644775390625,7.110000133514404,7.150000095367432,7.110000133514404,7.150000095367432,4114
2017-12-07,5.600302696228027,7.050000190734863,7.090000152587891,7.050000190734863,7.090000152587891,2382
2017-12-08,5.679738998413086,7.150000095367432,7.159999847412109,7.099999904632568,7.150000095367432,1236
2017-12-11,5.679738998413086,7.150000095367432,7.289999961853027,7.099999904632568,7.199999809265137,8557
2017-12-12,5.600302696228027,7.050000190734863,7.050000190734863,7.0,7.0,328
2017-12-13,5.655908584594727,7.119999885559082,7.25,7.0,7.25,4846
2017-12-14,5.616189002990723,7.070000171661377,7.25,7.059999942779541,7.25,4737
2017-12-15,5.616189002990723,7.070000171661377,7.070000171661377,7.070000171661377,7.070000171661377,227
2017-12-18,5.679738998413086,7.150000095367432,7.340000152587891,7.050000190734863,7.070000171661377,1949
2017-12-19,5.679738998413086,7.150000095367432,7.289999961853027,7.150000095367432,7.159999847412109,1319
2017-12-20,5.600302696228027,7.050000190734863,7.050000190734863,7.050000190734863,7.050000190734863,249
2017-12-21,5.663853168487549,7.130000114440918,7.230000019073486,7.119999885559082,7.119999885559082,40819
2017-12-22,5.663853168487549,7.130000114440918,7.230000019073486,7.130000114440918,7.130000114440918,1463
2017-12-27,5.719458103179932,7.199999809265137,7.239999771118164,7.130000114440918,7.150000095367432,960
2017-12-28,5.640020847320557,7.099999904632568,7.210000038146973,7.099999904632568,7.199999809265137,1443
2017-12-29,5.600302696228027,7.050000190734863,7.179999828338623,6.869999885559082,6.869999885559082,2548
2018-01-02,5.846556663513184,7.360000133514404,7.360000133514404,7.199999809265137,7.300000190734863,2084
2018-01-03,5.798894882202148,7.300000190734863,7.480000019073486,7.199999809265137,7.380000114440918,4800
2018-01-04,5.814782619476318,7.320000171661377,7.480000019073486,7.300000190734863,7.480000019073486,833
2018-01-05,5.640020847320557,7.099999904632568,7.300000190734863,7.0,7.199999809265137,67011
2018-01-08,5.576471328735352,7.019999980926514,7.300000190734863,7.019999980926514,7.28000020980835,10592
2018-01-09,5.687682151794434,7.159999847412109,7.159999847412109,7.119999885559082,7.119999885559082,70229
2018-01-10,5.751231670379639,7.239999771118164,7.239999771118164,7.099999904632568,7.099999904632568,632
2018-01-11,5.767120361328125,7.260000228881836,7.260000228881836,7.239999771118164,7.239999771118164,776
2018-01-12,5.54469633102417,6.980000019073486,7.159999847412109,6.980000019073486,7.159999847412109,4100
2018-01-15,5.560583591461182,7.0,7.079999923706055,7.0,7.079999923706055,1820
2018-01-16,5.640020847320557,7.099999904632568,7.099999904632568,6.960000038146973,6.960000038146973,2563
2018-01-17,5.608245849609375,7.059999942779541,7.099999904632568,6.980000019073486,7.099999904632568,336
2018-01-18,5.608245849609375,7.059999942779541,7.099999904632568,7.059999942779541,7.099999904632568,294
2018-01-19,5.528809070587158,6.960000038146973,7.059999942779541,6.940000057220459,7.059999942779541,482
2018-01-22,5.401710510253906,6.800000190734863,6.980000019073486,6.679999828338623,6.980000019073486,6792
2018-01-23,5.401710510253906,6.800000190734863,6.800000190734863,6.699999809265137,6.699999809265137,3507
2018-01-24,5.41759729385376,6.820000171661377,6.860000133514404,6.739999771118164,6.739999771118164,1366
2018-01-25,5.481146335601807,6.900000095367432,7.0,6.820000171661377,7.0,1037
2018-01-26,5.576471328735352,7.019999980926514,7.179999828338623,7.019999980926514,7.179999828338623,78
2018-01-29,5.560583591461182,7.0,7.019999980926514,7.0,7.019999980926514,856
2018-01-30,5.54469633102417,6.980000019073486,7.059999942779541,6.920000076293945,7.039999961853027,6145
2018-01-31,5.512922286987305,6.940000057220459,7.0,6.900000095367432,7.0,1169
2018-02-01,5.497035026550293,6.920000076293945,6.980000019073486,6.900000095367432,6.980000019073486,2256
2018-02-02,5.512922286987305,6.940000057220459,7.0,6.940000057220459,7.0,4972
2018-02-05,5.41759729385376,6.820000171661377,7.0,6.820000171661377,7.0,2669
2018-02-06,5.322272777557373,6.699999809265137,6.78000020980835,6.699999809265137,6.78000020980835,1904
2018-02-07,5.465260028839111,6.880000114440918,7.159999847412109,6.800000190734863,6.800000190734863,1098
2018-02-08,5.4493727684021,6.860000133514404,7.099999904632568,6.860000133514404,7.099999904632568,782
2018-02-09,5.242835998535156,6.599999904632568,6.840000152587891,6.599999904632568,6.840000152587891,2867
2018-02-12,5.560583591461182,7.0,7.0,6.71999979019165,6.820000171661377,1724
2018-02-13,5.3540472984313965,6.739999771118164,6.980000019073486,6.699999809265137,6.980000019073486,1929
2018-02-14,5.465260028839111,6.880000114440918,6.880000114440918,6.619999885559082,6.739999771118164,288
2018-02-15,5.4493727684021,6.860000133514404,6.940000057220459,6.659999847412109,6.880000114440918,692
2018-02-16,5.401710510253906,6.800000190734863,6.840000152587891,6.800000190734863,6.800000190734863,422
2018-02-19,5.512922286987305,6.940000057220459,6.960000038146973,6.760000228881836,6.840000152587891,3910
2018-02-20,5.560583591461182,7.0,7.0,6.940000057220459,6.960000038146973,1201
2018-02-21,5.512922286987305,6.940000057220459,7.0,6.940000057220459,6.980000019073486,2944
2018-02-22,5.401710510253906,6.800000190734863,6.980000019073486,6.619999885559082,6.820000171661377,3206
2018-02-23,5.465260028839111,6.880000114440918,6.900000095367432,6.760000228881836,6.900000095367432,562
2018-02-26,5.4493727684021,6.860000133514404,6.960000038146973,6.860000133514404,6.960000038146973,1645
2018-02-27,5.4493727684021,6.860000133514404,6.900000095367432,6.860000133514404,6.860000133514404,582
2018-02-28,5.401710510253906,6.800000190734863,6.900000095367432,6.800000190734863,6.900000095367432,2638
2018-03-01,5.481146335601807,6.900000095367432,6.980000019073486,6.78000020980835,6.980000019073486,808
2018-03-02,5.290498733520508,6.659999847412109,6.960000038146973,6.659999847412109,6.960000038146973,206
2018-03-05,5.401710510253906,6.800000190734863,6.980000019073486,6.619999885559082,6.619999885559082,2343
2018-03-06,5.41759729385376,6.820000171661377,6.980000019073486,6.739999771118164,6.960000038146973,2022
2018-03-07,5.401710510253906,6.800000190734863,6.840000152587891,6.739999771118164,6.820000171661377,672
2018-03-08,5.290498733520508,6.659999847412109,6.800000190734863,6.639999866485596,6.800000190734863,2771
2018-03-09,5.41759729385376,6.820000171661377,7.0,6.679999828338623,6.800000190734863,2301
2018-03-12,5.3063859939575195,6.679999828338623,7.0,6.679999828338623,7.0,3303
2018-03-13,5.528809070587158,6.960000038146973,6.960000038146973,6.679999828338623,6.699999809265137,847
2018-03-14,5.528809070587158,6.960000038146973,6.960000038146973,6.880000114440918,6.880000114440918,1610
2018-03-15,5.560583591461182,7.0,7.0,6.800000190734863,7.0,2558
2018-03-16,5.576471328735352,7.019999980926514,7.059999942779541,7.0,7.059999942779541,2000
2018-03-19,5.512922286987305,6.940000057220459,7.019999980926514,6.820000171661377,7.019999980926514,381
2018-03-20,5.481146335601807,6.900000095367432,6.940000057220459,6.71999979019165,6.940000057220459,1310
2018-03-21,5.3540472984313965,6.739999771118164,6.880000114440918,6.699999809265137,6.880000114440918,567
2018-03-22,5.41759729385376,6.820000171661377,6.900000095367432,6.820000171661377,6.820000171661377,1504
2018-03-23,5.322272777557373,6.699999809265137,6.860000133514404,6.699999809265137,6.699999809265137,643
2018-03-26,5.338160514831543,6.71999979019165,6.71999979019165,6.71999979019165,6.71999979019165,14
2018-03-27,5.338160514831543,6.71999979019165,6.880000114440918,6.71999979019165,6.880000114440918,1843
2018-03-28,5.3540472984313965,6.739999771118164,6.800000190734863,6.71999979019165,6.800000190734863,810
2018-03-29,5.401710510253906,6.800000190734863,6.860000133514404,6.739999771118164,6.739999771118164,369
2018-04-03,5.385823726654053,6.78000020980835,6.800000190734863,6.739999771118164,6.800000190734863,180
2018-04-04,5.338160514831543,6.71999979019165,6.78000020980835,6.71999979019165,6.78000020980835,1463
2018-04-05,5.274610996246338,6.639999866485596,6.78000020980835,6.619999885559082,6.699999809265137,2762
2018-04-06,5.274610996246338,6.639999866485596,6.639999866485596,6.639999866485596,6.639999866485596,34
2018-04-09,5.242835998535156,6.599999904632568,6.800000190734863,6.599999904632568,6.800000190734863,633
2018-04-10,5.242835998535156,6.599999904632568,6.599999904632568,6.599999904632568,6.599999904632568,140
2018-04-11,5.0363006591796875,6.340000152587891,6.699999809265137,6.300000190734863,6.599999904632568,2428
2018-04-12,4.956863880157471,6.239999771118164,6.440000057220459,6.239999771118164,6.440000057220459,1701
2018-04-13,5.385823726654053,6.78000020980835,6.78000020980835,6.260000228881836,6.440000057220459,1087
2018-04-16,5.147511959075928,6.480000019073486,6.699999809265137,6.440000057220459,6.599999904632568,753
2018-04-17,5.068075656890869,6.380000114440918,6.5,6.320000171661377,6.5,6690
2018-04-18,5.020412445068359,6.320000171661377,6.320000171661377,6.300000190734863,6.300000190734863,304
2018-04-19,5.1633992195129395,6.5,6.519999980926514,6.340000152587891,6.340000152587891,2587
2018-04-20,5.274610996246338,6.639999866485596,6.639999866485596,6.519999980926514,6.539999961853027,986
2018-04-23,5.258723735809326,6.619999885559082,6.659999847412109,6.519999980926514,6.519999980926514,1996
2018-04-24,5.242835998535156,6.599999904632568,6.699999809265137,6.599999904632568,6.619999885559082,1805
2018-04-25,5.211061000823975,6.559999942779541,6.659999847412109,6.559999942779541,6.599999904632568,2682
2018-04-26,5.242835998535156,6.599999904632568,7.099999904632568,6.519999980926514,6.539999961853027,3335
2018-04-27,5.259017467498779,6.5,6.599999904632568,6.440000057220459,6.599999904632568,1879
2018-04-30,5.194290637969971,6.420000076293945,6.5,6.400000095367432,6.5,233
2018-05-02,5.161928653717041,6.380000114440918,6.599999904632568,6.300000190734863,6.420000076293945,9921
2018-05-03,4.935385227203369,6.099999904632568,6.380000114440918,6.099999904632568,6.380000114440918,3823
2018-05-04,4.7735700607299805,5.900000095367432,6.420000076293945,5.599999904632568,6.099999904632568,19404
2018-05-07,4.870658874511719,6.019999980926514,6.260000228881836,5.940000057220459,6.0,3762
2018-05-08,4.822114944458008,5.960000038146973,6.039999961853027,5.900000095367432,5.900000095367432,4084
2018-05-09,4.854478359222412,6.0,6.179999828338623,6.0,6.119999885559082,2884
2018-05-11,4.886841297149658,6.039999961853027,6.139999866485596,6.019999980926514,6.019999980926514,3843
2018-05-14,5.016293525695801,6.199999809265137,6.239999771118164,6.079999923706055,6.079999923706055,3006
2018-05-15,5.016293525695801,6.199999809265137,6.320000171661377,6.199999809265137,6.239999771118164,1017
2018-05-16,5.016293525695801,6.199999809265137,6.199999809265137,6.199999809265137,6.199999809265137,1326
2018-05-17,5.097202301025391,6.300000190734863,6.300000190734863,6.199999809265137,6.199999809265137,395
2018-05-18,5.0001115798950195,6.179999828338623,6.300000190734863,6.079999923706055,6.300000190734863,4714
2018-05-21,5.178110122680664,6.400000095367432,6.420000076293945,6.300000190734863,6.400000095367432,3344
2018-05-22,5.372288703918457,6.639999866485596,6.659999847412109,6.460000038146973,6.460000038146973,5500
2018-05-23,5.339925289154053,6.599999904632568,6.699999809265137,6.579999923706055,6.639999866485596,3949
2018-05-24,5.259017467498779,6.5,6.880000114440918,6.5,6.800000190734863,7056
2018-05-25,5.501742362976074,6.800000190734863,6.860000133514404,6.78000020980835,6.860000133514404,16978
2018-05-28,5.566468238830566,6.880000114440918,6.980000019073486,6.800000190734863,6.880000114440918,12667
2018-05-29,5.501742362976074,6.800000190734863,6.980000019073486,6.800000190734863,6.980000019073486,4771
2018-05-30,5.178110122680664,6.400000095367432,6.940000057220459,6.400000095367432,6.920000076293945,2956
2018-05-31,5.2428364753723145,6.480000019073486,6.760000228881836,6.480000019073486,6.71999979019165,7133
2018-06-01,5.2428364753723145,6.480000019073486,6.679999828338623,6.480000019073486,6.639999866485596,822
2018-06-04,5.275199890136719,6.519999980926514,6.619999885559082,6.480000019073486,6.480000019073486,885
2018-06-05,5.259017467498779,6.5,6.619999885559082,6.480000019073486,6.599999904632568,11309
2018-06-06,5.259017467498779,6.5,6.619999885559082,6.480000019073486,6.480000019073486,1902
2018-06-07,5.129565238952637,6.340000152587891,6.619999885559082,6.340000152587891,6.400000095367432,8006
2018-06-08,5.420833110809326,6.699999809265137,6.699999809265137,6.579999923706055,6.699999809265137,4534
2018-06-11,5.372288703918457,6.639999866485596,6.739999771118164,6.619999885559082,6.739999771118164,1384
2018-06-12,5.420833110809326,6.699999809265137,6.800000190734863,6.679999828338623,6.760000228881836,333
2018-06-13,5.404652118682861,6.679999828338623,6.800000190734863,6.639999866485596,6.639999866485596,5785
2018-06-14,5.501742362976074,6.800000190734863,6.800000190734863,6.760000228881836,6.800000190734863,862
2018-06-15,5.501742362976074,6.800000190734863,6.800000190734863,6.639999866485596,6.800000190734863,1924
2018-06-18,5.372288703918457,6.639999866485596,6.800000190734863,6.639999866485596,6.800000190734863,1920
2018-06-19,5.356107711791992,6.619999885559082,6.639999866485596,6.619999885559082,6.639999866485596,1233
2018-06-20,5.372288703918457,6.639999866485596,6.639999866485596,6.599999904632568,6.599999904632568,1478
2018-06-21,5.178110122680664,6.400000095367432,6.699999809265137,6.400000095367432,6.619999885559082,12725
2018-06-25,5.259017467498779,6.5,6.579999923706055,6.5,6.519999980926514,764
2018-06-26,5.259017467498779,6.5,6.579999923706055,6.5,6.579999923706055,280
2018-06-27,5.259017467498779,6.5,6.5,6.480000019073486,6.5,11280
2018-06-28,5.307562351226807,6.559999942779541,6.579999923706055,6.5,6.5,52
2018-06-29,5.339925289154053,6.599999904632568,6.639999866485596,6.480000019073486,6.539999961853027,1750
2018-07-02,5.307562351226807,6.559999942779541,6.800000190734863,6.559999942779541,6.599999904632568,2558
2018-07-03,5.2913818359375,6.539999961853027,6.539999961853027,6.519999980926514,6.519999980926514,87
2018-07-04,5.275199890136719,6.519999980926514,6.519999980926514,6.519999980926514,6.519999980926514,34
2018-07-05,5.307562351226807,6.559999942779541,6.760000228881836,6.519999980926514,6.519999980926514,1332
2018-07-06,5.339925289154053,6.599999904632568,6.800000190734863,6.599999904632568,6.78000020980835,441
2018-07-09,5.339925289154053,6.599999904632568,6.659999847412109,6.599999904632568,6.639999866485596,946
2018-07-10,5.404652118682861,6.679999828338623,6.679999828338623,6.599999904632568,6.599999904632568,565
2018-07-11,5.339925289154053,6.599999904632568,6.619999885559082,6.599999904632568,6.599999904632568,380
2018-07-12,5.307562351226807,6.559999942779541,6.619999885559082,6.559999942779541,6.619999885559082,2792
2018-07-13,5.307562351226807,6.559999942779541,6.659999847412109,6.559999942779541,6.599999904632568,775
2018-07-16,5.2913818359375,6.539999961853027,6.679999828338623,6.539999961853027,6.679999828338623,1106
2018-07-17,5.307562351226807,6.559999942779541,6.559999942779541,6.539999961853027,6.539999961853027,436
2018-07-18,5.32374382019043,6.579999923706055,6.579999923706055,6.559999942779541,6.559999942779541,26
2018-07-19,5.32374382019043,6.579999923706055,6.599999904632568,6.579999923706055,6.599999904632568,532
2018-07-20,5.356107711791992,6.619999885559082,6.619999885559082,6.619999885559082,6.619999885559082,196
2018-07-23,5.32374382019043,6.579999923706055,6.639999866485596,6.559999942779541,6.639999866485596,938
2018-07-24,5.339925289154053,6.599999904632568,6.659999847412109,6.599999904632568,6.639999866485596,1018
2018-07-25,5.32374382019043,6.579999923706055,6.659999847412109,6.559999942779541,6.659999847412109,2020
2018-07-26,5.307562351226807,6.559999942779541,6.559999942779541,6.559999942779541,6.559999942779541,330
2018-07-27,5.2913818359375,6.539999961853027,6.599999904632568,6.539999961853027,6.559999942779541,340
2018-07-30,5.2913818359375,6.539999961853027,6.599999904632568,6.539999961853027,6.599999904632568,427
2018-07-31,5.32374382019043,6.579999923706055,6.599999904632568,6.539999961853027,6.599999904632568,703
2018-08-01,5.2913818359375,6.539999961853027,6.579999923706055,6.539999961853027,6.539999961853027,554
2018-08-02,5.2913818359375,6.539999961853027,6.599999904632568,6.539999961853027,6.539999961853027,1626
2018-08-03,5.339925289154053,6.599999904632568,6.599999904632568,6.539999961853027,6.539999961853027,205
2018-08-06,5.2428364753723145,6.480000019073486,6.5,6.239999771118164,6.5,1076
2018-08-07,5.161928653717041,6.380000114440918,6.440000057220459,6.300000190734863,6.400000095367432,618
2018-08-08,5.178110122680664,6.400000095367432,6.420000076293945,6.340000152587891,6.340000152587891,761
2018-08-09,5.2913818359375,6.539999961853027,6.579999923706055,6.400000095367432,6.559999942779541,1548
2018-08-10,5.081020355224609,6.28000020980835,6.539999961853027,6.28000020980835,6.340000152587891,1781
2018-08-13,5.064838886260986,6.260000228881836,6.320000171661377,6.260000228881836,6.28000020980835,1114
2018-08-14,5.064838886260986,6.260000228881836,6.360000133514404,6.260000228881836,6.360000133514404,33
2018-08-15,5.097202301025391,6.300000190734863,6.380000114440918,6.099999904632568,6.380000114440918,1601
2018-08-16,5.0001115798950195,6.179999828338623,6.400000095367432,6.159999847412109,6.400000095367432,739
2018-08-17,5.064838886260986,6.260000228881836,6.360000133514404,6.260000228881836,6.360000133514404,145
2018-08-20,5.048657417297363,6.239999771118164,6.28000020980835,6.199999809265137,6.28000020980835,563
2018-08-21,5.129565238952637,6.340000152587891,6.360000133514404,6.179999828338623,6.28000020980835,4557
2018-08-22,5.145746231079102,6.360000133514404,6.360000133514404,6.260000228881836,6.360000133514404,3851
2018-08-23,5.420833110809326,6.699999809265137,6.900000095367432,6.619999885559082,6.760000228881836,15379
2018-08-24,5.582649230957031,6.900000095367432,6.960000038146973,6.760000228881836,6.760000228881836,13524
2018-08-27,5.534104347229004,6.840000152587891,7.0,6.840000152587891,6.920000076293945,6316
2018-08-28,5.46937894821167,6.760000228881836,6.840000152587891,6.659999847412109,6.840000152587891,1915
2018-08-29,5.404652118682861,6.679999828338623,6.800000190734863,6.679999828338623,6.760000228881836,1410
2018-08-30,5.404652118682861,6.679999828338623,6.71999979019165,6.679999828338623,6.679999828338623,1247
2018-08-31,5.404652118682861,6.679999828338623,6.800000190734863,6.679999828338623,6.699999809265137,2973
2018-09-03,5.404652118682861,6.679999828338623,6.71999979019165,6.679999828338623,6.699999809265137,1517
2018-09-04,5.372288703918457,6.639999866485596,6.699999809265137,6.639999866485596,6.659999847412109,1532
2018-09-05,5.275199890136719,6.519999980926514,6.699999809265137,6.519999980926514,6.679999828338623,16942
2018-09-06,5.259017467498779,6.5,6.599999904632568,6.480000019073486,6.5,60513
2018-09-07,5.275199890136719,6.519999980926514,6.599999904632568,6.480000019073486,6.5,2501
2018-09-10,5.307562351226807,6.559999942779541,6.639999866485596,6.539999961853027,6.559999942779541,438
2018-09-11,5.339925289154053,6.599999904632568,6.659999847412109,6.599999904632568,6.659999847412109,644
2018-09-12,5.339925289154053,6.599999904632568,6.599999904632568,6.599999904632568,6.599999904632568,320
2018-09-13,5.339925289154053,6.599999904632568,6.659999847412109,6.599999904632568,6.659999847412109,237
2018-09-14,5.339925289154053,6.599999904632568,6.679999828338623,6.519999980926514,6.679999828338623,285
2018-09-17,5.356107711791992,6.619999885559082,6.619999885559082,6.599999904632568,6.599999904632568,500
2018-09-18,5.194290637969971,6.420000076293945,6.659999847412109,6.420000076293945,6.619999885559082,1950
2018-09-19,5.259017467498779,6.5,6.599999904632568,6.460000038146973,6.599999904632568,35843
2018-09-20,5.2913818359375,6.539999961853027,6.619999885559082,6.5,6.519999980926514,2919
2018-09-21,5.275199890136719,6.519999980926514,6.619999885559082,6.519999980926514,6.599999904632568,255597
2018-09-24,5.210474014282227,6.440000057220459,6.579999923706055,6.260000228881836,6.519999980926514,1894
2018-09-25,5.210474014282227,6.440000057220459,6.599999904632568,6.440000057220459,6.579999923706055,709
2018-09-26,5.275199890136719,6.519999980926514,6.579999923706055,6.519999980926514,6.579999923706055,1086
2018-09-27,5.2913818359375,6.539999961853027,6.619999885559082,6.539999961853027,6.579999923706055,1096
2018-09-28,5.339925289154053,6.599999904632568,6.679999828338623,6.599999904632568,6.619999885559082,2509
2018-10-01,5.404652118682861,6.679999828338623,6.739999771118164,6.679999828338623,6.71999979019165,2606
2018-10-02,5.2913818359375,6.539999961853027,6.739999771118164,6.519999980926514,6.71999979019165,2457
2018-10-03,5.339925289154053,6.599999904632568,6.679999828338623,6.599999904632568,6.679999828338623,476
2018-10-04,5.356107711791992,6.619999885559082,6.739999771118164,6.619999885559082,6.619999885559082,1814
2018-10-05,5.259017467498779,6.5,6.739999771118164,6.5,6.739999771118164,1021
2018-10-08,5.259017467498779,6.5,6.690000057220459,6.5,6.690000057220459,90379
2018-10-09,5.194290637969971,6.420000076293945,6.760000228881836,6.420000076293945,6.760000228881836,2586
2018-10-10,5.2913818359375,6.539999961853027,6.699999809265137,6.199999809265137,6.699999809265137,16062
2018-10-11,5.032474994659424,6.21999979019165,6.480000019073486,6.119999885559082,6.139999866485596,4087
2018-10-12,5.161928653717041,6.380000114440918,6.400000095367432,6.300000190734863,6.300000190734863,25067
2018-10-15,5.178110122680664,6.400000095367432,6.400000095367432,6.400000095367432,6.400000095367432,456
2018-10-16,5.226654529571533,6.460000038146973,6.460000038146973,6.099999904632568,6.199999809265137,8626
2018-10-17,5.097202301025391,6.300000190734863,6.480000019073486,6.28000020980835,6.480000019073486,580
2018-10-18,5.064838886260986,6.260000228881836,6.260000228881836,6.239999771118164,6.260000228881836,685
2018-10-19,5.048657417297363,6.239999771118164,6.480000019073486,6.239999771118164,6.300000190734863,3592
2018-10-22,5.016293525695801,6.199999809265137,6.239999771118164,6.179999828338623,6.179999828338623,1960
2018-10-23,4.967750072479248,6.139999866485596,6.260000228881836,6.079999923706055,6.260000228881836,988
2018-10-24,5.016293525695801,6.199999809265137,6.21999979019165,6.139999866485596,6.159999847412109,845
2018-10-25,5.016293525695801,6.199999809265137,6.199999809265137,6.199999809265137,6.199999809265137,0
2018-10-26,4.854478359222412,6.0,6.380000114440918,6.0,6.380000114440918,1001
2018-10-29,4.854478359222412,6.0,6.0,6.0,6.0,0
2018-10-30,4.983931064605713,6.159999847412109,6.28000020980835,6.0,6.28000020980835,221
2018-10-31,5.016293525695801,6.199999809265137,6.199999809265137,6.179999828338623,6.199999809265137,1158
2018-11-01,4.870658874511719,6.019999980926514,6.360000133514404,6.0,6.360000133514404,1424
2018-11-02,5.097202301025391,6.300000190734863,6.460000038146973,6.28000020980835,6.28000020980835,1282
2018-11-05,5.113382816314697,6.320000171661377,6.320000171661377,6.300000190734863,6.320000171661377,4265
2018-11-06,5.113382816314697,6.320000171661377,6.420000076293945,6.320000171661377,6.320000171661377,516
2018-11-07,5.194290637969971,6.420000076293945,6.5,6.420000076293945,6.420000076293945,1123
2018-11-08,5.210474014282227,6.440000057220459,6.579999923706055,6.440000057220459,6.539999961853027,642
2018-11-09,5.2428364753723145,6.480000019073486,6.559999942779541,6.480000019073486,6.559999942779541,180
2018-11-12,5.259017467498779,6.5,6.539999961853027,6.5,6.519999980926514,1172
2018-11-13,5.161928653717041,6.380000114440918,6.380000114440918,6.380000114440918,6.380000114440918,368
2018-11-14,5.161928653717041,6.380000114440918,6.5,6.380000114440918,6.5,18
2018-11-15,5.194290637969971,6.420000076293945,6.5,6.400000095367432,6.400000095367432,2460
2018-11-16,5.194290637969971,6.420000076293945,6.420000076293945,6.420000076293945,6.420000076293945,0
2018-11-19,5.259017467498779,6.5,6.5,6.480000019073486,6.5,1021
2018-11-20,5.097202301025391,6.300000190734863,6.639999866485596,6.28000020980835,6.519999980926514,4239
2018-11-21,5.081020355224609,6.28000020980835,6.360000133514404,6.21999979019165,6.21999979019165,1694
2018-11-22,5.016293525695801,6.199999809265137,6.360000133514404,6.079999923706055,6.360000133514404,2539
2018-11-23,5.064838886260986,6.260000228881836,6.340000152587891,6.079999923706055,6.119999885559082,55821
2018-11-26,5.129565238952637,6.340000152587891,6.340000152587891,6.059999942779541,6.119999885559082,2495
2018-11-27,5.048657417297363,6.239999771118164,6.239999771118164,6.119999885559082,6.239999771118164,1643
2018-11-28,5.016293525695801,6.199999809265137,6.300000190734863,6.119999885559082,6.300000190734863,3594
2018-11-29,4.967750072479248,6.139999866485596,6.239999771118164,6.079999923706055,6.239999771118164,3484
2018-11-30,4.919203281402588,6.079999923706055,6.199999809265137,6.079999923706055,6.139999866485596,1286
2018-12-03,4.935385227203369,6.099999904632568,6.139999866485596,6.079999923706055,6.079999923706055,4008
2018-12-04,4.854478359222412,6.0,6.159999847412109,6.0,6.139999866485596,5310
2018-12-05,4.8382954597473145,5.980000019073486,6.320000171661377,5.920000076293945,6.019999980926514,4674
2018-12-07,4.7735700607299805,5.900000095367432,6.099999904632568,5.900000095367432,6.099999904632568,364
2018-12-10,4.692662239074707,5.800000190734863,5.920000076293945,5.800000190734863,5.920000076293945,1580
2018-12-11,4.708843231201172,5.820000171661377,6.079999923706055,5.699999809265137,5.800000190734863,17966
2018-12-12,4.692662239074707,5.800000190734863,5.900000095367432,5.659999847412109,5.900000095367432,3567
2018-12-13,4.6441168785095215,5.739999771118164,5.820000171661377,5.659999847412109,5.820000171661377,5388
2018-12-14,4.449937343597412,5.5,5.679999828338623,5.420000076293945,5.659999847412109,78429
2018-12-17,4.336667060852051,5.360000133514404,5.5,5.360000133514404,5.5,7041
2018-12-18,4.401393413543701,5.440000057220459,5.5,5.420000076293945,5.420000076293945,3518
2018-12-19,4.352848529815674,5.380000114440918,5.559999942779541,5.380000114440918,5.5,8717
2018-12-20,4.304304122924805,5.320000171661377,5.579999923706055,5.21999979019165,5.420000076293945,8109
2018-12-21,4.514664649963379,5.579999923706055,5.639999866485596,5.199999809265137,5.300000190734863,113269
2018-12-27,4.449937343597412,5.5,5.659999847412109,5.5,5.659999847412109,14791
2018-12-28,4.401393413543701,5.440000057220459,5.599999904632568,5.300000190734863,5.480000019073486,12395
2019-01-02,4.62793493270874,5.71999979019165,5.880000114440918,5.559999942779541,5.599999904632568,7628
2019-01-03,4.741207599639893,5.860000133514404,5.880000114440918,5.699999809265137,5.699999809265137,3447
2019-01-04,4.757388114929199,5.880000114440918,5.920000076293945,5.860000133514404,5.880000114440918,4549
2019-01-07,4.62793493270874,5.71999979019165,6.139999866485596,5.699999809265137,5.980000019073486,3694
2019-01-08,4.62793493270874,5.71999979019165,5.880000114440918,5.639999866485596,5.820000171661377,7058
2019-01-09,4.676480770111084,5.78000020980835,5.860000133514404,5.639999866485596,5.860000133514404,4487
2019-01-10,4.579390525817871,5.659999847412109,5.820000171661377,5.659999847412109,5.820000171661377,5059
2019-01-11,4.660298824310303,5.760000228881836,5.860000133514404,5.679999828338623,5.860000133514404,9895
2019-01-14,4.563209056854248,5.639999866485596,5.800000190734863,5.599999904632568,5.800000190734863,9892
2019-01-15,4.530845642089844,5.599999904632568,5.760000228881836,5.599999904632568,5.699999809265137,4874
2019-01-16,4.595572471618652,5.679999828338623,5.71999979019165,5.559999942779541,5.599999904632568,18129
2019-01-17,4.530845642089844,5.599999904632568,5.739999771118164,5.559999942779541,5.71999979019165,42604
2019-01-18,4.530845642089844,5.599999904632568,5.760000228881836,5.579999923706055,5.760000228881836,13128
2019-01-21,4.595572471618652,5.679999828338623,5.699999809265137,5.579999923706055,5.659999847412109,415627
2019-01-22,4.563209056854248,5.639999866485596,5.699999809265137,5.639999866485596,5.699999809265137,21400
2019-01-23,4.6441168785095215,5.739999771118164,5.800000190734863,5.679999828338623,5.699999809265137,5588
2019-01-24,4.676480770111084,5.78000020980835,5.860000133514404,5.78000020980835,5.820000171661377,7322
2019-01-25,4.741207599639893,5.860000133514404,5.880000114440918,5.820000171661377,5.820000171661377,17293
2019-01-28,4.741207599639893,5.860000133514404,5.880000114440918,5.800000190734863,5.880000114440918,10784
2019-01-29,4.692662239074707,5.800000190734863,5.860000133514404,5.760000228881836,5.860000133514404,17315
2019-01-30,4.660298824310303,5.760000228881836,5.880000114440918,5.760000228881836,5.880000114440918,5931
2019-01-31,4.579390525817871,5.659999847412109,5.840000152587891,5.659999847412109,5.800000190734863,11914
2019-02-01,4.579390525817871,5.659999847412109,5.800000190734863,5.639999866485596,5.78000020980835,15378
2019-02-04,4.595572471618652,5.679999828338623,5.760000228881836,5.679999828338623,5.739999771118164,6995
2019-02-05,4.530845642089844,5.599999904632568,5.78000020980835,5.519999980926514,5.760000228881836,14252
2019-02-06,4.530845642089844,5.599999904632568,5.699999809265137,5.579999923706055,5.599999904632568,11050
2019-02-07,4.563209056854248,5.639999866485596,5.639999866485596,5.579999923706055,5.599999904632568,10841
2019-02-08,4.595572471618652,5.679999828338623,5.699999809265137,5.619999885559082,5.619999885559082,4376
2019-02-11,4.6441168785095215,5.739999771118164,5.800000190734863,5.679999828338623,5.739999771118164,6928
2019-02-12,4.692662239074707,5.800000190734863,5.800000190734863,5.739999771118164,5.739999771118164,5854
2019-02-13,4.611753940582275,5.699999809265137,5.820000171661377,5.659999847412109,5.820000171661377,15688
2019-02-14,4.660298824310303,5.760000228881836,5.820000171661377,5.71999979019165,5.820000171661377,11525
2019-02-15,4.563209056854248,5.639999866485596,5.800000190734863,5.599999904632568,5.760000228881836,23576
2019-02-18,4.579390525817871,5.659999847412109,5.699999809265137,5.599999904632568,5.639999866485596,13733
2019-02-19,4.530845642089844,5.599999904632568,5.760000228881836,5.599999904632568,5.659999847412109,18419
2019-02-20,4.563209056854248,5.639999866485596,5.71999979019165,5.639999866485596,5.71999979019165,4148
2019-02-21,4.579390525817871,5.659999847412109,5.659999847412109,5.599999904632568,5.639999866485596,1009
2019-02-22,4.547027587890625,5.619999885559082,5.699999809265137,5.619999885559082,5.699999809265137,3040
2019-02-25,4.563209056854248,5.639999866485596,5.699999809265137,5.639999866485596,5.659999847412109,11081
2019-02-26,4.547027587890625,5.619999885559082,5.71999979019165,5.579999923706055,5.659999847412109,28898
2019-02-27,4.530845642089844,5.599999904632568,5.699999809265137,5.579999923706055,5.699999809265137,16820
2019-02-28,4.579390525817871,5.659999847412109,5.699999809265137,5.599999904632568,5.679999828338623,8259
2019-03-01,4.6441168785095215,5.739999771118164,5.980000019073486,5.699999809265137,5.900000095367432,39777
2019-03-04,4.547027587890625,5.619999885559082,5.940000057220459,5.619999885559082,5.940000057220459,51416
2019-03-05,4.579390525817871,5.659999847412109,5.760000228881836,5.639999866485596,5.699999809265137,21221
2019-03-06,4.595572471618652,5.679999828338623,5.940000057220459,5.679999828338623,5.699999809265137,155036
2019-03-07,4.611753940582275,5.699999809265137,5.840000152587891,5.679999828338623,5.78000020980835,123155
2019-03-08,4.676480770111084,5.78000020980835,5.820000171661377,5.739999771118164,5.760000228881836,32571
2019-03-11,4.660298824310303,5.760000228881836,5.900000095367432,5.71999979019165,5.820000171661377,55467
2019-03-12,4.676480770111084,5.78000020980835,5.880000114440918,5.739999771118164,5.880000114440918,15309
2019-03-13,4.757388114929199,5.880000114440918,5.900000095367432,5.78000020980835,5.860000133514404,21815
2019-03-14,4.805932998657227,5.940000057220459,6.0,5.900000095367432,5.920000076293945,44512
2019-03-15,4.8382954597473145,5.980000019073486,6.0,5.940000057220459,5.940000057220459,523973
2019-03-18,4.919203281402588,6.079999923706055,6.179999828338623,6.0,6.0,29456
2019-03-19,4.886841297149658,6.039999961853027,6.199999809265137,6.0,6.199999809265137,36786
2019-03-20,4.886841297149658,6.039999961853027,6.159999847412109,6.0,6.099999904632568,81952
2019-03-21,4.951566696166992,6.119999885559082,6.159999847412109,6.039999961853027,6.059999942779541,6688
2019-03-22,4.870658874511719,6.019999980926514,6.119999885559082,6.0,6.119999885559082,18756
2019-03-25,4.854478359222412,6.0,6.039999961853027,5.940000057220459,5.980000019073486,8084
2019-03-26,4.7735700607299805,5.900000095367432,6.0,5.900000095367432,6.0,12729
2019-03-27,4.7897515296936035,5.920000076293945,6.059999942779541,5.920000076293945,5.920000076293945,44340
2019-03-28,4.805932998657227,5.940000057220459,6.059999942779541,5.880000114440918,6.059999942779541,11380
2019-03-29,4.8382954597473145,5.980000019073486,6.039999961853027,5.940000057220459,6.0,2014
2019-04-01,4.9030232429504395,6.059999942779541,6.059999942779541,6.019999980926514,6.039999961853027,5504
2019-04-02,4.822114944458008,5.960000038146973,6.059999942779541,5.960000038146973,6.059999942779541,32552
2019-04-03,4.870658874511719,6.019999980926514,6.039999961853027,5.940000057220459,6.0,29034
2019-04-04,4.8382954597473145,5.980000019073486,6.039999961853027,5.960000038146973,6.039999961853027,16062
2019-04-05,4.822114944458008,5.960000038146973,6.0,5.920000076293945,6.0,34206
2019-04-08,4.805932998657227,5.940000057220459,5.980000019073486,5.920000076293945,5.980000019073486,10102
2019-04-09,4.805932998657227,5.940000057220459,6.0,5.940000057220459,5.960000038146973,10958
2019-04-10,4.805932998657227,5.940000057220459,6.0,5.940000057220459,5.980000019073486,10767
2019-04-11,4.822114944458008,5.960000038146973,6.0,5.940000057220459,5.940000057220459,11301
2019-04-12,4.8382954597473145,5.980000019073486,6.019999980926514,5.960000038146973,5.980000019073486,38813
2019-04-15,4.8881754875183105,5.880000114440918,5.920000076293945,5.800000190734863,5.860000133514404,44124
2019-04-16,4.904801845550537,5.900000095367432,5.940000057220459,5.840000152587891,5.900000095367432,10274
2019-04-17,4.8715500831604,5.860000133514404,5.940000057220459,5.840000152587891,5.900000095367432,3593
2019-04-18,4.904801845550537,5.900000095367432,5.900000095367432,5.860000133514404,5.900000095367432,3804
2019-04-23,4.8881754875183105,5.880000114440918,5.940000057220459,5.860000133514404,5.940000057220459,17432
2019-04-24,4.854922771453857,5.840000152587891,5.920000076293945,5.800000190734863,5.920000076293945,25131
2019-04-25,4.838296413421631,5.820000171661377,5.900000095367432,5.760000228881836,5.900000095367432,14224
2019-04-26,4.854922771453857,5.840000152587891,5.880000114440918,5.800000190734863,5.840000152587891,8796
2019-04-29,4.8216705322265625,5.800000190734863,5.900000095367432,5.760000228881836,5.880000114440918,31317
2019-04-30,4.8216705322265625,5.800000190734863,5.860000133514404,5.78000020980835,5.820000171661377,7737
2019-05-02,4.788417339324951,5.760000228881836,5.820000171661377,5.760000228881836,5.820000171661377,17882
2019-05-03,4.788417339324951,5.760000228881836,5.78000020980835,5.71999979019165,5.78000020980835,21987
2019-05-06,4.771790504455566,5.739999771118164,5.800000190734863,5.71999979019165,5.760000228881836,9124
2019-05-07,4.7219109535217285,5.679999828338623,5.760000228881836,5.639999866485596,5.739999771118164,22491
2019-05-08,4.738537788391113,5.699999809265137,5.800000190734863,5.679999828338623,5.71999979019165,11227
2019-05-09,4.672031402587891,5.619999885559082,5.739999771118164,5.619999885559082,5.699999809265137,20640
2019-05-10,4.48914098739624,5.400000095367432,5.619999885559082,5.360000133514404,5.619999885559082,61489
2019-05-13,4.422635555267334,5.320000171661377,5.5,5.320000171661377,5.460000038146973,16118
2019-05-14,4.455888271331787,5.360000133514404,5.420000076293945,5.28000020980835,5.340000152587891,54649
2019-05-15,4.455888271331787,5.360000133514404,5.420000076293945,5.239999771118164,5.360000133514404,22545
2019-05-16,4.522394180297852,5.440000057220459,5.599999904632568,5.320000171661377,5.480000019073486,24669
2019-05-17,4.638779163360596,5.579999923706055,5.760000228881836,5.5,5.760000228881836,5326
2019-05-20,4.539020538330078,5.460000038146973,5.619999885559082,5.440000057220459,5.579999923706055,145621
2019-05-21,4.655405044555664,5.599999904632568,5.599999904632568,5.5,5.519999980926514,3388
2019-05-22,4.655405044555664,5.599999904632568,5.679999828338623,5.599999904632568,5.679999828338623,9677
2019-05-23,4.472514629364014,5.380000114440918,5.679999828338623,5.360000133514404,5.639999866485596,69533
2019-05-24,4.439261436462402,5.340000152587891,5.400000095367432,5.320000171661377,5.380000114440918,7409
2019-05-27,4.439261436462402,5.340000152587891,5.480000019073486,5.340000152587891,5.360000133514404,10505
2019-05-28,4.48914098739624,5.400000095367432,5.440000057220459,5.360000133514404,5.380000114440918,2153
2019-05-29,4.472514629364014,5.380000114440918,5.440000057220459,5.340000152587891,5.400000095367432,19089
2019-05-31,4.472514629364014,5.380000114440918,5.659999847412109,5.340000152587891,5.340000152587891,17519
2019-06-03,4.472514629364014,5.380000114440918,5.400000095367432,5.320000171661377,5.400000095367432,9293
2019-06-04,4.48914098739624,5.400000095367432,5.400000095367432,5.340000152587891,5.380000114440918,4127
2019-06-05,4.322876453399658,5.199999809265137,5.420000076293945,5.199999809265137,5.420000076293945,33220
2019-06-06,4.472514629364014,5.380000114440918,5.400000095367432,5.260000228881836,5.400000095367432,3607
2019-06-07,4.472514629364014,5.380000114440918,5.400000095367432,5.300000190734863,5.340000152587891,1600
2019-06-10,4.505767345428467,5.420000076293945,5.5,5.380000114440918,5.5,12583
2019-06-11,4.472514629364014,5.380000114440918,5.480000019073486,5.380000114440918,5.480000019073486,8100
2019-06-12,4.48914098739624,5.400000095367432,5.460000038146973,5.400000095367432,5.400000095367432,7019
2019-06-13,4.472514629364014,5.380000114440918,5.420000076293945,5.380000114440918,5.400000095367432,9176
2019-06-14,4.48914098739624,5.400000095367432,5.420000076293945,5.380000114440918,5.420000076293945,8310
2019-06-17,4.472514629364014,5.380000114440918,5.440000057220459,5.360000133514404,5.400000095367432,13929
2019-06-18,4.472514629364014,5.380000114440918,5.440000057220459,5.320000171661377,5.440000057220459,3010
2019-06-19,4.422635555267334,5.320000171661377,5.400000095367432,5.300000190734863,5.360000133514404,63265
2019-06-20,4.356128692626953,5.239999771118164,5.400000095367432,5.21999979019165,5.400000095367432,22894
2019-06-24,4.422635555267334,5.320000171661377,5.380000114440918,5.239999771118164,5.239999771118164,20450
2019-06-25,4.48914098739624,5.400000095367432,5.440000057220459,5.340000152587891,5.340000152587891,10464
2019-06-26,4.472514629364014,5.380000114440918,5.460000038146973,5.380000114440918,5.460000038146973,4343
2019-06-27,4.455888271331787,5.360000133514404,5.480000019073486,5.360000133514404,5.400000095367432,15597
2019-06-28,4.48914098739624,5.400000095367432,5.460000038146973,5.380000114440918,5.400000095367432,11731
2019-07-01,4.472514629364014,5.380000114440918,5.480000019073486,5.380000114440918,5.480000019073486,7916
2019-07-02,4.572272777557373,5.5,5.539999961853027,5.460000038146973,5.460000038146973,8255
2019-07-03,4.48914098739624,5.400000095367432,5.519999980926514,5.400000095367432,5.519999980926514,13407
2019-07-04,4.472514629364014,5.380000114440918,5.480000019073486,5.380000114440918,5.480000019073486,11519
2019-07-05,4.48914098739624,5.400000095367432,5.440000057220459,5.380000114440918,5.380000114440918,6518
2019-07-08,4.48914098739624,5.400000095367432,5.480000019073486,5.360000133514404,5.480000019073486,13536
2019-07-09,4.48914098739624,5.400000095367432,5.460000038146973,5.360000133514404,5.400000095367432,11642
2019-07-10,4.472514629364014,5.380000114440918,5.480000019073486,5.380000114440918,5.460000038146973,14855
2019-07-11,4.455888271331787,5.360000133514404,5.460000038146973,5.360000133514404,5.400000095367432,3875
2019-07-12,4.48914098739624,5.400000095367432,5.460000038146973,5.360000133514404,5.460000038146973,10678
2019-07-15,4.48914098739624,5.400000095367432,5.460000038146973,5.300000190734863,5.400000095367432,21486
2019-07-16,4.439261436462402,5.340000152587891,5.440000057220459,5.300000190734863,5.400000095367432,34841
2019-07-17,4.472514629364014,5.380000114440918,5.400000095367432,5.300000190734863,5.400000095367432,6383
2019-07-18,4.339502334594727,5.21999979019165,5.380000114440918,5.199999809265137,5.380000114440918,11630
2019-07-19,4.389382362365723,5.28000020980835,5.380000114440918,5.260000228881836,5.28000020980835,4637
2019-07-22,4.422635555267334,5.320000171661377,5.380000114440918,5.300000190734863,5.320000171661377,6032
2019-07-23,4.406009674072266,5.300000190734863,5.380000114440918,5.300000190734863,5.340000152587891,2551
2019-07-24,4.406009674072266,5.300000190734863,5.380000114440918,5.300000190734863,5.380000114440918,7363
2019-07-25,4.422635555267334,5.320000171661377,5.360000133514404,5.28000020980835,5.300000190734863,7245
2019-07-26,4.439261436462402,5.340000152587891,5.340000152587891,5.28000020980835,5.340000152587891,20610
2019-07-29,4.422635555267334,5.320000171661377,5.360000133514404,5.28000020980835,5.340000152587891,31050
2019-07-30,4.422635555267334,5.320000171661377,5.380000114440918,5.300000190734863,5.360000133514404,13370
2019-07-31,4.406009674072266,5.300000190734863,5.360000133514404,5.300000190734863,5.340000152587891,19696
2019-08-01,4.422635555267334,5.320000171661377,5.340000152587891,5.28000020980835,5.300000190734863,9351
2019-08-02,4.372756004333496,5.260000228881836,5.320000171661377,5.239999771118164,5.320000171661377,5908
2019-08-05,4.339502334594727,5.21999979019165,5.300000190734863,5.199999809265137,5.300000190734863,21212
2019-08-06,4.339502334594727,5.21999979019165,5.239999771118164,5.199999809265137,5.21999979019165,10458
2019-08-07,4.2563700675964355,5.119999885559082,5.300000190734863,5.119999885559082,5.239999771118164,17534
2019-08-08,4.156611442565918,5.0,5.199999809265137,4.960000038146973,5.159999847412109,72355
2019-08-09,4.115045547485352,4.949999809265137,5.099999904632568,4.920000076293945,5.019999980926514,52395
2019-08-12,4.156611442565918,5.0,5.0,4.909999847412109,4.96999979019165,24730
2019-08-13,4.13998556137085,4.980000019073486,5.039999961853027,4.940000057220459,5.0,38005
2019-08-14,4.040226459503174,4.860000133514404,5.0,4.829999923706055,4.989999771118164,47968
2019-08-15,3.873961925506592,4.659999847412109,4.900000095367432,4.5,4.900000095367432,59358
2019-08-16,4.048540115356445,4.869999885559082,4.949999809265137,4.690000057220459,4.690000057220459,27259
2019-08-19,4.115045547485352,4.949999809265137,5.0,4.920000076293945,4.949999809265137,23564
2019-08-20,4.098419666290283,4.929999828338623,5.059999942779541,4.900000095367432,4.96999979019165,73273
2019-08-21,4.123359203338623,4.960000038146973,5.039999961853027,4.940000057220459,4.989999771118164,18014
2019-08-22,4.1898651123046875,5.039999961853027,5.059999942779541,4.929999828338623,5.0,27333
2019-08-23,4.372756004333496,5.260000228881836,5.599999904632568,5.260000228881836,5.5,249380
2019-08-26,4.306249618530273,5.179999828338623,5.340000152587891,5.099999904632568,5.320000171661377,126760
2019-08-27,4.2729973793029785,5.139999866485596,5.260000228881836,5.059999942779541,5.199999809265137,39313
2019-08-28,4.2563700675964355,5.119999885559082,5.179999828338623,5.079999923706055,5.179999828338623,75178
2019-08-29,4.223118305206299,5.079999923706055,5.099999904632568,5.039999961853027,5.099999904632568,142757
2019-08-30,4.1732378005981445,5.019999980926514,5.099999904632568,5.0,5.099999904632568,59579
2019-09-02,4.1898651123046875,5.039999961853027,5.039999961853027,4.980000019073486,5.039999961853027,52292
2019-09-03,4.148298263549805,4.989999771118164,5.019999980926514,4.989999771118164,5.019999980926514,31704
2019-09-04,4.148298263549805,4.989999771118164,5.019999980926514,4.989999771118164,5.019999980926514,25091
2019-09-05,4.156611442565918,5.0,5.059999942779541,4.989999771118164,5.059999942779541,125828
2019-09-06,4.148298263549805,4.989999771118164,5.039999961853027,4.989999771118164,5.019999980926514,48845
2019-09-09,4.156611442565918,5.0,5.039999961853027,5.0,5.039999961853027,92204
2019-09-10,4.156611442565918,5.0,5.019999980926514,4.980000019073486,5.019999980926514,57277
2019-09-11,4.156611442565918,5.0,5.039999961853027,4.980000019073486,5.039999961853027,96300
2019-09-12,4.156611442565918,5.0,5.019999980926514,4.980000019073486,5.0,61711
2019-09-13,4.1732378005981445,5.019999980926514,5.019999980926514,4.980000019073486,4.989999771118164,125044
2019-09-16,4.148298263549805,4.989999771118164,5.059999942779541,4.980000019073486,5.059999942779541,199537
2019-09-17,4.156611442565918,5.0,5.0,4.96999979019165,4.989999771118164,79146
2019-09-18,4.156611442565918,5.0,5.039999961853027,4.989999771118164,5.019999980926514,134497
2019-09-19,4.156611442565918,5.0,5.099999904632568,4.980000019073486,5.039999961853027,204427
2019-09-20,4.1898651123046875,5.039999961853027,5.079999923706055,4.989999771118164,5.019999980926514,101862
2019-09-23,4.339502334594727,5.21999979019165,5.21999979019165,5.059999942779541,5.079999923706055,90554
2019-09-24,4.455888271331787,5.360000133514404,5.440000057220459,5.239999771118164,5.239999771118164,100172
2019-09-25,4.406009674072266,5.300000190734863,5.440000057220459,5.239999771118164,5.380000114440918,55802
2019-09-26,4.406009674072266,5.300000190734863,5.360000133514404,5.260000228881836,5.300000190734863,20272
2019-09-27,4.439261436462402,5.340000152587891,5.380000114440918,5.320000171661377,5.360000133514404,22604
2019-09-30,4.455888271331787,5.360000133514404,5.400000095367432,5.320000171661377,5.340000152587891,27842
2019-10-01,4.505767345428467,5.420000076293945,5.460000038146973,5.360000133514404,5.400000095367432,75545
2019-10-02,4.505767345428467,5.420000076293945,5.460000038146973,5.380000114440918,5.440000057220459,65322
2019-10-03,4.472514629364014,5.380000114440918,5.400000095367432,5.340000152587891,5.400000095367432,26595
2019-10-04,4.455888271331787,5.360000133514404,5.420000076293945,5.360000133514404,5.380000114440918,18704
2019-10-07,4.555646896362305,5.480000019073486,5.539999961853027,5.420000076293945,5.480000019073486,91773
2019-10-08,4.705284595489502,5.659999847412109,5.679999828338623,5.559999942779541,5.559999942779541,71619
2019-10-09,4.8715500831604,5.860000133514404,5.860000133514404,5.699999809265137,5.699999809265137,94724
2019-10-10,4.805043697357178,5.78000020980835,5.880000114440918,5.699999809265137,5.860000133514404,48641
2019-10-11,4.771790504455566,5.739999771118164,5.860000133514404,5.739999771118164,5.820000171661377,54875
2019-10-14,4.771790504455566,5.739999771118164,5.840000152587891,5.739999771118164,5.760000228881836,34715
2019-10-15,4.805043697357178,5.78000020980835,5.800000190734863,5.739999771118164,5.760000228881836,13354
2019-10-16,4.805043697357178,5.78000020980835,5.840000152587891,5.760000228881836,5.820000171661377,13163
2019-10-17,4.8216705322265625,5.800000190734863,5.840000152587891,5.78000020980835,5.800000190734863,27165
2019-10-18,4.8881754875183105,5.880000114440918,5.880000114440918,5.820000171661377,5.820000171661377,19798
2019-10-21,4.8881754875183105,5.880000114440918,5.920000076293945,5.860000133514404,5.880000114440918,27714
2019-10-22,4.938055038452148,5.940000057220459,5.980000019073486,5.880000114440918,5.880000114440918,28339
2019-10-23,4.938055038452148,5.940000057220459,5.960000038146973,5.900000095367432,5.960000038146973,14674
2019-10-24,4.854922771453857,5.840000152587891,5.940000057220459,5.820000171661377,5.940000057220459,28950
2019-10-25,4.8881754875183105,5.880000114440918,5.920000076293945,5.820000171661377,5.900000095367432,22459
2019-10-28,4.971307277679443,5.980000019073486,6.0,5.920000076293945,5.940000057220459,40346
2019-10-29,5.021187782287598,6.039999961853027,6.099999904632568,5.980000019073486,6.0,61807
2019-10-30,4.987934589385986,6.0,6.099999904632568,5.960000038146973,6.059999942779541,35416
2019-10-31,5.037814140319824,6.059999942779541,6.099999904632568,5.920000076293945,5.980000019073486,47534
2019-11-01,5.137571811676025,6.179999828338623,6.199999809265137,6.079999923706055,6.099999904632568,23292
2019-11-04,5.287210464477539,6.360000133514404,6.400000095367432,6.179999828338623,6.179999828338623,87943
2019-11-05,5.420222759246826,6.519999980926514,6.559999942779541,6.360000133514404,6.400000095367432,84244
2019-11-06,5.237331867218018,6.300000190734863,6.599999904632568,6.239999771118164,6.579999923706055,112941
2019-11-07,5.320464134216309,6.400000095367432,6.460000038146973,6.21999979019165,6.320000171661377,89045
2019-11-08,5.902389049530029,7.099999904632568,7.239999771118164,6.940000057220459,7.019999980926514,426997
2019-11-11,6.151785373687744,7.400000095367432,7.619999885559082,7.360000133514404,7.380000114440918,353357
2019-11-12,6.068653583526611,7.300000190734863,7.440000057220459,7.159999847412109,7.440000057220459,88585
2019-11-13,6.068653583526611,7.300000190734863,7.320000171661377,7.21999979019165,7.320000171661377,54368
2019-11-14,6.002147674560547,7.21999979019165,7.300000190734863,7.21999979019165,7.28000020980835,38806
2019-11-15,6.068653583526611,7.300000190734863,7.300000190734863,7.239999771118164,7.28000020980835,70914
2019-11-18,6.052027702331543,7.28000020980835,7.360000133514404,7.28000020980835,7.300000190734863,53734
2019-11-19,6.052027702331543,7.28000020980835,7.300000190734863,7.159999847412109,7.300000190734863,72566
2019-11-20,5.98552131652832,7.199999809265137,7.260000228881836,7.159999847412109,7.260000228881836,55799
2019-11-21,5.819256782531738,7.0,7.179999828338623,6.940000057220459,7.179999828338623,135727
2019-11-22,5.8857622146606445,7.079999923706055,7.139999866485596,7.0,7.0,32133
2019-11-25,5.8857622146606445,7.079999923706055,7.139999866485596,7.039999961853027,7.079999923706055,25352
2019-11-26,5.952267646789551,7.159999847412109,7.199999809265137,6.980000019073486,7.059999942779541,83403
2019-11-27,5.919015884399414,7.119999885559082,7.199999809265137,7.099999904632568,7.179999828338623,22531
2019-11-28,5.935641288757324,7.139999866485596,7.179999828338623,7.119999885559082,7.139999866485596,21115
2019-11-29,5.919015884399414,7.119999885559082,7.199999809265137,7.119999885559082,7.159999847412109,28415
2019-12-02,5.98552131652832,7.199999809265137,7.28000020980835,7.139999866485596,7.179999828338623,45627
2019-12-03,6.002147674560547,7.21999979019165,7.320000171661377,7.199999809265137,7.300000190734863,27097
2019-12-04,5.98552131652832,7.199999809265137,7.28000020980835,7.099999904632568,7.21999979019165,38751
2019-12-05,6.118532657623291,7.360000133514404,7.360000133514404,7.21999979019165,7.320000171661377,73154
2019-12-09,6.052027702331543,7.28000020980835,7.400000095367432,7.179999828338623,7.400000095367432,34632
2019-12-10,5.968895435333252,7.179999828338623,7.300000190734863,7.139999866485596,7.300000190734863,22448
2019-12-11,6.085280418395996,7.320000171661377,7.320000171661377,7.159999847412109,7.179999828338623,35231
2019-12-12,5.669618606567383,6.820000171661377,7.179999828338623,6.800000190734863,6.980000019073486,784759
2019-12-13,5.752751350402832,6.920000076293945,7.039999961853027,6.840000152587891,6.900000095367432,183332
2019-12-16,5.8026299476623535,6.980000019073486,7.0,6.960000038146973,6.960000038146973,62548
2019-12-17,5.786004066467285,6.960000038146973,6.980000019073486,6.920000076293945,6.980000019073486,93284
2019-12-18,5.852509498596191,7.039999961853027,7.079999923706055,6.920000076293945,7.0,115550
2019-12-19,5.952267646789551,7.159999847412109,7.159999847412109,7.019999980926514,7.059999942779541,90064
2019-12-20,6.018773555755615,7.239999771118164,7.260000228881836,7.179999828338623,7.199999809265137,37566
2019-12-23,6.002147674560547,7.21999979019165,7.300000190734863,7.199999809265137,7.239999771118164,33417
2019-12-27,6.052027702331543,7.28000020980835,7.300000190734863,7.239999771118164,7.239999771118164,23897
2019-12-30,6.151785373687744,7.400000095367432,7.400000095367432,7.28000020980835,7.300000190734863,50292
2020-01-02,6.318050384521484,7.599999904632568,7.639999866485596,7.460000038146973,7.460000038146973,131208
2020-01-03,6.168412685394287,7.420000076293945,7.639999866485596,7.300000190734863,7.599999904632568,70405
2020-01-07,6.251544952392578,7.519999980926514,7.599999904632568,7.440000057220459,7.440000057220459,47278
2020-01-08,6.218291282653809,7.480000019073486,7.519999980926514,7.300000190734863,7.519999980926514,28521
2020-01-09,6.218291282653809,7.480000019073486,7.579999923706055,7.400000095367432,7.539999961853027,38589
2020-01-10,6.268170356750488,7.539999961853027,7.539999961853027,7.440000057220459,7.480000019073486,31931
2020-01-13,6.301424026489258,7.579999923706055,7.599999904632568,7.5,7.579999923706055,32983
2020-01-14,6.318050384521484,7.599999904632568,7.619999885559082,7.519999980926514,7.579999923706055,66168
2020-01-15,6.4344353675842285,7.739999771118164,7.78000020980835,7.599999904632568,7.619999885559082,75974
2020-01-16,6.584073543548584,7.920000076293945,7.960000038146973,7.78000020980835,7.800000190734863,65732
2020-01-17,6.567446708679199,7.900000095367432,8.0600004196167,7.900000095367432,7.960000038146973,66671
2020-01-20,6.63395357131958,7.980000019073486,8.0,7.900000095367432,7.960000038146973,53487
2020-01-21,6.600699424743652,7.940000057220459,8.0,7.860000133514404,7.980000019073486,41104
2020-01-22,6.584073543548584,7.920000076293945,8.0,7.900000095367432,7.940000057220459,38129
2020-01-23,6.584073543548584,7.920000076293945,7.980000019073486,7.900000095367432,7.900000095367432,36499
2020-01-24,6.451061725616455,7.760000228881836,7.920000076293945,7.639999866485596,7.920000076293945,62994
2020-01-27,6.301424026489258,7.579999923706055,7.739999771118164,7.5,7.739999771118164,60498
2020-01-28,6.46768856048584,7.78000020980835,7.860000133514404,7.5,7.579999923706055,45823
2020-01-29,6.384555816650391,7.679999828338623,7.840000152587891,7.679999828338623,7.800000190734863,27874
2020-01-30,6.800217628479004,8.180000305175781,8.199999809265137,7.940000057220459,8.100000381469727,226141
2020-01-31,6.850095748901367,8.239999771118164,8.260000228881836,8.15999984741211,8.180000305175781,71287
2020-02-03,6.899975299835205,8.300000190734863,8.300000190734863,8.039999961853027,8.239999771118164,63124
2020-02-04,6.999735355377197,8.420000076293945,8.479999542236328,8.260000228881836,8.420000076293945,54344
2020-02-05,6.883349418640137,8.279999732971191,8.520000457763672,8.0600004196167,8.420000076293945,76757
2020-02-06,7.016359806060791,8.4399995803833,8.520000457763672,8.34000015258789,8.34000015258789,42485
2020-02-07,6.966482639312744,8.380000114440918,8.5,8.239999771118164,8.4399995803833,54919
2020-02-10,6.983108043670654,8.399999618530273,8.4399995803833,8.359999656677246,8.380000114440918,56013
2020-02-11,6.949855804443359,8.359999656677246,8.4399995803833,8.260000228881836,8.399999618530273,81535
2020-02-12,7.0662407875061035,8.5,8.5,8.399999618530273,8.399999618530273,47401
2020-02-13,7.116120338439941,8.5600004196167,8.579999923706055,8.420000076293945,8.5,43367
2020-02-14,7.34889030456543,8.84000015258789,8.859999656677246,8.579999923706055,8.579999923706055,39047
2020-02-17,7.232503890991211,8.699999809265137,8.979999542236328,8.600000381469727,8.880000114440918,64598
2020-02-18,7.182626247406006,8.640000343322754,8.699999809265137,8.539999961853027,8.699999809265137,35743
2020-02-19,7.365516662597656,8.859999656677246,8.960000038146973,8.65999984741211,8.65999984741211,58056
2020-02-20,7.182626247406006,8.640000343322754,8.9399995803833,8.640000343322754,8.920000076293945,41498
2020-02-21,7.165999889373779,8.619999885559082,8.699999809265137,8.520000457763672,8.640000343322754,40983
2020-02-24,6.667206764221191,8.020000457763672,8.5600004196167,7.28000020980835,8.5600004196167,225972
2020-02-25,6.517568111419678,7.840000152587891,8.279999732971191,7.739999771118164,7.920000076293945,169834
2020-02-26,6.783591270446777,8.15999984741211,8.239999771118164,7.320000171661377,7.78000020980835,257352
2020-02-27,6.650579452514648,8.0,8.180000305175781,7.940000057220459,8.100000381469727,89902
2020-02-28,6.650579452514648,8.0,8.100000381469727,7.519999980926514,8.0,248478
2020-03-02,6.966482639312744,8.380000114440918,8.479999542236328,8.0,8.319999694824219,153913
2020-03-03,7.299009799957275,8.779999732971191,8.880000114440918,8.479999542236328,8.520000457763672,131552
2020-03-04,7.149372577667236,8.600000381469727,8.720000267028809,8.520000457763672,8.720000267028809,125213
2020-03-05,7.0662407875061035,8.5,8.779999732971191,8.380000114440918,8.760000228881836,87535
2020-03-06,6.949855804443359,8.359999656677246,8.399999618530273,8.119999885559082,8.399999618530273,81441
2020-03-09,6.46768856048584,7.78000020980835,8.119999885559082,7.599999904632568,7.800000190734863,159998
2020-03-10,6.334676742553711,7.619999885559082,8.0,7.579999923706055,7.739999771118164,104231
2020-03-11,6.068653583526611,7.300000190734863,7.760000228881836,7.199999809265137,7.599999904632568,84744
2020-03-12,5.37034273147583,6.460000038146973,6.760000228881836,6.300000190734863,6.760000228881836,199182
2020-03-13,5.386969566345215,6.480000019073486,6.920000076293945,6.099999904632568,6.340000152587891,150376
2020-03-16,4.7219109535217285,5.679999828338623,6.099999904632568,5.519999980926514,6.099999904632568,178603
2020-03-17,4.539020538330078,5.460000038146973,6.059999942779541,5.400000095367432,5.739999771118164,94993
2020-03-18,4.48914098739624,5.400000095367432,5.639999866485596,5.239999771118164,5.460000038146973,104221
2020-03-19,4.406009674072266,5.300000190734863,5.579999923706055,5.139999866485596,5.360000133514404,92120
2020-03-20,4.7219109535217285,5.679999828338623,5.820000171661377,5.400000095367432,5.400000095367432,131557
2020-03-23,4.322876453399658,5.199999809265137,5.480000019073486,5.179999828338623,5.480000019073486,146195
2020-03-24,4.688658237457275,5.639999866485596,5.699999809265137,5.320000171661377,5.480000019073486,100210
2020-03-25,4.971307277679443,5.980000019073486,6.300000190734863,5.78000020980835,5.960000038146973,95975
2020-03-26,4.8715500831604,5.860000133514404,5.980000019073486,5.659999847412109,5.900000095367432,79570
2020-03-27,4.539020538330078,5.460000038146973,6.019999980926514,5.440000057220459,6.019999980926514,47606
2020-03-30,4.622152805328369,5.559999942779541,5.559999942779541,5.320000171661377,5.480000019073486,60493
2020-03-31,4.8216705322265625,5.800000190734863,6.019999980926514,5.699999809265137,5.699999809265137,61259
2020-04-01,4.672031402587891,5.619999885559082,5.849999904632568,5.550000190734863,5.849999904632568,43044
2020-04-02,4.7219109535217285,5.679999828338623,5.760000228881836,5.579999923706055,5.690000057220459,31773
2020-04-03,4.638779163360596,5.579999923706055,5.690000057220459,5.53000020980835,5.690000057220459,27825
2020-04-06,4.813357353210449,5.789999961853027,5.900000095367432,5.590000152587891,5.690000057220459,54003
2020-04-07,5.2539567947387695,6.320000171661377,6.340000152587891,5.889999866485596,5.900000095367432,107057
2020-04-08,5.12925910949707,6.170000076293945,6.400000095367432,6.119999885559082,6.360000133514404,33074
2020-04-09,5.278896808624268,6.349999904632568,6.579999923706055,6.21999979019165,6.21999979019165,38458
2020-04-14,5.503355026245117,6.619999885559082,6.690000057220459,6.429999828338623,6.429999828338623,52461
2020-04-15,5.1708245277404785,6.21999979019165,6.71999979019165,6.21999979019165,6.710000038146973,67205
2020-04-16,5.12925910949707,6.170000076293945,6.429999828338623,6.110000133514404,6.260000228881836,54010
2020-04-17,5.2539567947387695,6.320000171661377,6.5,6.25,6.269999980926514,58352
2020-04-20,5.278896808624268,6.349999904632568,6.489999771118164,6.320000171661377,6.489999771118164,26671
2020-04-21,5.18745231628418,6.239999771118164,6.5,6.21999979019165,6.320000171661377,34391
2020-04-22,5.382404804229736,6.349999904632568,6.409999847412109,6.179999828338623,6.199999809265137,19615
2020-04-23,5.526501655578613,6.519999980926514,6.579999923706055,6.329999923706055,6.340000152587891,34566
2020-04-24,5.670597553253174,6.690000057220459,6.739999771118164,6.320000171661377,6.570000171661377,28011
2020-04-27,5.840120315551758,6.889999866485596,7.0,6.730000019073486,6.730000019073486,38531
2020-04-28,5.696025371551514,6.71999979019165,7.139999866485596,6.690000057220459,6.960000038146973,31789
2020-04-29,5.916407585144043,6.980000019073486,7.079999923706055,6.900000095367432,7.0,22430
2020-04-30,5.9926934242248535,7.070000171661377,7.150000095367432,6.949999809265137,7.099999904632568,38926
2020-05-04,5.611263275146484,6.619999885559082,7.0,6.559999942779541,7.0,75802
2020-05-05,5.687549591064453,6.710000038146973,6.96999979019165,6.659999847412109,6.909999847412109,24761
2020-05-06,5.729930400848389,6.760000228881836,6.849999904632568,6.75,6.75,18181
2020-05-07,5.746882915496826,6.78000020980835,6.929999828338623,6.78000020980835,6.800000190734863,13550
2020-05-08,5.848597526550293,6.900000095367432,6.980000019073486,6.769999980926514,6.78000020980835,24059
2020-05-11,5.933359622955322,7.0,7.050000190734863,6.900000095367432,6.960000038146973,32386
2020-05-12,5.984217643737793,7.059999942779541,7.070000171661377,6.900000095367432,7.010000228881836,43552
2020-05-13,5.823169231414795,6.869999885559082,7.110000133514404,6.860000133514404,7.110000133514404,37077
2020-05-14,5.704501628875732,6.730000019073486,6.980000019073486,6.699999809265137,6.980000019073486,56522
2020-05-15,6.018123149871826,7.099999904632568,7.179999828338623,6.909999847412109,7.03000020980835,89243
2020-05-18,5.865550518035889,6.920000076293945,7.230000019073486,6.909999847412109,7.170000076293945,64147
2020-05-19,5.907931327819824,6.96999979019165,7.019999980926514,6.760000228881836,7.0,49328
2020-05-20,6.02659797668457,7.110000133514404,7.119999885559082,7.0,7.03000020980835,80372
2020-05-22,5.924883842468262,6.989999771118164,7.079999923706055,6.920000076293945,7.03000020980835,28000
2020-05-25,6.035073757171631,7.119999885559082,7.170000076293945,6.989999771118164,7.0,27563
2020-05-26,6.068979263305664,7.159999847412109,7.199999809265137,7.099999904632568,7.139999866485596,31765
2020-05-27,6.102884769439697,7.199999809265137,7.25,7.170000076293945,7.190000057220459,34009
2020-05-28,6.085931777954102,7.179999828338623,7.25,7.150000095367432,7.210000038146973,85353
2020-05-29,6.043551445007324,7.130000114440918,7.150000095367432,7.059999942779541,7.150000095367432,29946
2020-06-01,6.204599857330322,7.320000171661377,7.389999866485596,7.159999847412109,7.159999847412109,86727
2020-06-02,6.340218544006348,7.480000019073486,7.550000190734863,7.400000095367432,7.489999771118164,39077
2020-06-03,6.509743690490723,7.679999828338623,7.710000038146973,7.46999979019165,7.46999979019165,46627
2020-06-04,6.467363357543945,7.630000114440918,7.849999904632568,7.559999942779541,7.71999979019165,30724
2020-06-05,6.602982044219971,7.789999961853027,7.849999904632568,7.659999847412109,7.739999771118164,45541
2020-06-08,6.535172462463379,7.710000038146973,7.909999847412109,7.710000038146973,7.800000190734863,56802
2020-06-09,6.441934108734131,7.599999904632568,7.78000020980835,7.5,7.730000019073486,34725
2020-06-10,6.263932228088379,7.389999866485596,7.840000152587891,7.389999866485596,7.699999809265137,60262
2020-06-11,6.068979263305664,7.159999847412109,7.300000190734863,6.989999771118164,7.289999961853027,119340
2020-06-12,6.272409439086914,7.400000095367432,7.519999980926514,7.039999961853027,7.130000114440918,71557
2020-06-15,6.145265579223633,7.25,7.440000057220459,7.079999923706055,7.440000057220459,39963
2020-06-16,6.238504886627197,7.360000133514404,7.679999828338623,7.340000152587891,7.510000228881836,51405
2020-06-17,6.39107608795166,7.539999961853027,7.599999904632568,7.420000076293945,7.510000228881836,49069
2020-06-18,6.3826003074646,7.53000020980835,7.599999904632568,7.440000057220459,7.599999904632568,21885
2020-06-22,6.39107608795166,7.539999961853027,7.590000152587891,7.460000038146973,7.53000020980835,18004
2020-06-23,6.4758381843566895,7.639999866485596,7.650000095367432,7.5,7.510000228881836,29374
2020-06-24,6.119836807250977,7.21999979019165,7.460000038146973,7.199999809265137,7.400000095367432,409208
2020-06-25,6.204599857330322,7.320000171661377,7.349999904632568,7.199999809265137,7.239999771118164,111507
2020-06-26,6.145265579223633,7.25,7.440000057220459,7.239999771118164,7.409999847412109,37072
2020-06-29,6.17917013168335,7.289999961853027,7.320000171661377,7.159999847412109,7.239999771118164,38910
2020-06-30,6.145265579223633,7.25,7.320000171661377,7.159999847412109,7.289999961853027,55708
2020-07-01,6.289361000061035,7.420000076293945,7.5,7.349999904632568,7.349999904632568,157559
2020-07-02,6.340218544006348,7.480000019073486,7.519999980926514,7.440000057220459,7.5,81216
2020-07-03,6.4758381843566895,7.639999866485596,7.699999809265137,7.570000171661377,7.570000171661377,129089
2020-07-06,6.560601234436035,7.739999771118164,7.78000020980835,7.679999828338623,7.679999828338623,41984
2020-07-07,6.3826003074646,7.53000020980835,7.75,7.53000020980835,7.75,62869
2020-07-08,6.458885669708252,7.619999885559082,7.699999809265137,7.449999809265137,7.53000020980835,150132
2020-07-09,6.569077014923096,7.75,7.78000020980835,7.639999866485596,7.679999828338623,68676
2020-07-10,6.569077014923096,7.75,7.789999961853027,7.599999904632568,7.730000019073486,113511
2020-07-13,6.586029052734375,7.769999980926514,7.800000190734863,7.710000038146973,7.75,35208
2020-07-14,6.59450626373291,7.78000020980835,7.78000020980835,7.599999904632568,7.699999809265137,65518
2020-07-15,6.552124977111816,7.730000019073486,7.769999980926514,7.710000038146973,7.769999980926514,29727
2020-07-16,6.560601234436035,7.739999771118164,7.800000190734863,7.699999809265137,7.730000019073486,39563
2020-07-17,6.6114583015441895,7.800000190734863,7.929999828338623,7.739999771118164,7.760000228881836,48117
2020-07-20,6.569077014923096,7.75,7.889999866485596,7.710000038146973,7.809999942779541,35370
2020-07-21,6.602982044219971,7.789999961853027,7.840000152587891,7.75,7.760000228881836,31052
2020-07-22,6.670791149139404,7.869999885559082,7.929999828338623,7.800000190734863,7.849999904632568,22919
2020-07-23,6.721649169921875,7.929999828338623,7.980000019073486,7.869999885559082,7.869999885559082,34081
2020-07-24,6.713172912597656,7.920000076293945,7.949999809265137,7.710000038146973,7.889999866485596,45567
2020-07-27,6.764030456542969,7.980000019073486,8.0,7.849999904632568,7.909999847412109,23040
2020-07-28,6.865745544433594,8.100000381469727,8.210000038146973,7.980000019073486,7.989999771118164,96631
2020-07-29,7.365841865539551,8.6899995803833,8.6899995803833,8.25,8.300000190734863,153808
2020-07-30,7.281080722808838,8.59000015258789,8.720000267028809,8.5,8.670000076293945,81476
2020-07-31,7.2471747398376465,8.550000190734863,8.850000381469727,8.5,8.539999961853027,63473
2020-08-03,7.323462963104248,8.640000343322754,8.899999618530273,8.569999694824219,8.600000381469727,65887
2020-08-04,7.272604465484619,8.579999923706055,8.699999809265137,8.380000114440918,8.630000114440918,44179
2020-08-05,7.221747398376465,8.520000457763672,8.600000381469727,8.40999984741211,8.59000015258789,46970
2020-08-06,7.196317195892334,8.489999771118164,8.510000228881836,8.350000381469727,8.510000228881836,98148
2020-08-07,7.289556503295898,8.600000381469727,8.729999542236328,8.4399995803833,8.489999771118164,145871
2020-08-10,7.628605842590332,9.0,9.069999694824219,8.760000228881836,8.760000228881836,121519
2020-08-11,7.670985698699951,9.050000190734863,9.199999809265137,8.9399995803833,9.039999961853027,128720
2020-08-12,7.645556926727295,9.020000457763672,9.180000305175781,8.949999809265137,9.180000305175781,103549
2020-08-13,7.51841402053833,8.869999885559082,9.130000114440918,8.329999923706055,9.100000381469727,246323
2020-08-14,7.637082099914551,9.010000228881836,9.210000038146973,9.0,9.149999618530273,160718
2020-08-17,7.670985698699951,9.050000190734863,9.140000343322754,8.979999542236328,9.029999732971191,65128
2020-08-18,7.704892635345459,9.09000015258789,9.100000381469727,9.010000228881836,9.09000015258789,79641
2020-08-19,8.450799942016602,9.970000267028809,9.970000267028809,9.149999618530273,9.149999618530273,264267
2020-08-20,8.527085304260254,10.0600004196167,10.0600004196167,9.770000457763672,9.9399995803833,133177
2020-08-21,8.764420509338379,10.34000015258789,10.34000015258789,10.039999961853027,10.039999961853027,86227
2020-08-24,9.154327392578125,10.800000190734863,10.84000015258789,10.380000114440918,10.380000114440918,148586
2020-08-25,9.137374877929688,10.779999732971191,10.960000038146973,10.699999809265137,10.800000190734863,90547
2020-08-26,8.900039672851562,10.5,10.779999732971191,10.460000038146973,10.699999809265137,72925
2020-08-27,8.730515480041504,10.300000190734863,10.5600004196167,10.239999771118164,10.5600004196167,69052
2020-08-28,8.527085304260254,10.0600004196167,10.279999732971191,9.979999542236328,10.220000267028809,114062
2020-08-31,8.493182182312012,10.020000457763672,10.140000343322754,9.9399995803833,10.039999961853027,63193
2020-09-01,8.45927619934082,9.979999542236328,10.119999885559082,9.90999984741211,10.100000381469727,77961
2020-09-02,8.366037368774414,9.869999885559082,10.279999732971191,9.8100004196167,10.020000457763672,111942
2020-09-03,8.221940994262695,9.699999809265137,10.279999732971191,9.630000114440918,10.039999961853027,115025
2020-09-04,8.145654678344727,9.609999656677246,9.869999885559082,9.329999923706055,9.600000381469727,195304
2020-09-07,8.128703117370605,9.59000015258789,9.789999961853027,9.550000190734863,9.609999656677246,77892
2020-09-08,8.20499038696289,9.680000305175781,9.789999961853027,9.40999984741211,9.789999961853027,83153
2020-09-09,7.942227363586426,9.369999885559082,9.5,9.15999984741211,9.300000190734863,809716
2020-09-10,8.026988983154297,9.470000267028809,9.5,9.399999618530273,9.5,265305
2020-09-11,7.925274848937988,9.350000381469727,9.550000190734863,9.329999923706055,9.470000267028809,198539
2020-09-14,7.976130485534668,9.40999984741211,9.479999542236328,9.350000381469727,9.4399995803833,149048
2020-09-15,7.984607219696045,9.420000076293945,9.640000343322754,9.399999618530273,9.40999984741211,169855
2020-09-16,7.993083953857422,9.430000305175781,9.510000228881836,9.390000343322754,9.420000076293945,133887
2020-09-17,8.221940994262695,9.699999809265137,9.720000267028809,9.319999694824219,9.420000076293945,178915
2020-09-18,8.450799942016602,9.970000267028809,9.970000267028809,9.829999923706055,9.899999618530273,158773
2020-09-21,8.077844619750977,9.529999732971191,9.970000267028809,9.40999984741211,9.970000267028809,204882
2020-09-22,8.145654678344727,9.609999656677246,9.739999771118164,9.470000267028809,9.470000267028809,81788
2020-09-23,8.171085357666016,9.640000343322754,9.850000381469727,9.600000381469727,9.649999618530273,76287
2020-09-24,8.128703117370605,9.59000015258789,9.59000015258789,9.350000381469727,9.520000457763672,280128
2020-09-25,8.154131889343262,9.619999885559082,9.630000114440918,9.449999809265137,9.59000015258789,115829
2020-09-28,8.332131385803223,9.829999923706055,9.829999923706055,9.640000343322754,9.640000343322754,78336
2020-09-29,8.366037368774414,9.869999885559082,9.9399995803833,9.670000076293945,9.829999923706055,80863
2020-09-30,8.527085304260254,10.0600004196167,10.0600004196167,9.75,9.84000015258789,107671
2020-10-01,8.645752906799316,10.199999809265137,10.199999809265137,9.84000015258789,10.039999961853027,107386
2020-10-02,8.594898223876953,10.140000343322754,10.180000305175781,9.930000305175781,10.100000381469727,83482
2020-10-05,8.747467994689941,10.319999694824219,10.380000114440918,10.15999984741211,10.199999809265137,85326
2020-10-06,8.66270637512207,10.220000267028809,10.380000114440918,10.15999984741211,10.300000190734863,81008
2020-10-07,8.544039726257324,10.079999923706055,10.239999771118164,10.079999923706055,10.15999984741211,65108
2020-10-08,8.611847877502441,10.15999984741211,10.239999771118164,10.079999923706055,10.180000305175781,52856
2020-10-09,8.544039726257324,10.079999923706055,10.199999809265137,10.020000457763672,10.199999809265137,81545
2020-10-12,8.66270637512207,10.220000267028809,10.260000228881836,10.0600004196167,10.15999984741211,99571
2020-10-13,8.57794189453125,10.119999885559082,10.300000190734863,10.0600004196167,10.300000190734863,62996
2020-10-14,8.628800392150879,10.180000305175781,10.199999809265137,10.039999961853027,10.15999984741211,62243
2020-10-15,8.611847877502441,10.15999984741211,10.180000305175781,10.020000457763672,10.100000381469727,72806
2020-10-16,8.560991287231445,10.100000381469727,10.180000305175781,10.0600004196167,10.100000381469727,59029
2020-10-19,8.611847877502441,10.15999984741211,10.199999809265137,10.039999961853027,10.100000381469727,55232
2020-10-20,8.450799942016602,9.970000267028809,10.15999984741211,9.899999618530273,10.079999923706055,92409
2020-10-21,8.272798538208008,9.760000228881836,10.039999961853027,9.739999771118164,10.039999961853027,91222
2020-10-22,8.324236869812012,9.710000038146973,9.800000190734863,9.59000015258789,9.729999542236328,140335
2020-10-23,8.375672340393066,9.770000457763672,9.850000381469727,9.5600004196167,9.710000038146973,179033
2020-10-26,8.084197044372559,9.430000305175781,9.699999809265137,9.34000015258789,9.600000381469727,113855
2020-10-27,7.929885387420654,9.25,9.399999618530273,9.199999809265137,9.399999618530273,95006
2020-10-28,7.8012919425964355,9.100000381469727,9.239999771118164,8.8100004196167,9.199999809265137,209100
2020-10-29,7.784145355224609,9.079999923706055,9.1899995803833,8.9399995803833,9.050000190734863,143513
2020-10-30,7.955602169036865,9.279999732971191,9.279999732971191,8.960000038146973,9.069999694824219,171434
2020-11-02,8.332807540893555,9.720000267028809,9.859999656677246,9.380000114440918,9.460000038146973,133581
2020-11-03,8.332807540893555,9.720000267028809,9.850000381469727,9.579999923706055,9.800000190734863,98319
2020-11-04,8.349954605102539,9.739999771118164,9.90999984741211,9.5600004196167,9.699999809265137,77304
2020-11-05,8.538557052612305,9.960000038146973,9.960000038146973,9.789999961853027,9.789999961853027,215955
2020-11-06,8.778596878051758,10.239999771118164,10.239999771118164,9.859999656677246,9.949999809265137,138530
2020-11-09,8.881471633911133,10.359999656677246,10.65999984741211,10.239999771118164,10.260000228881836,146919
2020-11-10,8.547130584716797,9.970000267028809,10.359999656677246,9.859999656677246,10.359999656677246,179445
2020-11-11,8.778596878051758,10.239999771118164,10.279999732971191,9.710000038146973,9.9399995803833,142577
2020-11-12,8.744305610656738,10.199999809265137,10.199999809265137,10.0600004196167,10.199999809265137,106606
2020-11-13,11.007536888122559,12.84000015258789,12.899999618530273,11.199999809265137,11.199999809265137,889443
2020-11-16,11.127556800842285,12.979999542236328,13.5600004196167,12.739999771118164,13.359999656677246,327634
2020-11-17,10.904662132263184,12.720000267028809,12.979999542236328,12.600000381469727,12.979999542236328,132495
2020-11-18,10.664621353149414,12.4399995803833,12.800000190734863,12.359999656677246,12.699999809265137,114310
2020-11-19,10.801791191101074,12.600000381469727,12.899999618530273,12.140000343322754,12.420000076293945,196736
2020-11-20,10.716059684753418,12.5,12.899999618530273,12.420000076293945,12.899999618530273,80463
2020-11-23,10.664621353149414,12.4399995803833,12.619999885559082,12.399999618530273,12.619999885559082,253051
2020-11-24,10.664621353149414,12.4399995803833,12.600000381469727,12.4399995803833,12.5,92122
2020-11-25,10.42458438873291,12.15999984741211,12.5600004196167,12.15999984741211,12.4399995803833,118646
2020-11-26,10.356000900268555,12.079999923706055,12.359999656677246,11.979999542236328,12.180000305175781,137345
2020-11-27,10.373147010803223,12.100000381469727,12.220000267028809,12.020000457763672,12.220000267028809,104544
2020-11-30,10.527458190917969,12.279999732971191,12.34000015258789,11.800000190734863,12.180000305175781,596066
2020-12-01,10.630331039428711,12.399999618530273,12.760000228881836,12.279999732971191,12.300000190734863,204804
2020-12-02,10.578895568847656,12.34000015258789,12.600000381469727,12.180000305175781,12.5,102502
2020-12-03,10.476019859313965,12.220000267028809,12.520000457763672,12.199999809265137,12.359999656677246,57811
2020-12-04,10.647479057312012,12.420000076293945,12.460000038146973,12.180000305175781,12.220000267028809,43394
2020-12-07,10.578895568847656,12.34000015258789,12.479999542236328,12.220000267028809,12.420000076293945,46463
2020-12-08,10.818934440612793,12.619999885559082,12.819999694824219,12.279999732971191,12.4399995803833,92054
2020-12-09,10.698915481567383,12.479999542236328,12.720000267028809,12.399999618530273,12.640000343322754,41780
2020-12-10,10.613187789916992,12.380000114440918,12.520000457763672,12.199999809265137,12.479999542236328,103368
2020-12-11,10.510313034057617,12.260000228881836,12.420000076293945,12.220000267028809,12.420000076293945,41128
2020-12-14,10.973246574401855,12.800000190734863,12.819999694824219,12.199999809265137,12.260000228881836,136661
2020-12-15,10.801791191101074,12.600000381469727,12.760000228881836,12.460000038146973,12.680000305175781,70768
2020-12-16,10.836081504821777,12.640000343322754,13.239999771118164,12.5600004196167,12.720000267028809,195346
2020-12-17,10.990391731262207,12.819999694824219,13.0,12.720000267028809,12.760000228881836,72333
2020-12-18,11.196139335632324,13.0600004196167,13.15999984741211,12.819999694824219,12.9399995803833,82616
2020-12-21,11.041829109191895,12.880000114440918,13.039999961853027,12.5,13.039999961853027,114222
2020-12-22,11.093265533447266,12.9399995803833,13.220000267028809,12.880000114440918,12.880000114440918,65184
2020-12-23,11.024683952331543,12.859999656677246,13.279999732971191,12.800000190734863,13.180000305175781,86153
2020-12-28,11.281868934631348,13.15999984741211,13.180000305175781,12.800000190734863,13.0,106312
2020-12-29,11.676218032836914,13.619999885559082,13.619999885559082,13.260000228881836,13.260000228881836,97098
2020-12-30,11.659073829650879,13.600000381469727,13.760000228881836,13.220000267028809,13.5600004196167,86559
2021-01-04,11.847676277160645,13.819999694824219,14.180000305175781,13.640000343322754,13.779999732971191,147606
2021-01-05,12.224882125854492,14.260000228881836,14.260000228881836,13.680000305175781,13.899999618530273,112575
2021-01-07,12.173445701599121,14.199999809265137,14.5,14.039999961853027,14.380000114440918,119494
2021-01-08,12.173445701599121,14.199999809265137,14.479999542236328,14.119999885559082,14.199999809265137,51612
2021-01-11,11.916258811950684,13.899999618530273,14.260000228881836,13.579999923706055,14.199999809265137,110138
2021-01-12,11.847676277160645,13.819999694824219,14.119999885559082,13.800000190734863,13.960000038146973,79870
2021-01-13,11.899113655090332,13.880000114440918,14.100000381469727,13.699999809265137,13.880000114440918,71084
2021-01-14,11.933405876159668,13.920000076293945,14.020000457763672,13.800000190734863,14.0,58892
2021-01-15,11.727656364440918,13.680000305175781,14.039999961853027,13.539999961853027,14.039999961853027,60378
2021-01-18,11.573345184326172,13.5,13.779999732971191,13.4399995803833,13.760000228881836,49501
2021-01-19,11.5219087600708,13.4399995803833,13.680000305175781,13.420000076293945,13.65999984741211,43676
2021-01-20,11.38474178314209,13.279999732971191,13.579999923706055,13.220000267028809,13.5,103547
2021-01-21,11.573345184326172,13.5,13.520000457763672,13.300000190734863,13.300000190734863,55123
2021-01-22,11.50476360321045,13.420000076293945,13.5,13.239999771118164,13.5,61195
2021-01-25,11.50476360321045,13.420000076293945,13.579999923706055,13.300000190734863,13.4399995803833,97046
2021-01-26,11.487616539001465,13.399999618530273,13.5,13.319999694824219,13.479999542236328,70446
2021-01-27,11.161849975585938,13.020000457763672,13.4399995803833,12.779999732971191,13.399999618530273,173036
2021-01-28,11.38474178314209,13.279999732971191,13.359999656677246,12.479999542236328,12.9399995803833,214063
2021-01-29,11.727656364440918,13.680000305175781,13.800000190734863,13.0,13.319999694824219,287789
2021-02-01,11.88196849822998,13.859999656677246,13.899999618530273,13.300000190734863,13.739999771118164,412357
2021-02-02,11.590492248535156,13.520000457763672,13.920000076293945,13.460000038146973,13.84000015258789,105992
2021-02-03,11.50476360321045,13.420000076293945,13.699999809265137,13.260000228881836,13.520000457763672,72068
2021-02-04,11.556199073791504,13.479999542236328,13.5600004196167,13.300000190734863,13.460000038146973,120276
2021-02-05,11.316160202026367,13.199999809265137,13.520000457763672,13.119999885559082,13.479999542236328,70884
2021-02-08,11.230432510375977,13.100000381469727,13.359999656677246,13.039999961853027,13.359999656677246,69708
2021-02-09,11.367596626281738,13.260000228881836,13.319999694824219,13.119999885559082,13.239999771118164,73452
2021-02-10,11.333305358886719,13.220000267028809,13.359999656677246,13.100000381469727,13.279999732971191,113687
2021-02-11,11.641929626464844,13.579999923706055,13.579999923706055,13.220000267028809,13.300000190734863,106125
2021-02-12,11.916258811950684,13.899999618530273,14.039999961853027,13.5600004196167,13.579999923706055,68143
2021-02-15,12.08771800994873,14.100000381469727,14.100000381469727,13.84000015258789,13.899999618530273,61071
2021-02-16,12.3106107711792,14.359999656677246,14.479999542236328,14.180000305175781,14.180000305175781,80949
2021-02-17,11.899113655090332,13.880000114440918,14.380000114440918,13.84000015258789,14.359999656677246,48816
2021-02-18,11.693367004394531,13.640000343322754,14.079999923706055,13.619999885559082,13.880000114440918,56961
2021-02-19,12.053424835205078,14.0600004196167,14.15999984741211,13.640000343322754,13.800000190734863,49534
2021-02-22,12.207736015319824,14.239999771118164,14.319999694824219,13.9399995803833,14.0600004196167,51386
2021-02-23,12.3106107711792,14.359999656677246,14.899999618530273,13.979999542236328,14.399999618530273,387278
2021-02-24,12.344901084899902,14.399999618530273,14.760000228881836,14.260000228881836,14.600000381469727,109717
2021-02-25,12.636380195617676,14.739999771118164,14.899999618530273,14.5,14.5,117772
2021-02-26,13.1336030960083,15.319999694824219,15.779999732971191,14.220000267028809,15.319999694824219,448890
2021-03-01,12.756400108337402,14.880000114440918,15.720000267028809,14.779999732971191,15.65999984741211,239766
2021-03-02,12.533504486083984,14.619999885559082,15.0600004196167,14.600000381469727,14.819999694824219,232152
2021-03-03,12.242026329040527,14.279999732971191,14.779999732971191,14.15999984741211,14.640000343322754,218579
2021-03-04,11.779093742370605,13.739999771118164,14.319999694824219,13.539999961853027,14.319999694824219,237109
2021-03-05,11.47047233581543,13.380000114440918,13.84000015258789,13.220000267028809,13.699999809265137,211284
2021-03-08,11.813384056091309,13.779999732971191,13.9399995803833,13.579999923706055,13.680000305175781,145618
2021-03-09,11.744802474975586,13.699999809265137,13.899999618530273,13.65999984741211,13.899999618530273,119476
2021-03-10,11.624783515930176,13.5600004196167,13.899999618530273,13.479999542236328,13.800000190734863,141558
2021-03-11,11.641929626464844,13.579999923706055,13.960000038146973,13.579999923706055,13.619999885559082,110182
2021-03-12,11.607636451721191,13.539999961853027,13.739999771118164,13.4399995803833,13.720000267028809,60972
2021-03-15,11.796239852905273,13.760000228881836,13.819999694824219,13.460000038146973,13.5,74165
2021-03-16,12.08771800994873,14.100000381469727,14.140000343322754,13.779999732971191,13.779999732971191,98232
2021-03-17,11.88196849822998,13.859999656677246,14.15999984741211,13.65999984741211,14.140000343322754,83008
2021-03-18,11.727656364440918,13.680000305175781,14.0,13.640000343322754,14.0,58794
2021-03-19,11.727656364440918,13.680000305175781,13.880000114440918,13.600000381469727,13.680000305175781,75121
2021-03-22,11.779093742370605,13.739999771118164,13.819999694824219,13.65999984741211,13.800000190734863,44132
2021-03-23,11.607636451721191,13.539999961853027,13.819999694824219,13.5,13.819999694824219,35633
2021-03-24,11.247577667236328,13.119999885559082,13.539999961853027,13.079999923706055,13.539999961853027,1297469
2021-03-25,11.144701957702637,13.0,13.300000190734863,12.920000076293945,13.239999771118164,144968
2021-03-26,11.247577667236328,13.119999885559082,13.239999771118164,13.0600004196167,13.079999923706055,105999
2021-03-29,11.2990140914917,13.180000305175781,13.260000228881836,13.180000305175781,13.199999809265137,122725
2021-03-30,11.2990140914917,13.180000305175781,13.220000267028809,13.119999885559082,13.220000267028809,72039
2021-03-31,11.213286399841309,13.079999923706055,13.199999809265137,13.039999961853027,13.199999809265137,160792
2021-04-01,11.744802474975586,13.699999809265137,14.4399995803833,13.699999809265137,14.079999923706055,451182
2021-04-06,11.813384056091309,13.779999732971191,13.970000267028809,13.720000267028809,13.819999694824219,276753
2021-04-07,11.770520210266113,13.729999542236328,13.880000114440918,13.619999885559082,13.819999694824219,148307
2021-04-08,11.787667274475098,13.75,13.760000228881836,13.680000305175781,13.75,232270
2021-04-09,12.122007369995117,14.140000343322754,14.149999618530273,13.800000190734863,13.800000190734863,140874
2021-04-12,12.104863166809082,14.119999885559082,14.279999732971191,14.010000228881836,14.180000305175781,80489
2021-04-13,12.293464660644531,14.34000015258789,14.380000114440918,14.170000076293945,14.199999809265137,85927
2021-04-14,12.33633041381836,14.390000343322754,14.579999923706055,14.329999923706055,14.350000381469727,76288
2021-04-15,12.50778579711914,14.59000015258789,14.670000076293945,14.359999656677246,14.5,89810
2021-04-16,12.730679512023926,14.850000381469727,14.989999771118164,14.649999618530273,14.699999809265137,87293
2021-04-19,12.747824668884277,14.869999885559082,15.079999923706055,14.8100004196167,14.920000076293945,97589
2021-04-20,13.056448936462402,15.229999542236328,15.6899995803833,15.0,15.0,204202
2021-04-21,13.022156715393066,15.1899995803833,15.489999771118164,15.0,15.399999618530273,129377
2021-04-22,13.358936309814453,15.470000267028809,15.619999885559082,15.229999542236328,15.289999961853027,114688
2021-04-23,13.47983169555664,15.609999656677246,15.699999809265137,15.380000114440918,15.489999771118164,124609
2021-04-26,13.626633644104004,15.779999732971191,15.869999885559082,15.630000114440918,15.630000114440918,71303
2021-04-27,13.333029747009277,15.4399995803833,15.819999694824219,15.239999771118164,15.819999694824219,146887
2021-04-28,13.307125091552734,15.40999984741211,15.5600004196167,15.210000038146973,15.449999809265137,135818
2021-04-29,13.203500747680664,15.289999961853027,15.550000190734863,15.130000114440918,15.5,73400
2021-04-30,13.18622875213623,15.270000457763672,15.460000038146973,15.1899995803833,15.3100004196167,61733
2021-05-03,13.24667739868164,15.34000015258789,15.380000114440918,15.15999984741211,15.25,69331
2021-05-04,12.935802459716797,14.979999542236328,15.5600004196167,14.949999809265137,15.489999771118164,117550
2021-05-05,13.281218528747559,15.380000114440918,15.399999618530273,14.970000267028809,14.979999542236328,74010
2021-05-06,13.160322189331055,15.239999771118164,15.399999618530273,15.140000343322754,15.3100004196167,85621
2021-05-07,13.56618595123291,15.710000038146973,15.789999961853027,15.15999984741211,15.239999771118164,99634
2021-05-10,13.419384956359863,15.539999961853027,15.75,15.449999809265137,15.710000038146973,87177
2021-05-11,13.203500747680664,15.289999961853027,15.470000267028809,14.800000190734863,15.449999809265137,199649
2021-05-12,13.471196174621582,15.600000381469727,15.970000267028809,14.880000114440918,15.899999618530273,403302
2021-05-14,13.151686668395996,15.229999542236328,15.5,14.850000381469727,15.5,400476
2021-05-17,12.590388298034668,14.579999923706055,15.300000190734863,14.579999923706055,15.239999771118164,287887
2021-05-18,12.737189292907715,14.75,14.859999656677246,14.619999885559082,14.800000190734863,177482
2021-05-19,12.512669563293457,14.489999771118164,14.699999809265137,14.279999732971191,14.699999809265137,178885
2021-05-20,12.555845260620117,14.539999961853027,14.630000114440918,14.260000228881836,14.479999542236328,143362
2021-05-21,12.599021911621094,14.59000015258789,14.84000015258789,14.539999961853027,14.609999656677246,100186
2021-05-24,13.073969841003418,15.140000343322754,15.199999809265137,14.640000343322754,14.699999809265137,148142
2021-05-25,12.866720199584961,14.899999618530273,15.279999732971191,14.880000114440918,15.15999984741211,112227
2021-05-26,12.728554725646973,14.739999771118164,15.0,14.739999771118164,14.920000076293945,91379
2021-05-27,13.004887580871582,15.0600004196167,15.0600004196167,14.720000267028809,14.789999961853027,861014
2021-05-28,13.255311965942383,15.350000381469727,15.390000343322754,15.020000457763672,15.0600004196167,96509
2021-05-31,13.194864273071289,15.279999732971191,15.489999771118164,15.170000076293945,15.199999809265137,60298
2021-06-01,13.220770835876465,15.3100004196167,15.550000190734863,15.0600004196167,15.279999732971191,106093
2021-06-02,13.471196174621582,15.600000381469727,15.65999984741211,15.210000038146973,15.3100004196167,107681
2021-06-03,13.531644821166992,15.670000076293945,15.84000015258789,15.479999542236328,15.640000343322754,118388
2021-06-04,13.678446769714355,15.84000015258789,15.859999656677246,15.520000457763672,15.699999809265137,98784
2021-06-07,13.488468170166016,15.619999885559082,15.84000015258789,15.420000076293945,15.84000015258789,86429
2021-06-08,13.47983169555664,15.609999656677246,15.649999618530273,15.510000228881836,15.619999885559082,9109
2021-06-09,13.24667739868164,15.34000015258789,15.479999542236328,15.199999809265137,15.479999542236328,72562
2021-06-10,13.393479347229004,15.510000228881836,15.649999618530273,15.140000343322754,15.369999885559082,117807
2021-06-11,13.384842872619629,15.5,15.789999961853027,15.420000076293945,15.479999542236328,85910
2021-06-14,13.220770835876465,15.3100004196167,15.600000381469727,15.25,15.5,59186
2021-06-15,13.151686668395996,15.229999542236328,15.420000076293945,15.210000038146973,15.399999618530273,61643
2021-06-16,13.125781059265137,15.199999809265137,15.289999961853027,15.050000190734863,15.260000228881836,56553
2021-06-17,13.24667739868164,15.34000015258789,15.420000076293945,14.899999618530273,15.149999618530273,96738
2021-06-18,13.272583961486816,15.369999885559082,15.640000343322754,15.0600004196167,15.270000457763672,115053
2021-06-21,13.29848861694336,15.399999618530273,15.5,15.199999809265137,15.289999961853027,51113
2021-06-22,13.419384956359863,15.539999961853027,15.550000190734863,15.149999618530273,15.399999618530273,44196
2021-06-23,13.419384956359863,15.539999961853027,15.649999618530273,15.399999618530273,15.539999961853027,68968
2021-06-24,13.721622467041016,15.890000343322754,16.110000610351562,15.5600004196167,15.6899995803833,126112
2021-06-28,13.85978889465332,16.049999237060547,16.100000381469727,15.600000381469727,15.949999809265137,92151
2021-06-29,14.07567310333252,16.299999237060547,16.350000381469727,15.930000305175781,16.049999237060547,81084
2021-06-30,14.153393745422363,16.389999389648438,16.399999618530273,16.06999969482422,16.350000381469727,66965
2021-07-01,14.23974609375,16.489999771118164,16.65999984741211,16.229999542236328,16.399999618530273,76704
2021-07-02,14.455631256103516,16.739999771118164,16.84000015258789,16.329999923706055,16.450000762939453,81403
2021-07-05,14.472900390625,16.760000228881836,16.90999984741211,16.600000381469727,16.700000762939453,68919
2021-07-06,14.326099395751953,16.59000015258789,16.75,16.540000915527344,16.700000762939453,43101
2021-07-07,14.162028312683105,16.399999618530273,16.649999618530273,16.34000015258789,16.59000015258789,45483
2021-07-08,13.877060890197754,16.06999969482422,16.6299991607666,15.6899995803833,16.6299991607666,107713
2021-07-09,13.851153373718262,16.040000915527344,16.270000457763672,16.010000228881836,16.06999969482422,35699
2021-07-12,14.231109619140625,16.479999542236328,16.479999542236328,16.030000686645508,16.030000686645508,65502
2021-07-13,14.550621032714844,16.850000381469727,16.8700008392334,16.280000686645508,16.440000534057617,98078
2021-07-14,14.636975288391113,16.950000762939453,16.979999542236328,16.540000915527344,16.739999771118164,65844
2021-07-15,14.706055641174316,17.030000686645508,17.280000686645508,16.84000015258789,16.920000076293945,88968
2021-07-16,14.82695198059082,17.170000076293945,17.260000228881836,16.799999237060547,16.799999237060547,48025
2021-07-19,14.567889213562012,16.8700008392334,17.100000381469727,16.770000457763672,17.100000381469727,55972
2021-07-20,14.74923324584961,17.079999923706055,17.1200008392334,16.770000457763672,16.950000762939453,51849
2021-07-21,14.9910249710083,17.360000610351562,17.40999984741211,17.079999923706055,17.079999923706055,56218
2021-07-22,15.241450309753418,17.649999618530273,17.90999984741211,17.020000457763672,17.600000381469727,187579
2021-07-23,15.025564193725586,17.399999618530273,17.780000686645508,17.209999084472656,17.5,142100
2021-07-26,14.887398719787598,17.239999771118164,17.479999542236328,17.110000610351562,17.399999618530273,56474
2021-07-27,14.68014907836914,17.0,17.270000457763672,16.979999542236328,17.239999771118164,45418
2021-07-28,14.68014907836914,17.0,17.110000610351562,16.84000015258789,16.84000015258789,41043
2021-07-29,14.714693069458008,17.040000915527344,17.139999389648438,16.700000762939453,16.989999771118164,49190
2021-07-30,15.025564193725586,17.399999618530273,17.399999618530273,16.790000915527344,16.969999313354492,81161
2021-08-02,15.025564193725586,17.399999618530273,17.59000015258789,17.25,17.399999618530273,54025
2021-08-03,15.08601188659668,17.469999313354492,17.6299991607666,17.25,17.299999237060547,59982
2021-08-04,15.060108184814453,17.440000534057617,17.489999771118164,17.280000686645508,17.469999313354492,29354
2021-08-05,14.91330623626709,17.270000457763672,17.489999771118164,17.239999771118164,17.299999237060547,28845
2021-08-06,15.146461486816406,17.540000915527344,17.93000030517578,17.18000030517578,17.270000457763672,111282
2021-08-09,15.215543746948242,17.6200008392334,17.780000686645508,17.360000610351562,17.520000457763672,36626
2021-08-10,15.569596290588379,18.030000686645508,18.030000686645508,17.559999465942383,17.6299991607666,65279
2021-08-11,15.232813835144043,17.639999389648438,18.0,17.420000076293945,18.0,133279
2021-08-12,15.172367095947266,17.56999969482422,17.690000534057617,17.299999237060547,17.690000534057617,114021
2021-08-13,12.659470558166504,14.65999984741211,15.609999656677246,14.65999984741211,15.300000190734863,1405077
2021-08-16,12.40904426574707,14.369999885559082,15.100000381469727,14.260000228881836,14.989999771118164,780753
2021-08-17,12.711283683776855,14.720000267028809,14.949999809265137,14.319999694824219,14.399999618530273,313312
2021-08-18,12.668106079101562,14.670000076293945,14.9399995803833,14.550000190734863,14.779999732971191,287165
2021-08-19,12.253608703613281,14.1899995803833,14.65999984741211,13.949999809265137,14.600000381469727,435678
2021-08-20,12.305419921875,14.25,14.460000038146973,14.0600004196167,14.239999771118164,228246
2021-08-23,12.676742553710938,14.680000305175781,14.789999961853027,14.350000381469727,14.510000228881836,196278
2021-08-24,12.339962005615234,14.289999961853027,14.8100004196167,14.210000038146973,14.729999542236328,243920
2021-08-25,12.175889015197754,14.100000381469727,14.3100004196167,14.020000457763672,14.300000190734863,202871
2021-08-26,12.003181457519531,13.899999618530273,14.279999732971191,13.880000114440918,14.140000343322754,242559
2021-08-27,11.916828155517578,13.800000190734863,13.90999984741211,13.699999809265137,13.899999618530273,224374
2021-08-30,11.847745895385742,13.720000267028809,13.819999694824219,13.640000343322754,13.800000190734863,131720
2021-08-31,11.778661727905273,13.640000343322754,13.869999885559082,13.359999656677246,13.720000267028809,369554
2021-09-01,12.132711410522461,14.050000190734863,14.149999618530273,13.600000381469727,13.649999618530273,256039
2021-09-02,12.037723541259766,13.9399995803833,14.180000305175781,13.779999732971191,14.100000381469727,158099
2021-09-03,12.219066619873047,14.149999618530273,14.25,13.960000038146973,14.0,192919
2021-09-06,12.175889015197754,14.100000381469727,14.239999771118164,13.859999656677246,14.220000267028809,158228
2021-09-07,12.331326484680176,14.279999732971191,14.40999984741211,14.010000228881836,14.09000015258789,126748
2021-09-08,12.141348838806152,14.0600004196167,14.300000190734863,13.90999984741211,14.289999961853027,110903
2021-09-09,12.054994583129883,13.960000038146973,14.079999923706055,13.829999923706055,14.050000190734863,100799
2021-09-10,11.925463676452637,13.8100004196167,14.0,13.8100004196167,14.0,72820
2021-09-13,11.890921592712402,13.770000457763672,13.899999618530273,13.600000381469727,13.829999923706055,177705
2021-09-14,11.82183837890625,13.6899995803833,13.880000114440918,13.6899995803833,13.720000267028809,167277
2021-09-15,11.467787742614746,13.279999732971191,13.6899995803833,13.220000267028809,13.6899995803833,183640
2021-09-16,11.562777519226074,13.390000343322754,13.569999694824219,13.210000038146973,13.279999732971191,135805
2021-09-17,11.510965347290039,13.329999923706055,13.600000381469727,13.270000457763672,13.390000343322754,121512
2021-09-20,11.269173622131348,13.050000190734863,13.1899995803833,12.5,13.1899995803833,362958
2021-09-21,11.398702621459961,13.199999809265137,13.489999771118164,13.029999732971191,13.050000190734863,174687
2021-09-22,11.744119644165039,13.600000381469727,13.640000343322754,13.229999542236328,13.359999656677246,132935
2021-09-23,11.545506477355957,13.369999885559082,13.869999885559082,13.34000015258789,13.729999542236328,80699
2021-09-24,11.744119644165039,13.600000381469727,13.989999771118164,13.4399995803833,13.970000267028809,229375
2021-09-27,11.718212127685547,13.569999694824219,13.9399995803833,13.449999809265137,13.850000381469727,101504
2021-09-28,11.234634399414062,13.010000228881836,13.5600004196167,13.010000228881836,13.5600004196167,141090
2021-09-29,11.260538101196289,13.039999961853027,13.109999656677246,12.899999618530273,13.020000457763672,77012
2021-09-30,11.061925888061523,12.8100004196167,13.34000015258789,12.8100004196167,13.329999923706055,133636
2021-10-01,11.320985794067383,13.109999656677246,13.15999984741211,12.300000190734863,12.59000015258789,164007
2021-10-04,11.018749237060547,12.760000228881836,13.210000038146973,12.760000228881836,13.210000038146973,121252
2021-10-05,11.200091361999512,12.970000267028809,13.0,12.779999732971191,12.779999732971191,114898
2021-10-06,10.984206199645996,12.720000267028809,12.949999809265137,12.609999656677246,12.949999809265137,132131
2021-10-07,11.165550231933594,12.930000305175781,13.0,12.739999771118164,12.789999961853027,74221
2021-10-08,11.113736152648926,12.869999885559082,13.109999656677246,12.850000381469727,13.109999656677246,84263
2021-10-11,11.174184799194336,12.9399995803833,12.989999771118164,12.680000305175781,12.800000190734863,51053
2021-10-12,11.217361450195312,12.989999771118164,13.210000038146973,12.699999809265137,12.800000190734863,68283
2021-10-13,11.25190258026123,13.029999732971191,13.100000381469727,12.930000305175781,13.0,64044
2021-10-14,11.31235122680664,13.100000381469727,13.15999984741211,12.8100004196167,12.970000267028809,246729
2021-10-15,11.631860733032227,13.470000267028809,13.520000457763672,13.15999984741211,13.25,177315
2021-10-18,11.73548412322998,13.59000015258789,13.59000015258789,13.350000381469727,13.5,42178
2021-10-19,11.813202857971191,13.680000305175781,13.869999885559082,13.600000381469727,13.600000381469727,82866
2021-10-20,11.830474853515625,13.699999809265137,13.800000190734863,13.59000015258789,13.75,101961
2021-10-21,11.987401008605957,13.75,13.829999923706055,13.5,13.59000015258789,82353
2021-10-22,11.9612455368042,13.720000267028809,13.890000343322754,13.609999656677246,13.699999809265137,60350
2021-10-25,12.013553619384766,13.779999732971191,13.800000190734863,13.600000381469727,13.720000267028809,68101
2021-10-26,11.978681564331055,13.739999771118164,13.880000114440918,13.579999923706055,13.75,55758
2021-10-27,11.891501426696777,13.640000343322754,13.789999961853027,13.600000381469727,13.739999771118164,46537
2021-10-28,11.734575271606445,13.460000038146973,13.65999984741211,13.449999809265137,13.640000343322754,43485
2021-10-29,11.699702262878418,13.420000076293945,13.5600004196167,13.260000228881836,13.430000305175781,66136
2021-11-01,11.5863676071167,13.289999961853027,13.630000114440918,13.239999771118164,13.430000305175781,68970
2021-11-02,11.830473899841309,13.569999694824219,13.569999694824219,13.1899995803833,13.260000228881836,87602
2021-11-03,11.769447326660156,13.5,13.739999771118164,13.369999885559082,13.739999771118164,72993
2021-11-04,11.95252799987793,13.710000038146973,13.819999694824219,13.449999809265137,13.5,186891
2021-11-05,12.161761283874512,13.949999809265137,14.130000114440918,13.640000343322754,13.75,113080
2021-11-08,12.048425674438477,13.819999694824219,14.0,13.75,13.949999809265137,56040
2021-11-09,12.118171691894531,13.899999618530273,14.039999961853027,13.739999771118164,13.949999809265137,99828
2021-11-10,11.900218963623047,13.649999618530273,13.899999618530273,13.229999542236328,13.899999618530273,235379
2021-11-11,12.022273063659668,13.789999961853027,13.850000381469727,13.430000305175781,13.649999618530273,111725
2021-11-12,10.836610794067383,12.430000305175781,12.979999542236328,12.300000190734863,12.8100004196167,1012194
2021-11-15,10.339677810668945,11.859999656677246,12.199999809265137,11.720000267028809,12.199999809265137,604312
2021-11-16,10.121724128723145,11.609999656677246,11.960000038146973,11.59000015258789,11.899999618530273,297268
2021-11-17,10.304803848266602,11.819999694824219,12.079999923706055,11.609999656677246,11.649999618530273,306511
2021-11-18,9.999671936035156,11.470000267028809,11.880000114440918,11.449999809265137,11.819999694824219,200347
2021-11-19,10.252496719360352,11.760000228881836,11.8100004196167,11.510000228881836,11.59000015258789,201514
2021-11-22,10.226343154907227,11.729999542236328,12.100000381469727,11.699999809265137,11.970000267028809,168623
2021-11-23,9.973516464233398,11.4399995803833,11.729999542236328,11.390000343322754,11.729999542236328,237164
2021-11-24,9.85146427154541,11.300000190734863,11.579999923706055,11.279999732971191,11.449999809265137,121349
2021-11-25,9.947361946105957,11.40999984741211,11.460000038146973,11.270000457763672,11.300000190734863,132776
2021-11-26,9.773000717163086,11.210000038146973,11.329999923706055,10.960000038146973,11.09000015258789,211058
2021-11-29,9.720691680908203,11.149999618530273,11.479999542236328,11.140000343322754,11.210000038146973,241025
2021-11-30,9.816591262817383,11.260000228881836,11.350000381469727,10.970000267028809,11.100000381469727,174801
2021-12-01,9.982234954833984,11.449999809265137,11.470000267028809,11.119999885559082,11.270000457763672,90732
2021-12-02,9.738127708435059,11.170000076293945,11.5,11.050000190734863,11.5,110115
2021-12-03,9.668383598327637,11.09000015258789,11.270000457763672,11.0,11.199999809265137,85141
2021-12-07,9.711973190307617,11.140000343322754,11.260000228881836,11.039999961853027,11.239999771118164,104366
2021-12-08,10.034543991088867,11.510000228881836,11.539999961853027,11.119999885559082,11.130000114440918,123510
2021-12-09,9.790435791015625,11.229999542236328,11.550000190734863,11.119999885559082,11.130000114440918,221884
2021-12-10,9.703255653381348,11.130000114440918,11.229999542236328,11.039999961853027,11.229999542236328,60645
2021-12-13,9.546329498291016,10.949999809265137,11.229999542236328,10.90999984741211,11.130000114440918,118953
2021-12-14,9.398122787475586,10.779999732971191,11.039999961853027,10.720000267028809,10.960000038146973,152039
2021-12-15,9.47658634185791,10.869999885559082,11.029999732971191,10.760000228881836,10.779999732971191,142528
2021-12-16,9.47658634185791,10.869999885559082,11.170000076293945,10.859999656677246,11.069999694824219,99951
2021-12-17,9.563766479492188,10.970000267028809,10.970000267028809,10.729999542236328,10.850000381469727,117711
2021-12-20,9.44171142578125,10.829999923706055,10.869999885559082,10.649999618530273,10.75,142473
2021-12-21,9.537611961364746,10.9399995803833,10.989999771118164,10.800000190734863,10.829999923706055,115415
2021-12-22,9.677102088928223,11.100000381469727,11.100000381469727,10.880000114440918,10.949999809265137,107875
2021-12-23,9.755563735961914,11.1899995803833,11.260000228881836,11.109999656677246,11.109999656677246,126025
2021-12-27,9.91248893737793,11.369999885559082,11.4399995803833,11.170000076293945,11.199999809265137,150102
2021-12-28,9.834028244018555,11.279999732971191,11.520000457763672,11.25,11.380000114440918,174826
2021-12-29,10.156596183776855,11.649999618530273,11.670000076293945,11.300000190734863,11.300000190734863,184925
2021-12-30,9.999671936035156,11.470000267028809,11.699999809265137,11.460000038146973,11.649999618530273,236958
2022-01-03,10.113007545471191,11.600000381469727,11.699999809265137,11.279999732971191,11.529999732971191,164495
2022-01-04,9.89505386352539,11.350000381469727,11.90999984741211,11.34000015258789,11.770000457763672,223093
2022-01-05,10.025825500488281,11.5,11.520000457763672,11.319999694824219,11.359999656677246,100124
2022-01-07,9.703255653381348,11.130000114440918,11.4399995803833,11.109999656677246,11.4399995803833,112495
2022-01-10,9.424275398254395,10.8100004196167,11.220000267028809,10.729999542236328,11.220000267028809,152451
2022-01-11,9.459149360656738,10.850000381469727,11.020000457763672,10.779999732971191,10.899999618530273,105006
2022-01-12,9.607357025146484,11.020000457763672,11.130000114440918,10.800000190734863,10.949999809265137,105465
2022-01-13,9.52889347076416,10.930000305175781,11.050000190734863,10.829999923706055,11.039999961853027,114683
2022-01-14,9.424275398254395,10.8100004196167,10.970000267028809,10.729999542236328,10.890000343322754,104592
2022-01-17,9.711973190307617,11.140000343322754,11.149999618530273,10.819999694824219,10.84000015258789,196831
2022-01-18,9.467865943908691,10.859999656677246,11.140000343322754,10.84000015258789,11.140000343322754,93444
2022-01-19,9.249914169311523,10.609999656677246,10.869999885559082,10.579999923706055,10.800000190734863,143631
2022-01-20,9.371967315673828,10.75,10.829999923706055,10.460000038146973,10.640000343322754,170950
2022-01-21,9.363250732421875,10.739999771118164,11.09000015258789,10.260000228881836,10.5600004196167,812746
2022-01-24,8.840163230895996,10.140000343322754,10.84000015258789,10.050000190734863,10.770000457763672,403733
2022-01-25,9.328376770019531,10.699999809265137,10.949999809265137,10.40999984741211,10.5,214603
2022-01-26,9.7642822265625,11.199999809265137,11.40999984741211,10.670000076293945,10.9399995803833,351655
2022-01-27,9.677102088928223,11.100000381469727,11.210000038146973,10.819999694824219,11.020000457763672,170900
2022-01-28,9.642230033874512,11.0600004196167,11.25,10.90999984741211,11.199999809265137,79815
2022-01-31,9.86018180847168,11.3100004196167,11.399999618530273,11.069999694824219,11.25,115768
2022-02-01,9.85146427154541,11.300000190734863,11.5600004196167,11.199999809265137,11.470000267028809,107565
2022-02-02,9.755563735961914,11.1899995803833,11.5,11.170000076293945,11.40999984741211,149390
2022-02-03,9.581201553344727,10.989999771118164,11.180000305175781,10.970000267028809,11.180000305175781,90751
2022-02-04,9.47658634185791,10.869999885559082,11.0600004196167,10.84000015258789,10.989999771118164,57534
2022-02-07,9.711973190307617,11.140000343322754,11.289999961853027,11.010000228881836,11.149999618530273,145178
2022-02-08,9.842745780944824,11.289999961853027,11.319999694824219,11.069999694824219,11.279999732971191,112500
2022-02-09,10.069416046142578,11.550000190734863,11.579999923706055,11.220000267028809,11.220000267028809,191080
2022-02-10,9.807872772216797,11.25,11.8100004196167,11.140000343322754,11.550000190734863,226908
2022-02-11,9.746847152709961,11.180000305175781,11.229999542236328,11.039999961853027,11.180000305175781,86091
2022-02-14,9.616072654724121,11.029999732971191,11.079999923706055,10.65999984741211,10.960000038146973,135524
2022-02-15,9.720691680908203,11.149999618530273,11.15999984741211,10.949999809265137,11.029999732971191,49335
2022-02-16,9.650946617126465,11.069999694824219,11.3100004196167,11.050000190734863,11.149999618530273,63482
2022-02-17,9.450430870056152,10.84000015258789,11.09000015258789,10.84000015258789,11.079999923706055,91007
2022-02-18,9.188888549804688,10.539999961853027,10.859999656677246,10.5,10.829999923706055,100041
2022-02-21,9.15401554107666,10.5,10.65999984741211,10.229999542236328,10.59000015258789,138936
2022-02-22,9.136577606201172,10.479999542236328,10.579999923706055,10.15999984741211,10.1899995803833,115713
2022-02-23,8.988370895385742,10.3100004196167,10.770000457763672,10.300000190734863,10.470000267028809,67376
2022-02-24,8.761700630187988,10.050000190734863,10.180000305175781,9.704999923706055,9.765000343322754,220956
2022-02-25,9.110424041748047,10.449999809265137,10.470000267028809,10.029999732971191,10.079999923706055,101895
2022-02-28,9.337095260620117,10.710000038146973,10.710000038146973,9.96500015258789,10.100000381469727,158420
2022-03-01,8.761700630187988,10.050000190734863,10.710000038146973,10.050000190734863,10.710000038146973,120565
2022-03-02,8.892471313476562,10.199999809265137,10.270000457763672,9.84000015258789,10.050000190734863,138377
2022-03-03,8.630928039550781,9.899999618530273,10.34000015258789,9.869999885559082,10.199999809265137,109318
2022-03-04,8.944779396057129,10.260000228881836,10.569999694824219,10.0,10.09000015258789,357232
2022-03-07,8.474002838134766,9.720000267028809,10.180000305175781,9.529999732971191,9.979999542236328,273365
2022-03-08,8.657082557678223,9.930000305175781,10.109999656677246,9.645000457763672,9.664999961853027,318181
2022-03-09,8.866316795349121,10.170000076293945,10.380000114440918,10.100000381469727,10.210000038146973,156894
2022-03-10,8.805289268493652,10.100000381469727,10.420000076293945,10.029999732971191,10.319999694824219,144002
2022-03-11,9.066834449768066,10.399999618530273,10.65999984741211,10.1899995803833,10.220000267028809,129197
2022-03-14,9.241196632385254,10.600000381469727,10.739999771118164,10.4399995803833,10.5,151821
2022-03-15,8.892471313476562,10.199999809265137,10.529999732971191,10.199999809265137,10.529999732971191,80412
2022-03-16,9.354530334472656,10.729999542236328,10.789999961853027,10.329999923706055,10.40999984741211,138777
2022-03-17,9.276068687438965,10.640000343322754,10.979999542236328,10.520000457763672,10.949999809265137,92459
2022-03-18,9.354530334472656,10.729999542236328,10.800000190734863,10.529999732971191,10.800000190734863,63219
2022-03-21,9.328376770019531,10.699999809265137,10.770000457763672,10.5,10.729999542236328,56495
2022-03-22,9.459149360656738,10.850000381469727,10.880000114440918,10.579999923706055,10.6899995803833,49495
2022-03-23,9.25863265991211,10.619999885559082,10.899999618530273,10.550000190734863,10.8100004196167,68969
2022-03-24,9.110424041748047,10.449999809265137,10.600000381469727,10.359999656677246,10.600000381469727,64137
2022-03-25,8.979652404785156,10.300000190734863,10.600000381469727,10.25,10.600000381469727,71106
2022-03-28,8.918625831604004,10.229999542236328,10.479999542236328,10.199999809265137,10.359999656677246,50285
2022-03-29,9.694537162780762,11.119999885559082,11.279999732971191,10.529999732971191,10.600000381469727,212057
2022-03-30,9.773000717163086,11.210000038146973,11.300000190734863,10.899999618530273,11.119999885559082,94210
2022-03-31,9.790435791015625,11.229999542236328,11.3100004196167,11.039999961853027,11.210000038146973,67621
2022-04-01,9.7642822265625,11.199999809265137,11.319999694824219,11.0600004196167,11.229999542236328,54333
2022-04-04,9.755563735961914,11.1899995803833,11.270000457763672,11.020000457763672,11.180000305175781,91610
2022-04-05,9.790435791015625,11.229999542236328,11.369999885559082,11.130000114440918,11.1899995803833,72309
2022-04-06,9.729410171508789,11.15999984741211,11.40999984741211,11.010000228881836,11.239999771118164,206062
2022-04-07,9.47658634185791,10.869999885559082,11.180000305175781,10.850000381469727,11.180000305175781,38823
2022-04-08,9.415557861328125,10.800000190734863,10.979999542236328,10.699999809265137,10.869999885559082,59879
2022-04-11,9.267351150512695,10.630000114440918,10.850000381469727,10.550000190734863,10.850000381469727,37361
2022-04-12,9.293503761291504,10.65999984741211,10.789999961853027,10.470000267028809,10.630000114440918,30069
2022-04-13,9.15401554107666,10.5,10.699999809265137,10.460000038146973,10.65999984741211,22004
2022-04-14,9.215041160583496,10.569999694824219,10.710000038146973,10.460000038146973,10.5,33683
2022-04-19,9.206324577331543,10.5600004196167,10.609999656677246,10.430000305175781,10.569999694824219,36818
2022-04-20,9.241196632385254,10.600000381469727,10.770000457763672,10.399999618530273,10.600000381469727,73951
2022-04-21,9.364176750183105,10.65999984741211,10.800000190734863,10.569999694824219,10.619999885559082,38451
2022-04-22,9.100646018981934,10.359999656677246,10.579999923706055,10.34000015258789,10.579999923706055,80103
2022-04-25,8.801976203918457,10.020000457763672,10.3100004196167,9.970000267028809,10.3100004196167,65210
2022-04-26,8.740484237670898,9.949999809265137,10.239999771118164,9.920000076293945,10.079999923706055,49793
2022-04-27,8.51648235321045,9.694999694824219,9.875,9.630000114440918,9.850000381469727,102682
2022-04-28,8.66142463684082,9.859999656677246,9.920000076293945,9.699999809265137,9.699999809265137,59970
2022-04-29,8.50330638885498,9.680000305175781,10.020000457763672,9.680000305175781,9.885000228881836,47668
2022-05-02,8.323225021362305,9.475000381469727,9.739999771118164,9.130000114440918,9.699999809265137,110667
2022-05-03,8.314440727233887,9.46500015258789,9.6850004196167,9.420000076293945,9.425000190734863,75386
2022-05-04,8.230988502502441,9.369999885559082,9.505000114440918,9.305000305175781,9.46500015258789,46816
2022-05-05,8.046516418457031,9.15999984741211,9.555000305175781,9.154999732971191,9.430000305175781,64046
2022-05-06,8.037732124328613,9.149999618530273,9.194999694824219,8.970000267028809,9.149999618530273,132582
2022-05-09,7.712707996368408,8.779999732971191,9.149999618530273,8.75,9.074999809265137,100307
2022-05-10,7.576550006866455,8.625,8.869999885559082,8.604999542236328,8.779999732971191,94020
2022-05-11,7.756631851196289,8.829999923706055,8.954999923706055,8.625,8.630000114440918,124404
2022-05-12,7.756631851196289,8.829999923706055,8.914999961853027,8.625,8.789999961853027,87133
2022-05-13,7.782983303070068,8.859999656677246,9.145000457763672,8.385000228881836,8.460000038146973,131574
2022-05-16,7.488706111907959,8.524999618530273,9.095000267028809,8.430000305175781,9.0,718329
2022-05-17,7.809338092803955,8.890000343322754,9.020000457763672,8.5600004196167,8.5600004196167,192210
2022-05-18,7.5853352546691895,8.635000228881836,9.09000015258789,8.635000228881836,8.890000343322754,97565
2022-05-19,7.440392971038818,8.470000267028809,8.529999732971191,8.359999656677246,8.529999732971191,117052
2022-05-20,7.317410469055176,8.329999923706055,8.640000343322754,8.324999809265137,8.470000267028809,68744
2022-05-23,7.484314918518066,8.520000457763672,8.524999618530273,8.295000076293945,8.34000015258789,65662
2022-05-24,7.493098735809326,8.529999732971191,8.600000381469727,8.425000190734863,8.510000228881836,60342
2022-05-25,7.708316326141357,8.774999618530273,8.835000038146973,8.600000381469727,8.645000457763672,102905
2022-05-27,7.9147515296936035,9.010000228881836,9.050000190734863,8.760000228881836,8.760000228881836,65544
2022-05-30,7.752237796783447,8.824999809265137,9.149999618530273,8.800000190734863,9.010000228881836,69224
2022-05-31,7.822514057159424,8.904999732971191,9.010000228881836,8.729999542236328,8.824999809265137,101243
2022-06-01,7.734669208526611,8.805000305175781,8.984999656677246,8.800000190734863,8.904999732971191,55124
2022-06-02,7.831297874450684,8.914999961853027,8.96500015258789,8.805000305175781,8.805000305175781,46892
2022-06-03,7.813729763031006,8.895000457763672,9.085000038146973,8.895000457763672,8.930000305175781,28774
2022-06-06,7.985025882720947,9.09000015258789,9.145000457763672,8.895000457763672,9.0,43600
2022-06-07,7.853259086608887,8.9399995803833,9.149999618530273,8.8100004196167,9.085000038146973,88241
2022-06-08,7.72588586807251,8.795000076293945,8.989999771118164,8.770000457763672,8.9399995803833,25615
2022-06-09,7.655610084533691,8.71500015258789,8.920000076293945,8.65999984741211,8.795000076293945,54490
2022-06-10,7.435999870300293,8.46500015258789,8.710000038146973,8.46500015258789,8.710000038146973,73089
2022-06-13,7.471137523651123,8.505000114440918,8.600000381469727,8.255000114440918,8.385000228881836,97182
2022-06-14,7.176859378814697,8.170000076293945,8.53499984741211,8.140000343322754,8.505000114440918,72584
2022-06-15,7.238350868225098,8.239999771118164,8.345000267028809,8.114999771118164,8.220000267028809,50974
2022-06-16,6.974818706512451,7.940000057220459,8.225000381469727,7.875,8.199999809265137,67173
2022-06-17,7.067054271697998,8.045000076293945,8.1850004196167,7.940000057220459,7.940000057220459,63282
2022-06-20,7.172467231750488,8.164999961853027,8.1850004196167,7.960000038146973,8.0,54840
2022-06-21,7.0626630783081055,8.039999961853027,8.25,8.03499984741211,8.119999885559082,35969
2022-06-22,7.036310195922852,8.010000228881836,8.09000015258789,7.809999942779541,8.0600004196167,55604
2022-06-23,6.935288429260254,7.894999980926514,8.095000267028809,7.755000114440918,8.010000228881836,40010
2022-06-27,7.128544807434082,8.114999771118164,8.175000190734863,7.829999923706055,7.829999923706055,73839
2022-06-28,7.053878307342529,8.029999732971191,8.255000114440918,7.980000019073486,8.255000114440918,31907
2022-06-29,6.935288429260254,7.894999980926514,8.109999656677246,7.869999885559082,8.109999656677246,20209
2022-06-30,6.825484275817871,7.769999980926514,7.849999904632568,7.65500020980835,7.840000152587891,41871
2022-07-01,6.825484275817871,7.769999980926514,7.914999961853027,7.690000057220459,7.789999961853027,39598
2022-07-04,6.605874061584473,7.519999980926514,7.75,7.514999866485596,7.659999847412109,68390
2022-07-05,6.671756744384766,7.59499979019165,7.724999904632568,7.505000114440918,7.519999980926514,71537
2022-07-06,6.856228828430176,7.804999828338623,7.920000076293945,7.619999885559082,7.619999885559082,47476
2022-07-07,6.900150775909424,7.855000019073486,7.929999828338623,7.760000228881836,7.809999942779541,62440
2022-07-08,6.900150775909424,7.855000019073486,7.940000057220459,7.739999771118164,7.940000057220459,37371
2022-07-11,6.878190040588379,7.829999923706055,7.925000190734863,7.684999942779541,7.849999904632568,28688
2022-07-12,6.904543399810791,7.860000133514404,7.894999980926514,7.650000095367432,7.829999923706055,17721
2022-07-13,6.825484275817871,7.769999980926514,7.829999923706055,7.679999828338623,7.775000095367432,31003
2022-07-14,6.579520225524902,7.489999771118164,7.760000228881836,7.440000057220459,7.599999904632568,59028
2022-07-15,6.6454033851623535,7.565000057220459,7.585000038146973,7.414999961853027,7.489999771118164,52195
2022-07-18,6.6937174797058105,7.619999885559082,7.715000152587891,7.579999923706055,7.579999923706055,78763
2022-07-19,6.794738292694092,7.735000133514404,7.744999885559082,7.525000095367432,7.599999904632568,58087
2022-07-20,6.7112860679626465,7.639999866485596,7.730000019073486,7.480000019073486,7.699999809265137,80736
2022-07-21,6.807915210723877,7.75,7.869999885559082,7.675000190734863,7.78000020980835,57849
2022-07-22,7.031918048858643,8.005000114440918,8.029999732971191,7.670000076293945,7.769999980926514,86569
2022-07-25,6.821091651916504,7.764999866485596,8.005000114440918,7.730000019073486,8.005000114440918,52827
2022-07-26,6.72446346282959,7.65500020980835,7.809999942779541,7.644999980926514,7.769999980926514,36436
2022-07-27,6.72446346282959,7.65500020980835,7.704999923706055,7.599999904632568,7.679999828338623,23664
2022-07-28,6.763993263244629,7.699999809265137,7.724999904632568,7.554999828338623,7.65500020980835,128348
2022-07-29,7.067054271697998,8.045000076293945,8.125,7.724999904632568,7.724999904632568,107715
2022-08-01,7.106585502624512,8.09000015258789,8.194999694824219,7.934999942779541,8.194999694824219,73705
2022-08-02,6.763993263244629,7.699999809265137,7.909999847412109,7.610000133514404,7.900000095367432,100399
2022-08-03,6.922111988067627,7.880000114440918,7.900000095367432,7.690000057220459,7.699999809265137,41272
2022-08-04,6.996779441833496,7.965000152587891,8.045000076293945,7.90500020980835,8.0,36894
2022-08-05,6.948465347290039,7.909999847412109,8.095000267028809,7.829999923706055,8.095000267028809,34991
2022-08-08,6.957250595092773,7.920000076293945,8.010000228881836,7.829999923706055,7.909999847412109,51109
2022-08-09,6.772777557373047,7.710000038146973,7.929999828338623,7.670000076293945,7.925000190734863,73251
2022-08-10,6.939681053161621,7.900000095367432,7.900000095367432,7.639999866485596,7.710000038146973,52229
2022-08-11,6.149084091186523,7.0,8.039999961853027,7.0,7.900000095367432,265959
2022-08-12,5.692295551300049,6.480000019073486,6.885000228881836,6.360000133514404,6.820000171661377,1392527
2022-08-15,5.749393939971924,6.545000076293945,6.739999771118164,6.489999771118164,6.599999904632568,737213
2022-08-16,5.938258647918701,6.760000228881836,6.784999847412109,6.489999771118164,6.605000019073486,416247
2022-08-17,5.859199047088623,6.670000076293945,6.929999828338623,6.605000019073486,6.760000228881836,548359
2022-08-18,5.920689582824707,6.739999771118164,6.840000152587891,6.610000133514404,6.675000190734863,135189
2022-08-19,5.6571574211120605,6.440000057220459,6.739999771118164,6.420000076293945,6.739999771118164,242483
2022-08-22,5.534176349639893,6.300000190734863,6.5,6.255000114440918,6.5,157084
2022-08-23,5.477077960968018,6.235000133514404,6.355000019073486,6.179999828338623,6.300000190734863,109227
2022-08-24,5.525392055511475,6.289999961853027,6.355000019073486,6.179999828338623,6.25,83199
2022-08-25,5.525392055511475,6.289999961853027,6.389999866485596,6.170000076293945,6.324999809265137,90072
2022-08-26,5.433155536651611,6.184999942779541,6.355000019073486,6.139999866485596,6.289999961853027,66088
2022-08-29,5.358487606048584,6.099999904632568,6.139999866485596,6.019999980926514,6.050000190734863,164428
2022-08-30,5.33213472366333,6.070000171661377,6.210000038146973,6.039999961853027,6.090000152587891,96613
2022-08-31,5.349703311920166,6.090000152587891,6.159999847412109,6.03000020980835,6.074999809265137,86309
2022-09-01,5.130093097686768,5.840000152587891,6.079999923706055,5.809999942779541,6.079999923706055,227400
2022-09-02,5.152054309844971,5.864999771118164,5.925000190734863,5.679999828338623,5.880000114440918,261388
2022-09-05,5.002719879150391,5.695000171661377,5.824999809265137,5.625,5.71999979019165,142087
2022-09-06,4.9851508140563965,5.675000190734863,5.840000152587891,5.650000095367432,5.659999847412109,73943
2022-09-07,5.015896797180176,5.710000038146973,5.730000019073486,5.599999904632568,5.699999809265137,110724
2022-09-08,5.002719879150391,5.695000171661377,5.78000020980835,5.610000133514404,5.71999979019165,130982
2022-09-09,5.112524509429932,5.820000171661377,5.84499979019165,5.684999942779541,5.684999942779541,105758
2022-09-12,5.310173511505127,6.045000076293945,6.045000076293945,5.864999771118164,5.940000057220459,158154
2022-09-13,5.116916656494141,5.824999809265137,6.050000190734863,5.764999866485596,6.045000076293945,150902
2022-09-14,5.007111549377441,5.699999809265137,5.840000152587891,5.679999828338623,5.760000228881836,78442
2022-09-15,5.002719879150391,5.695000171661377,5.764999866485596,5.659999847412109,5.699999809265137,57662
2022-09-16,4.941228866577148,5.625,5.704999923706055,5.605000019073486,5.65500020980835,191061
2022-09-19,5.037857532501221,5.735000133514404,5.789999961853027,5.579999923706055,5.630000114440918,82686
2022-09-20,4.9939351081848145,5.684999942779541,5.760000228881836,5.630000114440918,5.739999771118164,133836
2022-09-21,4.901698589324951,5.579999923706055,5.664999961853027,5.579999923706055,5.585000038146973,122358
2022-09-22,4.857777118682861,5.53000020980835,5.559999942779541,5.474999904632568,5.5,106736
2022-09-23,4.717226505279541,5.369999885559082,5.519999980926514,5.329999923706055,5.519999980926514,187930
2022-09-26,4.704049587249756,5.355000019073486,5.434999942779541,5.284999847412109,5.369999885559082,181436
2022-09-27,4.668912410736084,5.315000057220459,5.40500020980835,5.260000228881836,5.360000133514404,213141
2022-09-28,4.835815906524658,5.505000114440918,5.505000114440918,5.150000095367432,5.25,225522
2022-09-29,4.677696228027344,5.324999809265137,5.505000114440918,5.260000228881836,5.505000114440918,131405
2022-09-30,4.655735969543457,5.300000190734863,5.40500020980835,5.195000171661377,5.320000171661377,156770
2022-10-03,4.664519786834717,5.309999942779541,5.329999923706055,5.135000228881836,5.25,125356
2022-10-04,4.712833881378174,5.364999771118164,5.460000038146973,5.315000057220459,5.380000114440918,211545
2022-10-05,4.58106803894043,5.215000152587891,5.364999771118164,5.184999942779541,5.364999771118164,136728
2022-10-06,4.559107303619385,5.190000057220459,5.380000114440918,5.179999828338623,5.269999980926514,115667
2022-10-07,4.475655555725098,5.09499979019165,5.235000133514404,5.025000095367432,5.199999809265137,155810
2022-10-10,4.4009881019592285,5.010000228881836,5.09499979019165,4.984000205993652,5.085000038146973,374080
2022-10-11,4.367607116699219,4.9720001220703125,5.025000095367432,4.920000076293945,5.0,230332
2022-10-12,4.33071231842041,4.929999828338623,5.025000095367432,4.9120001792907715,5.019999980926514,224222
2022-10-13,4.383418560028076,4.989999771118164,5.019999980926514,4.8379998207092285,4.927999973297119,496354
2022-10-14,4.348280906677246,4.949999809265137,5.119999885559082,4.9120001792907715,5.050000190734863,335706
2022-10-17,4.392202854156494,5.0,5.034999847412109,4.955999851226807,4.960000038146973,266310
2022-10-18,4.48004674911499,5.099999904632568,5.119999885559082,5.050000190734863,5.070000171661377,266678
2022-10-19,4.4009881019592285,5.010000228881836,5.175000190734863,4.989999771118164,5.119999885559082,269985
2022-10-20,4.411787986755371,4.9019999504089355,4.923999786376953,4.829999923706055,4.909999847412109,279172
2022-10-21,4.343387603759766,4.826000213623047,4.868000030517578,4.751999855041504,4.857999801635742,229479
2022-10-24,4.366787433624268,4.8520002365112305,4.9019999504089355,4.763999938964844,4.826000213623047,207190
2022-10-25,4.350587368011475,4.834000110626221,4.920000076293945,4.702000141143799,4.869999885559082,318655
2022-10-26,4.418987274169922,4.909999847412109,4.97599983215332,4.840000152587891,4.849999904632568,404677
2022-10-27,4.341587543487549,4.823999881744385,4.97599983215332,4.760000228881836,4.909999847412109,266719
2022-10-28,4.253388404846191,4.72599983215332,4.849999904632568,4.677999973297119,4.849999904632568,355878
2022-10-31,4.4081878662109375,4.8979997634887695,4.943999767303467,4.710000038146973,4.76200008392334,259433
2022-11-01,4.489187240600586,4.98799991607666,5.059999942779541,4.943999767303467,4.949999809265137,306921
2022-11-02,4.494586944580078,4.99399995803833,5.039999961853027,4.949999809265137,5.005000114440918,164593
2022-11-03,4.487387180328369,4.986000061035156,5.014999866485596,4.831999778747559,4.880000114440918,133338
2022-11-04,4.607986927032471,5.119999885559082,5.159999847412109,5.03000020980835,5.03000020980835,221275
2022-11-07,4.693487167358398,5.215000152587891,5.289999961853027,5.070000171661377,5.119999885559082,233756
2022-11-08,4.679986476898193,5.199999809265137,5.264999866485596,5.159999847412109,5.264999866485596,109045
2022-11-09,4.661986351013184,5.179999828338623,5.199999809265137,5.059999942779541,5.199999809265137,172521
2022-11-10,4.891486167907715,5.434999942779541,5.485000133514404,5.090000152587891,5.179999828338623,360626
2022-11-11,5.188485622406006,5.764999866485596,5.784999847412109,5.539999961853027,5.579999923706055,375390
2022-11-14,5.1299848556518555,5.699999809265137,5.840000152587891,5.635000228881836,5.795000076293945,209294
2022-11-15,5.05348539352417,5.614999771118164,5.760000228881836,5.53000020980835,5.724999904632568,166720
2022-11-16,4.895986557006836,5.440000057220459,5.610000133514404,5.420000076293945,5.610000133514404,139124
2022-11-17,4.742987155914307,5.269999980926514,5.474999904632568,5.215000152587891,5.454999923706055,408919
2022-11-18,4.567486763000488,5.074999809265137,5.150000095367432,4.820000171661377,4.995999813079834,1124414
2022-11-21,4.483786582946777,4.98199987411499,5.090000152587891,4.958000183105469,5.074999809265137,329027
2022-11-22,4.522487163543701,5.025000095367432,5.045000076293945,4.918000221252441,5.0,258552
2022-11-23,4.51798677444458,5.019999980926514,5.054999828338623,4.920000076293945,5.045000076293945,211552
2022-11-24,4.630486965179443,5.144999980926514,5.210000038146973,5.010000228881836,5.019999980926514,187420
2022-11-25,4.792486190795898,5.324999809265137,5.324999809265137,5.105000019073486,5.159999847412109,143593
2022-11-28,4.702486515045166,5.224999904632568,5.244999885559082,5.184999942779541,5.21999979019165,126914
2022-11-29,4.792486190795898,5.324999809265137,5.340000152587891,5.199999809265137,5.210000038146973,139904
2022-11-30,4.589986801147461,5.099999904632568,5.309999942779541,5.099999904632568,5.309999942779541,1275616
2022-12-01,4.742987155914307,5.269999980926514,5.300000190734863,5.159999847412109,5.179999828338623,203051
2022-12-02,4.841986179351807,5.380000114440918,5.409999847412109,5.230000019073486,5.269999980926514,210887
2022-12-05,4.846486568450928,5.385000228881836,5.449999809265137,5.315000057220459,5.400000095367432,145497
2022-12-07,4.715986728668213,5.239999771118164,5.300000190734863,5.184999942779541,5.300000190734863,228716
2022-12-08,4.652986526489258,5.170000076293945,5.244999885559082,5.090000152587891,5.230000019073486,162885
2022-12-09,4.715986728668213,5.239999771118164,5.25,5.135000228881836,5.175000190734863,105287
2022-12-12,4.648486614227295,5.164999961853027,5.230000019073486,5.090000152587891,5.215000152587891,142445
2022-12-13,4.715986728668213,5.239999771118164,5.335000038146973,5.099999904632568,5.195000171661377,267613
2022-12-14,4.711486339569092,5.235000133514404,5.235000133514404,5.09499979019165,5.204999923706055,192638
2022-12-15,4.598987102508545,5.110000133514404,5.235000133514404,5.110000133514404,5.224999904632568,92790
2022-12-16,4.576487064361572,5.085000038146973,5.150000095367432,5.03000020980835,5.110000133514404,180551
2022-12-19,4.51798677444458,5.019999980926514,5.105000019073486,4.984000205993652,5.085000038146973,165862
2022-12-20,4.53598690032959,5.039999961853027,5.059999942779541,4.9120001792907715,5.0,166338
2022-12-21,4.697986602783203,5.21999979019165,5.224999904632568,5.039999961853027,5.039999961853027,138562
2022-12-22,4.576487064361572,5.085000038146973,5.230000019073486,5.054999828338623,5.21999979019165,146962
2022-12-23,4.612486362457275,5.125,5.164999961853027,5.079999923706055,5.085000038146973,116170
2022-12-27,4.621486663818359,5.135000228881836,5.195000171661377,5.079999923706055,5.125,187257
2022-12-28,4.471187114715576,4.9679999351501465,5.130000114440918,4.966000080108643,5.130000114440918,219830
2022-12-29,4.60348653793335,5.114999771118164,5.119999885559082,4.883999824523926,4.958000183105469,218985
2022-12-30,3.8969886302948,4.329999923706055,5.159999847412109,4.294000148773193,5.099999904632568,3170535
2023-01-02,3.9545891284942627,4.394000053405762,4.4720001220703125,4.182000160217285,4.360000133514404,909829
2023-01-03,3.9941890239715576,4.438000202178955,4.519999980926514,4.375999927520752,4.395999908447266,408624
2023-01-04,4.066188335418701,4.51800012588501,4.51800012588501,4.320000171661377,4.4039998054504395,474803
2023-01-05,4.093188762664795,4.547999858856201,4.547999858856201,4.426000118255615,4.519999980926514,271157
2023-01-09,4.240787982940674,4.711999893188477,4.714000225067139,4.570000171661377,4.570000171661377,281009
2023-01-10,4.3055877685546875,4.783999919891357,4.822000026702881,4.605999946594238,4.673999786376953,262661
2023-01-11,4.141788482666016,4.6020002365112305,4.751999855041504,4.6020002365112305,4.73799991607666,169977
2023-01-12,4.130988597869873,4.590000152587891,4.590000152587891,4.349999904632568,4.349999904632568,271794
2023-01-13,4.078788757324219,4.5320000648498535,4.639999866485596,4.495999813079834,4.590000152587891,222088
2023-01-16,4.09678840637207,4.552000045776367,4.573999881744385,4.51200008392334,4.5320000648498535,90751
2023-01-17,4.121988773345947,4.579999923706055,4.593999862670898,4.486000061035156,4.552000045776367,91689
2023-01-18,4.1039886474609375,4.559999942779541,4.605999946594238,4.550000190734863,4.579999923706055,83353
2023-01-19,4.0247883796691895,4.4720001220703125,4.585999965667725,4.449999809265137,4.572000026702881,108895
2023-01-20,4.03018856048584,4.478000164031982,4.5,4.449999809265137,4.46999979019165,71158
2023-01-23,4.040987968444824,4.489999771118164,4.5279998779296875,4.438000202178955,4.5,84704
2023-01-24,4.013988494873047,4.460000038146973,4.52400016784668,4.438000202178955,4.5,72092
2023-01-25,4.037388324737549,4.486000061035156,4.5320000648498535,4.460000038146973,4.460000038146973,37814
2023-01-26,4.078788757324219,4.5320000648498535,4.547999858856201,4.466000080108643,4.498000144958496,120831
2023-01-27,4.109388828277588,4.565999984741211,4.584000110626221,4.507999897003174,4.5320000648498535,76025
2023-01-30,4.022988319396973,4.46999979019165,4.565999984741211,4.46999979019165,4.565999984741211,75406
2023-01-31,4.058988094329834,4.510000228881836,4.519999980926514,4.460000038146973,4.5,69726
2023-02-01,4.039188385009766,4.48799991607666,4.553999900817871,4.478000164031982,4.510000228881836,65523
2023-02-02,4.186788082122803,4.6519999504089355,4.676000118255615,4.473999977111816,4.473999977111816,194664
2023-02-03,4.271388053894043,4.745999813079834,4.765999794006348,4.564000129699707,4.625999927520752,150218
2023-02-06,4.354187488555908,4.8379998207092285,4.8379998207092285,4.716000080108643,4.745999813079834,116928
2023-02-07,4.366787433624268,4.8520002365112305,4.869999885559082,4.785999774932861,4.840000152587891,61721
2023-02-08,4.489187240600586,4.98799991607666,4.989999771118164,4.820000171661377,4.860000133514404,105244
2023-02-09,4.51798677444458,5.019999980926514,5.110000133514404,5.010000228881836,5.014999866485596,112775
2023-02-10,4.513487339019775,5.014999866485596,5.045000076293945,4.849999904632568,5.034999847412109,96665
2023-02-13,4.643986225128174,5.159999847412109,5.179999828338623,5.014999866485596,5.014999866485596,103284
2023-02-14,4.643986225128174,5.159999847412109,5.235000133514404,5.099999904632568,5.179999828338623,100989
2023-02-15,4.742987155914307,5.269999980926514,5.284999847412109,5.159999847412109,5.159999847412109,69963
2023-02-16,4.652986526489258,5.170000076293945,5.300000190734863,5.110000133514404,5.269999980926514,134876
2023-02-17,4.531486988067627,5.034999847412109,5.150000095367432,5.010000228881836,5.150000095367432,70322
2023-02-20,4.50448751449585,5.005000114440918,5.059999942779541,4.973999977111816,5.034999847412109,49152
2023-02-21,4.5089874267578125,5.010000228881836,5.054999828338623,4.949999809265137,4.949999809265137,52079
2023-02-22,4.4999871253967285,5.0,5.03000020980835,4.914000034332275,4.995999813079834,63408
2023-02-23,4.496386528015137,4.995999813079834,5.085000038146973,4.995999813079834,5.014999866485596,37742
2023-02-24,4.48018741607666,4.978000164031982,5.034999847412109,4.958000183105469,5.034999847412109,30028
2023-02-27,4.607986927032471,5.119999885559082,5.144999980926514,4.989999771118164,5.0,61187
2023-02-28,4.558487415313721,5.065000057220459,5.139999866485596,4.980000019073486,5.139999866485596,55362
2023-03-01,4.526987075805664,5.03000020980835,5.085000038146973,4.995999813079834,5.050000190734863,52381
2023-03-02,4.498187065124512,4.998000144958496,5.070000171661377,4.863999843597412,5.03000020980835,89557
2023-03-03,4.580987453460693,5.090000152587891,5.329999923706055,4.889999866485596,5.0,355269
2023-03-06,4.909485340118408,5.454999923706055,5.579999923706055,5.260000228881836,5.260000228881836,283987
2023-03-07,4.936485767364502,5.485000133514404,5.570000171661377,5.420000076293945,5.465000152587891,102211
2023-03-08,4.837486267089844,5.375,5.46999979019165,5.300000190734863,5.46999979019165,67124
2023-03-09,4.837486267089844,5.375,5.375,5.244999885559082,5.349999904632568,63968
2023-03-10,4.769986152648926,5.300000190734863,5.300000190734863,5.159999847412109,5.28000020980835,102948
2023-03-13,4.679986476898193,5.199999809265137,5.300000190734863,5.090000152587891,5.300000190734863,94067
2023-03-14,4.661986351013184,5.179999828338623,5.215000152587891,5.025000095367432,5.199999809265137,149442
2023-03-15,4.526987075805664,5.03000020980835,5.179999828338623,4.958000183105469,5.179999828338623,91195
2023-03-16,4.553987503051758,5.059999942779541,5.090000152587891,4.927999973297119,5.090000152587891,33805
2023-03-17,4.522487163543701,5.025000095367432,5.320000171661377,4.980000019073486,5.090000152587891,67409
2023-03-20,4.531486988067627,5.034999847412109,5.065000057220459,4.829999923706055,4.949999809265137,47962
2023-03-21,4.558487415313721,5.065000057220459,5.144999980926514,5.034999847412109,5.034999847412109,33926
2023-03-22,4.50448751449585,5.005000114440918,5.105000019073486,5.005000114440918,5.105000019073486,18448
2023-03-23,4.522487163543701,5.025000095367432,5.034999847412109,4.909999847412109,5.014999866485596,26252
2023-03-24,4.5089874267578125,5.010000228881836,5.054999828338623,4.9720001220703125,5.025000095367432,25470
2023-03-27,4.481986999511719,4.980000019073486,5.090000152587891,4.964000225067139,5.070000171661377,34169
2023-03-28,4.4999871253967285,5.0,5.039999961853027,4.915999889373779,5.039999961853027,36440
2023-03-29,4.5089874267578125,5.010000228881836,5.079999923706055,4.964000225067139,5.079999923706055,12867
2023-03-30,4.679986476898193,5.199999809265137,5.199999809265137,5.014999866485596,5.014999866485596,57075
2023-03-31,4.688986778259277,5.210000038146973,5.239999771118164,5.139999866485596,5.215000152587891,40346
2023-04-03,4.675487041473389,5.195000171661377,5.264999866485596,5.179999828338623,5.224999904632568,47219
2023-04-04,4.684486389160156,5.204999923706055,5.264999866485596,5.204999923706055,5.204999923706055,31226
2023-04-05,4.657486915588379,5.175000190734863,5.230000019073486,5.085000038146973,5.230000019073486,39024
2023-04-06,4.715986728668213,5.239999771118164,5.244999885559082,5.105000019073486,5.105000019073486,40796
2023-04-11,4.814986228942871,5.349999904632568,5.394999980926514,5.199999809265137,5.28000020980835,74301
2023-04-12,4.738486289978027,5.264999866485596,5.349999904632568,5.215000152587891,5.349999904632568,21035
2023-04-13,4.855485916137695,5.394999980926514,5.420000076293945,5.289999961853027,5.340000152587891,64912
2023-04-14,4.9049859046936035,5.449999809265137,5.474999904632568,5.315000057220459,5.400000095367432,97046
2023-04-17,4.9679856300354,5.519999980926514,5.519999980926514,5.429999828338623,5.460000038146973,40633
2023-04-18,4.850986003875732,5.389999866485596,5.519999980926514,5.375,5.514999866485596,30173
2023-04-19,4.814986228942871,5.349999904632568,5.389999866485596,5.289999961853027,5.389999866485596,23279
2023-04-20,4.760986328125,5.289999961853027,5.349999904632568,5.230000019073486,5.349999904632568,43771
2023-04-21,4.829130172729492,5.315000057220459,5.315000057220459,5.159999847412109,5.28000020980835,43264
2023-04-24,4.738272190093994,5.215000152587891,5.315000057220459,5.195000171661377,5.315000057220459,25838
2023-04-25,4.860930442810059,5.349999904632568,5.349999904632568,5.139999866485596,5.184999942779541,37818
2023-04-26,4.942703723907471,5.440000057220459,5.440000057220459,5.230000019073486,5.300000190734863,38244
2023-04-27,4.910903453826904,5.40500020980835,5.449999809265137,5.34499979019165,5.440000057220459,30340
2023-04-28,5.0426483154296875,5.550000190734863,5.579999923706055,5.394999980926514,5.40500020980835,69324
2023-05-02,5.101705551147461,5.614999771118164,5.724999904632568,5.559999942779541,5.559999942779541,56343
2023-05-03,5.088077068328857,5.599999904632568,5.630000114440918,5.534999847412109,5.625,57175
2023-05-04,4.969961166381836,5.46999979019165,5.650000095367432,5.385000228881836,5.599999904632568,58353
2023-05-05,5.15622091293335,5.675000190734863,5.690000057220459,5.429999828338623,5.429999828338623,70828
2023-05-08,5.228908061981201,5.755000114440918,5.769999980926514,5.659999847412109,5.679999828338623,104311
2023-05-09,5.274336814880371,5.804999828338623,5.804999828338623,5.679999828338623,5.755000114440918,72470
2023-05-10,5.369738578796387,5.909999847412109,5.954999923706055,5.795000076293945,5.804999828338623,138425
2023-05-11,5.374281406402588,5.914999961853027,5.96999979019165,5.820000171661377,5.920000076293945,104070
2023-05-12,4.99267578125,5.494999885559082,5.550000190734863,5.025000095367432,5.150000095367432,629082
2023-05-15,4.847302436828613,5.335000038146973,5.5,5.099999904632568,5.489999771118164,220516
2023-05-16,4.919989109039307,5.414999961853027,5.485000133514404,5.215000152587891,5.349999904632568,128886
2023-05-17,4.847302436828613,5.335000038146973,5.525000095367432,5.275000095367432,5.414999961853027,89674
2023-05-19,4.815501689910889,5.300000190734863,5.409999847412109,5.260000228881836,5.340000152587891,79443
2023-05-22,4.742815017700195,5.21999979019165,5.300000190734863,5.210000038146973,5.300000190734863,52764
2023-05-23,4.706470966339111,5.179999828338623,5.210000038146973,5.159999847412109,5.199999809265137,56456
2023-05-24,4.670127868652344,5.139999866485596,5.179999828338623,5.110000133514404,5.179999828338623,51803
2023-05-25,4.5747270584106445,5.034999847412109,5.15500020980835,5.034999847412109,5.139999866485596,50285
2023-05-26,4.64741325378418,5.114999771118164,5.114999771118164,5.010000228881836,5.059999942779541,51698
2023-05-29,4.58835506439209,5.050000190734863,5.239999771118164,5.034999847412109,5.114999771118164,33707
2023-05-30,4.583812236785889,5.045000076293945,5.135000228881836,5.03000020980835,5.050000190734863,23198
2023-05-31,4.64741325378418,5.114999771118164,5.139999866485596,5.010000228881836,5.019999980926514,49508
2023-06-01,4.738272190093994,5.215000152587891,5.21999979019165,5.085000038146973,5.114999771118164,51691
2023-06-02,4.92453145980835,5.420000076293945,5.429999828338623,5.224999904632568,5.224999904632568,46662
2023-06-05,4.92453145980835,5.420000076293945,5.494999885559082,5.355000019073486,5.425000190734863,54589
2023-06-06,4.974503993988037,5.474999904632568,5.480000019073486,5.409999847412109,5.409999847412109,33892
2023-06-07,5.074448585510254,5.585000038146973,5.585000038146973,5.46999979019165,5.474999904632568,44241
2023-06-08,5.0426483154296875,5.550000190734863,5.559999942779541,5.420000076293945,5.5,61750
2023-06-09,4.897274494171143,5.389999866485596,5.550000190734863,5.360000133514404,5.5,47598
2023-06-12,4.93361759185791,5.429999828338623,5.465000152587891,5.21999979019165,5.389999866485596,172059
2023-06-13,5.019933700561523,5.525000095367432,5.550000190734863,5.349999904632568,5.429999828338623,62974
2023-06-14,5.056276798248291,5.565000057220459,5.574999809265137,5.5,5.525000095367432,46697
2023-06-15,4.960875034332275,5.460000038146973,5.574999809265137,5.400000095367432,5.510000228881836,36504
2023-06-16,4.929075241088867,5.425000190734863,5.5,5.414999961853027,5.460000038146973,58528
2023-06-19,4.974503993988037,5.474999904632568,5.485000133514404,5.425000190734863,5.445000171661377,41486
2023-06-20,4.965418338775635,5.465000152587891,5.519999980926514,5.429999828338623,5.474999904632568,27237
2023-06-21,4.860930442810059,5.349999904632568,5.505000114440918,5.309999942779541,5.465000152587891,37394
2023-06-22,4.806415557861328,5.289999961853027,5.340000152587891,5.204999923706055,5.340000152587891,21582
2023-06-26,4.906359672546387,5.400000095367432,5.460000038146973,5.284999847412109,5.289999961853027,56876
2023-06-27,4.92453145980835,5.420000076293945,5.465000152587891,5.349999904632568,5.400000095367432,45660
2023-06-28,4.938160419464111,5.434999942779541,5.434999942779541,5.380000114440918,5.420000076293945,21618
2023-06-29,4.947246074676514,5.445000171661377,5.454999923706055,5.400000095367432,5.420000076293945,11454
2023-06-30,4.93361759185791,5.429999828338623,5.489999771118164,5.420000076293945,5.445000171661377,20804
2023-07-03,4.906359672546387,5.400000095367432,5.409999847412109,5.28000020980835,5.409999847412109,30241
2023-07-04,4.92453145980835,5.420000076293945,5.429999828338623,5.364999771118164,5.400000095367432,30824
2023-07-05,4.842759132385254,5.329999923706055,5.420000076293945,5.269999980926514,5.420000076293945,27757
2023-07-06,4.751900672912598,5.230000019073486,5.329999923706055,5.179999828338623,5.329999923706055,39694
2023-07-07,4.8382158279418945,5.324999809265137,5.324999809265137,5.21999979019165,5.230000019073486,17403
2023-07-10,4.865473747253418,5.355000019073486,5.380000114440918,5.114999771118164,5.324999809265137,26425
2023-07-11,4.82004451751709,5.304999828338623,5.355000019073486,5.264999866485596,5.355000019073486,13315
2023-07-12,4.892731666564941,5.385000228881836,5.385000228881836,5.269999980926514,5.304999828338623,16909
2023-07-13,4.88818883895874,5.380000114440918,5.400000095367432,5.320000171661377,5.389999866485596,12237
2023-07-14,4.751900672912598,5.230000019073486,5.364999771118164,5.215000152587891,5.364999771118164,16212
2023-07-17,4.60198450088501,5.065000057220459,5.164999961853027,5.03000020980835,5.159999847412109,43674
2023-07-18,4.651956081390381,5.119999885559082,5.150000095367432,4.97599983215332,5.039999961853027,34106
2023-07-19,4.71555757522583,5.190000057220459,5.204999923706055,5.105000019073486,5.105000019073486,29260
2023-07-20,4.674670696258545,5.144999980926514,5.230000019073486,5.105000019073486,5.204999923706055,19090
2023-07-21,4.633784294128418,5.099999904632568,5.119999885559082,5.054999828338623,5.119999885559082,19846
2023-07-24,4.615612983703613,5.079999923706055,5.119999885559082,5.034999847412109,5.099999904632568,17953
2023-07-25,4.59744119644165,5.059999942779541,5.099999904632568,5.039999961853027,5.099999904632568,32941
2023-07-26,4.729185581207275,5.204999923706055,5.204999923706055,5.045000076293945,5.099999904632568,29665
2023-07-27,4.765529632568359,5.244999885559082,5.255000114440918,5.170000076293945,5.204999923706055,30775
2023-07-28,4.742815017700195,5.21999979019165,5.244999885559082,5.204999923706055,5.204999923706055,12604
2023-07-31,4.751900672912598,5.230000019073486,5.244999885559082,5.150000095367432,5.21999979019165,33673
2023-08-01,4.88818883895874,5.380000114440918,5.400000095367432,5.199999809265137,5.230000019073486,56570
2023-08-02,4.87910270690918,5.369999885559082,5.375,5.25,5.369999885559082,19238
2023-08-03,4.87910270690918,5.369999885559082,5.400000095367432,5.309999942779541,5.324999809265137,24871
2023-08-04,4.969961166381836,5.46999979019165,5.489999771118164,5.21999979019165,5.21999979019165,35298
2023-08-07,4.92453145980835,5.420000076293945,5.644999980926514,5.420000076293945,5.46999979019165,34886
2023-08-08,4.938160419464111,5.434999942779541,5.465000152587891,5.329999923706055,5.400000095367432,27404
2023-08-09,4.951789379119873,5.449999809265137,5.554999828338623,5.449999809265137,5.449999809265137,129325
2023-08-10,4.865473747253418,5.355000019073486,5.480000019073486,5.329999923706055,5.449999809265137,72767
2023-08-11,5.446968078613281,5.994999885559082,6.170000076293945,5.755000114440918,5.78000020980835,573531
2023-08-14,5.50148344039917,6.054999828338623,6.170000076293945,6.014999866485596,6.119999885559082,164657
2023-08-15,5.50148344039917,6.054999828338623,6.159999847412109,6.025000095367432,6.054999828338623,106243
2023-08-16,5.515112400054932,6.070000171661377,6.164999961853027,6.025000095367432,6.054999828338623,116525
2023-08-17,5.406081676483154,5.949999809265137,6.070000171661377,5.90500020980835,6.070000171661377,37780
2023-08-18,5.292508602142334,5.824999809265137,5.929999828338623,5.730000019073486,5.900000095367432,47514
2023-08-21,5.374281406402588,5.914999961853027,5.929999828338623,5.730000019073486,5.824999809265137,35768
2023-08-22,5.406081676483154,5.949999809265137,6.039999961853027,5.875,5.900000095367432,33569
2023-08-23,5.3015947341918945,5.835000038146973,6.045000076293945,5.820000171661377,5.954999923706055,24061
2023-08-24,5.147135257720947,5.664999961853027,5.864999771118164,5.65500020980835,5.835000038146973,38101
2023-08-25,5.1107916831970215,5.625,5.744999885559082,5.590000152587891,5.664999961853027,33333
2023-08-28,5.2788801193237305,5.809999942779541,5.815000057220459,5.625,5.664999961853027,35413
2023-08-29,5.401539325714111,5.945000171661377,5.965000152587891,5.815000057220459,5.815000057220459,45820
2023-08-30,5.428796768188477,5.974999904632568,6.03000020980835,5.869999885559082,5.949999809265137,49524
2023-08-31,5.5559983253479,6.114999771118164,6.139999866485596,5.974999904632568,5.985000133514404,68327
2023-09-01,5.533283710479736,6.090000152587891,6.139999866485596,6.039999961853027,6.114999771118164,23873
2023-09-04,5.5559983253479,6.114999771118164,6.255000114440918,6.079999923706055,6.079999923706055,36489
2023-09-05,5.510569095611572,6.065000057220459,6.170000076293945,6.065000057220459,6.139999866485596,32950
2023-09-06,5.433339595794678,5.980000019073486,6.110000133514404,5.980000019073486,6.065000057220459,44373
2023-09-07,5.324309825897217,5.860000133514404,5.989999771118164,5.84499979019165,5.960000038146973,45810
2023-09-08,5.410624980926514,5.954999923706055,5.965000152587891,5.784999847412109,5.800000190734863,58400
2023-09-11,5.410624980926514,5.954999923706055,6.019999980926514,5.929999828338623,5.954999923706055,32424
2023-09-12,5.3015947341918945,5.835000038146973,5.949999809265137,5.835000038146973,5.949999809265137,16596
2023-09-13,5.228908061981201,5.755000114440918,5.835000038146973,5.724999904632568,5.835000038146973,15873
2023-09-14,5.192564487457275,5.715000152587891,5.784999847412109,5.684999942779541,5.760000228881836,25244
2023-09-15,5.201650619506836,5.724999904632568,5.78000020980835,5.684999942779541,5.715000152587891,31738
2023-09-18,5.224365234375,5.75,5.760000228881836,5.699999809265137,5.71999979019165,16308
2023-09-19,5.1743927001953125,5.695000171661377,5.84499979019165,5.695000171661377,5.735000133514404,32870
2023-09-20,5.2379937171936035,5.764999866485596,5.835000038146973,5.690000057220459,5.695000171661377,19336
2023-09-21,5.1743927001953125,5.695000171661377,5.815000057220459,5.65500020980835,5.78000020980835,32535
2023-09-22,5.128963470458984,5.644999980926514,5.710000038146973,5.590000152587891,5.710000038146973,34142
2023-09-25,5.051733493804932,5.559999942779541,5.679999828338623,5.550000190734863,5.644999980926514,27683
2023-09-26,4.979046821594238,5.480000019073486,5.554999828338623,5.474999904632568,5.554999828338623,16036
2023-09-27,5.069904804229736,5.579999923706055,5.635000228881836,5.480000019073486,5.480000019073486,136636
2023-09-28,5.147135257720947,5.664999961853027,5.695000171661377,5.59499979019165,5.610000133514404,39238
2023-09-29,5.047190189361572,5.554999828338623,5.735000133514404,5.554999828338623,5.670000076293945,32798
2023-10-02,4.997218608856201,5.5,5.585000038146973,5.460000038146973,5.539999961853027,24645
2023-10-03,4.956332206726074,5.454999923706055,5.510000228881836,5.389999866485596,5.505000114440918,30266
2023-10-04,4.906359672546387,5.400000095367432,5.425000190734863,5.315000057220459,5.400000095367432,34351
2023-10-05,4.847302436828613,5.335000038146973,5.454999923706055,5.329999923706055,5.400000095367432,23551
2023-10-06,4.938160419464111,5.434999942779541,5.460000038146973,5.340000152587891,5.340000152587891,35723
2023-10-09,4.860930442810059,5.349999904632568,5.425000190734863,5.295000076293945,5.400000095367432,21388
2023-10-10,4.947246074676514,5.445000171661377,5.485000133514404,5.400000095367432,5.400000095367432,52897
2023-10-11,4.860930442810059,5.349999904632568,5.454999923706055,5.349999904632568,5.445000171661377,14423
2023-10-12,4.883645057678223,5.375,5.454999923706055,5.349999904632568,5.349999904632568,17211
2023-10-13,4.829130172729492,5.315000057220459,5.375,5.309999942779541,5.375,19577
2023-10-16,4.765529632568359,5.244999885559082,5.315000057220459,5.224999904632568,5.315000057220459,27245
2023-10-17,4.860930442810059,5.349999904632568,5.414999961853027,5.28000020980835,5.409999847412109,52734
2023-10-18,4.815501689910889,5.300000190734863,5.349999904632568,5.239999771118164,5.349999904632568,22238
2023-10-19,4.842759132385254,5.329999923706055,5.329999923706055,5.21999979019165,5.300000190734863,26085
2023-10-20,4.87910270690918,5.369999885559082,5.369999885559082,5.230000019073486,5.329999923706055,39387
2023-10-23,4.721712112426758,5.099999904632568,5.349999904632568,5.079999923706055,5.349999904632568,52177
2023-10-24,4.68467903137207,5.059999942779541,5.175000190734863,5.014999866485596,5.139999866485596,44391
2023-10-25,4.638388633728027,5.010000228881836,5.074999809265137,4.966000080108643,5.074999809265137,32599
2023-10-26,4.71708345413208,5.09499979019165,5.09499979019165,4.927999973297119,5.010000228881836,25160
2023-10-27,4.5680251121521,4.934000015258789,5.099999904632568,4.9039998054504395,5.099999904632568,65370
2023-10-30,4.52173376083374,4.883999824523926,4.9679999351501465,4.863999843597412,4.929999828338623,43440
2023-10-31,4.721712112426758,5.099999904632568,5.099999904632568,4.874000072479248,4.886000156402588,67633
2023-11-01,4.768003940582275,5.150000095367432,5.150000095367432,5.034999847412109,5.099999904632568,50453
2023-11-02,5.00408935546875,5.40500020980835,5.454999923706055,5.099999904632568,5.099999904632568,72668
2023-11-03,5.277207374572754,5.699999809265137,5.710000038146973,5.400000095367432,5.400000095367432,68013
2023-11-06,5.179996013641357,5.59499979019165,5.704999923706055,5.550000190734863,5.699999809265137,33824
2023-11-07,5.272578716278076,5.695000171661377,5.75,5.59499979019165,5.605000019073486,88118
2023-11-08,5.3234992027282715,5.75,5.855000019073486,5.644999980926514,5.695000171661377,59530
2023-11-09,5.4531145095825195,5.889999866485596,5.894999980926514,5.684999942779541,5.75,61942
2023-11-10,5.152221202850342,5.565000057220459,6.159999847412109,5.559999942779541,6.050000190734863,205203
2023-11-13,5.110558986663818,5.519999980926514,5.635000228881836,5.425000190734863,5.489999771118164,104942
2023-11-14,5.29109525680542,5.715000152587891,5.715000152587891,5.539999961853027,5.550000190734863,59686
2023-11-15,5.1707377433776855,5.585000038146973,5.784999847412109,5.585000038146973,5.724999904632568,44932
2023-11-16,5.00408935546875,5.40500020980835,5.614999771118164,5.389999866485596,5.590000152587891,38439
2023-11-17,5.031863689422607,5.434999942779541,5.474999904632568,5.269999980926514,5.389999866485596,46255
2023-11-20,4.916135787963867,5.309999942779541,5.449999809265137,5.309999942779541,5.434999942779541,32452
2023-11-21,4.957798004150391,5.355000019073486,5.40500020980835,5.304999828338623,5.309999942779541,32572
2023-11-22,5.00408935546875,5.40500020980835,5.480000019073486,5.34499979019165,5.380000114440918,26154
2023-11-23,4.957798004150391,5.355000019073486,5.449999809265137,5.309999942779541,5.380000114440918,33210
2023-11-24,5.008718013763428,5.409999847412109,5.614999771118164,5.369999885559082,5.369999885559082,19596
2023-11-27,4.985572814941406,5.385000228881836,5.414999961853027,5.324999809265137,5.400000095367432,33778
2023-11-28,5.059638977050781,5.465000152587891,5.474999904632568,5.275000095367432,5.389999866485596,31465
2023-11-29,5.087413311004639,5.494999885559082,5.519999980926514,5.434999942779541,5.465000152587891,37214
2023-11-30,5.0272345542907715,5.429999828338623,5.489999771118164,5.400000095367432,5.489999771118164,20539
2023-12-01,5.0179762840271,5.420000076293945,5.449999809265137,5.349999904632568,5.409999847412109,40827
2023-12-04,5.078155517578125,5.485000133514404,5.550000190734863,5.420000076293945,5.420000076293945,65716
2023-12-05,5.045751094818115,5.449999809265137,5.545000076293945,5.409999847412109,5.485000133514404,26798
2023-12-07,5.105929851531982,5.514999866485596,5.545000076293945,5.400000095367432,5.40500020980835,41220
2023-12-08,5.101301193237305,5.510000228881836,5.605000019073486,5.510000228881836,5.514999866485596,31948
2023-12-11,5.0272345542907715,5.429999828338623,5.510000228881836,5.320000171661377,5.510000228881836,40154
2023-12-12,5.055009365081787,5.460000038146973,5.519999980926514,5.309999942779541,5.309999942779541,116882
2023-12-13,4.967055797576904,5.364999771118164,5.489999771118164,5.349999904632568,5.465000152587891,61863
2023-12-14,5.207770824432373,5.625,5.625,5.380000114440918,5.380000114440918,63490
2023-12-15,5.138334274291992,5.550000190734863,5.679999828338623,5.545000076293945,5.625,44472
2023-12-18,5.147592067718506,5.559999942779541,5.585000038146973,5.489999771118164,5.5,34477
2023-12-19,5.207770824432373,5.625,5.664999961853027,5.550000190734863,5.550000190734863,35579
2023-12-20,5.258691310882568,5.679999828338623,5.704999923706055,5.590000152587891,5.599999904632568,55482
2023-12-21,5.198512077331543,5.614999771118164,5.635000228881836,5.570000171661377,5.630000114440918,26306
2023-12-22,5.277207374572754,5.699999809265137,5.71999979019165,5.559999942779541,5.559999942779541,49599
2023-12-27,5.212400436401367,5.630000114440918,5.784999847412109,5.599999904632568,5.610000133514404,51466
2023-12-28,5.277207374572754,5.699999809265137,5.699999809265137,5.599999904632568,5.630000114440918,54903
2023-12-29,5.193883419036865,5.610000133514404,5.710000038146973,5.590000152587891,5.675000190734863,69976
2024-01-02,5.230916500091553,5.650000095367432,5.739999771118164,5.619999885559082,5.619999885559082,44037
2024-01-03,5.055009365081787,5.460000038146973,5.650000095367432,5.454999923706055,5.650000095367432,37268
2024-01-04,5.133705139160156,5.545000076293945,5.559999942779541,5.460000038146973,5.460000038146973,19586
2024-01-05,5.031863689422607,5.434999942779541,5.545000076293945,5.434999942779541,5.545000076293945,22050
2024-01-08,5.110558986663818,5.519999980926514,5.519999980926514,5.375,5.434999942779541,15511
2024-01-09,5.0272345542907715,5.429999828338623,5.554999828338623,5.409999847412109,5.519999980926514,26346
2024-01-10,5.022605895996094,5.425000190734863,5.449999809265137,5.389999866485596,5.420000076293945,19480
2024-01-11,4.962427139282227,5.360000133514404,5.494999885559082,5.360000133514404,5.449999809265137,41953
2024-01-12,5.105929851531982,5.514999866485596,5.550000190734863,5.34499979019165,5.34499979019165,53744
2024-01-15,4.971685409545898,5.369999885559082,5.425000190734863,5.349999904632568,5.425000190734863,20038
2024-01-16,4.943910121917725,5.340000152587891,5.355000019073486,5.289999961853027,5.355000019073486,25696
2024-01-17,4.842069625854492,5.230000019073486,5.284999847412109,5.164999961853027,5.284999847412109,35208
2024-01-18,4.851327419281006,5.239999771118164,5.244999885559082,5.164999961853027,5.184999942779541,31304
2024-01-19,4.721712112426758,5.099999904632568,5.239999771118164,5.099999904632568,5.230000019073486,36923
2024-01-22,4.795777797698975,5.179999828338623,5.215000152587891,5.135000228881836,5.135000228881836,22877
2024-01-23,4.818923473358154,5.204999923706055,5.340000152587891,5.175000190734863,5.335000038146973,31212
2024-01-24,4.842069625854492,5.230000019073486,5.284999847412109,5.190000057220459,5.204999923706055,16152
2024-01-25,4.800407409667969,5.184999942779541,5.25,5.130000114440918,5.215000152587891,34351
2024-01-26,4.818923473358154,5.204999923706055,5.235000133514404,5.15500020980835,5.170000076293945,26487
2024-01-29,4.842069625854492,5.230000019073486,5.289999961853027,5.159999847412109,5.215000152587891,33540
2024-01-30,4.837440490722656,5.224999904632568,5.244999885559082,5.175000190734863,5.224999904632568,29592
2024-01-31,4.805037021636963,5.190000057220459,5.244999885559082,5.184999942779541,5.224999904632568,29969
2024-02-01,4.735599517822266,5.114999771118164,5.25,5.105000019073486,5.25,26169
2024-02-02,4.703195571899414,5.079999923706055,5.150000095367432,5.079999923706055,5.144999980926514,37748
2024-02-05,4.70782470703125,5.085000038146973,5.150000095367432,5.039999961853027,5.139999866485596,58124
2024-02-06,4.83281135559082,5.21999979019165,5.239999771118164,5.054999828338623,5.085000038146973,68751
2024-02-07,4.837440490722656,5.224999904632568,5.275000095367432,5.204999923706055,5.210000038146973,26014
2024-02-08,4.87910270690918,5.269999980926514,5.300000190734863,5.21999979019165,5.224999904632568,16002
2024-02-09,4.892989635467529,5.284999847412109,5.340000152587891,5.239999771118164,5.264999866485596,41854
2024-02-12,4.897618770599365,5.289999961853027,5.340000152587891,5.260000228881836,5.284999847412109,29596
2024-02-13,4.818923473358154,5.204999923706055,5.269999980926514,5.099999904632568,5.099999904632568,48441
2024-02-14,4.781890869140625,5.164999961853027,5.224999904632568,5.105000019073486,5.199999809265137,26453
2024-02-15,4.809665679931641,5.195000171661377,5.244999885559082,5.119999885559082,5.204999923706055,28263
2024-02-16,4.851327419281006,5.239999771118164,5.260000228881836,5.164999961853027,5.164999961853027,18426
2024-02-19,4.754116058349609,5.135000228881836,5.210000038146973,5.099999904632568,5.190000057220459,43213
2024-02-20,4.749487400054932,5.130000114440918,5.170000076293945,5.110000133514404,5.114999771118164,31849
2024-02-21,4.7448577880859375,5.125,5.184999942779541,5.105000019073486,5.135000228881836,25405
2024-02-22,4.777261734008789,5.159999847412109,5.179999828338623,5.099999904632568,5.114999771118164,17265
2024-02-23,4.740228652954102,5.119999885559082,5.195000171661377,5.105000019073486,5.159999847412109,48272
2024-02-26,4.786520004272461,5.170000076293945,5.235000133514404,5.085000038146973,5.114999771118164,25180
2024-02-27,4.9531683921813965,5.349999904632568,5.360000133514404,5.21999979019165,5.25,57672
2024-02-28,4.87910270690918,5.269999980926514,5.355000019073486,5.215000152587891,5.324999809265137,28631
2024-02-29,4.911506652832031,5.304999828338623,5.360000133514404,5.199999809265137,5.300000190734863,45506
2024-03-01,4.814294815063477,5.199999809265137,5.300000190734863,4.880000114440918,4.920000076293945,267864
2024-03-04,4.892989635467529,5.284999847412109,5.489999771118164,5.239999771118164,5.315000057220459,134445
2024-03-05,4.976314067840576,5.375,5.380000114440918,5.199999809265137,5.284999847412109,57396
2024-03-06,4.842069625854492,5.230000019073486,5.454999923706055,5.170000076293945,5.454999923706055,58124
2024-03-07,5.022605895996094,5.425000190734863,5.434999942779541,5.119999885559082,5.230000019073486,62641
2024-03-08,4.897618770599365,5.289999961853027,5.425000190734863,5.25,5.425000190734863,59541
2024-03-11,4.930022716522217,5.324999809265137,5.34499979019165,5.215000152587891,5.289999961853027,34491
2024-03-12,5.022605895996094,5.425000190734863,5.460000038146973,5.25,5.300000190734863,45638
2024-03-13,5.045751094818115,5.449999809265137,5.449999809265137,5.389999866485596,5.425000190734863,20097
2024-03-14,5.11981725692749,5.53000020980835,5.559999942779541,5.420000076293945,5.420000076293945,37466
2024-03-15,4.99483060836792,5.394999980926514,5.525000095367432,5.394999980926514,5.5,129123
2024-03-18,4.990201950073242,5.389999866485596,5.429999828338623,5.34499979019165,5.394999980926514,27663
2024-03-19,4.985572814941406,5.385000228881836,5.385000228881836,5.25,5.28000020980835,25132
2024-03-20,5.092042446136475,5.5,5.510000228881836,5.385000228881836,5.385000228881836,38631
2024-03-21,5.203141689300537,5.619999885559082,5.650000095367432,5.489999771118164,5.519999980926514,79239
2024-03-22,5.304982662200928,5.730000019073486,5.775000095367432,5.605000019073486,5.619999885559082,111604
2024-03-25,5.406823635101318,5.840000152587891,5.864999771118164,5.704999923706055,5.730000019073486,66091
2024-03-26,5.425340175628662,5.860000133514404,5.980000019073486,5.820000171661377,5.840000152587891,93552
2024-03-27,5.397564888000488,5.829999923706055,5.960000038146973,5.78000020980835,5.960000038146973,47820
2024-03-28,5.365160942077637,5.795000076293945,5.900000095367432,5.78000020980835,5.860000133514404,32629
2024-04-02,5.295723915100098,5.71999979019165,5.840000152587891,5.710000038146973,5.789999961853027,54423
2024-04-03,5.406823635101318,5.840000152587891,5.889999866485596,5.710000038146973,5.730000019073486,107964
2024-04-04,5.5271806716918945,5.96999979019165,5.989999771118164,5.840000152587891,5.840000152587891,178293
2024-04-05,5.406823635101318,5.840000152587891,5.929999828338623,5.829999923706055,5.860000133514404,44053
2024-04-08,5.490147590637207,5.929999828338623,5.940000057220459,5.840000152587891,5.840000152587891,41463
2024-04-09,5.443856239318848,5.880000114440918,5.949999809265137,5.880000114440918,5.909999847412109,30065
2024-04-10,5.406823635101318,5.840000152587891,5.949999809265137,5.840000152587891,5.880000114440918,32911
2024-04-11,5.443856239318848,5.880000114440918,5.929999828338623,5.869999885559082,5.889999866485596,39671
2024-04-12,5.332757472991943,5.760000228881836,5.929999828338623,5.75,5.880000114440918,25156
2024-04-15,5.3234992027282715,5.75,5.829999923706055,5.710000038146973,5.760000228881836,29714
2024-04-16,5.156850814819336,5.570000171661377,5.75,5.570000171661377,5.75,20692
2024-04-17,5.138334274291992,5.550000190734863,5.650000095367432,5.53000020980835,5.570000171661377,30104
2024-04-18,5.064267635345459,5.46999979019165,5.550000190734863,5.460000038146973,5.550000190734863,20881
2024-04-19,5.026754856109619,5.360000133514404,5.420000076293945,5.300000190734863,5.420000076293945,57735
2024-04-22,4.932971954345703,5.260000228881836,5.360000133514404,5.260000228881836,5.360000133514404,32942
2024-04-23,5.007998466491699,5.340000152587891,5.360000133514404,5.239999771118164,5.260000228881836,35724
2024-04-24,5.064267635345459,5.400000095367432,5.46999979019165,5.349999904632568,5.420000076293945,41188
2024-04-25,5.064267635345459,5.400000095367432,5.550000190734863,5.360000133514404,5.550000190734863,35037
2024-04-26,5.186185836791992,5.53000020980835,5.539999961853027,5.380000114440918,5.380000114440918,37650
2024-04-29,5.111159324645996,5.449999809265137,5.619999885559082,5.429999828338623,5.53000020980835,36282
2024-04-30,4.998619556427002,5.329999923706055,5.460000038146973,5.320000171661377,5.449999809265137,25802
2024-05-02,4.979863166809082,5.309999942779541,5.360000133514404,5.269999980926514,5.329999923706055,29931
2024-05-03,5.026754856109619,5.360000133514404,5.369999885559082,5.28000020980835,5.300000190734863,68901
2024-05-06,5.120537281036377,5.460000038146973,5.5,5.389999866485596,5.389999866485596,31346
2024-05-07,5.139293670654297,5.480000019073486,5.519999980926514,5.400000095367432,5.460000038146973,44575
2024-05-08,5.158050537109375,5.5,5.599999904632568,5.449999809265137,5.480000019073486,17324
2024-05-10,5.289346218109131,5.639999866485596,5.670000076293945,5.449999809265137,5.5,18825
2024-05-13,5.392507553100586,5.75,5.75,5.619999885559082,5.639999866485596,29302
2024-05-14,5.430020332336426,5.789999961853027,5.869999885559082,5.739999771118164,5.75,24237
2024-05-15,5.495668411254883,5.860000133514404,5.920000076293945,5.789999961853027,5.789999961853027,55798
2024-05-16,5.542559623718262,5.909999847412109,5.960000038146973,5.860000133514404,5.869999885559082,40041
2024-05-17,5.392507553100586,5.75,5.989999771118164,5.630000114440918,5.900000095367432,103157
2024-05-20,5.683233737945557,6.059999942779541,6.130000114440918,5.699999809265137,5.710000038146973,217946
2024-05-21,5.59882926940918,5.96999979019165,6.090000152587891,5.96999979019165,6.059999942779541,28551
2024-05-22,5.626964569091797,6.0,6.059999942779541,5.96999979019165,6.0,20101
2024-05-23,5.570694446563721,5.940000057220459,6.059999942779541,5.880000114440918,6.0,51783
2024-05-24,5.6175856590271,5.989999771118164,5.989999771118164,5.880000114440918,5.929999828338623,20595
2024-05-27,5.664477348327637,6.039999961853027,6.159999847412109,5.989999771118164,5.989999771118164,75015
2024-05-28,5.439398765563965,5.800000190734863,6.039999961853027,5.800000190734863,6.039999961853027,139658
2024-05-29,5.430020332336426,5.789999961853027,5.880000114440918,5.78000020980835,5.800000190734863,37875
2024-05-30,5.495668411254883,5.860000133514404,5.940000057220459,5.739999771118164,5.760000228881836,37176
2024-05-31,5.7207465171813965,6.099999904632568,6.170000076293945,5.75,5.860000133514404,255559
2024-06-03,5.711368560791016,6.090000152587891,6.199999809265137,6.050000190734863,6.099999904632568,41580
2024-06-04,5.636342525482178,6.010000228881836,6.090000152587891,5.980000019073486,6.050000190734863,15013
2024-06-05,5.580072402954102,5.949999809265137,6.03000020980835,5.889999866485596,5.960000038146973,19554
2024-06-06,5.6175856590271,5.989999771118164,5.989999771118164,5.900000095367432,5.949999809265137,15685
2024-06-07,5.561316013336182,5.929999828338623,5.989999771118164,5.889999866485596,5.980000019073486,11865
2024-06-10,5.542559623718262,5.909999847412109,5.929999828338623,5.849999904632568,5.900000095367432,29406
2024-06-11,5.505046367645264,5.869999885559082,5.940000057220459,5.829999923706055,5.900000095367432,20172
2024-06-12,5.486289978027344,5.849999904632568,5.900000095367432,5.789999961853027,5.840000152587891,18577
2024-06-13,5.308102607727051,5.659999847412109,5.849999904632568,5.650000095367432,5.849999904632568,55897
2024-06-14,5.223698616027832,5.570000171661377,5.659999847412109,5.53000020980835,5.610000133514404,29902
2024-06-17,5.204941749572754,5.550000190734863,5.630000114440918,5.519999980926514,5.579999923706055,26342
2024-06-18,5.270589351654053,5.619999885559082,5.679999828338623,5.610000133514404,5.610000133514404,6582
2024-06-19,5.148672103881836,5.489999771118164,5.619999885559082,5.46999979019165,5.619999885559082,48940
2024-06-20,5.186185836791992,5.53000020980835,5.579999923706055,5.489999771118164,5.489999771118164,35323
2024-06-24,5.195563316345215,5.539999961853027,5.550000190734863,5.380000114440918,5.480000019073486,23660
2024-06-25,5.129915237426758,5.46999979019165,5.519999980926514,5.460000038146973,5.460000038146973,22542
2024-06-26,5.195563316345215,5.539999961853027,5.539999961853027,5.46999979019165,5.46999979019165,23710
2024-06-27,5.111159324645996,5.449999809265137,5.539999961853027,5.449999809265137,5.539999961853027,19835
2024-06-28,5.111159324645996,5.449999809265137,5.5,5.420000076293945,5.449999809265137,14673
2024-07-01,5.01737642288208,5.349999904632568,5.449999809265137,5.329999923706055,5.400000095367432,29926
2024-07-02,4.951728820800781,5.28000020980835,5.369999885559082,5.28000020980835,5.349999904632568,16755
2024-07-03,4.932971954345703,5.260000228881836,5.320000171661377,5.199999809265137,5.269999980926514,28132
2024-07-04,4.923593521118164,5.25,5.300000190734863,5.210000038146973,5.210000038146973,10717
2024-07-05,4.876702308654785,5.199999809265137,5.269999980926514,5.199999809265137,5.25,26875
2024-07-08,4.895458698272705,5.21999979019165,5.230000019073486,5.190000057220459,5.199999809265137,31598
2024-07-09,4.876702308654785,5.199999809265137,5.21999979019165,5.179999828338623,5.21999979019165,25089
2024-07-10,4.857945442199707,5.179999828338623,5.230000019073486,5.130000114440918,5.199999809265137,11837
2024-07-11,4.876702308654785,5.199999809265137,5.21999979019165,5.150000095367432,5.199999809265137,11929
2024-07-12,4.895458698272705,5.21999979019165,5.21999979019165,5.150000095367432,5.179999828338623,14341
2024-07-15,4.829810619354248,5.150000095367432,5.25,5.150000095367432,5.21999979019165,8566
2024-07-16,4.839189052581787,5.159999847412109,5.21999979019165,5.099999904632568,5.130000114440918,17273
2024-07-17,4.782919406890869,5.099999904632568,5.150000095367432,5.079999923706055,5.119999885559082,23729
2024-07-18,4.773541450500488,5.090000152587891,5.119999885559082,5.050000190734863,5.110000133514404,21619
2024-07-19,4.745406627655029,5.059999942779541,5.099999904632568,5.039999961853027,5.090000152587891,15525
2024-07-22,4.764162540435791,5.079999923706055,5.150000095367432,5.039999961853027,5.059999942779541,12949
2024-07-23,4.839189052581787,5.159999847412109,5.199999809265137,5.059999942779541,5.059999942779541,16263
2024-07-24,4.811054706573486,5.130000114440918,5.159999847412109,5.079999923706055,5.099999904632568,14825
2024-07-25,4.801676273345947,5.119999885559082,5.139999866485596,5.03000020980835,5.079999923706055,69599
2024-07-26,4.857945442199707,5.179999828338623,5.179999828338623,5.070000171661377,5.119999885559082,15325
2024-07-29,4.773541450500488,5.090000152587891,5.230000019073486,5.090000152587891,5.179999828338623,26054
2024-07-30,4.745406627655029,5.059999942779541,5.099999904632568,5.039999961853027,5.039999961853027,11311
2024-07-31,4.792297840118408,5.110000133514404,5.119999885559082,5.059999942779541,5.099999904632568,19225
2024-08-01,4.75478458404541,5.070000171661377,5.159999847412109,5.039999961853027,5.159999847412109,18517
2024-08-02,4.623488426208496,4.929999828338623,5.090000152587891,4.920000076293945,5.070000171661377,56823
2024-08-05,4.5953545570373535,4.900000095367432,4.974999904632568,4.710000038146973,4.84499979019165,63929
2024-08-06,4.632867336273193,4.940000057220459,5.090000152587891,4.885000228881836,4.945000171661377,31396
2024-08-07,4.75478458404541,5.070000171661377,5.079999923706055,4.940000057220459,4.940000057220459,6359
2024-08-08,4.782919406890869,5.099999904632568,5.190000057220459,4.989999771118164,5.090000152587891,30695
2024-08-09,4.707893371582031,5.019999980926514,5.210000038146973,5.019999980926514,5.099999904632568,15000
2024-08-12,4.670380592346191,4.980000019073486,5.079999923706055,4.980000019073486,4.994999885559082,11371
2024-08-13,4.515638828277588,4.815000057220459,5.070000171661377,4.804999828338623,5.070000171661377,200029
2024-08-14,4.675069808959961,4.985000133514404,5.019999980926514,4.815000057220459,4.815000057220459,54994
2024-08-15,4.801676273345947,5.119999885559082,5.179999828338623,5.0,5.0,29285
2024-08-16,4.004522800445557,4.269999980926514,4.449999809265137,4.135000228881836,4.449999809265137,1246533
2024-08-19,3.9388744831085205,4.199999809265137,4.300000190734863,4.135000228881836,4.28000020980835,372765
2024-08-20,3.9857664108276367,4.25,4.269999980926514,4.164999961853027,4.204999923706055,237868
2024-08-21,3.9904556274414062,4.255000114440918,4.284999847412109,4.190000057220459,4.275000095367432,98221
2024-08-22,3.9388744831085205,4.199999809265137,4.269999980926514,4.170000076293945,4.260000228881836,117882
2024-08-23,3.9154295921325684,4.175000190734863,4.204999923706055,4.119999885559082,4.199999809265137,102553
2024-08-26,3.7935116291046143,4.045000076293945,4.170000076293945,4.039999961853027,4.170000076293945,204918
2024-08-27,3.7653768062591553,4.014999866485596,4.054999828338623,3.994999885559082,4.045000076293945,151286
2024-08-28,3.760688066482544,4.010000228881836,4.105000019073486,3.984999895095825,4.005000114440918,150568
2024-08-29,3.732553005218506,3.9800000190734863,4.025000095367432,3.9800000190734863,4.0,89860
2024-08-30,3.802889823913574,4.054999828338623,4.114999771118164,3.9800000190734863,3.9800000190734863,164294
2024-09-02,3.7747550010681152,4.025000095367432,4.079999923706055,3.990000009536743,4.079999923706055,134762
2024-09-03,3.732553005218506,3.9800000190734863,4.025000095367432,3.9700000286102295,4.019999980926514,71466
2024-09-04,3.657526969909668,3.9000000953674316,4.005000114440918,3.890000104904175,3.984999895095825,207371
2024-09-05,3.6809723377227783,3.924999952316284,3.950000047683716,3.9000000953674316,3.9000000953674316,38014
2024-09-06,3.6059463024139404,3.8450000286102295,3.9200000762939453,3.8350000381469727,3.9200000762939453,113645
2024-09-09,3.5684330463409424,3.805000066757202,3.869999885559082,3.799999952316284,3.859999895095825,121739
2024-09-10,3.620013475418091,3.859999895095825,3.8949999809265137,3.799999952316284,3.809999942779541,213542
2024-09-11,3.591878652572632,3.8299999237060547,3.944999933242798,3.815000057220459,3.869999885559082,54056
2024-09-12,3.601256847381592,3.8399999141693115,3.9000000953674316,3.7750000953674316,3.8550000190734863,109805
2024-09-13,3.610635280609131,3.8499999046325684,3.8949999809265137,3.8450000286102295,3.8499999046325684,95987
2024-09-16,3.6247029304504395,3.865000009536743,3.884999990463257,3.815000057220459,3.8499999046325684,134239
2024-09-17,3.695039987564087,3.940000057220459,3.9549999237060547,3.8499999046325684,3.880000114440918,124005
2024-09-18,3.63877010345459,3.880000114440918,3.950000047683716,3.869999885559082,3.940000057220459,113661
2024-09-19,3.7278637886047363,3.9749999046325684,3.9800000190734863,3.9000000953674316,3.9549999237060547,135867
2024-09-20,3.629391670227051,3.869999885559082,3.9749999046325684,3.865000009536743,3.9749999046325684,277838
2024-09-23,3.657526969909668,3.9000000953674316,3.9200000762939453,3.8350000381469727,3.8499999046325684,53871
2024-09-24,3.6528375148773193,3.8949999809265137,3.9549999237060547,3.875,3.9100000858306885,48255
2024-09-25,3.6340808868408203,3.875,3.924999952316284,3.8499999046325684,3.8949999809265137,40184
2024-09-26,3.7278637886047363,3.9749999046325684,3.984999895095825,3.875,3.875,81929
2024-09-27,3.7653768062591553,4.014999866485596,4.045000076293945,3.9549999237060547,3.9700000286102295,61094
2024-09-30,3.7419309616088867,3.990000009536743,4.050000190734863,3.9600000381469727,4.03000020980835,30793
2024-10-01,3.7184853553771973,3.9649999141693115,4.025000095367432,3.9549999237060547,3.990000009536743,57612
2024-10-02,3.666904926300049,3.9100000858306885,3.9800000190734863,3.9049999713897705,3.9649999141693115,29825
2024-10-03,3.6434593200683594,3.884999990463257,3.930000066757202,3.859999895095825,3.9100000858306885,30147
2024-10-04,3.685661554336548,3.930000066757202,3.950000047683716,3.9049999713897705,3.950000047683716,31144
2024-10-07,3.657526969909668,3.9000000953674316,3.9600000381469727,3.884999990463257,3.934999942779541,29996
2024-10-08,3.629391670227051,3.869999885559082,3.890000104904175,3.8550000190734863,3.865000009536743,16982
2024-10-09,3.676283359527588,3.9200000762939453,3.9200000762939453,3.8550000190734863,3.869999885559082,31215
2024-10-10,3.6340808868408203,3.875,3.9200000762939453,3.8550000190734863,3.880000114440918,49559
2024-10-11,3.6153244972229004,3.8550000190734863,3.9000000953674316,3.8550000190734863,3.8949999809265137,20264
2024-10-14,3.451204776763916,3.680000066757202,3.865000009536743,3.6649999618530273,3.8550000190734863,221871
2024-10-15,3.460582971572876,3.690000057220459,3.765000104904175,3.619999885559082,3.680000066757202,109479
2024-10-16,3.423069953918457,3.6500000953674316,3.7100000381469727,3.609999895095825,3.690000057220459,64932
2024-10-17,3.423069953918457,3.6500000953674316,3.694999933242798,3.609999895095825,3.6500000953674316,46895
2024-10-18,3.37617826461792,3.5999999046325684,3.690000057220459,3.549999952316284,3.6549999713897705,81402
2024-10-21,3.394934892654419,3.619999885559082,3.634999990463257,3.6050000190734863,3.609999895095825,45440
2024-10-22,3.404313564300537,3.630000114440918,3.6549999713897705,3.569999933242798,3.5999999046325684,163814
2024-10-23,3.38984751701355,3.515000104904175,3.625,3.494999885559082,3.625,90308
2024-10-24,3.341627597808838,3.4649999141693115,3.559999942779541,3.4649999141693115,3.515000104904175,74327
2024-10-25,3.3657374382019043,3.490000009536743,3.509999990463257,3.450000047683716,3.484999895095825,54770
2024-10-28,3.3753814697265625,3.5,3.5350000858306885,3.4749999046325684,3.494999885559082,64379
2024-10-29,3.336805582046509,3.4600000381469727,3.5,3.450000047683716,3.5,48475
2024-10-30,3.351271390914917,3.4749999046325684,3.484999895095825,3.390000104904175,3.4600000381469727,238723
2024-10-31,3.3126957416534424,3.434999942779541,3.4749999046325684,3.3949999809265137,3.4749999046325684,118341
2024-11-01,3.3078739643096924,3.430000066757202,3.450000047683716,3.3949999809265137,3.434999942779541,145970
2024-11-04,3.360915422439575,3.484999895095825,3.5250000953674316,3.4149999618530273,3.4149999618530273,117207
2024-11-05,3.356093645095825,3.4800000190734863,3.575000047683716,3.4800000190734863,3.5199999809265137,74136
2024-11-06,3.303051710128784,3.424999952316284,3.5,3.3949999809265137,3.490000009536743,79905
2024-11-07,3.3657374382019043,3.490000009536743,3.5,3.424999952316284,3.424999952316284,65456
2024-11-08,3.2451882362365723,3.365000009536743,3.549999952316284,3.2850000858306885,3.5399999618530273,606002
2024-11-11,3.3319835662841797,3.4549999237060547,3.515000104904175,3.424999952316284,3.430000066757202,127496
2024-11-12,3.2066123485565186,3.325000047683716,3.4549999237060547,3.305000066757202,3.4549999237060547,91738
2024-11-13,3.2066123485565186,3.325000047683716,3.3550000190734863,3.319999933242798,3.3350000381469727,70464
2024-11-14,3.1873245239257812,3.305000066757202,3.3350000381469727,3.2899999618530273,3.3350000381469727,91275
2024-11-15,3.2114341259002686,3.3299999237060547,3.359999895095825,3.2799999713897705,3.305000066757202,96399
2024-11-18,3.1342828273773193,3.25,3.3450000286102295,3.2249999046325684,3.3299999237060547,208080
2024-11-19,3.1342828273773193,3.25,3.255000114440918,3.2149999141693115,3.25,139477
2024-11-20,3.105350971221924,3.2200000286102295,3.2799999713897705,3.2049999237060547,3.2799999713897705,64016
2024-11-21,3.1005289554595947,3.2149999141693115,3.240000009536743,3.180000066757202,3.200000047683716,107172
2024-11-22,3.129460573196411,3.244999885559082,3.259999990463257,3.2100000381469727,3.2149999141693115,54500
2024-11-25,3.172858476638794,3.2899999618530273,3.2899999618530273,3.244999885559082,3.244999885559082,76344
2024-11-26,3.0860631465911865,3.200000047683716,3.299999952316284,3.200000047683716,3.299999952316284,55337
2024-11-27,3.06677508354187,3.180000066757202,3.200000047683716,3.1449999809265137,3.180000066757202,96024
2024-11-28,3.0812408924102783,3.194999933242798,3.2200000286102295,3.1700000762939453,3.190000057220459,67118
2024-11-29,3.0764191150665283,3.190000057220459,3.2100000381469727,3.1500000953674316,3.194999933242798,213435
2024-12-02,3.0812408924102783,3.194999933242798,3.2149999141693115,3.1700000762939453,3.1700000762939453,101062
2024-12-03,3.172858476638794,3.2899999618530273,3.2950000762939453,3.190000057220459,3.200000047683716,98546
2024-12-04,3.293407917022705,3.4149999618530273,3.430000066757202,3.2850000858306885,3.2899999618530273,98012
2024-12-05,3.283763885498047,3.4049999713897705,3.450000047683716,3.375,3.434999942779541,57357
2024-12-09,3.3175177574157715,3.440000057220459,3.5,3.4049999713897705,3.4049999713897705,87910
2024-12-10,3.298229932785034,3.4200000762939453,3.4600000381469727,3.4000000953674316,3.440000057220459,37341
2024-12-11,3.3705592155456543,3.494999885559082,3.549999952316284,3.4200000762939453,3.4200000762939453,75556
2024-12-12,3.3657374382019043,3.490000009536743,3.5399999618530273,3.484999895095825,3.490000009536743,65442
2024-12-13,3.293407917022705,3.4149999618530273,3.5250000953674316,3.4100000858306885,3.490000009536743,46007
2024-12-16,3.177680492401123,3.2950000762939453,3.444999933242798,3.2950000762939453,3.4000000953674316,67089
2024-12-17,3.0812408924102783,3.194999933242798,3.2950000762939453,3.184999942779541,3.2950000762939453,152420
2024-12-18,2.536358118057251,2.630000114440918,2.884999990463257,2.625,2.7950000762939453,840370
2024-12-19,2.4592063426971436,2.549999952316284,2.575000047683716,2.4200000762939453,2.5,462150
2024-12-20,2.362766981124878,2.450000047683716,2.5350000858306885,2.450000047683716,2.5350000858306885,294406
2024-12-23,2.4109866619110107,2.5,2.559999942779541,2.380000114440918,2.440000057220459,323035
2024-12-27,2.536358118057251,2.630000114440918,2.630000114440918,2.5,2.5,278177
2024-12-30,2.546002149581909,2.640000104904175,2.6500000953674316,2.5850000381469727,2.5999999046325684,310137
2025-01-02,2.5074260234832764,2.5999999046325684,2.690000057220459,2.5850000381469727,2.640000104904175,214528
2025-01-03,2.599043607711792,2.694999933242798,2.7300000190734863,2.619999885559082,2.619999885559082,126739
2025-01-07,2.6231536865234375,2.7200000286102295,2.7200000286102295,2.634999990463257,2.700000047683716,116559
2025-01-08,2.5604679584503174,2.6549999713897705,2.75,2.634999990463257,2.75,66012
2025-01-09,2.5074260234832764,2.5999999046325684,2.6700000762939453,2.5999999046325684,2.6500000953674316,81564
2025-01-10,2.6135096549987793,2.7100000381469727,2.75,2.559999942779541,2.5999999046325684,202516
2025-01-13,2.661729335784912,2.759999990463257,2.7850000858306885,2.6700000762939453,2.7100000381469727,74342
2025-01-14,2.60868763923645,2.7049999237060547,2.7699999809265137,2.7049999237060547,2.765000104904175,35986
2025-01-15,2.6183314323425293,2.7149999141693115,2.740000009536743,2.680000066757202,2.7149999141693115,52843
2025-01-16,2.6135096549987793,2.7100000381469727,2.7850000858306885,2.680000066757202,2.7850000858306885,29065
2025-01-17,2.656907558441162,2.755000114440918,2.7799999713897705,2.700000047683716,2.7100000381469727,43925
2025-01-20,2.6906611919403076,2.7899999618530273,2.819999933242798,2.740000009536743,2.755000114440918,44978
2025-01-21,2.7388808727264404,2.8399999141693115,2.8550000190734863,2.7850000858306885,2.7899999618530273,49260
2025-01-22,2.7871007919311523,2.890000104904175,2.940000057220459,2.859999895095825,2.859999895095825,73985
2025-01-23,2.7581686973571777,2.859999895095825,2.9200000762939453,2.805000066757202,2.8949999809265137,32235
2025-01-24,2.8642523288726807,2.9700000286102295,2.9749999046325684,2.8350000381469727,2.8350000381469727,45337
2025-01-27,2.8015666007995605,2.9049999713897705,2.990000009536743,2.8949999809265137,2.9800000190734863,46752
2025-01-28,2.7533469200134277,2.8550000190734863,2.9549999237060547,2.8450000286102295,2.9049999713897705,45290
2025-01-29,2.714771032333374,2.815000057220459,2.9000000953674316,2.809999942779541,2.9000000953674316,34558
2025-01-30,2.7533469200134277,2.8550000190734863,2.890000104904175,2.809999942779541,2.815000057220459,31488
2025-01-31,2.772634744644165,2.875,2.9049999713897705,2.8450000286102295,2.869999885559082,19653
2025-02-03,2.6810171604156494,2.7799999713897705,2.8499999046325684,2.75,2.819999933242798,70521
2025-02-04,2.6761953830718994,2.7750000953674316,2.8350000381469727,2.759999990463257,2.805000066757202,30775
2025-02-05,2.6376192569732666,2.734999895095825,2.7750000953674316,2.700000047683716,2.755000114440918,34485
2025-02-06,2.719593048095703,2.819999933242798,2.825000047683716,2.7249999046325684,2.75,34367
2025-02-07,2.656907558441162,2.755000114440918,2.8499999046325684,2.744999885559082,2.8299999237060547,39211
2025-02-10,2.656907558441162,2.755000114440918,2.7799999713897705,2.734999895095825,2.755000114440918,37655
2025-02-11,2.661729335784912,2.759999990463257,2.7850000858306885,2.7300000190734863,2.759999990463257,62277
2025-02-12,2.661729335784912,2.759999990463257,2.7799999713897705,2.740000009536743,2.759999990463257,31647
2025-02-13,2.6906611919403076,2.7899999618530273,2.819999933242798,2.740000009536743,2.759999990463257,34477
2025-02-14,2.7244150638580322,2.825000047683716,2.875,2.799999952316284,2.809999942779541,71236
2025-02-17,2.709949016571045,2.809999942779541,2.865000009536743,2.7950000762939453,2.865000009536743,47205
2025-02-18,2.7003049850463867,2.799999952316284,2.825000047683716,2.75,2.825000047683716,45557
2025-02-19,2.7244150638580322,2.825000047683716,2.9200000762939453,2.759999990463257,2.805000066757202,98508
2025-02-20,2.5074260234832764,2.5999999046325684,2.7799999713897705,2.5999999046325684,2.640000104904175,276065
2025-02-21,2.473672389984131,2.565000057220459,2.625,2.549999952316284,2.5799999237060547,128911
2025-02-24,2.4061646461486816,2.494999885559082,2.565000057220459,2.440000057220459,2.549999952316284,320860
2025-02-25,2.4013428688049316,2.490000009536743,2.569999933242798,2.484999895095825,2.494999885559082,82288
2025-02-26,2.4109866619110107,2.5,2.5299999713897705,2.4800000190734863,2.4800000190734863,86283
2025-02-27,2.4688503742218018,2.559999942779541,2.6050000190734863,2.484999895095825,2.5,111361
2025-02-28,2.4592063426971436,2.549999952316284,2.5999999046325684,2.5399999618530273,2.5999999046325684,23287
2025-03-03,2.4350967407226562,2.5250000953674316,2.569999933242798,2.505000114440918,2.549999952316284,29699
2025-03-04,2.314547300338745,2.4000000953674316,2.5350000858306885,2.4000000953674316,2.5350000858306885,59953
2025-03-05,2.353123188018799,2.440000057220459,2.490000009536743,2.4200000762939453,2.4200000762939453,24370
2025-03-06,2.425452709197998,2.515000104904175,2.5350000858306885,2.430000066757202,2.440000057220459,22194
2025-03-07,2.353123188018799,2.440000057220459,2.5450000762939453,2.4200000762939453,2.5350000858306885,63377
2025-03-10,2.420630693435669,2.509999990463257,2.5350000858306885,2.440000057220459,2.440000057220459,58322
2025-03-11,2.377232789993286,2.4649999141693115,2.549999952316284,2.440000057220459,2.5350000858306885,32529
2025-03-12,2.4109866619110107,2.5,2.515000104904175,2.434999942779541,2.434999942779541,23222
2025-03-13,2.4061646461486816,2.494999885559082,2.5,2.4700000286102295,2.5,11498
2025-03-14,2.3868768215179443,2.4749999046325684,2.5,2.444999933242798,2.494999885559082,48766
2025-03-17,2.4061646461486816,2.494999885559082,2.505000114440918,2.4700000286102295,2.4749999046325684,16482
2025-03-18,2.425452709197998,2.515000104904175,2.5450000762939453,2.5,2.509999990463257,42590
2025-03-19,2.4109866619110107,2.5,2.515000104904175,2.484999895095825,2.515000104904175,16934
2025-03-20,2.4350967407226562,2.5250000953674316,2.5250000953674316,2.4600000381469727,2.5199999809265137,34256
2025-03-21,2.4350967407226562,2.5250000953674316,2.5250000953674316,2.5,2.5199999809265137,19740
2025-03-24,2.5604679584503174,2.6549999713897705,2.6549999713897705,2.5250000953674316,2.5250000953674316,71422
2025-03-25,2.492960214614868,2.5850000381469727,2.6700000762939453,2.549999952316284,2.6549999713897705,17497
2025-03-26,2.488138198852539,2.5799999237060547,2.5850000381469727,2.5199999809265137,2.5850000381469727,16803
2025-03-27,2.4447405338287354,2.5350000858306885,2.5799999237060547,2.5250000953674316,2.5799999237060547,10509
2025-03-28,2.4688503742218018,2.559999942779541,2.6050000190734863,2.5199999809265137,2.569999933242798,14103
2025-03-31,2.3386571407318115,2.424999952316284,2.5950000286102295,2.424999952316284,2.5899999141693115,64623
2025-04-01,2.425452709197998,2.515000104904175,2.6549999713897705,2.430000066757202,2.6549999713897705,32872
2025-04-02,2.4013428688049316,2.490000009536743,2.5,2.490000009536743,2.5,16510
2025-04-03,2.3868768215179443,2.4749999046325684,2.555000066757202,2.4749999046325684,2.490000009536743,31645
2025-04-04,2.2807934284210205,2.365000009536743,2.4749999046325684,2.299999952316284,2.4749999046325684,61963
2025-04-07,2.140956163406372,2.2200000286102295,2.309999942779541,2.2200000286102295,2.2799999713897705,73125
2025-04-08,2.242217779159546,2.325000047683716,2.3350000381469727,2.2300000190734863,2.2300000190734863,38721
2025-04-09,2.136134147644043,2.2149999141693115,2.2799999713897705,2.174999952316284,2.2799999713897705,51339
2025-04-10,2.1023805141448975,2.180000066757202,2.4200000762939453,2.174999952316284,2.4200000762939453,78856
2025-04-11,2.1554219722747803,2.234999895095825,2.25,2.180000066757202,2.180000066757202,35436
2025-04-14,2.2229297161102295,2.305000066757202,2.3550000190734863,2.2200000286102295,2.244999885559082,124178
2025-04-15,2.247039556503296,2.3299999237060547,2.390000104904175,2.315000057220459,2.390000104904175,30243
2025-04-16,2.261505603790283,2.3450000286102295,2.3450000286102295,2.259999990463257,2.299999952316284,34267
2025-04-17,2.2181077003479004,2.299999952316284,2.3450000286102295,2.2750000953674316,2.3450000286102295,22545
2025-04-22,2.1698880195617676,2.25,2.299999952316284,2.184999942779541,2.299999952316284,51865
2025-04-23,2.261505603790283,2.3450000286102295,2.3550000190734863,2.265000104904175,2.265000104904175,122024
2025-04-24,2.295259475708008,2.380000114440918,2.380000114440918,2.309999942779541,2.3450000286102295,28484
2025-04-25,2.2759714126586914,2.359999895095825,2.390000104904175,2.3299999237060547,2.380000114440918,14200
2025-04-28,2.2325737476348877,2.315000057220459,2.3499999046325684,2.2850000858306885,2.325000047683716,100752
2025-04-29,2.256683588027954,2.3399999141693115,2.375,2.315000057220459,2.3299999237060547,25348
2025-04-30,2.247039556503296,2.3299999237060547,2.375,2.3299999237060547,2.3399999141693115,24140
2025-05-02,2.242217779159546,2.325000047683716,2.384999990463257,2.315000057220459,2.3350000381469727,15931
2025-05-05,2.2277517318725586,2.309999942779541,2.325000047683716,2.2950000762939453,2.325000047683716,24904
2025-05-06,2.2277517318725586,2.309999942779541,2.3299999237060547,2.2799999713897705,2.309999942779541,18086
2025-05-07,2.1216683387756348,2.200000047683716,2.299999952316284,2.190000057220459,2.299999952316284,65539
2025-05-08,2.1554219722747803,2.234999895095825,2.240000009536743,2.140000104904175,2.1500000953674316,39505
2025-05-09,2.179532051086426,2.259999990463257,2.2699999809265137,2.2149999141693115,2.2300000190734863,65090
2025-05-12,2.266327381134033,2.3499999046325684,2.3499999046325684,2.259999990463257,2.259999990463257,74567
2025-05-13,1.9914751052856445,2.065000057220459,2.0999999046325684,2.0199999809265137,2.059999942779541,540064
2025-05-14,1.9770090579986572,2.049999952316284,2.065000057220459,1.9919999837875366,2.065000057220459,496259
2025-05-15,2.010762929916382,2.0850000381469727,2.1050000190734863,2.0,2.0999999046325684,264105
2025-05-16,2.1698880195617676,2.25,2.25,2.059999942779541,2.0899999141693115,179356
2025-05-19,2.0541608333587646,2.130000114440918,2.2149999141693115,2.0899999141693115,2.200000047683716,99937
2025-05-20,2.073448657989502,2.1500000953674316,2.1600000858306885,2.109999895095825,2.1600000858306885,43753
2025-05-21,2.0445165634155273,2.119999885559082,2.180000066757202,2.0999999046325684,2.180000066757202,57381
2025-05-22,2.0059409141540527,2.0799999237060547,2.1449999809265137,2.0799999237060547,2.134999990463257,40607
2025-05-23,1.9673651456832886,2.0399999618530273,2.109999895095825,2.0250000953674316,2.0799999237060547,102205
2025-05-26,1.909501552581787,1.9800000190734863,2.0450000762939453,1.9800000190734863,2.0299999713897705,242376
2025-05-27,1.9172166585922241,1.9880000352859497,2.0199999809265137,1.9859999418258667,1.9980000257492065,57947
2025-05-28,1.9037151336669922,1.9739999771118164,2.0,1.9700000286102295,1.9880000352859497,59985
2025-05-30,1.9075727462768555,1.9780000448226929,2.0,1.9739999771118164,1.9800000190734863,112877
2025-06-02,1.9770090579986572,2.049999952316284,2.049999952316284,1.9579999446868896,1.9759999513626099,351001
2025-06-03,1.9432554244995117,2.015000104904175,2.055000066757202,2.0,2.055000066757202,38088
2025-06-04,1.9432554244995117,2.015000104904175,2.0399999618530273,2.009999990463257,2.0250000953674316,72386
2025-06-05,1.9480772018432617,2.0199999809265137,2.0250000953674316,2.0,2.015000104904175,19224
2025-06-06,1.9432554244995117,2.015000104904175,2.0250000953674316,1.9800000190734863,1.9900000095367432,50198
2025-06-09,1.909501552581787,1.9800000190734863,2.0199999809265137,1.9800000190734863,2.015000104904175,45056
2025-06-10,1.9432554244995117,2.015000104904175,2.015000104904175,1.9900000095367432,1.9919999837875366,39555
2025-06-11,1.9480772018432617,2.0199999809265137,2.0250000953674316,1.9919999837875366,2.015000104904175,18187
2025-06-12,1.933611512184143,2.005000114440918,2.0350000858306885,2.0,2.0350000858306885,21473
2025-06-13,1.9075727462768555,1.9780000448226929,2.015000104904175,1.9780000448226929,2.015000104904175,33473
2025-06-16,1.9249318838119507,1.996000051498413,2.0199999809265137,1.9819999933242798,1.9819999933242798,18151
2025-06-17,1.9056438207626343,1.9759999513626099,1.996000051498413,1.9739999771118164,1.996000051498413,39636
2025-06-18,1.899857521057129,1.9700000286102295,1.9880000352859497,1.965999960899353,1.9759999513626099,36602
2025-06-19,1.8670680522918701,1.9359999895095825,1.9880000352859497,1.9299999475479126,1.972000002861023,55480
2025-06-23,1.8612817525863647,1.9299999475479126,1.9539999961853027,1.9140000343322754,1.9220000505447388,57965
2025-06-24,1.899857521057129,1.9700000286102295,1.9980000257492065,1.9279999732971191,1.9980000257492065,30059
2025-06-25,1.8497090339660645,1.9179999828338623,1.9500000476837158,1.9160000085830688,1.940000057220459,29953
2025-06-26,1.8516377210617065,1.9199999570846558,1.9320000410079956,1.9199999570846558,1.9199999570846558,16570
2025-06-27,1.8902136087417603,1.9600000381469727,1.9620000123977661,1.9179999828338623,1.9179999828338623,55284
2025-06-30,1.9037151336669922,1.9739999771118164,1.9800000190734863,1.9600000381469727,1.9620000123977661,32148
2025-07-01,1.870925784111023,1.940000057220459,1.9780000448226929,1.9299999475479126,1.9780000448226929,34593
2025-07-02,1.9818311929702759,2.055000066757202,2.055000066757202,1.940000057220459,1.940000057220459,77056
2025-07-03,1.95772123336792,2.0299999713897705,2.069999933242798,2.0299999713897705,2.055000066757202,22492
2025-07-04,1.9432554244995117,2.015000104904175,2.049999952316284,2.015000104904175,2.0299999713897705,28972
2025-07-07,1.9770090579986572,2.049999952316284,2.049999952316284,2.0,2.015000104904175,33897
2025-07-08,1.962543249130249,2.0350000858306885,2.049999952316284,2.0299999713897705,2.049999952316284,10657
2025-07-09,2.02040696144104,2.0950000286102295,2.0950000286102295,2.0250000953674316,2.0399999618530273,26754
2025-07-10,2.0059409141540527,2.0799999237060547,2.0950000286102295,2.075000047683716,2.0950000286102295,21056
2025-07-11,2.0059409141540527,2.0799999237060547,2.0999999046325684,2.065000057220459,2.0850000381469727,23903
2025-07-14,1.9721871614456177,2.0450000762939453,2.0799999237060547,2.0250000953674316,2.0799999237060547,33807
2025-07-15,1.95772123336792,2.0299999713897705,2.049999952316284,2.0250000953674316,2.0299999713897705,7752
2025-07-16,1.95772123336792,2.0299999713897705,2.059999942779541,2.0299999713897705,2.059999942779541,18716
2025-07-17,1.9480772018432617,2.0199999809265137,2.059999942779541,2.015000104904175,2.059999942779541,35349
2025-07-18,1.95772123336792,2.0299999713897705,2.049999952316284,2.015000104904175,2.015000104904175,30119
2025-07-21,1.9268605709075928,1.9980000257492065,2.0299999713897705,1.9800000190734863,2.0199999809265137,48576
2025-07-22,1.909501552581787,1.9800000190734863,2.0199999809265137,1.9800000190734863,1.99399995803833,26233
2025-07-23,1.909501552581787,1.9800000190734863,2.015000104904175,1.9800000190734863,1.9800000190734863,30983
2025-07-24,1.9249318838119507,1.996000051498413,2.0,1.9800000190734863,1.9819999933242798,18698
2025-07-25,1.9172166585922241,1.9880000352859497,1.996000051498413,1.9700000286102295,1.996000051498413,27194
2025-07-28,1.8959999084472656,1.965999960899353,1.9880000352859497,1.9559999704360962,1.9880000352859497,34438
2025-07-29,1.9249318838119507,1.996000051498413,1.996000051498413,1.965999960899353,1.965999960899353,28379
2025-07-30,1.9152878522872925,1.9859999418258667,1.996000051498413,1.9700000286102295,1.9780000448226929,21387
2025-07-31,1.9017863273620605,1.972000002861023,1.9900000095367432,1.9700000286102295,1.9900000095367432,40625
2025-08-01,1.8786407709121704,1.9479999542236328,1.9859999418258667,1.934000015258789,1.9859999418258667,22599
2025-08-04,1.8979288339614868,1.968000054359436,1.9739999771118164,1.9479999542236328,1.9479999542236328,27333
2025-08-05,1.9191454648971558,1.9900000095367432,2.0,1.968000054359436,1.968000054359436,34436
2025-08-06,1.9268605709075928,1.9980000257492065,2.0,1.9600000381469727,1.9900000095367432,56677
2025-08-07,1.9210741519927979,1.9919999837875366,2.0,1.9800000190734863,1.9980000257492065,26185
2025-08-08,1.9287893772125244,2.0,2.0,1.9880000352859497,1.9919999837875366,67177
2025-08-11,1.962543249130249,2.0350000858306885,2.049999952316284,1.9819999933242798,2.0299999713897705,60609
2025-08-12,2.08309268951416,2.1600000858306885,2.240000009536743,2.059999942779541,2.194999933242798,453329
2025-08-13,2.0348727703094482,2.109999895095825,2.1449999809265137,2.055000066757202,2.140000104904175,142602
2025-08-14,2.0927364826202393,2.1700000762939453,2.194999933242798,2.109999895095825,2.109999895095825,133998
2025-08-15,2.08309268951416,2.1600000858306885,2.184999942779541,2.130000114440918,2.184999942779541,42155
2025-08-18,2.08791446685791,2.1649999618530273,2.2149999141693115,2.1500000953674316,2.1500000953674316,51963
2025-08-19,2.1023805141448975,2.180000066757202,2.194999933242798,2.1600000858306885,2.1649999618530273,40276
2025-08-20,2.1072022914886475,2.184999942779541,2.2149999141693115,2.1600000858306885,2.180000066757202,19053
2025-08-21,2.1168463230133057,2.194999933242798,2.194999933242798,2.119999885559082,2.184999942779541,55678
2025-08-22,2.1072022914886475,2.184999942779541,2.190000057220459,2.1500000953674316,2.190000057220459,32941
2025-08-25,2.1264901161193848,2.2049999237060547,2.2300000190734863,2.1649999618530273,2.184999942779541,29913
2025-08-26,2.1023805141448975,2.180000066757202,2.194999933242798,2.1600000858306885,2.194999933242798,17481
2025-08-27,2.0975584983825684,2.174999952316284,2.174999952316284,2.1449999809265137,2.1649999618530273,15796
2025-08-28,2.073448657989502,2.1500000953674316,2.180000066757202,2.1500000953674316,2.1700000762939453,22887
2025-08-29,2.030050754547119,2.1050000190734863,2.1449999809265137,2.1050000190734863,2.1449999809265137,72266
2025-09-01,2.02522873878479,2.0999999046325684,2.130000114440918,2.059999942779541,2.1050000190734863,61513
2025-09-02,1.9866529703140259,2.059999942779541,2.0799999237060547,2.059999942779541,2.0799999237060547,19629
2025-09-03,1.9866529703140259,2.059999942779541,2.0850000381469727,2.0450000762939453,2.069999933242798,39950
2025-09-04,1.9528993368148804,2.0250000953674316,2.069999933242798,2.0250000953674316,2.059999942779541,18713
2025-09-05,2.0059409141540527,2.0799999237060547,2.0799999237060547,2.0199999809265137,2.0250000953674316,33975
2025-09-08,1.9818311929702759,2.055000066757202,2.0799999237060547,2.049999952316284,2.0799999237060547,12057
2025-09-09,1.9770090579986572,2.049999952316284,2.075000047683716,2.0450000762939453,2.059999942779541,27569
2025-09-10,1.9480772018432617,2.0199999809265137,2.049999952316284,2.0199999809265137,2.0450000762939453,18874
2025-09-11,1.9770090579986572,2.049999952316284,2.0799999237060547,2.0299999713897705,2.0450000762939453,14890
2025-09-12,1.9962968826293945,2.069999933242798,2.069999933242798,2.0199999809265137,2.049999952316284,18685
2025-09-15,1.95772123336792,2.0299999713897705,2.0450000762939453,2.0199999809265137,2.0450000762939453,15425
2025-09-16,1.9866529703140259,2.059999942779541,2.059999942779541,2.0,2.0299999713897705,180494
2025-09-17,2.0011191368103027,2.075000047683716,2.0899999141693115,2.059999942779541,2.059999942779541,29679
2025-09-18,2.015584707260132,2.0899999141693115,2.119999885559082,2.0850000381469727,2.109999895095825,18564
2025-09-19,2.02522873878479,2.0999999046325684,2.0999999046325684,2.0799999237060547,2.0899999141693115,59340
2025-09-22,2.030050754547119,2.1050000190734863,2.125,2.0999999046325684,2.1050000190734863,45020
2025-09-23,2.0396947860717773,2.115000009536743,2.119999885559082,2.0999999046325684,2.0999999046325684,18599
2025-09-24,1.9818311929702759,2.055000066757202,2.115000009536743,2.055000066757202,2.115000009536743,23596
2025-09-25,1.9480772018432617,2.0199999809265137,2.059999942779541,2.0,2.055000066757202,53625
2025-09-26,1.9480772018432617,2.0199999809265137,2.055000066757202,1.9919999837875366,2.0199999809265137,27375
2025-09-29,1.9287893772125244,2.0,2.049999952316284,2.0,2.005000114440918,36315
2025-09-30,1.9287893772125244,2.0,2.0250000953674316,1.99399995803833,2.0,27318
2025-10-01,1.9268605709075928,1.9980000257492065,2.005000114440918,1.99399995803833,2.0,31786
2025-10-02,1.9721871614456177,2.0450000762939453,2.069999933242798,2.0,2.0,32922
2025-10-03,1.9528993368148804,2.0250000953674316,2.0450000762939453,2.0250000953674316,2.0250000953674316,7916
2025-10-06,1.9770090579986572,2.049999952316284,2.065000057220459,2.0250000953674316,2.0250000953674316,65889
2025-10-07,1.95772123336792,2.0299999713897705,2.0799999237060547,2.0299999713897705,2.059999942779541,40620
2025-10-08,1.962543249130249,2.0350000858306885,2.049999952316284,2.0250000953674316,2.0250000953674316,9288
2025-10-09,1.962543249130249,2.0350000858306885,2.0899999141693115,2.009999990463257,2.0350000858306885,46015
2025-10-10,1.9673651456832886,2.0399999618530273,2.055000066757202,2.0199999809265137,2.0350000858306885,44880
2025-10-13,1.9528993368148804,2.0250000953674316,2.0450000762939453,2.009999990463257,2.0399999618530273,51113
2025-10-14,1.95772123336792,2.0299999713897705,2.0299999713897705,1.9919999837875366,2.015000104904175,32110
2025-10-15,1.9268605709075928,1.9980000257492065,2.0299999713897705,1.9800000190734863,2.0299999713897705,47838
2025-10-16,1.9133590459823608,1.9839999675750732,2.130000114440918,1.899999976158142,1.9620000123977661,217179
2025-10-17,1.8979288339614868,1.968000054359436,2.0,1.9500000476837158,1.996000051498413,68473
2025-10-20,1.962543249130249,2.0350000858306885,2.065000057220459,1.972000002861023,1.972000002861023,53564
2025-10-21,1.9268605709075928,1.9980000257492065,2.0350000858306885,1.9900000095367432,2.0350000858306885,34728
2025-10-22,1.8959999084472656,1.965999960899353,2.009999990463257,1.9639999866485596,1.9980000257492065,248496
2025-10-23,1.9359999895095825,1.9359999895095825,1.9459999799728394,1.899999976158142,1.940000057220459,89008
2025-10-24,1.9320000410079956,1.9320000410079956,1.9479999542236328,1.9160000085830688,1.9359999895095825,43562
2025-10-27,1.9800000190734863,1.9800000190734863,1.9800000190734863,1.9199999570846558,1.9199999570846558,32579
2025-10-28,1.9240000247955322,1.9240000247955322,1.9839999675750732,1.909999966621399,1.9800000190734863,20638
2025-10-29,1.899999976158142,1.899999976158142,1.9199999570846558,1.8819999694824219,1.9119999408721924,85294
2025-10-30,1.8880000114440918,1.8880000114440918,1.9119999408721924,1.8880000114440918,1.909999966621399,27442
2025-10-31,1.9459999799728394,1.9459999799728394,1.9700000286102295,1.8880000114440918,1.8880000114440918,38863
2025-11-03,1.8940000534057617,1.8940000534057617,1.9459999799728394,1.8940000534057617,1.9459999799728394,45254
2025-11-04,1.9700000286102295,1.9700000286102295,1.9700000286102295,1.899999976158142,1.899999976158142,48161
2025-11-05,1.940000057220459,1.940000057220459,1.9700000286102295,1.9119999408721924,1.9639999866485596,22023
2025-11-06,1.9839999675750732,1.9839999675750732,2.005000114440918,1.940000057220459,1.940000057220459,51291
2025-11-07,2.009999990463257,2.009999990463257,2.0399999618530273,1.9800000190734863,1.9819999933242798,55049
2025-11-10,2.0199999809265137,2.0199999809265137,2.0350000858306885,1.9700000286102295,2.015000104904175,47735
2025-11-11,2.059999942779541,2.059999942779541,2.0899999141693115,2.0299999713897705,2.049999952316284,159991
2025-11-12,2.015000104904175,2.015000104904175,2.0950000286102295,1.9919999837875366,2.065000057220459,197405
2025-11-13,2.0999999046325684,2.0999999046325684,2.1050000190734863,2.015000104904175,2.015000104904175,164175
2025-11-14,2.0850000381469727,2.0850000381469727,2.140000104904175,2.0399999618530273,2.0999999046325684,108160
2025-11-17,2.125,2.125,2.190000057220459,2.0799999237060547,2.0799999237060547,114298
2025-11-18,2.0350000858306885,2.0350000858306885,2.1050000190734863,2.0199999809265137,2.0999999046325684,88207
2025-11-19,2.0799999237060547,2.0799999237060547,2.0799999237060547,2.0299999713897705,2.0350000858306885,50547
2025-11-20,2.0450000762939453,2.0450000762939453,2.0799999237060547,2.0450000762939453,2.069999933242798,37452
2025-11-21,2.0199999809265137,2.0199999809265137,2.049999952316284,2.0,2.0450000762939453,40837
2025-11-24,2.009999990463257,2.009999990463257,2.059999942779541,2.005000114440918,2.0199999809265137,42237
2025-11-25,2.0250000953674316,2.0250000953674316,2.0399999618530273,1.9859999418258667,2.009999990463257,97431
2025-11-26,2.0350000858306885,2.0350000858306885,2.055000066757202,2.0199999809265137,2.0199999809265137,34135
2025-11-27,2.069999933242798,2.069999933242798,2.1050000190734863,2.0350000858306885,2.0350000858306885,77188
2025-11-28,2.0450000762939453,2.0450000762939453,2.115000009536743,2.0399999618530273,2.0450000762939453,63673
2025-12-01,2.0450000762939453,2.0450000762939453,2.069999933242798,2.0299999713897705,2.0399999618530273,69789
2025-12-02,2.0299999713897705,2.0299999713897705,2.049999952316284,2.0250000953674316,2.0450000762939453,34467
2025-12-03,2.0299999713897705,2.0299999713897705,2.055000066757202,2.015000104904175,2.0399999618530273,69240
2025-12-04,2.0250000953674316,2.0250000953674316,2.065000057220459,2.0250000953674316,2.0299999713897705,46654
2025-12-05,2.059999942779541,2.059999942779541,2.125,2.0299999713897705,2.0299999713897705,117741
2025-12-08,2.0399999618530273,2.0399999618530273,2.0850000381469727,2.015000104904175,2.059999942779541,74377
2025-12-09,2.049999952316284,2.049999952316284,2.059999942779541,2.0299999713897705,2.0350000858306885,46423
2025-12-10,2.049999952316284,2.049999952316284,2.069999933242798,2.0350000858306885,2.055000066757202,51887
2025-12-11,2.055000066757202,2.055000066757202,2.0799999237060547,2.0399999618530273,2.065000057220459,56276
2025-12-12,2.065000057220459,2.065000057220459,2.109999895095825,2.065000057220459,2.069999933242798,55855
2025-12-15,2.049999952316284,2.049999952316284,2.0799999237060547,2.0450000762939453,2.065000057220459,51549
2025-12-16,2.0299999713897705,2.0299999713897705,2.059999942779541,2.0250000953674316,2.0399999618530273,41218
2025-12-17,2.0299999713897705,2.0299999713897705,2.049999952316284,2.0250000953674316,2.0450000762939453,46949
2025-12-18,2.049999952316284,2.049999952316284,2.049999952316284,2.0350000858306885,2.0350000858306885,36606
2025-12-19,2.055000066757202,2.055000066757202,2.065000057220459,2.0350000858306885,2.0350000858306885,74490
2025-12-22,2.0999999046325684,2.0999999046325684,2.0999999046325684,2.0399999618530273,2.049999952316284,134468
2025-12-23,2.1700000762939453,2.1700000762939453,2.194999933242798,2.0899999141693115,2.0999999046325684,157375
2025-12-29,2.2200000286102295,2.2200000286102295,2.255000114440918,2.1649999618530273,2.1700000762939453,147210
2025-12-30,2.1700000762939453,2.1700000762939453,2.2149999141693115,2.1500000953674316,2.2100000381469727,179510
2026-01-02,2.1600000858306885,2.1600000858306885,2.190000057220459,2.1500000953674316,2.1649999618530273,54547
2026-01-05,2.1549999713897705,2.1549999713897705,2.180000066757202,2.130000114440918,2.1700000762939453,72134
2026-01-07,2.200000047683716,2.200000047683716,2.200000047683716,2.1549999713897705,2.1549999713897705,55827
2026-01-08,2.1649999618530273,2.1649999618530273,2.200000047683716,2.1600000858306885,2.194999933242798,38602
2026-01-09,2.194999933242798,2.194999933242798,2.200000047683716,2.1649999618530273,2.1649999618530273,58678
2026-01-12,2.2100000381469727,2.2100000381469727,2.234999895095825,2.1700000762939453,2.190000057220459,96456
2026-01-13,2.259999990463257,2.259999990463257,2.265000104904175,2.2100000381469727,2.2200000286102295,64440
2026-01-14,2.2149999141693115,2.2149999141693115,2.259999990463257,2.190000057220459,2.259999990463257,70690
2026-01-15,2.244999885559082,2.244999885559082,2.259999990463257,2.180000066757202,2.2149999141693115,39204
2026-01-16,2.240000009536743,2.240000009536743,2.25,2.2200000286102295,2.240000009536743,47388
2026-01-19,2.2249999046325684,2.2249999046325684,2.2300000190734863,2.180000066757202,2.2300000190734863,51682
2026-01-20,2.2200000286102295,2.2200000286102295,2.2300000190734863,2.2100000381469727,2.2249999046325684,46558
2026-01-21,2.2149999141693115,2.2149999141693115,2.259999990463257,2.2100000381469727,2.2200000286102295,143603
2026-01-22,2.265000104904175,2.265000104904175,2.2799999713897705,2.234999895095825,2.240000009536743,61951
2026-01-23,2.299999952316284,2.299999952316284,2.3399999141693115,2.265000104904175,2.2699999809265137,130001
2026-01-26,2.3550000190734863,2.3550000190734863,2.369999885559082,2.2950000762939453,2.299999952316284,72007
2026-01-27,2.3499999046325684,2.3499999046325684,2.375,2.325000047683716,2.365000009536743,37711
2026-01-28,2.3499999046325684,2.3499999046325684,2.384999990463257,2.3299999237060547,2.384999990463257,33121
2026-01-29,2.255000114440918,2.255000114440918,2.3499999046325684,2.25,2.3450000286102295,63871
2026-01-30,2.2899999618530273,2.2899999618530273,2.309999942779541,2.240000009536743,2.265000104904175,34541
2026-02-02,2.259999990463257,2.259999990463257,2.2850000858306885,2.2249999046325684,2.2850000858306885,32650
2026-02-03,2.259999990463257,2.259999990463257,2.2750000953674316,2.2300000190734863,2.255000114440918,52158
2026-02-04,2.319999933242798,2.319999933242798,2.3299999237060547,2.25,2.259999990463257,42989
2026-02-05,2.234999895095825,2.234999895095825,2.315000057220459,2.2300000190734863,2.315000057220459,50086
2026-02-06,2.240000009536743,2.240000009536743,2.2799999713897705,2.2249999046325684,2.240000009536743,57254
2026-02-09,2.140000104904175,2.140000104904175,2.2850000858306885,2.140000104904175,2.259999990463257,83648
2026-02-10,2.119999885559082,2.119999885559082,2.244999885559082,2.1050000190734863,2.1600000858306885,74825
2026-02-11,2.0999999046325684,2.0999999046325684,2.140000104904175,2.075000047683716,2.119999885559082,92856
2026-02-12,2.0399999618530273,2.0399999618530273,2.0999999046325684,2.0299999713897705,2.0999999046325684,52975
2026-02-13,2.015000104904175,2.015000104904175,2.069999933242798,1.9800000190734863,2.0350000858306885,108788
2026-02-16,2.055000066757202,2.055000066757202,2.069999933242798,2.0,2.009999990463257,60084
2026-02-17,2.0450000762939453,2.0450000762939453,2.075000047683716,2.0199999809265137,2.059999942779541,32684
2026-02-18,2.075000047683716,2.075000047683716,2.0850000381469727,2.0399999618530273,2.0399999618530273,18145
2026-02-19,2.0899999141693115,2.0899999141693115,2.0899999141693115,2.055000066757202,2.075000047683716,20568
2026-02-20,2.0999999046325684,2.0999999046325684,2.115000009536743,2.0799999237060547,2.0899999141693115,31024
2026-02-23,2.075000047683716,2.075000047683716,2.130000114440918,2.049999952316284,2.0999999046325684,76562
2026-02-24,2.109999895095825,2.109999895095825,2.1449999809265137,2.0899999141693115,2.0899999141693115,109491
2026-02-25,1.843999981880188,1.843999981880188,1.9520000219345093,1.8300000429153442,1.8700000047683716,578805
2026-02-26,1.7699999809265137,1.7699999809265137,1.8580000400543213,1.722000002861023,1.8580000400543213,428725
2026-02-27,1.75,1.75,1.7899999618530273,1.7339999675750732,1.746000051498413,441427
2026-03-02,1.7480000257492065,1.7480000257492065,1.7699999809265137,1.718000054359436,1.7519999742507935,157232
2026-03-03,1.7100000381469727,1.7100000381469727,1.7979999780654907,1.684000015258789,1.7979999780654907,181627
2026-03-04,1.715999960899353,1.715999960899353,1.7259999513626099,1.690000057220459,1.7120000123977661,168643
2026-03-05,1.7059999704360962,1.7059999704360962,1.75,1.7000000476837158,1.715999960899353,119474
2026-03-06,1.7339999675750732,1.7339999675750732,1.746000051498413,1.6959999799728394,1.7059999704360962,96225
2026-03-09,1.7300000190734863,1.7300000190734863,1.7580000162124634,1.6720000505447388,1.718000054359436,78830
2026-03-10,1.753999948501587,1.753999948501587,1.7740000486373901,1.7300000190734863,1.7359999418258667,87816
2026-03-11,1.74399995803833,1.74399995803833,1.7680000066757202,1.7300000190734863,1.75,70771
2026-03-12,1.7359999418258667,1.7359999418258667,1.7640000581741333,1.7280000448226929,1.74399995803833,50907
2026-03-13,1.7200000286102295,1.7200000286102295,1.75600004196167,1.7059999704360962,1.7359999418258667,111832
2026-03-16,1.75,1.75,1.75,1.7100000381469727,1.7200000286102295,56958
2026-03-17,1.7359999418258667,1.7359999418258667,1.7480000257492065,1.715999960899353,1.7480000257492065,27701
2026-03-18,1.7359999418258667,1.7359999418258667,1.777999997138977,1.7319999933242798,1.7480000257492065,73484
2026-03-19,1.722000002861023,1.722000002861023,1.75,1.7059999704360962,1.7200000286102295,39279
2026-03-20,1.718000054359436,1.718000054359436,1.75,1.7100000381469727,1.7239999771118164,55774
2026-03-23,1.722000002861023,1.722000002861023,1.7319999933242798,1.6699999570846558,1.7100000381469727,155100
2026-03-24,1.7039999961853027,1.7039999961853027,1.74399995803833,1.6759999990463257,1.7200000286102295,63847
2026-03-25,1.6959999799728394,1.6959999799728394,1.718000054359436,1.6799999475479126,1.6979999542236328,67516
2026-03-26,1.694000005722046,1.694000005722046,1.7100000381469727,1.694000005722046,1.7020000219345093,48158
2026-03-27,1.649999976158142,1.649999976158142,1.6959999799728394,1.6399999856948853,1.6959999799728394,90486
2026-03-30,1.6640000343322754,1.6640000343322754,1.6799999475479126,1.6460000276565552,1.6460000276565552,48054
2026-03-31,1.7139999866485596,1.7139999866485596,1.7380000352859497,1.6419999599456787,1.6419999599456787,43345
2026-04-01,1.75600004196167,1.75600004196167,1.7599999904632568,1.7139999866485596,1.7139999866485596,28866
2026-04-02,1.7519999742507935,1.7519999742507935,1.7740000486373901,1.7300000190734863,1.7519999742507935,53189
2026-04-07,1.7300000190734863,1.7300000190734863,1.7799999713897705,1.7300000190734863,1.753999948501587,35806
2026-04-08,1.7760000228881836,1.7760000228881836,1.7940000295639038,1.753999948501587,1.7940000295639038,40557
2026-04-09,1.753999948501587,1.753999948501587,1.7760000228881836,1.75,1.7760000228881836,43569
2026-04-10,1.7680000066757202,1.7680000066757202,1.7960000038146973,1.7580000162124634,1.7619999647140503,41057
2026-04-13,1.746000051498413,1.746000051498413,1.7599999904632568,1.7400000095367432,1.7599999904632568,38605
2026-04-14,1.75,1.75,1.7619999647140503,1.7259999513626099,1.746000051498413,33505
2026-04-15,1.7380000352859497,1.7380000352859497,1.74399995803833,1.7280000448226929,1.7419999837875366,27030
2026-04-16,1.7280000448226929,1.7280000448226929,1.7519999742507935,1.7280000448226929,1.7380000352859497,35462
2026-04-17,1.7059999704360962,1.7059999704360962,1.7300000190734863,1.690000057220459,1.7300000190734863,83603
2026-04-20,1.6959999799728394,1.6959999799728394,1.7000000476837158,1.684000015258789,1.6959999799728394,30300
2026-04-21,1.722000002861023,1.722000002861023,1.75600004196167,1.6799999475479126,1.6859999895095825,104009
2026-04-22,1.7239999771118164,1.7239999771118164,1.746000051498413,1.7039999961853027,1.722000002861023,23032
2026-04-23,1.7120000123977661,1.7120000123977661,1.7259999513626099,1.7079999446868896,1.7259999513626099,33809
2026-04-24,1.6779999732971191,1.6779999732971191,1.7120000123977661,1.6759999990463257,1.7120000123977661,57241
2026-04-27,1.6640000343322754,1.6640000343322754,1.6779999732971191,1.6399999856948853,1.6779999732971191,51985
2026-04-28,1.6119999885559082,1.6119999885559082,1.656000018119812,1.6119999885559082,1.649999976158142,19829
2026-04-29,1.6339999437332153,1.6339999437332153,1.6480000019073486,1.6119999885559082,1.6139999628067017,39834
2026-04-30,1.6419999599456787,1.6419999599456787,1.6579999923706055,1.6119999885559082,1.6460000276565552,45141
2026-05-04,1.6419999599456787,1.6419999599456787,1.6640000343322754,1.6200000047683716,1.6640000343322754,28141
2026-05-05,1.649999976158142,1.649999976158142,1.6799999475479126,1.6260000467300415,1.6419999599456787,33853
2026-05-06,1.6460000276565552,1.6460000276565552,1.659999966621399,1.6239999532699585,1.6419999599456787,48774
2026-05-07,1.659999966621399,1.659999966621399,1.659999966621399,1.6299999952316284,1.6460000276565552,45240
2026-05-08,1.6640000343322754,1.6640000343322754,1.6820000410079956,1.6380000114440918,1.6579999923706055,57238
2026-05-11,1.7000000476837158,1.7000000476837158,1.7000000476837158,1.6339999437332153,1.6640000343322754,143150
2026-05-12,1.590000033378601,1.590000033378601,1.649999976158142,1.5779999494552612,1.649999976158142,200847
2026-05-13,1.6139999628067017,1.6139999628067017,1.6239999532699585,1.555999994277954,1.590000033378601,128909
2026-05-15,1.6100000143051147,1.6100000143051147,1.6100000143051147,1.5520000457763672,1.590000033378601,91744
2026-05-18,1.5520000457763672,1.5520000457763672,1.6100000143051147,1.5299999713897705,1.6100000143051147,79579
2026-05-19,1.5360000133514404,1.5360000133514404,1.5499999523162842,1.5199999809265137,1.5499999523162842,268184
2026-05-20,1.5420000553131104,1.5420000553131104,1.5740000009536743,1.5299999713897705,1.5299999713897705,47184
2026-05-21,1.5360000133514404,1.5360000133514404,1.559999942779541,1.5260000228881836,1.5420000553131104,48489
2026-05-22,1.5440000295639038,1.5440000295639038,1.5499999523162842,1.5260000228881836,1.5360000133514404,224683
2026-05-25,1.5420000553131104,1.5420000553131104,1.5499999523162842,1.531999945640564,1.5460000038146973,59497
2026-05-26,1.534000039100647,1.534000039100647,1.5479999780654907,1.531999945640564,1.5420000553131104,30573
2026-05-27,1.527999997138977,1.527999997138977,1.5420000553131104,1.5,1.5360000133514404,174155
2026-05-28,1.5160000324249268,1.5160000324249268,1.5299999713897705,1.5119999647140503,1.527999997138977,18451
2026-05-29,1.5080000162124634,1.5080000162124634,1.5379999876022339,1.503999948501587,1.5199999809265137,75016
2026-06-01,1.5180000066757202,1.5180000066757202,1.5240000486373901,1.4980000257492065,1.503999948501587,114608
2026-06-02,1.5499999523162842,1.5499999523162842,1.5499999523162842,1.5019999742507935,1.5099999904632568,128404
2026-06-03,1.5479999780654907,1.5479999780654907,1.5720000267028809,1.5440000295639038,1.559999942779541,47311
2026-06-04,1.6019999980926514,1.6019999980926514,1.6019999980926514,1.5440000295639038,1.559999942779541,69055
2026-06-05,1.6380000114440918,1.6380000114440918,1.6399999856948853,1.5820000171661377,1.5820000171661377,39760
2026-06-08,1.559999942779541,1.559999942779541,1.6419999599456787,1.555999994277954,1.6419999599456787,39728
2026-06-09,1.5540000200271606,1.5540000200271606,1.6059999465942383,1.5499999523162842,1.5640000104904175,18790
2026-06-10,1.5579999685287476,1.5579999685287476,1.5720000267028809,1.5440000295639038,1.5440000295639038,24600
2026-06-11,1.5460000038146973,1.5460000038146973,1.5640000104904175,1.5360000133514404,1.5399999618530273,78084
2026-06-12,1.5859999656677246,1.5859999656677246,1.6059999465942383,1.5700000524520874,1.6059999465942383,16685
2026-06-15,1.600000023841858,1.600000023841858,1.6160000562667847,1.5880000591278076,1.6019999980926514,21434
2026-06-16,1.5720000267028809,1.5720000267028809,1.6260000467300415,1.565999984741211,1.6019999980926514,14421
2026-06-17,1.5779999494552612,1.5779999494552612,1.5980000495910645,1.565999984741211,1.5839999914169312,9015
2026-06-18,1.559999942779541,1.559999942779541,1.5700000524520874,1.5399999618530273,1.5679999589920044,11333
2026-06-22,1.5700000524520874,1.5700000524520874,1.5880000591278076,1.5399999618530273,1.5499999523162842,29007
2026-06-23,1.5299999713897705,1.5299999713897705,1.5700000524520874,1.5299999713897705,1.5700000524520874,54865
2026-06-24,1.5399999618530273,1.5399999618530273,1.559999942779541,1.5299999713897705,1.5299999713897705,5408
2026-06-25,1.5199999809265137,1.5199999809265137,1.5399999618530273,1.5099999904632568,1.5399999618530273,36631
2026-06-26,1.5019999742507935,1.5019999742507935,1.5360000133514404,1.5019999742507935,1.5299999713897705,24698
2026-06-29,1.5099999904632568,1.5099999904632568,1.5199999809265137,1.5019999742507935,1.503999948501587,10751
2026-06-30,1.5119999647140503,1.5119999647140503,1.5379999876022339,1.5099999904632568,1.5119999647140503,17170
2026-07-01,1.5700000524520874,1.5700000524520874,1.5820000171661377,1.5119999647140503,1.5119999647140503,53708
2026-07-02,1.5880000591278076,1.5880000591278076,1.6200000047683716,1.5520000457763672,1.5679999589920044,23497
2026-07-03,1.6200000047683716,1.6200000047683716,1.6859999895095825,1.5880000591278076,1.5880000591278076,83904
2026-07-06,1.6619999408721924,1.6619999408721924,1.6640000343322754,1.621999979019165,1.621999979019165,12049
2026-07-07,1.684000015258789,1.684000015258789,1.684000015258789,1.6619999408721924,1.6640000343322754,7113
2026-07-08,1.5859999656677246,1.5859999656677246,1.6859999895095825,1.5859999656677246,1.6859999895095825,23970
2026-07-09,1.5800000429153442,1.5800000429153442,1.6200000047683716,1.5,1.5859999656677246,84051
2026-07-10,1.593999981880188,1.593999981880188,1.593999981880188,1.5460000038146973,1.5479999780654907,10390
2026-07-13,1.6019999980926514,1.6019999980926514,1.6319999694824219,1.590000033378601,1.5920000076293945,17175
2026-07-14,1.5219999551773071,1.5219999551773071,1.6239999532699585,1.50600004196167,1.6019999980926514,67846
2026-07-15,1.5420000553131104,1.5420000553131104,1.562000036239624,1.527999997138977,1.5579999685287476,25876
2026-07-16,1.5099999904632568,1.5099999904632568,1.5440000295639038,1.5,1.5440000295639038,46694
2026-07-17,1.5119999647140503,1.5119999647140503,1.5720000267028809,1.5,1.5199999809265137,60932
2026-07-20,1.534000039100647,1.534000039100647,1.5460000038146973,1.5099999904632568,1.5140000581741333,25736
2026-07-21,1.5099999904632568,1.5099999904632568,1.5360000133514404,1.5099999904632568,1.534000039100647,15465
2026-07-22,1.5700000524520874,1.5700000524520874,1.5800000429153442,1.5099999904632568,1.5099999904632568,59906
2026-07-23,1.5199999809265137,1.5199999809265137,1.5679999589920044,1.5099999904632568,1.5679999589920044,12177
2026-07-24,1.5199999809265137,1.5199999809265137,1.5240000486373901,1.5080000162124634,1.5219999551773071,12303
2026-07-27,1.5379999876022339,1.5379999876022339,1.5460000038146973,1.50600004196167,1.5199999809265137,20536
2026-07-28,1.5579999685287476,1.5579999685287476,1.5579999685287476,1.531999945640564,1.5360000133514404,18745
2026-07-29,1.5640000104904175,1.5640000104904175,1.5980000495910645,1.5479999780654907,1.5520000457763672,27604
2026-07-30,1.6640000343322754,1.6640000343322754,1.6640000343322754,1.5299999713897705,1.5640000104904175,55963
2026-07-31,1.6319999694824219,1.6319999694824219,1.6740000247955322,1.6019999980926514,1.6640000343322754,14612
2026-08-03,1.6299999952316284,1.6299999952316284,1.659999966621399,1.600000023841858,1.6039999723434448,40579
2026-08-04,1.6239999532699585,1.6239999532699585,1.6299999952316284,1.5880000591278076,1.6299999952316284,21361
2026-08-05,1.5880000591278076,1.5880000591278076,1.6239999532699585,1.5880000591278076,1.6239999532699585,24132
2026-08-06,1.6119999885559082,1.6119999885559082,1.6480000019073486,1.5859999656677246,1.5880000591278076,21192
2026-08-07,1.5820000171661377,1.5820000171661377,1.6160000562667847,1.5800000429153442,1.6139999628067017,31163
2026-08-10,1.5679999589920044,1.5679999589920044,1.6039999723434448,1.559999942779541,1.590000033378601,63093
2026-08-11,1.6059999465942383,1.6059999465942383,1.649999976158142,1.593999981880188,1.593999981880188,56139
2026-08-12,1.5160000324249268,1.5160000324249268,1.5499999523162842,1.4500000476837158,1.4980000257492065,254023
2026-08-13,1.5119999647140503,1.5119999647140503,1.5299999713897705,1.5,1.5160000324249268,55943
2026-08-14,1.5160000324249268,1.5160000324249268,1.527999997138977,1.50600004196167,1.5199999809265137,28682
2026-08-17,1.5199999809265137,1.5199999809265137,1.5379999876022339,1.5140000581741333,1.5199999809265137,31068
2026-08-18,1.5399999618530273,1.5399999618530273,1.5399999618530273,1.4980000257492065,1.5199999809265137,94094
2026-08-19,1.5420000553131104,1.5420000553131104,1.5779999494552612,1.5240000486373901,1.5420000553131104,88001
2026-08-20,1.5360000133514404,1.5360000133514404,1.559999942779541,1.5299999713897705,1.559999942779541,21793
2026-08-21,1.5880000591278076,1.5880000591278076,1.649999976158142,1.5099999904632568,1.534000039100647,72472
2026-08-24,1.5759999752044678,1.5759999752044678,1.5959999561309814,1.565999984741211,1.590000033378601,17533
2026-08-25,1.5800000429153442,1.5800000429153442,1.5800000429153442,1.5640000104904175,1.5779999494552612,20076
2026-08-26,1.5360000133514404,1.5360000133514404,1.5800000429153442,1.5360000133514404,1.5800000429153442,32734
2026-08-27,1.531999945640564,1.531999945640564,1.562000036239624,1.5299999713897705,1.562000036239624,13540
2026-08-28,1.5420000553131104,1.5420000553131104,1.562000036239624,1.5299999713897705,1.531999945640564,69586
2026-08-31,1.5499999523162842,1.5499999523162842,1.559999942779541,1.5420000553131104,1.5420000553131104,18038
2026-09-01,1.5700000524520874,1.5700000524520874,1.593999981880188,1.5499999523162842,1.5499999523162842,39074
2026-09-02,1.5759999752044678,1.5759999752044678,1.5959999561309814,1.5679999589920044,1.5800000429153442,41663
2026-09-03,1.5859999656677246,1.5859999656677246,1.5920000076293945,1.562000036239624,1.5920000076293945,14638
2026-09-04,1.590000033378601,1.590000033378601,1.5920000076293945,1.5720000267028809,1.5859999656677246,24200
2026-09-08,1.5240000486373901,1.5240000486373901,1.5440000295639038,1.5180000066757202,1.531999945640564,32893
2026-09-09,1.5140000581741333,1.5140000581741333,1.5199999809265137,1.5019999742507935,1.5180000066757202,32045
2026-09-10,1.5199999809265137,1.5199999809265137,1.5360000133514404,1.5180000066757202,1.5180000066757202,22608
2026-09-11,1.5080000162124634,1.5080000162124634,1.5199999809265137,1.5019999742507935,1.5199999809265137,37661
2026-09-14,1.5,1.5,1.5140000581741333,1.4980000257492065,1.503999948501587,38065
2026-09-15,1.5099999904632568,1.5099999904632568,1.5140000581741333,1.5,1.5,12394
2026-09-16,1.5099999904632568,1.5099999904632568,1.5140000581741333,1.5,1.5140000581741333,29404
