Price,Adj Close,Close,High,Low,Open,Volume
Ticker,KREATE.HE,KREATE.HE,KREATE.HE,KREATE.HE,KREATE.HE,KREATE.HE
Date,,,,,,
2021-02-19,8.059805870056152,10.6899995803833,12.5,10.399999618530273,12.25,771620
2021-02-22,8.29504108428955,11.001999855041504,11.097999572753906,10.802000045776367,10.899999618530273,163432
2021-02-23,8.074886322021484,10.710000038146973,11.050000190734863,10.51200008392334,11.050000190734863,100952
2021-02-24,8.254327774047852,10.947999954223633,10.998000144958496,10.710000038146973,10.75,34629
2021-02-25,8.117107391357422,10.765999794006348,10.949999809265137,10.699999809265137,10.949999809265137,38086
2021-02-26,8.067347526550293,10.699999809265137,10.75,10.5,10.649999618530273,23683
2021-03-01,8.105045318603516,10.75,10.800000190734863,10.649999618530273,10.699999809265137,15011
2021-03-02,8.029648780822754,10.649999618530273,10.75,10.649999618530273,10.75,16180
2021-03-03,7.991950988769531,10.600000381469727,10.699999809265137,10.550000190734863,10.649999618530273,16678
2021-03-04,7.841158390045166,10.399999618530273,10.600000381469727,10.25,10.600000381469727,69653
2021-03-05,7.7280659675598145,10.25,10.399999618530273,10.100000381469727,10.399999618530273,16352
2021-03-08,7.577274799346924,10.050000190734863,10.199999809265137,9.899999618530273,10.199999809265137,46662
2021-03-09,7.803461074829102,10.350000381469727,10.449999809265137,9.9399995803833,10.0,29918
2021-03-10,7.878856182098389,10.449999809265137,10.449999809265137,10.350000381469727,10.350000381469727,16613
2021-03-11,7.9165544509887695,10.5,10.600000381469727,10.399999618530273,10.5,7318
2021-03-12,7.878856182098389,10.449999809265137,10.649999618530273,10.399999618530273,10.600000381469727,6218
2021-03-15,7.803461074829102,10.350000381469727,10.550000190734863,10.300000190734863,10.5,20785
2021-03-16,7.7280659675598145,10.25,10.399999618530273,10.25,10.350000381469727,6036
2021-03-17,7.652669906616211,10.149999618530273,10.350000381469727,10.149999618530273,10.350000381469727,6755
2021-03-18,7.690368175506592,10.199999809265137,10.25,10.100000381469727,10.149999618530273,12315
2021-03-19,7.652669906616211,10.149999618530273,10.25,10.100000381469727,10.199999809265137,8191
2021-03-22,7.690368175506592,10.199999809265137,10.25,10.100000381469727,10.25,9763
2021-03-23,7.539576530456543,10.0,10.199999809265137,9.979999542236328,10.199999809265137,40436
2021-03-24,7.539576530456543,10.0,10.100000381469727,10.0,10.0,9512
2021-03-25,7.652669906616211,10.149999618530273,10.149999618530273,9.960000038146973,10.0,28748
2021-03-26,7.841158390045166,10.399999618530273,10.399999618530273,10.100000381469727,10.100000381469727,12315
2021-03-29,7.841158390045166,10.399999618530273,10.449999809265137,10.25,10.449999809265137,11098
2021-03-30,7.803461074829102,10.350000381469727,10.449999809265137,10.300000190734863,10.350000381469727,12230
2021-03-31,7.7657647132873535,10.300000190734863,10.300000190734863,9.960000038146973,10.100000381469727,25601
2021-04-01,7.7657647132873535,10.300000190734863,10.350000381469727,10.199999809265137,10.25,12161
2021-04-06,8.029648780822754,10.649999618530273,10.699999809265137,10.350000381469727,10.350000381469727,54806
2021-04-07,8.105045318603516,10.75,10.800000190734863,10.699999809265137,10.75,22898
2021-04-08,8.218138694763184,10.899999618530273,10.949999809265137,10.800000190734863,10.850000381469727,19426
2021-04-09,8.25583553314209,10.949999809265137,11.0,10.949999809265137,10.949999809265137,15326
2021-04-12,8.293535232543945,11.0,11.100000381469727,11.0,11.0,15903
2021-04-13,8.406627655029297,11.149999618530273,11.149999618530273,11.050000190734863,11.100000381469727,18448
2021-04-14,8.44432544708252,11.199999809265137,11.25,11.149999618530273,11.25,13266
2021-04-15,8.519721031188965,11.300000190734863,11.350000381469727,11.199999809265137,11.25,23383
2021-04-16,8.557417869567871,11.350000381469727,11.399999618530273,11.25,11.300000190734863,22271
2021-04-19,8.519721031188965,11.300000190734863,11.399999618530273,11.300000190734863,11.350000381469727,13012
2021-04-20,8.331232070922852,11.050000190734863,11.399999618530273,11.050000190734863,11.399999618530273,19580
2021-04-21,8.36893081665039,11.100000381469727,11.149999618530273,11.050000190734863,11.100000381469727,5110
2021-04-22,8.557417869567871,11.350000381469727,11.399999618530273,11.100000381469727,11.149999618530273,19733
2021-04-23,8.557417869567871,11.350000381469727,11.449999809265137,11.25,11.399999618530273,13857
2021-04-26,8.59511661529541,11.399999618530273,11.399999618530273,11.300000190734863,11.350000381469727,17072
2021-04-27,8.519721031188965,11.300000190734863,11.449999809265137,11.25,11.399999618530273,16481
2021-04-28,8.519721031188965,11.300000190734863,11.5,11.25,11.300000190734863,34174
2021-04-29,8.557417869567871,11.350000381469727,11.399999618530273,11.100000381469727,11.350000381469727,29114
2021-04-30,8.519721031188965,11.300000190734863,11.399999618530273,11.199999809265137,11.399999618530273,11123
2021-05-03,8.482024192810059,11.25,11.350000381469727,11.199999809265137,11.350000381469727,25501
2021-05-04,8.406627655029297,11.149999618530273,11.350000381469727,11.050000190734863,11.25,22427
2021-05-05,8.557417869567871,11.350000381469727,11.449999809265137,11.100000381469727,11.25,29767
2021-05-06,8.784884452819824,11.199999809265137,11.25,10.75,11.0,43972
2021-05-07,8.863322257995605,11.300000190734863,11.300000190734863,11.149999618530273,11.199999809265137,40799
2021-05-10,8.784884452819824,11.199999809265137,11.300000190734863,11.149999618530273,11.300000190734863,14612
2021-05-11,8.471138000488281,10.800000190734863,11.050000190734863,10.75,11.050000190734863,18538
2021-05-12,8.353485107421875,10.649999618530273,10.800000190734863,10.649999618530273,10.800000190734863,14188
2021-05-14,8.23582935333252,10.5,10.699999809265137,10.449999809265137,10.649999618530273,6380
2021-05-17,8.196610450744629,10.449999809265137,10.5,10.350000381469727,10.5,4479
2021-05-18,8.23582935333252,10.5,10.600000381469727,10.449999809265137,10.449999809265137,5257
2021-05-19,8.510357856750488,10.850000381469727,10.949999809265137,10.399999618530273,10.600000381469727,24903
2021-05-20,8.353485107421875,10.649999618530273,10.899999618530273,10.600000381469727,10.850000381469727,12234
2021-05-21,8.353485107421875,10.649999618530273,10.75,10.600000381469727,10.75,4578
2021-05-24,8.353485107421875,10.649999618530273,10.699999809265137,10.649999618530273,10.649999618530273,4091
2021-05-25,8.314266204833984,10.600000381469727,10.649999618530273,10.550000190734863,10.600000381469727,5827
2021-05-26,8.314266204833984,10.600000381469727,10.649999618530273,10.5,10.550000190734863,7589
2021-05-27,8.196610450744629,10.449999809265137,10.600000381469727,10.449999809265137,10.600000381469727,4375
2021-05-28,8.314266204833984,10.600000381469727,10.600000381469727,10.399999618530273,10.449999809265137,5546
2021-05-31,8.23582935333252,10.5,10.5,10.449999809265137,10.449999809265137,3895
2021-06-01,8.23582935333252,10.5,10.5,10.399999618530273,10.5,3998
2021-06-02,8.353485107421875,10.649999618530273,10.649999618530273,10.449999809265137,10.550000190734863,7041
2021-06-03,8.157393455505371,10.399999618530273,10.699999809265137,10.300000190734863,10.699999809265137,13249
2021-06-04,8.196610450744629,10.449999809265137,10.5,10.399999618530273,10.399999618530273,3294
2021-06-07,8.157393455505371,10.399999618530273,10.5,10.399999618530273,10.449999809265137,3196
2021-06-08,8.157393455505371,10.399999618530273,10.399999618530273,10.350000381469727,10.350000381469727,914
2021-06-09,8.157393455505371,10.399999618530273,10.399999618530273,10.300000190734863,10.399999618530273,7719
2021-06-10,8.118175506591797,10.350000381469727,10.550000190734863,10.350000381469727,10.5,4396
2021-06-11,8.157393455505371,10.399999618530273,10.399999618530273,10.300000190734863,10.350000381469727,3185
2021-06-14,8.078956604003906,10.300000190734863,10.399999618530273,10.300000190734863,10.399999618530273,10832
2021-06-15,8.039737701416016,10.25,10.300000190734863,10.199999809265137,10.25,4578
2021-06-16,8.078956604003906,10.300000190734863,10.350000381469727,10.25,10.25,4051
2021-06-17,8.078956604003906,10.300000190734863,10.350000381469727,10.25,10.350000381469727,3421
2021-06-18,8.118175506591797,10.350000381469727,10.350000381469727,10.25,10.300000190734863,2600
2021-06-21,8.078956604003906,10.300000190734863,10.300000190734863,10.199999809265137,10.300000190734863,3275
2021-06-22,7.961300373077393,10.149999618530273,10.300000190734863,10.149999618530273,10.300000190734863,3425
2021-06-23,7.961300373077393,10.149999618530273,10.350000381469727,10.050000190734863,10.149999618530273,6433
2021-06-24,8.000519752502441,10.199999809265137,10.199999809265137,10.050000190734863,10.149999618530273,5309
2021-06-28,7.961300373077393,10.149999618530273,10.199999809265137,10.100000381469727,10.199999809265137,4770
2021-06-29,7.882866382598877,10.050000190734863,10.149999618530273,10.050000190734863,10.149999618530273,4817
2021-06-30,7.922084331512451,10.100000381469727,10.199999809265137,10.100000381469727,10.100000381469727,3213
2021-07-01,7.882866382598877,10.050000190734863,10.199999809265137,10.050000190734863,10.100000381469727,5407
2021-07-02,7.922084331512451,10.100000381469727,10.149999618530273,10.050000190734863,10.050000190734863,5182
2021-07-05,7.961300373077393,10.149999618530273,10.199999809265137,10.100000381469727,10.199999809265137,4704
2021-07-06,7.961300373077393,10.149999618530273,10.25,10.100000381469727,10.149999618530273,3437
2021-07-07,8.000519752502441,10.199999809265137,10.25,10.149999618530273,10.199999809265137,4304
2021-07-08,7.922084331512451,10.100000381469727,10.25,10.100000381469727,10.199999809265137,7241
2021-07-09,8.000519752502441,10.199999809265137,10.25,10.149999618530273,10.199999809265137,3535
2021-07-12,8.118175506591797,10.350000381469727,10.350000381469727,10.199999809265137,10.350000381469727,1454
2021-07-13,8.078956604003906,10.300000190734863,10.350000381469727,10.199999809265137,10.350000381469727,3560
2021-07-14,8.000519752502441,10.199999809265137,10.350000381469727,10.199999809265137,10.350000381469727,4553
2021-07-15,8.000519752502441,10.199999809265137,10.300000190734863,10.199999809265137,10.300000190734863,3405
2021-07-16,8.039737701416016,10.25,10.300000190734863,10.199999809265137,10.300000190734863,2707
2021-07-19,7.961300373077393,10.149999618530273,10.25,10.149999618530273,10.25,4875
2021-07-20,8.000519752502441,10.199999809265137,10.199999809265137,10.100000381469727,10.149999618530273,2934
2021-07-21,7.961300373077393,10.149999618530273,10.199999809265137,10.100000381469727,10.199999809265137,3256
2021-07-22,8.039737701416016,10.25,10.25,10.149999618530273,10.149999618530273,6927
2021-07-23,8.039737701416016,10.25,10.350000381469727,10.149999618530273,10.199999809265137,8068
2021-07-26,8.27504825592041,10.550000190734863,10.649999618530273,10.25,10.25,17714
2021-07-27,8.314266204833984,10.600000381469727,10.699999809265137,10.399999618530273,10.5,17049
2021-07-28,8.078956604003906,10.300000190734863,10.5,10.199999809265137,10.399999618530273,41033
2021-07-29,8.196610450744629,10.449999809265137,10.600000381469727,10.350000381469727,10.350000381469727,31253
2021-07-30,8.157393455505371,10.399999618530273,10.5,10.350000381469727,10.5,5614
2021-08-02,8.23582935333252,10.5,10.550000190734863,10.350000381469727,10.350000381469727,9229
2021-08-03,8.549574851989746,10.899999618530273,10.899999618530273,10.550000190734863,10.550000190734863,27011
2021-08-04,8.471138000488281,10.800000190734863,10.949999809265137,10.800000190734863,10.899999618530273,15902
2021-08-05,8.628011703491211,11.0,11.050000190734863,10.800000190734863,10.899999618530273,19236
2021-08-06,8.549574851989746,10.899999618530273,11.0,10.850000381469727,11.0,7633
2021-08-09,8.667229652404785,11.050000190734863,11.199999809265137,10.850000381469727,11.0,25051
2021-08-10,8.784884452819824,11.199999809265137,11.199999809265137,11.050000190734863,11.100000381469727,12299
2021-08-11,8.784884452819824,11.199999809265137,11.199999809265137,11.100000381469727,11.199999809265137,7216
2021-08-12,8.745665550231934,11.149999618530273,11.25,11.0,11.25,19485
2021-08-13,8.784884452819824,11.199999809265137,11.199999809265137,11.100000381469727,11.100000381469727,6580
2021-08-16,8.745665550231934,11.149999618530273,11.199999809265137,11.050000190734863,11.199999809265137,6209
2021-08-17,8.863322257995605,11.300000190734863,11.300000190734863,11.0,11.149999618530273,9994
2021-08-18,8.745665550231934,11.149999618530273,11.300000190734863,11.149999618530273,11.300000190734863,7346
2021-08-19,8.471138000488281,10.800000190734863,11.149999618530273,10.75,11.149999618530273,11939
2021-08-20,8.706449508666992,11.100000381469727,11.199999809265137,10.800000190734863,10.850000381469727,5759
2021-08-23,8.745665550231934,11.149999618530273,11.25,11.100000381469727,11.100000381469727,12285
2021-08-24,8.824103355407715,11.25,11.25,11.149999618530273,11.149999618530273,4855
2021-08-25,8.824103355407715,11.25,11.300000190734863,11.199999809265137,11.25,6932
2021-08-26,8.784884452819824,11.199999809265137,11.300000190734863,11.149999618530273,11.300000190734863,5619
2021-08-27,8.784884452819824,11.199999809265137,11.25,11.100000381469727,11.25,4577
2021-08-30,8.745665550231934,11.149999618530273,11.25,11.100000381469727,11.199999809265137,2422
2021-08-31,8.745665550231934,11.149999618530273,11.199999809265137,11.100000381469727,11.199999809265137,5543
2021-09-01,8.863322257995605,11.300000190734863,11.300000190734863,11.199999809265137,11.25,3399
2021-09-02,8.784884452819824,11.199999809265137,11.350000381469727,11.149999618530273,11.300000190734863,6908
2021-09-03,8.784884452819824,11.199999809265137,11.199999809265137,11.050000190734863,11.149999618530273,1136448
2021-09-06,8.784884452819824,11.199999809265137,11.199999809265137,11.0,11.0,18837
2021-09-07,8.667229652404785,11.050000190734863,11.149999618530273,10.949999809265137,11.149999618530273,10364
2021-09-08,8.706449508666992,11.100000381469727,11.199999809265137,10.899999618530273,11.050000190734863,14626
2021-09-09,8.628011703491211,11.0,11.199999809265137,11.0,11.199999809265137,2386
2021-09-10,8.628011703491211,11.0,11.149999618530273,11.0,11.0,1701
2021-09-13,8.588793754577637,10.949999809265137,11.100000381469727,10.800000190734863,11.100000381469727,6126
2021-09-14,8.353485107421875,10.649999618530273,10.800000190734863,10.649999618530273,10.75,12846
2021-09-15,8.196610450744629,10.449999809265137,10.800000190734863,10.350000381469727,10.699999809265137,8861
2021-09-16,8.157393455505371,10.399999618530273,10.449999809265137,10.350000381469727,10.449999809265137,11535
2021-09-17,8.196610450744629,10.449999809265137,10.550000190734863,10.300000190734863,10.350000381469727,7538
2021-09-20,8.039737701416016,10.25,10.449999809265137,10.050000190734863,10.449999809265137,19487
2021-09-21,8.078956604003906,10.300000190734863,10.399999618530273,10.149999618530273,10.149999618530273,12941
2021-09-22,8.118175506591797,10.350000381469727,10.449999809265137,10.300000190734863,10.300000190734863,5539
2021-09-23,8.196610450744629,10.449999809265137,10.800000190734863,10.399999618530273,10.449999809265137,20128
2021-09-24,8.196610450744629,10.449999809265137,10.899999618530273,10.350000381469727,10.899999618530273,8158
2021-09-27,8.23582935333252,10.5,10.699999809265137,10.350000381469727,10.449999809265137,6640
2021-09-28,8.196610450744629,10.449999809265137,10.600000381469727,10.300000190734863,10.5,7448
2021-09-29,8.196610450744629,10.449999809265137,10.699999809265137,10.449999809265137,10.449999809265137,3683
2021-09-30,8.27504825592041,10.550000190734863,10.75,10.550000190734863,10.699999809265137,8216
2021-10-01,8.39270305633545,10.699999809265137,10.75,10.399999618530273,10.75,5006
2021-10-04,8.078956604003906,10.300000190734863,10.75,10.300000190734863,10.75,10629
2021-10-05,8.118175506591797,10.350000381469727,10.449999809265137,10.350000381469727,10.449999809265137,5562
2021-10-06,8.157393455505371,10.399999618530273,10.550000190734863,10.25,10.350000381469727,5937
2021-10-07,8.431920051574707,10.75,10.75,10.399999618530273,10.399999618530273,5136
2021-10-08,8.23582935333252,10.5,10.800000190734863,10.5,10.800000190734863,6330
2021-10-11,8.196610450744629,10.449999809265137,10.699999809265137,10.399999618530273,10.699999809265137,4755
2021-10-12,8.27504825592041,10.550000190734863,10.75,10.449999809265137,10.75,2500
2021-10-13,8.196610450744629,10.449999809265137,10.550000190734863,10.449999809265137,10.550000190734863,2336
2021-10-14,8.314266204833984,10.600000381469727,10.699999809265137,10.399999618530273,10.449999809265137,1484
2021-10-15,8.314266204833984,10.600000381469727,10.75,10.5,10.600000381469727,6290
2021-10-18,8.27504825592041,10.550000190734863,10.649999618530273,10.550000190734863,10.600000381469727,1677
2021-10-19,8.353485107421875,10.649999618530273,10.850000381469727,10.5,10.850000381469727,1485
2021-10-20,8.314266204833984,10.600000381469727,10.649999618530273,10.5,10.600000381469727,946
2021-10-21,8.353485107421875,10.649999618530273,10.699999809265137,10.600000381469727,10.600000381469727,5152
2021-10-22,8.39270305633545,10.699999809265137,10.800000190734863,10.649999618530273,10.649999618530273,2859
2021-10-25,8.314266204833984,10.600000381469727,10.649999618530273,10.5,10.649999618530273,2204
2021-10-26,8.39270305633545,10.699999809265137,10.75,10.5,10.5,4763
2021-10-27,8.471138000488281,10.800000190734863,11.100000381469727,10.699999809265137,10.850000381469727,19325
2021-10-28,8.549574851989746,10.899999618530273,11.0,10.649999618530273,10.75,10831
2021-10-29,8.510357856750488,10.850000381469727,10.949999809265137,10.649999618530273,10.899999618530273,13543
2021-11-01,8.39270305633545,10.699999809265137,10.949999809265137,10.600000381469727,10.850000381469727,6831
2021-11-02,8.471138000488281,10.800000190734863,10.800000190734863,10.600000381469727,10.699999809265137,3948
2021-11-03,8.471138000488281,10.800000190734863,10.800000190734863,10.600000381469727,10.800000190734863,7062
2021-11-04,8.314266204833984,10.600000381469727,10.850000381469727,10.550000190734863,10.850000381469727,3782
2021-11-05,8.27504825592041,10.550000190734863,10.699999809265137,10.5,10.600000381469727,1958
2021-11-08,8.353485107421875,10.649999618530273,10.699999809265137,10.550000190734863,10.550000190734863,2050
2021-11-09,8.353485107421875,10.649999618530273,10.649999618530273,10.550000190734863,10.649999618530273,1368
2021-11-10,8.27504825592041,10.550000190734863,10.649999618530273,10.550000190734863,10.649999618530273,552
2021-11-11,8.27504825592041,10.550000190734863,10.600000381469727,10.5,10.550000190734863,2117
2021-11-12,8.471138000488281,10.800000190734863,10.850000381469727,10.600000381469727,10.649999618530273,10361
2021-11-15,8.549574851989746,10.899999618530273,11.0,10.800000190734863,11.0,3368
2021-11-16,8.39270305633545,10.699999809265137,10.899999618530273,10.699999809265137,10.850000381469727,8261
2021-11-17,8.39270305633545,10.699999809265137,10.75,10.600000381469727,10.699999809265137,2748
2021-11-18,8.431920051574707,10.75,10.899999618530273,10.649999618530273,10.75,4787
2021-11-19,8.431920051574707,10.75,10.850000381469727,10.600000381469727,10.800000190734863,6531
2021-11-22,8.941758155822754,11.399999618530273,11.850000381469727,11.350000381469727,11.600000381469727,40630
2021-11-23,8.980975151062012,11.449999809265137,11.649999618530273,11.149999618530273,11.399999618530273,45387
2021-11-24,8.784884452819824,11.199999809265137,11.699999809265137,11.199999809265137,11.550000190734863,30853
2021-11-25,8.980975151062012,11.449999809265137,11.550000190734863,11.25,11.300000190734863,4565
2021-11-26,8.706449508666992,11.100000381469727,11.300000190734863,11.0,11.300000190734863,13857
2021-11-29,8.628011703491211,11.0,11.199999809265137,11.0,11.199999809265137,3433
2021-11-30,8.588793754577637,10.949999809265137,11.050000190734863,10.800000190734863,10.949999809265137,7195
2021-12-01,8.745665550231934,11.149999618530273,11.149999618530273,11.0,11.100000381469727,2855
2021-12-02,8.745665550231934,11.149999618530273,11.350000381469727,10.850000381469727,11.199999809265137,5126
2021-12-03,8.628011703491211,11.0,11.350000381469727,11.0,11.350000381469727,5099
2021-12-07,8.784884452819824,11.199999809265137,11.350000381469727,11.199999809265137,11.199999809265137,4576
2021-12-08,8.824103355407715,11.25,11.399999618530273,11.199999809265137,11.199999809265137,3590
2021-12-09,9.020193099975586,11.5,11.550000190734863,11.199999809265137,11.199999809265137,11303
2021-12-10,8.980975151062012,11.449999809265137,11.550000190734863,11.449999809265137,11.550000190734863,3409
2021-12-13,8.941758155822754,11.399999618530273,11.600000381469727,11.300000190734863,11.5,4413
2021-12-14,8.90254020690918,11.350000381469727,11.399999618530273,11.199999809265137,11.399999618530273,4111
2021-12-15,8.90254020690918,11.350000381469727,11.449999809265137,11.350000381469727,11.399999618530273,2226
2021-12-16,8.980975151062012,11.449999809265137,11.5,11.300000190734863,11.350000381469727,5222
2021-12-17,8.745665550231934,11.149999618530273,11.449999809265137,11.149999618530273,11.449999809265137,3058
2021-12-20,8.784884452819824,11.199999809265137,11.25,11.050000190734863,11.149999618530273,4503
2021-12-21,8.784884452819824,11.199999809265137,11.300000190734863,11.100000381469727,11.300000190734863,2794
2021-12-22,8.824103355407715,11.25,11.350000381469727,11.199999809265137,11.300000190734863,2725
2021-12-23,8.863322257995605,11.300000190734863,11.5,11.25,11.25,3447
2021-12-27,9.020193099975586,11.5,11.5,11.100000381469727,11.100000381469727,4681
2021-12-28,8.941758155822754,11.399999618530273,11.5,11.350000381469727,11.399999618530273,2726
2021-12-29,8.980975151062012,11.449999809265137,11.550000190734863,11.399999618530273,11.399999618530273,8545
2021-12-30,8.90254020690918,11.350000381469727,11.550000190734863,11.350000381469727,11.449999809265137,3432
2022-01-03,8.941758155822754,11.399999618530273,11.449999809265137,11.25,11.350000381469727,3082
2022-01-04,9.020193099975586,11.5,11.600000381469727,11.399999618530273,11.399999618530273,3403
2022-01-05,9.059412956237793,11.550000190734863,11.649999618530273,11.399999618530273,11.5,5228
2022-01-07,9.059412956237793,11.550000190734863,11.600000381469727,11.350000381469727,11.600000381469727,1842
2022-01-10,8.863322257995605,11.300000190734863,11.600000381469727,11.300000190734863,11.600000381469727,8068
2022-01-11,8.863322257995605,11.300000190734863,11.5,11.25,11.350000381469727,12969
2022-01-12,8.90254020690918,11.350000381469727,11.399999618530273,11.300000190734863,11.300000190734863,3866
2022-01-13,8.863322257995605,11.300000190734863,11.399999618530273,11.300000190734863,11.350000381469727,2288
2022-01-14,8.745665550231934,11.149999618530273,11.350000381469727,11.149999618530273,11.300000190734863,7040
2022-01-17,8.90254020690918,11.350000381469727,11.350000381469727,11.25,11.25,17942
2022-01-18,8.745665550231934,11.149999618530273,11.449999809265137,11.149999618530273,11.449999809265137,2466
2022-01-19,8.784884452819824,11.199999809265137,11.350000381469727,11.149999618530273,11.350000381469727,1155
2022-01-20,9.020193099975586,11.5,11.550000190734863,11.199999809265137,11.199999809265137,3005
2022-01-21,8.588793754577637,10.949999809265137,11.25,10.75,11.149999618530273,20455
2022-01-24,8.353485107421875,10.649999618530273,10.899999618530273,10.149999618530273,10.899999618530273,26646
2022-01-25,8.588793754577637,10.949999809265137,11.100000381469727,10.600000381469727,10.649999618530273,18811
2022-01-26,9.216285705566406,11.75,11.949999809265137,11.550000190734863,11.649999618530273,29966
2022-01-27,9.098631858825684,11.600000381469727,11.649999618530273,11.300000190734863,11.5,10114
2022-01-28,8.863322257995605,11.300000190734863,11.800000190734863,11.25,11.800000190734863,3994
2022-01-31,9.059412956237793,11.550000190734863,11.600000381469727,11.350000381469727,11.600000381469727,1041
2022-02-01,8.941758155822754,11.399999618530273,11.550000190734863,11.350000381469727,11.550000190734863,531
2022-02-02,8.941758155822754,11.399999618530273,11.550000190734863,11.399999618530273,11.5,1187
2022-02-03,8.90254020690918,11.350000381469727,11.399999618530273,11.300000190734863,11.399999618530273,1533
2022-02-04,8.90254020690918,11.350000381469727,11.399999618530273,11.199999809265137,11.300000190734863,7920
2022-02-07,9.020193099975586,11.5,11.5,11.25,11.350000381469727,2855
2022-02-08,8.941758155822754,11.399999618530273,11.449999809265137,11.199999809265137,11.350000381469727,1121
2022-02-09,8.863322257995605,11.300000190734863,11.449999809265137,11.199999809265137,11.449999809265137,5939
2022-02-10,8.784884452819824,11.199999809265137,11.300000190734863,11.149999618530273,11.300000190734863,1339
2022-02-11,8.628011703491211,11.0,11.199999809265137,10.949999809265137,11.199999809265137,4405
2022-02-14,8.27504825592041,10.550000190734863,11.149999618530273,10.199999809265137,11.149999618530273,37683
2022-02-15,8.23582935333252,10.5,10.699999809265137,10.449999809265137,10.550000190734863,32189
2022-02-16,8.157393455505371,10.399999618530273,10.600000381469727,10.350000381469727,10.600000381469727,15382
2022-02-17,8.000519752502441,10.199999809265137,10.449999809265137,10.199999809265137,10.449999809265137,11185
2022-02-18,7.922084331512451,10.100000381469727,10.199999809265137,10.050000190734863,10.199999809265137,12364
2022-02-21,7.8279595375061035,9.979999542236328,10.149999618530273,9.9399995803833,10.100000381469727,10282
2022-02-22,7.7495245933532715,9.880000114440918,10.100000381469727,9.760000228881836,9.880000114440918,10185
2022-02-23,7.843647480010986,10.0,10.100000381469727,9.84000015258789,9.899999618530273,19754
2022-02-24,7.671085834503174,9.779999732971191,9.920000076293945,9.720000267028809,9.760000228881836,15480
2022-02-25,8.000519752502441,10.199999809265137,10.300000190734863,9.800000190734863,9.800000190734863,12152
2022-02-28,7.922084331512451,10.100000381469727,10.149999618530273,9.819999694824219,10.0,12403
2022-03-01,7.686775207519531,9.800000190734863,10.199999809265137,9.800000190734863,10.199999809265137,9957
2022-03-02,7.671085834503174,9.779999732971191,9.84000015258789,9.720000267028809,9.819999694824219,9266
2022-03-03,7.7495245933532715,9.880000114440918,10.199999809265137,9.800000190734863,9.800000190734863,5974
2022-03-04,7.639712333679199,9.739999771118164,9.819999694824219,9.720000267028809,9.800000190734863,3637
2022-03-07,7.404403209686279,9.4399995803833,9.739999771118164,9.140000343322754,9.739999771118164,17655
2022-03-08,7.529901504516602,9.600000381469727,9.699999809265137,9.279999732971191,9.479999542236328,12985
2022-03-09,7.718148708343506,9.84000015258789,9.979999542236328,9.65999984741211,9.720000267028809,11462
2022-03-10,7.7338361740112305,9.859999656677246,9.960000038146973,9.779999732971191,9.960000038146973,1734
2022-03-11,7.843647480010986,10.0,10.100000381469727,9.920000076293945,10.100000381469727,4940
2022-03-14,8.118175506591797,10.350000381469727,10.399999618530273,9.960000038146973,10.0,13600
2022-03-15,8.039737701416016,10.25,10.300000190734863,10.0,10.300000190734863,1498
2022-03-16,8.118175506591797,10.350000381469727,10.399999618530273,10.300000190734863,10.300000190734863,4131
2022-03-17,7.961300373077393,10.149999618530273,10.5,10.149999618530273,10.350000381469727,3009
2022-03-18,8.039737701416016,10.25,10.399999618530273,10.149999618530273,10.149999618530273,2236
2022-03-21,8.078956604003906,10.300000190734863,10.399999618530273,10.199999809265137,10.199999809265137,11867
2022-03-22,8.118175506591797,10.350000381469727,10.399999618530273,10.300000190734863,10.350000381469727,13574
2022-03-23,8.078956604003906,10.300000190734863,10.399999618530273,10.149999618530273,10.399999618530273,3371
2022-03-24,8.039737701416016,10.25,10.300000190734863,10.199999809265137,10.300000190734863,2703
2022-03-25,8.078956604003906,10.300000190734863,10.399999618530273,10.199999809265137,10.399999618530273,37332
2022-03-28,8.039737701416016,10.25,10.350000381469727,10.25,10.350000381469727,11155
2022-03-29,8.23582935333252,10.5,10.649999618530273,10.350000381469727,10.399999618530273,16236
2022-03-30,8.096518516540527,9.880000114440918,10.149999618530273,9.880000114440918,10.100000381469727,8746
2022-03-31,8.047348022460938,9.819999694824219,10.0,9.819999694824219,10.0,4042
2022-04-01,8.080127716064453,9.859999656677246,10.0,9.800000190734863,9.970000267028809,1999
2022-04-04,7.949010372161865,9.699999809265137,10.020000457763672,9.699999809265137,9.8100004196167,5731
2022-04-05,7.949010372161865,9.699999809265137,9.8100004196167,9.680000305175781,9.710000038146973,2236
2022-04-06,7.793308734893799,9.510000228881836,9.899999618530273,9.5,9.899999618530273,3528
2022-04-07,7.7851128578186035,9.5,9.789999961853027,9.5,9.699999809265137,1012
2022-04-08,7.752333164215088,9.460000038146973,9.569999694824219,9.420000076293945,9.550000190734863,1635
2022-04-11,7.752333164215088,9.460000038146973,9.59000015258789,9.4399995803833,9.569999694824219,4371
2022-04-12,7.6294097900390625,9.3100004196167,9.460000038146973,9.3100004196167,9.4399995803833,2347
2022-04-13,7.6376051902771,9.319999694824219,9.59000015258789,9.319999694824219,9.59000015258789,3387
2022-04-14,7.662189483642578,9.350000381469727,9.640000343322754,9.350000381469727,9.640000343322754,7636
2022-04-19,7.8178911209106445,9.539999961853027,9.670000076293945,9.350000381469727,9.670000076293945,4351
2022-04-20,7.793308734893799,9.510000228881836,9.680000305175781,9.510000228881836,9.510000228881836,3024
2022-04-21,7.8260884284973145,9.550000190734863,9.670000076293945,9.550000190734863,9.640000343322754,3406
2022-04-22,7.8015031814575195,9.520000457763672,9.869999885559082,9.489999771118164,9.649999618530273,17917
2022-04-25,7.7359442710876465,9.4399995803833,9.460000038146973,9.300000190734863,9.329999923706055,5450
2022-04-26,7.727748394012451,9.430000305175781,9.5,9.319999694824219,9.319999694824219,4844
2022-04-27,7.375370502471924,9.0,9.399999618530273,8.869999885559082,9.399999618530273,39630
2022-04-28,7.621216297149658,9.300000190734863,9.390000343322754,9.069999694824219,9.069999694824219,39554
2022-04-29,7.670384883880615,9.359999656677246,9.65999984741211,9.300000190734863,9.380000114440918,27476
2022-05-02,7.604825019836426,9.279999732971191,9.369999885559082,9.260000228881836,9.369999885559082,2551
2022-05-03,7.522877216339111,9.180000305175781,9.300000190734863,9.180000305175781,9.300000190734863,1937
2022-05-04,7.375370502471924,9.0,9.180000305175781,8.899999618530273,9.180000305175781,15332
2022-05-05,7.375370502471924,9.0,9.15999984741211,9.0,9.0,5371
2022-05-06,7.268836498260498,8.869999885559082,8.979999542236328,8.800000190734863,8.960000038146973,14330
2022-05-09,7.096745014190674,8.65999984741211,8.890000343322754,8.630000114440918,8.890000343322754,5681
2022-05-10,7.21147346496582,8.800000190734863,9.09000015258789,8.65999984741211,8.670000076293945,4266
2022-05-11,7.072160243988037,8.630000114440918,9.0,8.630000114440918,8.760000228881836,4903
2022-05-12,7.0885491371154785,8.649999618530273,8.800000190734863,8.600000381469727,8.670000076293945,6134
2022-05-13,7.0557708740234375,8.609999656677246,8.729999542236328,8.600000381469727,8.649999618530273,19947
2022-05-16,7.031186103820801,8.579999923706055,8.739999771118164,8.579999923706055,8.609999656677246,4561
2022-05-17,7.0475754737854,8.600000381469727,8.710000038146973,8.569999694824219,8.579999923706055,2705
2022-05-18,7.014797210693359,8.5600004196167,8.710000038146973,8.5600004196167,8.600000381469727,4466
2022-05-19,7.014797210693359,8.5600004196167,8.579999923706055,8.5600004196167,8.579999923706055,831
2022-05-20,7.0885491371154785,8.649999618530273,8.779999732971191,8.59000015258789,8.59000015258789,13575
2022-05-23,7.080355644226074,8.640000343322754,8.729999542236328,8.600000381469727,8.600000381469727,415
2022-05-24,7.113134860992432,8.680000305175781,8.789999961853027,8.630000114440918,8.779999732971191,1369
2022-05-25,7.072160243988037,8.630000114440918,8.729999542236328,8.550000190734863,8.729999542236328,3395
2022-05-27,7.129524230957031,8.699999809265137,8.75,8.59000015258789,8.600000381469727,5508
2022-05-30,7.326200008392334,8.9399995803833,8.9399995803833,8.720000267028809,8.800000190734863,2575
2022-05-31,7.21147346496582,8.800000190734863,8.899999618530273,8.760000228881836,8.899999618530273,3604
2022-06-01,7.129524230957031,8.699999809265137,8.949999809265137,8.699999809265137,8.800000190734863,4061
2022-06-02,7.252447605133057,8.850000381469727,8.890000343322754,8.699999809265137,8.699999809265137,2833
2022-06-03,7.285226821899414,8.890000343322754,8.930000305175781,8.869999885559082,8.899999618530273,1666
2022-06-06,7.21147346496582,8.800000190734863,8.890000343322754,8.6899995803833,8.890000343322754,3559
2022-06-07,7.21147346496582,8.800000190734863,8.859999656677246,8.75,8.850000381469727,2956
2022-06-08,7.1786932945251465,8.760000228881836,8.850000381469727,8.760000228881836,8.800000190734863,770
2022-06-09,7.0475754737854,8.600000381469727,8.760000228881836,8.600000381469727,8.760000228881836,2093
2022-06-10,7.080355644226074,8.640000343322754,8.699999809265137,8.600000381469727,8.609999656677246,3352
2022-06-13,6.998407363891602,8.539999961853027,8.670000076293945,8.539999961853027,8.640000343322754,2622
2022-06-14,7.0475754737854,8.600000381469727,8.699999809265137,8.550000190734863,8.550000190734863,2909
2022-06-15,6.965627670288086,8.5,8.609999656677246,8.489999771118164,8.609999656677246,5028
2022-06-16,6.883677959442139,8.399999618530273,8.569999694824219,8.399999618530273,8.569999694824219,3208
2022-06-17,6.883677959442139,8.399999618530273,8.529999732971191,8.3100004196167,8.529999732971191,2544
2022-06-20,6.809925556182861,8.3100004196167,8.399999618530273,8.300000190734863,8.399999618530273,3896
2022-06-21,6.900068759918213,8.420000076293945,8.699999809265137,8.329999923706055,8.329999923706055,5083
2022-06-22,6.883677959442139,8.399999618530273,8.59000015258789,8.399999618530273,8.420000076293945,376
2022-06-23,6.859094619750977,8.369999885559082,8.449999809265137,8.369999885559082,8.449999809265137,1756
2022-06-27,6.957432270050049,8.489999771118164,8.520000457763672,8.369999885559082,8.369999885559082,1472
2022-06-28,6.924652576446533,8.449999809265137,8.449999809265137,8.350000381469727,8.449999809265137,644
2022-06-29,6.768950939178467,8.260000228881836,8.489999771118164,8.260000228881836,8.449999809265137,4891
2022-06-30,6.695197105407715,8.170000076293945,8.229999542236328,8.140000343322754,8.229999542236328,4007
2022-07-01,6.523105144500732,7.960000038146973,8.149999618530273,7.960000038146973,8.149999618530273,26694
2022-07-04,6.473935604095459,7.900000095367432,8.0,7.860000133514404,8.0,7520
2022-07-05,6.4493513107299805,7.869999885559082,7.929999828338623,7.849999904632568,7.909999847412109,1536
2022-07-06,6.531300067901611,7.96999979019165,8.289999961853027,7.960000038146973,8.0,4653
2022-07-07,6.60505485534668,8.0600004196167,8.289999961853027,8.0,8.289999961853027,3398
2022-07-08,6.55588436126709,8.0,8.15999984741211,8.0,8.15999984741211,8357
2022-07-11,6.490324974060059,7.920000076293945,8.039999961853027,7.75,8.0,4200
2022-07-12,6.473935604095459,7.900000095367432,8.0,7.800000190734863,7.920000076293945,472
2022-07-13,6.473935604095459,7.900000095367432,8.0,7.849999904632568,7.900000095367432,8280
2022-07-14,6.457546710968018,7.880000114440918,8.199999809265137,7.800000190734863,7.900000095367432,3783
2022-07-15,6.539494514465332,7.980000019073486,8.199999809265137,7.820000171661377,8.199999809265137,1858
2022-07-18,6.793535232543945,8.289999961853027,8.460000038146973,7.980000019073486,7.980000019073486,4778
2022-07-19,6.695197105407715,8.170000076293945,8.270000457763672,8.130000114440918,8.199999809265137,2706
2022-07-20,6.687002182006836,8.15999984741211,8.289999961853027,8.100000381469727,8.15999984741211,4399
2022-07-21,6.6460280418396,8.109999656677246,8.350000381469727,8.0600004196167,8.15999984741211,3344
2022-07-22,6.924652576446533,8.449999809265137,8.670000076293945,8.130000114440918,8.130000114440918,11017
2022-07-25,7.145914554595947,8.720000267028809,8.84000015258789,8.520000457763672,8.630000114440918,8808
2022-07-26,7.031186103820801,8.579999923706055,8.979999542236328,8.470000267028809,8.800000190734863,18154
2022-07-27,7.21147346496582,8.800000190734863,8.880000114440918,8.579999923706055,8.600000381469727,30046
2022-07-28,7.555658340454102,9.220000267028809,9.319999694824219,8.869999885559082,8.869999885559082,26991
2022-07-29,7.531071662902832,9.1899995803833,9.25,8.8100004196167,9.220000267028809,8733
2022-08-01,7.3835649490356445,9.010000228881836,9.149999618530273,8.979999542236328,9.140000343322754,5162
2022-08-02,7.375370502471924,9.0,9.229999542236328,9.0,9.229999542236328,2703
2022-08-03,7.326200008392334,8.9399995803833,9.149999618530273,8.9399995803833,9.149999618530273,4628
2022-08-04,7.3835649490356445,9.010000228881836,9.199999809265137,8.949999809265137,9.199999809265137,4170
2022-08-05,7.342590808868408,8.960000038146973,9.010000228881836,8.960000038146973,9.010000228881836,3903
2022-08-08,7.41634464263916,9.050000190734863,9.09000015258789,8.979999542236328,8.979999542236328,1737
2022-08-09,7.440929889678955,9.079999923706055,9.119999885559082,9.0,9.020000457763672,3025
2022-08-10,7.522877216339111,9.180000305175781,9.180000305175781,9.0,9.079999923706055,2956
2022-08-11,7.457318305969238,9.100000381469727,9.319999694824219,9.0,9.149999618530273,7473
2022-08-12,7.563850402832031,9.229999542236328,9.279999732971191,9.010000228881836,9.020000457763672,1351
2022-08-15,7.47370719909668,9.119999885559082,9.289999961853027,9.039999961853027,9.229999542236328,1897
2022-08-16,7.47370719909668,9.119999885559082,9.220000267028809,9.09000015258789,9.170000076293945,1797
2022-08-17,7.539266586303711,9.199999809265137,9.25,9.039999961853027,9.09000015258789,4062
2022-08-18,7.498291969299316,9.149999618530273,9.199999809265137,9.130000114440918,9.199999809265137,1170
2022-08-19,7.604825019836426,9.279999732971191,9.34000015258789,9.170000076293945,9.1899995803833,4626
2022-08-22,7.588437557220459,9.260000228881836,9.3100004196167,9.180000305175781,9.3100004196167,10493
2022-08-23,7.621216297149658,9.300000190734863,9.300000190734863,9.149999618530273,9.300000190734863,2606
2022-08-24,7.653995513916016,9.34000015258789,9.34000015258789,9.149999618530273,9.199999809265137,1281
2022-08-25,7.539266586303711,9.199999809265137,9.34000015258789,9.149999618530273,9.300000190734863,4884
2022-08-26,7.539266586303711,9.199999809265137,9.260000228881836,9.130000114440918,9.210000038146973,2534
2022-08-29,7.440929889678955,9.079999923706055,9.119999885559082,8.600000381469727,9.119999885559082,4503
2022-08-30,7.334394931793213,8.949999809265137,9.390000343322754,8.760000228881836,9.380000114440918,2812
2022-08-31,7.293421268463135,8.899999618530273,8.949999809265137,8.789999961853027,8.949999809265137,3100
2022-09-01,7.129524230957031,8.699999809265137,8.899999618530273,8.699999809265137,8.899999618530273,4446
2022-09-02,7.326200008392334,8.9399995803833,9.300000190734863,8.710000038146973,8.710000038146973,10683
2022-09-05,7.293421268463135,8.899999618530273,9.100000381469727,8.899999618530273,8.9399995803833,5949
2022-09-06,7.277031898498535,8.880000114440918,8.899999618530273,8.760000228881836,8.819999694824219,870
2022-09-07,7.0885491371154785,8.649999618530273,8.84000015258789,8.649999618530273,8.75,7103
2022-09-08,7.0885491371154785,8.649999618530273,8.779999732971191,8.630000114440918,8.65999984741211,848
2022-09-09,7.186888694763184,8.770000457763672,8.819999694824219,8.699999809265137,8.800000190734863,5067
2022-09-12,7.129524230957031,8.699999809265137,8.789999961853027,8.550000190734863,8.699999809265137,4437
2022-09-13,7.014797210693359,8.5600004196167,8.710000038146973,8.5600004196167,8.609999656677246,3000
2022-09-14,6.965627670288086,8.5,8.729999542236328,8.5,8.5600004196167,2065
2022-09-15,7.0475754737854,8.600000381469727,8.600000381469727,8.550000190734863,8.59000015258789,2931
2022-09-16,7.0475754737854,8.600000381469727,8.619999885559082,8.5,8.619999885559082,4338
2022-09-19,6.965627670288086,8.5,8.600000381469727,8.399999618530273,8.510000228881836,5572
2022-09-20,6.924652576446533,8.449999809265137,8.670000076293945,8.449999809265137,8.600000381469727,3009
2022-09-21,6.736171722412109,8.220000267028809,8.399999618530273,8.220000267028809,8.399999618530273,1397
2022-09-22,6.65422248840332,8.119999885559082,8.359999656677246,8.119999885559082,8.220000267028809,2825
2022-09-23,6.613247871398926,8.069999694824219,8.25,8.0,8.25,1989
2022-09-26,6.473935604095459,7.900000095367432,8.119999885559082,7.760000228881836,8.069999694824219,4961
2022-09-27,6.432962417602539,7.849999904632568,8.050000190734863,7.800000190734863,7.900000095367432,4487
2022-09-28,6.3919878005981445,7.800000190734863,7.940000057220459,7.610000133514404,7.940000057220459,5436
2022-09-29,6.3919878005981445,7.800000190734863,7.989999771118164,7.679999828338623,7.679999828338623,2739
2022-09-30,6.269064426422119,7.650000095367432,7.800000190734863,7.429999828338623,7.710000038146973,13539
2022-10-03,6.572274684906006,8.020000457763672,8.039999961853027,7.659999847412109,7.659999847412109,9910
2022-10-04,6.973822116851807,8.510000228881836,9.180000305175781,8.069999694824219,8.069999694824219,5526
2022-10-05,6.90826416015625,8.430000305175781,8.619999885559082,8.430000305175781,8.619999885559082,116
2022-10-06,6.965627670288086,8.5,8.699999809265137,8.430000305175781,8.600000381469727,3830
2022-10-07,7.0475754737854,8.600000381469727,8.600000381469727,8.5600004196167,8.600000381469727,992
2022-10-10,6.924652576446533,8.449999809265137,8.600000381469727,8.3100004196167,8.59000015258789,2231
2022-10-11,6.777145862579346,8.270000457763672,8.380000114440918,8.109999656677246,8.319999694824219,2675
2022-10-12,6.719781398773193,8.199999809265137,8.470000267028809,8.199999809265137,8.470000267028809,1407
2022-10-13,6.744365215301514,8.229999542236328,8.229999542236328,8.220000267028809,8.220000267028809,268
2022-10-14,6.793535232543945,8.289999961853027,8.449999809265137,8.1899995803833,8.220000267028809,4004
2022-10-17,6.719781398773193,8.199999809265137,8.289999961853027,8.100000381469727,8.289999961853027,3061
2022-10-18,6.801729679107666,8.300000190734863,8.449999809265137,8.170000076293945,8.199999809265137,2923
2022-10-19,6.637833118438721,8.100000381469727,8.510000228881836,8.100000381469727,8.199999809265137,3184
2022-10-20,6.637833118438721,8.100000381469727,8.300000190734863,8.100000381469727,8.289999961853027,2887
2022-10-21,6.629638195037842,8.09000015258789,8.100000381469727,8.010000228881836,8.09000015258789,1513
2022-10-24,6.6460280418396,8.109999656677246,8.199999809265137,8.100000381469727,8.100000381469727,800
2022-10-25,6.629638195037842,8.09000015258789,8.289999961853027,8.09000015258789,8.109999656677246,1777
2022-10-26,6.924652576446533,8.449999809265137,8.489999771118164,8.199999809265137,8.199999809265137,8699
2022-10-27,6.818119525909424,8.319999694824219,8.449999809265137,8.319999694824219,8.449999809265137,7544
2022-10-28,6.801729679107666,8.300000190734863,8.300000190734863,8.199999809265137,8.300000190734863,2145
2022-10-31,6.711585998535156,8.1899995803833,8.399999618530273,8.119999885559082,8.300000190734863,449
2022-11-01,6.842704772949219,8.350000381469727,8.5,8.1899995803833,8.1899995803833,2072
2022-11-02,6.883677959442139,8.399999618530273,8.399999618530273,8.300000190734863,8.319999694824219,1424
2022-11-03,6.727976322174072,8.210000038146973,8.399999618530273,8.210000038146973,8.399999618530273,1708
2022-11-04,6.891872882843018,8.40999984741211,8.430000305175781,8.279999732971191,8.399999618530273,5292
2022-11-07,6.891872882843018,8.40999984741211,8.460000038146973,8.25,8.40999984741211,5951
2022-11-08,6.924652576446533,8.449999809265137,8.5,8.260000228881836,8.270000457763672,3126
2022-11-09,6.883677959442139,8.399999618530273,8.529999732971191,8.380000114440918,8.489999771118164,655
2022-11-10,6.965627670288086,8.5,8.579999923706055,8.279999732971191,8.399999618530273,7037
2022-11-11,7.0475754737854,8.600000381469727,9.0,8.600000381469727,8.600000381469727,7363
2022-11-14,7.0475754737854,8.600000381469727,8.600000381469727,8.510000228881836,8.600000381469727,3122
2022-11-15,7.0475754737854,8.600000381469727,8.600000381469727,8.510000228881836,8.510000228881836,1849
2022-11-16,6.965627670288086,8.5,8.600000381469727,8.5,8.529999732971191,3023
2022-11-17,6.965627670288086,8.5,8.600000381469727,8.460000038146973,8.460000038146973,1571
2022-11-18,7.309811592102051,8.920000076293945,9.100000381469727,8.760000228881836,8.760000228881836,8209
2022-11-21,7.129524230957031,8.699999809265137,8.880000114440918,8.529999732971191,8.880000114440918,4005
2022-11-22,7.121328830718994,8.6899995803833,8.829999923706055,8.6899995803833,8.699999809265137,1169
2022-11-23,7.162303924560547,8.739999771118164,8.90999984741211,8.520000457763672,8.90999984741211,6037
2022-11-24,7.375370502471924,9.0,9.0,8.699999809265137,8.739999771118164,10367
2022-11-25,7.3507866859436035,8.970000267028809,9.0,8.819999694824219,9.0,3330
2022-11-28,7.3180060386657715,8.930000305175781,8.960000038146973,8.579999923706055,8.899999618530273,532
2022-11-29,7.285226821899414,8.890000343322754,8.930000305175781,8.710000038146973,8.930000305175781,3788
2022-11-30,7.162303924560547,8.739999771118164,8.949999809265137,8.720000267028809,8.899999618530273,1409
2022-12-01,7.309811592102051,8.920000076293945,8.989999771118164,8.75,8.75,1899
2022-12-02,7.170498847961426,8.75,8.970000267028809,8.75,8.970000267028809,1589
2022-12-05,7.268836498260498,8.869999885559082,8.899999618530273,8.65999984741211,8.75,4254
2022-12-07,7.113134860992432,8.680000305175781,8.869999885559082,8.680000305175781,8.869999885559082,1884
2022-12-08,7.121328830718994,8.6899995803833,8.789999961853027,8.510000228881836,8.670000076293945,681
2022-12-09,7.006601810455322,8.550000190734863,8.789999961853027,8.5,8.5,1461
2022-12-12,7.113134860992432,8.680000305175781,8.739999771118164,8.5,8.510000228881836,4660
2022-12-13,7.113134860992432,8.680000305175781,8.699999809265137,8.680000305175781,8.680000305175781,344
2022-12-14,7.0475754737854,8.600000381469727,8.680000305175781,8.539999961853027,8.680000305175781,1552
2022-12-15,6.924652576446533,8.449999809265137,8.649999618530273,8.449999809265137,8.600000381469727,5243
2022-12-16,6.8508992195129395,8.359999656677246,8.670000076293945,8.359999656677246,8.4399995803833,3212
2022-12-19,6.637833118438721,8.100000381469727,8.380000114440918,8.079999923706055,8.380000114440918,4370
2022-12-20,6.613247871398926,8.069999694824219,8.149999618530273,8.020000457763672,8.100000381469727,6466
2022-12-21,6.752561569213867,8.239999771118164,8.25,8.09000015258789,8.09000015258789,4934
2022-12-22,6.711585998535156,8.1899995803833,8.239999771118164,8.180000305175781,8.239999771118164,6361
2022-12-23,6.719781398773193,8.199999809265137,8.199999809265137,8.100000381469727,8.199999809265137,953
2022-12-27,6.55588436126709,8.0,8.199999809265137,7.989999771118164,8.199999809265137,21437
2022-12-28,6.621443271636963,8.079999923706055,8.25,8.0,8.140000343322754,9121
2022-12-29,6.621443271636963,8.079999923706055,8.210000038146973,8.029999732971191,8.09000015258789,9530
2022-12-30,6.629638195037842,8.09000015258789,8.149999618530273,8.039999961853027,8.069999694824219,11958
2023-01-02,6.818119525909424,8.319999694824219,8.40999984741211,8.0600004196167,8.199999809265137,5627
2023-01-03,6.801729679107666,8.300000190734863,8.5,8.220000267028809,8.5,7504
2023-01-04,6.883677959442139,8.399999618530273,8.550000190734863,8.3100004196167,8.430000305175781,6855
2023-01-05,6.900068759918213,8.420000076293945,8.5,8.319999694824219,8.479999542236328,1560
2023-01-09,7.0885491371154785,8.649999618530273,8.6899995803833,8.420000076293945,8.420000076293945,5173
2023-01-10,7.006601810455322,8.550000190734863,8.670000076293945,8.550000190734863,8.670000076293945,1156
2023-01-11,7.41634464263916,9.050000190734863,9.130000114440918,8.550000190734863,8.550000190734863,21572
2023-01-12,7.531071662902832,9.1899995803833,9.460000038146973,9.109999656677246,9.109999656677246,23210
2023-01-13,7.4081501960754395,9.039999961853027,9.1899995803833,8.989999771118164,9.149999618530273,4584
2023-01-16,7.293421268463135,8.899999618530273,9.140000343322754,8.819999694824219,9.050000190734863,6109
2023-01-17,7.260642051696777,8.859999656677246,9.079999923706055,8.800000190734863,8.989999771118164,3744
2023-01-18,7.301616668701172,8.90999984741211,9.069999694824219,8.859999656677246,8.859999656677246,6980
2023-01-19,7.293421268463135,8.899999618530273,9.029999732971191,8.899999618530273,8.920000076293945,2080
2023-01-20,7.236057281494141,8.829999923706055,9.0,8.8100004196167,8.899999618530273,1083
2023-01-23,7.3180060386657715,8.930000305175781,8.989999771118164,8.5600004196167,8.989999771118164,10937
2023-01-24,7.236057281494141,8.829999923706055,8.979999542236328,8.640000343322754,8.960000038146973,4527
2023-01-25,7.285226821899414,8.890000343322754,8.899999618530273,8.859999656677246,8.859999656677246,1878
2023-01-26,7.432733058929443,9.069999694824219,9.119999885559082,8.880000114440918,8.890000343322754,5287
2023-01-27,7.563850402832031,9.229999542236328,9.229999542236328,9.069999694824219,9.069999694824219,8532
2023-01-30,7.703164100646973,9.399999618530273,9.460000038146973,9.119999885559082,9.260000228881836,13029
2023-01-31,7.621216297149658,9.300000190734863,9.300000190734863,9.119999885559082,9.300000190734863,8218
2023-02-01,7.539266586303711,9.199999809265137,9.319999694824219,9.119999885559082,9.319999694824219,15906
2023-02-02,7.5802412033081055,9.25,9.289999961853027,9.149999618530273,9.239999771118164,6436
2023-02-03,7.539266586303711,9.199999809265137,9.25,9.149999618530273,9.25,5647
2023-02-06,7.457318305969238,9.100000381469727,9.229999542236328,9.100000381469727,9.15999984741211,8244
2023-02-07,7.399954795837402,9.029999732971191,9.119999885559082,8.970000267028809,9.100000381469727,3292
2023-02-08,7.367175102233887,8.989999771118164,9.100000381469727,8.800000190734863,9.100000381469727,2107
2023-02-09,7.424538612365723,9.0600004196167,9.15999984741211,8.989999771118164,8.989999771118164,1644
2023-02-10,7.367175102233887,8.989999771118164,9.0,8.850000381469727,9.0,8967
2023-02-13,7.268836498260498,8.869999885559082,9.0,8.8100004196167,8.869999885559082,6221
2023-02-14,7.293421268463135,8.899999618530273,9.020000457763672,8.75,8.869999885559082,7904
2023-02-15,7.236057281494141,8.829999923706055,8.890000343322754,8.720000267028809,8.890000343322754,9048
2023-02-16,7.2278618812561035,8.819999694824219,8.890000343322754,8.75,8.75,6869
2023-02-17,7.21147346496582,8.800000190734863,8.90999984741211,8.779999732971191,8.90999984741211,2971
2023-02-20,7.2278618812561035,8.819999694824219,8.899999618530273,8.800000190734863,8.800000190734863,2486
2023-02-21,7.260642051696777,8.859999656677246,8.890000343322754,8.800000190734863,8.859999656677246,2184
2023-02-22,7.162303924560547,8.739999771118164,8.890000343322754,8.739999771118164,8.880000114440918,1550
2023-02-23,7.186888694763184,8.770000457763672,8.880000114440918,8.75,8.75,1849
2023-02-24,7.268836498260498,8.869999885559082,8.880000114440918,8.760000228881836,8.800000190734863,2443
2023-02-27,7.268836498260498,8.869999885559082,8.880000114440918,8.760000228881836,8.880000114440918,2505
2023-02-28,7.285226821899414,8.890000343322754,8.890000343322754,8.800000190734863,8.869999885559082,671
2023-03-01,7.21147346496582,8.800000190734863,8.899999618530273,8.779999732971191,8.890000343322754,1254
2023-03-02,7.285226821899414,8.890000343322754,8.899999618530273,8.760000228881836,8.760000228881836,2233
2023-03-03,7.21147346496582,8.800000190734863,8.880000114440918,8.760000228881836,8.880000114440918,3985
2023-03-06,7.21147346496582,8.800000190734863,8.84000015258789,8.760000228881836,8.819999694824219,4043
2023-03-07,7.1950836181640625,8.779999732971191,8.890000343322754,8.779999732971191,8.800000190734863,833
2023-03-08,7.1950836181640625,8.779999732971191,8.789999961853027,8.760000228881836,8.779999732971191,912
2023-03-09,7.277031898498535,8.880000114440918,8.880000114440918,8.760000228881836,8.789999961853027,923
2023-03-10,7.15410852432251,8.729999542236328,8.84000015258789,8.699999809265137,8.84000015258789,3649
2023-03-13,6.965627670288086,8.5,8.800000190734863,8.300000190734863,8.729999542236328,14883
2023-03-14,7.0885491371154785,8.649999618530273,8.6899995803833,8.359999656677246,8.510000228881836,2517
2023-03-15,6.883677959442139,8.399999618530273,8.779999732971191,8.399999618530273,8.520000457763672,2494
2023-03-16,7.006601810455322,8.550000190734863,8.649999618530273,8.399999618530273,8.4399995803833,1985
2023-03-17,6.842704772949219,8.350000381469727,8.6899995803833,8.350000381469727,8.6899995803833,2317
2023-03-20,6.809925556182861,8.3100004196167,8.75,8.039999961853027,8.300000190734863,3007
2023-03-21,7.072160243988037,8.630000114440918,8.630000114440918,8.300000190734863,8.300000190734863,1517
2023-03-22,6.949237823486328,8.479999542236328,8.479999542236328,8.420000076293945,8.479999542236328,509
2023-03-23,7.006601810455322,8.550000190734863,8.630000114440918,8.420000076293945,8.449999809265137,1383
2023-03-24,6.965627670288086,8.5,8.529999732971191,8.319999694824219,8.529999732971191,1461
2023-03-27,6.965627670288086,8.5,8.6899995803833,8.359999656677246,8.5,2896
2023-03-28,6.842704772949219,8.350000381469727,8.489999771118164,8.329999923706055,8.40999984741211,1309
2023-03-29,6.859094619750977,8.369999885559082,8.550000190734863,8.350000381469727,8.350000381469727,4459
2023-03-30,6.985489845275879,8.289999961853027,8.300000190734863,8.180000305175781,8.199999809265137,2398
2023-03-31,6.968637943267822,8.270000457763672,8.329999923706055,8.260000228881836,8.329999923706055,897
2023-04-03,7.061327934265137,8.380000114440918,8.460000038146973,8.300000190734863,8.300000190734863,1275
2023-04-04,6.943357944488525,8.239999771118164,8.4399995803833,8.239999771118164,8.399999618530273,1764
2023-04-05,6.859095096588135,8.140000343322754,8.300000190734863,8.140000343322754,8.279999732971191,927
2023-04-06,6.875946521759033,8.15999984741211,8.239999771118164,8.140000343322754,8.239999771118164,2980
2023-04-11,6.859095096588135,8.140000343322754,8.180000305175781,8.119999885559082,8.15999984741211,1044
2023-04-12,6.8422417640686035,8.119999885559082,8.199999809265137,8.100000381469727,8.140000343322754,3310
2023-04-13,6.909652233123779,8.199999809265137,8.199999809265137,8.100000381469727,8.15999984741211,5768
2023-04-14,6.909652233123779,8.199999809265137,8.199999809265137,8.15999984741211,8.199999809265137,2293
2023-04-17,6.8422417640686035,8.119999885559082,8.199999809265137,8.100000381469727,8.100000381469727,2904
2023-04-18,6.892800331115723,8.180000305175781,8.180000305175781,8.119999885559082,8.119999885559082,2699
2023-04-19,6.8422417640686035,8.119999885559082,8.199999809265137,8.100000381469727,8.15999984741211,7024
2023-04-20,6.8253889083862305,8.100000381469727,8.140000343322754,8.0600004196167,8.119999885559082,4677
2023-04-21,6.808535575866699,8.079999923706055,8.119999885559082,8.0600004196167,8.119999885559082,2812
2023-04-24,6.741124629974365,8.0,8.119999885559082,8.0,8.079999923706055,4589
2023-04-25,6.774829864501953,8.039999961853027,8.039999961853027,8.0,8.020000457763672,2266
2023-04-26,6.741124629974365,8.0,8.100000381469727,7.920000076293945,8.079999923706055,1644
2023-04-27,6.960211277008057,8.260000228881836,8.279999732971191,8.119999885559082,8.119999885559082,9207
2023-04-28,6.690566062927246,7.940000057220459,8.140000343322754,7.71999979019165,7.980000019073486,19887
2023-05-02,6.623155117034912,7.860000133514404,8.0,7.820000171661377,7.940000057220459,9801
2023-05-03,6.656860828399658,7.900000095367432,7.960000038146973,7.820000171661377,7.880000114440918,2364
2023-05-04,6.656860828399658,7.900000095367432,8.0,7.800000190734863,8.0,4881
2023-05-05,6.656860828399658,7.900000095367432,7.940000057220459,7.820000171661377,7.900000095367432,3976
2023-05-08,6.656860828399658,7.900000095367432,7.940000057220459,7.840000152587891,7.920000076293945,3437
2023-05-09,6.656860828399658,7.900000095367432,8.0,7.860000133514404,7.900000095367432,3045
2023-05-10,6.640007972717285,7.880000114440918,7.960000038146973,7.840000152587891,7.940000057220459,1491
2023-05-11,6.538890838623047,7.760000228881836,7.900000095367432,7.760000228881836,7.820000171661377,1936
2023-05-12,6.606302261352539,7.840000152587891,7.900000095367432,7.71999979019165,7.760000228881836,2151
2023-05-15,6.640007972717285,7.880000114440918,7.900000095367432,7.800000190734863,7.800000190734863,1404
2023-05-16,6.572596549987793,7.800000190734863,7.840000152587891,7.800000190734863,7.820000171661377,3757
2023-05-17,6.572596549987793,7.800000190734863,7.860000133514404,7.739999771118164,7.800000190734863,2454
2023-05-19,6.572596549987793,7.800000190734863,7.820000171661377,7.71999979019165,7.71999979019165,3664
2023-05-22,6.538890838623047,7.760000228881836,7.800000190734863,7.760000228881836,7.800000190734863,760
2023-05-23,6.572596549987793,7.800000190734863,7.880000114440918,7.760000228881836,7.760000228881836,1572
2023-05-24,6.538890838623047,7.760000228881836,7.800000190734863,7.739999771118164,7.800000190734863,1863
2023-05-25,6.55574369430542,7.78000020980835,7.860000133514404,7.739999771118164,7.760000228881836,1912
2023-05-26,6.538890838623047,7.760000228881836,7.800000190734863,7.739999771118164,7.760000228881836,1086
2023-05-29,6.505185127258301,7.71999979019165,7.800000190734863,7.71999979019165,7.760000228881836,1888
2023-05-30,6.505185127258301,7.71999979019165,7.900000095367432,7.71999979019165,7.800000190734863,733
2023-05-31,6.488332748413086,7.699999809265137,7.800000190734863,7.699999809265137,7.71999979019165,1310
2023-06-01,6.522037982940674,7.739999771118164,7.78000020980835,7.699999809265137,7.739999771118164,1866
2023-06-02,6.505185127258301,7.71999979019165,7.78000020980835,7.699999809265137,7.71999979019165,1982
2023-06-05,6.2523932456970215,7.420000076293945,7.800000190734863,7.400000095367432,7.71999979019165,12467
2023-06-06,6.3198041915893555,7.5,7.679999828338623,7.480000019073486,7.480000019073486,1223
2023-06-07,6.370362758636475,7.559999942779541,7.599999904632568,7.539999961853027,7.599999904632568,1533
2023-06-08,6.4040679931640625,7.599999904632568,7.71999979019165,7.5,7.699999809265137,5726
2023-06-09,6.488332748413086,7.699999809265137,7.78000020980835,7.5,7.599999904632568,2438
2023-06-12,6.45462703704834,7.659999847412109,7.840000152587891,7.5,7.699999809265137,5491
2023-06-13,6.437773704528809,7.639999866485596,7.78000020980835,7.599999904632568,7.639999866485596,3283
2023-06-14,6.3198041915893555,7.5,7.619999885559082,7.5,7.619999885559082,4619
2023-06-15,6.45462703704834,7.659999847412109,7.739999771118164,7.5,7.5,3663
2023-06-16,6.488332748413086,7.699999809265137,7.699999809265137,7.599999904632568,7.679999828338623,3148
2023-06-19,6.538890838623047,7.760000228881836,7.940000057220459,7.71999979019165,7.940000057220459,2947
2023-06-20,6.606302261352539,7.840000152587891,7.880000114440918,7.760000228881836,7.760000228881836,1363
2023-06-21,6.640007972717285,7.880000114440918,7.900000095367432,7.820000171661377,7.840000152587891,5580
2023-06-22,6.538890838623047,7.760000228881836,7.900000095367432,7.71999979019165,7.900000095367432,1563
2023-06-26,6.522037982940674,7.739999771118164,7.800000190734863,7.739999771118164,7.760000228881836,1127
2023-06-27,6.488332748413086,7.699999809265137,7.739999771118164,7.599999904632568,7.739999771118164,2051
2023-06-28,6.4209208488464355,7.619999885559082,7.739999771118164,7.599999904632568,7.639999866485596,3067
2023-06-29,6.488332748413086,7.699999809265137,7.699999809265137,7.599999904632568,7.619999885559082,2059
2023-06-30,6.4040679931640625,7.599999904632568,7.619999885559082,7.559999942779541,7.599999904632568,4258
2023-07-03,6.538890838623047,7.760000228881836,7.860000133514404,7.579999923706055,7.860000133514404,1412
2023-07-04,6.55574369430542,7.78000020980835,7.78000020980835,7.659999847412109,7.78000020980835,1153
2023-07-05,6.4714789390563965,7.679999828338623,7.78000020980835,7.599999904632568,7.760000228881836,2065
2023-07-06,6.151276588439941,7.300000190734863,7.78000020980835,7.239999771118164,7.679999828338623,25506
2023-07-07,6.437773704528809,7.639999866485596,7.659999847412109,7.300000190734863,7.300000190734863,2322
2023-07-10,6.387216091156006,7.579999923706055,7.679999828338623,7.519999980926514,7.679999828338623,3061
2023-07-11,6.387216091156006,7.579999923706055,7.639999866485596,7.539999961853027,7.579999923706055,491
2023-07-12,6.151276588439941,7.300000190734863,7.400000095367432,7.260000228881836,7.400000095367432,9740
2023-07-13,6.117570400238037,7.260000228881836,7.340000152587891,7.260000228881836,7.300000190734863,3958
2023-07-14,6.117570400238037,7.260000228881836,7.360000133514404,7.260000228881836,7.28000020980835,2894
2023-07-17,6.067011833190918,7.199999809265137,7.380000114440918,7.199999809265137,7.28000020980835,5569
2023-07-18,6.050159931182861,7.179999828338623,7.199999809265137,7.099999904632568,7.199999809265137,1140
2023-07-19,6.269245624542236,7.440000057220459,7.78000020980835,7.28000020980835,7.300000190734863,6900
2023-07-20,6.302951812744141,7.480000019073486,7.659999847412109,7.380000114440918,7.5,4473
2023-07-21,6.269245624542236,7.440000057220459,7.5,7.440000057220459,7.5,1691
2023-07-24,6.286098480224609,7.460000038146973,7.599999904632568,7.420000076293945,7.440000057220459,1407
2023-07-25,6.3198041915893555,7.5,7.579999923706055,7.480000019073486,7.480000019073486,740
2023-07-26,6.3198041915893555,7.5,7.599999904632568,7.5,7.5,568
2023-07-27,6.218687534332275,7.380000114440918,7.579999923706055,7.360000133514404,7.5,3501
2023-07-28,6.1849822998046875,7.340000152587891,7.380000114440918,7.320000171661377,7.380000114440918,982
2023-07-31,6.168128967285156,7.320000171661377,7.440000057220459,7.300000190734863,7.340000152587891,1951
2023-08-01,6.235540390014648,7.400000095367432,7.440000057220459,7.300000190734863,7.440000057220459,3890
2023-08-02,6.269245624542236,7.440000057220459,7.440000057220459,7.340000152587891,7.440000057220459,1299
2023-08-03,6.2523932456970215,7.420000076293945,7.440000057220459,7.360000133514404,7.440000057220459,760
2023-08-04,6.286098480224609,7.460000038146973,7.460000038146973,7.400000095367432,7.440000057220459,5456
2023-08-07,6.1849822998046875,7.340000152587891,7.460000038146973,7.340000152587891,7.460000038146973,2442
2023-08-08,6.235540390014648,7.400000095367432,7.460000038146973,7.400000095367432,7.400000095367432,1009
2023-08-09,6.370362758636475,7.559999942779541,7.559999942779541,7.400000095367432,7.400000095367432,4032
2023-08-10,6.3198041915893555,7.5,7.599999904632568,7.5,7.5,721
2023-08-11,6.3198041915893555,7.5,7.599999904632568,7.5,7.599999904632568,312
2023-08-14,6.2523932456970215,7.420000076293945,7.599999904632568,7.420000076293945,7.559999942779541,784
2023-08-15,6.353509902954102,7.539999961853027,7.579999923706055,7.440000057220459,7.440000057220459,1387
2023-08-16,6.2523932456970215,7.420000076293945,7.559999942779541,7.420000076293945,7.559999942779541,499
2023-08-17,6.2523932456970215,7.420000076293945,7.480000019073486,7.400000095367432,7.420000076293945,2937
2023-08-18,6.235540390014648,7.400000095367432,7.420000076293945,7.400000095367432,7.420000076293945,1278
2023-08-21,6.067011833190918,7.199999809265137,7.400000095367432,7.139999866485596,7.400000095367432,13110
2023-08-22,6.13442325592041,7.28000020980835,7.300000190734863,7.099999904632568,7.260000228881836,2619
2023-08-23,6.067011833190918,7.199999809265137,7.300000190734863,7.199999809265137,7.199999809265137,584
2023-08-24,6.083865165710449,7.21999979019165,7.300000190734863,7.21999979019165,7.300000190734863,1816
2023-08-25,6.100717067718506,7.239999771118164,7.28000020980835,7.119999885559082,7.21999979019165,1521
2023-08-28,6.067011833190918,7.199999809265137,7.239999771118164,7.079999923706055,7.239999771118164,5159
2023-08-29,6.050159931182861,7.179999828338623,7.21999979019165,7.119999885559082,7.199999809265137,5729
2023-08-30,6.050159931182861,7.179999828338623,7.199999809265137,7.139999866485596,7.179999828338623,3869
2023-08-31,6.016453742980957,7.139999866485596,7.139999866485596,7.099999904632568,7.139999866485596,3790
2023-09-01,5.982747554779053,7.099999904632568,7.139999866485596,7.099999904632568,7.139999866485596,3610
2023-09-04,6.03330659866333,7.159999847412109,7.159999847412109,7.099999904632568,7.099999904632568,9673
2023-09-05,5.999600410461426,7.119999885559082,7.139999866485596,7.039999961853027,7.119999885559082,6052
2023-09-06,5.96589469909668,7.079999923706055,7.119999885559082,7.039999961853027,7.099999904632568,1697
2023-09-07,6.03330659866333,7.159999847412109,7.159999847412109,7.059999942779541,7.099999904632568,1662
2023-09-08,5.982747554779053,7.099999904632568,7.099999904632568,7.0,7.079999923706055,1548
2023-09-11,5.93218994140625,7.039999961853027,7.059999942779541,7.0,7.0,952
2023-09-12,5.949042320251465,7.059999942779541,7.159999847412109,6.940000057220459,7.079999923706055,3580
2023-09-13,5.949042320251465,7.059999942779541,7.059999942779541,6.920000076293945,7.0,1907
2023-09-14,5.949042320251465,7.059999942779541,7.139999866485596,7.0,7.059999942779541,2008
2023-09-15,6.016453742980957,7.139999866485596,7.139999866485596,7.099999904632568,7.139999866485596,1351
2023-09-18,5.982747554779053,7.099999904632568,7.199999809265137,7.099999904632568,7.139999866485596,997
2023-09-19,5.93218994140625,7.039999961853027,7.179999828338623,7.019999980926514,7.099999904632568,2594
2023-09-20,5.93218994140625,7.039999961853027,7.159999847412109,7.039999961853027,7.159999847412109,1889
2023-09-21,5.949042320251465,7.059999942779541,7.139999866485596,7.059999942779541,7.079999923706055,1741
2023-09-22,5.999600410461426,7.119999885559082,7.119999885559082,7.019999980926514,7.119999885559082,5284
2023-09-25,6.03330659866333,7.159999847412109,7.159999847412109,7.019999980926514,7.119999885559082,4336
2023-09-26,6.024600505828857,6.920000076293945,7.059999942779541,6.840000152587891,7.0,6113
2023-09-27,6.007188320159912,6.900000095367432,6.940000057220459,6.78000020980835,6.940000057220459,6979
2023-09-28,5.954951763153076,6.840000152587891,6.900000095367432,6.800000190734863,6.800000190734863,1001
2023-09-29,6.076837062835693,6.980000019073486,6.980000019073486,6.840000152587891,6.840000152587891,484
2023-10-02,5.902716159820557,6.78000020980835,7.0,6.78000020980835,6.980000019073486,2992
2023-10-03,5.885303497314453,6.760000228881836,6.840000152587891,6.760000228881836,6.78000020980835,1394
2023-10-04,5.850478649139404,6.71999979019165,6.800000190734863,6.71999979019165,6.760000228881836,1604
2023-10-05,5.850478649139404,6.71999979019165,6.760000228881836,6.71999979019165,6.71999979019165,452
2023-10-06,5.693769931793213,6.539999961853027,6.71999979019165,6.519999980926514,6.71999979019165,2537
2023-10-09,5.658945560455322,6.5,6.699999809265137,6.5,6.699999809265137,6315
2023-10-10,5.780829906463623,6.639999866485596,6.639999866485596,6.5,6.5,2228
2023-10-11,5.780829906463623,6.639999866485596,6.639999866485596,6.599999904632568,6.639999866485596,1168
2023-10-12,5.746006488800049,6.599999904632568,6.639999866485596,6.539999961853027,6.639999866485596,2929
2023-10-13,5.728593826293945,6.579999923706055,6.639999866485596,6.559999942779541,6.639999866485596,1759
2023-10-16,5.746006488800049,6.599999904632568,6.639999866485596,6.599999904632568,6.639999866485596,1804
2023-10-17,5.676357746124268,6.519999980926514,6.599999904632568,6.519999980926514,6.599999904632568,2928
2023-10-18,5.537060737609863,6.360000133514404,6.519999980926514,6.360000133514404,6.519999980926514,3989
2023-10-19,5.624121189117432,6.460000038146973,6.480000019073486,6.340000152587891,6.480000019073486,5238
2023-10-20,5.624121189117432,6.460000038146973,6.460000038146973,6.320000171661377,6.460000038146973,693
2023-10-23,5.484824180603027,6.300000190734863,6.380000114440918,6.199999809265137,6.360000133514404,2529
2023-10-24,5.571884632110596,6.400000095367432,6.400000095367432,6.199999809265137,6.199999809265137,3074
2023-10-25,5.502236366271973,6.320000171661377,6.460000038146973,6.260000228881836,6.400000095367432,6021
2023-10-26,5.519648551940918,6.340000152587891,6.400000095367432,6.159999847412109,6.320000171661377,4510
2023-10-27,5.484824180603027,6.300000190734863,6.340000152587891,6.199999809265137,6.199999809265137,3212
2023-10-30,5.432587623596191,6.239999771118164,6.380000114440918,6.199999809265137,6.300000190734863,4308
2023-10-31,5.484824180603027,6.300000190734863,6.380000114440918,6.260000228881836,6.260000228881836,3915
2023-11-01,5.537060737609863,6.360000133514404,6.400000095367432,6.360000133514404,6.400000095367432,786
2023-11-02,5.606709003448486,6.440000057220459,6.440000057220459,6.300000190734863,6.400000095367432,3872
2023-11-03,5.55447244644165,6.380000114440918,6.440000057220459,6.340000152587891,6.440000057220459,1239
2023-11-06,5.571884632110596,6.400000095367432,6.440000057220459,6.380000114440918,6.380000114440918,1476
2023-11-07,5.571884632110596,6.400000095367432,6.440000057220459,6.360000133514404,6.440000057220459,1898
2023-11-08,5.537060737609863,6.360000133514404,6.400000095367432,6.340000152587891,6.380000114440918,1633
2023-11-09,5.571884632110596,6.400000095367432,6.400000095367432,6.340000152587891,6.340000152587891,932
2023-11-10,5.606709003448486,6.440000057220459,6.440000057220459,6.400000095367432,6.400000095367432,924
2023-11-13,5.519648551940918,6.340000152587891,6.440000057220459,6.320000171661377,6.440000057220459,2385
2023-11-14,5.589297294616699,6.420000076293945,6.420000076293945,6.320000171661377,6.340000152587891,6926
2023-11-15,5.624121189117432,6.460000038146973,6.619999885559082,6.400000095367432,6.420000076293945,7197
2023-11-16,5.641533374786377,6.480000019073486,6.699999809265137,6.400000095367432,6.400000095367432,4201
2023-11-17,5.711181640625,6.559999942779541,6.619999885559082,6.460000038146973,6.619999885559082,3376
2023-11-20,5.658945560455322,6.5,6.599999904632568,6.340000152587891,6.5,5206
2023-11-21,5.606709003448486,6.440000057220459,6.579999923706055,6.380000114440918,6.579999923706055,2718
2023-11-22,5.746006488800049,6.599999904632568,6.739999771118164,6.420000076293945,6.420000076293945,12546
2023-11-23,5.937539577484131,6.820000171661377,6.940000057220459,6.599999904632568,6.599999904632568,11952
2023-11-24,5.954951763153076,6.840000152587891,6.840000152587891,6.659999847412109,6.840000152587891,2108
2023-11-27,5.954951763153076,6.840000152587891,7.099999904632568,6.760000228881836,7.0,8786
2023-11-28,6.0942487716674805,7.0,7.119999885559082,6.880000114440918,6.880000114440918,8064
2023-11-29,6.198721885681152,7.119999885559082,7.119999885559082,7.0,7.079999923706055,1895
2023-11-30,6.181310176849365,7.099999904632568,7.21999979019165,7.099999904632568,7.119999885559082,4720
2023-12-01,6.111661434173584,7.019999980926514,7.099999904632568,7.019999980926514,7.099999904632568,3498
2023-12-04,6.146485805511475,7.059999942779541,7.179999828338623,7.019999980926514,7.099999904632568,1316
2023-12-05,6.0942487716674805,7.0,7.079999923706055,7.0,7.059999942779541,5484
2023-12-07,6.0942487716674805,7.0,7.179999828338623,7.0,7.019999980926514,12171
2023-12-08,6.111661434173584,7.019999980926514,7.139999866485596,7.0,7.0,4105
2023-12-11,6.111661434173584,7.019999980926514,7.059999942779541,6.900000095367432,7.019999980926514,5274
2023-12-12,6.059424877166748,6.960000038146973,7.099999904632568,6.920000076293945,6.920000076293945,9341
2023-12-13,6.042012691497803,6.940000057220459,7.0,6.920000076293945,6.960000038146973,10617
2023-12-14,6.076837062835693,6.980000019073486,7.099999904632568,6.940000057220459,6.940000057220459,8595
2023-12-15,6.268370151519775,7.199999809265137,7.21999979019165,6.980000019073486,6.980000019073486,13257
2023-12-18,6.111661434173584,7.019999980926514,7.199999809265137,7.0,7.199999809265137,4914
2023-12-19,6.198721885681152,7.119999885559082,7.21999979019165,7.019999980926514,7.019999980926514,10498
2023-12-20,6.390255451202393,7.340000152587891,7.380000114440918,7.139999866485596,7.199999809265137,11515
2023-12-21,6.338019371032715,7.28000020980835,7.28000020980835,7.159999847412109,7.199999809265137,15347
2023-12-22,6.529552459716797,7.5,7.599999904632568,7.199999809265137,7.28000020980835,6940
2023-12-27,6.338019371032715,7.28000020980835,7.599999904632568,7.21999979019165,7.340000152587891,8362
2023-12-28,6.285782337188721,7.21999979019165,7.480000019073486,7.21999979019165,7.340000152587891,5123
2023-12-29,6.285782337188721,7.21999979019165,7.300000190734863,7.179999828338623,7.21999979019165,6697
2024-01-02,6.3206071853637695,7.260000228881836,7.539999961853027,7.260000228881836,7.320000171661377,1545
2024-01-03,6.355431079864502,7.300000190734863,7.420000076293945,7.300000190734863,7.420000076293945,2738
2024-01-04,6.355431079864502,7.300000190734863,7.420000076293945,7.300000190734863,7.300000190734863,3141
2024-01-05,6.425079345703125,7.380000114440918,7.480000019073486,7.300000190734863,7.300000190734863,1950
2024-01-08,6.44249153137207,7.400000095367432,7.559999942779541,7.340000152587891,7.360000133514404,4588
2024-01-09,6.459904193878174,7.420000076293945,7.440000057220459,7.300000190734863,7.380000114440918,2213
2024-01-10,6.494728088378906,7.460000038146973,7.699999809265137,7.420000076293945,7.420000076293945,2125
2024-01-11,6.616613864898682,7.599999904632568,7.619999885559082,7.460000038146973,7.460000038146973,545
2024-01-12,6.616613864898682,7.599999904632568,7.800000190734863,7.519999980926514,7.519999980926514,9135
2024-01-15,6.773323059082031,7.78000020980835,7.78000020980835,7.539999961853027,7.539999961853027,1804
2024-01-16,6.651437759399414,7.639999866485596,7.78000020980835,7.619999885559082,7.78000020980835,1022
2024-01-17,6.616613864898682,7.599999904632568,7.679999828338623,7.599999904632568,7.639999866485596,7606
2024-01-18,6.477315902709961,7.440000057220459,7.599999904632568,7.420000076293945,7.420000076293945,136
2024-01-19,6.529552459716797,7.5,7.659999847412109,7.440000057220459,7.440000057220459,946
2024-01-22,6.44249153137207,7.400000095367432,7.599999904632568,7.380000114440918,7.5,2655
2024-01-23,6.3206071853637695,7.260000228881836,7.400000095367432,7.239999771118164,7.400000095367432,3642
2024-01-24,6.390255451202393,7.340000152587891,7.5,7.21999979019165,7.21999979019165,1422
2024-01-25,6.425079345703125,7.380000114440918,7.579999923706055,7.21999979019165,7.21999979019165,1182
2024-01-26,6.494728088378906,7.460000038146973,7.460000038146973,7.320000171661377,7.360000133514404,1842
2024-01-29,6.59920072555542,7.579999923706055,7.579999923706055,7.400000095367432,7.440000057220459,1426
2024-01-30,6.564376354217529,7.539999961853027,7.579999923706055,7.440000057220459,7.579999923706055,2637
2024-01-31,6.912619590759277,7.940000057220459,8.079999923706055,7.699999809265137,7.78000020980835,22225
2024-02-01,6.89520788192749,7.920000076293945,8.0600004196167,7.900000095367432,7.940000057220459,1845
2024-02-02,6.964855670928955,8.0,8.100000381469727,7.920000076293945,7.920000076293945,4212
2024-02-05,6.94744348526001,7.980000019073486,8.119999885559082,7.980000019073486,8.0600004196167,4785
2024-02-06,6.738497734069824,7.739999771118164,8.0,7.739999771118164,8.0,4030
2024-02-07,6.790734767913818,7.800000190734863,7.880000114440918,7.71999979019165,7.800000190734863,4965
2024-02-08,6.6340250968933105,7.619999885559082,7.840000152587891,7.619999885559082,7.78000020980835,5470
2024-02-09,6.668849468231201,7.659999847412109,7.960000038146973,7.599999904632568,7.599999904632568,3861
2024-02-12,6.8603835105896,7.880000114440918,7.980000019073486,7.659999847412109,7.659999847412109,1358
2024-02-13,6.721085548400879,7.71999979019165,7.880000114440918,7.619999885559082,7.880000114440918,1622
2024-02-14,6.616613864898682,7.599999904632568,7.760000228881836,7.599999904632568,7.739999771118164,3206
2024-02-15,6.790734767913818,7.800000190734863,7.800000190734863,7.5,7.599999904632568,1849
2024-02-16,6.773323059082031,7.78000020980835,7.78000020980835,7.599999904632568,7.760000228881836,2360
2024-02-19,6.6340250968933105,7.619999885559082,7.699999809265137,7.519999980926514,7.519999980926514,2414
2024-02-20,6.616613864898682,7.599999904632568,7.699999809265137,7.559999942779541,7.559999942779541,344
2024-02-21,6.44249153137207,7.400000095367432,7.559999942779541,7.400000095367432,7.5,1619
2024-02-22,6.494728088378906,7.460000038146973,7.559999942779541,7.440000057220459,7.5,968
2024-02-23,6.477315902709961,7.440000057220459,7.460000038146973,7.400000095367432,7.400000095367432,1608
2024-02-26,6.372843265533447,7.320000171661377,7.440000057220459,7.320000171661377,7.440000057220459,2219
2024-02-27,6.372843265533447,7.320000171661377,7.320000171661377,7.260000228881836,7.320000171661377,9784
2024-02-28,6.355431079864502,7.300000190734863,7.400000095367432,7.260000228881836,7.300000190734863,1129
2024-02-29,6.616613864898682,7.599999904632568,7.599999904632568,7.239999771118164,7.300000190734863,5441
2024-03-01,6.721085548400879,7.71999979019165,8.0,7.559999942779541,7.599999904632568,7954
2024-03-04,6.773323059082031,7.78000020980835,7.800000190734863,7.71999979019165,7.800000190734863,814
2024-03-05,6.703673839569092,7.699999809265137,7.78000020980835,7.639999866485596,7.78000020980835,4138
2024-03-06,6.790734767913818,7.800000190734863,7.880000114440918,7.599999904632568,7.599999904632568,1391
2024-03-07,6.738497734069824,7.739999771118164,7.880000114440918,7.699999809265137,7.800000190734863,4202
2024-03-08,6.6862616539001465,7.679999828338623,7.800000190734863,7.639999866485596,7.800000190734863,2581
2024-03-11,6.808146953582764,7.820000171661377,7.900000095367432,7.699999809265137,7.699999809265137,2318
2024-03-12,6.6862616539001465,7.679999828338623,7.820000171661377,7.659999847412109,7.820000171661377,5127
2024-03-13,6.721085548400879,7.71999979019165,7.78000020980835,7.679999828338623,7.679999828338623,763
2024-03-14,6.703673839569092,7.699999809265137,7.860000133514404,7.619999885559082,7.78000020980835,1040
2024-03-15,6.773323059082031,7.78000020980835,7.78000020980835,7.559999942779541,7.619999885559082,1055
2024-03-18,6.755910873413086,7.760000228881836,7.880000114440918,7.599999904632568,7.599999904632568,2652
2024-03-19,6.738497734069824,7.739999771118164,7.880000114440918,7.579999923706055,7.760000228881836,2500
2024-03-20,6.790734767913818,7.800000190734863,7.840000152587891,7.739999771118164,7.739999771118164,703
2024-03-21,6.738497734069824,7.739999771118164,7.800000190734863,7.699999809265137,7.800000190734863,2023
2024-03-22,6.738497734069824,7.739999771118164,7.78000020980835,7.659999847412109,7.659999847412109,1231
2024-03-25,6.842970848083496,7.860000133514404,7.860000133514404,7.78000020980835,7.800000190734863,4098
2024-03-26,6.897280216217041,7.619999885559082,7.840000152587891,7.539999961853027,7.539999961853027,1913
2024-03-27,6.897280216217041,7.619999885559082,7.619999885559082,7.599999904632568,7.619999885559082,492
2024-03-28,6.842970848083496,7.559999942779541,7.860000133514404,7.559999942779541,7.599999904632568,489
2024-04-02,6.879177093505859,7.599999904632568,7.599999904632568,7.539999961853027,7.559999942779541,798
2024-04-03,6.824868202209473,7.539999961853027,7.880000114440918,7.519999980926514,7.539999961853027,2557
2024-04-04,6.915383815765381,7.639999866485596,7.78000020980835,7.559999942779541,7.559999942779541,636
2024-04-05,6.915383815765381,7.639999866485596,7.699999809265137,7.599999904632568,7.679999828338623,781
2024-04-08,6.933486461639404,7.659999847412109,7.840000152587891,7.599999904632568,7.840000152587891,1313
2024-04-09,6.969693183898926,7.699999809265137,7.739999771118164,7.599999904632568,7.659999847412109,1204
2024-04-10,6.969693183898926,7.699999809265137,7.71999979019165,7.659999847412109,7.659999847412109,158
2024-04-11,6.951589107513428,7.679999828338623,7.739999771118164,7.679999828338623,7.739999771118164,508
2024-04-12,7.024002552032471,7.760000228881836,7.820000171661377,7.739999771118164,7.739999771118164,1663
2024-04-15,7.060208320617676,7.800000190734863,7.800000190734863,7.739999771118164,7.760000228881836,633
2024-04-16,6.969693183898926,7.699999809265137,7.800000190734863,7.699999809265137,7.800000190734863,1226
2024-04-17,7.078311920166016,7.820000171661377,7.840000152587891,7.800000190734863,7.840000152587891,412
2024-04-18,7.042105674743652,7.78000020980835,7.800000190734863,7.659999847412109,7.659999847412109,767
2024-04-19,7.005898475646973,7.739999771118164,7.800000190734863,7.739999771118164,7.800000190734863,680
2024-04-22,7.078311920166016,7.820000171661377,7.840000152587891,7.800000190734863,7.840000152587891,734
2024-04-23,7.005898475646973,7.739999771118164,7.940000057220459,7.71999979019165,7.840000152587891,2822
2024-04-24,6.987795829772949,7.71999979019165,7.840000152587891,7.639999866485596,7.659999847412109,1814
2024-04-25,7.096414566040039,7.840000152587891,7.840000152587891,7.699999809265137,7.699999809265137,420
2024-04-26,7.060208320617676,7.800000190734863,7.820000171661377,7.800000190734863,7.820000171661377,590
2024-04-29,6.951589107513428,7.679999828338623,7.840000152587891,7.679999828338623,7.800000190734863,1056
2024-04-30,6.897280216217041,7.619999885559082,7.679999828338623,7.619999885559082,7.679999828338623,877
2024-05-02,6.897280216217041,7.619999885559082,7.860000133514404,7.599999904632568,7.639999866485596,1370
2024-05-03,6.879177093505859,7.599999904632568,7.860000133514404,7.480000019073486,7.619999885559082,1888
2024-05-06,6.915383815765381,7.639999866485596,7.800000190734863,7.599999904632568,7.599999904632568,2461
2024-05-07,7.042105674743652,7.78000020980835,7.78000020980835,7.699999809265137,7.699999809265137,888
2024-05-08,7.042105674743652,7.78000020980835,7.78000020980835,7.71999979019165,7.78000020980835,781
2024-05-10,7.042105674743652,7.78000020980835,7.78000020980835,7.71999979019165,7.71999979019165,754
2024-05-13,6.987795829772949,7.71999979019165,7.800000190734863,7.71999979019165,7.78000020980835,1070
2024-05-14,7.060208320617676,7.800000190734863,7.800000190734863,7.71999979019165,7.71999979019165,1770
2024-05-15,7.060208320617676,7.800000190734863,7.800000190734863,7.71999979019165,7.800000190734863,2422
2024-05-16,7.078311920166016,7.820000171661377,7.840000152587891,7.699999809265137,7.800000190734863,3389
2024-05-17,7.241239547729492,8.0,8.300000190734863,7.820000171661377,7.820000171661377,5480
2024-05-20,7.241239547729492,8.0,8.0600004196167,7.960000038146973,8.0,2458
2024-05-21,7.186930179595947,7.940000057220459,8.0,7.900000095367432,8.0,879
2024-05-22,7.186930179595947,7.940000057220459,7.940000057220459,7.880000114440918,7.940000057220459,1291
2024-05-23,7.2231364250183105,7.980000019073486,8.0,7.900000095367432,7.900000095367432,924
2024-05-24,7.060208320617676,7.800000190734863,7.980000019073486,7.800000190734863,7.980000019073486,2691
2024-05-27,7.1326212882995605,7.880000114440918,8.039999961853027,7.840000152587891,7.840000152587891,4731
2024-05-28,7.241239547729492,8.0,8.0,7.800000190734863,7.880000114440918,2347
2024-05-29,7.186930179595947,7.940000057220459,8.0,7.920000076293945,7.920000076293945,1147
2024-05-30,7.205032825469971,7.960000038146973,8.0,7.920000076293945,7.940000057220459,4209
2024-05-31,7.241239547729492,8.0,8.020000457763672,7.920000076293945,8.0,1699
2024-06-03,7.186930179595947,7.940000057220459,8.0,7.940000057220459,8.0,2410
2024-06-04,7.114517688751221,7.860000133514404,8.0,7.860000133514404,8.0,912
2024-06-05,7.168827056884766,7.920000076293945,7.960000038146973,7.860000133514404,7.860000133514404,1052
2024-06-06,7.3136515617370605,8.079999923706055,8.079999923706055,7.920000076293945,7.920000076293945,8830
2024-06-07,7.2231364250183105,7.980000019073486,8.0600004196167,7.900000095367432,8.0600004196167,2050
2024-06-10,7.2231364250183105,7.980000019073486,8.0,7.960000038146973,8.0,2224
2024-06-11,7.2231364250183105,7.980000019073486,8.0,7.940000057220459,7.980000019073486,1160
2024-06-12,7.168827056884766,7.920000076293945,8.0,7.900000095367432,8.0,2069
2024-06-13,7.078311920166016,7.820000171661377,7.920000076293945,7.800000190734863,7.920000076293945,1619
2024-06-14,7.1326212882995605,7.880000114440918,7.900000095367432,7.800000190734863,7.900000095367432,2797
2024-06-17,7.114517688751221,7.860000133514404,7.880000114440918,7.800000190734863,7.820000171661377,2054
2024-06-18,7.096414566040039,7.840000152587891,7.860000133514404,7.539999961853027,7.800000190734863,1980
2024-06-19,6.969693183898926,7.699999809265137,7.840000152587891,7.599999904632568,7.840000152587891,2690
2024-06-20,7.024002552032471,7.760000228881836,7.78000020980835,7.679999828338623,7.699999809265137,813
2024-06-24,6.933486461639404,7.659999847412109,7.760000228881836,7.400000095367432,7.739999771118164,6052
2024-06-25,7.042105674743652,7.78000020980835,7.800000190734863,7.679999828338623,7.679999828338623,383
2024-06-26,6.897280216217041,7.619999885559082,8.0,7.599999904632568,7.78000020980835,1111
2024-06-27,7.024002552032471,7.760000228881836,7.820000171661377,7.599999904632568,7.599999904632568,2400
2024-06-28,6.987795829772949,7.71999979019165,7.800000190734863,7.699999809265137,7.760000228881836,2479
2024-07-01,7.024002552032471,7.760000228881836,7.800000190734863,7.71999979019165,7.800000190734863,705
2024-07-02,6.987795829772949,7.71999979019165,7.840000152587891,7.400000095367432,7.699999809265137,3517
2024-07-03,7.005898475646973,7.739999771118164,7.800000190734863,7.599999904632568,7.800000190734863,3501
2024-07-04,7.060208320617676,7.800000190734863,7.880000114440918,7.800000190734863,7.800000190734863,917
2024-07-05,7.205032825469971,7.960000038146973,7.980000019073486,7.800000190734863,7.800000190734863,1309
2024-07-08,7.150723457336426,7.900000095367432,8.0,7.820000171661377,7.900000095367432,424
2024-07-09,7.060208320617676,7.800000190734863,7.900000095367432,7.679999828338623,7.900000095367432,1160
2024-07-10,7.024002552032471,7.760000228881836,7.800000190734863,7.659999847412109,7.800000190734863,4534
2024-07-11,7.005898475646973,7.739999771118164,7.900000095367432,7.71999979019165,7.760000228881836,817
2024-07-12,7.150723457336426,7.900000095367432,7.920000076293945,7.619999885559082,7.619999885559082,3476
2024-07-15,7.1326212882995605,7.880000114440918,7.900000095367432,7.800000190734863,7.900000095367432,652
2024-07-16,7.078311920166016,7.820000171661377,8.079999923706055,7.699999809265137,7.940000057220459,5334
2024-07-17,7.024002552032471,7.760000228881836,7.860000133514404,7.760000228881836,7.800000190734863,2144
2024-07-18,7.042105674743652,7.78000020980835,7.800000190734863,7.71999979019165,7.760000228881836,581
2024-07-19,7.168827056884766,7.920000076293945,7.940000057220459,7.699999809265137,7.699999809265137,1890
2024-07-22,7.150723457336426,7.900000095367432,7.920000076293945,7.860000133514404,7.860000133514404,300
2024-07-23,7.1326212882995605,7.880000114440918,7.920000076293945,7.78000020980835,7.920000076293945,1228
2024-07-24,7.024002552032471,7.760000228881836,7.880000114440918,7.699999809265137,7.880000114440918,745
2024-07-25,7.096414566040039,7.840000152587891,7.900000095367432,7.679999828338623,7.699999809265137,714
2024-07-26,7.060208320617676,7.800000190734863,7.860000133514404,7.699999809265137,7.78000020980835,492
2024-07-29,7.1326212882995605,7.880000114440918,7.960000038146973,7.78000020980835,7.800000190734863,1496
2024-07-30,7.168827056884766,7.920000076293945,7.960000038146973,7.78000020980835,7.78000020980835,1844
2024-07-31,7.150723457336426,7.900000095367432,7.960000038146973,7.880000114440918,7.920000076293945,2357
2024-08-01,7.186930179595947,7.940000057220459,7.980000019073486,7.860000133514404,7.980000019073486,844
2024-08-02,7.078311920166016,7.820000171661377,7.960000038146973,7.760000228881836,7.960000038146973,1413
2024-08-05,6.861074447631836,7.579999923706055,8.0,7.380000114440918,7.78000020980835,4874
2024-08-06,6.969693183898926,7.699999809265137,7.860000133514404,7.599999904632568,7.699999809265137,2987
2024-08-07,7.024002552032471,7.760000228881836,7.960000038146973,7.619999885559082,7.619999885559082,2744
2024-08-08,7.042105674743652,7.78000020980835,7.960000038146973,7.679999828338623,7.699999809265137,1181
2024-08-09,7.024002552032471,7.760000228881836,7.960000038146973,7.699999809265137,7.78000020980835,3809
2024-08-12,7.024002552032471,7.760000228881836,7.820000171661377,7.599999904632568,7.699999809265137,1723
2024-08-13,7.096414566040039,7.840000152587891,7.860000133514404,7.760000228881836,7.78000020980835,2288
2024-08-14,7.024002552032471,7.760000228881836,7.840000152587891,7.760000228881836,7.840000152587891,1157
2024-08-15,7.060208320617676,7.800000190734863,7.880000114440918,7.760000228881836,7.760000228881836,364
2024-08-16,7.168827056884766,7.920000076293945,7.940000057220459,7.880000114440918,7.880000114440918,833
2024-08-19,7.060208320617676,7.800000190734863,7.900000095367432,7.78000020980835,7.900000095367432,564
2024-08-20,7.096414566040039,7.840000152587891,7.980000019073486,7.800000190734863,7.800000190734863,1922
2024-08-21,7.060208320617676,7.800000190734863,7.900000095367432,7.760000228881836,7.820000171661377,3542
2024-08-22,7.024002552032471,7.760000228881836,7.880000114440918,7.760000228881836,7.800000190734863,3987
2024-08-23,7.078311920166016,7.820000171661377,7.820000171661377,7.699999809265137,7.760000228881836,7103
2024-08-26,6.969693183898926,7.699999809265137,7.820000171661377,7.699999809265137,7.820000171661377,3123
2024-08-27,6.933486461639404,7.659999847412109,7.699999809265137,7.639999866485596,7.679999828338623,211
2024-08-28,7.005898475646973,7.739999771118164,7.880000114440918,7.659999847412109,7.659999847412109,1362
2024-08-29,7.024002552032471,7.760000228881836,7.840000152587891,7.739999771118164,7.739999771118164,566
2024-08-30,7.114517688751221,7.860000133514404,7.880000114440918,7.71999979019165,7.71999979019165,4063
2024-09-02,7.096414566040039,7.840000152587891,7.900000095367432,7.820000171661377,7.860000133514404,1501
2024-09-03,7.096414566040039,7.840000152587891,7.960000038146973,7.840000152587891,7.900000095367432,1731
2024-09-04,7.078311920166016,7.820000171661377,7.900000095367432,7.619999885559082,7.840000152587891,3816
2024-09-05,7.078311920166016,7.820000171661377,7.980000019073486,7.800000190734863,7.800000190734863,4940
2024-09-06,7.060208320617676,7.800000190734863,7.900000095367432,7.760000228881836,7.900000095367432,1022
2024-09-09,7.078311920166016,7.820000171661377,7.820000171661377,7.739999771118164,7.800000190734863,1075
2024-09-10,7.042105674743652,7.78000020980835,7.900000095367432,7.78000020980835,7.820000171661377,383
2024-09-11,7.060208320617676,7.800000190734863,7.880000114440918,7.599999904632568,7.78000020980835,2058
2024-09-12,7.005898475646973,7.739999771118164,7.820000171661377,7.71999979019165,7.820000171661377,1467
2024-09-13,7.078311920166016,7.820000171661377,7.900000095367432,7.800000190734863,7.820000171661377,4844
2024-09-16,7.150723457336426,7.900000095367432,7.980000019073486,7.820000171661377,7.980000019073486,4063
2024-09-17,7.205032825469971,7.960000038146973,8.100000381469727,7.920000076293945,7.960000038146973,6810
2024-09-18,7.205032825469971,7.960000038146973,8.0600004196167,7.960000038146973,7.980000019073486,6332
2024-09-19,7.241239547729492,8.0,8.0,7.920000076293945,7.980000019073486,5547
2024-09-20,7.241239547729492,8.0,8.0600004196167,8.0,8.0,6525
2024-09-23,7.367961406707764,8.140000343322754,8.180000305175781,8.0,8.0,10679
2024-09-24,7.42227029800415,8.199999809265137,8.239999771118164,8.0600004196167,8.0600004196167,4947
2024-09-25,7.514817237854004,8.119999885559082,8.199999809265137,8.020000457763672,8.199999809265137,5676
2024-09-26,7.496307849884033,8.100000381469727,8.15999984741211,8.039999961853027,8.100000381469727,5330
2024-09-27,7.588854789733887,8.199999809265137,8.199999809265137,8.100000381469727,8.140000343322754,1963
2024-09-30,7.736929893493652,8.359999656677246,8.359999656677246,8.199999809265137,8.199999809265137,17440
2024-10-01,7.847985744476318,8.479999542236328,8.600000381469727,8.399999618530273,8.399999618530273,21299
2024-10-02,7.9960618019104,8.640000343322754,8.65999984741211,8.5,8.5,7351
2024-10-03,7.866495609283447,8.5,8.699999809265137,8.5,8.65999984741211,3778
2024-10-04,7.7739481925964355,8.399999618530273,8.579999923706055,8.399999618530273,8.399999618530273,10188
2024-10-07,7.755438804626465,8.380000114440918,8.680000305175781,8.220000267028809,8.399999618530273,3581
2024-10-08,7.792458534240723,8.420000076293945,8.420000076293945,8.279999732971191,8.399999618530273,3031
2024-10-09,7.866495609283447,8.5,8.5,8.420000076293945,8.4399995803833,1132
2024-10-10,7.847985744476318,8.479999542236328,8.5,8.319999694824219,8.4399995803833,10100
2024-10-11,7.847985744476318,8.479999542236328,8.5,8.4399995803833,8.460000038146973,533
2024-10-14,7.7739481925964355,8.399999618530273,8.680000305175781,8.399999618530273,8.5,2345
2024-10-15,7.847985744476318,8.479999542236328,8.640000343322754,8.300000190734863,8.399999618530273,2201
2024-10-16,7.940533638000488,8.579999923706055,8.640000343322754,8.520000457763672,8.520000457763672,2456
2024-10-17,7.847985744476318,8.479999542236328,8.579999923706055,8.479999542236328,8.579999923706055,773
2024-10-18,7.847985744476318,8.479999542236328,8.520000457763672,8.420000076293945,8.479999542236328,1826
2024-10-21,7.755438804626465,8.380000114440918,8.579999923706055,8.34000015258789,8.5,4549
2024-10-22,7.810967445373535,8.4399995803833,8.5600004196167,8.420000076293945,8.479999542236328,565
2024-10-23,7.829476833343506,8.460000038146973,8.520000457763672,8.4399995803833,8.5,323
2024-10-24,7.810967445373535,8.4399995803833,8.579999923706055,8.4399995803833,8.520000457763672,1573
2024-10-25,7.736929893493652,8.359999656677246,8.579999923706055,8.359999656677246,8.460000038146973,4185
2024-10-28,7.514817237854004,8.119999885559082,8.359999656677246,8.020000457763672,8.359999656677246,21934
2024-10-29,7.644382953643799,8.260000228881836,8.260000228881836,8.119999885559082,8.119999885559082,4869
2024-10-30,7.6628923416137695,8.279999732971191,8.399999618530273,8.260000228881836,8.260000228881836,4182
2024-10-31,7.42227029800415,8.020000457763672,8.380000114440918,7.900000095367432,8.279999732971191,11735
2024-11-01,7.644382953643799,8.260000228881836,8.479999542236328,8.260000228881836,8.260000228881836,5217
2024-11-04,7.755438804626465,8.380000114440918,8.4399995803833,8.260000228881836,8.260000228881836,2007
2024-11-05,7.625873565673828,8.239999771118164,8.380000114440918,8.079999923706055,8.079999923706055,238
2024-11-06,7.625873565673828,8.239999771118164,8.5,8.239999771118164,8.380000114440918,4054
2024-11-07,7.625873565673828,8.239999771118164,8.239999771118164,8.119999885559082,8.239999771118164,2451
2024-11-08,7.329722881317139,7.920000076293945,8.199999809265137,7.5,8.180000305175781,3863
2024-11-11,7.329722881317139,7.920000076293945,8.100000381469727,7.920000076293945,8.100000381469727,2937
2024-11-12,7.070591926574707,7.639999866485596,7.920000076293945,7.599999904632568,7.920000076293945,6728
2024-11-13,7.0891008377075195,7.659999847412109,7.699999809265137,7.599999904632568,7.639999866485596,2572
2024-11-14,7.218667030334473,7.800000190734863,7.800000190734863,7.539999961853027,7.539999961853027,2765
2024-11-15,7.163138389587402,7.739999771118164,7.800000190734863,7.519999980926514,7.800000190734863,3981
2024-11-18,7.033572673797607,7.599999904632568,7.739999771118164,7.5,7.519999980926514,3124
2024-11-19,6.959535121917725,7.519999980926514,7.840000152587891,7.519999980926514,7.599999904632568,3673
2024-11-20,7.181647777557373,7.760000228881836,7.880000114440918,7.519999980926514,7.519999980926514,986
2024-11-21,7.200157642364502,7.78000020980835,7.800000190734863,7.619999885559082,7.800000190734863,1377
2024-11-22,7.200157642364502,7.78000020980835,7.800000190734863,7.559999942779541,7.800000190734863,614
2024-11-25,7.311213970184326,7.900000095367432,7.900000095367432,7.860000133514404,7.880000114440918,2206
2024-11-26,7.311213970184326,7.900000095367432,7.920000076293945,7.78000020980835,7.920000076293945,1175
2024-11-27,7.311213970184326,7.900000095367432,7.900000095367432,7.800000190734863,7.900000095367432,2320
2024-11-28,7.218667030334473,7.800000190734863,7.800000190734863,7.639999866485596,7.800000190734863,1689
2024-11-29,7.126119613647461,7.699999809265137,7.739999771118164,7.559999942779541,7.739999771118164,1581
2024-12-02,7.0150628089904785,7.579999923706055,7.679999828338623,7.519999980926514,7.679999828338623,2684
2024-12-03,6.978044509887695,7.539999961853027,7.579999923706055,7.519999980926514,7.579999923706055,3046
2024-12-04,7.126119613647461,7.699999809265137,7.71999979019165,7.519999980926514,7.539999961853027,2922
2024-12-05,6.941025257110596,7.5,7.599999904632568,7.420000076293945,7.519999980926514,6714
2024-12-09,6.9040069580078125,7.460000038146973,7.480000019073486,7.380000114440918,7.420000076293945,6736
2024-12-10,6.811460018157959,7.360000133514404,7.480000019073486,7.340000152587891,7.400000095367432,9353
2024-12-11,6.848479270935059,7.400000095367432,7.519999980926514,7.360000133514404,7.380000114440918,8527
2024-12-12,6.922516822814941,7.480000019073486,7.619999885559082,7.320000171661377,7.400000095367432,3391
2024-12-13,6.9040069580078125,7.460000038146973,7.599999904632568,7.400000095367432,7.579999923706055,8695
2024-12-16,6.82996940612793,7.380000114440918,7.5,7.380000114440918,7.460000038146973,1682
2024-12-17,6.737422466278076,7.28000020980835,7.380000114440918,7.199999809265137,7.380000114440918,4119
2024-12-18,6.700403213500977,7.239999771118164,7.28000020980835,7.039999961853027,7.039999961853027,5233
2024-12-19,6.570837497711182,7.099999904632568,7.239999771118164,7.039999961853027,7.239999771118164,10856
2024-12-20,6.552328109741211,7.079999923706055,7.199999809265137,7.079999923706055,7.119999885559082,7154
2024-12-23,6.5153093338012695,7.039999961853027,7.099999904632568,7.019999980926514,7.079999923706055,8950
2024-12-27,6.663384437561035,7.199999809265137,7.460000038146973,7.039999961853027,7.039999961853027,6866
2024-12-30,6.607856750488281,7.139999866485596,7.179999828338623,7.099999904632568,7.119999885559082,6291
2025-01-02,6.866987705230713,7.420000076293945,7.5,7.159999847412109,7.159999847412109,3614
2025-01-03,6.811460018157959,7.360000133514404,7.460000038146973,7.179999828338623,7.460000038146973,2878
2025-01-07,6.848479270935059,7.400000095367432,7.5,7.380000114440918,7.380000114440918,2049
2025-01-08,6.737422466278076,7.28000020980835,7.400000095367432,7.239999771118164,7.400000095367432,715
2025-01-09,6.9040069580078125,7.460000038146973,7.460000038146973,7.260000228881836,7.28000020980835,2362
2025-01-10,6.755931854248047,7.300000190734863,7.460000038146973,7.21999979019165,7.460000038146973,10404
2025-01-13,6.941025257110596,7.5,7.519999980926514,7.28000020980835,7.300000190734863,8731
2025-01-14,6.82996940612793,7.380000114440918,7.480000019073486,7.340000152587891,7.460000038146973,4168
2025-01-15,6.811460018157959,7.360000133514404,7.460000038146973,7.28000020980835,7.460000038146973,7947
2025-01-16,6.774441242218018,7.320000171661377,7.480000019073486,7.300000190734863,7.360000133514404,1536
2025-01-17,6.774441242218018,7.320000171661377,7.360000133514404,7.320000171661377,7.360000133514404,453
2025-01-20,6.774441242218018,7.320000171661377,7.480000019073486,7.28000020980835,7.320000171661377,1751
2025-01-21,6.82996940612793,7.380000114440918,7.460000038146973,7.340000152587891,7.460000038146973,2973
2025-01-22,6.811460018157959,7.360000133514404,7.440000057220459,7.300000190734863,7.380000114440918,2447
2025-01-23,6.848479270935059,7.400000095367432,7.420000076293945,7.300000190734863,7.300000190734863,1651
2025-01-24,6.79295015335083,7.340000152587891,7.440000057220459,7.28000020980835,7.300000190734863,1907
2025-01-27,6.774441242218018,7.320000171661377,7.480000019073486,7.260000228881836,7.260000228881836,1686
2025-01-28,6.755931854248047,7.300000190734863,7.400000095367432,7.300000190734863,7.360000133514404,2168
2025-01-29,6.811460018157959,7.360000133514404,7.400000095367432,7.360000133514404,7.380000114440918,1616
2025-01-30,6.82996940612793,7.380000114440918,7.400000095367432,7.360000133514404,7.400000095367432,2494
2025-01-31,6.79295015335083,7.340000152587891,7.380000114440918,7.300000190734863,7.320000171661377,799
2025-02-03,6.811460018157959,7.360000133514404,7.480000019073486,7.340000152587891,7.360000133514404,1479
2025-02-04,6.774441242218018,7.320000171661377,7.5,7.260000228881836,7.340000152587891,6222
2025-02-05,6.941025257110596,7.5,7.579999923706055,7.360000133514404,7.579999923706055,8331
2025-02-06,7.070591926574707,7.639999866485596,7.739999771118164,7.5,7.539999961853027,8088
2025-02-07,7.181647777557373,7.760000228881836,7.880000114440918,7.599999904632568,7.679999828338623,13973
2025-02-10,7.218667030334473,7.800000190734863,7.940000057220459,7.760000228881836,7.760000228881836,4702
2025-02-11,7.200157642364502,7.78000020980835,7.900000095367432,7.78000020980835,7.800000190734863,2512
2025-02-12,7.163138389587402,7.739999771118164,7.840000152587891,7.71999979019165,7.840000152587891,1276
2025-02-13,7.0891008377075195,7.659999847412109,7.71999979019165,7.599999904632568,7.699999809265137,7342
2025-02-14,7.126119613647461,7.699999809265137,7.820000171661377,7.599999904632568,7.599999904632568,2026
2025-02-17,7.181647777557373,7.760000228881836,7.840000152587891,7.739999771118164,7.840000152587891,2568
2025-02-18,7.2927045822143555,7.880000114440918,7.880000114440918,7.71999979019165,7.760000228881836,1170
2025-02-19,7.2927045822143555,7.880000114440918,7.880000114440918,7.71999979019165,7.800000190734863,1193
2025-02-20,7.274195194244385,7.860000133514404,7.900000095367432,7.71999979019165,7.880000114440918,5071
2025-02-21,7.274195194244385,7.860000133514404,7.920000076293945,7.800000190734863,7.920000076293945,2223
2025-02-24,7.2927045822143555,7.880000114440918,7.880000114440918,7.800000190734863,7.860000133514404,1749
2025-02-25,7.200157642364502,7.78000020980835,7.880000114440918,7.699999809265137,7.880000114440918,3431
2025-02-26,7.126119613647461,7.699999809265137,7.78000020980835,7.659999847412109,7.78000020980835,5109
2025-02-27,7.126119613647461,7.699999809265137,7.900000095367432,7.599999904632568,7.679999828338623,5696
2025-02-28,7.126119613647461,7.699999809265137,7.760000228881836,7.679999828338623,7.760000228881836,1747
2025-03-03,7.218667030334473,7.800000190734863,7.820000171661377,7.699999809265137,7.699999809265137,1368
2025-03-04,7.163138389587402,7.739999771118164,7.880000114440918,7.739999771118164,7.800000190734863,3552
2025-03-05,7.181647777557373,7.760000228881836,7.820000171661377,7.739999771118164,7.739999771118164,1516
2025-03-06,7.181647777557373,7.760000228881836,7.760000228881836,7.679999828338623,7.760000228881836,2644
2025-03-07,7.311213970184326,7.900000095367432,7.900000095367432,7.78000020980835,7.840000152587891,1980
2025-03-10,7.440779685974121,8.039999961853027,8.100000381469727,8.020000457763672,8.100000381469727,3366
2025-03-11,7.40376091003418,8.0,8.079999923706055,7.960000038146973,8.079999923706055,890
2025-03-12,7.514817237854004,8.119999885559082,8.119999885559082,8.0600004196167,8.0600004196167,2800
2025-03-13,7.570345401763916,8.180000305175781,8.199999809265137,8.119999885559082,8.119999885559082,834
2025-03-14,7.533326625823975,8.140000343322754,8.199999809265137,8.140000343322754,8.199999809265137,1728
2025-03-17,7.588854789733887,8.199999809265137,8.199999809265137,8.140000343322754,8.140000343322754,1799
2025-03-18,7.625873565673828,8.239999771118164,8.239999771118164,8.15999984741211,8.180000305175781,2571
2025-03-19,7.588854789733887,8.199999809265137,8.279999732971191,8.199999809265137,8.239999771118164,1588
2025-03-20,7.496307849884033,8.100000381469727,8.199999809265137,8.100000381469727,8.199999809265137,1003
2025-03-21,7.570345401763916,8.180000305175781,8.199999809265137,8.140000343322754,8.140000343322754,1867
2025-03-24,7.607364177703857,8.220000267028809,8.300000190734863,8.199999809265137,8.199999809265137,893
2025-03-25,7.607364177703857,8.220000267028809,8.279999732971191,8.199999809265137,8.239999771118164,1631
2025-03-26,7.644382953643799,8.260000228881836,8.359999656677246,8.260000228881836,8.260000228881836,2991
2025-03-27,7.847985744476318,8.479999542236328,8.520000457763672,8.279999732971191,8.359999656677246,7885
2025-03-28,7.847985744476318,8.479999542236328,8.539999961853027,8.479999542236328,8.5,5063
2025-03-31,7.876593589782715,8.260000228881836,8.399999618530273,8.220000267028809,8.399999618530273,3558
2025-04-01,7.762164115905762,8.140000343322754,8.319999694824219,8.140000343322754,8.279999732971191,1101
2025-04-02,7.743092060089111,8.119999885559082,8.199999809265137,8.079999923706055,8.140000343322754,958
2025-04-03,7.533304214477539,7.900000095367432,8.119999885559082,7.860000133514404,7.900000095367432,4921
2025-04-04,7.209085941314697,7.559999942779541,7.900000095367432,7.5,7.900000095367432,4422
2025-04-07,7.13279914855957,7.480000019073486,7.760000228881836,7.300000190734863,7.760000228881836,3219
2025-04-08,7.380730628967285,7.739999771118164,7.900000095367432,7.619999885559082,7.800000190734863,3754
2025-04-09,7.43794584274292,7.800000190734863,7.880000114440918,7.519999980926514,7.739999771118164,5101
2025-04-10,7.361659049987793,7.71999979019165,8.0600004196167,7.71999979019165,8.0,4015
2025-04-11,7.418874263763428,7.78000020980835,7.900000095367432,7.539999961853027,7.71999979019165,3034
2025-04-14,7.418874263763428,7.78000020980835,7.900000095367432,7.639999866485596,7.900000095367432,1934
2025-04-15,7.552375316619873,7.920000076293945,8.180000305175781,7.699999809265137,7.78000020980835,8015
2025-04-16,7.514232635498047,7.880000114440918,7.940000057220459,7.840000152587891,7.940000057220459,1071
2025-04-17,7.514232635498047,7.880000114440918,7.980000019073486,7.800000190734863,7.900000095367432,768
2025-04-22,7.514232635498047,7.880000114440918,8.0,7.800000190734863,7.840000152587891,1005
2025-04-23,7.514232635498047,7.880000114440918,7.880000114440918,7.739999771118164,7.880000114440918,408
2025-04-24,7.552375316619873,7.920000076293945,7.920000076293945,7.800000190734863,7.900000095367432,3516
2025-04-25,7.704948902130127,8.079999923706055,8.100000381469727,7.980000019073486,8.039999961853027,4129
2025-04-28,7.743092060089111,8.119999885559082,8.15999984741211,7.920000076293945,8.079999923706055,5388
2025-04-29,7.857522010803223,8.239999771118164,8.380000114440918,8.119999885559082,8.119999885559082,3060
2025-04-30,7.857522010803223,8.239999771118164,8.300000190734863,8.180000305175781,8.260000228881836,676
2025-05-02,7.685877799987793,8.0600004196167,8.359999656677246,7.980000019073486,8.260000228881836,3312
2025-05-05,7.609590530395508,7.980000019073486,8.140000343322754,7.980000019073486,7.980000019073486,7859
2025-05-06,7.609590530395508,7.980000019073486,8.100000381469727,7.920000076293945,7.920000076293945,1478
2025-05-07,7.64773416519165,8.020000457763672,8.039999961853027,7.940000057220459,7.980000019073486,2097
2025-05-08,7.609590530395508,7.980000019073486,8.039999961853027,7.960000038146973,8.020000457763672,3118
2025-05-09,7.704948902130127,8.079999923706055,8.199999809265137,7.980000019073486,8.0,3443
2025-05-12,7.628662109375,8.0,8.079999923706055,7.940000057220459,8.079999923706055,7002
2025-05-13,7.609590530395508,7.980000019073486,8.039999961853027,7.980000019073486,8.020000457763672,3404
2025-05-14,7.609590530395508,7.980000019073486,8.039999961853027,7.940000057220459,8.039999961853027,4330
2025-05-15,7.609590530395508,7.980000019073486,8.020000457763672,7.960000038146973,7.980000019073486,6468
2025-05-16,7.609590530395508,7.980000019073486,7.980000019073486,7.880000114440918,7.980000019073486,2951
2025-05-19,7.628662109375,8.0,8.199999809265137,7.960000038146973,8.0,2910
2025-05-20,7.628662109375,8.0,8.020000457763672,7.860000133514404,8.0,4564
2025-05-21,7.628662109375,8.0,8.0,7.920000076293945,8.0,10594
2025-05-22,7.590518951416016,7.960000038146973,8.020000457763672,7.960000038146973,8.020000457763672,3109
2025-05-23,7.533304214477539,7.900000095367432,8.0,7.900000095367432,7.900000095367432,1892
2025-05-26,7.628662109375,8.0,8.0600004196167,7.900000095367432,7.900000095367432,2901
2025-05-27,7.609590530395508,7.980000019073486,8.0,7.880000114440918,8.0,1616
2025-05-28,7.609590530395508,7.980000019073486,8.0,7.900000095367432,7.980000019073486,54527
2025-05-30,7.609590530395508,7.980000019073486,8.0,7.940000057220459,8.0,10511
2025-06-02,7.743092060089111,8.119999885559082,8.199999809265137,8.079999923706055,8.079999923706055,4008
2025-06-03,7.781235218048096,8.15999984741211,8.180000305175781,8.119999885559082,8.140000343322754,2657
2025-06-04,7.800307273864746,8.180000305175781,8.199999809265137,8.15999984741211,8.180000305175781,3283
2025-06-05,7.800307273864746,8.180000305175781,8.199999809265137,8.100000381469727,8.180000305175781,4352
2025-06-06,7.762164115905762,8.140000343322754,8.15999984741211,8.079999923706055,8.15999984741211,1087
2025-06-09,7.762164115905762,8.140000343322754,8.15999984741211,8.119999885559082,8.140000343322754,1758
2025-06-10,7.762164115905762,8.140000343322754,8.15999984741211,8.079999923706055,8.140000343322754,2186
2025-06-11,7.762164115905762,8.140000343322754,8.15999984741211,8.079999923706055,8.15999984741211,1859
2025-06-12,7.704948902130127,8.079999923706055,8.15999984741211,8.079999923706055,8.100000381469727,1483
2025-06-13,7.628662109375,8.0,8.15999984741211,8.0,8.079999923706055,4533
2025-06-16,7.800307273864746,8.180000305175781,8.260000228881836,8.100000381469727,8.100000381469727,3460
2025-06-17,7.819378852844238,8.199999809265137,8.300000190734863,8.15999984741211,8.15999984741211,1973
2025-06-18,7.819378852844238,8.199999809265137,8.199999809265137,8.180000305175781,8.180000305175781,1007
2025-06-19,7.724020481109619,8.100000381469727,8.199999809265137,8.100000381469727,8.199999809265137,2205
2025-06-23,7.685877799987793,8.0600004196167,8.199999809265137,8.0600004196167,8.100000381469727,1917
2025-06-24,7.819378852844238,8.199999809265137,8.239999771118164,8.079999923706055,8.100000381469727,4753
2025-06-25,7.971951007843018,8.359999656677246,8.399999618530273,8.119999885559082,8.279999732971191,4859
2025-06-26,8.143596649169922,8.539999961853027,8.600000381469727,8.380000114440918,8.399999618530273,3570
2025-06-27,8.296170234680176,8.699999809265137,8.699999809265137,8.539999961853027,8.579999923706055,4564
2025-06-30,8.582245826721191,9.0,9.020000457763672,8.699999809265137,8.739999771118164,12487
2025-07-01,8.677603721618652,9.100000381469727,9.100000381469727,9.0,9.100000381469727,4177
2025-07-02,8.753890991210938,9.180000305175781,9.180000305175781,9.039999961853027,9.100000381469727,8668
2025-07-03,8.868319511413574,9.300000190734863,9.300000190734863,9.140000343322754,9.140000343322754,7518
2025-07-04,8.868319511413574,9.300000190734863,9.300000190734863,9.199999809265137,9.279999732971191,8591
2025-07-07,8.868319511413574,9.300000190734863,9.300000190734863,9.039999961853027,9.300000190734863,2483
2025-07-08,8.62038803100586,9.039999961853027,9.15999984741211,9.039999961853027,9.079999923706055,6124
2025-07-09,8.62038803100586,9.039999961853027,9.119999885559082,9.039999961853027,9.119999885559082,4120
2025-07-10,8.582245826721191,9.0,9.039999961853027,8.920000076293945,9.0,2017
2025-07-11,8.448742866516113,8.859999656677246,9.020000457763672,8.720000267028809,9.0,1755
2025-07-14,8.467815399169922,8.880000114440918,8.920000076293945,8.600000381469727,8.920000076293945,1933
2025-07-15,8.429672241210938,8.84000015258789,8.9399995803833,8.680000305175781,8.680000305175781,6839
2025-07-16,8.62038803100586,9.039999961853027,9.100000381469727,8.84000015258789,8.84000015258789,2756
2025-07-17,8.505958557128906,8.920000076293945,9.140000343322754,8.920000076293945,9.140000343322754,2947
2025-07-18,8.391528129577637,8.800000190734863,9.0,8.800000190734863,8.920000076293945,1578
2025-07-21,8.429672241210938,8.84000015258789,8.880000114440918,8.800000190734863,8.84000015258789,2616
2025-07-22,8.563172340393066,8.979999542236328,9.0,8.859999656677246,8.9399995803833,2210
2025-07-23,8.429672241210938,8.84000015258789,9.0,8.84000015258789,8.979999542236328,1657
2025-07-24,8.486886024475098,8.899999618530273,9.0,8.800000190734863,8.84000015258789,3411
2025-07-25,8.563172340393066,8.979999542236328,9.0,8.899999618530273,8.920000076293945,2922
2025-07-28,8.696674346923828,9.119999885559082,9.119999885559082,9.0,9.039999961853027,4906
2025-07-29,8.677603721618652,9.100000381469727,9.180000305175781,9.0,9.0,682
2025-07-30,8.753890991210938,9.180000305175781,9.180000305175781,9.0,9.100000381469727,997
2025-07-31,8.753890991210938,9.180000305175781,9.180000305175781,9.039999961853027,9.180000305175781,1734
2025-08-01,8.849247932434082,9.279999732971191,9.319999694824219,9.039999961853027,9.180000305175781,5687
2025-08-04,8.906463623046875,9.34000015258789,9.5600004196167,9.279999732971191,9.279999732971191,4434
2025-08-05,8.925535202026367,9.359999656677246,9.380000114440918,9.199999809265137,9.380000114440918,4773
2025-08-06,8.925535202026367,9.359999656677246,9.359999656677246,9.15999984741211,9.279999732971191,1908
2025-08-07,8.925535202026367,9.359999656677246,9.359999656677246,9.140000343322754,9.359999656677246,2082
2025-08-08,8.83017635345459,9.260000228881836,9.34000015258789,9.15999984741211,9.319999694824219,3451
2025-08-11,8.772961616516113,9.199999809265137,9.260000228881836,9.100000381469727,9.260000228881836,3185
2025-08-12,8.753890991210938,9.180000305175781,9.34000015258789,9.119999885559082,9.199999809265137,1121
2025-08-13,8.792033195495605,9.220000267028809,9.300000190734863,9.180000305175781,9.180000305175781,387
2025-08-14,9.00182056427002,9.4399995803833,9.460000038146973,9.319999694824219,9.34000015258789,4406
2025-08-15,9.00182056427002,9.4399995803833,9.460000038146973,9.220000267028809,9.4399995803833,3419
2025-08-18,8.963677406311035,9.399999618530273,9.399999618530273,9.260000228881836,9.300000190734863,2231
2025-08-19,8.925535202026367,9.359999656677246,9.399999618530273,9.239999771118164,9.359999656677246,2454
2025-08-20,8.925535202026367,9.359999656677246,9.4399995803833,9.359999656677246,9.359999656677246,5299
2025-08-21,8.963677406311035,9.399999618530273,9.420000076293945,9.239999771118164,9.399999618530273,1488
2025-08-22,8.963677406311035,9.399999618530273,9.420000076293945,9.279999732971191,9.399999618530273,2480
2025-08-25,8.887391090393066,9.319999694824219,9.420000076293945,9.319999694824219,9.399999618530273,1874
2025-08-26,8.982749938964844,9.420000076293945,9.420000076293945,9.319999694824219,9.420000076293945,947
2025-08-27,9.15439510345459,9.600000381469727,9.600000381469727,9.380000114440918,9.380000114440918,3072
2025-08-28,9.135322570800781,9.579999923706055,9.65999984741211,9.460000038146973,9.539999961853027,3774
2025-08-29,9.059037208557129,9.5,9.600000381469727,9.34000015258789,9.600000381469727,3345
2025-09-01,9.15439510345459,9.600000381469727,9.699999809265137,9.520000457763672,9.520000457763672,3403
2025-09-02,9.21160888671875,9.65999984741211,9.699999809265137,9.579999923706055,9.640000343322754,3838
2025-09-03,9.306967735290527,9.760000228881836,9.760000228881836,9.600000381469727,9.65999984741211,3883
2025-09-04,9.421398162841797,9.880000114440918,9.960000038146973,9.760000228881836,9.779999732971191,6762
2025-09-05,9.32603931427002,9.779999732971191,9.880000114440918,9.699999809265137,9.779999732971191,4116
2025-09-08,9.402326583862305,9.859999656677246,9.960000038146973,9.819999694824219,9.819999694824219,2030
2025-09-09,9.402326583862305,9.859999656677246,10.100000381469727,9.859999656677246,9.859999656677246,2279
2025-09-10,9.58350658416748,10.050000190734863,10.050000190734863,9.880000114440918,9.880000114440918,915
2025-09-11,9.497684478759766,9.960000038146973,10.050000190734863,9.859999656677246,10.050000190734863,4295
2025-09-12,9.53582763671875,10.0,10.0,9.920000076293945,9.960000038146973,2277
2025-09-15,9.678864479064941,10.149999618530273,10.149999618530273,9.920000076293945,10.0,7933
2025-09-16,9.58350658416748,10.050000190734863,10.149999618530273,10.0,10.149999618530273,1752
2025-09-17,9.678864479064941,10.149999618530273,10.149999618530273,9.960000038146973,10.050000190734863,2157
2025-09-18,9.726544380187988,10.199999809265137,10.199999809265137,10.0,10.149999618530273,2465
2025-09-19,9.726544380187988,10.199999809265137,10.199999809265137,10.0,10.149999618530273,1780
2025-09-22,9.774223327636719,10.25,10.300000190734863,10.050000190734863,10.199999809265137,1551
2025-09-23,9.869582176208496,10.350000381469727,10.350000381469727,10.149999618530273,10.199999809265137,3455
2025-09-24,9.820722579956055,10.050000190734863,10.350000381469727,10.0,10.350000381469727,3912
2025-09-25,9.771862983703613,10.0,10.149999618530273,9.979999542236328,10.0,4290
2025-09-26,10.065019607543945,10.300000190734863,10.350000381469727,9.800000190734863,9.979999542236328,6411
2025-09-29,9.967300415039062,10.199999809265137,10.350000381469727,10.149999618530273,10.25,2667
2025-09-30,9.918440818786621,10.149999618530273,10.300000190734863,9.979999542236328,10.300000190734863,708
2025-10-01,10.065019607543945,10.300000190734863,10.300000190734863,10.149999618530273,10.199999809265137,5089
2025-10-02,9.967300415039062,10.199999809265137,10.399999618530273,10.0,10.300000190734863,8598
2025-10-03,10.016160011291504,10.25,10.350000381469727,10.100000381469727,10.300000190734863,2677
2025-10-06,9.967300415039062,10.199999809265137,10.350000381469727,10.0,10.350000381469727,5056
2025-10-07,9.517794609069824,9.739999771118164,10.25,9.739999771118164,10.199999809265137,12071
2025-10-08,9.771862983703613,10.0,10.0,9.760000228881836,9.760000228881836,3833
2025-10-09,9.67414379119873,9.899999618530273,9.960000038146973,9.800000190734863,9.819999694824219,3732
2025-10-10,9.771862983703613,10.0,10.0,9.84000015258789,9.960000038146973,7753
2025-10-13,9.67414379119873,9.899999618530273,9.979999542236328,9.819999694824219,9.899999618530273,2053
2025-10-14,9.67414379119873,9.899999618530273,9.9399995803833,9.819999694824219,9.9399995803833,2393
2025-10-15,9.615513801574707,9.84000015258789,9.9399995803833,9.819999694824219,9.9399995803833,2147
2025-10-16,9.615513801574707,9.84000015258789,9.979999542236328,9.819999694824219,9.819999694824219,4128
2025-10-17,9.918440818786621,10.149999618530273,10.149999618530273,9.84000015258789,9.9399995803833,4762
2025-10-20,9.918440818786621,10.149999618530273,10.149999618530273,9.9399995803833,10.100000381469727,2186
2025-10-21,9.918440818786621,10.149999618530273,10.149999618530273,10.0,10.149999618530273,1019
2025-10-22,10.407033920288086,10.649999618530273,11.0,10.449999809265137,10.449999809265137,20736
2025-10-23,10.358175277709961,10.600000381469727,10.649999618530273,10.399999618530273,10.649999618530273,6896
2025-10-24,10.358175277709961,10.600000381469727,10.649999618530273,10.5,10.600000381469727,6038
2025-10-27,10.846768379211426,11.100000381469727,11.350000381469727,10.5,10.550000190734863,34224
2025-10-28,10.797908782958984,11.050000190734863,11.149999618530273,10.899999618530273,11.100000381469727,10476
2025-10-29,10.797908782958984,11.050000190734863,11.300000190734863,10.899999618530273,11.0,7493
2025-10-30,11.042205810546875,11.300000190734863,11.300000190734863,11.100000381469727,11.100000381469727,5875
2025-10-31,11.139924049377441,11.399999618530273,11.399999618530273,11.149999618530273,11.300000190734863,8311
2025-11-03,11.28650188446045,11.550000190734863,11.699999809265137,11.199999809265137,11.399999618530273,12139
2025-11-04,11.33536148071289,11.600000381469727,11.699999809265137,11.449999809265137,11.550000190734863,8277
2025-11-05,11.188783645629883,11.449999809265137,11.75,11.350000381469727,11.600000381469727,6712
2025-11-06,11.091065406799316,11.350000381469727,11.449999809265137,11.300000190734863,11.399999618530273,1649
2025-11-07,10.944486618041992,11.199999809265137,11.800000190734863,11.100000381469727,11.399999618530273,3267
2025-11-10,11.433079719543457,11.699999809265137,11.800000190734863,11.149999618530273,11.199999809265137,6688
2025-11-11,11.53079891204834,11.800000190734863,11.800000190734863,11.449999809265137,11.800000190734863,5266
2025-11-12,11.28650188446045,11.550000190734863,11.800000190734863,11.550000190734863,11.800000190734863,2916
2025-11-13,11.433079719543457,11.699999809265137,11.75,11.399999618530273,11.600000381469727,2545
2025-11-14,11.53079891204834,11.800000190734863,11.800000190734863,11.399999618530273,11.699999809265137,3747
2025-11-17,11.579658508300781,11.850000381469727,11.899999618530273,11.449999809265137,11.699999809265137,6505
2025-11-18,11.433079719543457,11.699999809265137,11.850000381469727,11.550000190734863,11.850000381469727,7598
2025-11-19,11.237642288208008,11.5,11.800000190734863,11.399999618530273,11.600000381469727,2733
2025-11-20,11.433079719543457,11.699999809265137,11.850000381469727,11.5,11.850000381469727,7006
2025-11-21,11.237642288208008,11.5,11.699999809265137,11.5,11.699999809265137,1652
2025-11-24,11.433079719543457,11.699999809265137,11.699999809265137,11.449999809265137,11.5,4055
2025-11-25,11.33536148071289,11.600000381469727,11.699999809265137,11.25,11.25,973
2025-11-26,11.33536148071289,11.600000381469727,11.699999809265137,11.449999809265137,11.449999809265137,3427
2025-11-27,11.53079891204834,11.800000190734863,11.899999618530273,11.600000381469727,11.75,8270
2025-11-28,11.775094985961914,12.050000190734863,12.149999618530273,11.699999809265137,11.800000190734863,10006
2025-12-01,12.165969848632812,12.449999809265137,12.699999809265137,12.050000190734863,12.050000190734863,8519
2025-12-02,12.019392013549805,12.300000190734863,12.449999809265137,12.199999809265137,12.449999809265137,3047
2025-12-03,12.214829444885254,12.5,12.5,12.199999809265137,12.199999809265137,1926
2025-12-04,12.410265922546387,12.699999809265137,12.850000381469727,12.550000190734863,12.550000190734863,2145
2025-12-05,12.50798511505127,12.800000190734863,12.800000190734863,12.699999809265137,12.699999809265137,3383
2025-12-08,12.50798511505127,12.800000190734863,12.800000190734863,12.649999618530273,12.75,1976
2025-12-09,12.361406326293945,12.649999618530273,12.800000190734863,12.5,12.800000190734863,3773
2025-12-10,12.263688087463379,12.550000190734863,12.800000190734863,12.550000190734863,12.649999618530273,3376
2025-12-11,11.921672821044922,12.199999809265137,12.800000190734863,12.149999618530273,12.800000190734863,5691
2025-12-12,11.823954582214355,12.100000381469727,12.550000190734863,12.0,12.199999809265137,2925
2025-12-15,11.384220123291016,11.649999618530273,12.149999618530273,11.550000190734863,12.100000381469727,4268
2025-12-16,11.139924049377441,11.399999618530273,12.100000381469727,11.399999618530273,11.600000381469727,6255
2025-12-17,11.677376747131348,11.949999809265137,12.300000190734863,11.050000190734863,11.350000381469727,5688
2025-12-18,11.823954582214355,12.100000381469727,12.199999809265137,11.649999618530273,11.850000381469727,4399
2025-12-19,11.921672821044922,12.199999809265137,12.399999618530273,12.100000381469727,12.100000381469727,3462
2025-12-22,12.31254768371582,12.600000381469727,12.800000190734863,12.25,12.25,7440
2025-12-23,12.50798511505127,12.800000190734863,12.800000190734863,12.399999618530273,12.600000381469727,5351
2025-12-29,12.654562950134277,12.949999809265137,13.0,12.699999809265137,12.800000190734863,6722
2025-12-30,12.263688087463379,12.550000190734863,12.899999618530273,12.300000190734863,12.899999618530273,7353
2026-01-02,12.459125518798828,12.75,12.75,12.449999809265137,12.550000190734863,3645
2026-01-05,12.459125518798828,12.75,12.75,12.5,12.75,3263
2026-01-07,12.84999942779541,13.149999618530273,13.550000190734863,12.699999809265137,12.800000190734863,6410
2026-01-08,12.996578216552734,13.300000190734863,13.300000190734863,12.75,13.100000381469727,3870
2026-01-09,12.703422546386719,13.0,13.25,12.850000381469727,13.25,4206
2026-01-12,12.556844711303711,12.850000381469727,13.199999809265137,12.800000190734863,13.0,18403
2026-01-13,12.556844711303711,12.850000381469727,12.850000381469727,12.649999618530273,12.850000381469727,6032
2026-01-14,12.459125518798828,12.75,13.0,12.699999809265137,12.850000381469727,3232
2026-01-15,12.947718620300293,13.25,13.300000190734863,12.75,12.75,4470
2026-01-16,12.605703353881836,12.899999618530273,13.25,12.850000381469727,13.25,4550
2026-01-19,12.361406326293945,12.649999618530273,12.899999618530273,12.5,12.899999618530273,4271
2026-01-20,12.31254768371582,12.600000381469727,12.800000190734863,12.399999618530273,12.600000381469727,4111
2026-01-21,12.996578216552734,13.300000190734863,13.699999809265137,12.899999618530273,13.050000190734863,18660
2026-01-22,12.898859024047852,13.199999809265137,13.5,13.050000190734863,13.5,5218
2026-01-23,12.556844711303711,12.850000381469727,13.449999809265137,12.850000381469727,13.199999809265137,5374
2026-01-26,12.898859024047852,13.199999809265137,13.550000190734863,12.899999618530273,12.899999618530273,6819
2026-01-27,13.0942964553833,13.399999618530273,13.550000190734863,13.300000190734863,13.399999618530273,2666
2026-01-28,12.996578216552734,13.300000190734863,13.800000190734863,13.100000381469727,13.550000190734863,7630
2026-01-29,12.947718620300293,13.25,13.25,13.0,13.0,1268
2026-01-30,12.801140785217285,13.100000381469727,13.449999809265137,13.0,13.199999809265137,1976
2026-02-02,12.263688087463379,12.550000190734863,13.100000381469727,12.5,13.050000190734863,24478
2026-02-03,12.801140785217285,13.100000381469727,13.199999809265137,12.850000381469727,12.850000381469727,5466
2026-02-04,12.654562950134277,12.949999809265137,13.25,12.850000381469727,13.149999618530273,3838
2026-02-05,12.898859024047852,13.199999809265137,13.199999809265137,12.75,13.050000190734863,6829
2026-02-06,13.680608749389648,14.0,14.5,13.649999618530273,13.800000190734863,25150
2026-02-09,13.582889556884766,13.899999618530273,14.449999809265137,13.800000190734863,14.25,16393
2026-02-10,13.680608749389648,14.0,14.149999618530273,13.899999618530273,14.0,6169
2026-02-11,13.72946834564209,14.050000190734863,14.100000381469727,13.800000190734863,13.899999618530273,7893
2026-02-12,13.631749153137207,13.949999809265137,14.050000190734863,13.649999618530273,14.0,10008
2026-02-13,13.680608749389648,14.0,14.100000381469727,13.850000381469727,14.100000381469727,2884
2026-02-16,13.680608749389648,14.0,14.149999618530273,13.899999618530273,14.100000381469727,4471
2026-02-17,13.778327941894531,14.100000381469727,14.100000381469727,13.75,13.899999618530273,6897
2026-02-18,13.631749153137207,13.949999809265137,14.100000381469727,13.949999809265137,14.100000381469727,4176
2026-02-19,13.631749153137207,13.949999809265137,14.0,13.850000381469727,14.0,2072
2026-02-20,13.53403091430664,13.850000381469727,14.050000190734863,13.850000381469727,13.949999809265137,1747
2026-02-23,13.4851713180542,13.800000190734863,14.0,13.75,13.75,1825
2026-02-24,13.28973388671875,13.600000381469727,13.949999809265137,13.600000381469727,13.800000190734863,4798
2026-02-25,13.582889556884766,13.899999618530273,13.899999618530273,13.649999618530273,13.699999809265137,3041
2026-02-26,13.436311721801758,13.75,14.149999618530273,13.75,13.75,3098
2026-02-27,13.680608749389648,14.0,14.050000190734863,13.699999809265137,13.850000381469727,4653
2026-03-02,13.338592529296875,13.649999618530273,13.899999618530273,13.5,13.800000190734863,4803
2026-03-03,13.778327941894531,14.100000381469727,14.100000381469727,13.5,13.649999618530273,9281
2026-03-04,13.53403091430664,13.850000381469727,14.050000190734863,13.350000381469727,14.050000190734863,5685
2026-03-05,13.582889556884766,13.899999618530273,14.0,13.550000190734863,13.600000381469727,2942
2026-03-06,13.582889556884766,13.899999618530273,14.0,13.699999809265137,13.899999618530273,2421
2026-03-09,13.0942964553833,13.399999618530273,13.949999809265137,13.399999618530273,13.899999618530273,11384
2026-03-10,13.338592529296875,13.649999618530273,14.0,13.399999618530273,13.5,6304
2026-03-11,13.0942964553833,13.399999618530273,13.75,13.399999618530273,13.649999618530273,2198
2026-03-12,13.045437812805176,13.350000381469727,13.550000190734863,13.300000190734863,13.399999618530273,1906
2026-03-13,12.996578216552734,13.300000190734863,13.800000190734863,13.25,13.5,4591
2026-03-16,12.605703353881836,12.899999618530273,13.300000190734863,12.75,13.300000190734863,6562
2026-03-17,12.165969848632812,12.449999809265137,12.75,12.350000381469727,12.75,7203
2026-03-18,12.459125518798828,12.75,12.75,12.350000381469727,12.449999809265137,11925
2026-03-19,12.50798511505127,12.800000190734863,12.800000190734863,12.399999618530273,12.449999809265137,3686
2026-03-20,12.556844711303711,12.850000381469727,13.25,12.75,12.75,4876
2026-03-23,12.84999942779541,13.149999618530273,13.149999618530273,12.149999618530273,12.699999809265137,6236
2026-03-24,13.4851713180542,13.800000190734863,13.899999618530273,13.100000381469727,13.100000381469727,6591
2026-03-25,13.240875244140625,13.550000190734863,13.75,13.449999809265137,13.649999618530273,7782
2026-03-26,12.84999942779541,13.149999618530273,13.899999618530273,13.149999618530273,13.649999618530273,2409
2026-03-27,13.100000381469727,13.100000381469727,13.550000190734863,12.850000381469727,13.149999618530273,3672
2026-03-30,14.199999809265137,14.199999809265137,14.600000381469727,14.050000190734863,14.149999618530273,15518
2026-03-31,14.399999618530273,14.399999618530273,14.449999809265137,14.149999618530273,14.149999618530273,8160
2026-04-01,14.449999809265137,14.449999809265137,14.5,14.399999618530273,14.449999809265137,3740
2026-04-02,14.449999809265137,14.449999809265137,14.5,14.100000381469727,14.350000381469727,14594
2026-04-07,15.399999618530273,15.399999618530273,15.399999618530273,14.449999809265137,14.449999809265137,21825
2026-04-08,16.25,16.25,16.600000381469727,15.399999618530273,15.5,25891
2026-04-09,16.549999237060547,16.549999237060547,16.549999237060547,15.75,16.25,12013
2026-04-10,16.5,16.5,17.200000762939453,15.949999809265137,16.5,14390
2026-04-13,16.399999618530273,16.399999618530273,16.600000381469727,15.949999809265137,16.25,13109
2026-04-14,16.700000762939453,16.700000762939453,17.0,16.5,16.600000381469727,8950
2026-04-15,16.5,16.5,16.799999237060547,16.399999618530273,16.799999237060547,10530
2026-04-16,16.450000762939453,16.450000762939453,16.5,16.350000381469727,16.5,2629
2026-04-17,16.100000381469727,16.100000381469727,16.799999237060547,16.0,16.5,30762
2026-04-20,16.0,16.0,16.350000381469727,15.649999618530273,16.149999618530273,5285
2026-04-21,15.800000190734863,15.800000190734863,15.949999809265137,15.600000381469727,15.949999809265137,3565
2026-04-22,16.0,16.0,16.0,15.25,15.649999618530273,5159
2026-04-23,16.0,16.0,16.200000762939453,15.800000190734863,16.0,7845
2026-04-24,17.049999237060547,17.049999237060547,17.149999618530273,16.0,16.049999237060547,13369
2026-04-27,18.649999618530273,18.649999618530273,19.200000762939453,17.950000762939453,18.0,28446
2026-04-28,18.149999618530273,18.149999618530273,18.5,17.950000762939453,18.299999237060547,17372
2026-04-29,17.850000381469727,17.850000381469727,18.299999237060547,17.5,18.200000762939453,9647
2026-04-30,17.549999237060547,17.549999237060547,17.850000381469727,17.549999237060547,17.649999618530273,4993
2026-05-04,18.299999237060547,18.299999237060547,18.5,17.649999618530273,17.649999618530273,10216
2026-05-05,18.0,18.0,18.25,17.950000762939453,18.200000762939453,3824
2026-05-06,18.0,18.0,18.0,17.799999237060547,18.0,5333
2026-05-07,18.0,18.0,18.100000381469727,17.649999618530273,17.950000762939453,9159
2026-05-08,17.600000381469727,17.600000381469727,17.950000762939453,17.600000381469727,17.950000762939453,4860
2026-05-11,17.25,17.25,17.799999237060547,17.200000762939453,17.649999618530273,12488
2026-05-12,17.350000381469727,17.350000381469727,17.600000381469727,17.25,17.25,7250
2026-05-13,17.5,17.5,17.5,17.100000381469727,17.350000381469727,10719
2026-05-15,17.600000381469727,17.600000381469727,17.899999618530273,17.25,17.600000381469727,7015
2026-05-18,17.350000381469727,17.350000381469727,17.5,16.899999618530273,17.5,3585
2026-05-19,17.450000762939453,17.450000762939453,17.600000381469727,17.25,17.399999618530273,8913
2026-05-20,17.399999618530273,17.399999618530273,17.450000762939453,17.049999237060547,17.399999618530273,2456
2026-05-21,17.75,17.75,17.899999618530273,17.100000381469727,17.299999237060547,4279
2026-05-22,18.899999618530273,18.899999618530273,18.899999618530273,17.799999237060547,17.799999237060547,22003
2026-05-25,19.200000762939453,19.200000762939453,19.299999237060547,18.25,18.950000762939453,14035
2026-05-26,19.0,19.0,19.200000762939453,18.600000381469727,19.149999618530273,8729
2026-05-27,19.450000762939453,19.450000762939453,19.799999237060547,18.850000381469727,19.0,11144
2026-05-28,19.399999618530273,19.399999618530273,19.649999618530273,19.0,19.549999237060547,17826
2026-05-29,20.200000762939453,20.200000762939453,20.5,19.350000381469727,19.399999618530273,38357
2026-06-01,20.799999237060547,20.799999237060547,21.0,20.0,20.200000762939453,21577
2026-06-02,20.799999237060547,20.799999237060547,20.899999618530273,20.399999618530273,20.700000762939453,17023
2026-06-03,21.200000762939453,21.200000762939453,21.299999237060547,20.600000381469727,20.600000381469727,35120
2026-06-04,20.899999618530273,20.899999618530273,21.299999237060547,20.600000381469727,21.299999237060547,14777
2026-06-05,20.600000381469727,20.600000381469727,21.299999237060547,20.399999618530273,21.200000762939453,9821
2026-06-08,20.899999618530273,20.899999618530273,21.0,20.0,20.5,7839
2026-06-09,20.600000381469727,20.600000381469727,21.299999237060547,20.600000381469727,21.200000762939453,5739
2026-06-10,20.200000762939453,20.200000762939453,20.799999237060547,19.700000762939453,20.600000381469727,4926
2026-06-11,20.899999618530273,20.899999618530273,21.200000762939453,20.0,20.799999237060547,11203
2026-06-12,22.0,22.0,22.100000381469727,21.299999237060547,21.299999237060547,12378
2026-06-15,22.899999618530273,22.899999618530273,23.100000381469727,22.100000381469727,22.100000381469727,12009
2026-06-16,23.5,23.5,23.700000762939453,22.600000381469727,22.799999237060547,66208
2026-06-17,26.0,26.0,26.200000762939453,23.299999237060547,23.899999618530273,36778
2026-06-18,25.0,25.0,26.200000762939453,24.5,26.200000762939453,20961
2026-06-22,26.5,26.5,27.0,25.399999618530273,25.399999618530273,15655
2026-06-23,26.0,26.0,26.600000381469727,25.399999618530273,26.600000381469727,9716
2026-06-24,25.600000381469727,25.600000381469727,25.899999618530273,25.200000762939453,25.899999618530273,6268
2026-06-25,25.5,25.5,26.100000381469727,25.299999237060547,25.600000381469727,9430
2026-06-26,24.700000762939453,24.700000762939453,25.899999618530273,24.399999618530273,25.5,6300
2026-06-29,23.700000762939453,23.700000762939453,24.700000762939453,23.399999618530273,24.700000762939453,21691
2026-06-30,25.399999618530273,25.399999618530273,25.399999618530273,23.200000762939453,23.600000381469727,13381
2026-07-01,25.899999618530273,25.899999618530273,26.100000381469727,24.600000381469727,25.399999618530273,6443
2026-07-02,26.399999618530273,26.399999618530273,26.5,25.600000381469727,26.100000381469727,8748
2026-07-03,26.399999618530273,26.399999618530273,27.100000381469727,25.200000762939453,26.299999237060547,10461
2026-07-06,26.700000762939453,26.700000762939453,26.799999237060547,25.5,26.5,8111
2026-07-07,26.299999237060547,26.299999237060547,26.700000762939453,25.600000381469727,26.700000762939453,8318
2026-07-08,25.899999618530273,25.899999618530273,27.200000762939453,25.899999618530273,26.399999618530273,19002
2026-07-09,26.600000381469727,26.600000381469727,27.399999618530273,26.299999237060547,26.399999618530273,8496
2026-07-10,26.600000381469727,26.600000381469727,27.299999237060547,26.299999237060547,26.700000762939453,11219
2026-07-13,26.5,26.5,27.600000381469727,25.700000762939453,26.5,12455
2026-07-14,28.299999237060547,28.299999237060547,28.899999618530273,27.299999237060547,28.299999237060547,33201
2026-07-15,29.5,29.5,30.0,27.299999237060547,28.399999618530273,26520
2026-07-16,31.100000381469727,31.100000381469727,31.799999237060547,29.100000381469727,30.0,52631
2026-07-17,30.700000762939453,30.700000762939453,31.299999237060547,30.5,31.100000381469727,30527
2026-07-20,31.200000762939453,31.200000762939453,32.0,30.299999237060547,30.799999237060547,31787
2026-07-21,28.799999237060547,28.799999237060547,32.0,27.399999618530273,31.299999237060547,33047
2026-07-22,28.399999618530273,28.399999618530273,30.600000381469727,27.700000762939453,28.899999618530273,20751
2026-07-23,27.600000381469727,27.600000381469727,28.600000381469727,26.700000762939453,28.299999237060547,21922
2026-07-24,28.600000381469727,28.600000381469727,29.0,27.399999618530273,27.5,15010
2026-07-27,27.399999618530273,27.399999618530273,28.899999618530273,27.200000762939453,28.899999618530273,14308
2026-07-28,28.100000381469727,28.100000381469727,28.100000381469727,27.0,27.399999618530273,15465
2026-07-29,27.799999237060547,27.799999237060547,28.600000381469727,27.600000381469727,27.899999618530273,7664
2026-07-30,28.0,28.0,28.600000381469727,27.600000381469727,27.799999237060547,4923
2026-07-31,28.200000762939453,28.200000762939453,28.700000762939453,27.799999237060547,28.100000381469727,5246
2026-08-03,27.700000762939453,27.700000762939453,28.200000762939453,27.0,28.200000762939453,8786
2026-08-04,28.200000762939453,28.200000762939453,29.5,27.5,27.700000762939453,10316
2026-08-05,28.799999237060547,28.799999237060547,28.799999237060547,28.100000381469727,28.399999618530273,6778
2026-08-06,28.299999237060547,28.299999237060547,28.700000762939453,27.399999618530273,28.700000762939453,9288
2026-08-07,28.0,28.0,28.700000762939453,27.799999237060547,28.399999618530273,5088
2026-08-10,28.399999618530273,28.399999618530273,28.5,27.600000381469727,28.100000381469727,10524
2026-08-11,28.600000381469727,28.600000381469727,29.299999237060547,28.5,28.5,7865
2026-08-12,29.299999237060547,29.299999237060547,29.899999618530273,28.700000762939453,28.799999237060547,9955
2026-08-13,29.399999618530273,29.399999618530273,29.399999618530273,28.700000762939453,29.299999237060547,7171
2026-08-14,29.0,29.0,29.200000762939453,28.5,29.200000762939453,4589
2026-08-17,29.100000381469727,29.100000381469727,29.299999237060547,28.600000381469727,29.0,3429
2026-08-18,29.700000762939453,29.700000762939453,30.200000762939453,28.600000381469727,29.0,8428
2026-08-19,28.5,28.5,29.600000381469727,28.399999618530273,29.600000381469727,10421
2026-08-20,28.100000381469727,28.100000381469727,28.700000762939453,27.399999618530273,28.5,8749
2026-08-21,28.0,28.0,28.299999237060547,27.5,28.0,5983
2026-08-24,28.299999237060547,28.299999237060547,28.700000762939453,27.700000762939453,28.0,6114
2026-08-25,29.299999237060547,29.299999237060547,29.700000762939453,28.0,28.0,6898
2026-08-26,29.200000762939453,29.200000762939453,29.5,28.799999237060547,29.100000381469727,3527
2026-08-27,29.600000381469727,29.600000381469727,29.700000762939453,29.100000381469727,29.399999618530273,2963
2026-08-28,29.600000381469727,29.600000381469727,30.0,29.399999618530273,29.5,4277
2026-08-31,28.299999237060547,28.299999237060547,29.5,28.0,29.5,12367
2026-09-01,28.600000381469727,28.600000381469727,29.200000762939453,28.0,28.5,8078
2026-09-02,28.200000762939453,28.200000762939453,28.5,27.799999237060547,28.399999618530273,11475
2026-09-03,28.600000381469727,28.600000381469727,28.799999237060547,27.899999618530273,28.100000381469727,3307
2026-09-04,29.0,29.0,29.200000762939453,28.100000381469727,28.5,10229
2026-09-08,28.799999237060547,28.799999237060547,29.200000762939453,28.399999618530273,29.100000381469727,3211
2026-09-09,30.100000381469727,30.100000381469727,30.5,28.700000762939453,28.700000762939453,22960
2026-09-10,30.600000381469727,30.600000381469727,31.899999618530273,30.100000381469727,30.299999237060547,17054
2026-09-11,29.399999618530273,29.399999618530273,30.700000762939453,29.0,30.700000762939453,14874
2026-09-14,29.100000381469727,29.100000381469727,29.700000762939453,28.5,29.5,6507
2026-09-15,30.0,30.0,30.0,28.899999618530273,29.100000381469727,10990
2026-09-16,30.600000381469727,30.600000381469727,31.100000381469727,29.899999618530273,30.100000381469727,11703
