Price,Adj Close,Close,High,Low,Open,Volume
Ticker,METSB.HE,METSB.HE,METSB.HE,METSB.HE,METSB.HE,METSB.HE
Date,,,,,,
2016-01-04,4.6956787109375,6.860000133514404,6.880000114440918,6.78000020980835,6.78000020980835,211798
2016-01-05,4.5793137550354,6.690000057220459,6.730000019073486,6.519999980926514,6.679999828338623,328503
2016-01-07,4.469793796539307,6.53000020980835,6.570000171661377,6.320000171661377,6.519999980926514,469849
2016-01-08,4.435568332672119,6.480000019073486,6.619999885559082,6.429999828338623,6.5,358783
2016-01-11,4.668298721313477,6.820000171661377,6.885000228881836,6.400000095367432,6.449999809265137,647208
2016-01-12,4.794931411743164,7.005000114440918,7.050000190734863,6.764999866485596,6.800000190734863,729311
2016-01-13,4.757284164428711,6.949999809265137,7.144999980926514,6.869999885559082,7.005000114440918,538303
2016-01-14,4.5656232833862305,6.670000076293945,6.849999904632568,6.605000019073486,6.849999904632568,650438
2016-01-15,4.353427886962891,6.360000133514404,6.699999809265137,6.340000152587891,6.699999809265137,529348
2016-01-18,4.30893611907959,6.295000076293945,6.510000228881836,6.239999771118164,6.360000133514404,329980
2016-01-19,4.421878337860107,6.460000038146973,6.53000020980835,6.315000057220459,6.40500020980835,500031
2016-01-20,4.28155517578125,6.255000114440918,6.474999904632568,6.21999979019165,6.300000190734863,588048
2016-01-21,4.25759744644165,6.21999979019165,6.360000133514404,6.03000020980835,6.284999847412109,741054
2016-01-22,4.329470157623291,6.324999809265137,6.449999809265137,6.284999847412109,6.335000038146973,551644
2016-01-25,4.291823387145996,6.269999980926514,6.414999961853027,6.235000133514404,6.349999904632568,557374
2016-01-26,4.219950199127197,6.164999961853027,6.239999771118164,6.079999923706055,6.190000057220459,729753
2016-01-27,4.237062454223633,6.190000057220459,6.239999771118164,6.099999904632568,6.179999828338623,374420
2016-01-28,4.161767482757568,6.079999923706055,6.21999979019165,6.045000076293945,6.21999979019165,427046
2016-01-29,4.2062602043151855,6.144999980926514,6.190000057220459,6.019999980926514,6.150000095367432,314772
2016-02-01,4.178880214691162,6.105000019073486,6.235000133514404,6.050000190734863,6.164999961853027,395149
2016-02-02,4.134387969970703,6.039999961853027,6.190000057220459,6.03000020980835,6.159999847412109,425575
2016-02-03,3.9461495876312256,5.764999866485596,6.150000095367432,5.53000020980835,6.150000095367432,1222598
2016-02-04,3.785292863845825,5.53000020980835,5.860000133514404,5.510000228881836,5.769999980926514,822604
2016-02-05,3.7099974155426025,5.420000076293945,5.625,5.409999847412109,5.519999980926514,773556
2016-02-08,3.559406042098999,5.199999809265137,5.565000057220459,5.184999942779541,5.565000057220459,829373
2016-02-09,3.532026767730713,5.159999847412109,5.25,5.059999942779541,5.175000190734863,883762
2016-02-10,3.6210122108459473,5.289999961853027,5.335000038146973,5.130000114440918,5.175000190734863,897857
2016-02-11,3.532026767730713,5.159999847412109,5.309999942779541,5.130000114440918,5.289999961853027,576305
2016-02-12,3.5902092456817627,5.244999885559082,5.264999866485596,5.099999904632568,5.150000095367432,584575
2016-02-15,3.7134196758270264,5.425000190734863,5.449999809265137,5.320000171661377,5.320000171661377,347730
2016-02-16,3.627856969833374,5.300000190734863,5.519999980926514,5.284999847412109,5.460000038146973,469820
2016-02-17,3.836629867553711,5.605000019073486,5.630000114440918,5.28000020980835,5.400000095367432,428757
2016-02-18,3.833207130432129,5.599999904632568,5.670000076293945,5.539999961853027,5.619999885559082,373822
2016-02-19,3.822939157485962,5.585000038146973,5.650000095367432,5.519999980926514,5.599999904632568,471072
2016-02-22,3.8640098571777344,5.644999980926514,5.75,5.59499979019165,5.59499979019165,427718
2016-02-23,3.798982620239258,5.550000190734863,5.699999809265137,5.550000190734863,5.650000095367432,406472
2016-02-24,3.7305312156677246,5.449999809265137,5.53000020980835,5.320000171661377,5.53000020980835,599865
2016-02-25,3.833207130432129,5.599999904632568,5.610000133514404,5.465000152587891,5.465000152587891,406146
2016-02-26,3.798982620239258,5.550000190734863,5.684999942779541,5.494999885559082,5.635000228881836,328126
2016-02-29,3.826362133026123,5.590000152587891,5.599999904632568,5.46999979019165,5.510000228881836,257138
2016-03-01,3.922191858291626,5.730000019073486,5.739999771118164,5.5,5.590000152587891,347662
2016-03-02,3.9016571044921875,5.699999809265137,5.824999809265137,5.610000133514404,5.78000020980835,399576
2016-03-03,3.932460069656372,5.744999885559082,5.75,5.650000095367432,5.730000019073486,303090
2016-03-04,3.932460069656372,5.744999885559082,5.764999866485596,5.695000171661377,5.75,336113
2016-03-07,3.9016571044921875,5.699999809265137,5.744999885559082,5.639999866485596,5.730000019073486,640705
2016-03-08,3.8640098571777344,5.644999980926514,5.704999923706055,5.599999904632568,5.699999809265137,429900
2016-03-09,3.8982350826263428,5.695000171661377,5.71999979019165,5.630000114440918,5.670000076293945,681251
2016-03-10,3.8468973636627197,5.619999885559082,5.804999828338623,5.605000019073486,5.75,868367
2016-03-11,3.874277114868164,5.659999847412109,5.675000190734863,5.614999771118164,5.639999866485596,321880
2016-03-14,3.997488021850586,5.840000152587891,5.869999885559082,5.710000038146973,5.735000133514404,1468485
2016-03-15,3.997488021850586,5.840000152587891,5.849999904632568,5.769999980926514,5.840000152587891,362668
2016-03-16,4.045402526855469,5.909999847412109,5.96999979019165,5.849999904632568,5.849999904632568,412392
2016-03-17,4.076204299926758,5.954999923706055,6.0,5.84499979019165,5.980000019073486,773452
2016-03-18,3.983797073364258,5.820000171661377,5.96999979019165,5.800000190734863,5.954999923706055,395089
2016-03-21,3.959839344024658,5.784999847412109,5.840000152587891,5.75,5.800000190734863,451026
2016-03-22,3.942727565765381,5.760000228881836,5.764999866485596,5.659999847412109,5.764999866485596,405520
2016-03-23,4.0385565757751465,5.900000095367432,5.909999847412109,5.809999942779541,5.820000171661377,321116
2016-03-24,4.0385565757751465,5.730000019073486,5.760000228881836,5.659999847412109,5.730000019073486,329317
2016-03-29,4.031508922576904,5.71999979019165,5.784999847412109,5.670000076293945,5.769999980926514,300140
2016-03-30,4.140754699707031,5.875,5.889999866485596,5.699999809265137,5.699999809265137,415739
2016-03-31,4.1442790031433105,5.880000114440918,5.880000114440918,5.704999923706055,5.864999771118164,1569726
2016-04-01,3.939883232116699,5.590000152587891,5.800000190734863,5.559999942779541,5.800000190734863,540675
2016-04-04,3.9786484241485596,5.644999980926514,5.690000057220459,5.579999923706055,5.650000095367432,254739
2016-04-05,3.950455904006958,5.605000019073486,5.630000114440918,5.519999980926514,5.619999885559082,389351
2016-04-06,3.9046437740325928,5.539999961853027,5.65500020980835,5.505000114440918,5.605000019073486,257222
2016-04-07,3.816541910171509,5.414999961853027,5.559999942779541,5.389999866485596,5.545000076293945,315826
2016-04-08,3.8658792972564697,5.485000133514404,5.519999980926514,5.409999847412109,5.409999847412109,324022
2016-04-11,3.8517825603485107,5.465000152587891,5.510000228881836,5.409999847412109,5.485000133514404,303686
2016-04-12,3.8517825603485107,5.465000152587891,5.514999866485596,5.355000019073486,5.465000152587891,453018
2016-04-13,4.010365009307861,5.690000057220459,5.690000057220459,5.5,5.5,436325
2016-04-14,4.031508922576904,5.71999979019165,5.75,5.664999961853027,5.695000171661377,304030
2016-04-15,3.9962687492370605,5.670000076293945,5.71999979019165,5.619999885559082,5.71999979019165,341310
2016-04-18,3.950455904006958,5.605000019073486,5.670000076293945,5.570000171661377,5.650000095367432,484609
2016-04-19,3.989220142364502,5.659999847412109,5.670000076293945,5.599999904632568,5.610000133514404,202830
2016-04-20,3.968076705932617,5.630000114440918,5.675000190734863,5.599999904632568,5.659999847412109,282704
2016-04-21,3.9610280990600586,5.619999885559082,5.650000095367432,5.489999771118164,5.630000114440918,446677
2016-04-22,3.9046437740325928,5.539999961853027,5.605000019073486,5.514999866485596,5.514999866485596,325793
2016-04-25,3.8412113189697266,5.449999809265137,5.559999942779541,5.440000057220459,5.539999961853027,272557
2016-04-26,3.946931838989258,5.599999904632568,5.690000057220459,5.46999979019165,5.46999979019165,1474626
2016-04-27,3.939883232116699,5.590000152587891,5.625,5.534999847412109,5.605000019073486,319981
2016-04-28,3.968076705932617,5.630000114440918,5.650000095367432,5.539999961853027,5.650000095367432,329035
2016-04-29,3.8658792972564697,5.485000133514404,5.650000095367432,5.465000152587891,5.650000095367432,373746
2016-05-02,3.8447349071502686,5.454999923706055,5.565000057220459,5.414999961853027,5.519999980926514,303226
2016-05-03,3.633291482925415,5.15500020980835,5.480000019073486,4.9720001220703125,5.46999979019165,2191482
2016-05-04,3.629768133163452,5.150000095367432,5.25,5.0,5.25,842584
2016-05-06,3.5451912879943848,5.03000020980835,5.190000057220459,5.005000114440918,5.150000095367432,672108
2016-05-09,3.5000832080841064,4.966000080108643,5.050000190734863,4.854000091552734,5.050000190734863,1716055
2016-05-10,3.4056386947631836,4.831999778747559,5.03000020980835,4.822000026702881,4.989999771118164,745277
2016-05-11,3.490216016769409,4.952000141143799,4.953999996185303,4.800000190734863,4.828000068664551,679894
2016-05-12,3.3929522037506104,4.814000129699707,4.998000144958496,4.800000190734863,4.953999996185303,601538
2016-05-13,3.3492536544799805,4.751999855041504,4.829999923706055,4.690000057220459,4.829999923706055,908238
2016-05-16,3.329519510269165,4.723999977111816,4.788000106811523,4.676000118255615,4.72599983215332,736698
2016-05-17,3.4521560668945312,4.8979997634887695,4.909999847412109,4.742000102996826,4.78000020980835,789515
2016-05-18,3.3281095027923584,4.7220001220703125,4.881999969482422,4.659999847412109,4.872000217437744,814045
2016-05-19,3.3041460514068604,4.688000202178955,4.72599983215332,4.593999862670898,4.72599983215332,947064
2016-05-20,3.236485004425049,4.5920000076293945,4.7220001220703125,4.584000110626221,4.699999809265137,1080188
2016-05-23,3.32669997215271,4.71999979019165,4.73199987411499,4.631999969482422,4.645999908447266,1590924
2016-05-24,3.3675785064697266,4.7779998779296875,4.809999942779541,4.6539998054504395,4.730000019073486,1472122
2016-05-25,3.4296023845672607,4.866000175476074,4.889999866485596,4.7820000648498535,4.800000190734863,1483130
2016-05-26,3.4761195182800293,4.932000160217285,4.960000038146973,4.8520002365112305,4.866000175476074,1403448
2016-05-27,3.4704806804656982,4.923999786376953,5.0,4.909999847412109,4.934000015258789,1034865
2016-05-30,3.487396240234375,4.947999954223633,4.986000061035156,4.927999973297119,4.949999809265137,441532
2016-05-31,3.5381429195404053,5.019999980926514,5.025000095367432,4.932000160217285,4.96999979019165,494309
2016-06-01,3.5000832080841064,4.966000080108643,5.019999980926514,4.927999973297119,5.0,614029
2016-06-02,3.4958536624908447,4.960000038146973,5.03000020980835,4.946000099182129,5.019999980926514,447626
2016-06-03,3.4845774173736572,4.943999767303467,5.019999980926514,4.920000076293945,4.984000205993652,672455
2016-06-06,3.519817352294922,4.99399995803833,5.010000228881836,4.927999973297119,4.96999979019165,496523
2016-06-07,3.6227197647094727,5.139999866485596,5.144999980926514,5.0,5.0,635715
2016-06-08,3.594527244567871,5.099999904632568,5.179999828338623,5.099999904632568,5.139999866485596,615490
2016-06-09,3.573383092880249,5.070000171661377,5.179999828338623,5.050000190734863,5.119999885559082,514978
2016-06-10,3.4577949047088623,4.906000137329102,5.070000171661377,4.866000175476074,5.070000171661377,505066
2016-06-13,3.3281095027923584,4.7220001220703125,4.886000156402588,4.684000015258789,4.886000156402588,666268
2016-06-14,3.2632672786712646,4.630000114440918,4.710000038146973,4.619999885559082,4.699999809265137,726824
2016-06-15,3.168822765350342,4.495999813079834,4.702000141143799,4.484000205993652,4.639999866485596,884373
2016-06-16,3.1025705337524414,4.4019999504089355,4.48799991607666,4.375999927520752,4.453999996185303,1040368
2016-06-17,3.273134469985962,4.644000053405762,4.650000095367432,4.440000057220459,4.443999767303467,1609375
2016-06-20,3.436650276184082,4.875999927520752,4.881999969482422,4.673999786376953,4.699999809265137,1093512
2016-06-21,3.4197349548339844,4.8520002365112305,4.906000137329102,4.788000106811523,4.875999927520752,602873
2016-06-22,3.447927236557007,4.892000198364258,4.935999870300293,4.78000020980835,4.840000152587891,656801
2016-06-23,3.4944441318511963,4.958000183105469,4.99399995803833,4.8460001945495605,4.900000095367432,687403
2016-06-27,2.9841628074645996,4.234000205993652,4.671999931335449,4.230000019073486,4.5,3571394
2016-06-28,3.0927035808563232,4.388000011444092,4.440000057220459,4.329999923706055,4.349999904632568,1883031
2016-06-29,3.1885576248168945,4.52400016784668,4.71999979019165,4.440000057220459,4.4679999351501465,1250156
2016-06-30,3.2068824768066406,4.550000190734863,4.627999782562256,4.46999979019165,4.550000190734863,1105797
2016-07-01,3.364759683609009,4.77400016784668,4.791999816894531,4.573999881744385,4.5960001945495605,1009968
2016-07-04,3.259038209915161,4.624000072479248,4.820000171661377,4.616000175476074,4.800000190734863,513162
2016-07-05,3.226616859436035,4.578000068664551,4.665999889373779,4.48199987411499,4.639999866485596,723638
2016-07-06,3.130762815475464,4.441999912261963,4.559999942779541,4.400000095367432,4.559999942779541,778355
2016-07-07,3.177280902862549,4.507999897003174,4.619999885559082,4.452000141143799,4.4679999351501465,1228276
2016-07-08,3.253399610519409,4.616000175476074,4.630000114440918,4.486000061035156,4.5320000648498535,626875
2016-07-11,3.321061372756958,4.711999893188477,4.73799991607666,4.607999801635742,4.679999828338623,684050
2016-07-12,3.329519510269165,4.723999977111816,4.769999980926514,4.679999828338623,4.699999809265137,781349
2016-07-13,3.345024824142456,4.745999813079834,4.820000171661377,4.73199987411499,4.75,657319
2016-07-14,3.359121084213257,4.765999794006348,4.803999900817871,4.73199987411499,4.789999961853027,524217
2016-07-15,3.3422062397003174,4.742000102996826,4.788000106811523,4.6620001792907715,4.769999980926514,681185
2016-07-18,3.442288875579834,4.883999824523926,4.900000095367432,4.72599983215332,4.739999771118164,751031
2016-07-19,3.3999996185302734,4.823999881744385,4.9039998054504395,4.769999980926514,4.849999904632568,493216
2016-07-20,3.433831214904785,4.872000217437744,4.949999809265137,4.809999942779541,4.822000026702881,628175
2016-07-21,3.4888060092926025,4.949999809265137,4.9679999351501465,4.829999923706055,4.889999866485596,802252
2016-07-22,3.534618854522705,5.014999866485596,5.03000020980835,4.918000221252441,4.949999809265137,604544
2016-07-25,3.5451912879943848,5.03000020980835,5.074999809265137,4.98199987411499,5.0,526410
2016-07-26,3.608624219894409,5.119999885559082,5.135000228881836,5.03000020980835,5.03000020980835,579914
2016-07-27,3.573383092880249,5.070000171661377,5.199999809265137,5.054999828338623,5.150000095367432,528620
2016-07-28,3.6579604148864746,5.190000057220459,5.199999809265137,5.045000076293945,5.110000133514404,762406
2016-07-29,3.682629108428955,5.224999904632568,5.25,5.170000076293945,5.195000171661377,1508287
2016-08-01,3.6121480464935303,5.125,5.289999961853027,5.070000171661377,5.25,816212
2016-08-02,3.5085408687591553,4.978000164031982,5.150000095367432,4.961999893188477,5.125,752103
2016-08-03,3.5416667461395264,5.025000095367432,5.070000171661377,4.920000076293945,5.0,934277
2016-08-04,3.299917221069336,4.682000160217285,5.074999809265137,4.6479997634887695,5.03000020980835,2602694
2016-08-05,3.661484479904175,5.195000171661377,5.230000019073486,4.688000202178955,4.71999979019165,2818254
2016-08-08,3.548715114593506,5.034999847412109,5.179999828338623,5.005000114440918,5.179999828338623,1439602
2016-08-09,3.6121480464935303,5.125,5.139999866485596,5.014999866485596,5.079999923706055,802930
2016-08-10,3.5980517864227295,5.105000019073486,5.130000114440918,5.050000190734863,5.079999923706055,961792
2016-08-11,3.6191956996917725,5.135000228881836,5.170000076293945,5.085000038146973,5.085000038146973,733041
2016-08-12,3.587479591369629,5.090000152587891,5.159999847412109,5.059999942779541,5.150000095367432,821749
2016-08-15,3.647388458251953,5.175000190734863,5.224999904632568,5.110000133514404,5.110000133514404,591400
2016-08-16,3.548715114593506,5.034999847412109,5.21999979019165,5.034999847412109,5.199999809265137,1463643
2016-08-17,3.5240468978881836,5.0,5.099999904632568,5.0,5.045000076293945,825065
2016-08-18,3.5628111362457275,5.054999828338623,5.110000133514404,5.010000228881836,5.019999980926514,723297
2016-08-19,3.5275704860687256,5.005000114440918,5.105000019073486,5.0,5.090000152587891,753863
2016-08-22,3.534618854522705,5.014999866485596,5.09499979019165,4.973999977111816,5.010000228881836,844564
2016-08-23,3.57690691947937,5.074999809265137,5.105000019073486,5.019999980926514,5.070000171661377,535544
2016-08-24,3.633291482925415,5.15500020980835,5.170000076293945,5.045000076293945,5.079999923706055,734744
2016-08-25,3.6368165016174316,5.159999847412109,5.179999828338623,5.090000152587891,5.150000095367432,793219
2016-08-26,3.7319650650024414,5.295000076293945,5.320000171661377,5.159999847412109,5.159999847412109,1260878
2016-08-29,3.7284414768218994,5.289999961853027,5.289999961853027,5.199999809265137,5.284999847412109,572140
2016-08-30,3.7108211517333984,5.264999866485596,5.340000152587891,5.239999771118164,5.300000190734863,866083
2016-08-31,3.7284414768218994,5.289999961853027,5.425000190734863,5.255000114440918,5.269999980926514,1300093
2016-09-01,3.7707293033599854,5.349999904632568,5.445000171661377,5.300000190734863,5.315000057220459,950288
2016-09-02,3.830638885498047,5.434999942779541,5.440000057220459,5.309999942779541,5.389999866485596,758912
2016-09-05,3.8412113189697266,5.449999809265137,5.510000228881836,5.445000171661377,5.449999809265137,678002
2016-09-06,3.8623549938201904,5.480000019073486,5.53000020980835,5.449999809265137,5.460000038146973,795751
2016-09-07,3.9363608360290527,5.585000038146973,5.599999904632568,5.480000019073486,5.489999771118164,936279
2016-09-08,3.929311990737915,5.574999809265137,5.65500020980835,5.53000020980835,5.599999904632568,757762
2016-09-09,3.9011194705963135,5.534999847412109,5.59499979019165,5.494999885559082,5.579999923706055,721139
2016-09-12,3.7848260402679443,5.369999885559082,5.454999923706055,5.275000095367432,5.454999923706055,1008103
2016-09-13,3.7566332817077637,5.329999923706055,5.440000057220459,5.300000190734863,5.380000114440918,874225
2016-09-14,3.7566332817077637,5.329999923706055,5.400000095367432,5.315000057220459,5.364999771118164,791388
2016-09-15,3.7707293033599854,5.349999904632568,5.385000228881836,5.275000095367432,5.349999904632568,764117
2016-09-16,3.7495853900909424,5.320000171661377,5.409999847412109,5.239999771118164,5.380000114440918,1143548
2016-09-19,3.7883498668670654,5.375,5.394999980926514,5.335000038146973,5.335000038146973,341378
2016-09-20,3.781301736831665,5.364999771118164,5.389999866485596,5.315000057220459,5.380000114440918,602687
2016-09-21,3.777777671813965,5.360000133514404,5.414999961853027,5.335000038146973,5.389999866485596,571090
2016-09-22,3.8517825603485107,5.465000152587891,5.5,5.400000095367432,5.414999961853027,598641
2016-09-23,3.7918741703033447,5.380000114440918,5.46999979019165,5.340000152587891,5.460000038146973,822202
2016-09-26,3.7072970867156982,5.260000228881836,5.434999942779541,5.224999904632568,5.434999942779541,780487
2016-09-27,3.686152696609497,5.230000019073486,5.300000190734863,5.139999866485596,5.28000020980835,734125
2016-09-28,3.721392869949341,5.28000020980835,5.304999828338623,5.230000019073486,5.25,626132
2016-09-29,3.682629108428955,5.224999904632568,5.329999923706055,5.210000038146973,5.300000190734863,638441
2016-09-30,3.7143449783325195,5.269999980926514,5.269999980926514,5.085000038146973,5.199999809265137,1380280
2016-10-03,3.717869281768799,5.275000095367432,5.295000076293945,5.215000152587891,5.275000095367432,510701
2016-10-04,3.7566332817077637,5.329999923706055,5.340000152587891,5.269999980926514,5.289999961853027,562839
2016-10-05,3.7460618019104004,5.315000057220459,5.335000038146973,5.260000228881836,5.329999923706055,398899
2016-10-06,3.760157585144043,5.335000038146973,5.389999866485596,5.295000076293945,5.385000228881836,788533
2016-10-07,3.6967248916625977,5.244999885559082,5.34499979019165,5.239999771118164,5.335000038146973,756238
2016-10-10,3.6720566749572754,5.210000038146973,5.244999885559082,5.15500020980835,5.244999885559082,877338
2016-10-11,3.724917411804199,5.284999847412109,5.324999809265137,5.210000038146973,5.210000038146973,634315
2016-10-12,3.6755807399749756,5.215000152587891,5.304999828338623,5.199999809265137,5.300000190734863,606371
2016-10-13,3.6121480464935303,5.125,5.184999942779541,5.090000152587891,5.184999942779541,624709
2016-10-14,3.6368165016174316,5.159999847412109,5.190000057220459,5.125,5.179999828338623,497038
2016-10-17,3.6015758514404297,5.110000133514404,5.179999828338623,5.050000190734863,5.179999828338623,617728
2016-10-18,3.6755807399749756,5.215000152587891,5.230000019073486,5.114999771118164,5.114999771118164,479601
2016-10-19,3.6015758514404297,5.110000133514404,5.159999847412109,5.050000190734863,5.150000095367432,983533
2016-10-20,3.6121480464935303,5.125,5.144999980926514,5.070000171661377,5.110000133514404,562889
2016-10-21,3.5980517864227295,5.105000019073486,5.164999961853027,5.09499979019165,5.119999885559082,565310
2016-10-24,3.608624219894409,5.119999885559082,5.15500020980835,5.105000019073486,5.114999771118164,330592
2016-10-25,3.6967248916625977,5.244999885559082,5.269999980926514,5.130000114440918,5.139999866485596,675591
2016-10-26,3.6967248916625977,5.244999885559082,5.269999980926514,5.179999828338623,5.25,623898
2016-10-27,3.7143449783325195,5.269999980926514,5.284999847412109,5.184999942779541,5.224999904632568,481533
2016-10-28,3.703773260116577,5.255000114440918,5.28000020980835,5.204999923706055,5.269999980926514,581504
2016-10-31,3.6896772384643555,5.235000133514404,5.264999866485596,5.215000152587891,5.255000114440918,537671
2016-11-01,3.5980517864227295,5.105000019073486,5.275000095367432,5.09499979019165,5.275000095367432,699172
2016-11-02,3.6050987243652344,5.114999771118164,5.179999828338623,4.960000038146973,5.179999828338623,1560852
2016-11-03,3.795398473739624,5.385000228881836,5.465000152587891,5.119999885559082,5.119999885559082,1729003
2016-11-04,3.781301736831665,5.364999771118164,5.380000114440918,5.304999828338623,5.375,1148631
2016-11-07,3.7989227771759033,5.389999866485596,5.46999979019165,5.380000114440918,5.400000095367432,686541
2016-11-08,3.742537260055542,5.309999942779541,5.425000190734863,5.269999980926514,5.400000095367432,611324
2016-11-09,3.820066452026367,5.420000076293945,5.434999942779541,4.960000038146973,5.050000190734863,1567486
2016-11-10,4.020937442779541,5.704999923706055,5.784999847412109,5.400000095367432,5.420000076293945,1836229
2016-11-11,3.9046437740325928,5.539999961853027,5.75,5.525000095367432,5.699999809265137,697223
2016-11-14,3.890547752380371,5.519999980926514,5.659999847412109,5.465000152587891,5.559999942779541,603480
2016-11-15,3.950455904006958,5.605000019073486,5.610000133514404,5.474999904632568,5.525000095367432,494988
2016-11-16,3.869403123855591,5.489999771118164,5.644999980926514,5.46999979019165,5.605000019073486,580988
2016-11-17,3.876451253890991,5.5,5.534999847412109,5.429999828338623,5.489999771118164,610718
2016-11-18,4.006840229034424,5.684999942779541,5.704999923706055,5.5,5.510000228881836,945312
2016-11-21,4.003316879272461,5.679999828338623,5.715000152587891,5.574999809265137,5.699999809265137,541888
2016-11-22,4.049129962921143,5.744999885559082,5.760000228881836,5.679999828338623,5.699999809265137,561867
2016-11-23,4.087894439697266,5.800000190734863,5.835000038146973,5.71999979019165,5.75,915872
2016-11-24,4.168946743011475,5.914999961853027,5.960000038146973,5.800000190734863,5.800000190734863,678340
2016-11-25,4.183043956756592,5.934999942779541,5.940000057220459,5.809999942779541,5.900000095367432,510481
2016-11-28,4.158375263214111,5.900000095367432,5.949999809265137,5.855000019073486,5.949999809265137,472395
2016-11-29,4.214759349822998,5.980000019073486,6.050000190734863,5.880000114440918,5.929999828338623,619632
2016-11-30,4.316956520080566,6.125,6.179999828338623,5.949999809265137,5.949999809265137,970684
2016-12-01,4.281716823577881,6.074999809265137,6.170000076293945,6.014999866485596,6.125,709712
2016-12-02,4.341625213623047,6.159999847412109,6.184999942779541,6.039999961853027,6.079999923706055,849172
2016-12-05,4.380390167236328,6.215000152587891,6.244999885559082,6.139999866485596,6.139999866485596,510367
2016-12-07,4.5565924644470215,6.465000152587891,6.485000133514404,6.21999979019165,6.25,1061558
2016-12-08,4.651741027832031,6.599999904632568,6.664999961853027,6.474999904632568,6.480000019073486,1092934
2016-12-09,4.577735900878906,6.494999885559082,6.650000095367432,6.485000133514404,6.650000095367432,1057509
2016-12-12,4.53544807434082,6.434999942779541,6.539999961853027,6.349999904632568,6.489999771118164,1097979
2016-12-13,4.570688247680664,6.485000133514404,6.494999885559082,6.385000228881836,6.394999980926514,906013
2016-12-14,4.415629863739014,6.264999866485596,6.474999904632568,6.21999979019165,6.409999847412109,1232964
2016-12-15,4.450870513916016,6.315000057220459,6.324999809265137,6.239999771118164,6.255000114440918,686185
2016-12-16,4.486111164093018,6.364999771118164,6.394999980926514,6.300000190734863,6.320000171661377,700811
2016-12-19,4.5213518142700195,6.414999961853027,6.429999828338623,6.324999809265137,6.349999904632568,548648
2016-12-20,4.598881244659424,6.525000095367432,6.59499979019165,6.400000095367432,6.409999847412109,864877
2016-12-21,4.6552653312683105,6.605000019073486,6.635000228881836,6.485000133514404,6.525000095367432,613953
2016-12-22,4.641169548034668,6.585000038146973,6.59499979019165,6.53000020980835,6.585000038146973,542320
2016-12-23,4.6764092445373535,6.635000228881836,6.65500020980835,6.545000076293945,6.545000076293945,451878
2016-12-27,4.665837287902832,6.619999885559082,6.690000057220459,6.599999904632568,6.599999904632568,236857
2016-12-28,4.715174198150635,6.690000057220459,6.699999809265137,6.614999771118164,6.639999866485596,453804
2016-12-29,4.757462978363037,6.75,6.789999961853027,6.659999847412109,6.659999847412109,516227
2016-12-30,4.789179801940918,6.795000076293945,6.824999809265137,6.684999942779541,6.760000228881836,347988
2017-01-02,4.838515281677246,6.864999771118164,6.894999980926514,6.699999809265137,6.699999809265137,378266
2017-01-03,4.7645111083984375,6.760000228881836,6.925000190734863,6.730000019073486,6.889999866485596,879131
2017-01-04,4.7257466316223145,6.704999923706055,6.804999828338623,6.675000190734863,6.804999828338623,795591
2017-01-05,4.7539381980896,6.744999885559082,6.775000095367432,6.619999885559082,6.710000038146973,1229199
2017-01-09,4.718698978424072,6.695000171661377,6.78000020980835,6.650000095367432,6.764999866485596,669339
2017-01-10,4.718698978424072,6.695000171661377,6.744999885559082,6.650000095367432,6.699999809265137,651203
2017-01-11,4.701077938079834,6.670000076293945,6.704999923706055,6.610000133514404,6.695000171661377,525872
2017-01-12,4.662313461303711,6.614999771118164,6.71999979019165,6.605000019073486,6.650000095367432,556111
2017-01-13,4.732794761657715,6.715000152587891,6.71999979019165,6.610000133514404,6.610000133514404,797784
2017-01-16,4.672885417938232,6.630000114440918,6.715000152587891,6.630000114440918,6.699999809265137,315394
2017-01-17,4.644693374633789,6.590000152587891,6.639999866485596,6.570000171661377,6.619999885559082,492580
2017-01-18,4.634120464324951,6.574999809265137,6.664999961853027,6.534999847412109,6.590000152587891,800996
2017-01-19,4.739842891693115,6.724999904632568,6.744999885559082,6.579999923706055,6.605000019073486,1283561
2017-01-20,4.782131195068359,6.784999847412109,6.795000076293945,6.710000038146973,6.724999904632568,607076
2017-01-23,4.7292704582214355,6.710000038146973,6.800000190734863,6.690000057220459,6.75,643452
2017-01-24,4.7645111083984375,6.760000228881836,6.78000020980835,6.71999979019165,6.724999904632568,526328
2017-01-25,4.810323715209961,6.824999809265137,6.824999809265137,6.769999980926514,6.789999961853027,613690
2017-01-26,4.68698263168335,6.650000095367432,6.835000038146973,6.619999885559082,6.78000020980835,1062385
2017-01-27,4.665837287902832,6.619999885559082,6.670000076293945,6.550000190734863,6.639999866485596,666951
2017-01-30,4.5565924644470215,6.465000152587891,6.639999866485596,6.434999942779541,6.619999885559082,705018
2017-01-31,4.4614434242248535,6.329999923706055,6.460000038146973,6.304999828338623,6.449999809265137,980605
2017-02-01,4.531923770904541,6.429999828338623,6.445000171661377,6.264999866485596,6.329999923706055,1018955
2017-02-02,4.542496204376221,6.445000171661377,6.670000076293945,6.34499979019165,6.400000095367432,998364
2017-02-03,4.422678470611572,6.275000095367432,6.525000095367432,6.235000133514404,6.400000095367432,849711
2017-02-06,4.348673343658447,6.170000076293945,6.264999866485596,6.090000152587891,6.264999866485596,646591
2017-02-07,4.338101863861084,6.15500020980835,6.190000057220459,6.059999942779541,6.130000114440918,565534
2017-02-08,4.345149517059326,6.164999961853027,6.239999771118164,6.090000152587891,6.170000076293945,547583
2017-02-09,4.355721473693848,6.179999828338623,6.230000019073486,6.135000228881836,6.190000057220459,522954
2017-02-10,4.362769603729248,6.190000057220459,6.230000019073486,6.150000095367432,6.199999809265137,381084
2017-02-13,4.40505838394165,6.25,6.300000190734863,6.199999809265137,6.210000038146973,384665
2017-02-14,4.429726600646973,6.284999847412109,6.335000038146973,6.21999979019165,6.25,613410
2017-02-15,4.443822383880615,6.304999828338623,6.320000171661377,6.21999979019165,6.300000190734863,435365
2017-02-16,4.468491077423096,6.340000152587891,6.385000228881836,6.269999980926514,6.269999980926514,598239
2017-02-17,4.376865863800049,6.210000038146973,6.364999771118164,6.159999847412109,6.300000190734863,760848
2017-02-20,4.415629863739014,6.264999866485596,6.275000095367432,6.210000038146973,6.210000038146973,335043
2017-02-21,4.479063034057617,6.355000019073486,6.385000228881836,6.25,6.25,502519
2017-02-22,4.524875640869141,6.420000076293945,6.480000019073486,6.355000019073486,6.369999885559082,880659
2017-02-23,4.412106990814209,6.260000228881836,6.449999809265137,6.260000228881836,6.420000076293945,547897
2017-02-24,4.341625213623047,6.159999847412109,6.260000228881836,6.110000133514404,6.260000228881836,668145
2017-02-27,4.415629863739014,6.264999866485596,6.284999847412109,6.190000057220459,6.199999809265137,537329
2017-02-28,4.457919120788574,6.324999809265137,6.324999809265137,6.21999979019165,6.264999866485596,592413
2017-03-01,4.496683597564697,6.380000114440918,6.389999866485596,6.255000114440918,6.34499979019165,580951
2017-03-02,4.52839994430542,6.425000190734863,6.474999904632568,6.309999942779541,6.380000114440918,709214
2017-03-03,4.443822383880615,6.304999828338623,6.409999847412109,6.28000020980835,6.380000114440918,496094
2017-03-06,4.412106990814209,6.260000228881836,6.304999828338623,6.235000133514404,6.300000190734863,390935
2017-03-07,4.419154167175293,6.269999980926514,6.324999809265137,6.260000228881836,6.300000190734863,373816
2017-03-08,4.398009777069092,6.239999771118164,6.275000095367432,6.210000038146973,6.269999980926514,360681
2017-03-09,4.398009777069092,6.239999771118164,6.264999866485596,6.179999828338623,6.25,441525
2017-03-10,4.419154167175293,6.269999980926514,6.284999847412109,6.210000038146973,6.239999771118164,416236
2017-03-13,4.422678470611572,6.275000095367432,6.324999809265137,6.235000133514404,6.289999961853027,377299
2017-03-14,4.422678470611572,6.275000095367432,6.289999961853027,6.224999904632568,6.269999980926514,255884
2017-03-15,4.457919120788574,6.324999809265137,6.340000152587891,6.25,6.25,410274
2017-03-16,4.5213518142700195,6.414999961853027,6.449999809265137,6.360000133514404,6.360000133514404,731067
2017-03-17,4.5213518142700195,6.414999961853027,6.429999828338623,6.360000133514404,6.425000190734863,467277
2017-03-20,4.517827033996582,6.409999847412109,6.46999979019165,6.400000095367432,6.420000076293945,370921
2017-03-21,4.4614434242248535,6.329999923706055,6.449999809265137,6.324999809265137,6.40500020980835,384032
2017-03-22,4.415629863739014,6.264999866485596,6.28000020980835,6.179999828338623,6.264999866485596,426485
2017-03-23,4.472015380859375,6.34499979019165,6.355000019073486,6.255000114440918,6.269999980926514,399482
2017-03-24,4.475647926330566,6.159999847412109,6.239999771118164,6.135000228881836,6.175000190734863,562663
2017-03-27,4.363029956817627,6.005000114440918,6.119999885559082,5.889999866485596,6.119999885559082,1098580
2017-03-28,4.214084625244141,5.800000190734863,5.985000133514404,5.760000228881836,5.985000133514404,1062179
2017-03-29,4.203185081481934,5.784999847412109,5.849999904632568,5.744999885559082,5.809999942779541,919545
2017-03-30,4.163223743438721,5.730000019073486,5.789999961853027,5.619999885559082,5.784999847412109,1327515
2017-03-31,4.210451126098633,5.795000076293945,5.829999923706055,5.710000038146973,5.730000019073486,1563794
2017-04-03,4.286740779876709,5.900000095367432,5.960000038146973,5.800000190734863,5.824999809265137,661383
2017-04-04,4.4138898849487305,6.074999809265137,6.105000019073486,5.880000114440918,5.90500020980835,1164957
2017-04-05,4.577367305755615,6.300000190734863,6.385000228881836,6.170000076293945,6.25,1922185
2017-04-06,4.628226280212402,6.369999885559082,6.375,6.175000190734863,6.275000095367432,1137217
2017-04-07,4.5991644859313965,6.329999923706055,6.380000114440918,6.275000095367432,6.369999885559082,813392
2017-04-10,4.588265419006348,6.315000057220459,6.34499979019165,6.295000076293945,6.329999923706055,450224
2017-04-11,4.5991644859313965,6.329999923706055,6.440000057220459,6.260000228881836,6.289999961853027,1015887
2017-04-12,4.646390914916992,6.394999980926514,6.409999847412109,6.309999942779541,6.349999904632568,551475
2017-04-13,4.657289028167725,6.409999847412109,6.414999961853027,6.275000095367432,6.389999866485596,566286
2017-04-18,4.588265419006348,6.315000057220459,6.449999809265137,6.289999961853027,6.389999866485596,672159
2017-04-19,4.573734283447266,6.295000076293945,6.360000133514404,6.28000020980835,6.320000171661377,439910
2017-04-20,4.6209611892700195,6.360000133514404,6.380000114440918,6.28000020980835,6.295000076293945,747265
2017-04-21,4.63185977935791,6.375,6.434999942779541,6.304999828338623,6.400000095367432,658301
2017-04-24,4.682719707489014,6.445000171661377,6.485000133514404,6.329999923706055,6.440000057220459,689956
2017-04-25,4.7190470695495605,6.494999885559082,6.494999885559082,6.400000095367432,6.409999847412109,611788
2017-04-26,4.73721170425415,6.519999980926514,6.59499979019165,6.460000038146973,6.480000019073486,1100669
2017-04-27,4.722680568695068,6.5,6.610000133514404,6.485000133514404,6.534999847412109,751845
2017-04-28,4.73721170425415,6.519999980926514,6.565000057220459,6.460000038146973,6.519999980926514,753704
2017-05-02,4.806235313415527,6.614999771118164,6.650000095367432,6.519999980926514,6.53000020980835,740511
2017-05-03,4.689985275268555,6.454999923706055,6.619999885559082,6.434999942779541,6.599999904632568,850939
2017-05-04,4.63549280166626,6.380000114440918,6.579999923706055,6.329999923706055,6.489999771118164,1396580
2017-05-05,4.867993354797363,6.699999809265137,6.715000152587891,6.420000076293945,6.579999923706055,1375854
2017-05-08,4.86436128616333,6.695000171661377,6.824999809265137,6.65500020980835,6.71999979019165,955921
2017-05-09,5.002408504486084,6.885000228881836,6.894999980926514,6.71999979019165,6.75,904852
2017-05-10,4.95518159866333,6.820000171661377,6.889999866485596,6.75,6.889999866485596,636099
2017-05-11,4.929751873016357,6.784999847412109,6.84499979019165,6.760000228881836,6.820000171661377,551591
2017-05-12,4.860727787017822,6.690000057220459,6.784999847412109,6.644999980926514,6.78000020980835,729845
2017-05-15,4.886157989501953,6.724999904632568,6.75,6.684999942779541,6.699999809265137,444532
2017-05-16,4.918853759765625,6.769999980926514,6.815000057220459,6.664999961853027,6.75,703111
2017-05-17,4.824399948120117,6.639999866485596,6.78000020980835,6.605000019073486,6.769999980926514,579709
2017-05-18,4.766274452209473,6.559999942779541,6.619999885559082,6.449999809265137,6.619999885559082,1007441
2017-05-19,4.867993354797363,6.699999809265137,6.744999885559082,6.570000171661377,6.579999923706055,813397
2017-05-22,4.907954692840576,6.755000114440918,6.764999866485596,6.664999961853027,6.71999979019165,794774
2017-05-23,4.998776435852051,6.880000114440918,6.894999980926514,6.755000114440918,6.760000228881836,834627
2017-05-24,4.998776435852051,6.880000114440918,6.900000095367432,6.840000152587891,6.840000152587891,413698
2017-05-26,5.038736343383789,6.934999942779541,6.980000019073486,6.824999809265137,6.889999866485596,511341
2017-05-29,5.024205684661865,6.914999961853027,6.949999809265137,6.864999771118164,6.949999809265137,305233
2017-05-30,5.027838706970215,6.920000076293945,6.965000152587891,6.84499979019165,6.889999866485596,548906
2017-05-31,4.933384895324707,6.789999961853027,6.934999942779541,6.755000114440918,6.900000095367432,936344
2017-06-01,4.95881462097168,6.824999809265137,6.885000228881836,6.744999885559082,6.815000057220459,1026403
2017-06-02,4.984244346618652,6.860000133514404,6.949999809265137,6.824999809265137,6.829999923706055,743567
2017-06-05,5.0460028648376465,6.945000171661377,6.965000152587891,6.840000152587891,6.840000152587891,770976
2017-06-06,5.027838706970215,6.920000076293945,6.974999904632568,6.889999866485596,6.934999942779541,484045
2017-06-07,5.064167022705078,6.96999979019165,7.03000020980835,6.885000228881836,6.929999828338623,625689
2017-06-08,4.962446689605713,6.829999923706055,6.96999979019165,6.809999942779541,6.96999979019165,817185
2017-06-09,5.006041526794434,6.889999866485596,6.914999961853027,6.820000171661377,6.849999904632568,524270
2017-06-12,4.937017917633057,6.795000076293945,6.894999980926514,6.724999904632568,6.889999866485596,837133
2017-06-13,4.995142936706543,6.875,6.925000190734863,6.824999809265137,6.824999809265137,446336
2017-06-14,4.95881462097168,6.824999809265137,6.980000019073486,6.820000171661377,6.894999980926514,726663
2017-06-15,4.853462219238281,6.679999828338623,6.829999923706055,6.659999847412109,6.824999809265137,871137
2017-06-16,4.94064998626709,6.800000190734863,6.849999904632568,6.724999904632568,6.75,2382568
2017-06-19,5.082329750061035,6.994999885559082,7.03000020980835,6.829999923706055,6.829999923706055,936296
2017-06-20,5.031470775604248,6.925000190734863,7.045000076293945,6.90500020980835,7.0,512307
2017-06-21,4.96971321105957,6.840000152587891,6.925000190734863,6.78000020980835,6.920000076293945,490758
2017-06-22,4.8752593994140625,6.710000038146973,6.855000019073486,6.690000057220459,6.84499979019165,593421
2017-06-26,4.8825249671936035,6.71999979019165,6.809999942779541,6.699999809265137,6.724999904632568,478620
2017-06-27,4.748109340667725,6.534999847412109,6.730000019073486,6.519999980926514,6.724999904632568,804208
2017-06-28,4.697250843048096,6.465000152587891,6.519999980926514,6.40500020980835,6.519999980926514,924212
2017-06-29,4.61732816696167,6.355000019073486,6.514999866485596,6.289999961853027,6.489999771118164,1171562
2017-06-30,4.61732816696167,6.355000019073486,6.420000076293945,6.320000171661377,6.355000019073486,423302
2017-07-03,4.668188095092773,6.425000190734863,6.454999923706055,6.369999885559082,6.380000114440918,459676
2017-07-04,4.660922527313232,6.414999961853027,6.460000038146973,6.349999904632568,6.440000057220459,296130
2017-07-05,4.682719707489014,6.445000171661377,6.454999923706055,6.369999885559082,6.400000095367432,413813
2017-07-06,4.650023937225342,6.400000095367432,6.46999979019165,6.324999809265137,6.460000038146973,503128
2017-07-07,4.624593734741211,6.364999771118164,6.400000095367432,6.309999942779541,6.400000095367432,432152
2017-07-10,4.671820640563965,6.429999828338623,6.434999942779541,6.360000133514404,6.400000095367432,433979
2017-07-11,4.624593734741211,6.364999771118164,6.46999979019165,6.355000019073486,6.449999809265137,365012
2017-07-12,4.693617343902588,6.460000038146973,6.489999771118164,6.385000228881836,6.385000228881836,378681
2017-07-13,4.733578681945801,6.514999866485596,6.525000095367432,6.425000190734863,6.485000133514404,445490
2017-07-14,4.722680568695068,6.5,6.545000076293945,6.460000038146973,6.545000076293945,305873
2017-07-17,4.780805587768555,6.579999923706055,6.590000152587891,6.510000228881836,6.510000228881836,444653
2017-07-18,4.700883388519287,6.46999979019165,6.579999923706055,6.46999979019165,6.574999809265137,377466
2017-07-19,4.740845203399658,6.525000095367432,6.525000095367432,6.445000171661377,6.5,421774
2017-07-20,4.733578681945801,6.514999866485596,6.579999923706055,6.489999771118164,6.53000020980835,380100
2017-07-21,4.6064300537109375,6.340000152587891,6.5,6.315000057220459,6.5,763402
2017-07-24,4.6064300537109375,6.340000152587891,6.369999885559082,6.230000019073486,6.340000152587891,1022121
2017-07-25,4.5991644859313965,6.329999923706055,6.380000114440918,6.170000076293945,6.329999923706055,1068786
2017-07-26,4.63185977935791,6.375,6.40500020980835,6.269999980926514,6.295000076293945,791363
2017-07-27,4.729946613311768,6.510000228881836,6.565000057220459,6.369999885559082,6.400000095367432,990222
2017-07-28,4.653656482696533,6.40500020980835,6.485000133514404,6.40500020980835,6.46999979019165,664235
2017-07-31,4.341233730316162,5.974999904632568,6.389999866485596,5.96999979019165,6.389999866485596,1488977
2017-08-01,4.319436550140381,5.945000171661377,6.025000095367432,5.914999961853027,6.010000228881836,924201
2017-08-02,4.301271915435791,5.920000076293945,5.949999809265137,5.869999885559082,5.940000057220459,912142
2017-08-03,4.283107757568359,5.894999980926514,6.0,5.784999847412109,5.989999771118164,1234723
2017-08-04,4.283107757568359,5.894999980926514,5.925000190734863,5.815000057220459,5.925000190734863,701834
2017-08-07,4.279475212097168,5.889999866485596,5.925000190734863,5.860000133514404,5.920000076293945,754858
2017-08-08,4.2903733253479,5.90500020980835,5.90500020980835,5.815000057220459,5.885000228881836,1021439
2017-08-09,4.275842189788818,5.885000228881836,5.914999961853027,5.835000038146973,5.880000114440918,612495
2017-08-10,4.221350193023682,5.809999942779541,5.889999866485596,5.800000190734863,5.885000228881836,433025
2017-08-11,4.199553489685059,5.78000020980835,5.820000171661377,5.724999904632568,5.815000057220459,723789
2017-08-14,4.250412464141846,5.849999904632568,5.875,5.820000171661377,5.835000038146973,497687
2017-08-15,4.232248306274414,5.824999809265137,5.869999885559082,5.820000171661377,5.849999904632568,324668
2017-08-16,4.286740779876709,5.900000095367432,5.90500020980835,5.820000171661377,5.84499979019165,513231
2017-08-17,4.279475212097168,5.889999866485596,5.914999961853027,5.855000019073486,5.900000095367432,389505
2017-08-18,4.239513397216797,5.835000038146973,5.880000114440918,5.809999942779541,5.875,385578
2017-08-21,4.221350193023682,5.809999942779541,5.860000133514404,5.784999847412109,5.849999904632568,492189
2017-08-22,4.257678031921387,5.860000133514404,5.869999885559082,5.804999828338623,5.809999942779541,294118
2017-08-23,4.232248306274414,5.824999809265137,5.875,5.824999809265137,5.869999885559082,416866
2017-08-24,4.195919513702393,5.775000095367432,5.849999904632568,5.775000095367432,5.829999923706055,643119
2017-08-25,4.221350193023682,5.809999942779541,5.864999771118164,5.775000095367432,5.78000020980835,563665
2017-08-28,4.025177001953125,5.539999961853027,5.784999847412109,5.534999847412109,5.784999847412109,1075607
2017-08-29,3.9343554973602295,5.414999961853027,5.545000076293945,5.375,5.539999961853027,1156266
2017-08-30,3.9743173122406006,5.46999979019165,5.534999847412109,5.434999942779541,5.46999979019165,766744
2017-08-31,4.010645866394043,5.519999980926514,5.574999809265137,5.489999771118164,5.510000228881836,960801
2017-09-01,4.054239749908447,5.579999923706055,5.610000133514404,5.5,5.534999847412109,667303
2017-09-04,3.9924817085266113,5.494999885559082,5.574999809265137,5.480000019073486,5.574999809265137,424093
2017-09-05,3.9743173122406006,5.46999979019165,5.539999961853027,5.460000038146973,5.53000020980835,363294
2017-09-06,3.9416215419769287,5.425000190734863,5.449999809265137,5.385000228881836,5.449999809265137,570441
2017-09-07,3.9234580993652344,5.400000095367432,5.460000038146973,5.400000095367432,5.440000057220459,322444
2017-09-08,3.9052932262420654,5.375,5.40500020980835,5.340000152587891,5.40500020980835,594413
2017-09-11,3.9743173122406006,5.46999979019165,5.485000133514404,5.400000095367432,5.40500020980835,478074
2017-09-12,4.028809070587158,5.545000076293945,5.545000076293945,5.46999979019165,5.480000019073486,658932
2017-09-13,3.9961142539978027,5.5,5.554999828338623,5.465000152587891,5.554999828338623,641777
2017-09-14,3.9888484477996826,5.489999771118164,5.505000114440918,5.465000152587891,5.5,414417
2017-09-15,3.9743173122406006,5.46999979019165,5.505000114440918,5.454999923706055,5.5,505997
2017-09-18,4.021543979644775,5.534999847412109,5.539999961853027,5.489999771118164,5.510000228881836,486740
2017-09-19,3.9961142539978027,5.5,5.565000057220459,5.494999885559082,5.539999961853027,463236
2017-09-20,4.025177001953125,5.539999961853027,5.554999828338623,5.485000133514404,5.510000228881836,561383
2017-09-21,4.134161949157715,5.690000057220459,5.75,5.559999942779541,5.565000057220459,926221
2017-09-22,4.0905680656433105,5.630000114440918,5.670000076293945,5.605000019073486,5.659999847412109,667012
2017-09-25,4.061504364013672,5.590000152587891,5.65500020980835,5.570000171661377,5.635000228881836,592419
2017-09-26,4.141427516937256,5.699999809265137,5.715000152587891,5.585000038146973,5.590000152587891,653004
2017-09-27,4.206818580627441,5.789999961853027,5.875,5.71999979019165,5.71999979019165,1250093
2017-09-28,4.206818580627441,5.789999961853027,5.824999809265137,5.71999979019165,5.800000190734863,671827
2017-09-29,4.210451126098633,5.795000076293945,5.809999942779541,5.724999904632568,5.809999942779541,901463
2017-10-02,4.279475212097168,5.889999866485596,5.900000095367432,5.809999942779541,5.809999942779541,1226717
2017-10-03,4.424788475036621,6.090000152587891,6.269999980926514,6.005000114440918,6.005000114440918,2013908
2017-10-04,4.432053565979004,6.099999904632568,6.150000095367432,6.014999866485596,6.110000133514404,943777
2017-10-05,4.464748859405518,6.144999980926514,6.179999828338623,6.085000038146973,6.110000133514404,780108
2017-10-06,4.4211554527282715,6.085000038146973,6.239999771118164,6.074999809265137,6.159999847412109,645763
2017-10-09,4.453851222991943,6.130000114440918,6.150000095367432,6.065000057220459,6.085000038146973,498414
2017-10-10,4.4211554527282715,6.085000038146973,6.125,6.059999942779541,6.125,328628
2017-10-11,4.439320087432861,6.110000133514404,6.144999980926514,6.065000057220459,6.105000019073486,608339
2017-10-12,4.439320087432861,6.110000133514404,6.144999980926514,6.09499979019165,6.114999771118164,415374
2017-10-13,4.475647926330566,6.159999847412109,6.164999961853027,6.079999923706055,6.119999885559082,619086
2017-10-16,4.4284210205078125,6.09499979019165,6.179999828338623,6.090000152587891,6.170000076293945,477642
2017-10-17,4.402990818023682,6.059999942779541,6.114999771118164,6.039999961853027,6.09499979019165,377549
2017-10-18,4.584632396697998,6.309999942779541,6.329999923706055,6.125,6.130000114440918,1051037
2017-10-19,4.562836647033691,6.28000020980835,6.355000019073486,6.25,6.320000171661377,609557
2017-10-20,4.584632396697998,6.309999942779541,6.349999904632568,6.289999961853027,6.304999828338623,462860
2017-10-23,4.657289028167725,6.409999847412109,6.420000076293945,6.309999942779541,6.309999942779541,761016
2017-10-24,4.642758369445801,6.389999866485596,6.440000057220459,6.380000114440918,6.440000057220459,315085
2017-10-25,4.650023937225342,6.400000095367432,6.429999828338623,6.349999904632568,6.400000095367432,453294
2017-10-26,4.63185977935791,6.375,6.440000057220459,6.340000152587891,6.375,618115
2017-10-27,4.733578681945801,6.514999866485596,6.545000076293945,6.369999885559082,6.380000114440918,636652
2017-10-30,4.646390914916992,6.394999980926514,6.539999961853027,6.375,6.510000228881836,660644
2017-10-31,4.628226280212402,6.369999885559082,6.414999961853027,6.349999904632568,6.389999866485596,813943
2017-11-01,4.733578681945801,6.514999866485596,6.650000095367432,6.21999979019165,6.445000171661377,1597785
2017-11-02,4.9442830085754395,6.804999828338623,6.914999961853027,6.514999866485596,6.519999980926514,2360198
2017-11-03,4.933384895324707,6.789999961853027,6.869999885559082,6.755000114440918,6.800000190734863,742836
2017-11-06,4.915220260620117,6.764999866485596,6.800000190734863,6.715000152587891,6.764999866485596,1130308
2017-11-07,4.878892421722412,6.715000152587891,6.829999923706055,6.679999828338623,6.78000020980835,846684
2017-11-08,4.8897905349731445,6.730000019073486,6.800000190734863,6.684999942779541,6.724999904632568,473475
2017-11-09,4.802603721618652,6.610000133514404,6.730000019073486,6.559999942779541,6.724999904632568,528529
2017-11-10,4.809867858886719,6.619999885559082,6.650000095367432,6.565000057220459,6.630000114440918,446670
2017-11-13,4.784438610076904,6.585000038146973,6.650000095367432,6.539999961853027,6.650000095367432,648686
2017-11-14,4.751742839813232,6.539999961853027,6.619999885559082,6.525000095367432,6.599999904632568,354796
2017-11-15,4.668188095092773,6.425000190734863,6.505000114440918,6.369999885559082,6.505000114440918,688622
2017-11-16,4.679086208343506,6.440000057220459,6.494999885559082,6.425000190734863,6.454999923706055,419693
2017-11-17,4.668188095092773,6.425000190734863,6.454999923706055,6.389999866485596,6.445000171661377,238115
2017-11-20,4.740845203399658,6.525000095367432,6.539999961853027,6.394999980926514,6.409999847412109,295534
2017-11-21,4.777172088623047,6.574999809265137,6.610000133514404,6.474999904632568,6.534999847412109,658105
2017-11-22,4.704516410827637,6.474999904632568,6.59499979019165,6.474999904632568,6.590000152587891,457438
2017-11-23,4.798969745635986,6.605000019073486,6.635000228881836,6.414999961853027,6.5,614945
2017-11-24,4.798969745635986,6.605000019073486,6.675000190734863,6.539999961853027,6.630000114440918,683965
2017-11-27,4.668188095092773,6.425000190734863,6.585000038146973,6.425000190734863,6.579999923706055,389553
2017-11-28,4.715414524078369,6.489999771118164,6.519999980926514,6.385000228881836,6.429999828338623,894178
2017-11-29,4.809867858886719,6.619999885559082,6.75,6.525000095367432,6.534999847412109,1231946
2017-11-30,4.740845203399658,6.525000095367432,6.675000190734863,6.505000114440918,6.639999866485596,548399
2017-12-01,4.6754536628723145,6.434999942779541,6.545000076293945,6.414999961853027,6.545000076293945,399320
2017-12-04,4.708148956298828,6.480000019073486,6.554999828338623,6.409999847412109,6.550000190734863,245042
2017-12-05,4.73721170425415,6.519999980926514,6.554999828338623,6.460000038146973,6.5,532937
2017-12-07,4.784438610076904,6.585000038146973,6.599999904632568,6.510000228881836,6.525000095367432,681820
2017-12-08,4.922486305236816,6.775000095367432,6.795000076293945,6.585000038146973,6.585000038146973,911477
2017-12-11,4.926118850708008,6.78000020980835,6.800000190734863,6.699999809265137,6.789999961853027,608505
2017-12-12,4.911587715148926,6.760000228881836,6.800000190734863,6.704999923706055,6.784999847412109,460861
2017-12-13,5.096861839294434,7.014999866485596,7.360000133514404,6.755000114440918,6.755000114440918,1739429
2017-12-14,5.227644443511963,7.195000171661377,7.230000019073486,7.010000228881836,7.010000228881836,986372
2017-12-15,5.162252902984619,7.105000019073486,7.230000019073486,7.085000038146973,7.199999809265137,870729
2017-12-18,5.191315650939941,7.144999980926514,7.235000133514404,7.135000228881836,7.144999980926514,664434
2017-12-19,5.227644443511963,7.195000171661377,7.230000019073486,7.090000152587891,7.150000095367432,574876
2017-12-20,5.2530741691589355,7.230000019073486,7.295000076293945,7.164999961853027,7.190000057220459,798124
2017-12-21,5.198581695556641,7.15500020980835,7.235000133514404,7.125,7.224999904632568,588389
2017-12-22,5.16951847076416,7.114999771118164,7.164999961853027,7.054999828338623,7.159999847412109,394112
2017-12-27,5.18768310546875,7.139999866485596,7.15500020980835,7.090000152587891,7.130000114440918,368277
2017-12-28,5.205847263336182,7.164999961853027,7.199999809265137,7.09499979019165,7.139999866485596,285611
2017-12-29,5.191315650939941,7.144999980926514,7.190000057220459,7.125,7.175000190734863,170558
2018-01-02,5.194948196411133,7.150000095367432,7.159999847412109,7.034999847412109,7.139999866485596,499617
2018-01-03,5.216745376586914,7.179999828338623,7.215000152587891,7.130000114440918,7.130000114440918,403675
2018-01-04,5.202213287353516,7.159999847412109,7.235000133514404,7.139999866485596,7.195000171661377,439540
2018-01-05,5.260339736938477,7.239999771118164,7.25,7.150000095367432,7.164999961853027,432760
2018-01-08,5.267605781555176,7.25,7.28000020980835,7.21999979019165,7.255000114440918,277489
2018-01-09,5.525536060333252,7.605000019073486,7.610000133514404,7.25,7.25,1730848
2018-01-10,5.485574722290039,7.550000190734863,7.684999942779541,7.425000190734863,7.5,1412944
2018-01-11,5.521903991699219,7.599999904632568,7.614999771118164,7.53000020980835,7.554999828338623,1216503
2018-01-12,5.532801151275635,7.614999771118164,7.630000114440918,7.514999866485596,7.599999904632568,670763
2018-01-15,5.63088846206665,7.75,7.760000228881836,7.610000133514404,7.639999866485596,751738
2018-01-16,5.572762966156006,7.670000076293945,7.800000190734863,7.65500020980835,7.724999904632568,1405213
2018-01-17,5.50737190246582,7.579999923706055,7.710000038146973,7.570000171661377,7.679999828338623,2306248
2018-01-18,5.500106334686279,7.570000171661377,7.619999885559082,7.514999866485596,7.59499979019165,478225
2018-01-19,5.5909271240234375,7.695000171661377,7.724999904632568,7.570000171661377,7.574999809265137,608673
2018-01-22,5.572762966156006,7.670000076293945,7.744999885559082,7.65500020980835,7.704999923706055,771713
2018-01-23,5.558231830596924,7.650000095367432,7.699999809265137,7.605000019073486,7.695000171661377,756638
2018-01-24,5.471043586730957,7.53000020980835,7.675000190734863,7.53000020980835,7.659999847412109,428354
2018-01-25,5.3003010749816895,7.295000076293945,7.545000076293945,7.264999866485596,7.46999979019165,1506500
2018-01-26,5.434715270996094,7.480000019073486,7.494999885559082,7.264999866485596,7.304999828338623,750654
2018-01-29,5.434715270996094,7.480000019073486,7.545000076293945,7.449999809265137,7.494999885559082,446810
2018-01-30,5.38385534286499,7.409999847412109,7.505000114440918,7.394999980926514,7.425000190734863,330505
2018-01-31,5.322096824645996,7.324999809265137,7.465000152587891,7.300000190734863,7.440000057220459,776776
2018-02-01,5.438348293304443,7.485000133514404,7.570000171661377,7.360000133514404,7.360000133514404,412076
2018-02-02,5.369324207305908,7.389999866485596,7.485000133514404,7.349999904632568,7.485000133514404,354136
2018-02-05,5.3003010749816895,7.295000076293945,7.324999809265137,7.175000190734863,7.309999942779541,654423
2018-02-06,5.209479331970215,7.170000076293945,7.239999771118164,6.909999847412109,6.949999809265137,1066733
2018-02-07,5.340261936187744,7.349999904632568,7.420000076293945,7.21999979019165,7.25,764856
2018-02-08,5.04963493347168,6.949999809265137,7.425000190734863,6.929999828338623,7.414999961853027,855069
2018-02-09,5.056901454925537,6.960000038146973,7.139999866485596,6.909999847412109,6.929999828338623,1485988
2018-02-12,5.042369365692139,6.940000057220459,7.099999904632568,6.855000019073486,7.074999809265137,726299
2018-02-13,4.998776435852051,6.880000114440918,6.965000152587891,6.820000171661377,6.945000171661377,486432
2018-02-14,5.082329750061035,6.994999885559082,6.994999885559082,6.804999828338623,6.900000095367432,549658
2018-02-15,5.1440887451171875,7.079999923706055,7.170000076293945,7.0,7.025000095367432,485543
2018-02-16,5.267605781555176,7.25,7.295000076293945,7.085000038146973,7.105000019073486,446683
2018-02-19,5.256706714630127,7.235000133514404,7.300000190734863,7.175000190734863,7.300000190734863,320913
2018-02-20,5.372957229614258,7.394999980926514,7.40500020980835,7.21999979019165,7.235000133514404,396996
2018-02-21,5.340261936187744,7.349999904632568,7.400000095367432,7.25,7.400000095367432,366491
2018-02-22,5.271237850189209,7.255000114440918,7.309999942779541,7.175000190734863,7.304999828338623,340416
2018-02-23,5.227644443511963,7.195000171661377,7.269999980926514,7.164999961853027,7.264999866485596,380028
2018-02-26,5.274870872497559,7.260000228881836,7.300000190734863,7.215000152587891,7.230000019073486,212734
2018-02-27,5.318464756011963,7.320000171661377,7.335000038146973,7.179999828338623,7.28000020980835,376869
2018-02-28,5.289402484893799,7.28000020980835,7.335000038146973,7.190000057220459,7.28000020980835,296096
2018-03-01,5.209479331970215,7.170000076293945,7.269999980926514,7.130000114440918,7.269999980926514,378244
2018-03-02,5.118659496307373,7.045000076293945,7.15500020980835,7.034999847412109,7.144999980926514,372667
2018-03-05,5.220378875732422,7.184999942779541,7.235000133514404,7.045000076293945,7.045000076293945,459564
2018-03-06,5.322096824645996,7.324999809265137,7.414999961853027,7.210000038146973,7.275000095367432,612426
2018-03-07,5.391121864318848,7.420000076293945,7.449999809265137,7.239999771118164,7.295000076293945,540449
2018-03-08,5.412917613983154,7.449999809265137,7.485000133514404,7.375,7.409999847412109,574051
2018-03-09,5.38385534286499,7.409999847412109,7.46999979019165,7.275000095367432,7.465000152587891,600330
2018-03-12,5.431082725524902,7.474999904632568,7.510000228881836,7.434999942779541,7.434999942779541,373881
2018-03-13,5.3438944816589355,7.355000019073486,7.505000114440918,7.329999923706055,7.474999904632568,412616
2018-03-14,5.376589775085449,7.400000095367432,7.465000152587891,7.335000038146973,7.355000019073486,338492
2018-03-15,5.423817157745361,7.465000152587891,7.494999885559082,7.425000190734863,7.429999828338623,313809
2018-03-16,5.888818740844727,8.104999542236328,8.135000228881836,7.695000171661377,7.730000019073486,2143179
2018-03-19,6.0450310707092285,8.319999694824219,8.399999618530273,8.069999694824219,8.079999923706055,1677204
2018-03-20,5.906983375549316,8.130000114440918,8.354999542236328,8.095000267028809,8.34000015258789,833814
2018-03-21,5.972374439239502,8.220000267028809,8.335000038146973,8.074999809265137,8.130000114440918,508999
2018-03-22,5.896084785461426,8.114999771118164,8.279999732971191,8.015000343322754,8.180000305175781,571278
2018-03-23,5.972374439239502,8.220000267028809,8.260000228881836,7.855000019073486,8.050000190734863,1049988
2018-03-26,5.888818740844727,8.104999542236328,8.295000076293945,8.09000015258789,8.199999809265137,493886
2018-03-27,5.961475849151611,8.204999923706055,8.369999885559082,8.170000076293945,8.25,952227
2018-03-28,6.013670921325684,8.0649995803833,8.109999656677246,7.840000152587891,7.909999847412109,804891
2018-03-29,6.080780029296875,8.154999732971191,8.194999694824219,8.085000038146973,8.085000038146973,331044
2018-04-03,6.147888660430908,8.244999885559082,8.279999732971191,8.074999809265137,8.154999732971191,556307
2018-04-04,6.077051639556885,8.149999618530273,8.274999618530273,8.104999542236328,8.234999656677246,666639
2018-04-05,6.248551368713379,8.380000114440918,8.444999694824219,8.239999771118164,8.260000228881836,838551
2018-04-06,6.222454071044922,8.345000267028809,8.4399995803833,8.255000114440918,8.345000267028809,653734
2018-04-09,6.237367153167725,8.364999771118164,8.454999923706055,8.289999961853027,8.300000190734863,652805
2018-04-10,6.4461493492126465,8.645000457763672,8.65999984741211,8.375,8.425000190734863,724282
2018-04-11,6.3641276359558105,8.53499984741211,8.65999984741211,8.395000457763672,8.625,1840378
2018-04-12,6.434964179992676,8.630000114440918,8.649999618530273,8.479999542236328,8.539999961853027,590082
2018-04-13,6.5318989753723145,8.760000228881836,8.864999771118164,8.619999885559082,8.6850004196167,1069647
2018-04-16,6.483430862426758,8.694999694824219,8.800000190734863,8.609999656677246,8.765000343322754,658359
2018-04-17,6.796604156494141,9.114999771118164,9.145000457763672,8.71500015258789,8.71500015258789,1607352
2018-04-18,6.975559711456299,9.354999542236328,9.354999542236328,8.890000343322754,9.100000381469727,442537
2018-04-19,6.859985828399658,9.199999809265137,9.354999542236328,9.140000343322754,9.354999542236328,1053177
2018-04-20,6.811517715454102,9.135000228881836,9.300000190734863,9.09000015258789,9.220000267028809,981273
2018-04-23,6.8748979568481445,9.220000267028809,9.225000381469727,9.050000190734863,9.170000076293945,485360
2018-04-24,6.882354259490967,9.229999542236328,9.270000457763672,9.145000457763672,9.229999542236328,460485
2018-04-25,6.8935394287109375,9.244999885559082,9.25,9.100000381469727,9.180000305175781,447834
2018-04-26,6.908452033996582,9.265000343322754,9.270000457763672,9.135000228881836,9.239999771118164,390674
2018-04-27,6.923365592956543,9.28499984741211,9.34000015258789,9.199999809265137,9.265000343322754,534311
2018-04-30,6.9420061111450195,9.3100004196167,9.329999923706055,9.140000343322754,9.199999809265137,562629
2018-05-02,7.065038681030273,9.475000381469727,9.505000114440918,9.319999694824219,9.34000015258789,898904
2018-05-03,6.6101908683776855,8.864999771118164,9.609999656677246,8.770000457763672,9.510000228881836,2222919
2018-05-04,7.042669296264648,9.444999694824219,9.739999771118164,9.0600004196167,9.09000015258789,3443084
2018-05-07,7.087408542633057,9.505000114440918,9.600000381469727,9.385000228881836,9.5,618780
2018-05-08,7.120962142944336,9.550000190734863,9.5649995803833,9.375,9.520000457763672,610356
2018-05-09,7.10977840423584,9.53499984741211,9.550000190734863,9.390000343322754,9.550000190734863,515661
2018-05-11,7.0389404296875,9.4399995803833,9.550000190734863,9.305000305175781,9.550000190734863,664859
2018-05-14,7.050125598907471,9.454999923706055,9.454999923706055,9.229999542236328,9.4399995803833,464325
2018-05-15,7.053853511810303,9.460000038146973,9.53499984741211,9.274999618530273,9.40999984741211,939579
2018-05-16,7.243995666503906,9.71500015258789,9.779999732971191,9.4350004196167,9.460000038146973,947826
2018-05-17,7.184342861175537,9.635000228881836,9.760000228881836,9.569999694824219,9.720000267028809,641162
2018-05-18,7.25145149230957,9.725000381469727,9.819999694824219,9.604999542236328,9.635000228881836,495654
2018-05-21,7.326016902923584,9.824999809265137,9.914999961853027,9.699999809265137,9.725000381469727,423089
2018-05-22,7.333472728729248,9.835000038146973,9.875,9.680000305175781,9.824999809265137,544028
2018-05-23,7.214169502258301,9.675000190734863,9.779999732971191,9.619999885559082,9.760000228881836,468017
2018-05-24,7.10977840423584,9.53499984741211,9.739999771118164,9.460000038146973,9.680000305175781,448995
2018-05-25,7.083680629730225,9.5,9.600000381469727,9.414999961853027,9.529999732971191,485521
2018-05-28,7.344658374786377,9.850000381469727,9.875,9.550000190734863,9.550000190734863,1083163
2018-05-29,7.147060871124268,9.585000038146973,9.8100004196167,9.529999732971191,9.789999961853027,797056
2018-05-30,7.255179405212402,9.729999542236328,9.779999732971191,9.5600004196167,9.5600004196167,541120
2018-05-31,7.29619026184082,9.78499984741211,9.789999961853027,9.654999732971191,9.770000457763672,679768
2018-06-01,7.3222880363464355,9.819999694824219,9.869999885559082,9.734999656677246,9.800000190734863,544551
2018-06-04,7.40431022644043,9.930000305175781,9.930000305175781,9.850000381469727,9.850000381469727,400466
2018-06-05,7.411766529083252,9.9399995803833,10.050000190734863,9.925000190734863,9.925000190734863,493245
2018-06-06,7.486331939697266,10.039999961853027,10.050000190734863,9.914999961853027,9.949999809265137,436571
2018-06-07,7.374484539031982,9.890000343322754,10.140000343322754,9.885000228881836,10.039999961853027,520156
2018-06-08,7.463962078094482,10.010000228881836,10.109999656677246,9.779999732971191,9.875,497945
2018-06-11,7.3782124519348145,9.895000457763672,10.069999694824219,9.84000015258789,10.069999694824219,433143
2018-06-12,7.4304070472717285,9.96500015258789,10.029999732971191,9.885000228881836,9.9399995803833,770328
2018-06-13,7.635461807250977,10.239999771118164,10.300000190734863,9.9399995803833,9.960000038146973,1016361
2018-06-14,7.538527488708496,10.109999656677246,10.199999809265137,10.050000190734863,10.15999984741211,733881
2018-06-15,7.441591739654541,9.979999542236328,10.180000305175781,9.930000305175781,10.100000381469727,646140
2018-06-18,7.277549743652344,9.760000228881836,9.960000038146973,9.734999656677246,9.960000038146973,404602
2018-06-19,7.065038681030273,9.475000381469727,9.710000038146973,9.444999694824219,9.699999809265137,827504
2018-06-20,7.139603614807129,9.574999809265137,9.6850004196167,9.460000038146973,9.494999885559082,462585
2018-06-21,6.9830169677734375,9.364999771118164,9.635000228881836,9.364999771118164,9.609999656677246,1028462
2018-06-25,7.053853511810303,9.460000038146973,9.550000190734863,9.305000305175781,9.390000343322754,541570
2018-06-26,7.243995666503906,9.71500015258789,9.755000114440918,9.395000457763672,9.399999618530273,616021
2018-06-27,7.206712245941162,9.664999961853027,9.774999618530273,9.449999809265137,9.670000076293945,625611
2018-06-28,7.173158645629883,9.619999885559082,9.725000381469727,9.46500015258789,9.664999961853027,428571
2018-06-29,7.225353240966797,9.6899995803833,9.729999542236328,9.600000381469727,9.680000305175781,365912
2018-07-02,7.027757167816162,9.425000190734863,9.6899995803833,9.399999618530273,9.604999542236328,487629
2018-07-03,7.061311721801758,9.470000267028809,9.529999732971191,9.380000114440918,9.425000190734863,334130
2018-07-04,6.949462890625,9.319999694824219,9.484999656677246,9.289999961853027,9.484999656677246,229323
2018-07-05,6.986745357513428,9.369999885559082,9.444999694824219,9.329999923706055,9.329999923706055,283892
2018-07-06,6.990474224090576,9.375,9.4399995803833,9.34000015258789,9.390000343322754,208851
2018-07-09,7.113506317138672,9.539999961853027,9.5649995803833,9.404999732971191,9.444999694824219,271062
2018-07-10,7.165701389312744,9.609999656677246,9.645000457763672,9.529999732971191,9.555000305175781,235290
2018-07-11,6.9830169677734375,9.364999771118164,9.550000190734863,9.3149995803833,9.550000190734863,439003
2018-07-12,7.057582378387451,9.46500015258789,9.479999542236328,9.350000381469727,9.425000190734863,482940
2018-07-13,6.971832275390625,9.350000381469727,9.579999923706055,9.329999923706055,9.46500015258789,400677
2018-07-16,7.094865322113037,9.515000343322754,9.545000076293945,9.350000381469727,9.354999542236328,211608
2018-07-17,7.262637138366699,9.739999771118164,9.75,9.505000114440918,9.524999618530273,448956
2018-07-18,7.143332004547119,9.579999923706055,9.779999732971191,9.53499984741211,9.704999923706055,239099
2018-07-19,7.050125598907471,9.454999923706055,9.5649995803833,9.444999694824219,9.555000305175781,326531
2018-07-20,6.535626411437988,8.765000343322754,9.4350004196167,8.6850004196167,9.404999732971191,1321045
2018-07-23,6.36039924621582,8.529999732971191,8.925000190734863,8.454999923706055,8.8149995803833,1156063
2018-07-24,6.576637268066406,8.819999694824219,8.829999923706055,8.470000267028809,8.604999542236328,897205
2018-07-25,6.69594144821167,8.979999542236328,9.104999542236328,8.819999694824219,8.819999694824219,812357
2018-07-26,6.759321689605713,9.0649995803833,9.135000228881836,8.920000076293945,8.979999542236328,726101
2018-07-27,6.826429843902588,9.154999732971191,9.274999618530273,9.045000076293945,9.069999694824219,698434
2018-07-30,6.5803656578063965,8.824999809265137,9.15999984741211,8.734999656677246,9.15999984741211,1092949
2018-07-31,6.613919734954834,8.869999885559082,8.989999771118164,8.789999961853027,8.854999542236328,777601
2018-08-01,6.56545352935791,8.805000305175781,8.984999656677246,8.805000305175781,8.930000305175781,420013
2018-08-02,5.860813140869141,7.860000133514404,8.845000267028809,7.815000057220459,8.829999923706055,3042584
2018-08-03,5.957747936248779,7.989999771118164,8.300000190734863,7.914999961853027,8.085000038146973,1925994
2018-08-06,6.077051639556885,8.149999618530273,8.204999923706055,7.929999828338623,8.050000190734863,1024668
2018-08-07,6.039769649505615,8.100000381469727,8.1899995803833,7.954999923706055,8.180000305175781,1526400
2018-08-08,5.950291156768799,7.980000019073486,8.125,7.940000057220459,8.095000267028809,696170
2018-08-09,5.972661018371582,8.010000228881836,8.024999618530273,7.949999809265137,8.0,487314
2018-08-10,5.939106464385986,7.965000152587891,8.020000457763672,7.945000171661377,7.980000019073486,386678
2018-08-13,5.935378551483154,7.960000038146973,8.0,7.855000019073486,7.965000152587891,430294
2018-08-14,5.85335636138916,7.849999904632568,7.985000133514404,7.809999942779541,7.945000171661377,453987
2018-08-15,5.8123459815979,7.795000076293945,7.945000171661377,7.755000114440918,7.855000019073486,433436
2018-08-16,5.927921772003174,7.949999809265137,8.050000190734863,7.824999809265137,7.824999809265137,450422
2018-08-17,5.905552387237549,7.920000076293945,8.03499984741211,7.889999866485596,7.949999809265137,352822
2018-08-20,6.021127700805664,8.074999809265137,8.145000457763672,7.949999809265137,7.949999809265137,509763
2018-08-21,6.140432357788086,8.234999656677246,8.260000228881836,8.005000114440918,8.079999923706055,527334
2018-08-22,6.222454071044922,8.345000267028809,8.404999732971191,8.225000381469727,8.239999771118164,556940
2018-08-23,6.226181983947754,8.350000381469727,8.390000343322754,8.295000076293945,8.354999542236328,319091
2018-08-24,6.252280235290527,8.385000228881836,8.545000076293945,8.329999923706055,8.369999885559082,671042
2018-08-27,6.349215030670166,8.515000343322754,8.515000343322754,8.399999618530273,8.420000076293945,302253
2018-08-28,6.475975036621094,8.6850004196167,8.6850004196167,8.494999885559082,8.520000457763672,599839
2018-08-29,6.431236267089844,8.625,8.71500015258789,8.5649995803833,8.6850004196167,515957
2018-08-30,6.498344898223877,8.71500015258789,8.744999885559082,8.569999694824219,8.649999618530273,382563
2018-08-31,6.468518257141113,8.675000190734863,8.694999694824219,8.5649995803833,8.6850004196167,489301
2018-09-03,6.472247123718262,8.680000305175781,8.755000114440918,8.664999961853027,8.6899995803833,280203
2018-09-04,6.323115825653076,8.479999542236328,8.734999656677246,8.449999809265137,8.699999809265137,617742
2018-09-05,6.379040241241455,8.555000305175781,8.65999984741211,8.430000305175781,8.479999542236328,483616
2018-09-06,6.315659999847412,8.470000267028809,8.604999542236328,8.460000038146973,8.604999542236328,287884
2018-09-07,6.334300994873047,8.494999885559082,8.494999885559082,8.385000228881836,8.46500015258789,327436
2018-09-10,6.311931133270264,8.46500015258789,8.5600004196167,8.4399995803833,8.505000114440918,251985
2018-09-11,6.27092170715332,8.40999984741211,8.479999542236328,8.354999542236328,8.460000038146973,190567
2018-09-12,6.308203220367432,8.460000038146973,8.585000038146973,8.390000343322754,8.395000457763672,328158
2018-09-13,6.334300994873047,8.494999885559082,8.614999771118164,8.470000267028809,8.470000267028809,363606
2018-09-14,6.40140962600708,8.585000038146973,8.65999984741211,8.510000228881836,8.515000343322754,317713
2018-09-17,6.434964179992676,8.630000114440918,8.680000305175781,8.529999732971191,8.579999923706055,303153
2018-09-18,6.423779010772705,8.614999771118164,8.664999961853027,8.5600004196167,8.664999961853027,235893
2018-09-19,6.472247123718262,8.680000305175781,8.720000267028809,8.609999656677246,8.630000114440918,768949
2018-09-20,6.479702472686768,8.6899995803833,8.71500015258789,8.619999885559082,8.680000305175781,269333
2018-09-21,6.520714282989502,8.744999885559082,8.824999809265137,8.6899995803833,8.699999809265137,593594
2018-09-24,6.423779010772705,8.614999771118164,8.75,8.595000267028809,8.704999923706055,390270
2018-09-25,6.44987678527832,8.649999618530273,8.71500015258789,8.625,8.625,623695
2018-09-26,6.379040241241455,8.555000305175781,8.704999923706055,8.53499984741211,8.694999694824219,724222
2018-09-27,6.438693046569824,8.635000228881836,8.680000305175781,8.489999771118164,8.555000305175781,337371
2018-09-28,6.494616985321045,8.710000038146973,8.75,8.484999656677246,8.635000228881836,676058
2018-10-01,6.427507400512695,8.619999885559082,8.789999961853027,8.604999542236328,8.71500015258789,307022
2018-10-02,6.412594795227051,8.600000381469727,8.760000228881836,8.484999656677246,8.604999542236328,447660
2018-10-03,6.475975036621094,8.6850004196167,8.765000343322754,8.604999542236328,8.6899995803833,275914
2018-10-04,6.256008625030518,8.390000343322754,8.704999923706055,8.350000381469727,8.654999732971191,490138
2018-10-05,6.155345439910889,8.255000114440918,8.460000038146973,8.225000381469727,8.414999961853027,473515
2018-10-08,6.140432357788086,8.234999656677246,8.274999618530273,8.135000228881836,8.274999618530273,518706
2018-10-09,6.021127700805664,8.074999809265137,8.234999656677246,7.985000133514404,8.234999656677246,684116
2018-10-10,5.674400806427002,7.610000133514404,8.074999809265137,7.610000133514404,8.069999694824219,2473764
2018-10-11,5.625933647155762,7.545000076293945,7.610000133514404,7.375,7.545000076293945,865847
2018-10-12,5.659487724304199,7.590000152587891,7.71999979019165,7.539999961853027,7.579999923706055,605624
2018-10-15,5.6222052574157715,7.539999961853027,7.65500020980835,7.420000076293945,7.65500020980835,371439
2018-10-16,5.734053134918213,7.690000057220459,8.135000228881836,7.610000133514404,7.769999980926514,1765755
2018-10-17,5.618476867675781,7.534999847412109,7.735000133514404,7.445000171661377,7.710000038146973,593423
2018-10-18,5.573737621307373,7.474999904632568,7.664999961853027,7.349999904632568,7.480000019073486,653456
2018-10-19,5.670672416687012,7.605000019073486,7.65500020980835,7.40500020980835,7.480000019073486,692205
2018-10-22,5.611020088195801,7.525000095367432,7.710000038146973,7.489999771118164,7.639999866485596,360965
2018-10-23,5.432063579559326,7.284999847412109,7.474999904632568,7.170000076293945,7.474999904632568,649745
2018-10-24,5.443248748779297,7.300000190734863,7.474999904632568,7.179999828338623,7.349999904632568,445946
2018-10-25,5.50662899017334,7.385000228881836,7.420000076293945,7.144999980926514,7.244999885559082,486512
2018-10-26,5.480531692504883,7.349999904632568,7.349999904632568,7.110000133514404,7.300000190734863,721023
2018-10-29,5.487987518310547,7.360000133514404,7.474999904632568,7.269999980926514,7.349999904632568,485039
2018-10-30,5.5140862464904785,7.394999980926514,7.46999979019165,7.309999942779541,7.394999980926514,412496
2018-10-31,5.767607688903809,7.735000133514404,7.860000133514404,7.494999885559082,7.494999885559082,809821
2018-11-01,5.443248748779297,7.300000190734863,7.929999828338623,7.300000190734863,7.739999771118164,1031678
2018-11-02,5.663215160369873,7.59499979019165,7.945000171661377,7.494999885559082,7.494999885559082,1189565
2018-11-05,5.6669440269470215,7.599999904632568,7.744999885559082,7.5,7.605000019073486,504576
2018-11-06,5.741508960723877,7.699999809265137,7.724999904632568,7.485000133514404,7.59499979019165,495077
2018-11-07,5.7303242683410645,7.684999942779541,7.755000114440918,7.605000019073486,7.724999904632568,491608
2018-11-08,6.15161657333374,8.25,8.25,7.625,7.78000020980835,1502369
2018-11-09,5.909280300140381,7.925000190734863,8.545000076293945,7.925000190734863,8.180000305175781,1603576
2018-11-12,5.450705528259277,7.309999942779541,7.755000114440918,7.239999771118164,7.715000152587891,3041715
2018-11-13,5.338857173919678,7.159999847412109,7.519999980926514,7.114999771118164,7.400000095367432,1060010
2018-11-14,5.133803844451904,6.885000228881836,7.139999866485596,6.835000038146973,7.139999866485596,1466749
2018-11-15,5.178543567657471,6.945000171661377,7.054999828338623,6.914999961853027,6.920000076293945,577156
2018-11-16,5.1114349365234375,6.855000019073486,7.085000038146973,6.824999809265137,7.034999847412109,849314
2018-11-19,5.059238433837891,6.784999847412109,6.925000190734863,6.775000095367432,6.920000076293945,601562
2018-11-20,4.947391986846924,6.635000228881836,6.84499979019165,6.579999923706055,6.75,693666
2018-11-21,5.021956920623779,6.735000133514404,6.784999847412109,6.635000228881836,6.695000171661377,447283
2018-11-22,4.8765549659729,6.539999961853027,6.699999809265137,6.519999980926514,6.699999809265137,403734
2018-11-23,4.977218151092529,6.675000190734863,6.704999923706055,6.494999885559082,6.545000076293945,633444
2018-11-26,4.850457191467285,6.505000114440918,6.744999885559082,6.494999885559082,6.690000057220459,691194
2018-11-27,4.62303352355957,6.199999809265137,6.545000076293945,6.190000057220459,6.514999866485596,1030771
2018-11-28,4.56710958480835,6.125,6.284999847412109,6.070000171661377,6.224999904632568,972021
2018-11-29,4.574566841125488,6.135000228881836,6.239999771118164,6.119999885559082,6.195000171661377,692979
2018-11-30,4.574566841125488,6.135000228881836,6.150000095367432,6.039999961853027,6.130000114440918,664028
2018-12-03,4.779620170593262,6.409999847412109,6.445000171661377,6.264999866485596,6.320000171661377,600897
2018-12-04,4.45526123046875,5.974999904632568,6.369999885559082,5.954999923706055,6.369999885559082,983254
2018-12-05,4.4850873947143555,6.014999866485596,6.025000095367432,5.829999923706055,5.900000095367432,575421
2018-12-07,4.220381736755371,5.659999847412109,5.980000019073486,5.65500020980835,5.980000019073486,759888
2018-12-10,4.168186187744141,5.590000152587891,5.65500020980835,5.474999904632568,5.65500020980835,778236
2018-12-11,4.2017412185668945,5.635000228881836,5.764999866485596,5.570000171661377,5.664999961853027,798336
2018-12-12,4.458990573883057,5.980000019073486,5.985000133514404,5.630000114440918,5.65500020980835,878246
2018-12-13,3.9519476890563965,5.300000190734863,5.75,5.135000228881836,5.659999847412109,4391668
2018-12-14,4.048882007598877,5.429999828338623,5.460000038146973,5.070000171661377,5.269999980926514,1731310
2018-12-17,4.045154094696045,5.425000190734863,5.485000133514404,5.34499979019165,5.449999809265137,1433115
2018-12-18,3.881110668182373,5.204999923706055,5.380000114440918,5.170000076293945,5.380000114440918,1240394
2018-12-19,4.037697792053223,5.414999961853027,5.440000057220459,5.125,5.190000057220459,982639
2018-12-20,3.8475565910339355,5.159999847412109,5.34499979019165,5.150000095367432,5.34499979019165,1115962
2018-12-21,3.8177309036254883,5.119999885559082,5.21999979019165,5.065000057220459,5.15500020980835,1255835
2018-12-27,3.7543506622314453,5.034999847412109,5.204999923706055,4.97599983215332,5.114999771118164,776777
2018-12-28,3.8177309036254883,5.119999885559082,5.144999980926514,5.045000076293945,5.045000076293945,673812
2019-01-02,3.899751901626587,5.230000019073486,5.315000057220459,5.045000076293945,5.119999885559082,613302
2019-01-03,3.806546449661255,5.105000019073486,5.235000133514404,5.065000057220459,5.230000019073486,779572
2019-01-04,3.9929583072662354,5.355000019073486,5.389999866485596,5.090000152587891,5.135000228881836,769026
2019-01-07,4.052611351013184,5.434999942779541,5.434999942779541,5.364999771118164,5.429999828338623,487966
2019-01-08,4.108535289764404,5.510000228881836,5.570000171661377,5.400000095367432,5.449999809265137,717523
2019-01-09,4.179371356964111,5.605000019073486,5.679999828338623,5.485000133514404,5.545000076293945,754723
2019-01-10,4.164458274841309,5.585000038146973,5.650000095367432,5.519999980926514,5.599999904632568,765530
2019-01-11,4.227838039398193,5.670000076293945,5.769999980926514,5.570000171661377,5.590000152587891,978311
2019-01-14,4.134632587432861,5.545000076293945,5.650000095367432,5.454999923706055,5.650000095367432,606311
2019-01-15,4.384424686431885,5.880000114440918,5.894999980926514,5.614999771118164,5.619999885559082,1354678
2019-01-16,4.500000953674316,6.034999847412109,6.045000076293945,5.784999847412109,5.940000057220459,1257441
2019-01-17,4.514913558959961,6.054999828338623,6.079999923706055,5.869999885559082,5.965000152587891,463474
2019-01-18,4.66031551361084,6.25,6.260000228881836,6.070000171661377,6.099999904632568,1021446
2019-01-21,4.600663185119629,6.170000076293945,6.264999866485596,6.139999866485596,6.25,707350
2019-01-22,4.600663185119629,6.170000076293945,6.215000152587891,6.110000133514404,6.170000076293945,514885
2019-01-23,4.686413764953613,6.284999847412109,6.364999771118164,6.110000133514404,6.190000057220459,818670
2019-01-24,4.798261642456055,6.434999942779541,6.465000152587891,6.264999866485596,6.320000171661377,1041660
2019-01-25,4.835544109344482,6.485000133514404,6.525000095367432,6.369999885559082,6.474999904632568,856421
2019-01-28,4.6677727699279785,6.260000228881836,6.505000114440918,6.164999961853027,6.505000114440918,1032303
2019-01-29,4.742337703704834,6.360000133514404,6.449999809265137,6.260000228881836,6.260000228881836,598729
2019-01-30,4.760978698730469,6.385000228881836,6.425000190734863,6.264999866485596,6.40500020980835,572185
2019-01-31,4.727424621582031,6.340000152587891,6.474999904632568,6.28000020980835,6.420000076293945,764608
2019-02-01,4.7386088371276855,6.355000019073486,6.46999979019165,6.244999885559082,6.340000152587891,497816
2019-02-04,4.809445858001709,6.449999809265137,6.519999980926514,6.349999904632568,6.364999771118164,564017
2019-02-05,4.801990032196045,6.440000057220459,6.505000114440918,6.400000095367432,6.505000114440918,514764
2019-02-06,4.846728801727295,6.5,6.590000152587891,6.440000057220459,6.440000057220459,1068340
2019-02-07,4.746065139770508,6.364999771118164,6.599999904632568,6.224999904632568,6.585000038146973,1225491
2019-02-08,4.585750579833984,6.150000095367432,6.440000057220459,6.135000228881836,6.300000190734863,787674
2019-02-11,4.62303352355957,6.199999809265137,6.215000152587891,6.09499979019165,6.190000057220459,1048061
2019-02-12,4.529826641082764,6.074999809265137,6.329999923706055,6.039999961853027,6.275000095367432,815597
2019-02-13,4.496273040771484,6.03000020980835,6.105000019073486,5.889999866485596,6.065000057220459,1144425
2019-02-14,4.470174312591553,5.994999885559082,6.119999885559082,5.974999904632568,6.050000190734863,628405
2019-02-15,4.637946128845215,6.21999979019165,6.239999771118164,5.985000133514404,6.03000020980835,1670384
2019-02-18,4.608120441436768,6.179999828338623,6.315000057220459,6.085000038146973,6.235000133514404,789003
2019-02-19,4.52609920501709,6.070000171661377,6.28000020980835,6.070000171661377,6.195000171661377,557611
2019-02-20,4.585750579833984,6.150000095367432,6.164999961853027,6.059999942779541,6.125,517187
2019-02-21,4.481359958648682,6.010000228881836,6.15500020980835,6.0,6.15500020980835,604898
2019-02-22,4.500000953674316,6.034999847412109,6.130000114440918,6.019999980926514,6.025000095367432,929480
2019-02-25,4.708783149719238,6.315000057220459,6.420000076293945,6.119999885559082,6.119999885559082,792517
2019-02-26,4.787076950073242,6.420000076293945,6.434999942779541,6.25,6.315000057220459,421468
2019-02-27,4.6491312980651855,6.235000133514404,6.420000076293945,6.21999979019165,6.420000076293945,619480
2019-02-28,4.537283420562744,6.085000038146973,6.224999904632568,6.074999809265137,6.224999904632568,683190
2019-03-01,4.7311530113220215,6.34499979019165,6.400000095367432,6.110000133514404,6.159999847412109,1002058
2019-03-04,4.816902160644531,6.460000038146973,6.485000133514404,6.324999809265137,6.400000095367432,866093
2019-03-05,4.671500205993652,6.264999866485596,6.460000038146973,6.239999771118164,6.460000038146973,581977
2019-03-06,4.593206882476807,6.159999847412109,6.289999961853027,6.130000114440918,6.289999961853027,732085
2019-03-07,4.492544651031494,6.025000095367432,6.21999979019165,6.014999866485596,6.175000190734863,620589
2019-03-08,4.403066635131836,5.90500020980835,6.0,5.824999809265137,6.0,1071788
2019-03-11,4.432892799377441,5.945000171661377,6.014999866485596,5.900000095367432,5.929999828338623,576040
2019-03-12,4.466446399688721,5.989999771118164,6.039999961853027,5.880000114440918,5.994999885559082,814241
2019-03-13,4.391881942749023,5.889999866485596,5.994999885559082,5.885000228881836,5.96999979019165,628763
2019-03-14,4.440349102020264,5.954999923706055,5.994999885559082,5.894999980926514,5.90500020980835,755528
2019-03-15,4.488816261291504,6.019999980926514,6.045000076293945,5.920000076293945,5.965000152587891,958553
2019-03-18,4.496273040771484,6.03000020980835,6.130000114440918,6.025000095367432,6.050000190734863,630353
2019-03-19,4.548468112945557,6.099999904632568,6.170000076293945,6.005000114440918,6.065000057220459,991235
2019-03-20,4.462718486785889,5.985000133514404,6.110000133514404,5.954999923706055,6.099999904632568,694098
2019-03-21,4.403066635131836,5.90500020980835,6.005000114440918,5.885000228881836,6.0,574866
2019-03-22,4.190556049346924,5.619999885559082,5.849999904632568,5.574999809265137,5.835000038146973,2188323
2019-03-25,4.127175807952881,5.534999847412109,5.635000228881836,5.494999885559082,5.619999885559082,1343207
2019-03-26,4.127175807952881,5.534999847412109,5.585000038146973,5.505000114440918,5.554999828338623,727779
2019-03-27,4.2464799880981445,5.695000171661377,5.764999866485596,5.614999771118164,5.619999885559082,897239
2019-03-28,4.194283962249756,5.625,5.739999771118164,5.619999885559082,5.659999847412109,885394
2019-03-29,4.296488285064697,5.465000152587891,5.550000190734863,5.385000228881836,5.445000171661377,1515590
2019-04-01,4.4765238761901855,5.693999767303467,5.7179999351501465,5.5320000648498535,5.5320000648498535,739297
2019-04-02,4.571651458740234,5.815000057220459,5.840000152587891,5.650000095367432,5.739999771118164,768211
2019-04-03,4.728888034820557,6.014999866485596,6.065000057220459,5.829999923706055,5.835000038146973,913422
2019-04-04,4.768197536468506,6.065000057220459,6.090000152587891,5.940000057220459,6.014999866485596,474607
2019-04-05,4.7485432624816895,6.039999961853027,6.144999980926514,5.985000133514404,6.070000171661377,616311
2019-04-08,4.689579486846924,5.965000152587891,6.099999904632568,5.945000171661377,6.054999828338623,401193
2019-04-09,4.62668514251709,5.885000228881836,6.0,5.869999885559082,5.980000019073486,448261
2019-04-10,4.622753143310547,5.880000114440918,5.945000171661377,5.869999885559082,5.889999866485596,301999
2019-04-11,4.658132076263428,5.925000190734863,5.954999923706055,5.869999885559082,5.900000095367432,364083
2019-04-12,4.740681171417236,6.03000020980835,6.050000190734863,5.84499979019165,5.90500020980835,482136
2019-04-15,4.634546756744385,5.894999980926514,6.039999961853027,5.875,6.0,523252
2019-04-16,4.583445072174072,5.829999923706055,5.954999923706055,5.784999847412109,5.949999809265137,595947
2019-04-17,4.453724384307861,5.664999961853027,5.840000152587891,5.664999961853027,5.820000171661377,726554
2019-04-18,4.520549774169922,5.75,5.800000190734863,5.625,5.664999961853027,484277
2019-04-23,4.508757591247559,5.735000133514404,5.800000190734863,5.684999942779541,5.775000095367432,487254
2019-04-24,4.430139064788818,5.635000228881836,5.715000152587891,5.625,5.715000152587891,390809
2019-04-25,4.638477325439453,5.900000095367432,5.949999809265137,5.579999923706055,5.635000228881836,1220762
2019-04-26,4.127458572387695,5.25,5.894999980926514,5.244999885559082,5.894999980926514,4228036
2019-04-29,4.056702136993408,5.159999847412109,5.335000038146973,5.139999866485596,5.28000020980835,2316515
2019-04-30,3.9120447635650635,4.97599983215332,5.184999942779541,4.960000038146973,5.125,2030603
2019-05-02,3.916761636734009,4.98199987411499,5.03000020980835,4.9120001792907715,5.0,1495606
2019-05-03,3.942706346511841,5.014999866485596,5.090000152587891,4.998000144958496,5.0,828801
2019-05-06,3.882169485092163,4.938000202178955,4.99399995803833,4.860000133514404,4.984000205993652,995579
2019-05-07,3.787827968597412,4.817999839782715,4.98199987411499,4.789999961853027,4.953999996185303,962796
2019-05-08,3.7516632080078125,4.771999835968018,4.900000095367432,4.742000102996826,4.828000068664551,1038292
2019-05-09,3.748518705368042,4.76800012588501,4.7820000648498535,4.642000198364258,4.748000144958496,992796
2019-05-10,3.712354898452759,4.7220001220703125,4.866000175476074,4.699999809265137,4.77400016784668,946914
2019-05-13,3.5378217697143555,4.5,4.802000045776367,4.48199987411499,4.75,1443618
2019-05-14,3.5535457134246826,4.519999980926514,4.599999904632568,4.461999893188477,4.550000190734863,1295854
2019-05-15,3.4827892780303955,4.429999828338623,4.570000171661377,4.372000217437744,4.561999797821045,1772739
2019-05-16,3.5802760124206543,4.553999900817871,4.565999984741211,4.420000076293945,4.449999809265137,823256
2019-05-17,3.5771312713623047,4.550000190734863,4.564000129699707,4.389999866485596,4.564000129699707,918663
2019-05-20,3.479644298553467,4.426000118255615,4.578000068664551,4.394000053405762,4.570000171661377,709124
2019-05-21,3.492223024368286,4.441999912261963,4.5,4.383999824523926,4.46999979019165,709945
2019-05-22,3.518953800201416,4.47599983215332,4.53000020980835,4.423999786376953,4.449999809265137,620753
2019-05-23,3.385302782058716,4.306000232696533,4.46999979019165,4.300000190734863,4.46999979019165,874219
2019-05-24,3.391592025756836,4.314000129699707,4.406000137329102,4.300000190734863,4.361999988555908,687781
2019-05-27,3.4010257720947266,4.326000213623047,4.366000175476074,4.308000087738037,4.3420000076293945,504174
2019-05-28,3.27209210395813,4.1620001792907715,4.3520002365112305,4.133999824523926,4.331999778747559,1446008
2019-05-29,3.1887569427490234,4.056000232696533,4.211999893188477,4.052000045776367,4.173999786376953,1391753
2019-05-31,3.201335906982422,4.072000026702881,4.142000198364258,4.0,4.059999942779541,1390496
2019-06-03,3.2422173023223877,4.124000072479248,4.1519999504089355,3.9700000286102295,4.072000026702881,1054896
2019-06-04,3.3224077224731445,4.22599983215332,4.248000144958496,4.067999839782715,4.130000114440918,1103280
2019-06-05,3.2736644744873047,4.164000034332275,4.381999969482422,4.142000198364258,4.251999855041504,1075894
2019-06-06,3.1903293132781982,4.058000087738037,4.208000183105469,4.046000003814697,4.170000076293945,1202269
2019-06-07,3.264230251312256,4.1519999504089355,4.196000099182129,4.079999923706055,4.084000110626221,847975
2019-06-10,3.264230251312256,4.1519999504089355,4.288000106811523,4.1479997634887695,4.239999771118164,1053212
2019-06-11,3.382157802581787,4.302000045776367,4.360000133514404,4.170000076293945,4.170000076293945,1046921
2019-06-12,3.3884470462799072,4.309999942779541,4.323999881744385,4.202000141143799,4.302000045776367,1229537
2019-06-13,3.5378217697143555,4.5,4.619999885559082,4.300000190734863,4.328000068664551,1689563
2019-06-14,3.456059217453003,4.395999908447266,4.535999774932861,4.386000156402588,4.52400016784668,1147171
2019-06-17,3.407315254211426,4.334000110626221,4.438000202178955,4.308000087738037,4.409999847412109,657406
2019-06-18,3.452914237976074,4.392000198364258,4.421999931335449,4.24399995803833,4.335999965667725,967818
2019-06-19,3.478071928024292,4.423999786376953,4.504000186920166,4.400000095367432,4.4019999504089355,1228151
2019-06-20,3.4497694969177246,4.388000011444092,4.535999774932861,4.343999862670898,4.484000205993652,3165026
2019-06-24,3.445052146911621,4.381999969482422,4.447999954223633,4.28000020980835,4.389999866485596,1143667
2019-06-25,3.4875056743621826,4.435999870300293,4.51800012588501,4.381999969482422,4.383999824523926,936865
2019-06-26,3.559835195541382,4.5279998779296875,4.564000129699707,4.409999847412109,4.447999954223633,868354
2019-06-27,3.6038613319396973,4.584000110626221,4.627999782562256,4.519999980926514,4.559999942779541,1186071
2019-06-28,3.712354898452759,4.7220001220703125,4.736000061035156,4.567999839782715,4.611999988555908,1076162
2019-07-01,3.731222629547119,4.745999813079834,4.869999885559082,4.739999771118164,4.739999771118164,801021
2019-07-02,3.6950581073760986,4.699999809265137,4.814000129699707,4.656000137329102,4.814000129699707,711964
2019-07-03,3.709209680557251,4.7179999351501465,4.742000102996826,4.6519999504089355,4.71999979019165,517815
2019-07-04,3.7610974311828613,4.783999919891357,4.802000045776367,4.734000205993652,4.734000205993652,540189
2019-07-05,3.8239922523498535,4.863999843597412,4.9120001792907715,4.691999912261963,4.803999900817871,799363
2019-07-08,3.740657091140747,4.757999897003174,4.9079999923706055,4.71999979019165,4.883999824523926,642689
2019-07-09,3.6243019104003906,4.610000133514404,4.757999897003174,4.5920000076293945,4.757999897003174,822464
2019-07-10,3.6478869915008545,4.639999866485596,4.693999767303467,4.590000152587891,4.619999885559082,562329
2019-07-11,3.583420515060425,4.558000087738037,4.668000221252441,4.547999858856201,4.668000221252441,558064
2019-07-12,3.6541762351989746,4.6479997634887695,4.670000076293945,4.570000171661377,4.572000026702881,645251
2019-07-15,3.6588940620422363,4.6539998054504395,4.696000099182129,4.604000091552734,4.673999786376953,467392
2019-07-16,3.6824796199798584,4.684000015258789,4.685999870300293,4.593999862670898,4.616000175476074,584665
2019-07-17,3.5519728660583496,4.51800012588501,4.679999828338623,4.492000102996826,4.679999828338623,691894
2019-07-18,3.495368003845215,4.446000099182129,4.519999980926514,4.420000076293945,4.5,648785
2019-07-19,3.4985125064849854,4.449999809265137,4.599999904632568,4.3520002365112305,4.429999828338623,732871
2019-07-22,3.6022884845733643,4.581999778747559,4.6479997634887695,4.46999979019165,4.47599983215332,555596
2019-07-23,3.7532365322113037,4.77400016784668,4.808000087738037,4.581999778747559,4.581999778747559,764457
2019-07-24,3.759525775909424,4.7820000648498535,4.794000148773193,4.710000038146973,4.783999919891357,557674
2019-07-25,3.7453737258911133,4.763999938964844,4.849999904632568,4.670000076293945,4.783999919891357,541213
2019-07-26,3.7265050411224365,4.739999771118164,4.77400016784668,4.691999912261963,4.763999938964844,531962
2019-07-29,3.619584798812866,4.604000091552734,4.736000061035156,4.564000129699707,4.728000164031982,786799
2019-07-30,3.564552068710327,4.533999919891357,4.593999862670898,4.489999771118164,4.5920000076293945,873663
2019-07-31,3.5519728660583496,4.51800012588501,4.599999904632568,4.51800012588501,4.533999919891357,631056
2019-08-01,3.152592658996582,4.010000228881836,4.567999839782715,4.010000228881836,4.567999839782715,3445428
2019-08-02,3.158881902694702,4.01800012588501,4.105999946594238,3.940000057220459,4.0,2244234
2019-08-05,3.058250665664673,3.890000104904175,4.01200008392334,3.885999917984009,4.0,1709510
2019-08-06,3.0896975994110107,3.930000066757202,4.039999961853027,3.869999885559082,3.888000011444092,1057742
2019-08-07,3.058250665664673,3.890000104904175,3.9639999866485596,3.859999895095825,3.9519999027252197,922523
2019-08-08,3.12900710105896,3.9800000190734863,4.015999794006348,3.9159998893737793,3.921999931335449,759766
2019-08-09,3.1934735774993896,4.061999797821045,4.079999923706055,3.9719998836517334,3.990000009536743,807547
2019-08-12,3.1966185569763184,4.065999984741211,4.130000114440918,4.0279998779296875,4.085999965667725,548948
2019-08-13,3.294105052947998,4.190000057220459,4.25,4.039999961853027,4.059999942779541,1090479
2019-08-14,3.2595131397247314,4.145999908447266,4.26200008392334,4.093999862670898,4.202000141143799,1685652
2019-08-15,3.27209210395813,4.1620001792907715,4.199999809265137,4.053999900817871,4.144000053405762,1076355
2019-08-16,3.44819712638855,4.386000156402588,4.409999847412109,4.170000076293945,4.173999786376953,917311
2019-08-19,3.555117607116699,4.521999835968018,4.535999774932861,4.395999908447266,4.414000034332275,984984
2019-08-20,3.4843616485595703,4.432000160217285,4.552000045776367,4.406000137329102,4.521999835968018,706932
2019-08-21,3.591282367706299,4.567999839782715,4.590000152587891,4.435999870300293,4.443999767303467,1170832
2019-08-22,3.6085782051086426,4.590000152587891,4.639999866485596,4.49399995803833,4.559999942779541,755678
2019-08-23,3.558262348175049,4.526000022888184,4.690000057220459,4.51200008392334,4.607999801635742,822558
2019-08-26,3.583420515060425,4.558000087738037,4.567999839782715,4.432000160217285,4.460000038146973,535305
2019-08-27,3.6321637630462646,4.619999885559082,4.6479997634887695,4.52400016784668,4.570000171661377,786178
2019-08-28,3.599144220352173,4.578000068664551,4.6579999923706055,4.51800012588501,4.610000133514404,1252972
2019-08-29,3.709209680557251,4.7179999351501465,4.736000061035156,4.550000190734863,4.550000190734863,817052
2019-08-30,3.754807949066162,4.776000022888184,4.783999919891357,4.679999828338623,4.7179999351501465,645667
2019-09-02,3.7610974311828613,4.783999919891357,4.831999778747559,4.7220001220703125,4.776000022888184,625842
2019-09-03,3.732795238494873,4.748000144958496,4.814000129699707,4.711999893188477,4.800000190734863,802599
2019-09-04,3.8318541049957275,4.874000072479248,4.877999782562256,4.76200008392334,4.769999980926514,654256
2019-09-05,3.9088997840881348,4.9720001220703125,5.010000228881836,4.877999782562256,4.877999782562256,1025947
2019-09-06,3.9505674839019775,5.025000095367432,5.025000095367432,4.934000015258789,4.978000164031982,699489
2019-09-09,3.9938080310821533,5.079999923706055,5.079999923706055,4.98799991607666,5.03000020980835,636236
2019-09-10,4.037047863006592,5.135000228881836,5.204999923706055,5.065000057220459,5.079999923706055,1780627
2019-09-11,3.9780845642089844,5.059999942779541,5.179999828338623,5.034999847412109,5.150000095367432,944218
2019-09-12,4.119597434997559,5.239999771118164,5.269999980926514,5.074999809265137,5.085000038146973,1608584
2019-09-13,4.154975414276123,5.284999847412109,5.300000190734863,5.204999923706055,5.25,945157
2019-09-16,4.1746296882629395,5.309999942779541,5.315000057220459,5.179999828338623,5.275000095367432,1119061
2019-09-17,4.1510443687438965,5.28000020980835,5.309999942779541,5.184999942779541,5.304999828338623,957577
2019-09-18,4.013462543487549,5.105000019073486,5.255000114440918,5.09499979019165,5.255000114440918,980266
2019-09-19,4.029186248779297,5.125,5.170000076293945,5.019999980926514,5.110000133514404,635388
2019-09-20,3.966291666030884,5.045000076293945,5.130000114440918,4.98799991607666,5.130000114440918,1059748
2019-09-23,3.91361665725708,4.978000164031982,5.025000095367432,4.889999866485596,5.019999980926514,871768
2019-09-24,3.923051118850708,4.989999771118164,5.059999942779541,4.946000099182129,4.989999771118164,1452107
2019-09-25,3.954498767852783,5.03000020980835,5.034999847412109,4.9019999504089355,4.989999771118164,701295
2019-09-26,3.9780845642089844,5.059999942779541,5.130000114440918,5.014999866485596,5.03000020980835,705567
2019-09-27,4.2060770988464355,5.349999904632568,5.414999961853027,5.054999828338623,5.054999828338623,1873859
2019-09-30,4.288626670837402,5.454999923706055,5.460000038146973,5.324999809265137,5.360000133514404,1043663
2019-10-01,4.14711332321167,5.275000095367432,5.460000038146973,5.235000133514404,5.449999809265137,715882
2019-10-02,3.9898769855499268,5.074999809265137,5.275000095367432,5.059999942779541,5.275000095367432,1255722
2019-10-03,3.883742332458496,4.940000057220459,5.079999923706055,4.872000217437744,5.070000171661377,736828
2019-10-04,3.9104721546173096,4.973999977111816,4.973999977111816,4.869999885559082,4.947999954223633,663922
2019-10-07,4.005600452423096,5.09499979019165,5.105000019073486,4.921999931335449,4.98199987411499,389351
2019-10-08,4.119597434997559,5.239999771118164,5.519999980926514,5.184999942779541,5.445000171661377,1764675
2019-10-09,4.402622699737549,5.599999904632568,5.659999847412109,5.28000020980835,5.300000190734863,2236928
2019-10-10,4.5402045249938965,5.775000095367432,5.804999828338623,5.574999809265137,5.599999904632568,1116469
2019-10-11,4.595237731933594,5.84499979019165,5.84499979019165,5.684999942779541,5.769999980926514,1146295
2019-10-14,4.528412342071533,5.760000228881836,5.784999847412109,5.619999885559082,5.784999847412109,1003930
2019-10-15,4.603099346160889,5.855000019073486,5.880000114440918,5.710000038146973,5.764999866485596,592336
2019-10-16,4.599168300628662,5.849999904632568,5.860000133514404,5.755000114440918,5.849999904632568,530035
2019-10-17,4.53627347946167,5.769999980926514,5.855000019073486,5.739999771118164,5.849999904632568,416226
2019-10-18,4.567720890045166,5.809999942779541,5.835000038146973,5.699999809265137,5.75,471985
2019-10-21,4.638477325439453,5.900000095367432,5.949999809265137,5.789999961853027,5.795000076293945,467792
2019-10-22,4.622753143310547,5.880000114440918,5.929999828338623,5.829999923706055,5.855000019073486,459023
2019-10-23,4.662062644958496,5.929999828338623,5.934999942779541,5.835000038146973,5.855000019073486,489079
2019-10-24,4.622753143310547,5.880000114440918,5.989999771118164,5.849999904632568,5.940000057220459,537741
2019-10-25,4.728888034820557,6.014999866485596,6.014999866485596,5.849999904632568,5.864999771118164,728898
2019-10-28,4.713164329528809,5.994999885559082,6.070000171661377,5.945000171661377,6.0,653685
2019-10-29,4.728888034820557,6.014999866485596,6.034999847412109,5.78000020980835,5.925000190734863,895155
2019-10-30,4.72102689743042,6.005000114440918,6.03000020980835,5.900000095367432,5.920000076293945,626600
2019-10-31,4.665994167327881,5.934999942779541,6.03000020980835,5.764999866485596,5.994999885559082,752814
2019-11-01,4.803576469421387,6.110000133514404,6.139999866485596,5.875,5.914999961853027,484609
2019-11-04,4.8900556564331055,6.21999979019165,6.25,6.090000152587891,6.110000133514404,1230471
2019-11-05,4.858608722686768,6.179999828338623,6.28000020980835,6.079999923706055,6.244999885559082,734319
2019-11-06,4.815368175506592,6.125,6.190000057220459,6.025000095367432,6.164999961853027,661634
2019-11-07,5.078739643096924,6.460000038146973,6.545000076293945,6.135000228881836,6.139999866485596,1785807
2019-11-08,5.086601257324219,6.46999979019165,6.5,6.34499979019165,6.429999828338623,534821
2019-11-11,5.129842281341553,6.525000095367432,6.539999961853027,6.400000095367432,6.449999809265137,537224
2019-11-12,5.220252513885498,6.639999866485596,6.644999980926514,6.489999771118164,6.525000095367432,619049
2019-11-13,5.051223278045654,6.425000190734863,6.644999980926514,6.394999980926514,6.635000228881836,717039
2019-11-14,5.011914253234863,6.375,6.5,6.360000133514404,6.449999809265137,607772
2019-11-15,5.149496555328369,6.550000190734863,6.550000190734863,6.380000114440918,6.380000114440918,564953
2019-11-18,5.070878028869629,6.449999809265137,6.565000057220459,6.420000076293945,6.53000020980835,390472
2019-11-19,4.956881523132324,6.304999828338623,6.539999961853027,6.164999961853027,6.465000152587891,980095
2019-11-20,4.937227249145508,6.28000020980835,6.289999961853027,6.175000190734863,6.264999866485596,535749
2019-11-21,4.929365158081055,6.269999980926514,6.300000190734863,6.170000076293945,6.235000133514404,565442
2019-11-22,4.937227249145508,6.28000020980835,6.335000038146973,6.235000133514404,6.269999980926514,514890
2019-11-25,4.956881523132324,6.304999828338623,6.349999904632568,6.235000133514404,6.28000020980835,327875
2019-11-26,4.842884540557861,6.159999847412109,6.304999828338623,6.119999885559082,6.255000114440918,998405
2019-11-27,4.811437129974365,6.119999885559082,6.239999771118164,6.119999885559082,6.15500020980835,624952
2019-11-28,4.764266014099121,6.059999942779541,6.114999771118164,5.994999885559082,6.105000019073486,885311
2019-11-29,4.6856489181518555,5.960000038146973,6.079999923706055,5.954999923706055,6.034999847412109,951118
2019-12-02,4.693509578704834,5.96999979019165,6.119999885559082,5.949999809265137,5.960000038146973,950464
2019-12-03,4.689579486846924,5.965000152587891,6.045000076293945,5.940000057220459,5.960000038146973,881584
2019-12-04,4.815368175506592,6.125,6.135000228881836,5.949999809265137,5.954999923706055,711846
2019-12-05,4.807507038116455,6.114999771118164,6.164999961853027,6.059999942779541,6.125,387483
2019-12-09,4.846816062927246,6.164999961853027,6.175000190734863,6.070000171661377,6.119999885559082,535233
2019-12-10,4.713164329528809,5.994999885559082,6.159999847412109,5.980000019073486,6.159999847412109,828312
2019-12-11,4.72102689743042,6.005000114440918,6.050000190734863,5.934999942779541,5.994999885559082,693651
2019-12-12,4.740681171417236,6.03000020980835,6.054999828338623,5.940000057220459,6.054999828338623,491224
2019-12-13,4.728888034820557,6.014999866485596,6.114999771118164,5.985000133514404,6.09499979019165,909135
2019-12-16,4.776059150695801,6.074999809265137,6.114999771118164,6.025000095367432,6.039999961853027,293841
2019-12-17,4.799644947052002,6.105000019073486,6.119999885559082,6.03000020980835,6.070000171661377,475116
2019-12-18,4.713164329528809,5.994999885559082,6.119999885559082,5.965000152587891,6.110000133514404,534738
2019-12-19,4.819299697875977,6.130000114440918,6.150000095367432,5.974999904632568,5.994999885559082,641930
2019-12-20,4.768197536468506,6.065000057220459,6.230000019073486,6.065000057220459,6.150000095367432,563810
2019-12-23,4.760335445404053,6.054999828338623,6.090000152587891,6.014999866485596,6.050000190734863,252006
2019-12-27,4.713164329528809,5.994999885559082,6.079999923706055,5.96999979019165,6.050000190734863,363870
2019-12-30,4.713164329528809,5.994999885559082,6.039999961853027,5.934999942779541,5.994999885559082,425282
2020-01-02,4.779990196228027,6.079999923706055,6.170000076293945,5.940000057220459,5.960000038146973,721956
2020-01-03,4.599168300628662,5.849999904632568,6.059999942779541,5.84499979019165,6.059999942779541,825451
2020-01-07,4.55199670791626,5.789999961853027,5.889999866485596,5.764999866485596,5.849999904632568,767241
2020-01-08,4.579514503479004,5.824999809265137,5.855000019073486,5.679999828338623,5.75,503142
2020-01-09,4.53627347946167,5.769999980926514,5.914999961853027,5.769999980926514,5.885000228881836,375069
2020-01-10,4.55199670791626,5.789999961853027,5.824999809265137,5.769999980926514,5.800000190734863,301434
2020-01-13,4.524480819702148,5.755000114440918,5.78000020980835,5.715000152587891,5.78000020980835,427458
2020-01-14,4.485171794891357,5.704999923706055,5.804999828338623,5.675000190734863,5.760000228881836,542950
2020-01-15,4.481240749359131,5.699999809265137,5.755000114440918,5.650000095367432,5.724999904632568,634067
2020-01-16,4.53627347946167,5.769999980926514,5.800000190734863,5.65500020980835,5.695000171661377,652275
2020-01-17,4.599168300628662,5.849999904632568,5.914999961853027,5.755000114440918,5.78000020980835,945986
2020-01-20,4.638477325439453,5.900000095367432,5.934999942779541,5.800000190734863,5.84499979019165,484683
2020-01-21,4.559859752655029,5.800000190734863,5.869999885559082,5.78000020980835,5.869999885559082,337880
2020-01-22,4.587375164031982,5.835000038146973,5.880000114440918,5.760000228881836,5.800000190734863,379579
2020-01-23,4.528412342071533,5.760000228881836,5.840000152587891,5.735000133514404,5.809999942779541,518643
2020-01-24,4.595237731933594,5.84499979019165,5.900000095367432,5.755000114440918,5.795000076293945,497674
2020-01-27,4.213939189910889,5.360000133514404,5.690000057220459,5.304999828338623,5.690000057220459,1800055
2020-01-28,4.34758996963501,5.53000020980835,5.534999847412109,5.324999809265137,5.400000095367432,837348
2020-01-29,4.398691654205322,5.59499979019165,5.679999828338623,5.5,5.534999847412109,566713
2020-01-30,4.3593831062316895,5.545000076293945,5.659999847412109,5.454999923706055,5.485000133514404,743584
2020-01-31,4.304349422454834,5.474999904632568,5.644999980926514,5.460000038146973,5.545000076293945,504282
2020-02-03,4.316142559051514,5.489999771118164,5.519999980926514,5.40500020980835,5.449999809265137,633759
2020-02-04,4.410484790802002,5.610000133514404,5.619999885559082,5.5,5.5,430214
2020-02-05,4.4773101806640625,5.695000171661377,5.739999771118164,5.605000019073486,5.605000019073486,661207
2020-02-06,4.379036903381348,5.570000171661377,5.804999828338623,5.550000190734863,5.744999885559082,890812
2020-02-07,4.288626670837402,5.454999923706055,5.525000095367432,5.369999885559082,5.505000114440918,928475
2020-02-10,4.386898994445801,5.579999923706055,5.59499979019165,5.40500020980835,5.425000190734863,622143
2020-02-11,4.481240749359131,5.699999809265137,5.724999904632568,5.630000114440918,5.639999866485596,510184
2020-02-12,4.504826545715332,5.730000019073486,5.885000228881836,5.630000114440918,5.724999904632568,1163112
2020-02-13,4.473379135131836,5.690000057220459,5.724999904632568,5.5,5.724999904632568,997605
2020-02-14,4.343658924102783,5.525000095367432,5.695000171661377,5.485000133514404,5.695000171661377,902907
2020-02-17,4.469448089599609,5.684999942779541,5.684999942779541,5.550000190734863,5.579999923706055,970929
2020-02-18,4.324004650115967,5.5,5.590000152587891,5.485000133514404,5.590000152587891,578288
2020-02-19,4.351520538330078,5.534999847412109,5.574999809265137,5.494999885559082,5.510000228881836,399583
2020-02-20,4.430139064788818,5.635000228881836,5.65500020980835,5.519999980926514,5.525000095367432,1407225
2020-02-21,4.371175289154053,5.559999942779541,5.630000114440918,5.53000020980835,5.630000114440918,298068
2020-02-24,4.170699596405029,5.304999828338623,5.400000095367432,5.239999771118164,5.394999980926514,935441
2020-02-25,4.1667680740356445,5.300000190734863,5.389999866485596,5.25,5.320000171661377,669923
2020-02-26,4.213939189910889,5.360000133514404,5.40500020980835,5.099999904632568,5.199999809265137,1116882
2020-02-27,4.099942684173584,5.215000152587891,5.304999828338623,5.125,5.235000133514404,873622
2020-02-28,4.064564228057861,5.170000076293945,5.239999771118164,4.989999771118164,5.050000190734863,1477574
2020-03-02,4.123528003692627,5.244999885559082,5.375,5.114999771118164,5.300000190734863,1103110
2020-03-03,4.103873252868652,5.21999979019165,5.445000171661377,5.21999979019165,5.300000190734863,1116035
2020-03-04,4.1667680740356445,5.300000190734863,5.34499979019165,5.21999979019165,5.230000019073486,647783
2020-03-05,4.170699596405029,5.304999828338623,5.389999866485596,5.190000057220459,5.34499979019165,675906
2020-03-06,4.088149547576904,5.199999809265137,5.300000190734863,5.074999809265137,5.239999771118164,1449429
2020-03-09,3.8318541049957275,4.874000072479248,5.0,4.785999774932861,4.894000053405762,2084361
2020-03-10,3.915189266204834,4.980000019073486,5.159999847412109,4.900000095367432,4.9039998054504395,1509604
2020-03-11,3.9277684688568115,4.995999813079834,5.139999866485596,4.989999771118164,5.0,1564332
2020-03-12,3.668328046798706,4.665999889373779,4.7779998779296875,4.578000068664551,4.72599983215332,2620088
2020-03-13,3.7689597606658936,4.794000148773193,5.065000057220459,4.685999870300293,4.75,1715828
2020-03-16,3.7846832275390625,4.814000129699707,4.9019999504089355,4.473999977111816,4.670000076293945,1721122
2020-03-17,3.9348440170288086,5.005000114440918,5.045000076293945,4.665999889373779,4.745999813079834,1415680
2020-03-18,4.005600452423096,5.09499979019165,5.264999866485596,4.9019999504089355,4.9079999923706055,1762916
2020-03-19,3.773676633834839,4.800000190734863,5.059999942779541,4.702000141143799,5.050000190734863,1558059
2020-03-20,3.7846832275390625,4.814000129699707,5.139999866485596,4.809999942779541,4.940000057220459,1103067
2020-03-23,3.5865650177001953,4.561999797821045,4.728000164031982,4.519999980926514,4.728000164031982,1028194
2020-03-24,3.790972948074341,4.822000026702881,4.822000026702881,4.622000217437744,4.710000038146973,1044166
2020-03-25,3.882169485092163,4.938000202178955,5.050000190734863,4.73799991607666,5.050000190734863,1019528
2020-03-26,3.970222234725952,5.050000190734863,5.050000190734863,4.820000171661377,4.943999767303467,848922
2020-03-27,3.7296504974365234,4.74399995803833,5.059999942779541,4.690000057220459,5.059999942779541,878140
2020-03-30,3.668328046798706,4.665999889373779,4.892000198364258,4.570000171661377,4.78000020980835,1309483
2020-03-31,3.9057557582855225,4.9679999351501465,4.9679999351501465,4.699999809265137,4.797999858856201,1171631
2020-04-01,3.90103816986084,4.961999893188477,4.984000205993652,4.776000022888184,4.872000217437744,618563
2020-04-02,4.092080593109131,5.204999923706055,5.25,4.973999977111816,4.986000061035156,1068581
2020-04-03,4.044909954071045,5.144999980926514,5.239999771118164,5.135000228881836,5.239999771118164,540960
2020-04-06,4.186422824859619,5.324999809265137,5.440000057220459,5.244999885559082,5.25,546802
2020-04-07,4.461586952209473,5.675000190734863,5.675000190734863,5.425000190734863,5.460000038146973,973558
2020-04-08,4.504826545715332,5.730000019073486,5.744999885559082,5.505000114440918,5.599999904632568,706445
2020-04-09,4.665994167327881,5.934999942779541,5.940000057220459,5.75,5.75,674904
2020-04-14,4.441932201385498,5.650000095367432,5.989999771118164,5.579999923706055,5.949999809265137,1436662
2020-04-15,4.42620849609375,5.630000114440918,5.684999942779541,5.579999923706055,5.650000095367432,683941
2020-04-16,4.363313674926758,5.550000190734863,5.710000038146973,5.5,5.599999904632568,540862
2020-04-17,4.34758996963501,5.53000020980835,5.75,5.489999771118164,5.684999942779541,488113
2020-04-20,4.296488285064697,5.465000152587891,5.525000095367432,5.360000133514404,5.525000095367432,499309
2020-04-21,4.355451583862305,5.539999961853027,5.590000152587891,5.364999771118164,5.465000152587891,578612
2020-04-22,4.308280944824219,5.480000019073486,5.635000228881836,5.40500020980835,5.539999961853027,651519
2020-04-23,4.434070110321045,5.639999866485596,5.644999980926514,5.46999979019165,5.46999979019165,395047
2020-04-24,4.422276973724365,5.625,5.650000095367432,5.550000190734863,5.579999923706055,396651
2020-04-27,4.4773101806640625,5.695000171661377,5.699999809265137,5.619999885559082,5.639999866485596,404090
2020-04-28,4.64240837097168,5.90500020980835,5.90500020980835,5.690000057220459,5.704999923706055,638540
2020-04-29,4.858608722686768,6.179999828338623,6.179999828338623,5.804999828338623,5.909999847412109,1749362
2020-04-30,5.0001220703125,6.360000133514404,6.480000019073486,6.139999866485596,6.150000095367432,1654425
2020-05-04,4.795713901519775,6.099999904632568,6.264999866485596,5.994999885559082,6.21999979019165,1149759
2020-05-05,4.752474308013916,6.045000076293945,6.255000114440918,6.019999980926514,6.164999961853027,634984
2020-05-06,4.842884540557861,6.159999847412109,6.235000133514404,6.019999980926514,6.054999828338623,1032512
2020-05-07,4.897917747497559,6.230000019073486,6.239999771118164,6.125,6.159999847412109,418982
2020-05-08,4.992259979248047,6.349999904632568,6.425000190734863,6.230000019073486,6.239999771118164,636235
2020-05-11,4.913640975952148,6.25,6.409999847412109,6.224999904632568,6.349999904632568,549107
2020-05-12,4.901848793029785,6.235000133514404,6.300000190734863,6.130000114440918,6.25,532667
2020-05-13,4.756405353546143,6.050000190734863,6.164999961853027,6.019999980926514,6.164999961853027,474225
2020-05-14,4.579514503479004,5.824999809265137,6.025000095367432,5.735000133514404,6.005000114440918,995318
2020-05-15,4.579514503479004,5.824999809265137,5.980000019073486,5.78000020980835,5.925000190734863,577856
2020-05-18,4.799644947052002,6.105000019073486,6.105000019073486,5.855000019073486,5.880000114440918,781587
2020-05-19,4.854678153991699,6.175000190734863,6.184999942779541,6.014999866485596,6.150000095367432,714669
2020-05-20,4.921504020690918,6.260000228881836,6.260000228881836,6.09499979019165,6.130000114440918,501050
2020-05-22,4.874332427978516,6.199999809265137,6.25,6.090000152587891,6.170000076293945,521352
2020-05-25,4.89398717880249,6.224999904632568,6.269999980926514,6.175000190734863,6.224999904632568,267734
2020-05-26,4.905779838562012,6.239999771118164,6.385000228881836,6.21999979019165,6.269999980926514,464771
2020-05-27,5.098394870758057,6.485000133514404,6.485000133514404,6.230000019073486,6.239999771118164,990564
2020-05-28,5.03156852722168,6.400000095367432,6.539999961853027,6.360000133514404,6.5,659924
2020-05-29,5.043361663818359,6.414999961853027,6.429999828338623,6.300000190734863,6.400000095367432,1075449
2020-06-01,5.0905327796936035,6.474999904632568,6.510000228881836,6.400000095367432,6.449999809265137,666243
2020-06-02,5.055154323577881,6.429999828338623,6.510000228881836,6.40500020980835,6.510000228881836,561542
2020-06-03,4.960812091827393,6.309999942779541,6.480000019073486,6.224999904632568,6.465000152587891,840462
2020-06-04,5.043361663818359,6.414999961853027,6.420000076293945,6.25,6.295000076293945,723493
2020-06-05,5.007983207702637,6.369999885559082,6.454999923706055,6.309999942779541,6.454999923706055,576027
2020-06-08,4.960812091827393,6.309999942779541,6.34499979019165,6.275000095367432,6.34499979019165,532055
2020-06-09,4.968674659729004,6.320000171661377,6.329999923706055,6.190000057220459,6.300000190734863,563783
2020-06-10,4.980466365814209,6.335000038146973,6.400000095367432,6.264999866485596,6.320000171661377,518343
2020-06-11,4.921504020690918,6.260000228881836,6.434999942779541,6.150000095367432,6.269999980926514,1444224
2020-06-12,4.913328170776367,6.010000228881836,6.150000095367432,5.909999847412109,6.0,1429948
2020-06-15,4.905152797698975,6.0,6.065000057220459,5.75,5.900000095367432,1276732
2020-06-16,5.187199115753174,6.34499979019165,6.385000228881836,6.09499979019165,6.099999904632568,1329753
2020-06-17,5.170848846435547,6.324999809265137,6.364999771118164,6.195000171661377,6.349999904632568,948919
2020-06-18,5.129972457885742,6.275000095367432,6.360000133514404,6.230000019073486,6.355000019073486,471633
2020-06-22,5.101358890533447,6.239999771118164,6.260000228881836,6.179999828338623,6.25,310589
2020-06-23,5.068657875061035,6.199999809265137,6.244999885559082,6.159999847412109,6.215000152587891,443263
2020-06-24,5.019606113433838,6.139999866485596,6.230000019073486,6.125,6.184999942779541,241186
2020-06-25,4.876539707183838,5.965000152587891,6.125,5.920000076293945,6.119999885559082,585688
2020-06-26,4.892889976501465,5.985000133514404,6.050000190734863,5.965000152587891,6.0,305366
2020-06-29,4.901065349578857,5.994999885559082,6.014999866485596,5.909999847412109,5.985000133514404,385011
2020-06-30,4.92150354385376,6.019999980926514,6.03000020980835,5.934999942779541,5.994999885559082,442285
2020-07-01,4.986905097961426,6.099999904632568,6.135000228881836,6.010000228881836,6.045000076293945,406224
2020-07-02,5.035956859588623,6.159999847412109,6.210000038146973,6.025000095367432,6.09499979019165,599656
2020-07-03,4.966466903686523,6.074999809265137,6.215000152587891,6.059999942779541,6.159999847412109,172181
2020-07-06,5.023694038391113,6.144999980926514,6.170000076293945,6.059999942779541,6.085000038146973,243381
2020-07-07,4.892889976501465,5.985000133514404,6.114999771118164,5.96999979019165,6.074999809265137,300672
2020-07-08,4.909240245819092,6.005000114440918,6.039999961853027,5.940000057220459,5.96999979019165,213053
2020-07-09,4.831575870513916,5.909999847412109,6.045000076293945,5.90500020980835,6.005000114440918,262350
2020-07-10,4.7947869300842285,5.864999771118164,5.900000095367432,5.829999923706055,5.894999980926514,193055
2020-07-13,4.856101036071777,5.940000057220459,5.960000038146973,5.889999866485596,5.889999866485596,181231
2020-07-14,4.819312572479248,5.894999980926514,5.940000057220459,5.84499979019165,5.940000057220459,216219
2020-07-15,4.843838691711426,5.925000190734863,5.980000019073486,5.894999980926514,5.909999847412109,219906
2020-07-16,4.868363857269287,5.954999923706055,5.954999923706055,5.829999923706055,5.925000190734863,257222
2020-07-17,4.933765888214111,6.034999847412109,6.034999847412109,5.855000019073486,5.855000019073486,211908
2020-07-20,4.901065349578857,5.994999885559082,6.065000057220459,5.925000190734863,6.025000095367432,321863
2020-07-21,4.986905097961426,6.099999904632568,6.15500020980835,5.994999885559082,6.070000171661377,476041
2020-07-22,5.011431694030762,6.130000114440918,6.135000228881836,6.03000020980835,6.03000020980835,364602
2020-07-23,5.093183517456055,6.230000019073486,6.230000019073486,6.125,6.130000114440918,451807
2020-07-24,5.142235279083252,6.289999961853027,6.304999828338623,6.125,6.224999904632568,483193
2020-07-27,5.162672996520996,6.315000057220459,6.335000038146973,6.260000228881836,6.289999961853027,303093
2020-07-28,5.142235279083252,6.289999961853027,6.389999866485596,6.260000228881836,6.300000190734863,281265
2020-07-29,5.191287040710449,6.349999904632568,6.355000019073486,6.264999866485596,6.275000095367432,221066
2020-07-30,5.35479211807251,6.550000190734863,6.550000190734863,6.224999904632568,6.364999771118164,1053645
2020-07-31,5.407930850982666,6.614999771118164,6.75,6.440000057220459,6.525000095367432,856367
2020-08-03,5.497859001159668,6.724999904632568,6.75,6.59499979019165,6.610000133514404,565045
2020-08-04,5.4324564933776855,6.644999980926514,6.75,6.644999980926514,6.724999904632568,425660
2020-08-05,5.403843402862549,6.610000133514404,6.650000095367432,6.489999771118164,6.630000114440918,447981
2020-08-06,5.305739879608154,6.489999771118164,6.639999866485596,6.40500020980835,6.554999828338623,349138
2020-08-07,5.342528820037842,6.534999847412109,6.534999847412109,6.434999942779541,6.494999885559082,249748
2020-08-10,5.3670549392700195,6.565000057220459,6.574999809265137,6.480000019073486,6.525000095367432,290361
2020-08-11,5.452894687652588,6.670000076293945,6.690000057220459,6.489999771118164,6.5,412226
2020-08-12,5.477420330047607,6.699999809265137,6.704999923706055,6.619999885559082,6.659999847412109,406939
2020-08-13,5.4447197914123535,6.659999847412109,6.715000152587891,6.635000228881836,6.695000171661377,226419
2020-08-14,5.452894687652588,6.670000076293945,6.675000190734863,6.579999923706055,6.650000095367432,192055
2020-08-17,5.497859001159668,6.724999904632568,6.744999885559082,6.579999923706055,6.579999923706055,382220
2020-08-18,5.477420330047607,6.699999809265137,6.71999979019165,6.59499979019165,6.614999771118164,310012
2020-08-19,5.477420330047607,6.699999809265137,6.75,6.650000095367432,6.699999809265137,212277
2020-08-20,5.473333358764648,6.695000171661377,6.699999809265137,6.639999866485596,6.695000171661377,171298
2020-08-21,5.4651570320129395,6.684999942779541,6.715000152587891,6.630000114440918,6.699999809265137,182390
2020-08-24,5.5550856590271,6.795000076293945,6.795000076293945,6.684999942779541,6.710000038146973,358217
2020-08-25,5.526472091674805,6.760000228881836,6.840000152587891,6.739999771118164,6.800000190734863,278363
2020-08-26,5.632750034332275,6.889999866485596,6.889999866485596,6.739999771118164,6.75,414182
2020-08-27,5.608224391937256,6.860000133514404,6.940000057220459,6.840000152587891,6.894999980926514,253099
2020-08-28,5.5550856590271,6.795000076293945,6.860000133514404,6.75,6.815000057220459,289259
2020-08-31,5.571435928344727,6.815000057220459,6.864999771118164,6.784999847412109,6.840000152587891,448904
2020-09-01,5.559173583984375,6.800000190734863,6.824999809265137,6.744999885559082,6.815000057220459,250278
2020-09-02,5.5550856590271,6.795000076293945,6.914999961853027,6.784999847412109,6.800000190734863,403357
2020-09-03,5.481508255004883,6.704999923706055,6.90500020980835,6.670000076293945,6.889999866485596,382007
2020-09-04,5.501946449279785,6.730000019073486,6.824999809265137,6.614999771118164,6.650000095367432,372783
2020-09-07,5.550997734069824,6.789999961853027,6.820000171661377,6.724999904632568,6.730000019073486,203288
2020-09-08,5.5101213455200195,6.739999771118164,6.789999961853027,6.670000076293945,6.789999961853027,263269
2020-09-09,5.640926361083984,6.900000095367432,6.900000095367432,6.690000057220459,6.690000057220459,381878
2020-09-10,5.591874599456787,6.840000152587891,6.900000095367432,6.795000076293945,6.900000095367432,306431
2020-09-11,5.567348003387451,6.809999942779541,6.855000019073486,6.764999866485596,6.849999904632568,258061
2020-09-14,5.559173583984375,6.800000190734863,6.84499979019165,6.75,6.809999942779541,240629
2020-09-15,5.591874599456787,6.840000152587891,6.860000133514404,6.789999961853027,6.795000076293945,236308
2020-09-16,5.779904842376709,7.070000171661377,7.09499979019165,6.829999923706055,6.829999923706055,492962
2020-09-17,5.771729946136475,7.059999942779541,7.070000171661377,6.925000190734863,6.925000190734863,226740
2020-09-18,5.8044304847717285,7.099999904632568,7.179999828338623,7.034999847412109,7.039999961853027,440205
2020-09-21,5.673626899719238,6.940000057220459,7.099999904632568,6.914999961853027,7.099999904632568,592182
2020-09-22,5.6981520652771,6.96999979019165,7.079999923706055,6.864999771118164,6.864999771118164,342747
2020-09-23,5.70632791519165,6.980000019073486,7.045000076293945,6.96999979019165,6.96999979019165,196034
2020-09-24,5.710415840148926,6.985000133514404,6.994999885559082,6.889999866485596,6.954999923706055,254692
2020-09-25,5.685889720916748,6.954999923706055,7.050000190734863,6.914999961853027,6.989999771118164,343063
2020-09-28,5.853481769561768,7.159999847412109,7.170000076293945,6.954999923706055,6.954999923706055,352286
2020-09-29,5.783992767333984,7.074999809265137,7.15500020980835,7.059999942779541,7.135000228881836,212736
2020-09-30,5.759467124938965,7.045000076293945,7.070000171661377,6.989999771118164,7.070000171661377,433197
2020-10-01,5.861658096313477,7.170000076293945,7.170000076293945,7.03000020980835,7.039999961853027,257209
2020-10-02,5.91888427734375,7.239999771118164,7.260000228881836,7.09499979019165,7.170000076293945,341877
2020-10-05,5.97611141204834,7.309999942779541,7.324999809265137,7.239999771118164,7.25,205007
2020-10-06,5.927059650421143,7.25,7.369999885559082,7.239999771118164,7.300000190734863,216378
2020-10-07,5.922972202301025,7.244999885559082,7.289999961853027,7.184999942779541,7.244999885559082,184931
2020-10-08,5.845307350158691,7.150000095367432,7.295000076293945,7.125,7.244999885559082,382256
2020-10-09,6.245894908905029,7.639999866485596,7.889999866485596,7.449999809265137,7.460000038146973,998159
2020-10-12,6.335822105407715,7.75,7.764999866485596,7.619999885559082,7.675000190734863,391899
2020-10-13,6.192755222320557,7.574999809265137,7.820000171661377,7.570000171661377,7.75,472260
2020-10-14,6.294946193695068,7.699999809265137,7.699999809265137,7.570000171661377,7.574999809265137,363069
2020-10-15,6.229544162750244,7.619999885559082,7.659999847412109,7.53000020980835,7.659999847412109,180096
2020-10-16,6.270420074462891,7.670000076293945,7.71999979019165,7.625,7.625,310012
2020-10-19,6.233631610870361,7.625,7.695000171661377,7.579999923706055,7.664999961853027,290130
2020-10-20,6.041513442993164,7.389999866485596,7.690000057220459,7.389999866485596,7.650000095367432,460361
2020-10-21,6.066039085388184,7.420000076293945,7.519999980926514,7.375,7.519999980926514,397173
2020-10-22,5.927059650421143,7.25,7.480000019073486,7.215000152587891,7.385000228881836,323294
2020-10-23,5.922972202301025,7.244999885559082,7.335000038146973,7.224999904632568,7.255000114440918,302536
2020-10-26,5.747204303741455,7.03000020980835,7.184999942779541,7.025000095367432,7.184999942779541,296531
2020-10-27,5.669538974761963,6.934999942779541,7.050000190734863,6.920000076293945,7.0,293152
2020-10-28,5.546910285949707,6.784999847412109,6.900000095367432,6.724999904632568,6.900000095367432,439488
2020-10-29,5.689977645874023,6.960000038146973,7.039999961853027,6.690000057220459,6.710000038146973,694641
2020-10-30,5.890271186828613,7.204999923706055,7.224999904632568,6.929999828338623,6.960000038146973,625173
2020-11-02,5.673626899719238,6.940000057220459,7.324999809265137,6.914999961853027,7.224999904632568,633991
2020-11-03,5.747204303741455,7.03000020980835,7.054999828338623,6.835000038146973,7.0,821837
2020-11-04,5.910709381103516,7.230000019073486,7.260000228881836,6.945000171661377,7.03000020980835,527933
2020-11-05,5.8943586349487305,7.210000038146973,7.304999828338623,7.079999923706055,7.295000076293945,2080237
2020-11-06,5.828956604003906,7.130000114440918,7.264999866485596,7.130000114440918,7.210000038146973,438585
2020-11-09,5.796255588531494,7.090000152587891,7.269999980926514,7.085000038146973,7.235000133514404,537581
2020-11-10,5.8044304847717285,7.099999904632568,7.144999980926514,6.889999866485596,7.119999885559082,702477
2020-11-11,5.8044304847717285,7.099999904632568,7.164999961853027,7.054999828338623,7.099999904632568,294825
2020-11-12,5.824869155883789,7.125,7.179999828338623,7.045000076293945,7.050000190734863,453992
2020-11-13,5.828956604003906,7.130000114440918,7.150000095367432,7.074999809265137,7.119999885559082,173139
2020-11-16,5.93114709854126,7.255000114440918,7.260000228881836,7.110000133514404,7.150000095367432,226035
2020-11-17,6.0823893547058105,7.440000057220459,7.454999923706055,7.269999980926514,7.28000020980835,444357
2020-11-18,6.160054683685303,7.534999847412109,7.610000133514404,7.440000057220459,7.440000057220459,491728
2020-11-19,6.045600414276123,7.394999980926514,7.550000190734863,7.369999885559082,7.525000095367432,216803
2020-11-20,6.008811950683594,7.349999904632568,7.440000057220459,7.329999923706055,7.400000095367432,190515
2020-11-23,6.049688339233398,7.400000095367432,7.440000057220459,7.369999885559082,7.400000095367432,272889
2020-11-24,6.086477279663086,7.445000171661377,7.505000114440918,7.335000038146973,7.425000190734863,406230
2020-11-25,6.115090847015381,7.480000019073486,7.510000228881836,7.394999980926514,7.449999809265137,259808
2020-11-26,6.209105968475342,7.59499979019165,7.625,7.449999809265137,7.480000019073486,362357
2020-11-27,6.270420074462891,7.670000076293945,7.675000190734863,7.449999809265137,7.489999771118164,289382
2020-11-30,6.16414213180542,7.539999961853027,7.75,7.53000020980835,7.639999866485596,654510
2020-12-01,6.503415107727051,7.954999923706055,7.989999771118164,7.534999847412109,7.534999847412109,884445
2020-12-02,6.601518154144287,8.074999809265137,8.390000343322754,8.074999809265137,8.255000114440918,785956
2020-12-03,6.703708648681641,8.199999809265137,8.210000038146973,8.0600004196167,8.079999923706055,555383
2020-12-04,6.581079959869385,8.050000190734863,8.234999656677246,8.045000076293945,8.199999809265137,396643
2020-12-07,6.630130767822266,8.109999656677246,8.135000228881836,8.0,8.0,268958
2020-12-08,6.814074516296387,8.335000038146973,8.335000038146973,8.104999542236328,8.104999542236328,284518
2020-12-09,6.883563995361328,8.420000076293945,8.4350004196167,8.300000190734863,8.335000038146973,323302
2020-12-10,6.720059394836426,8.220000267028809,8.585000038146973,8.194999694824219,8.420000076293945,1225758
2020-12-11,6.72823429107666,8.229999542236328,8.479999542236328,8.125,8.239999771118164,842569
2020-12-14,6.658745288848877,8.145000457763672,8.364999771118164,8.079999923706055,8.279999732971191,572992
2020-12-15,6.760936260223389,8.270000457763672,8.369999885559082,8.015000343322754,8.25,754724
2020-12-16,6.793636798858643,8.3100004196167,8.4350004196167,8.270000457763672,8.345000267028809,862507
2020-12-17,7.096121311187744,8.680000305175781,8.680000305175781,8.359999656677246,8.390000343322754,792201
2020-12-18,7.132910251617432,8.725000381469727,8.78499984741211,8.619999885559082,8.699999809265137,726876
2020-12-21,6.948966026306152,8.5,8.720000267028809,8.449999809265137,8.720000267028809,377469
2020-12-22,6.981667518615723,8.539999961853027,8.59000015258789,8.460000038146973,8.489999771118164,241206
2020-12-23,6.97349214553833,8.529999732971191,8.579999923706055,8.5,8.539999961853027,140606
2020-12-28,6.936703681945801,8.484999656677246,8.609999656677246,8.430000305175781,8.600000381469727,331836
2020-12-29,7.0429816246032715,8.614999771118164,8.649999618530273,8.470000267028809,8.470000267028809,494035
2020-12-30,7.047069072723389,8.619999885559082,8.744999885559082,8.595000267028809,8.614999771118164,316122
2021-01-04,7.1042962074279785,8.6899995803833,8.734999656677246,8.625,8.694999694824219,298810
2021-01-05,6.940791606903076,8.489999771118164,8.720000267028809,8.489999771118164,8.720000267028809,283091
2021-01-07,7.194224834442139,8.800000190734863,8.8149995803833,8.555000305175781,8.555000305175781,463309
2021-01-08,7.226925373077393,8.84000015258789,8.899999618530273,8.729999542236328,8.819999694824219,388583
2021-01-11,7.14108419418335,8.734999656677246,8.859999656677246,8.725000381469727,8.84000015258789,342026
2021-01-12,7.1656107902526855,8.765000343322754,8.885000228881836,8.739999771118164,8.779999732971191,513521
2021-01-13,7.3209404945373535,8.954999923706055,9.03499984741211,8.8100004196167,8.8149995803833,470322
2021-01-14,7.275976181030273,8.899999618530273,9.119999885559082,8.795000076293945,8.984999656677246,648738
2021-01-15,7.177873134613037,8.779999732971191,8.979999542236328,8.760000228881836,8.899999618530273,557927
2021-01-18,7.451744079589844,9.114999771118164,9.125,8.800000190734863,8.800000190734863,384249
2021-01-19,7.443568706512451,9.104999542236328,9.140000343322754,8.994999885559082,9.114999771118164,312372
2021-01-20,7.558023452758789,9.244999885559082,9.319999694824219,9.0600004196167,9.0600004196167,564398
2021-01-21,7.848245143890381,9.600000381469727,9.71500015258789,9.34000015258789,9.34000015258789,711511
2021-01-22,7.786928653717041,9.524999618530273,9.600000381469727,9.4350004196167,9.600000381469727,401240
2021-01-25,7.566197872161865,9.255000114440918,9.579999923706055,9.229999542236328,9.520000457763672,516793
2021-01-26,7.52123498916626,9.199999809265137,9.319999694824219,9.149999618530273,9.255000114440918,401185
2021-01-27,7.31685209274292,8.949999809265137,9.199999809265137,8.805000305175781,9.199999809265137,564093
2021-01-28,7.2678022384643555,8.890000343322754,9.020000457763672,8.710000038146973,8.90999984741211,486506
2021-01-29,7.255538463592529,8.875,8.9350004196167,8.75,8.859999656677246,360660
2021-02-01,7.275976181030273,8.899999618530273,9.045000076293945,8.850000381469727,8.850000381469727,215217
2021-02-02,7.312765121459961,8.944999694824219,9.024999618530273,8.850000381469727,8.944999694824219,215561
2021-02-03,7.365904331207275,9.010000228881836,9.0649995803833,8.899999618530273,8.944999694824219,186970
2021-02-04,7.34955358505249,8.989999771118164,9.079999923706055,8.925000190734863,9.0,216924
2021-02-05,7.280064582824707,8.904999732971191,9.0,8.880000114440918,8.989999771118164,301638
2021-02-08,7.439481735229492,9.100000381469727,9.21500015258789,8.90999984741211,8.90999984741211,308373
2021-02-09,7.500795841217041,9.175000190734863,9.21500015258789,8.989999771118164,9.100000381469727,323970
2021-02-10,7.578461647033691,9.270000457763672,9.345000267028809,9.154999732971191,9.180000305175781,340600
2021-02-11,7.848245143890381,9.600000381469727,9.795000076293945,9.164999961853027,9.274999618530273,1072252
2021-02-12,7.901383876800537,9.664999961853027,9.930000305175781,9.579999923706055,9.699999809265137,671344
2021-02-15,8.052626609802246,9.850000381469727,9.850000381469727,9.579999923706055,9.649999618530273,790183
2021-02-16,7.819630146026611,9.5649995803833,9.899999618530273,9.539999961853027,9.875,600371
2021-02-17,7.529409885406494,9.210000038146973,9.539999961853027,9.175000190734863,9.539999961853027,467522
2021-02-18,7.513058185577393,9.1899995803833,9.414999961853027,9.180000305175781,9.199999809265137,488528
2021-02-19,7.5743727684021,9.265000343322754,9.305000305175781,9.069999694824219,9.1899995803833,465844
2021-02-22,7.39451789855957,9.045000076293945,9.279999732971191,9.045000076293945,9.270000457763672,338164
2021-02-23,7.443568706512451,9.104999542236328,9.175000190734863,8.930000305175781,9.069999694824219,550380
2021-02-24,7.6029863357543945,9.300000190734863,9.3149995803833,9.020000457763672,9.020000457763672,376852
2021-02-25,7.61933708190918,9.319999694824219,9.444999694824219,9.28499984741211,9.34000015258789,331279
2021-02-26,7.545759677886963,9.229999542236328,9.295000076293945,9.145000457763672,9.199999809265137,365802
2021-03-01,7.639775276184082,9.345000267028809,9.4350004196167,9.244999885559082,9.300000190734863,336228
2021-03-02,7.643863201141357,9.350000381469727,9.489999771118164,9.34000015258789,9.359999656677246,357433
2021-03-03,7.758316516876221,9.489999771118164,9.489999771118164,9.359999656677246,9.399999618530273,417668
2021-03-04,7.615249156951904,9.3149995803833,9.454999923706055,9.229999542236328,9.449999809265137,337435
2021-03-05,7.513058185577393,9.1899995803833,9.390000343322754,9.154999732971191,9.274999618530273,291192
2021-03-08,7.766491889953613,9.5,9.5,9.199999809265137,9.199999809265137,404789
2021-03-09,7.79510498046875,9.53499984741211,9.53499984741211,9.380000114440918,9.5,244602
2021-03-10,7.639775276184082,9.345000267028809,9.555000305175781,9.319999694824219,9.53499984741211,215237
2021-03-11,7.78284215927124,9.520000457763672,9.675000190734863,9.460000038146973,9.479999542236328,350817
2021-03-12,7.639775276184082,9.345000267028809,9.53499984741211,9.279999732971191,9.524999618530273,529766
2021-03-15,7.688827037811279,9.404999732971191,9.515000343322754,9.34000015258789,9.34000015258789,498660
2021-03-16,7.623425483703613,9.324999809265137,9.454999923706055,9.260000228881836,9.449999809265137,323756
2021-03-17,7.541672706604004,9.225000381469727,9.369999885559082,9.204999923706055,9.369999885559082,199183
2021-03-18,7.876858234405518,9.635000228881836,9.739999771118164,9.385000228881836,9.420000076293945,633919
2021-03-19,8.00357437133789,9.789999961853027,9.789999961853027,9.5,9.545000076293945,554910
2021-03-22,7.876858234405518,9.635000228881836,9.875,9.569999694824219,9.78499984741211,302636
2021-03-23,7.880945682525635,9.640000343322754,9.65999984741211,9.460000038146973,9.609999656677246,418988
2021-03-24,7.880945682525635,9.640000343322754,9.645000457763672,9.505000114440918,9.609999656677246,262023
2021-03-25,7.774667739868164,9.510000228881836,9.654999732971191,9.454999923706055,9.654999732971191,310491
2021-03-26,8.031022071838379,9.555000305175781,9.555000305175781,9.335000038146973,9.350000381469727,306674
2021-03-29,7.925957679748535,9.430000305175781,9.600000381469727,9.425000190734863,9.550000190734863,175092
2021-03-30,7.984793186187744,9.5,9.5,9.380000114440918,9.430000305175781,195033
2021-03-31,7.808287620544434,9.289999961853027,9.550000190734863,9.28499984741211,9.550000190734863,366108
2021-04-01,7.934361934661865,9.4399995803833,9.494999885559082,9.260000228881836,9.300000190734863,336728
2021-04-06,7.837705612182617,9.324999809265137,9.539999961853027,9.305000305175781,9.399999618530273,382700
2021-04-07,7.955376148223877,9.46500015258789,9.510000228881836,9.25,9.3149995803833,307102
2021-04-08,8.056236267089844,9.585000038146973,9.595000267028809,9.395000457763672,9.5,338853
2021-04-09,8.06884479522705,9.600000381469727,9.675000190734863,9.53499984741211,9.600000381469727,248934
2021-04-12,7.967982292175293,9.479999542236328,9.625,9.454999923706055,9.600000381469727,139403
2021-04-13,7.917553424835205,9.420000076293945,9.604999542236328,9.399999618530273,9.479999542236328,271612
2021-04-14,7.9007415771484375,9.399999618530273,9.470000267028809,9.34000015258789,9.460000038146973,360646
2021-04-15,8.06884479522705,9.600000381469727,9.619999885559082,9.395000457763672,9.399999618530273,435356
2021-04-16,8.257956504821777,9.824999809265137,9.835000038146973,9.59000015258789,9.625,596399
2021-04-19,8.249551773071289,9.8149995803833,9.880000114440918,9.760000228881836,9.835000038146973,285527
2021-04-20,8.144489288330078,9.6899995803833,9.854999542236328,9.6850004196167,9.8149995803833,242055
2021-04-21,8.2411470413208,9.805000305175781,9.805000305175781,9.654999732971191,9.6899995803833,255626
2021-04-22,8.16970443725586,9.720000267028809,9.835000038146973,9.675000190734863,9.770000457763672,255138
2021-04-23,8.232742309570312,9.795000076293945,9.800000190734863,9.670000076293945,9.71500015258789,291146
2021-04-26,8.337804794311523,9.920000076293945,10.010000228881836,9.760000228881836,9.800000190734863,379164
2021-04-27,8.140286445617676,9.6850004196167,9.920000076293945,9.640000343322754,9.920000076293945,391640
2021-04-28,8.909348487854004,10.600000381469727,10.739999771118164,9.640000343322754,9.6850004196167,2223793
2021-04-29,8.993398666381836,10.699999809265137,11.010000228881836,10.479999542236328,10.609999656677246,1390950
2021-04-30,8.900943756103516,10.59000015258789,10.6899995803833,10.399999618530273,10.6899995803833,902685
2021-05-03,8.758057594299316,10.420000076293945,10.6899995803833,10.34000015258789,10.600000381469727,328701
2021-05-04,8.850512504577637,10.529999732971191,10.630000114440918,10.4399995803833,10.4399995803833,677210
2021-05-05,8.86732292175293,10.550000190734863,10.579999923706055,10.40999984741211,10.479999542236328,488445
2021-05-06,8.732842445373535,10.390000343322754,10.649999618530273,10.34000015258789,10.59000015258789,500043
2021-05-07,8.707627296447754,10.359999656677246,10.5,10.300000190734863,10.449999809265137,354115
2021-05-10,8.707627296447754,10.359999656677246,10.460000038146973,10.260000228881836,10.369999885559082,426650
2021-05-11,8.547931671142578,10.170000076293945,10.350000381469727,10.050000190734863,10.300000190734863,399413
2021-05-12,8.556336402893066,10.180000305175781,10.300000190734863,10.100000381469727,10.130000114440918,330648
2021-05-14,8.4975004196167,10.109999656677246,10.25,10.0600004196167,10.239999771118164,184112
2021-05-17,8.4975004196167,10.109999656677246,10.170000076293945,10.079999923706055,10.119999885559082,183847
2021-05-18,8.66560173034668,10.3100004196167,10.350000381469727,10.109999656677246,10.109999656677246,382170
2021-05-19,8.573145866394043,10.199999809265137,10.239999771118164,10.119999885559082,10.199999809265137,443367
2021-05-20,8.581552505493164,10.210000038146973,10.270000457763672,10.119999885559082,10.1899995803833,191839
2021-05-21,8.514310836791992,10.130000114440918,10.25,10.109999656677246,10.25,187308
2021-05-24,8.53952693939209,10.15999984741211,10.1899995803833,10.09000015258789,10.130000114440918,158207
2021-05-25,8.455475807189941,10.0600004196167,10.130000114440918,9.925000190734863,9.960000038146973,453225
2021-05-26,8.270565032958984,9.84000015258789,10.0600004196167,9.84000015258789,10.0600004196167,505863
2021-05-27,8.220133781433105,9.779999732971191,9.84000015258789,9.704999923706055,9.835000038146973,653673
2021-05-28,8.157096862792969,9.704999923706055,9.869999885559082,9.569999694824219,9.8100004196167,590387
2021-05-31,7.808287620544434,9.289999961853027,9.579999923706055,9.289999961853027,9.574999809265137,839572
2021-06-01,7.909148693084717,9.40999984741211,9.479999542236328,9.3100004196167,9.319999694824219,446041
2021-06-02,7.955376148223877,9.46500015258789,9.489999771118164,9.350000381469727,9.40999984741211,504196
2021-06-03,7.791477680206299,9.270000457763672,9.494999885559082,9.239999771118164,9.46500015258789,464308
2021-06-04,7.787274360656738,9.265000343322754,9.300000190734863,9.170000076293945,9.300000190734863,508370
2021-06-07,7.640186786651611,9.09000015258789,9.28499984741211,9.039999961853027,9.234999656677246,561169
2021-06-08,7.577148914337158,9.015000343322754,9.109999656677246,9.005000114440918,9.095000267028809,73294
2021-06-09,7.547730445861816,8.979999542236328,9.09000015258789,8.9399995803833,8.989999771118164,346455
2021-06-10,7.430060863494873,8.84000015258789,9.015000343322754,8.8100004196167,9.015000343322754,393262
2021-06-11,7.497300624847412,8.920000076293945,8.954999923706055,8.84000015258789,8.850000381469727,237929
2021-06-14,7.598160743713379,9.039999961853027,9.069999694824219,8.925000190734863,8.925000190734863,308686
2021-06-15,7.430060863494873,8.84000015258789,9.050000190734863,8.829999923706055,9.050000190734863,393423
2021-06-16,7.564541339874268,9.0,9.029999732971191,8.8149995803833,8.899999618530273,318635
2021-06-17,7.40484619140625,8.8100004196167,8.994999885559082,8.8100004196167,8.989999771118164,425964
2021-06-18,7.194719314575195,8.5600004196167,8.914999961853027,8.555000305175781,8.850000381469727,601930
2021-06-21,7.350212574005127,8.744999885559082,8.770000457763672,8.475000381469727,8.524999618530273,512235
2021-06-22,7.371225357055664,8.770000457763672,8.795000076293945,8.654999732971191,8.75,249919
2021-06-23,7.219934463500977,8.59000015258789,8.789999961853027,8.59000015258789,8.770000457763672,221339
2021-06-24,7.161099433898926,8.520000457763672,8.670000076293945,8.515000343322754,8.600000381469727,363372
2021-06-28,7.215731620788574,8.585000038146973,8.765000343322754,8.5600004196167,8.645000457763672,336534
2021-06-29,7.236743927001953,8.609999656677246,8.654999732971191,8.520000457763672,8.609999656677246,246452
2021-06-30,7.291377067565918,8.675000190734863,8.824999809265137,8.649999618530273,8.680000305175781,385747
2021-07-01,7.383831977844238,8.78499984741211,8.864999771118164,8.699999809265137,8.699999809265137,239570
2021-07-02,7.505706310272217,8.930000305175781,8.96500015258789,8.78499984741211,8.800000190734863,407752
2021-07-05,7.711629390716553,9.175000190734863,9.204999923706055,8.914999961853027,8.949999809265137,627986
2021-07-06,7.53092098236084,8.960000038146973,9.164999961853027,8.960000038146973,9.15999984741211,353276
2021-07-07,7.65699577331543,9.109999656677246,9.109999656677246,8.960000038146973,8.979999542236328,583030
2021-07-08,7.715831756591797,9.180000305175781,9.345000267028809,9.03499984741211,9.234999656677246,632896
2021-07-09,7.8545145988464355,9.345000267028809,9.375,9.1899995803833,9.234999656677246,389081
2021-07-12,7.791477680206299,9.270000457763672,9.390000343322754,9.180000305175781,9.390000343322754,279651
2021-07-13,7.757856369018555,9.229999542236328,9.28499984741211,9.210000038146973,9.274999618530273,212965
2021-07-14,7.757856369018555,9.229999542236328,9.28499984741211,9.220000267028809,9.229999542236328,128160
2021-07-15,7.816691875457764,9.300000190734863,9.380000114440918,9.220000267028809,9.279999732971191,335002
2021-07-16,7.745248794555664,9.21500015258789,9.375,9.180000305175781,9.34000015258789,334634
2021-07-19,7.6485915184021,9.100000381469727,9.260000228881836,9.03499984741211,9.255000114440918,372008
2021-07-20,7.783071517944336,9.260000228881836,9.279999732971191,9.095000267028809,9.225000381469727,239833
2021-07-21,7.8040852546691895,9.28499984741211,9.510000228881836,9.170000076293945,9.4399995803833,530197
2021-07-22,7.871325969696045,9.364999771118164,9.414999961853027,9.28499984741211,9.345000267028809,369085
2021-07-23,7.984793186187744,9.5,9.550000190734863,9.359999656677246,9.359999656677246,477449
2021-07-26,8.073046684265137,9.604999542236328,9.649999618530273,9.460000038146973,9.520000457763672,367571
2021-07-27,8.207527160644531,9.765000343322754,9.765000343322754,9.505000114440918,9.649999618530273,502260
2021-07-28,8.224337577819824,9.78499984741211,10.100000381469727,9.4350004196167,9.800000190734863,1492970
2021-07-29,7.984793186187744,9.5,9.979999542236328,9.449999809265137,9.850000381469727,987339
2021-07-30,7.833502292633057,9.319999694824219,9.5,9.21500015258789,9.479999542236328,799475
2021-08-02,7.829299449920654,9.3149995803833,9.390000343322754,9.204999923706055,9.359999656677246,421761
2021-08-03,7.892337322235107,9.390000343322754,9.4399995803833,9.260000228881836,9.319999694824219,356051
2021-08-04,7.913351058959961,9.414999961853027,9.524999618530273,9.404999732971191,9.444999694824219,427590
2021-08-05,7.88813591003418,9.385000228881836,9.475000381469727,9.364999771118164,9.40999984741211,337700
2021-08-06,7.791477680206299,9.270000457763672,9.395000457763672,9.260000228881836,9.385000228881836,248900
2021-08-09,7.8040852546691895,9.28499984741211,9.295000076293945,9.180000305175781,9.260000228881836,286089
2021-08-10,7.791477680206299,9.270000457763672,9.3149995803833,9.225000381469727,9.300000190734863,244351
2021-08-11,7.816691875457764,9.300000190734863,9.350000381469727,9.260000228881836,9.300000190734863,359753
2021-08-12,7.8040852546691895,9.28499984741211,9.335000038146973,9.260000228881836,9.3100004196167,239029
2021-08-13,7.799881935119629,9.279999732971191,9.329999923706055,9.229999542236328,9.28499984741211,378481
2021-08-16,7.757856369018555,9.229999542236328,9.3149995803833,9.154999732971191,9.279999732971191,346204
2021-08-17,7.711629390716553,9.175000190734863,9.25,9.140000343322754,9.180000305175781,387553
2021-08-18,7.703225135803223,9.164999961853027,9.199999809265137,9.135000228881836,9.175000190734863,223351
2021-08-19,7.522514820098877,8.949999809265137,9.130000114440918,8.925000190734863,9.125,341980
2021-08-20,7.455275535583496,8.869999885559082,8.949999809265137,8.835000038146973,8.949999809265137,379110
2021-08-23,7.535123348236084,8.96500015258789,8.994999885559082,8.895000457763672,8.994999885559082,243024
2021-08-24,7.493098258972168,8.914999961853027,9.010000228881836,8.904999732971191,9.0,257425
2021-08-25,7.501502990722656,8.925000190734863,9.024999618530273,8.90999984741211,8.984999656677246,278071
2021-08-26,7.526718616485596,8.954999923706055,8.954999923706055,8.869999885559082,8.899999618530273,249967
2021-08-27,7.560338020324707,8.994999885559082,9.0,8.895000457763672,8.949999809265137,157412
2021-08-30,7.598160743713379,9.039999961853027,9.069999694824219,9.0,9.0,147765
2021-08-31,7.438465595245361,8.850000381469727,9.050000190734863,8.845000267028809,9.050000190734863,393125
2021-09-01,7.472085952758789,8.890000343322754,9.024999618530273,8.890000343322754,8.914999961853027,310358
2021-09-02,7.556135654449463,8.989999771118164,9.0,8.890000343322754,8.90999984741211,179199
2021-09-03,7.606566429138184,9.050000190734863,9.125,8.979999542236328,9.005000114440918,273997
2021-09-06,7.610768795013428,9.055000305175781,9.079999923706055,9.005000114440918,9.050000190734863,215941
2021-09-07,7.682211875915527,9.140000343322754,9.149999618530273,9.020000457763672,9.055000305175781,214788
2021-09-08,7.44687032699585,8.859999656677246,9.135000228881836,8.835000038146973,9.135000228881836,290163
2021-09-09,7.379629611968994,8.779999732971191,8.859999656677246,8.755000114440918,8.84000015258789,195056
2021-09-10,7.4426679611206055,8.854999542236328,8.9399995803833,8.800000190734863,8.869999885559082,221804
2021-09-13,7.341806888580322,8.734999656677246,8.835000038146973,8.505000114440918,8.835000038146973,575174
2021-09-14,7.438465595245361,8.850000381469727,9.09000015258789,8.779999732971191,8.880000114440918,653317
2021-09-15,7.333402633666992,8.725000381469727,8.829999923706055,8.6899995803833,8.829999923706055,321341
2021-09-16,7.32919979095459,8.720000267028809,8.78499984741211,8.670000076293945,8.725000381469727,341382
2021-09-17,7.177908897399902,8.539999961853027,8.779999732971191,8.539999961853027,8.75,600714
2021-09-20,6.988795280456543,8.3149995803833,8.5,8.270000457763672,8.5,629734
2021-09-21,6.9509735107421875,8.270000457763672,8.390000343322754,8.255000114440918,8.300000190734863,415812
2021-09-22,7.060237884521484,8.399999618530273,8.430000305175781,8.3100004196167,8.324999809265137,210028
2021-09-23,7.110668659210205,8.460000038146973,8.53499984741211,8.390000343322754,8.5,325253
2021-09-24,6.980390548706055,8.305000305175781,8.460000038146973,8.244999885559082,8.460000038146973,174883
2021-09-27,6.88793420791626,8.194999694824219,8.359999656677246,8.15999984741211,8.34000015258789,241847
2021-09-28,6.7954792976379395,8.085000038146973,8.319999694824219,8.079999923706055,8.239999771118164,756315
2021-09-29,6.7786688804626465,8.0649995803833,8.225000381469727,8.024999618530273,8.109999656677246,447282
2021-09-30,6.803884983062744,8.095000267028809,8.194999694824219,8.0649995803833,8.130000114440918,302272
2021-10-01,6.749250888824463,8.029999732971191,8.114999771118164,7.909999847412109,8.029999732971191,241912
2021-10-04,6.72403621673584,8.0,8.095000267028809,7.980000019073486,8.029999732971191,182565
2021-10-05,6.698821544647217,7.96999979019165,8.020000457763672,7.909999847412109,8.0,235524
2021-10-06,6.656796455383301,7.920000076293945,7.989999771118164,7.864999771118164,7.96999979019165,323922
2021-10-07,6.728238582611084,8.005000114440918,8.09000015258789,7.974999904632568,7.994999885559082,227949
2021-10-08,6.7786688804626465,8.0649995803833,8.104999542236328,7.989999771118164,8.050000190734863,220021
2021-10-11,6.703023433685303,7.974999904632568,8.074999809265137,7.909999847412109,8.074999809265137,228194
2021-10-12,6.589555740356445,7.840000152587891,8.045000076293945,7.5,7.885000228881836,826719
2021-10-13,6.782871246337891,8.069999694824219,8.095000267028809,7.800000190734863,7.840000152587891,337214
2021-10-14,6.8753275871276855,8.180000305175781,8.21500015258789,8.074999809265137,8.100000381469727,237926
2021-10-15,6.904745101928711,8.21500015258789,8.3100004196167,8.1899995803833,8.220000267028809,256084
2021-10-18,6.8963398933410645,8.204999923706055,8.300000190734863,8.170000076293945,8.220000267028809,235358
2021-10-19,6.980390548706055,8.305000305175781,8.470000267028809,8.239999771118164,8.244999885559082,324273
2021-10-20,7.005605220794678,8.335000038146973,8.364999771118164,8.140000343322754,8.319999694824219,304445
2021-10-21,6.971985340118408,8.295000076293945,8.40999984741211,8.289999961853027,8.335000038146973,228202
2021-10-22,7.0980610847473145,8.444999694824219,8.505000114440918,8.3149995803833,8.359999656677246,285571
2021-10-25,7.106465816497803,8.454999923706055,8.515000343322754,8.395000457763672,8.449999809265137,192432
2021-10-26,7.119073867797852,8.470000267028809,8.539999961853027,8.40999984741211,8.449999809265137,303206
2021-10-27,6.900542259216309,8.210000038146973,8.600000381469727,8.199999809265137,8.600000381469727,599251
2021-10-28,6.929960250854492,8.244999885559082,8.270000457763672,7.965000152587891,8.270000457763672,436280
2021-10-29,6.72403621673584,8.0,8.260000228881836,7.965000152587891,8.239999771118164,614729
2021-11-01,6.757657051086426,8.039999961853027,8.15999984741211,8.005000114440918,8.125,177131
2021-11-02,6.65259313583374,7.914999961853027,8.0600004196167,7.914999961853027,8.0600004196167,457990
2021-11-03,6.728238582611084,8.005000114440918,8.005000114440918,7.889999866485596,7.949999809265137,269442
2021-11-04,6.665201187133789,7.929999828338623,8.045000076293945,7.929999828338623,8.010000228881836,297419
2021-11-05,6.707226276397705,7.980000019073486,7.994999885559082,7.885000228881836,7.974999904632568,179346
2021-11-08,6.703023433685303,7.974999904632568,8.020000457763672,7.940000057220459,7.989999771118164,183271
2021-11-09,6.67780876159668,7.945000171661377,8.029999732971191,7.934999942779541,8.0,161971
2021-11-10,6.753454208374023,8.03499984741211,8.0649995803833,7.965000152587891,8.005000114440918,181030
2021-11-11,6.963580131530762,8.28499984741211,8.3100004196167,8.03499984741211,8.03499984741211,417275
2021-11-12,7.102263450622559,8.449999809265137,8.494999885559082,8.1899995803833,8.305000305175781,355457
2021-11-15,7.186314105987549,8.550000190734863,8.574999809265137,8.380000114440918,8.449999809265137,365159
2021-11-16,7.119073867797852,8.470000267028809,8.609999656677246,8.46500015258789,8.579999923706055,216629
2021-11-17,7.182110786437988,8.545000076293945,8.604999542236328,8.395000457763672,8.479999542236328,307092
2021-11-18,7.110668659210205,8.460000038146973,8.555000305175781,8.375,8.545000076293945,249640
2021-11-19,7.102263450622559,8.449999809265137,8.520000457763672,8.369999885559082,8.520000457763672,146285
2021-11-22,7.194719314575195,8.5600004196167,8.569999694824219,8.4350004196167,8.449999809265137,149347
2021-11-23,7.102263450622559,8.449999809265137,8.529999732971191,8.404999732971191,8.5,187437
2021-11-24,7.068643569946289,8.40999984741211,8.520000457763672,8.399999618530273,8.460000038146973,364121
2021-11-25,7.261959552764893,8.640000343322754,8.640000343322754,8.420000076293945,8.420000076293945,765565
2021-11-26,7.106465816497803,8.454999923706055,8.524999618530273,8.390000343322754,8.449999809265137,323372
2021-11-29,7.207326412200928,8.574999809265137,8.640000343322754,8.449999809265137,8.454999923706055,301025
2021-11-30,7.127478122711182,8.479999542236328,8.550000190734863,8.430000305175781,8.470000267028809,154899
2021-12-01,7.371225357055664,8.770000457763672,8.895000457763672,8.539999961853027,8.545000076293945,716708
2021-12-02,7.354414939880371,8.75,8.8149995803833,8.645000457763672,8.65999984741211,277061
2021-12-03,7.207326412200928,8.574999809265137,8.8100004196167,8.5649995803833,8.779999732971191,246410
2021-12-07,7.421655178070068,8.829999923706055,8.859999656677246,8.71500015258789,8.800000190734863,690194
2021-12-08,7.417451858520508,8.824999809265137,8.869999885559082,8.770000457763672,8.829999923706055,109725
2021-12-09,7.341806888580322,8.734999656677246,8.869999885559082,8.699999809265137,8.829999923706055,648786
2021-12-10,7.341806888580322,8.734999656677246,8.760000228881836,8.6899995803833,8.720000267028809,338228
2021-12-13,7.249351978302002,8.625,8.800000190734863,8.609999656677246,8.760000228881836,182066
2021-12-14,7.135883808135986,8.489999771118164,8.734999656677246,8.470000267028809,8.625,161928
2021-12-15,7.056035995483398,8.395000457763672,8.515000343322754,8.395000457763672,8.479999542236328,384282
2021-12-16,7.123276710510254,8.475000381469727,8.585000038146973,8.40999984741211,8.5,670957
2021-12-17,6.934162616729736,8.25,8.475000381469727,8.204999923706055,8.444999694824219,554056
2021-12-20,6.753454208374023,8.03499984741211,8.130000114440918,7.994999885559082,8.125,379156
2021-12-21,6.938365459442139,8.255000114440918,8.274999618530273,8.055000305175781,8.119999885559082,403258
2021-12-22,7.0392255783081055,8.375,8.395000457763672,8.279999732971191,8.28499984741211,279428
2021-12-23,7.106465816497803,8.454999923706055,8.46500015258789,8.369999885559082,8.399999618530273,141840
2021-12-27,7.182110786437988,8.545000076293945,8.585000038146973,8.444999694824219,8.449999809265137,189894
2021-12-28,7.308187007904053,8.694999694824219,8.720000267028809,8.524999618530273,8.524999618530273,195835
2021-12-29,7.253554344177246,8.630000114440918,8.664999961853027,8.539999961853027,8.649999618530273,312412
2021-12-30,7.236743927001953,8.609999656677246,8.664999961853027,8.569999694824219,8.640000343322754,208454
2022-01-03,7.28297233581543,8.664999961853027,8.789999961853027,8.609999656677246,8.609999656677246,317530
2022-01-04,7.371225357055664,8.770000457763672,8.805000305175781,8.664999961853027,8.670000076293945,297315
2022-01-05,7.501502990722656,8.925000190734863,8.925000190734863,8.800000190734863,8.805000305175781,307430
2022-01-07,7.438465595245361,8.850000381469727,8.899999618530273,8.795000076293945,8.899999618530273,266167
2022-01-10,7.33760404586792,8.729999542236328,8.895000457763672,8.59000015258789,8.880000114440918,424782
2022-01-11,7.396440505981445,8.800000190734863,8.850000381469727,8.720000267028809,8.760000228881836,238502
2022-01-12,7.497300624847412,8.920000076293945,8.949999809265137,8.725000381469727,8.850000381469727,283257
2022-01-13,7.783071517944336,9.260000228881836,9.350000381469727,8.960000038146973,8.975000381469727,574707
2022-01-14,7.70742654800415,9.170000076293945,9.21500015258789,8.96500015258789,9.199999809265137,394957
2022-01-17,7.593959331512451,9.03499984741211,9.210000038146973,9.005000114440918,9.180000305175781,191350
2022-01-18,7.762059211730957,9.234999656677246,9.34000015258789,9.03499984741211,9.069999694824219,612249
2022-01-19,7.833502292633057,9.319999694824219,9.395000457763672,9.119999885559082,9.1899995803833,389312
2022-01-20,7.963780403137207,9.475000381469727,9.515000343322754,9.3149995803833,9.364999771118164,342034
2022-01-21,7.69902229309082,9.15999984741211,9.484999656677246,9.140000343322754,9.380000114440918,556516
2022-01-24,7.463680744171143,8.880000114440918,9.180000305175781,8.84000015258789,9.149999618530273,341864
2022-01-25,7.913351058959961,9.414999961853027,9.460000038146973,9.085000038146973,9.09000015258789,586789
2022-01-26,7.972184658050537,9.484999656677246,9.755000114440918,9.364999771118164,9.430000305175781,716343
2022-01-27,7.921756267547607,9.425000190734863,9.484999656677246,9.255000114440918,9.390000343322754,356719
2022-01-28,7.963780403137207,9.475000381469727,9.729999542236328,9.375,9.460000038146973,421734
2022-01-31,7.984793186187744,9.5,9.630000114440918,9.350000381469727,9.449999809265137,1448889
2022-02-01,8.127678871154785,9.670000076293945,9.670000076293945,9.520000457763672,9.604999542236328,307582
2022-02-02,8.14869213104248,9.694999694824219,9.795000076293945,9.680000305175781,9.680000305175781,247186
2022-02-03,8.060439109802246,9.59000015258789,9.725000381469727,9.59000015258789,9.6850004196167,155375
2022-02-04,8.19491958618164,9.75,9.789999961853027,9.630000114440918,9.640000343322754,304210
2022-02-07,8.371424674987793,9.960000038146973,9.979999542236328,9.805000305175781,9.824999809265137,349417
2022-02-08,8.413450241088867,10.010000228881836,10.039999961853027,9.859999656677246,9.9399995803833,360208
2022-02-09,8.421855926513672,10.020000457763672,10.1899995803833,9.979999542236328,10.0,354099
2022-02-10,8.278969764709473,9.850000381469727,10.149999618530273,9.739999771118164,10.029999732971191,522065
2022-02-11,8.127678871154785,9.670000076293945,9.859999656677246,9.425000190734863,9.854999542236328,692841
2022-02-14,7.930160045623779,9.4350004196167,9.5600004196167,9.34000015258789,9.489999771118164,341111
2022-02-15,8.073046684265137,9.604999542236328,9.604999542236328,9.34000015258789,9.359999656677246,289056
2022-02-16,8.047831535339355,9.574999809265137,9.704999923706055,9.505000114440918,9.609999656677246,257162
2022-02-17,7.94276762008667,9.449999809265137,9.5649995803833,9.414999961853027,9.5649995803833,165342
2022-02-18,7.925957679748535,9.430000305175781,9.489999771118164,9.385000228881836,9.4399995803833,185560
2022-02-21,7.795679092407227,9.274999618530273,9.460000038146973,9.199999809265137,9.40999984741211,213908
2022-02-22,7.682211875915527,9.140000343322754,9.199999809265137,8.949999809265137,9.005000114440918,318129
2022-02-23,7.678009033203125,9.135000228881836,9.244999885559082,9.085000038146973,9.100000381469727,208446
2022-02-24,7.182110786437988,8.545000076293945,8.949999809265137,8.505000114440918,8.774999618530273,505932
2022-02-25,7.501502990722656,8.925000190734863,8.960000038146973,8.529999732971191,8.529999732971191,291994
2022-02-28,7.341806888580322,8.734999656677246,8.84000015258789,8.600000381469727,8.71500015258789,376779
2022-03-01,6.963580131530762,8.28499984741211,8.739999771118164,8.260000228881836,8.734999656677246,416898
2022-03-02,6.900542259216309,8.210000038146973,8.25,7.84499979019165,8.25,765390
2022-03-03,6.703023433685303,7.974999904632568,8.3149995803833,7.820000171661377,8.270000457763672,616182
2022-03-04,6.635783672332764,7.894999980926514,8.039999961853027,7.744999885559082,7.900000095367432,795877
2022-03-07,6.732441425323486,8.010000228881836,8.130000114440918,7.579999923706055,7.75,849511
2022-03-08,6.841707706451416,8.140000343322754,8.354999542236328,7.789999961853027,7.840000152587891,837968
2022-03-09,7.119073867797852,8.470000267028809,8.539999961853027,8.260000228881836,8.300000190734863,649001
2022-03-10,7.362820148468018,8.760000228881836,8.789999961853027,8.425000190734863,8.555000305175781,467235
2022-03-11,7.291377067565918,8.675000190734863,8.994999885559082,8.600000381469727,8.800000190734863,716837
2022-03-14,7.635983467102051,9.085000038146973,9.100000381469727,8.744999885559082,8.744999885559082,434616
2022-03-15,7.333402633666992,8.725000381469727,9.100000381469727,8.720000267028809,9.100000381469727,420611
2022-03-16,7.678009033203125,9.135000228881836,9.170000076293945,8.90999984741211,8.90999984741211,400051
2022-03-17,7.690616130828857,9.149999618530273,9.270000457763672,9.024999618530273,9.199999809265137,271487
2022-03-18,7.757856369018555,9.229999542236328,9.279999732971191,9.055000305175781,9.149999618530273,408149
2022-03-21,7.879730701446533,9.375,9.414999961853027,9.199999809265137,9.220000267028809,258797
2022-03-22,7.917553424835205,9.420000076293945,9.46500015258789,9.3100004196167,9.399999618530273,191439
2022-03-23,7.770464897155762,9.244999885559082,9.489999771118164,9.199999809265137,9.449999809265137,257176
2022-03-24,7.867122173309326,9.359999656677246,9.479999542236328,9.210000038146973,9.479999542236328,335543
2022-03-25,7.818777561187744,8.895000457763672,9.039999961853027,8.765000343322754,8.994999885559082,300436
2022-03-28,7.94623327255249,9.039999961853027,9.079999923706055,8.899999618530273,8.899999618530273,268011
2022-03-29,8.13082504272461,9.25,9.300000190734863,9.050000190734863,9.050000190734863,381960
2022-03-30,7.998973846435547,9.100000381469727,9.274999618530273,9.050000190734863,9.229999542236328,292751
2022-03-31,8.069293975830078,9.180000305175781,9.25,9.09000015258789,9.09000015258789,434666
2022-04-01,8.082478523254395,9.194999694824219,9.289999961853027,9.140000343322754,9.15999984741211,267729
2022-04-04,8.161590576171875,9.28499984741211,9.375,9.164999961853027,9.229999542236328,310929
2022-04-05,8.394527435302734,9.550000190734863,9.630000114440918,9.279999732971191,9.279999732971191,364292
2022-04-06,8.328601837158203,9.475000381469727,9.625,9.369999885559082,9.600000381469727,401525
2022-04-07,8.407711029052734,9.5649995803833,9.680000305175781,9.369999885559082,9.369999885559082,311098
2022-04-08,8.372550964355469,9.524999618530273,9.75,9.399999618530273,9.600000381469727,352972
2022-04-11,8.354971885681152,9.505000114440918,9.579999923706055,9.390000343322754,9.524999618530273,180664
2022-04-12,8.240701675415039,9.375,9.515000343322754,9.289999961853027,9.399999618530273,321107
2022-04-13,8.275861740112305,9.414999961853027,9.5,9.300000190734863,9.300000190734863,169724
2022-04-14,8.328601837158203,9.475000381469727,9.505000114440918,9.354999542236328,9.449999809265137,104059
2022-04-19,8.486823081970215,9.654999732971191,9.680000305175781,9.475000381469727,9.510000228881836,229735
2022-04-20,8.825242042541504,10.039999961853027,10.09000015258789,9.654999732971191,9.65999984741211,721855
2022-04-21,8.605488777160645,9.789999961853027,10.100000381469727,9.720000267028809,10.050000190734863,336048
2022-04-22,8.41210651397705,9.569999694824219,9.890000343322754,9.545000076293945,9.729999542236328,406693
2022-04-25,8.170380592346191,9.295000076293945,9.609999656677246,9.270000457763672,9.5,303948
2022-04-26,8.240701675415039,9.375,9.630000114440918,9.324999809265137,9.324999809265137,474970
2022-04-27,8.438478469848633,9.600000381469727,9.619999885559082,9.300000190734863,9.399999618530273,277628
2022-04-28,8.557143211364746,9.734999656677246,9.824999809265137,9.399999618530273,9.65999984741211,943030
2022-04-29,9.04499340057373,10.289999961853027,10.34000015258789,9.864999771118164,9.899999618530273,881869
2022-05-02,8.895562171936035,10.119999885559082,10.220000267028809,9.600000381469727,10.170000076293945,365848
2022-05-03,8.86040210723877,10.079999923706055,10.210000038146973,9.930000305175781,10.15999984741211,266591
2022-05-04,8.86040210723877,10.079999923706055,10.109999656677246,9.880000114440918,10.100000381469727,281054
2022-05-05,8.851612091064453,10.069999694824219,10.380000114440918,10.050000190734863,10.1899995803833,414799
2022-05-06,8.649439811706543,9.84000015258789,10.029999732971191,9.75,10.0,288500
2022-05-09,8.54395866394043,9.720000267028809,9.84000015258789,9.680000305175781,9.824999809265137,348176
2022-05-10,8.587909698486328,9.770000457763672,9.9350004196167,9.664999961853027,9.6850004196167,523663
2022-05-11,8.715365409851074,9.914999961853027,9.949999809265137,9.744999885559082,9.770000457763672,339936
2022-05-12,8.710970878601074,9.90999984741211,9.920000076293945,9.654999732971191,9.850000381469727,284362
2022-05-13,8.790081024169922,10.0,10.0600004196167,9.829999923706055,9.90999984741211,216092
2022-05-16,8.895562171936035,10.119999885559082,10.199999809265137,9.90999984741211,9.949999809265137,258441
2022-05-17,9.088944435119629,10.34000015258789,10.449999809265137,10.119999885559082,10.180000305175781,266020
2022-05-18,9.062573432922363,10.3100004196167,10.489999771118164,10.300000190734863,10.399999618530273,263954
2022-05-19,8.785686492919922,9.994999885559082,10.170000076293945,9.930000305175781,10.050000190734863,330213
2022-05-20,8.807661056518555,10.020000457763672,10.180000305175781,9.925000190734863,10.0,479743
2022-05-23,8.948302268981934,10.180000305175781,10.180000305175781,10.010000228881836,10.100000381469727,229961
2022-05-24,8.904351234436035,10.130000114440918,10.300000190734863,10.119999885559082,10.15999984741211,247712
2022-05-25,9.04499340057373,10.289999961853027,10.300000190734863,10.109999656677246,10.270000457763672,178024
2022-05-27,9.053783416748047,10.300000190734863,10.369999885559082,10.100000381469727,10.369999885559082,291976
2022-05-30,9.097733497619629,10.350000381469727,10.4399995803833,10.220000267028809,10.399999618530273,137238
2022-05-31,8.54395866394043,9.720000267028809,10.329999923706055,9.630000114440918,10.329999923706055,868903
2022-06-01,8.54395866394043,9.720000267028809,9.800000190734863,9.609999656677246,9.739999771118164,500449
2022-06-02,8.517587661743164,9.6899995803833,9.734999656677246,9.585000038146973,9.694999694824219,330176
2022-06-03,8.693389892578125,9.890000343322754,9.949999809265137,9.699999809265137,9.829999923706055,167427
2022-06-06,8.75492000579834,9.960000038146973,9.975000381469727,9.84000015258789,9.899999618530273,91098
2022-06-07,8.680204391479492,9.875,10.0,9.850000381469727,9.9350004196167,175458
2022-06-08,8.601094245910645,9.78499984741211,9.875,9.725000381469727,9.864999771118164,159975
2022-06-09,8.13521957397461,9.255000114440918,9.5649995803833,9.045000076293945,9.550000190734863,977509
2022-06-10,7.972602844238281,9.069999694824219,9.274999618530273,8.954999923706055,9.244999885559082,321351
2022-06-13,7.7440619468688965,8.8100004196167,9.069999694824219,8.734999656677246,9.0,419316
2022-06-14,7.396852970123291,8.414999961853027,8.8100004196167,8.149999618530273,8.800000190734863,904816
2022-06-15,7.379273414611816,8.395000457763672,8.515000343322754,8.319999694824219,8.449999809265137,502903
2022-06-16,7.12875509262085,8.109999656677246,8.494999885559082,8.0600004196167,8.494999885559082,465187
2022-06-17,7.032064437866211,8.0,8.130000114440918,7.920000076293945,8.109999656677246,596956
2022-06-20,7.155126571655273,8.140000343322754,8.140000343322754,7.929999828338623,8.074999809265137,231154
2022-06-21,7.155126571655273,8.140000343322754,8.289999961853027,8.135000228881836,8.229999542236328,301644
2022-06-22,7.080410957336426,8.055000305175781,8.210000038146973,7.949999809265137,8.210000038146973,249056
2022-06-23,6.89142370223999,7.840000152587891,8.005000114440918,7.809999942779541,8.0,302269
2022-06-27,7.141941070556641,8.125,8.274999618530273,8.0,8.104999542236328,321469
2022-06-28,7.146335601806641,8.130000114440918,8.25,8.109999656677246,8.119999885559082,205921
2022-06-29,7.12436056137085,8.104999542236328,8.140000343322754,8.020000457763672,8.140000343322754,188300
2022-06-30,6.988114356994629,7.949999809265137,8.050000190734863,7.875,8.050000190734863,234031
2022-07-01,6.944163799285889,7.900000095367432,7.96999979019165,7.824999809265137,7.900000095367432,181641
2022-07-04,7.0012993812561035,7.965000152587891,8.069999694824219,7.934999942779541,8.0,198590
2022-07-05,6.807917594909668,7.744999885559082,8.125,7.699999809265137,8.125,413572
2022-07-06,6.882633209228516,7.829999923706055,7.940000057220459,7.769999980926514,7.849999904632568,184919
2022-07-07,7.045250415802002,8.015000343322754,8.050000190734863,7.880000114440918,7.880000114440918,237477
2022-07-08,7.054039478302002,8.024999618530273,8.125,7.880000114440918,8.039999961853027,169689
2022-07-11,6.935373783111572,7.889999866485596,7.949999809265137,7.78000020980835,7.949999809265137,126726
2022-07-12,7.080410957336426,8.055000305175781,8.069999694824219,7.800000190734863,7.800000190734863,203853
2022-07-13,6.957348823547363,7.914999961853027,8.055000305175781,7.860000133514404,8.055000305175781,195104
2022-07-14,7.00569486618042,7.96999979019165,8.039999961853027,7.860000133514404,7.914999961853027,243378
2022-07-15,7.159521579742432,8.145000457763672,8.149999618530273,7.994999885559082,8.024999618530273,149465
2022-07-18,7.199076175689697,8.1899995803833,8.255000114440918,8.15999984741211,8.15999984741211,135796
2022-07-19,7.2606072425842285,8.260000228881836,8.270000457763672,8.0649995803833,8.199999809265137,115842
2022-07-20,7.344111919403076,8.354999542236328,8.380000114440918,8.229999542236328,8.289999961853027,129074
2022-07-21,7.3704833984375,8.385000228881836,8.4350004196167,8.270000457763672,8.270000457763672,210485
2022-07-22,7.194681644439697,8.1850004196167,8.399999618530273,8.09000015258789,8.399999618530273,194194
2022-07-25,7.207866191864014,8.199999809265137,8.260000228881836,8.140000343322754,8.180000305175781,198977
2022-07-26,7.146335601806641,8.130000114440918,8.300000190734863,8.130000114440918,8.199999809265137,230609
2022-07-27,7.357297420501709,8.369999885559082,8.399999618530273,8.154999732971191,8.154999732971191,193004
2022-07-28,7.568259239196777,8.609999656677246,8.729999542236328,8.399999618530273,8.399999618530273,489503
2022-07-29,7.638579845428467,8.6899995803833,8.800000190734863,8.645000457763672,8.670000076293945,307593
2022-08-01,7.5111236572265625,8.545000076293945,8.720000267028809,8.53499984741211,8.720000267028809,292051
2022-08-02,7.379273414611816,8.395000457763672,8.545000076293945,8.274999618530273,8.545000076293945,193480
2022-08-03,7.414433479309082,8.4350004196167,8.5,8.345000267028809,8.395000457763672,221131
2022-08-04,7.4671735763549805,8.494999885559082,8.53499984741211,8.4350004196167,8.46500015258789,218784
2022-08-05,7.396852970123291,8.414999961853027,8.595000267028809,8.399999618530273,8.5,143960
2022-08-08,7.5111236572265625,8.545000076293945,8.569999694824219,8.425000190734863,8.425000190734863,167362
2022-08-09,7.5067291259765625,8.539999961853027,8.630000114440918,8.494999885559082,8.630000114440918,154355
2022-08-10,7.814382553100586,8.890000343322754,8.890000343322754,8.489999771118164,8.550000190734863,370869
2022-08-11,7.682530403137207,8.739999771118164,8.944999694824219,8.71500015258789,8.899999618530273,256074
2022-08-12,7.805592060089111,8.880000114440918,8.904999732971191,8.739999771118164,8.760000228881836,180193
2022-08-15,7.585839748382568,8.630000114440918,8.979999542236328,8.619999885559082,8.90999984741211,178826
2022-08-16,7.62100076675415,8.670000076293945,8.710000038146973,8.5600004196167,8.694999694824219,192850
2022-08-17,7.427618503570557,8.449999809265137,8.699999809265137,8.444999694824219,8.699999809265137,186283
2022-08-18,7.568259239196777,8.609999656677246,8.645000457763672,8.460000038146973,8.475000381469727,118828
2022-08-19,7.594630241394043,8.640000343322754,8.6850004196167,8.579999923706055,8.654999732971191,161609
2022-08-22,7.4935431480407715,8.524999618530273,8.664999961853027,8.390000343322754,8.625,166489
2022-08-23,7.5067291259765625,8.539999961853027,8.600000381469727,8.449999809265137,8.46500015258789,103507
2022-08-24,7.590235233306885,8.635000228881836,8.65999984741211,8.489999771118164,8.529999732971191,259958
2022-08-25,7.678135395050049,8.734999656677246,8.755000114440918,8.625,8.664999961853027,306101
2022-08-26,7.603419780731201,8.649999618530273,8.829999923706055,8.649999618530273,8.755000114440918,159070
2022-08-29,7.462778568267822,8.489999771118164,8.630000114440918,8.335000038146973,8.630000114440918,141471
2022-08-30,7.497939109802246,8.529999732971191,8.645000457763672,8.475000381469727,8.494999885559082,194656
2022-08-31,7.541889667510986,8.579999923706055,8.6899995803833,8.494999885559082,8.494999885559082,313409
2022-09-01,7.2869768142700195,8.289999961853027,8.585000038146973,8.289999961853027,8.579999923706055,171639
2022-09-02,7.366087913513184,8.380000114440918,8.40999984741211,8.279999732971191,8.34000015258789,121773
2022-09-05,7.146335601806641,8.130000114440918,8.270000457763672,8.095000267028809,8.270000457763672,148342
2022-09-06,7.155126571655273,8.140000343322754,8.1850004196167,8.039999961853027,8.130000114440918,156486
2022-09-07,7.203470706939697,8.194999694824219,8.21500015258789,8.024999618530273,8.140000343322754,256306
2022-09-08,7.216656684875488,8.210000038146973,8.350000381469727,8.175000190734863,8.21500015258789,176010
2022-09-09,7.300162315368652,8.305000305175781,8.385000228881836,8.210000038146973,8.210000038146973,85990
2022-09-12,7.410038948059082,8.430000305175781,8.475000381469727,8.305000305175781,8.305000305175781,142633
2022-09-13,7.4935431480407715,8.524999618530273,8.779999732971191,8.524999618530273,8.654999732971191,298784
2022-09-14,7.229842185974121,8.225000381469727,8.520000457763672,8.180000305175781,8.460000038146973,739817
2022-09-15,7.278187274932861,8.279999732971191,8.364999771118164,8.220000267028809,8.225000381469727,163371
2022-09-16,7.203470706939697,8.194999694824219,8.28499984741211,8.085000038146973,8.28499984741211,734654
2022-09-19,7.194681644439697,8.1850004196167,8.220000267028809,7.940000057220459,8.220000267028809,221950
2022-09-20,6.948559284210205,7.90500020980835,8.229999542236328,7.875,8.1850004196167,256536
2022-09-21,6.851868152618408,7.795000076293945,7.96999979019165,7.764999866485596,7.909999847412109,182555
2022-09-22,6.649696350097656,7.565000057220459,7.84499979019165,7.454999923706055,7.824999809265137,525301
2022-09-23,6.574980735778809,7.480000019073486,7.679999828338623,7.364999771118164,7.599999904632568,344687
2022-09-26,6.535425186157227,7.434999942779541,7.465000152587891,7.235000133514404,7.454999923706055,355226
2022-09-27,6.509055137634277,7.40500020980835,7.494999885559082,7.324999809265137,7.429999828338623,309886
2022-09-28,6.553005218505859,7.454999923706055,7.454999923706055,7.090000152587891,7.300000190734863,389184
2022-09-29,6.4299445152282715,7.315000057220459,7.414999961853027,7.139999866485596,7.375,305074
2022-09-30,6.566190242767334,7.46999979019165,7.46999979019165,7.244999885559082,7.324999809265137,1207236
2022-10-03,6.922188758850098,7.875,7.920000076293945,7.360000133514404,7.46999979019165,387085
2022-10-04,6.996904373168945,7.960000038146973,8.050000190734863,7.875,7.974999904632568,235836
2022-10-05,6.909003734588623,7.860000133514404,8.050000190734863,7.804999828338623,8.005000114440918,199348
2022-10-06,6.900213241577148,7.849999904632568,7.949999809265137,7.815000057220459,7.885000228881836,119439
2022-10-07,6.803522109985352,7.739999771118164,7.885000228881836,7.684999942779541,7.849999904632568,197667
2022-10-10,6.983719348907471,7.945000171661377,8.045000076293945,7.610000133514404,7.699999809265137,418135
2022-10-11,7.12875509262085,8.109999656677246,8.135000228881836,7.869999885559082,7.909999847412109,374751
2022-10-12,7.00569486618042,7.96999979019165,8.210000038146973,7.869999885559082,8.149999618530273,285195
2022-10-13,7.0408549308776855,8.010000228881836,8.050000190734863,7.84499979019165,7.96999979019165,235238
2022-10-14,7.238631248474121,8.234999656677246,8.255000114440918,8.119999885559082,8.140000343322754,386416
2022-10-17,7.295767307281494,8.300000190734863,8.395000457763672,8.154999732971191,8.255000114440918,279610
2022-10-18,7.418827533721924,8.4399995803833,8.515000343322754,8.364999771118164,8.399999618530273,222263
2022-10-19,7.366087913513184,8.380000114440918,8.539999961853027,8.380000114440918,8.479999542236328,205162
2022-10-20,7.3704833984375,8.385000228881836,8.4399995803833,8.319999694824219,8.399999618530273,148598
2022-10-21,7.190286636352539,8.180000305175781,8.479999542236328,7.925000190734863,8.479999542236328,324624
2022-10-24,7.339717864990234,8.350000381469727,8.449999809265137,8.119999885559082,8.210000038146973,381357
2022-10-25,7.33092737197876,8.34000015258789,8.399999618530273,8.279999732971191,8.350000381469727,215057
2022-10-26,7.366087913513184,8.380000114440918,8.470000267028809,8.279999732971191,8.34000015258789,452125
2022-10-27,7.089199542999268,8.0649995803833,8.579999923706055,7.824999809265137,8.449999809265137,701019
2022-10-28,6.711226940155029,7.635000228881836,8.0649995803833,7.394999980926514,8.0600004196167,1195278
2022-10-31,6.68925142288208,7.610000133514404,7.804999828338623,7.574999809265137,7.650000095367432,595092
2022-11-01,6.636511325836182,7.550000190734863,7.71999979019165,7.534999847412109,7.630000114440918,477482
2022-11-02,6.667276382446289,7.585000038146973,7.670000076293945,7.545000076293945,7.625,540552
2022-11-03,6.741991996765137,7.670000076293945,7.704999923706055,7.525000095367432,7.565000057220459,548640
2022-11-04,6.89142370223999,7.840000152587891,7.985000133514404,7.704999923706055,7.704999923706055,732945
2022-11-07,6.9793243408203125,7.940000057220459,7.974999904632568,7.784999847412109,7.795000076293945,319634
2022-11-08,7.027669906616211,7.994999885559082,8.0649995803833,7.925000190734863,7.949999809265137,379255
2022-11-09,7.018879413604736,7.985000133514404,8.074999809265137,7.960000038146973,8.005000114440918,647529
2022-11-10,7.0012993812561035,7.965000152587891,8.079999923706055,7.840000152587891,7.985000133514404,583516
2022-11-11,6.887028694152832,7.835000038146973,8.114999771118164,7.800000190734863,8.095000267028809,634584
2022-11-14,6.807917594909668,7.744999885559082,7.880000114440918,7.739999771118164,7.840000152587891,269600
2022-11-15,6.794732570648193,7.730000019073486,7.809999942779541,7.704999923706055,7.78000020980835,371027
2022-11-16,6.834288120269775,7.775000095367432,7.784999847412109,7.704999923706055,7.75,325526
2022-11-17,6.829893112182617,7.769999980926514,7.840000152587891,7.670000076293945,7.75,476655
2022-11-18,6.970534324645996,7.929999828338623,7.949999809265137,7.815000057220459,7.84499979019165,278205
2022-11-21,6.970534324645996,7.929999828338623,7.949999809265137,7.84499979019165,7.929999828338623,289967
2022-11-22,7.032064437866211,8.0,8.029999732971191,7.900000095367432,7.929999828338623,211111
2022-11-23,7.155126571655273,8.140000343322754,8.175000190734863,8.005000114440918,8.015000343322754,307338
2022-11-24,7.225446701049805,8.220000267028809,8.239999771118164,8.119999885559082,8.140000343322754,239385
2022-11-25,7.300162315368652,8.305000305175781,8.345000267028809,8.220000267028809,8.220000267028809,245076
2022-11-28,7.225446701049805,8.220000267028809,8.305000305175781,8.175000190734863,8.279999732971191,318090
2022-11-29,7.414433479309082,8.4350004196167,8.510000228881836,8.225000381469727,8.229999542236328,330718
2022-11-30,7.4671735763549805,8.494999885559082,8.545000076293945,8.354999542236328,8.4350004196167,340709
2022-12-01,7.559470176696777,8.600000381469727,8.699999809265137,8.520000457763672,8.600000381469727,285105
2022-12-02,7.58144474029541,8.625,8.680000305175781,8.524999618530273,8.609999656677246,267848
2022-12-05,7.559470176696777,8.600000381469727,8.675000190734863,8.550000190734863,8.625,175527
2022-12-07,7.559470176696777,8.600000381469727,8.654999732971191,8.454999923706055,8.5600004196167,381522
2022-12-08,7.568259239196777,8.609999656677246,8.664999961853027,8.5,8.585000038146973,391652
2022-12-09,7.748456001281738,8.8149995803833,8.8149995803833,8.604999542236328,8.609999656677246,723827
2022-12-12,7.577049732208252,8.619999885559082,8.78499984741211,8.555000305175781,8.78499984741211,180660
2022-12-13,7.5243096351623535,8.5600004196167,8.71500015258789,8.545000076293945,8.600000381469727,628875
2022-12-14,7.445199012756348,8.470000267028809,8.600000381469727,8.319999694824219,8.59000015258789,469609
2022-12-15,7.33092737197876,8.34000015258789,8.470000267028809,8.255000114440918,8.470000267028809,219727
2022-12-16,7.335323333740234,8.345000267028809,8.350000381469727,8.204999923706055,8.3100004196167,325864
2022-12-19,7.361692428588867,8.375,8.4399995803833,8.28499984741211,8.345000267028809,232537
2022-12-20,7.418827533721924,8.4399995803833,8.454999923706055,8.274999618530273,8.359999656677246,204097
2022-12-21,7.436408042907715,8.460000038146973,8.5,8.34000015258789,8.4399995803833,317154
2022-12-22,7.396852970123291,8.414999961853027,8.505000114440918,8.364999771118164,8.479999542236328,236941
2022-12-23,7.458383560180664,8.484999656677246,8.505000114440918,8.380000114440918,8.420000076293945,133060
2022-12-27,7.58144474029541,8.625,8.654999732971191,8.545000076293945,8.550000190734863,152610
2022-12-28,7.673739910125732,8.729999542236328,8.75,8.625,8.645000457763672,335578
2022-12-29,7.783616542816162,8.854999542236328,8.895000457763672,8.699999809265137,8.710000038146973,498153
2022-12-30,7.704505920410156,8.765000343322754,8.890000343322754,8.765000343322754,8.869999885559082,198626
2023-01-02,7.805592060089111,8.880000114440918,8.960000038146973,8.789999961853027,8.8100004196167,217605
2023-01-03,7.673739910125732,8.729999542236328,8.944999694824219,8.729999542236328,8.890000343322754,136753
2023-01-04,7.559470176696777,8.600000381469727,8.8149995803833,8.600000381469727,8.805000305175781,208780
2023-01-05,7.638579845428467,8.6899995803833,8.720000267028809,8.505000114440918,8.59000015258789,246003
2023-01-09,7.7660369873046875,8.835000038146973,8.9399995803833,8.720000267028809,8.720000267028809,328581
2023-01-10,7.5243096351623535,8.5600004196167,8.8149995803833,8.5600004196167,8.800000190734863,269743
2023-01-11,7.3704833984375,8.385000228881836,8.579999923706055,8.364999771118164,8.5600004196167,313777
2023-01-12,7.418827533721924,8.4399995803833,8.489999771118164,8.3100004196167,8.385000228881836,368557
2023-01-13,7.379273414611816,8.395000457763672,8.46500015258789,8.324999809265137,8.449999809265137,322930
2023-01-16,7.352902889251709,8.364999771118164,8.444999694824219,8.34000015258789,8.399999618530273,145666
2023-01-17,7.396852970123291,8.414999961853027,8.4399995803833,8.319999694824219,8.364999771118164,182389
2023-01-18,7.388062953948975,8.404999732971191,8.520000457763672,8.375,8.414999961853027,248343
2023-01-19,7.357297420501709,8.369999885559082,8.479999542236328,8.359999656677246,8.399999618530273,191830
2023-01-20,7.414433479309082,8.4350004196167,8.46500015258789,8.375,8.380000114440918,179949
2023-01-23,7.480359077453613,8.510000228881836,8.585000038146973,8.4350004196167,8.4350004196167,258896
2023-01-24,7.396852970123291,8.414999961853027,8.595000267028809,8.40999984741211,8.539999961853027,254055
2023-01-25,7.2606072425842285,8.260000228881836,8.4399995803833,8.210000038146973,8.4350004196167,220723
2023-01-26,7.357297420501709,8.369999885559082,8.395000457763672,8.260000228881836,8.3100004196167,214398
2023-01-27,7.344111919403076,8.354999542236328,8.399999618530273,8.170000076293945,8.364999771118164,303747
2023-01-30,7.33092737197876,8.34000015258789,8.430000305175781,8.295000076293945,8.3100004196167,196184
2023-01-31,7.203470706939697,8.194999694824219,8.359999656677246,8.109999656677246,8.274999618530273,1703483
2023-02-01,7.388062953948975,8.404999732971191,8.550000190734863,8.229999542236328,8.229999542236328,468967
2023-02-02,7.471568584442139,8.5,8.595000267028809,8.319999694824219,8.40999984741211,295059
2023-02-03,7.585839748382568,8.630000114440918,8.670000076293945,8.444999694824219,8.5,241454
2023-02-06,7.453988075256348,8.479999542236328,8.664999961853027,8.425000190734863,8.630000114440918,248126
2023-02-07,7.401247978210449,8.420000076293945,8.550000190734863,8.395000457763672,8.460000038146973,690394
2023-02-08,7.269397258758545,8.270000457763672,8.404999732971191,8.069999694824219,8.380000114440918,1262567
2023-02-09,7.190286636352539,8.180000305175781,8.46500015258789,7.949999809265137,8.305000305175781,1425958
2023-02-10,7.054039478302002,8.024999618530273,8.210000038146973,8.005000114440918,8.1899995803833,1185920
2023-02-13,7.049644947052002,8.020000457763672,8.055000305175781,7.880000114440918,8.029999732971191,607644
2023-02-14,7.062829971313477,8.03499984741211,8.125,8.0,8.055000305175781,549272
2023-02-15,7.0012993812561035,7.965000152587891,8.039999961853027,7.84499979019165,8.03499984741211,647935
2023-02-16,7.032064437866211,8.0,8.029999732971191,7.934999942779541,7.989999771118164,346426
2023-02-17,7.115571022033691,8.095000267028809,8.130000114440918,7.965000152587891,7.96999979019165,365216
2023-02-20,7.146335601806641,8.130000114440918,8.1899995803833,8.114999771118164,8.114999771118164,239136
2023-02-21,7.269397258758545,8.270000457763672,8.335000038146973,8.130000114440918,8.140000343322754,582564
2023-02-22,7.146335601806641,8.130000114440918,8.270000457763672,8.0649995803833,8.270000457763672,477252
2023-02-23,7.146335601806641,8.130000114440918,8.164999961853027,8.050000190734863,8.130000114440918,280649
2023-02-24,7.150730609893799,8.135000228881836,8.239999771118164,8.109999656677246,8.170000076293945,402351
2023-02-27,7.243026256561279,8.239999771118164,8.260000228881836,8.145000457763672,8.15999984741211,1248888
2023-02-28,7.278187274932861,8.279999732971191,8.300000190734863,8.175000190734863,8.239999771118164,486265
2023-03-01,7.392457962036133,8.40999984741211,8.460000038146973,8.3100004196167,8.3100004196167,442955
2023-03-02,7.3704833984375,8.385000228881836,8.40999984741211,8.319999694824219,8.40999984741211,329604
2023-03-03,7.5111236572265625,8.545000076293945,8.555000305175781,8.399999618530273,8.399999618530273,430801
2023-03-06,7.427618503570557,8.449999809265137,8.5649995803833,8.40999984741211,8.550000190734863,457920
2023-03-07,7.374878406524658,8.390000343322754,8.539999961853027,8.380000114440918,8.470000267028809,377822
2023-03-08,7.489149570465088,8.520000457763672,8.529999732971191,8.380000114440918,8.390000343322754,305355
2023-03-09,7.445199012756348,8.470000267028809,8.524999618530273,8.4350004196167,8.5,305430
2023-03-10,7.2606072425842285,8.260000228881836,8.404999732971191,8.204999923706055,8.399999618530273,524113
2023-03-13,7.0408549308776855,8.010000228881836,8.270000457763672,7.989999771118164,8.260000228881836,825930
2023-03-14,7.251816749572754,8.25,8.404999732971191,8.045000076293945,8.045000076293945,798525
2023-03-15,7.177101135253906,8.164999961853027,8.385000228881836,8.164999961853027,8.28499984741211,783842
2023-03-16,7.234236240386963,8.229999542236328,8.274999618530273,8.114999771118164,8.164999961853027,832957
2023-03-17,6.944163799285889,7.900000095367432,8.28499984741211,7.864999771118164,8.25,4753784
2023-03-20,6.913398742675781,7.864999771118164,7.940000057220459,7.710000038146973,7.900000095367432,837966
2023-03-21,7.036459922790527,8.005000114440918,8.130000114440918,7.965000152587891,7.980000019073486,554762
2023-03-22,6.900213241577148,7.849999904632568,8.050000190734863,7.84499979019165,8.029999732971191,710564
2023-03-23,6.909003734588623,7.860000133514404,7.960000038146973,7.730000019073486,7.849999904632568,2036066
2023-03-24,6.927984237670898,7.300000190734863,7.34499979019165,7.210000038146973,7.28000020980835,808672
2023-03-27,6.9042582511901855,7.275000095367432,7.425000190734863,7.275000095367432,7.360000133514404,469601
2023-03-28,6.9422197341918945,7.315000057220459,7.380000114440918,7.284999847412109,7.335000038146973,428236
2023-03-29,6.961200714111328,7.335000038146973,7.385000228881836,7.269999980926514,7.349999904632568,422560
2023-03-30,7.098811149597168,7.480000019073486,7.494999885559082,7.375,7.375,286799
2023-03-31,7.041869163513184,7.420000076293945,7.519999980926514,7.340000152587891,7.5,348313
2023-04-03,7.013397216796875,7.389999866485596,7.449999809265137,7.34499979019165,7.440000057220459,392977
2023-04-04,6.9422197341918945,7.315000057220459,7.460000038146973,7.315000057220459,7.400000095367432,252768
2023-04-05,6.871041774749756,7.239999771118164,7.335000038146973,7.210000038146973,7.315000057220459,387876
2023-04-06,6.8900227546691895,7.260000228881836,7.28000020980835,7.190000057220459,7.235000133514404,258131
2023-04-11,6.956455707550049,7.329999923706055,7.34499979019165,7.275000095367432,7.324999809265137,236498
2023-04-12,6.225695610046387,6.559999942779541,7.0,6.559999942779541,6.965000152587891,2758756
2023-04-13,6.225695610046387,6.559999942779541,6.679999828338623,6.510000228881836,6.574999809265137,1051721
2023-04-14,6.159262657165527,6.489999771118164,6.630000114440918,6.460000038146973,6.579999923706055,989871
2023-04-17,6.244676113128662,6.579999923706055,6.679999828338623,6.494999885559082,6.494999885559082,728633
2023-04-18,6.1877336502075195,6.519999980926514,6.599999904632568,6.5,6.599999904632568,595127
2023-04-19,6.145026683807373,6.474999904632568,6.519999980926514,6.425000190734863,6.5,390913
2023-04-20,6.054868221282959,6.380000114440918,6.434999942779541,6.255000114440918,6.360000133514404,610576
2023-04-21,6.026397228240967,6.349999904632568,6.389999866485596,6.320000171661377,6.380000114440918,454315
2023-04-24,6.012161731719971,6.335000038146973,6.389999866485596,6.324999809265137,6.349999904632568,453152
2023-04-25,6.073849201202393,6.400000095367432,6.429999828338623,6.269999980926514,6.335000038146973,786476
2023-04-26,6.102320194244385,6.429999828338623,6.445000171661377,6.335000038146973,6.400000095367432,554629
2023-04-27,6.239930629730225,6.574999809265137,6.630000114440918,6.429999828338623,6.429999828338623,734560
2023-04-28,6.201969146728516,6.534999847412109,6.699999809265137,6.505000114440918,6.574999809265137,1058630
2023-05-02,6.306364059448242,6.644999980926514,6.715000152587891,6.599999904632568,6.599999904632568,453223
2023-05-03,6.4012675285339355,6.744999885559082,6.769999980926514,6.635000228881836,6.65500020980835,529360
2023-05-04,6.496170997619629,6.84499979019165,6.864999771118164,6.699999809265137,6.744999885559082,548295
2023-05-05,6.643272399902344,7.0,7.019999980926514,6.760000228881836,6.84499979019165,612719
2023-05-08,6.852060794830322,7.21999979019165,7.230000019073486,7.0,7.019999980926514,454272
2023-05-09,6.766647815704346,7.130000114440918,7.21999979019165,7.09499979019165,7.21999979019165,662699
2023-05-10,6.823590278625488,7.190000057220459,7.239999771118164,7.09499979019165,7.135000228881836,573217
2023-05-11,6.8900227546691895,7.260000228881836,7.300000190734863,7.139999866485596,7.199999809265137,569293
2023-05-12,6.814099311828613,7.179999828338623,7.235000133514404,7.090000152587891,7.235000133514404,704542
2023-05-15,6.828335285186768,7.195000171661377,7.21999979019165,7.099999904632568,7.179999828338623,737594
2023-05-16,6.899513244628906,7.269999980926514,7.309999942779541,7.159999847412109,7.175000190734863,727522
2023-05-17,6.605310916900635,6.960000038146973,7.329999923706055,6.84499979019165,7.235000133514404,1566797
2023-05-19,6.657508373260498,7.014999866485596,7.159999847412109,7.010000228881836,7.050000190734863,1040935
2023-05-22,6.666998386383057,7.025000095367432,7.034999847412109,6.954999923706055,7.014999866485596,458298
2023-05-23,6.833080291748047,7.199999809265137,7.289999961853027,6.994999885559082,7.025000095367432,563786
2023-05-24,6.761902332305908,7.125,7.210000038146973,7.070000171661377,7.110000133514404,650441
2023-05-25,6.927984237670898,7.300000190734863,7.394999980926514,7.235000133514404,7.300000190734863,913744
2023-05-26,7.0181427001953125,7.394999980926514,7.414999961853027,7.28000020980835,7.295000076293945,416896
2023-05-29,7.0940656661987305,7.474999904632568,7.489999771118164,7.394999980926514,7.394999980926514,221755
2023-05-30,7.089320659637451,7.46999979019165,7.525000095367432,7.449999809265137,7.489999771118164,486601
2023-05-31,7.1415181159973145,7.525000095367432,7.554999828338623,7.40500020980835,7.46999979019165,1398278
2023-06-01,7.046614646911621,7.425000190734863,7.545000076293945,7.364999771118164,7.505000114440918,449670
2023-06-02,7.245912551879883,7.635000228881836,7.635000228881836,7.445000171661377,7.445000171661377,332249
2023-06-05,7.203205585479736,7.590000152587891,7.679999828338623,7.585000038146973,7.670000076293945,465433
2023-06-06,7.307600021362305,7.699999809265137,7.699999809265137,7.599999904632568,7.599999904632568,469572
2023-06-07,7.374032497406006,7.769999980926514,7.789999961853027,7.619999885559082,7.699999809265137,415592
2023-06-08,7.312344551086426,7.704999923706055,7.855000019073486,7.695000171661377,7.789999961853027,357939
2023-06-09,7.22218656539917,7.610000133514404,7.71999979019165,7.514999866485596,7.704999923706055,379307
2023-06-12,7.212696075439453,7.599999904632568,7.650000095367432,7.534999847412109,7.619999885559082,262175
2023-06-13,7.198460102081299,7.585000038146973,7.650000095367432,7.550000190734863,7.610000133514404,331596
2023-06-14,7.207950592041016,7.59499979019165,7.679999828338623,7.534999847412109,7.565000057220459,543486
2023-06-15,7.1557536125183105,7.539999961853027,7.619999885559082,7.335000038146973,7.59499979019165,643073
2023-06-16,6.946965217590332,7.320000171661377,7.545000076293945,7.269999980926514,7.46999979019165,758347
2023-06-19,6.842570781707764,7.210000038146973,7.300000190734863,7.199999809265137,7.300000190734863,424842
2023-06-20,6.723940849304199,7.085000038146973,7.179999828338623,6.929999828338623,7.150000095367432,468543
2023-06-21,6.496170997619629,6.84499979019165,7.065000057220459,6.769999980926514,7.065000057220459,425762
2023-06-22,6.4012675285339355,6.744999885559082,6.880000114440918,6.71999979019165,6.820000171661377,328431
2023-06-26,6.505661964416504,6.855000019073486,6.860000133514404,6.635000228881836,6.744999885559082,480347
2023-06-27,6.434484481811523,6.78000020980835,6.860000133514404,6.619999885559082,6.855000019073486,250901
2023-06-28,6.448719501495361,6.795000076293945,6.849999904632568,6.764999866485596,6.800000190734863,197076
2023-06-29,6.38228702545166,6.724999904632568,6.809999942779541,6.679999828338623,6.804999828338623,175555
2023-06-30,6.41550350189209,6.760000228881836,6.804999828338623,6.710000038146973,6.75,244755
2023-07-03,6.505661964416504,6.855000019073486,6.875,6.764999866485596,6.769999980926514,290607
2023-07-04,6.629036903381348,6.985000133514404,6.994999885559082,6.849999904632568,6.855000019073486,223263
2023-07-05,6.700214862823486,7.059999942779541,7.099999904632568,6.940000057220459,6.960000038146973,341623
2023-07-06,6.6005659103393555,6.954999923706055,7.079999923706055,6.929999828338623,7.034999847412109,326479
2023-07-07,6.572094917297363,6.925000190734863,7.005000114440918,6.815000057220459,6.900000095367432,203915
2023-07-10,6.629036903381348,6.985000133514404,7.014999866485596,6.875,7.0,203679
2023-07-11,6.7903733253479,7.15500020980835,7.159999847412109,6.985000133514404,6.985000133514404,309475
2023-07-12,7.079830646514893,7.460000038146973,7.480000019073486,7.139999866485596,7.159999847412109,465515
2023-07-13,7.003907680511475,7.380000114440918,7.53000020980835,7.340000152587891,7.46999979019165,413560
2023-07-14,7.032378196716309,7.409999847412109,7.409999847412109,7.340000152587891,7.380000114440918,106886
2023-07-17,7.070339679718018,7.449999809265137,7.485000133514404,7.380000114440918,7.409999847412109,221074
2023-07-18,7.070339679718018,7.449999809265137,7.449999809265137,7.059999942779541,7.139999866485596,370003
2023-07-19,7.1557536125183105,7.539999961853027,7.579999923706055,7.409999847412109,7.474999904632568,315941
2023-07-20,6.98967170715332,7.364999771118164,7.565000057220459,7.295000076293945,7.550000190734863,375269
2023-07-21,6.610056400299072,6.965000152587891,7.28000020980835,6.744999885559082,7.199999809265137,746576
2023-07-24,6.671743869781494,7.03000020980835,7.150000095367432,6.949999809265137,6.965000152587891,296415
2023-07-25,7.046614646911621,7.425000190734863,7.445000171661377,7.03000020980835,7.03000020980835,694018
2023-07-26,7.089320659637451,7.46999979019165,7.525000095367432,7.304999828338623,7.335000038146973,348257
2023-07-27,7.151008129119873,7.534999847412109,7.784999847412109,7.125,7.46999979019165,889001
2023-07-28,6.946965217590332,7.320000171661377,7.489999771118164,7.159999847412109,7.489999771118164,449806
2023-07-31,6.961200714111328,7.335000038146973,7.414999961853027,7.135000228881836,7.289999961853027,349956
2023-08-01,7.1415181159973145,7.525000095367432,7.554999828338623,7.260000228881836,7.320000171661377,353601
2023-08-02,6.965945720672607,7.340000152587891,7.550000190734863,7.295000076293945,7.454999923706055,396272
2023-08-03,6.951710224151611,7.324999809265137,7.389999866485596,7.284999847412109,7.304999828338623,211168
2023-08-04,7.146263122558594,7.53000020980835,7.539999961853027,7.300000190734863,7.320000171661377,182762
2023-08-07,7.207950592041016,7.59499979019165,7.619999885559082,7.5,7.53000020980835,207627
2023-08-08,7.113046646118164,7.494999885559082,7.59499979019165,7.465000152587891,7.59499979019165,271600
2023-08-09,7.075085163116455,7.454999923706055,7.53000020980835,7.454999923706055,7.494999885559082,140977
2023-08-10,7.122537612915039,7.505000114440918,7.559999942779541,7.434999942779541,7.454999923706055,246598
2023-08-11,6.956455707550049,7.329999923706055,7.53000020980835,7.329999923706055,7.505000114440918,180913
2023-08-14,6.913748741149902,7.284999847412109,7.445000171661377,7.284999847412109,7.329999923706055,177935
2023-08-15,6.68597936630249,7.045000076293945,7.260000228881836,6.945000171661377,7.260000228881836,398543
2023-08-16,6.68597936630249,7.045000076293945,7.070000171661377,6.954999923706055,7.0,204775
2023-08-17,6.809354305267334,7.175000190734863,7.230000019073486,7.014999866485596,7.014999866485596,291714
2023-08-18,6.728686332702637,7.090000152587891,7.179999828338623,7.059999942779541,7.175000190734863,242791
2023-08-21,6.7903733253479,7.15500020980835,7.28000020980835,7.105000019073486,7.105000019073486,216841
2023-08-22,6.909003734588623,7.28000020980835,7.28000020980835,7.15500020980835,7.184999942779541,186425
2023-08-23,6.8900227546691895,7.260000228881836,7.284999847412109,7.195000171661377,7.195000171661377,122999
2023-08-24,6.885277271270752,7.255000114440918,7.335000038146973,7.230000019073486,7.239999771118164,182576
2023-08-25,6.871041774749756,7.239999771118164,7.315000057220459,7.215000152587891,7.25,339023
2023-08-28,6.875787258148193,7.244999885559082,7.329999923706055,7.215000152587891,7.275000095367432,213798
2023-08-29,6.9042582511901855,7.275000095367432,7.335000038146973,7.255000114440918,7.289999961853027,316063
2023-08-30,6.923238754272461,7.295000076293945,7.309999942779541,7.260000228881836,7.275000095367432,334760
2023-08-31,6.999162197113037,7.375,7.385000228881836,7.255000114440918,7.28000020980835,383850
2023-09-01,7.127282619476318,7.510000228881836,7.579999923706055,7.340000152587891,7.375,367202
2023-09-04,7.184224605560303,7.570000171661377,7.635000228881836,7.510000228881836,7.510000228881836,170998
2023-09-05,7.046614646911621,7.425000190734863,7.579999923706055,7.389999866485596,7.570000171661377,168017
2023-09-06,7.02288818359375,7.400000095367432,7.440000057220459,7.309999942779541,7.429999828338623,178225
2023-09-07,7.0276336669921875,7.40500020980835,7.505000114440918,7.394999980926514,7.449999809265137,167106
2023-09-08,6.984926700592041,7.360000133514404,7.420000076293945,7.275000095367432,7.400000095367432,272709
2023-09-11,7.075085163116455,7.454999923706055,7.465000152587891,7.329999923706055,7.329999923706055,207777
2023-09-12,6.909003734588623,7.28000020980835,7.494999885559082,7.269999980926514,7.489999771118164,245958
2023-09-13,6.937474727630615,7.309999942779541,7.349999904632568,7.164999961853027,7.275000095367432,161099
2023-09-14,7.070339679718018,7.449999809265137,7.46999979019165,7.300000190734863,7.309999942779541,369461
2023-09-15,7.260148048400879,7.650000095367432,7.695000171661377,7.449999809265137,7.460000038146973,458377
2023-09-18,7.302855014801025,7.695000171661377,7.760000228881836,7.619999885559082,7.650000095367432,330771
2023-09-19,7.236421585083008,7.625,7.784999847412109,7.619999885559082,7.675000190734863,253175
2023-09-20,7.22218656539917,7.610000133514404,7.664999961853027,7.550000190734863,7.619999885559082,414999
2023-09-21,7.108301162719727,7.489999771118164,7.664999961853027,7.489999771118164,7.599999904632568,425737
2023-09-22,7.1415181159973145,7.525000095367432,7.599999904632568,7.40500020980835,7.46999979019165,230400
2023-09-25,7.174734592437744,7.559999942779541,7.579999923706055,7.5,7.5,290706
2023-09-26,7.0940656661987305,7.474999904632568,7.585000038146973,7.46999979019165,7.550000190734863,339257
2023-09-27,7.003907680511475,7.380000114440918,7.489999771118164,7.340000152587891,7.480000019073486,211375
2023-09-28,7.075085163116455,7.454999923706055,7.489999771118164,7.389999866485596,7.445000171661377,305058
2023-09-29,7.217441082000732,7.605000019073486,7.625,7.480000019073486,7.480000019073486,315787
2023-10-02,7.255402565002441,7.644999980926514,7.784999847412109,7.599999904632568,7.605000019073486,319978
2023-10-03,7.089320659637451,7.46999979019165,7.650000095367432,7.46999979019165,7.644999980926514,347603
2023-10-04,7.051358699798584,7.429999828338623,7.539999961853027,7.324999809265137,7.400000095367432,268922
2023-10-05,7.160499095916748,7.545000076293945,7.59499979019165,7.429999828338623,7.429999828338623,201424
2023-10-06,7.298109531402588,7.690000057220459,7.715000152587891,7.510000228881836,7.550000190734863,307647
2023-10-09,7.288619041442871,7.679999828338623,7.704999923706055,7.630000114440918,7.690000057220459,217515
2023-10-10,7.483172416687012,7.885000228881836,7.900000095367432,7.71999979019165,7.724999904632568,427784
2023-10-11,7.658743858337402,8.069999694824219,8.095000267028809,7.885000228881836,7.889999866485596,1009727
2023-10-12,7.649254322052002,8.0600004196167,8.194999694824219,8.050000190734863,8.069999694824219,298488
2023-10-13,7.687215805053711,8.100000381469727,8.145000457763672,7.994999885559082,8.0600004196167,477861
2023-10-16,7.744157791137695,8.15999984741211,8.229999542236328,8.085000038146973,8.100000381469727,397908
2023-10-17,7.635018348693848,8.045000076293945,8.15999984741211,8.0,8.15999984741211,226277
2023-10-18,7.483172416687012,7.885000228881836,8.050000190734863,7.804999828338623,8.03499984741211,358085
2023-10-19,7.388267993927002,7.784999847412109,7.880000114440918,7.610000133514404,7.880000114440918,565534
2023-10-20,7.2696380615234375,7.659999847412109,7.880000114440918,7.659999847412109,7.755000114440918,344107
2023-10-23,6.9422197341918945,7.315000057220459,7.630000114440918,7.269999980926514,7.554999828338623,375767
2023-10-24,7.29336404800415,7.684999942779541,7.769999980926514,7.400000095367432,7.400000095367432,624561
2023-10-25,7.312344551086426,7.704999923706055,7.875,7.605000019073486,7.840000152587891,546462
2023-10-26,6.420248031616211,6.764999866485596,7.78000020980835,6.75,7.699999809265137,1161613
2023-10-27,6.5626044273376465,6.914999961853027,6.925000190734863,6.400000095367432,6.75,1427652
2023-10-30,6.814099311828613,7.179999828338623,7.300000190734863,6.800000190734863,6.920000076293945,936456
2023-10-31,6.776137828826904,7.139999866485596,7.21999979019165,7.079999923706055,7.199999809265137,533182
2023-11-01,6.785628795623779,7.150000095367432,7.195000171661377,7.010000228881836,7.139999866485596,421413
2023-11-02,6.842570781707764,7.210000038146973,7.255000114440918,7.099999904632568,7.175000190734863,474123
2023-11-03,6.8900227546691895,7.260000228881836,7.269999980926514,7.159999847412109,7.235000133514404,407260
2023-11-06,6.9944167137146,7.369999885559082,7.380000114440918,7.260000228881836,7.289999961853027,241384
2023-11-07,6.880532264709473,7.25,7.380000114440918,7.21999979019165,7.364999771118164,195252
2023-11-08,6.913748741149902,7.284999847412109,7.335000038146973,7.204999923706055,7.239999771118164,1007966
2023-11-09,6.8900227546691895,7.260000228881836,7.329999923706055,7.114999771118164,7.28000020980835,440521
2023-11-10,6.723940849304199,7.085000038146973,7.195000171661377,6.980000019073486,7.195000171661377,387338
2023-11-13,6.657508373260498,7.014999866485596,7.09499979019165,7.010000228881836,7.090000152587891,262086
2023-11-14,6.828335285186768,7.195000171661377,7.199999809265137,6.96999979019165,7.03000020980835,257768
2023-11-15,6.871041774749756,7.239999771118164,7.324999809265137,7.199999809265137,7.199999809265137,252382
2023-11-16,6.733431339263916,7.09499979019165,7.235000133514404,7.09499979019165,7.199999809265137,211833
2023-11-17,6.852060794830322,7.21999979019165,7.264999866485596,7.09499979019165,7.09499979019165,278149
2023-11-20,6.761902332305908,7.125,7.284999847412109,7.125,7.25,269756
2023-11-21,6.714450359344482,7.074999809265137,7.170000076293945,7.070000171661377,7.130000114440918,179490
2023-11-22,6.662252902984619,7.019999980926514,7.130000114440918,7.019999980926514,7.099999904632568,116936
2023-11-23,6.62429141998291,6.980000019073486,7.099999904632568,6.940000057220459,7.045000076293945,177238
2023-11-24,6.643272399902344,7.0,7.010000228881836,6.880000114440918,6.980000019073486,355862
2023-11-27,6.633781909942627,6.989999771118164,7.019999980926514,6.885000228881836,7.0,241674
2023-11-28,6.666998386383057,7.025000095367432,7.085000038146973,6.940000057220459,7.0,195556
2023-11-29,6.671743869781494,7.03000020980835,7.09499979019165,6.974999904632568,6.974999904632568,220201
2023-11-30,6.662252902984619,7.019999980926514,7.050000190734863,6.934999942779541,7.034999847412109,579560
2023-12-01,6.719195365905762,7.079999923706055,7.114999771118164,7.039999961853027,7.054999828338623,226674
2023-12-04,6.6005659103393555,6.954999923706055,7.079999923706055,6.940000057220459,7.059999942779541,240208
2023-12-05,6.55311393737793,6.90500020980835,6.954999923706055,6.869999885559082,6.954999923706055,220281
2023-12-07,6.629036903381348,6.985000133514404,7.014999866485596,6.860000133514404,6.989999771118164,244166
2023-12-08,6.709705352783203,7.070000171661377,7.09499979019165,6.989999771118164,6.989999771118164,301716
2023-12-11,6.662252902984619,7.019999980926514,7.090000152587891,7.005000114440918,7.070000171661377,268115
2023-12-12,6.344325542449951,6.684999942779541,6.820000171661377,6.519999980926514,6.820000171661377,1536811
2023-12-13,6.301618576049805,6.639999866485596,6.690000057220459,6.579999923706055,6.684999942779541,348063
2023-12-14,6.5626044273376465,6.914999961853027,6.914999961853027,6.71999979019165,6.71999979019165,550528
2023-12-15,6.643272399902344,7.0,7.09499979019165,6.925000190734863,6.925000190734863,556446
2023-12-18,6.671743869781494,7.03000020980835,7.065000057220459,6.989999771118164,7.0,261580
2023-12-19,6.771393299102783,7.135000228881836,7.170000076293945,7.025000095367432,7.025000095367432,494364
2023-12-20,6.823590278625488,7.190000057220459,7.215000152587891,7.099999904632568,7.135000228881836,365682
2023-12-21,6.927984237670898,7.300000190734863,7.324999809265137,7.170000076293945,7.170000076293945,325047
2023-12-22,6.875787258148193,7.244999885559082,7.300000190734863,7.215000152587891,7.28000020980835,148884
2023-12-27,6.923238754272461,7.295000076293945,7.340000152587891,7.224999904632568,7.264999866485596,245206
2023-12-28,6.894767761230469,7.264999866485596,7.329999923706055,7.199999809265137,7.300000190734863,210609
2023-12-29,6.833080291748047,7.199999809265137,7.295000076293945,7.195000171661377,7.264999866485596,155090
2024-01-02,6.828335285186768,7.195000171661377,7.369999885559082,7.195000171661377,7.230000019073486,333082
2024-01-03,6.937474727630615,7.309999942779541,7.320000171661377,7.204999923706055,7.275000095367432,272934
2024-01-04,7.070339679718018,7.449999809265137,7.494999885559082,7.340000152587891,7.340000152587891,331041
2024-01-05,7.0181427001953125,7.394999980926514,7.434999942779541,7.25,7.40500020980835,268172
2024-01-08,6.946965217590332,7.320000171661377,7.429999828338623,7.239999771118164,7.380000114440918,393082
2024-01-09,6.913748741149902,7.284999847412109,7.394999980926514,7.190000057220459,7.340000152587891,384234
2024-01-10,6.7903733253479,7.15500020980835,7.264999866485596,7.135000228881836,7.264999866485596,199156
2024-01-11,6.79511833190918,7.159999847412109,7.255000114440918,7.150000095367432,7.199999809265137,256526
2024-01-12,6.946965217590332,7.320000171661377,7.320000171661377,7.190000057220459,7.199999809265137,290684
2024-01-15,7.02288818359375,7.400000095367432,7.449999809265137,7.380000114440918,7.400000095367432,163913
2024-01-16,6.9801812171936035,7.355000019073486,7.409999847412109,7.25,7.320000171661377,281552
2024-01-17,6.937474727630615,7.309999942779541,7.364999771118164,7.230000019073486,7.355000019073486,298852
2024-01-18,6.956455707550049,7.329999923706055,7.394999980926514,7.260000228881836,7.309999942779541,267941
2024-01-19,6.875787258148193,7.244999885559082,7.394999980926514,7.210000038146973,7.335000038146973,244987
2024-01-22,6.871041774749756,7.239999771118164,7.300000190734863,7.15500020980835,7.284999847412109,271996
2024-01-23,6.880532264709473,7.25,7.300000190734863,7.164999961853027,7.239999771118164,331618
2024-01-24,6.984926700592041,7.360000133514404,7.360000133514404,7.25,7.275000095367432,327816
2024-01-25,7.003907680511475,7.380000114440918,7.480000019073486,7.309999942779541,7.340000152587891,298956
2024-01-26,7.127282619476318,7.510000228881836,7.510000228881836,7.324999809265137,7.380000114440918,240923
2024-01-29,7.127282619476318,7.510000228881836,7.519999980926514,7.364999771118164,7.494999885559082,164548
2024-01-30,7.1415181159973145,7.525000095367432,7.559999942779541,7.474999904632568,7.510000228881836,237070
2024-01-31,7.070339679718018,7.449999809265137,7.525000095367432,7.40500020980835,7.514999866485596,327918
2024-02-01,6.6005659103393555,6.954999923706055,7.400000095367432,6.949999809265137,7.289999961853027,693700
2024-02-02,6.557858943939209,6.909999847412109,7.034999847412109,6.90500020980835,6.994999885559082,449099
2024-02-05,6.500916481018066,6.849999904632568,6.989999771118164,6.849999904632568,6.909999847412109,269338
2024-02-06,6.538877964019775,6.889999866485596,6.909999847412109,6.835000038146973,6.864999771118164,191160
2024-02-07,6.467700481414795,6.815000057220459,6.940000057220459,6.809999942779541,6.889999866485596,208542
2024-02-08,6.695469856262207,7.054999828338623,7.454999923706055,6.639999866485596,6.809999942779541,1704522
2024-02-09,6.605310916900635,6.960000038146973,7.054999828338623,6.78000020980835,6.949999809265137,601573
2024-02-12,6.54836893081665,6.900000095367432,6.985000133514404,6.804999828338623,6.954999923706055,343333
2024-02-13,6.325344562530518,6.664999961853027,6.914999961853027,6.644999980926514,6.900000095367432,352181
2024-02-14,6.263657093048096,6.599999904632568,6.664999961853027,6.565000057220459,6.664999961853027,391107
2024-02-15,6.363306045532227,6.704999923706055,6.730000019073486,6.579999923706055,6.610000133514404,330854
2024-02-16,6.420248031616211,6.764999866485596,6.815000057220459,6.704999923706055,6.704999923706055,236002
2024-02-19,6.467700481414795,6.815000057220459,6.824999809265137,6.710000038146973,6.760000228881836,150509
2024-02-20,6.453464984893799,6.800000190734863,6.829999923706055,6.744999885559082,6.815000057220459,182951
2024-02-21,6.424993515014648,6.769999980926514,6.820000171661377,6.75,6.800000190734863,201622
2024-02-22,6.462954998016357,6.809999942779541,6.875,6.775000095367432,6.800000190734863,251986
2024-02-23,6.448719501495361,6.795000076293945,6.840000152587891,6.755000114440918,6.820000171661377,242594
2024-02-26,6.358560562133789,6.699999809265137,6.809999942779541,6.675000190734863,6.795000076293945,228527
2024-02-27,6.5198974609375,6.869999885559082,6.909999847412109,6.704999923706055,6.724999904632568,312545
2024-02-28,6.62429141998291,6.980000019073486,7.005000114440918,6.860000133514404,6.875,237988
2024-02-29,6.591075420379639,6.945000171661377,7.014999866485596,6.90500020980835,6.949999809265137,405238
2024-03-01,6.595820426940918,6.949999809265137,6.980000019073486,6.824999809265137,6.980000019073486,243272
2024-03-04,6.5246429443359375,6.875,6.949999809265137,6.855000019073486,6.940000057220459,324919
2024-03-05,6.368051052093506,6.710000038146973,6.869999885559082,6.679999828338623,6.869999885559082,300361
2024-03-06,6.258911609649658,6.59499979019165,6.775000095367432,6.59499979019165,6.699999809265137,187153
2024-03-07,6.406012535095215,6.75,6.824999809265137,6.570000171661377,6.619999885559082,377773
2024-03-08,6.500916481018066,6.849999904632568,6.894999980926514,6.715000152587891,6.775000095367432,352115
2024-03-11,6.610056400299072,6.965000152587891,6.965000152587891,6.769999980926514,6.829999923706055,425268
2024-03-12,6.671743869781494,7.03000020980835,7.034999847412109,6.875,6.900000095367432,365901
2024-03-13,6.690724849700928,7.050000190734863,7.099999904632568,6.954999923706055,7.025000095367432,457450
2024-03-14,6.671743869781494,7.03000020980835,7.099999904632568,6.934999942779541,7.039999961853027,420366
2024-03-15,6.733431339263916,7.09499979019165,7.09499979019165,6.90500020980835,7.019999980926514,4440254
2024-03-18,6.852060794830322,7.21999979019165,7.244999885559082,7.065000057220459,7.090000152587891,500258
2024-03-19,6.965945720672607,7.340000152587891,7.34499979019165,7.070000171661377,7.21999979019165,476542
2024-03-20,7.032378196716309,7.409999847412109,7.434999942779541,7.269999980926514,7.329999923706055,559636
2024-03-21,7.236421585083008,7.625,7.635000228881836,7.385000228881836,7.385000228881836,631905
2024-03-22,7.079830646514893,7.460000038146973,7.65500020980835,7.400000095367432,7.599999904632568,502225
2024-03-25,7.160499095916748,7.545000076293945,7.559999942779541,7.400000095367432,7.449999809265137,240715
2024-03-26,7.0561041831970215,7.434999942779541,7.559999942779541,7.369999885559082,7.545000076293945,554602
2024-03-27,6.967719078063965,7.09499979019165,7.264999866485596,7.074999809265137,7.224999904632568,400275
2024-03-28,6.894064426422119,7.019999980926514,7.139999866485596,6.985000133514404,7.09499979019165,207136
2024-04-02,7.011911869049072,7.139999866485596,7.199999809265137,7.045000076293945,7.050000190734863,773807
2024-04-03,6.938257217407227,7.065000057220459,7.275000095367432,7.054999828338623,7.150000095367432,287414
2024-04-04,7.129759311676025,7.260000228881836,7.400000095367432,7.039999961853027,7.039999961853027,859711
2024-04-05,7.198503494262695,7.329999923706055,7.349999904632568,7.215000152587891,7.260000228881836,310836
2024-04-08,7.1935930252075195,7.324999809265137,7.34499979019165,7.260000228881836,7.34499979019165,285168
2024-04-09,7.267247676849365,7.400000095367432,7.440000057220459,7.289999961853027,7.324999809265137,249478
2024-04-10,7.28688907623291,7.420000076293945,7.5,7.385000228881836,7.454999923706055,284464
2024-04-11,7.31635046005249,7.449999809265137,7.525000095367432,7.380000114440918,7.420000076293945,388498
2024-04-12,7.272158145904541,7.40500020980835,7.545000076293945,7.364999771118164,7.449999809265137,310709
2024-04-15,7.119938373565674,7.25,7.434999942779541,7.230000019073486,7.389999866485596,288569
2024-04-16,6.997180938720703,7.125,7.275000095367432,7.039999961853027,7.269999980926514,232554
2024-04-17,6.844961643218994,6.96999979019165,7.110000133514404,6.965000152587891,7.099999904632568,232332
2024-04-18,6.943167686462402,7.070000171661377,7.079999923706055,6.920000076293945,6.96999979019165,228169
2024-04-19,7.0610151290893555,7.190000057220459,7.190000057220459,7.025000095367432,7.025000095367432,248119
2024-04-22,7.075745582580566,7.204999923706055,7.264999866485596,7.175000190734863,7.184999942779541,263800
2024-04-23,7.070835590362549,7.199999809265137,7.235000133514404,7.164999961853027,7.204999923706055,214123
2024-04-24,7.026642799377441,7.15500020980835,7.244999885559082,7.105000019073486,7.239999771118164,173830
2024-04-25,6.933347225189209,7.059999942779541,7.489999771118164,6.960000038146973,7.210000038146973,976493
2024-04-26,6.825320243835449,6.949999809265137,7.210000038146973,6.920000076293945,7.019999980926514,677827
2024-04-29,6.746755599975586,6.869999885559082,6.974999904632568,6.784999847412109,6.974999904632568,452155
2024-04-30,6.623997688293457,6.744999885559082,6.90500020980835,6.730000019073486,6.860000133514404,217532
2024-05-02,6.7025628089904785,6.824999809265137,6.894999980926514,6.695000171661377,6.75,272725
2024-05-03,6.638729095458984,6.760000228881836,6.875,6.760000228881836,6.849999904632568,221794
2024-05-06,6.687831878662109,6.809999942779541,6.84499979019165,6.744999885559082,6.795000076293945,186020
2024-05-07,6.908795356750488,7.034999847412109,7.065000057220459,6.800000190734863,6.820000171661377,284486
2024-05-08,6.943167686462402,7.070000171661377,7.144999980926514,7.0,7.0,265377
2024-05-10,7.021732807159424,7.150000095367432,7.195000171661377,7.070000171661377,7.070000171661377,257589
2024-05-13,7.05610466003418,7.184999942779541,7.199999809265137,7.059999942779541,7.150000095367432,210083
2024-05-14,7.1935930252075195,7.324999809265137,7.375,7.184999942779541,7.184999942779541,225446
2024-05-15,7.17886209487915,7.309999942779541,7.630000114440918,7.309999942779541,7.329999923706055,703810
2024-05-16,7.267247676849365,7.400000095367432,7.46999979019165,7.355000019073486,7.355000019073486,245128
2024-05-17,7.242696285247803,7.375,7.440000057220459,7.295000076293945,7.429999828338623,252913
2024-05-20,7.905587196350098,8.050000190734863,8.050000190734863,7.590000152587891,7.710000038146973,2059013
2024-05-21,7.792649745941162,7.934999942779541,8.104999542236328,7.900000095367432,8.010000228881836,1159770
2024-05-22,7.792649745941162,7.934999942779541,8.024999618530273,7.894999980926514,7.949999809265137,338717
2024-05-23,7.723905563354492,7.864999771118164,7.965000152587891,7.824999809265137,7.934999942779541,356051
2024-05-24,7.792649745941162,7.934999942779541,7.985000133514404,7.75,7.869999885559082,236335
2024-05-27,7.625699520111084,7.764999866485596,7.920000076293945,7.664999961853027,7.920000076293945,274853
2024-05-28,7.596238136291504,7.735000133514404,7.889999866485596,7.730000019073486,7.789999961853027,278772
2024-05-29,7.537314414978027,7.675000190734863,7.760000228881836,7.635000228881836,7.704999923706055,421299
2024-05-30,7.596238136291504,7.735000133514404,7.755000114440918,7.570000171661377,7.605000019073486,219662
2024-05-31,7.640430927276611,7.78000020980835,7.809999942779541,7.699999809265137,7.739999771118164,346714
2024-06-03,7.620789527893066,7.760000228881836,7.90500020980835,7.699999809265137,7.78000020980835,369192
2024-06-04,7.49312162399292,7.630000114440918,7.760000228881836,7.590000152587891,7.755000114440918,573005
2024-06-05,7.502942085266113,7.639999866485596,7.71999979019165,7.550000190734863,7.675000190734863,210433
2024-06-06,7.404736042022705,7.539999961853027,7.690000057220459,7.510000228881836,7.644999980926514,246886
2024-06-07,7.301619529724121,7.434999942779541,7.534999847412109,7.414999961853027,7.534999847412109,244171
2024-06-10,7.2476067543029785,7.380000114440918,7.429999828338623,7.295000076293945,7.400000095367432,204576
2024-06-11,7.183772563934326,7.315000057220459,7.40500020980835,7.21999979019165,7.40500020980835,315640
2024-06-12,7.1444902420043945,7.275000095367432,7.324999809265137,7.224999904632568,7.320000171661377,174887
2024-06-13,7.169041633605957,7.300000190734863,7.340000152587891,7.190000057220459,7.275000095367432,205427
2024-06-14,7.016822338104248,7.144999980926514,7.335000038146973,7.119999885559082,7.300000190734863,173721
2024-06-17,7.026642799377441,7.15500020980835,7.175000190734863,7.050000190734863,7.150000095367432,173316
2024-06-18,7.154310703277588,7.284999847412109,7.309999942779541,7.139999866485596,7.150000095367432,239514
2024-06-19,7.164131164550781,7.295000076293945,7.34499979019165,7.264999866485596,7.284999847412109,171624
2024-06-20,7.2476067543029785,7.380000114440918,7.434999942779541,7.28000020980835,7.300000190734863,1091207
2024-06-24,7.2476067543029785,7.380000114440918,7.449999809265137,7.329999923706055,7.434999942779541,145312
2024-06-25,7.291799545288086,7.425000190734863,7.480000019073486,7.335000038146973,7.375,165523
2024-06-26,7.17886209487915,7.309999942779541,7.460000038146973,7.309999942779541,7.460000038146973,1143074
2024-06-27,7.28688907623291,7.420000076293945,7.440000057220459,7.289999961853027,7.295000076293945,140578
2024-06-28,7.198503494262695,7.329999923706055,7.545000076293945,7.320000171661377,7.434999942779541,147056
2024-07-01,7.272158145904541,7.40500020980835,7.525000095367432,7.375,7.414999961853027,254079
2024-07-02,7.026642799377441,7.15500020980835,7.40500020980835,7.15500020980835,7.40500020980835,356047
2024-07-03,7.046284198760986,7.175000190734863,7.230000019073486,7.105000019073486,7.15500020980835,334149
2024-07-04,7.085566520690918,7.215000152587891,7.239999771118164,7.144999980926514,7.195000171661377,94930
2024-07-05,6.967719078063965,7.09499979019165,7.295000076293945,7.059999942779541,7.239999771118164,300397
2024-07-08,6.992270469665527,7.119999885559082,7.130000114440918,7.014999866485596,7.085000038146973,151776
2024-07-09,6.908795356750488,7.034999847412109,7.150000095367432,7.03000020980835,7.114999771118164,110187
2024-07-10,6.952988147735596,7.079999923706055,7.09499979019165,7.0,7.025000095367432,112612
2024-07-11,6.952988147735596,7.079999923706055,7.170000076293945,6.980000019073486,7.170000076293945,112166
2024-07-12,7.031552791595459,7.159999847412109,7.159999847412109,7.065000057220459,7.085000038146973,127365
2024-07-15,7.002091407775879,7.130000114440918,7.164999961853027,7.070000171661377,7.164999961853027,116880
2024-07-16,6.997180938720703,7.125,7.125,7.03000020980835,7.125,156100
2024-07-17,7.026642799377441,7.15500020980835,7.164999961853027,7.054999828338623,7.119999885559082,100927
2024-07-18,7.105207920074463,7.235000133514404,7.235000133514404,7.090000152587891,7.164999961853027,161453
2024-07-19,7.0610151290893555,7.190000057220459,7.349999904632568,7.144999980926514,7.349999904632568,196605
2024-07-22,7.218144416809082,7.349999904632568,7.385000228881836,7.184999942779541,7.190000057220459,168611
2024-07-23,7.169041633605957,7.300000190734863,7.380000114440918,7.260000228881836,7.360000133514404,117286
2024-07-24,6.943167686462402,7.070000171661377,7.324999809265137,7.034999847412109,7.324999809265137,248040
2024-07-25,6.91861629486084,7.045000076293945,7.099999904632568,6.929999828338623,7.099999904632568,253787
2024-07-26,6.869513034820557,6.994999885559082,7.090000152587891,6.994999885559082,7.054999828338623,137223
2024-07-29,6.908795356750488,7.034999847412109,7.099999904632568,6.994999885559082,6.994999885559082,103194
2024-07-30,6.874423503875732,7.0,7.034999847412109,6.965000152587891,7.03000020980835,133333
2024-07-31,6.933347225189209,7.059999942779541,7.119999885559082,6.974999904632568,7.0,451796
2024-08-01,6.506150722503662,6.625,7.184999942779541,6.625,7.059999942779541,682430
2024-08-02,6.000389575958252,6.110000133514404,6.505000114440918,6.090000152587891,6.5,1160144
2024-08-05,5.931645393371582,6.039999961853027,6.099999904632568,5.860000133514404,6.010000228881836,548736
2024-08-06,6.0052995681762695,6.114999771118164,6.21999979019165,6.070000171661377,6.110000133514404,305542
2024-08-07,6.010210037231445,6.119999885559082,6.199999809265137,6.110000133514404,6.159999847412109,232390
2024-08-08,5.995479106903076,6.105000019073486,6.144999980926514,6.039999961853027,6.125,141141
2024-08-09,6.034761905670166,6.144999980926514,6.235000133514404,6.110000133514404,6.110000133514404,189173
2024-08-12,5.990569114685059,6.099999904632568,6.184999942779541,6.065000057220459,6.15500020980835,255513
2024-08-13,6.010210037231445,6.119999885559082,6.15500020980835,6.050000190734863,6.130000114440918,197455
2024-08-14,5.985658645629883,6.09499979019165,6.150000095367432,6.059999942779541,6.125,150515
2024-08-15,6.078954696655273,6.190000057220459,6.275000095367432,6.105000019073486,6.105000019073486,182363
2024-08-16,6.02985143661499,6.139999866485596,6.224999904632568,6.110000133514404,6.204999923706055,115234
2024-08-19,6.083864688873291,6.195000171661377,6.199999809265137,6.110000133514404,6.139999866485596,163477
2024-08-20,6.034761905670166,6.144999980926514,6.239999771118164,6.110000133514404,6.199999809265137,169210
2024-08-21,6.128057479858398,6.239999771118164,6.255000114440918,6.150000095367432,6.150000095367432,127594
2024-08-22,6.010210037231445,6.119999885559082,6.215000152587891,6.119999885559082,6.210000038146973,250487
2024-08-23,6.0593132972717285,6.170000076293945,6.210000038146973,6.125,6.125,96405
2024-08-26,6.078954696655273,6.190000057220459,6.224999904632568,6.15500020980835,6.170000076293945,168427
2024-08-27,6.0052995681762695,6.114999771118164,6.210000038146973,6.110000133514404,6.199999809265137,132262
2024-08-28,6.010210037231445,6.119999885559082,6.150000095367432,6.105000019073486,6.114999771118164,117841
2024-08-29,6.074044227600098,6.184999942779541,6.230000019073486,6.130000114440918,6.130000114440918,176081
2024-08-30,6.152608871459961,6.264999866485596,6.275000095367432,6.179999828338623,6.184999942779541,276183
2024-09-02,6.182070732116699,6.295000076293945,6.349999904632568,6.224999904632568,6.264999866485596,124595
2024-09-03,6.074044227600098,6.184999942779541,6.364999771118164,6.099999904632568,6.300000190734863,183706
2024-09-04,5.980748653411865,6.090000152587891,6.125,6.065000057220459,6.099999904632568,233906
2024-09-05,5.990569114685059,6.099999904632568,6.144999980926514,6.070000171661377,6.090000152587891,102352
2024-09-06,5.941466331481934,6.050000190734863,6.135000228881836,6.025000095367432,6.099999904632568,177995
2024-09-09,5.951286315917969,6.059999942779541,6.119999885559082,6.059999942779541,6.070000171661377,123176
2024-09-10,5.941466331481934,6.050000190734863,6.114999771118164,6.010000228881836,6.099999904632568,159751
2024-09-11,5.931645393371582,6.039999961853027,6.139999866485596,6.039999961853027,6.050000190734863,148009
2024-09-12,5.946376323699951,6.054999828338623,6.139999866485596,6.025000095367432,6.050000190734863,113590
2024-09-13,5.96110725402832,6.070000171661377,6.110000133514404,5.985000133514404,6.09499979019165,290770
2024-09-16,5.853080749511719,5.960000038146973,6.070000171661377,5.929999828338623,6.070000171661377,194428
2024-09-17,5.9561967849731445,6.065000057220459,6.090000152587891,5.960000038146973,5.980000019073486,184272
2024-09-18,6.02985143661499,6.139999866485596,6.150000095367432,6.019999980926514,6.065000057220459,198955
2024-09-19,6.128057479858398,6.239999771118164,6.335000038146973,6.159999847412109,6.159999847412109,221532
2024-09-20,6.049492359161377,6.159999847412109,6.295000076293945,6.114999771118164,6.264999866485596,361042
2024-09-23,5.970927715301514,6.079999923706055,6.150000095367432,6.070000171661377,6.150000095367432,177982
2024-09-24,6.142788410186768,6.255000114440918,6.304999828338623,6.114999771118164,6.114999771118164,207785
2024-09-25,6.128057479858398,6.239999771118164,6.349999904632568,6.235000133514404,6.289999961853027,202537
2024-09-26,6.103506088256836,6.215000152587891,6.349999904632568,6.184999942779541,6.25,311241
2024-09-27,6.196801662445068,6.309999942779541,6.360000133514404,6.235000133514404,6.235000133514404,375752
2024-09-30,6.177160263061523,6.289999961853027,6.385000228881836,6.235000133514404,6.309999942779541,217736
2024-10-01,6.285187244415283,6.400000095367432,6.414999961853027,6.28000020980835,6.28000020980835,360233
2024-10-02,6.191891193389893,6.304999828338623,6.420000076293945,6.275000095367432,6.40500020980835,320920
2024-10-03,6.147698879241943,6.260000228881836,6.440000057220459,6.25,6.275000095367432,354556
2024-10-04,6.216443061828613,6.329999923706055,6.409999847412109,6.264999866485596,6.264999866485596,138851
2024-10-07,6.226263523101807,6.340000152587891,6.34499979019165,6.210000038146973,6.329999923706055,244348
2024-10-08,5.912003993988037,6.019999980926514,6.340000152587891,5.994999885559082,6.340000152587891,569824
2024-10-09,5.936555862426758,6.045000076293945,6.074999809265137,6.005000114440918,6.03000020980835,228888
2024-10-10,5.951286315917969,6.059999942779541,6.074999809265137,6.005000114440918,6.059999942779541,221816
2024-10-11,6.103506088256836,6.215000152587891,6.224999904632568,6.054999828338623,6.059999942779541,313754
2024-10-14,5.951286315917969,6.059999942779541,6.215000152587891,6.054999828338623,6.215000152587891,216202
2024-10-15,5.774515628814697,5.880000114440918,6.050000190734863,5.869999885559082,6.050000190734863,564680
2024-10-16,5.66157865524292,5.764999866485596,5.914999961853027,5.75,5.835000038146973,492060
2024-10-17,5.66157865524292,5.764999866485596,5.78000020980835,5.715000152587891,5.764999866485596,467815
2024-10-18,5.666489124298096,5.769999980926514,5.835000038146973,5.760000228881836,5.809999942779541,213228
2024-10-21,5.529000759124756,5.630000114440918,5.78000020980835,5.625,5.769999980926514,397149
2024-10-22,5.641937255859375,5.744999885559082,5.784999847412109,5.619999885559082,5.650000095367432,338736
2024-10-23,5.759784698486328,5.864999771118164,5.940000057220459,5.75,5.75,556644
2024-10-24,5.401332855224609,5.5,5.949999809265137,5.429999828338623,5.900000095367432,1369754
2024-10-25,5.219651699066162,5.315000057220459,5.5,5.175000190734863,5.5,1030944
2024-10-28,5.145996570587158,5.239999771118164,5.340000152587891,5.230000019073486,5.289999961853027,498499
2024-10-29,4.964315414428711,5.054999828338623,5.25,5.03000020980835,5.21999979019165,890930
2024-10-30,4.8337016105651855,4.921999931335449,5.079999923706055,4.915999889373779,5.054999828338623,1880936
2024-10-31,4.847450256347656,4.935999870300293,5.0,4.895999908447266,4.921999931335449,591262
2024-11-01,4.794419288635254,4.881999969482422,4.960000038146973,4.881999969482422,4.946000099182129,659314
2024-11-04,4.755136966705322,4.8420000076293945,4.920000076293945,4.8420000076293945,4.881999969482422,388261
2024-11-05,4.69032096862793,4.776000022888184,4.888000011444092,4.776000022888184,4.8480000495910645,633879
2024-11-06,4.637290000915527,4.7220001220703125,4.860000133514404,4.699999809265137,4.803999900817871,676983
2024-11-07,4.707998275756836,4.794000148773193,4.826000213623047,4.739999771118164,4.739999771118164,482024
2024-11-08,4.601935386657715,4.685999870300293,4.800000190734863,4.676000118255615,4.794000148773193,456459
2024-11-11,4.584258556365967,4.668000221252441,4.73199987411499,4.668000221252441,4.690000057220459,324206
2024-11-12,4.431056976318359,4.51200008392334,4.6479997634887695,4.51200008392334,4.6479997634887695,459155
2024-11-13,4.44284200668335,4.52400016784668,4.544000148773193,4.48199987411499,4.51200008392334,367666
2024-11-14,4.5410475730896,4.624000072479248,4.642000198364258,4.515999794006348,4.52400016784668,352659
2024-11-15,4.533191204071045,4.616000175476074,4.6479997634887695,4.559999942779541,4.564000129699707,261800
2024-11-18,4.464447021484375,4.546000003814697,4.6479997634887695,4.539999961853027,4.616000175476074,259275
2024-11-19,4.403559684753418,4.484000205993652,4.5960001945495605,4.449999809265137,4.544000148773193,300204
2024-11-20,4.352492332458496,4.432000160217285,4.53000020980835,4.427999973297119,4.484000205993652,240824
2024-11-21,4.2935686111450195,4.372000217437744,4.446000099182129,4.3520002365112305,4.438000202178955,434359
2024-11-22,4.30731725692749,4.386000156402588,4.447999954223633,4.360000133514404,4.400000095367432,533556
2024-11-25,4.427128791809082,4.507999897003174,4.51800012588501,4.3979997634887695,4.3979997634887695,480147
2024-11-26,4.273927688598633,4.3520002365112305,4.49399995803833,4.340000152587891,4.49399995803833,563317
2024-11-27,4.207147121429443,4.283999919891357,4.354000091552734,4.248000144958496,4.3520002365112305,500932
2024-11-28,4.228752613067627,4.306000232696533,4.323999881744385,4.265999794006348,4.289999961853027,308352
2024-11-29,4.12858247756958,4.203999996185303,4.329999923706055,4.190000057220459,4.300000190734863,1627675
2024-12-02,4.207147121429443,4.283999919891357,4.297999858856201,4.190000057220459,4.199999809265137,651468
2024-12-03,4.215003490447998,4.291999816894531,4.357999801635742,4.26200008392334,4.297999858856201,483873
2024-12-04,4.3132100105285645,4.392000198364258,4.4120001792907715,4.288000106811523,4.291999816894531,522068
2024-12-05,4.3426713943481445,4.421999931335449,4.426000118255615,4.355999946594238,4.400000095367432,341607
2024-12-09,4.356420040130615,4.435999870300293,4.559999942779541,4.432000160217285,4.440000057220459,463176
2024-12-10,4.309281349182129,4.388000011444092,4.458000183105469,4.383999824523926,4.435999870300293,309050
2024-12-11,4.2503581047058105,4.328000068664551,4.432000160217285,4.315999984741211,4.380000114440918,447102
2024-12-12,4.189469814300537,4.265999794006348,4.335999965667725,4.251999855041504,4.328000068664551,430018
2024-12-13,4.065730094909668,4.139999866485596,4.251999855041504,4.078000068664551,4.25,924941
2024-12-16,4.051981449127197,4.125999927520752,4.156000137329102,4.085999965667725,4.138000011444092,426754
2024-12-17,4.0755510330200195,4.150000095367432,4.168000221252441,4.0879998207092285,4.111999988555908,354000
2024-12-18,4.034304141998291,4.107999801635742,4.156000137329102,4.065999984741211,4.1519999504089355,526211
2024-12-19,3.9203855991363525,3.992000102996826,4.070000171661377,3.9739999771118164,4.065999984741211,562841
2024-12-20,4.024484157562256,4.0980000495910645,4.0980000495910645,3.9760000705718994,3.99399995803833,852255
2024-12-23,4.0814433097839355,4.156000137329102,4.165999889373779,4.058000087738037,4.090000152587891,512855
2024-12-27,4.142331123352051,4.2179999351501465,4.25,4.159999847412109,4.159999847412109,643208
2024-12-30,4.165900707244873,4.242000102996826,4.25,4.191999912261963,4.202000141143799,529319
2025-01-02,4.2935686111450195,4.372000217437744,4.374000072479248,4.242000102996826,4.242000102996826,350673
2025-01-03,4.244465351104736,4.322000026702881,4.381999969482422,4.320000171661377,4.372000217437744,355091
2025-01-07,4.256250381469727,4.334000110626221,4.438000202178955,4.302000045776367,4.349999904632568,402991
2025-01-08,4.177685737609863,4.254000186920166,4.400000095367432,4.208000183105469,4.400000095367432,353449
2025-01-09,4.203218936920166,4.28000020980835,4.300000190734863,4.236000061035156,4.251999855041504,274540
2025-01-10,4.114833354949951,4.190000057220459,4.303999900817871,4.190000057220459,4.265999794006348,245853
2025-01-13,4.218931674957275,4.296000003814697,4.322000026702881,4.190000057220459,4.190000057220459,262069
2025-01-14,4.148223400115967,4.223999977111816,4.320000171661377,4.205999851226807,4.300000190734863,207528
2025-01-15,4.236608982086182,4.314000129699707,4.334000110626221,4.25600004196167,4.28000020980835,281300
2025-01-16,4.16982889175415,4.245999813079834,4.334000110626221,4.205999851226807,4.326000213623047,454182
2025-01-17,4.350527763366699,4.429999828338623,4.449999809265137,4.25600004196167,4.25600004196167,413665
2025-01-20,4.482124328613281,4.564000129699707,4.593999862670898,4.438000202178955,4.455999851226807,862958
2025-01-21,4.489980697631836,4.572000026702881,4.585999965667725,4.48799991607666,4.570000171661377,499112
2025-01-22,4.440877437591553,4.521999835968018,4.599999904632568,4.510000228881836,4.559999942779541,286682
2025-01-23,4.350527763366699,4.429999828338623,4.53000020980835,4.423999786376953,4.510000228881836,336378
2025-01-24,4.713890552520752,4.800000190734863,4.800000190734863,4.460000038146973,4.460000038146973,913868
2025-01-27,4.607827663421631,4.691999912261963,4.76200008392334,4.650000095367432,4.75,419293
2025-01-28,4.6156840324401855,4.699999809265137,4.7179999351501465,4.645999908447266,4.670000076293945,240276
2025-01-29,4.633361339569092,4.7179999351501465,4.730000019073486,4.6519999504089355,4.703999996185303,301599
2025-01-30,4.653002738952637,4.73799991607666,4.785999774932861,4.705999851226807,4.7179999351501465,214193
2025-01-31,4.729603290557861,4.815999984741211,4.831999778747559,4.659999847412109,4.671999931335449,1846024
2025-02-03,4.507658004760742,4.590000152587891,4.7220001220703125,4.561999797821045,4.6620001792907715,450432
2025-02-04,4.550868034362793,4.633999824523926,4.702000141143799,4.584000110626221,4.599999904632568,525726
2025-02-05,4.47230339050293,4.553999900817871,4.708000183105469,4.455999851226807,4.6539998054504395,577610
2025-02-06,4.4860520362854,4.567999839782715,4.593999862670898,4.265999794006348,4.553999900817871,1228484
2025-02-07,4.303389072418213,4.381999969482422,4.49399995803833,4.366000175476074,4.480000019073486,613483
2025-02-10,4.201254844665527,4.2779998779296875,4.383999824523926,4.2779998779296875,4.380000114440918,330279
2025-02-11,3.9950218200683594,4.067999839782715,4.2779998779296875,4.03000020980835,4.25,791611
2025-02-12,4.042160987854004,4.116000175476074,4.193999767303467,4.073999881744385,4.0879998207092285,350909
2025-02-13,4.203218936920166,4.28000020980835,4.306000232696533,4.118000030517578,4.118000030517578,428364
2025-02-14,4.273927688598633,4.3520002365112305,4.418000221252441,4.25,4.289999961853027,264184
2025-02-17,4.305353164672852,4.383999824523926,4.434000015258789,4.329999923706055,4.3520002365112305,240276
2025-02-18,4.242501258850098,4.320000171661377,4.4039998054504395,4.300000190734863,4.386000156402588,332157
2025-02-19,4.1442952156066895,4.21999979019165,4.395999908447266,4.205999851226807,4.323999881744385,309389
2025-02-20,4.048053741455078,4.122000217437744,4.242000102996826,4.122000217437744,4.21999979019165,532616
2025-02-21,4.002878665924072,4.076000213623047,4.184000015258789,4.061999797821045,4.130000114440918,419468
2025-02-24,4.061802387237549,4.136000156402588,4.193999767303467,4.079999923706055,4.179999828338623,376051
2025-02-25,4.0696587562561035,4.144000053405762,4.171999931335449,4.093999862670898,4.110000133514404,246028
2025-02-26,4.0323405265808105,4.105999946594238,4.193999767303467,4.1020002365112305,4.1620001792907715,358756
2025-02-27,3.881103038787842,3.9519999027252197,4.099999904632568,3.9519999027252197,4.099999904632568,876375
2025-02-28,3.8653903007507324,3.936000108718872,3.9639999866485596,3.8980000019073486,3.9240000247955322,626761
2025-03-03,3.9262776374816895,3.997999906539917,4.041999816894531,3.9100000858306885,3.940000057220459,356156
2025-03-04,3.7789688110351562,3.8480000495910645,3.9579999446868896,3.8459999561309814,3.950000047683716,549168
2025-03-05,3.9066364765167236,3.9779999256134033,4.056000232696533,3.8980000019073486,3.9000000953674316,529843
2025-03-06,4.050017356872559,4.124000072479248,4.205999851226807,4.033999919891357,4.050000190734863,629689
2025-03-07,3.985201597213745,4.058000087738037,4.116000175476074,3.99399995803833,4.116000175476074,506267
2025-03-10,3.9184212684631348,3.990000009536743,4.070000171661377,3.9839999675750732,4.061999797821045,299788
2025-03-11,3.8378922939300537,3.9079999923706055,4.064000129699707,3.8940000534057617,4.004000186920166,509178
2025-03-12,3.8320000171661377,3.9019999504089355,3.9639999866485596,3.8459999561309814,3.934000015258789,433535
2025-03-13,3.7711122035980225,3.8399999141693115,3.9179999828338623,3.8340001106262207,3.9019999504089355,342062
2025-03-14,3.835928201675415,3.9059998989105225,3.930000066757202,3.822000026702881,3.8499999046325684,308163
2025-03-17,3.8594977855682373,3.930000066757202,3.996000051498413,3.9059998989105225,3.9059998989105225,284245
2025-03-18,3.816287040710449,3.885999917984009,4.01800012588501,3.885999917984009,3.940000057220459,495079
2025-03-19,3.8398566246032715,3.9100000858306885,3.931999921798706,3.859999895095825,3.9019999504089355,455345
2025-03-20,3.8320000171661377,3.9019999504089355,3.941999912261963,3.8320000171661377,3.9159998893737793,831011
2025-03-21,3.694000005722046,3.694000005722046,3.875999927520752,3.687999963760376,3.8399999141693115,1158333
2025-03-24,3.6559998989105225,3.6559998989105225,3.7119998931884766,3.6080000400543213,3.7119998931884766,560240
2025-03-25,3.684000015258789,3.684000015258789,3.746000051498413,3.6619999408721924,3.6679999828338623,851687
2025-03-26,3.677999973297119,3.677999973297119,3.75600004196167,3.6640000343322754,3.700000047683716,363565
2025-03-27,3.630000114440918,3.630000114440918,3.7060000896453857,3.621999979019165,3.677999973297119,366316
2025-03-28,3.5320000648498535,3.5320000648498535,3.7019999027252197,3.5320000648498535,3.619999885559082,1025690
2025-03-31,3.450000047683716,3.450000047683716,3.503999948501587,3.450000047683716,3.5,759594
2025-04-01,3.4159998893737793,3.4159998893737793,3.4639999866485596,3.3480000495910645,3.4600000381469727,772075
2025-04-02,3.441999912261963,3.441999912261963,3.4619998931884766,3.3919999599456787,3.4159998893737793,405724
2025-04-03,3.2699999809265137,3.2699999809265137,3.4619998931884766,3.2699999809265137,3.3499999046325684,490673
2025-04-04,3.130000114440918,3.130000114440918,3.3499999046325684,3.0739998817443848,3.299999952316284,862452
2025-04-07,3.115999937057495,3.115999937057495,3.247999906539917,2.9539999961853027,3.0,889911
2025-04-08,3.2219998836517334,3.2219998836517334,3.313999891281128,3.1480000019073486,3.181999921798706,659925
2025-04-09,3.0820000171661377,3.0820000171661377,3.1459999084472656,2.9820001125335693,3.125999927520752,1257212
2025-04-10,3.1080000400543213,3.1080000400543213,3.431999921798706,3.0999999046325684,3.384000062942505,773224
2025-04-11,3.130000114440918,3.130000114440918,3.134000062942505,3.009999990463257,3.130000114440918,447142
2025-04-14,3.1500000953674316,3.1500000953674316,3.2699999809265137,3.119999885559082,3.2160000801086426,767406
2025-04-15,3.1760001182556152,3.1760001182556152,3.197999954223633,3.1459999084472656,3.1619999408721924,563627
2025-04-16,3.140000104904175,3.140000104904175,3.1519999504089355,3.0820000171661377,3.119999885559082,366373
2025-04-17,3.1579999923706055,3.1579999923706055,3.1619999408721924,3.114000082015991,3.1419999599456787,323970
2025-04-22,3.177999973297119,3.177999973297119,3.186000108718872,3.0460000038146973,3.1579999923706055,510550
2025-04-23,3.259999990463257,3.259999990463257,3.328000068664551,3.1760001182556152,3.194000005722046,531516
2025-04-24,3.2899999618530273,3.2899999618530273,3.2980000972747803,3.2219998836517334,3.2899999618530273,363301
2025-04-25,3.2780001163482666,3.2780001163482666,3.3519999980926514,3.240000009536743,3.3259999752044678,376514
2025-04-28,3.318000078201294,3.318000078201294,3.3399999141693115,3.2760000228881836,3.2799999713897705,671632
2025-04-29,3.2960000038146973,3.2960000038146973,3.4600000381469727,3.184000015258789,3.3399999141693115,913210
2025-04-30,3.2100000381469727,3.2100000381469727,3.3499999046325684,3.171999931335449,3.2799999713897705,1028107
2025-05-02,3.171999931335449,3.171999931335449,3.3580000400543213,3.171999931335449,3.25,754800
2025-05-05,3.200000047683716,3.200000047683716,3.2279999256134033,3.0739998817443848,3.184000015258789,765623
2025-05-06,3.114000082015991,3.114000082015991,3.2200000286102295,3.1040000915527344,3.2139999866485596,437245
2025-05-07,3.1080000400543213,3.1080000400543213,3.1600000858306885,3.0899999141693115,3.115999937057495,458003
2025-05-08,3.2260000705718994,3.2260000705718994,3.24399995803833,3.0920000076293945,3.111999988555908,480490
2025-05-09,3.2799999713897705,3.2799999713897705,3.305999994277954,3.2219998836517334,3.2360000610351562,365652
2025-05-12,3.507999897003174,3.507999897003174,3.562000036239624,3.322000026702881,3.322000026702881,671210
2025-05-13,3.492000102996826,3.492000102996826,3.562000036239624,3.492000102996826,3.509999990463257,270075
2025-05-14,3.5139999389648438,3.5139999389648438,3.5360000133514404,3.4179999828338623,3.5,328081
2025-05-15,3.4839999675750732,3.4839999675750732,3.5139999389648438,3.431999921798706,3.5139999389648438,222940
2025-05-16,3.444000005722046,3.444000005722046,3.503999948501587,3.4179999828338623,3.4839999675750732,228252
2025-05-19,3.375999927520752,3.375999927520752,3.4660000801086426,3.3499999046325684,3.4019999504089355,243556
2025-05-20,3.440000057220459,3.440000057220459,3.4700000286102295,3.3499999046325684,3.369999885559082,252175
2025-05-21,3.381999969482422,3.381999969482422,3.450000047683716,3.322000026702881,3.440000057220459,421607
2025-05-22,3.3440001010894775,3.3440001010894775,3.509999990463257,3.3239998817443848,3.381999969482422,387652
2025-05-23,3.24399995803833,3.24399995803833,3.380000114440918,3.2039999961853027,3.378000020980835,431474
2025-05-26,3.2820000648498535,3.2820000648498535,3.315999984741211,3.2699999809265137,3.2820000648498535,172685
2025-05-27,3.299999952316284,3.299999952316284,3.328000068664551,3.259999990463257,3.299999952316284,292296
2025-05-28,3.257999897003174,3.257999897003174,3.303999900817871,3.25600004196167,3.303999900817871,228460
2025-05-30,3.25600004196167,3.25600004196167,3.318000078201294,3.23799991607666,3.257999897003174,499235
2025-06-02,3.1700000762939453,3.1700000762939453,3.257999897003174,3.1500000953674316,3.25600004196167,457161
2025-06-03,3.1440000534057617,3.1440000534057617,3.200000047683716,3.118000030517578,3.194000005722046,400871
2025-06-04,3.1500000953674316,3.1500000953674316,3.194000005722046,3.1459999084472656,3.1500000953674316,358475
2025-06-05,3.2160000801086426,3.2160000801086426,3.2300000190734863,3.115999937057495,3.1579999923706055,423231
2025-06-06,3.131999969482422,3.131999969482422,3.2160000801086426,3.130000114440918,3.2160000801086426,291315
2025-06-09,3.200000047683716,3.200000047683716,3.240000009536743,3.128000020980835,3.131999969482422,435285
2025-06-10,3.2920000553131104,3.2920000553131104,3.312000036239624,3.190000057220459,3.2079999446868896,457132
2025-06-11,3.2139999866485596,3.2139999866485596,3.2980000972747803,3.2139999866485596,3.2980000972747803,301425
2025-06-12,3.1740000247955322,3.1740000247955322,3.2239999771118164,3.121999979019165,3.2160000801086426,519637
2025-06-13,3.0759999752044678,3.0759999752044678,3.140000104904175,3.052000045776367,3.119999885559082,485272
2025-06-16,3.131999969482422,3.131999969482422,3.1540000438690186,3.069999933242798,3.0920000076293945,250686
2025-06-17,3.058000087738037,3.058000087738037,3.1579999923706055,3.058000087738037,3.138000011444092,357615
2025-06-18,3.0840001106262207,3.0840001106262207,3.0959999561309814,3.0139999389648438,3.058000087738037,421733
2025-06-19,3.191999912261963,3.191999912261963,3.259999990463257,3.0799999237060547,3.0799999237060547,1091798
2025-06-23,3.1600000858306885,3.1600000858306885,3.190000057220459,3.124000072479248,3.190000057220459,317876
2025-06-24,3.200000047683716,3.200000047683716,3.25,3.140000104904175,3.140000104904175,481963
2025-06-25,3.0360000133514404,3.0360000133514404,3.2079999446868896,3.0360000133514404,3.2060000896453857,1173708
2025-06-26,3.186000108718872,3.186000108718872,3.196000099182129,3.0460000038146973,3.049999952316284,786781
2025-06-27,3.2060000896453857,3.2060000896453857,3.2660000324249268,3.181999921798706,3.200000047683716,378118
2025-06-30,3.1459999084472656,3.1459999084472656,3.2200000286102295,3.1440000534057617,3.2060000896453857,291910
2025-07-01,3.1700000762939453,3.1700000762939453,3.180000066757202,3.140000104904175,3.1480000019073486,303074
2025-07-02,3.3580000400543213,3.3580000400543213,3.4000000953674316,3.194000005722046,3.194000005722046,698075
2025-07-03,3.2839999198913574,3.2839999198913574,3.4079999923706055,3.2820000648498535,3.3959999084472656,309510
2025-07-04,3.26200008392334,3.26200008392334,3.2880001068115234,3.24399995803833,3.2880001068115234,262494
2025-07-07,3.115999937057495,3.115999937057495,3.1600000858306885,3.003999948501587,3.0339999198913574,1156712
2025-07-08,3.1480000019073486,3.1480000019073486,3.1500000953674316,3.072000026702881,3.115999937057495,445160
2025-07-09,3.171999931335449,3.171999931335449,3.184000015258789,3.1080000400543213,3.1559998989105225,275635
2025-07-10,3.25600004196167,3.25600004196167,3.2960000038146973,3.180000066757202,3.180000066757202,440570
2025-07-11,3.2019999027252197,3.2019999027252197,3.25,3.187999963760376,3.25,279787
2025-07-14,3.1640000343322754,3.1640000343322754,3.2019999027252197,3.134000062942505,3.180000066757202,354393
2025-07-15,3.2300000190734863,3.2300000190734863,3.2639999389648438,3.1600000858306885,3.1600000858306885,279177
2025-07-16,3.25,3.25,3.2699999809265137,3.181999921798706,3.2279999256134033,337441
2025-07-17,3.194000005722046,3.194000005722046,3.3399999141693115,3.1760001182556152,3.2660000324249268,453790
2025-07-18,3.124000072479248,3.124000072479248,3.194000005722046,3.114000082015991,3.194000005722046,439128
2025-07-21,3.190000057220459,3.190000057220459,3.2160000801086426,3.128000020980835,3.128000020980835,342857
2025-07-22,3.1540000438690186,3.1540000438690186,3.2039999961853027,3.131999969482422,3.191999912261963,361509
2025-07-23,3.2920000553131104,3.2920000553131104,3.319999933242798,3.180000066757202,3.180000066757202,457129
2025-07-24,3.315999984741211,3.315999984741211,3.365999937057495,3.24399995803833,3.299999952316284,453292
2025-07-25,3.4159998893737793,3.4159998893737793,3.434000015258789,3.2899999618530273,3.322000026702881,430616
2025-07-28,3.361999988555908,3.361999988555908,3.4800000190734863,3.3399999141693115,3.4600000381469727,266454
2025-07-29,3.140000104904175,3.140000104904175,3.3499999046325684,3.140000104904175,3.2980000972747803,712722
2025-07-30,3.177999973297119,3.177999973297119,3.186000108718872,3.131999969482422,3.1480000019073486,378454
2025-07-31,3.2339999675750732,3.2339999675750732,3.369999885559082,3.1700000762939453,3.252000093460083,1578848
2025-08-01,3.0299999713897705,3.0299999713897705,3.181999921798706,2.9619998931884766,3.114000082015991,1269740
2025-08-04,3.002000093460083,3.002000093460083,3.072000026702881,2.99399995803833,3.0320000648498535,615857
2025-08-05,3.0739998817443848,3.0739998817443848,3.0820000171661377,2.9679999351501465,3.0160000324249268,601739
2025-08-06,3.171999931335449,3.171999931335449,3.2139999866485596,3.063999891281128,3.0739998817443848,991813
2025-08-07,3.2139999866485596,3.2139999866485596,3.2799999713897705,3.190000057220459,3.194000005722046,482510
2025-08-08,3.2720000743865967,3.2720000743865967,3.303999900817871,3.2260000705718994,3.2260000705718994,308050
2025-08-11,3.1740000247955322,3.1740000247955322,3.2860000133514404,3.1740000247955322,3.2720000743865967,224250
2025-08-12,3.2200000286102295,3.2200000286102295,3.240000009536743,3.1559998989105225,3.1740000247955322,169205
2025-08-13,3.2920000553131104,3.2920000553131104,3.299999952316284,3.2039999961853027,3.2119998931884766,286123
2025-08-14,3.1619999408721924,3.1619999408721924,3.2920000553131104,3.1559998989105225,3.2920000553131104,248302
2025-08-15,3.2200000286102295,3.2200000286102295,3.2780001163482666,3.186000108718872,3.187999963760376,238506
2025-08-18,3.1579999923706055,3.1579999923706055,3.2360000610351562,3.138000011444092,3.2320001125335693,320877
2025-08-19,3.259999990463257,3.259999990463257,3.2699999809265137,3.1679999828338623,3.1679999828338623,461978
2025-08-20,3.247999906539917,3.247999906539917,3.2699999809265137,3.2119998931884766,3.2679998874664307,211867
2025-08-21,3.252000093460083,3.252000093460083,3.257999897003174,3.1679999828338623,3.252000093460083,408978
2025-08-22,3.4800000190734863,3.4800000190734863,3.496000051498413,3.2699999809265137,3.2699999809265137,845372
2025-08-25,3.3540000915527344,3.3540000915527344,3.4800000190734863,3.3540000915527344,3.4800000190734863,791667
2025-08-26,3.318000078201294,3.318000078201294,3.384000062942505,3.315999984741211,3.3540000915527344,261936
2025-08-27,3.2160000801086426,3.2160000801086426,3.3299999237060547,3.2139999866485596,3.319999933242798,371691
2025-08-28,3.1640000343322754,3.1640000343322754,3.2880001068115234,3.1559998989105225,3.2219998836517334,402560
2025-08-29,3.134000062942505,3.134000062942505,3.191999912261963,3.134000062942505,3.180000066757202,506302
2025-09-01,3.2119998931884766,3.2119998931884766,3.2699999809265137,3.1419999599456787,3.1419999599456787,473796
2025-09-02,3.1419999599456787,3.1419999599456787,3.2739999294281006,3.124000072479248,3.252000093460083,578489
2025-09-03,3.1600000858306885,3.1600000858306885,3.2279999256134033,3.111999988555908,3.1640000343322754,412329
2025-09-04,3.134000062942505,3.134000062942505,3.2320001125335693,3.121999979019165,3.1600000858306885,371160
2025-09-05,3.171999931335449,3.171999931335449,3.2260000705718994,3.1640000343322754,3.180000066757202,360901
2025-09-08,3.190000057220459,3.190000057220459,3.2060000896453857,3.1440000534057617,3.171999931335449,302723
2025-09-09,3.1500000953674316,3.1500000953674316,3.252000093460083,3.1500000953674316,3.200000047683716,387498
2025-09-10,3.069999933242798,3.069999933242798,3.171999931335449,3.063999891281128,3.1519999504089355,1067291
2025-09-11,3.069999933242798,3.069999933242798,3.0880000591278076,3.0380001068115234,3.0799999237060547,490979
2025-09-12,3.0820000171661377,3.0820000171661377,3.118000030517578,3.068000078201294,3.0880000591278076,229469
2025-09-15,3.0799999237060547,3.0799999237060547,3.1659998893737793,3.0759999752044678,3.0859999656677246,464415
2025-09-16,3.119999885559082,3.119999885559082,3.2039999961853027,3.0739998817443848,3.0899999141693115,829928
2025-09-17,3.109999895095825,3.109999895095825,3.184000015258789,3.0880000591278076,3.135999917984009,446913
2025-09-18,3.01200008392334,3.01200008392334,3.109999895095825,3.01200008392334,3.0999999046325684,1077598
2025-09-19,3.0139999389648438,3.0139999389648438,3.068000078201294,2.997999906539917,3.01200008392334,930184
2025-09-22,3.068000078201294,3.068000078201294,3.0940001010894775,3.009999990463257,3.0199999809265137,513067
2025-09-23,3.0980000495910645,3.0980000495910645,3.130000114440918,3.062000036239624,3.0739998817443848,591970
2025-09-24,3.068000078201294,3.068000078201294,3.0980000495910645,3.0160000324249268,3.0980000495910645,596586
2025-09-25,2.9560000896453857,2.9560000896453857,3.0999999046325684,2.944000005722046,3.059999942779541,904033
2025-09-26,2.9820001125335693,2.9820001125335693,2.992000102996826,2.9539999961853027,2.9539999961853027,440624
2025-09-29,3.0179998874664307,3.0179998874664307,3.069999933242798,2.992000102996826,3.0,514933
2025-09-30,2.996000051498413,2.996000051498413,3.0320000648498535,2.9660000801086426,3.0199999809265137,596226
2025-10-01,3.049999952316284,3.049999952316284,3.125999927520752,3.002000093460083,3.002000093460083,931928
2025-10-02,3.0299999713897705,3.0299999713897705,3.1059999465942383,3.01200008392334,3.062000036239624,527503
2025-10-03,3.0460000038146973,3.0460000038146973,3.0859999656677246,3.0179998874664307,3.0339999198913574,361036
2025-10-06,2.874000072479248,2.874000072479248,3.049999952316284,2.812000036239624,3.0480000972747803,1819692
2025-10-07,2.819999933242798,2.819999933242798,2.8980000019073486,2.819999933242798,2.874000072479248,602684
2025-10-08,2.819999933242798,2.819999933242798,2.8480000495910645,2.76200008392334,2.808000087738037,704859
2025-10-09,2.819999933242798,2.819999933242798,2.871999979019165,2.812000036239624,2.8239998817443848,542763
2025-10-10,2.700000047683716,2.700000047683716,2.8320000171661377,2.700000047683716,2.809999942779541,951666
2025-10-13,2.73799991607666,2.73799991607666,2.742000102996826,2.7039999961853027,2.7039999961853027,374901
2025-10-14,2.680000066757202,2.680000066757202,2.747999906539917,2.677999973297119,2.7200000286102295,700281
2025-10-15,2.6640000343322754,2.6640000343322754,2.753999948501587,2.6640000343322754,2.700000047683716,629737
2025-10-16,2.630000114440918,2.630000114440918,2.6760001182556152,2.614000082015991,2.6519999504089355,577967
2025-10-17,2.611999988555908,2.611999988555908,2.625999927520752,2.565999984741211,2.609999895095825,647742
2025-10-20,2.6080000400543213,2.6080000400543213,2.619999885559082,2.558000087738037,2.611999988555908,516025
2025-10-21,2.6059999465942383,2.6059999465942383,2.618000030517578,2.569999933242798,2.6080000400543213,466816
2025-10-22,2.6640000343322754,2.6640000343322754,2.7160000801086426,2.5920000076293945,2.6059999465942383,694701
2025-10-23,2.9000000953674316,2.9000000953674316,2.9100000858306885,2.6659998893737793,2.6659998893737793,1968326
2025-10-24,3.0299999713897705,3.0299999713897705,3.0320000648498535,2.9100000858306885,2.9100000858306885,1054099
2025-10-27,3.01200008392334,3.01200008392334,3.059999942779541,2.9700000286102295,3.053999900817871,509442
2025-10-28,3.0299999713897705,3.0299999713897705,3.059999942779541,2.9800000190734863,3.00600004196167,606823
2025-10-29,2.9619998931884766,2.9619998931884766,3.0940001010894775,2.9519999027252197,3.0439999103546143,538379
2025-10-30,2.9539999961853027,2.9539999961853027,2.9639999866485596,2.9100000858306885,2.946000099182129,350304
2025-10-31,2.941999912261963,2.941999912261963,2.997999906539917,2.941999912261963,2.9539999961853027,363141
2025-11-03,2.8919999599456787,2.8919999599456787,2.9800000190734863,2.890000104904175,2.940000057220459,304932
2025-11-04,2.8499999046325684,2.8499999046325684,2.9019999504089355,2.815999984741211,2.9019999504089355,406232
2025-11-05,2.8580000400543213,2.8580000400543213,2.8940000534057617,2.815999984741211,2.8340001106262207,274860
2025-11-06,2.822000026702881,2.822000026702881,2.881999969482422,2.812000036239624,2.869999885559082,399594
2025-11-07,2.875999927520752,2.875999927520752,2.888000011444092,2.802000045776367,2.819999933242798,866338
2025-11-10,2.878000020980835,2.878000020980835,2.940000057220459,2.868000030517578,2.890000104904175,260276
2025-11-11,2.947999954223633,2.947999954223633,2.9519999027252197,2.880000114440918,2.880000114440918,251332
2025-11-12,2.9140000343322754,2.9140000343322754,2.9619998931884766,2.9100000858306885,2.950000047683716,211601
2025-11-13,2.9000000953674316,2.9000000953674316,2.9579999446868896,2.8919999599456787,2.9140000343322754,327973
2025-11-14,2.8459999561309814,2.8459999561309814,2.934000015258789,2.822000026702881,2.888000011444092,472463
2025-11-17,2.805999994277954,2.805999994277954,2.859999895095825,2.802000045776367,2.8459999561309814,282726
2025-11-18,2.7300000190734863,2.7300000190734863,2.7760000228881836,2.7139999866485596,2.7679998874664307,378318
2025-11-19,2.7660000324249268,2.7660000324249268,2.7880001068115234,2.7119998931884766,2.7200000286102295,282976
2025-11-20,2.752000093460083,2.752000093460083,2.799999952316284,2.7320001125335693,2.7899999618530273,399478
2025-11-21,2.803999900817871,2.803999900817871,2.809999942779541,2.7219998836517334,2.7239999771118164,314554
2025-11-24,2.8299999237060547,2.8299999237060547,2.8499999046325684,2.7820000648498535,2.8239998817443848,396668
2025-11-25,2.9179999828338623,2.9179999828338623,2.9519999027252197,2.7739999294281006,2.828000068664551,515297
2025-11-26,2.9539999961853027,2.9539999961853027,2.9639999866485596,2.871999979019165,2.9059998989105225,416785
2025-11-27,2.9839999675750732,2.9839999675750732,2.997999906539917,2.934000015258789,2.9539999961853027,286716
2025-11-28,2.9800000190734863,2.9800000190734863,2.996000051498413,2.9619998931884766,2.99399995803833,187869
2025-12-01,2.9579999446868896,2.9579999446868896,2.9839999675750732,2.9240000247955322,2.9820001125335693,249045
2025-12-02,2.927999973297119,2.927999973297119,2.9560000896453857,2.9040000438690186,2.9560000896453857,323899
2025-12-03,2.946000099182129,2.946000099182129,3.003999948501587,2.9159998893737793,2.9179999828338623,608216
2025-12-04,3.0260000228881836,3.0260000228881836,3.0399999618530273,2.9600000381469727,2.9700000286102295,455728
2025-12-05,2.9800000190734863,2.9800000190734863,3.0399999618530273,2.9619998931884766,3.0220000743865967,252723
2025-12-08,2.878000020980835,2.878000020980835,2.9719998836517334,2.868000030517578,2.9719998836517334,481126
2025-12-09,2.865999937057495,2.865999937057495,2.9059998989105225,2.8399999141693115,2.878000020980835,494215
2025-12-10,2.8940000534057617,2.8940000534057617,2.8940000534057617,2.8320000171661377,2.8559999465942383,400107
2025-12-11,2.9059998989105225,2.9059998989105225,2.9539999961853027,2.865999937057495,2.890000104904175,422428
2025-12-12,2.940000057220459,2.940000057220459,2.9779999256134033,2.9000000953674316,2.9200000762939453,404693
2025-12-15,2.9059998989105225,2.9059998989105225,2.9820001125335693,2.8980000019073486,2.940000057220459,333103
2025-12-16,2.944000005722046,2.944000005722046,2.9679999351501465,2.9000000953674316,2.9059998989105225,343513
2025-12-17,2.921999931335449,2.921999931335449,2.944000005722046,2.874000072479248,2.944000005722046,369191
2025-12-18,2.950000047683716,2.950000047683716,2.950000047683716,2.884000062942505,2.9100000858306885,376250
2025-12-19,2.937999963760376,2.937999963760376,2.9719998836517334,2.9200000762939453,2.940000057220459,488336
2025-12-22,2.9140000343322754,2.9140000343322754,2.9519999027252197,2.888000011444092,2.936000108718872,501040
2025-12-23,2.9579999446868896,2.9579999446868896,2.9820001125335693,2.8919999599456787,2.9079999923706055,468941
2025-12-29,3.072000026702881,3.072000026702881,3.0799999237060547,2.9600000381469727,2.9600000381469727,698582
2025-12-30,3.111999988555908,3.111999988555908,3.119999885559082,3.059999942779541,3.072000026702881,549120
2026-01-02,3.180000066757202,3.180000066757202,3.180000066757202,3.1019999980926514,3.111999988555908,494847
2026-01-05,3.1419999599456787,3.1419999599456787,3.2339999675750732,3.0759999752044678,3.200000047683716,435824
2026-01-07,3.2239999771118164,3.2239999771118164,3.2699999809265137,3.1419999599456787,3.1419999599456787,540741
2026-01-08,3.1600000858306885,3.1600000858306885,3.196000099182129,3.072000026702881,3.196000099182129,633837
2026-01-09,3.2019999027252197,3.2019999027252197,3.2100000381469727,3.1619999408721924,3.1619999408721924,351559
2026-01-12,3.1659998893737793,3.1659998893737793,3.2320001125335693,3.130000114440918,3.2019999027252197,335348
2026-01-13,3.1559998989105225,3.1559998989105225,3.2320001125335693,3.1500000953674316,3.190000057220459,311260
2026-01-14,3.2039999961853027,3.2039999961853027,3.2079999446868896,3.109999895095825,3.171999931335449,324420
2026-01-15,2.996000051498413,2.996000051498413,3.0959999561309814,2.950000047683716,3.0959999561309814,1353834
2026-01-16,2.8919999599456787,2.8919999599456787,3.0,2.8919999599456787,2.996000051498413,698608
2026-01-19,2.7880001068115234,2.7880001068115234,2.8359999656677246,2.7720000743865967,2.8359999656677246,724440
2026-01-20,2.7300000190734863,2.7300000190734863,2.812000036239624,2.7300000190734863,2.7939999103546143,747768
2026-01-21,2.7139999866485596,2.7139999866485596,2.752000093460083,2.6579999923706055,2.7320001125335693,889324
2026-01-22,2.881999969482422,2.881999969482422,2.8980000019073486,2.7760000228881836,2.7899999618530273,903888
2026-01-23,2.890000104904175,2.890000104904175,2.9040000438690186,2.8499999046325684,2.8919999599456787,446784
2026-01-26,2.878000020980835,2.878000020980835,2.9200000762939453,2.865999937057495,2.9000000953674316,245486
2026-01-27,2.819999933242798,2.819999933242798,2.878000020980835,2.818000078201294,2.875999927520752,526189
2026-01-28,2.805999994277954,2.805999994277954,2.8259999752044678,2.7760000228881836,2.8259999752044678,431881
2026-01-29,2.75600004196167,2.75600004196167,2.8359999656677246,2.7119998931884766,2.819999933242798,363899
2026-01-30,2.618000030517578,2.618000030517578,2.7160000801086426,2.618000030517578,2.7160000801086426,1110764
2026-02-02,2.563999891281128,2.563999891281128,2.618000030517578,2.549999952316284,2.618000030517578,740404
2026-02-03,2.572000026702881,2.572000026702881,2.5999999046325684,2.51200008392334,2.5940001010894775,489910
2026-02-04,2.740000009536743,2.740000009536743,2.802000045776367,2.549999952316284,2.5880000591278076,1023524
2026-02-05,2.9760000705718994,2.9760000705718994,3.0139999389648438,2.696000099182129,2.740000009536743,1904053
2026-02-06,2.9700000286102295,2.9700000286102295,2.9760000705718994,2.802000045776367,2.9700000286102295,879808
2026-02-09,2.9860000610351562,2.9860000610351562,3.0280001163482666,2.944000005722046,2.9719998836517334,545098
2026-02-10,3.1540000438690186,3.1540000438690186,3.1579999923706055,2.997999906539917,2.997999906539917,839512
2026-02-11,3.2060000896453857,3.2060000896453857,3.2239999771118164,3.0840001106262207,3.1519999504089355,836470
2026-02-12,3.2139999866485596,3.2139999866485596,3.2639999389648438,3.190000057220459,3.2100000381469727,690339
2026-02-13,3.2200000286102295,3.2200000286102295,3.2200000286102295,3.118000030517578,3.200000047683716,352204
2026-02-16,3.1459999084472656,3.1459999084472656,3.2200000286102295,3.109999895095825,3.2200000286102295,317603
2026-02-17,3.1559998989105225,3.1559998989105225,3.184000015258789,3.131999969482422,3.140000104904175,201029
2026-02-18,3.128000020980835,3.128000020980835,3.1619999408721924,3.0999999046325684,3.1540000438690186,287427
2026-02-19,3.053999900817871,3.053999900817871,3.135999917984009,3.052000045776367,3.115999937057495,336833
2026-02-20,3.0799999237060547,3.0799999237060547,3.1080000400543213,3.002000093460083,3.059999942779541,536657
2026-02-23,3.0439999103546143,3.0439999103546143,3.111999988555908,3.0239999294281006,3.0739998817443848,437434
2026-02-24,3.0759999752044678,3.0759999752044678,3.130000114440918,3.0439999103546143,3.0439999103546143,398962
2026-02-25,3.0299999713897705,3.0299999713897705,3.078000068664551,3.0160000324249268,3.0739998817443848,309666
2026-02-26,3.063999891281128,3.063999891281128,3.0840001106262207,2.9679999351501465,3.009999990463257,330072
2026-02-27,3.1459999084472656,3.1459999084472656,3.1659998893737793,3.0360000133514404,3.0480000972747803,460126
2026-03-02,2.98799991607666,2.98799991607666,3.130000114440918,2.9839999675750732,3.0799999237060547,489531
2026-03-03,2.881999969482422,2.881999969482422,2.9679999351501465,2.859999895095825,2.9679999351501465,560980
2026-03-04,2.9159998893737793,2.9159998893737793,2.98799991607666,2.8580000400543213,2.875999927520752,282190
2026-03-05,2.881999969482422,2.881999969482422,2.9560000896453857,2.871999979019165,2.9200000762939453,423023
2026-03-06,2.865999937057495,2.865999937057495,2.9140000343322754,2.8499999046325684,2.9019999504089355,422886
2026-03-09,2.7720000743865967,2.7720000743865967,2.828000068664551,2.759999990463257,2.7860000133514404,560870
2026-03-10,2.865999937057495,2.865999937057495,2.8959999084472656,2.8399999141693115,2.8420000076293945,362778
2026-03-11,2.8940000534057617,2.8940000534057617,2.934000015258789,2.8259999752044678,2.868000030517578,332260
2026-03-12,2.8940000534057617,2.8940000534057617,2.9140000343322754,2.8559999465942383,2.8959999084472656,299910
2026-03-13,2.819999933242798,2.819999933242798,2.880000114440918,2.753999948501587,2.875999927520752,758770
2026-03-16,2.813999891281128,2.813999891281128,2.8320000171661377,2.7980000972747803,2.818000078201294,200352
2026-03-17,2.805999994277954,2.805999994277954,2.819999933242798,2.753999948501587,2.808000087738037,335646
2026-03-18,2.7899999618530273,2.7899999618530273,2.8499999046325684,2.7760000228881836,2.813999891281128,242066
2026-03-19,2.7139999866485596,2.7139999866485596,2.759999990463257,2.687999963760376,2.759999990463257,488398
2026-03-20,2.6740000247955322,2.6740000247955322,2.7679998874664307,2.671999931335449,2.73799991607666,596377
2026-03-23,2.752000093460083,2.752000093460083,2.7799999713897705,2.5139999389648438,2.6080000400543213,792941
2026-03-24,2.759999990463257,2.759999990463257,2.7920000553131104,2.700000047683716,2.752000093460083,258790
2026-03-25,2.990000009536743,2.990000009536743,2.990000009536743,2.7880001068115234,2.7880001068115234,870324
2026-03-26,2.9719998836517334,2.9719998836517334,3.0299999713897705,2.9579999446868896,2.9839999675750732,448068
2026-03-27,2.936000108718872,2.936000108718872,2.996000051498413,2.9200000762939453,2.9679999351501465,407876
2026-03-30,2.9839999675750732,2.9839999675750732,2.990000009536743,2.885999917984009,2.931999921798706,215527
2026-03-31,3.0239999294281006,3.0239999294281006,3.059999942779541,2.9679999351501465,2.992000102996826,411794
2026-04-01,3.0299999713897705,3.0299999713897705,3.0840001106262207,3.009999990463257,3.058000087738037,194175
2026-04-02,2.9800000190734863,2.9800000190734863,3.01200008392334,2.947999954223633,3.0,221800
2026-04-07,2.9200000762939453,2.9200000762939453,3.0299999713897705,2.881999969482422,2.9779999256134033,309837
2026-04-08,3.063999891281128,3.063999891281128,3.0899999141693115,3.007999897003174,3.0899999141693115,367545
2026-04-09,2.9739999771118164,2.9739999771118164,3.0360000133514404,2.9679999351501465,3.0360000133514404,236928
2026-04-10,3.0299999713897705,3.0299999713897705,3.0920000076293945,2.947999954223633,2.9739999771118164,566516
2026-04-13,3.003999948501587,3.003999948501587,3.0239999294281006,2.9739999771118164,3.007999897003174,194026
2026-04-14,2.9719998836517334,2.9719998836517334,3.0420000553131104,2.9660000801086426,3.0,249909
2026-04-15,2.927999973297119,2.927999973297119,2.9820001125335693,2.921999931335449,2.9719998836517334,256581
2026-04-16,2.881999969482422,2.881999969482422,2.9539999961853027,2.871999979019165,2.944000005722046,352745
2026-04-17,2.946000099182129,2.946000099182129,2.9820001125335693,2.861999988555908,2.884000062942505,368422
2026-04-20,2.9140000343322754,2.9140000343322754,2.941999912261963,2.890000104904175,2.9159998893737793,187385
2026-04-21,2.8980000019073486,2.8980000019073486,2.936000108718872,2.885999917984009,2.9260001182556152,154304
2026-04-22,2.9040000438690186,2.9040000438690186,2.9140000343322754,2.8519999980926514,2.888000011444092,287195
2026-04-23,2.9159998893737793,2.9159998893737793,2.944000005722046,2.861999988555908,2.9019999504089355,214657
2026-04-24,2.7939999103546143,2.7939999103546143,2.8959999084472656,2.7760000228881836,2.8959999084472656,677096
2026-04-27,2.809999942779541,2.809999942779541,2.8239998817443848,2.752000093460083,2.7860000133514404,341633
2026-04-28,2.6740000247955322,2.6740000247955322,2.799999952316284,2.671999931335449,2.7839999198913574,594640
2026-04-29,2.7860000133514404,2.7860000133514404,2.828000068664551,2.621999979019165,2.700000047683716,772104
2026-04-30,2.8459999561309814,2.8459999561309814,2.8459999561309814,2.76200008392334,2.7880001068115234,460922
2026-05-04,2.890000104904175,2.890000104904175,2.9539999961853027,2.859999895095825,2.865999937057495,667398
2026-05-05,2.941999912261963,2.941999912261963,2.9539999961853027,2.869999885559082,2.871999979019165,310731
2026-05-06,3.0959999561309814,3.0959999561309814,3.1019999980926514,2.9240000247955322,2.940000057220459,793010
2026-05-07,3.0179998874664307,3.0179998874664307,3.1600000858306885,3.009999990463257,3.049999952316284,496000
2026-05-08,2.9519999027252197,2.9519999027252197,3.0299999713897705,2.9519999027252197,3.003999948501587,285278
2026-05-11,2.9560000896453857,2.9560000896453857,2.9660000801086426,2.9019999504089355,2.9200000762939453,338460
2026-05-12,2.8499999046325684,2.8499999046325684,2.936000108718872,2.8499999046325684,2.936000108718872,383357
2026-05-13,2.8519999980926514,2.8519999980926514,2.878000020980835,2.8359999656677246,2.864000082015991,222500
2026-05-15,2.8340001106262207,2.8340001106262207,2.9179999828338623,2.805999994277954,2.8959999084472656,392695
2026-05-18,2.828000068664551,2.828000068664551,2.869999885559082,2.76200008392334,2.812000036239624,379414
2026-05-19,2.880000114440918,2.880000114440918,2.9179999828338623,2.8359999656677246,2.8359999656677246,370278
2026-05-20,2.9019999504089355,2.9019999504089355,2.930000066757202,2.8399999141693115,2.8580000400543213,262406
2026-05-21,2.9240000247955322,2.9240000247955322,2.936000108718872,2.8580000400543213,2.9000000953674316,94166
2026-05-22,2.9040000438690186,2.9040000438690186,2.944000005722046,2.871999979019165,2.931999921798706,217630
2026-05-25,2.940000057220459,2.940000057220459,3.002000093460083,2.930000066757202,2.930000066757202,326074
2026-05-26,2.9119999408721924,2.9119999408721924,2.941999912261963,2.9040000438690186,2.941999912261963,171995
2026-05-27,2.9040000438690186,2.9040000438690186,2.9619998931884766,2.9040000438690186,2.9200000762939453,198034
2026-05-28,2.921999931335449,2.921999931335449,2.936000108718872,2.868000030517578,2.9000000953674316,132992
2026-05-29,2.9079999923706055,2.9079999923706055,2.946000099182129,2.890000104904175,2.927999973297119,99887
2026-06-01,2.8519999980926514,2.8519999980926514,2.950000047683716,2.8519999980926514,2.9000000953674316,339534
2026-06-02,2.9240000247955322,2.9240000247955322,2.937999963760376,2.8580000400543213,2.871999979019165,232763
2026-06-03,2.9019999504089355,2.9019999504089355,2.9240000247955322,2.871999979019165,2.9240000247955322,144858
2026-06-04,2.869999885559082,2.869999885559082,2.936000108718872,2.8499999046325684,2.9059998989105225,264384
2026-06-05,2.878000020980835,2.878000020980835,2.9159998893737793,2.8459999561309814,2.861999988555908,185725
2026-06-08,2.9179999828338623,2.9179999828338623,2.927999973297119,2.812000036239624,2.8420000076293945,355921
2026-06-09,2.890000104904175,2.890000104904175,2.9179999828338623,2.869999885559082,2.9140000343322754,183107
2026-06-10,2.808000087738037,2.808000087738037,2.888000011444092,2.742000102996826,2.859999895095825,328695
2026-06-11,2.7119998931884766,2.7119998931884766,2.7920000553131104,2.700000047683716,2.7639999389648438,381369
2026-06-12,2.7880001068115234,2.7880001068115234,2.8239998817443848,2.73799991607666,2.747999906539917,359110
2026-06-15,2.869999885559082,2.869999885559082,2.9619998931884766,2.861999988555908,2.871999979019165,434314
2026-06-16,2.884000062942505,2.884000062942505,2.8980000019073486,2.819999933242798,2.890000104904175,166300
2026-06-17,2.8440001010894775,2.8440001010894775,2.859999895095825,2.799999952316284,2.8299999237060547,226736
2026-06-18,2.8299999237060547,2.8299999237060547,2.8519999980926514,2.7300000190734863,2.8519999980926514,329439
2026-06-22,2.8239998817443848,2.8239998817443848,2.8320000171661377,2.746000051498413,2.8239998817443848,282622
2026-06-23,2.759999990463257,2.759999990463257,2.7960000038146973,2.752000093460083,2.7799999713897705,184327
2026-06-24,2.7760000228881836,2.7760000228881836,2.7799999713897705,2.7100000381469727,2.757999897003174,229561
2026-06-25,2.822000026702881,2.822000026702881,2.8420000076293945,2.76200008392334,2.7920000553131104,259151
2026-06-26,2.747999906539917,2.747999906539917,2.799999952316284,2.700000047683716,2.799999952316284,484133
2026-06-29,2.697999954223633,2.697999954223633,2.7679998874664307,2.696000099182129,2.75,266510
2026-06-30,2.7219998836517334,2.7219998836517334,2.740000009536743,2.7039999961853027,2.7060000896453857,189150
2026-07-01,2.691999912261963,2.691999912261963,2.7219998836517334,2.6579999923706055,2.7219998836517334,308502
2026-07-02,2.7119998931884766,2.7119998931884766,2.7300000190734863,2.6640000343322754,2.681999921798706,221212
2026-07-03,2.7660000324249268,2.7660000324249268,2.7660000324249268,2.7200000286102295,2.7339999675750732,248836
2026-07-06,2.686000108718872,2.686000108718872,2.7699999809265137,2.686000108718872,2.7660000324249268,212510
2026-07-07,2.6679999828338623,2.6679999828338623,2.7100000381469727,2.6600000858306885,2.700000047683716,208275
2026-07-08,2.6540000438690186,2.6540000438690186,2.7200000286102295,2.6419999599456787,2.671999931335449,452043
2026-07-09,2.686000108718872,2.686000108718872,2.7019999027252197,2.635999917984009,2.7019999027252197,191688
2026-07-10,2.690000057220459,2.690000057220459,2.7699999809265137,2.680000066757202,2.694000005722046,288184
2026-07-13,2.681999921798706,2.681999921798706,2.7039999961853027,2.6559998989105225,2.690000057220459,129537
2026-07-14,2.677999973297119,2.677999973297119,2.680000066757202,2.625999927520752,2.6619999408721924,298062
2026-07-15,2.686000108718872,2.686000108718872,2.7160000801086426,2.6600000858306885,2.680000066757202,182335
2026-07-16,2.7079999446868896,2.7079999446868896,2.7119998931884766,2.6440000534057617,2.6760001182556152,313918
2026-07-17,2.74399995803833,2.74399995803833,2.7780001163482666,2.671999931335449,2.671999931335449,459257
2026-07-20,2.7239999771118164,2.7239999771118164,2.7799999713897705,2.7079999446868896,2.7239999771118164,169310
2026-07-21,2.7320001125335693,2.7320001125335693,2.73799991607666,2.700000047683716,2.7060000896453857,158258
2026-07-22,2.8519999980926514,2.8519999980926514,2.885999917984009,2.7200000286102295,2.7339999675750732,493665
2026-07-23,2.7339999675750732,2.7339999675750732,2.813999891281128,2.7260000705718994,2.813999891281128,291727
2026-07-24,2.7960000038146973,2.7960000038146973,2.8239998817443848,2.7339999675750732,2.7339999675750732,255710
2026-07-27,2.8440001010894775,2.8440001010894775,2.874000072479248,2.803999900817871,2.803999900817871,406559
2026-07-28,2.9159998893737793,2.9159998893737793,2.937999963760376,2.871999979019165,2.871999979019165,385867
2026-07-29,2.937999963760376,2.937999963760376,2.9739999771118164,2.9260001182556152,2.9260001182556152,300244
2026-07-30,3.0,3.0,3.1519999504089355,2.947999954223633,2.947999954223633,768990
2026-07-31,2.937999963760376,2.937999963760376,3.0260000228881836,2.937999963760376,3.003999948501587,277555
2026-08-03,2.9779999256134033,2.9779999256134033,3.0199999809265137,2.937999963760376,2.937999963760376,257204
2026-08-04,2.98799991607666,2.98799991607666,3.0360000133514404,2.9619998931884766,2.9779999256134033,220011
2026-08-05,2.9619998931884766,2.9619998931884766,3.0260000228881836,2.940000057220459,3.009999990463257,208743
2026-08-06,3.0880000591278076,3.0880000591278076,3.242000102996826,2.9800000190734863,2.9800000190734863,938304
2026-08-07,3.3399999141693115,3.3399999141693115,3.3399999141693115,3.1600000858306885,3.1740000247955322,1236575
2026-08-10,3.4820001125335693,3.4820001125335693,3.5280001163482666,3.3399999141693115,3.3499999046325684,612996
2026-08-11,3.5,3.5,3.503999948501587,3.388000011444092,3.4719998836517334,543414
2026-08-12,3.5999999046325684,3.5999999046325684,3.5999999046325684,3.4760000705718994,3.48799991607666,356880
2026-08-13,3.4619998931884766,3.4619998931884766,3.6019999980926514,3.4619998931884766,3.5959999561309814,468441
2026-08-14,3.374000072479248,3.374000072479248,3.4619998931884766,3.3540000915527344,3.444000005722046,246052
2026-08-17,3.2820000648498535,3.2820000648498535,3.364000082015991,3.2799999713897705,3.364000082015991,335944
2026-08-18,3.2820000648498535,3.2820000648498535,3.318000078201294,3.25,3.2639999389648438,164439
2026-08-19,3.303999900817871,3.303999900817871,3.315999984741211,3.24399995803833,3.2820000648498535,142156
2026-08-20,3.3359999656677246,3.3359999656677246,3.3420000076293945,3.26200008392334,3.303999900817871,142612
2026-08-21,3.4119999408721924,3.4119999408721924,3.437999963760376,3.3239998817443848,3.3440001010894775,359156
2026-08-24,3.4159998893737793,3.4159998893737793,3.440000057220459,3.3940000534057617,3.3980000019073486,120551
2026-08-25,3.4059998989105225,3.4059998989105225,3.4719998836517334,3.4019999504089355,3.4159998893737793,238797
2026-08-26,3.3919999599456787,3.3919999599456787,3.4260001182556152,3.380000114440918,3.4040000438690186,117196
2026-08-27,3.4000000953674316,3.4000000953674316,3.4200000762939453,3.3559999465942383,3.390000104904175,113223
2026-08-28,3.431999921798706,3.431999921798706,3.4739999771118164,3.4100000858306885,3.4100000858306885,162828
2026-08-31,3.430000066757202,3.430000066757202,3.490000009536743,3.4200000762939453,3.4200000762939453,288349
2026-09-01,3.4100000858306885,3.4100000858306885,3.4679999351501465,3.359999895095825,3.4179999828338623,185065
2026-09-02,3.4560000896453857,3.4560000896453857,3.4600000381469727,3.4000000953674316,3.4019999504089355,170652
2026-09-03,3.3919999599456787,3.3919999599456787,3.48799991607666,3.390000104904175,3.450000047683716,242162
2026-09-04,3.4660000801086426,3.4660000801086426,3.503999948501587,3.375999927520752,3.3919999599456787,148041
2026-09-08,3.4519999027252197,3.4519999027252197,3.5239999294281006,3.390000104904175,3.4000000953674316,201518
2026-09-09,3.4539999961853027,3.4539999961853027,3.5299999713897705,3.430000066757202,3.450000047683716,204112
2026-09-10,3.4159998893737793,3.4159998893737793,3.503999948501587,3.4159998893737793,3.4539999961853027,111439
2026-09-11,3.4140000343322754,3.4140000343322754,3.446000099182129,3.4079999923706055,3.441999912261963,139385
2026-09-14,3.3459999561309814,3.3459999561309814,3.4140000343322754,3.3380000591278076,3.4000000953674316,187493
2026-09-15,3.3919999599456787,3.3919999599456787,3.441999912261963,3.309999942779541,3.3440001010894775,210701
2026-09-16,3.380000114440918,3.380000114440918,3.4079999923706055,3.364000082015991,3.3919999599456787,126229
