Price,Adj Close,Close,High,Low,Open,Volume
Ticker,REMEDY.HE,REMEDY.HE,REMEDY.HE,REMEDY.HE,REMEDY.HE,REMEDY.HE
Date,,,,,,
2017-05-29,6.5657057762146,6.690000057220459,7.179999828338623,6.260000228881836,6.260000228881836,599706
2017-05-30,6.624590873718262,6.75,6.880000114440918,6.550000190734863,6.789999961853027,205322
2017-05-31,6.595148086547852,6.71999979019165,6.75,6.650000095367432,6.75,24546
2017-06-01,6.6932902336120605,6.820000171661377,6.820000171661377,6.670000076293945,6.71999979019165,50456
2017-06-02,6.644219875335693,6.769999980926514,6.949999809265137,6.71999979019165,6.820000171661377,42028
2017-06-05,6.447935581207275,6.570000171661377,6.880000114440918,6.449999809265137,6.880000114440918,235100
2017-06-06,6.133880615234375,6.25,6.570000171661377,6.25,6.570000171661377,36628
2017-06-07,6.281093597412109,6.400000095367432,6.5,6.25,6.25,74018
2017-06-08,6.379235744476318,6.5,6.570000171661377,6.400000095367432,6.440000057220459,19522
2017-06-09,6.281093597412109,6.400000095367432,6.550000190734863,6.400000095367432,6.550000190734863,34968
2017-06-12,6.232022285461426,6.349999904632568,6.5,6.349999904632568,6.400000095367432,41112
2017-06-13,6.271279335021973,6.389999866485596,6.389999866485596,6.320000171661377,6.349999904632568,12897
2017-06-14,6.163323402404785,6.28000020980835,6.389999866485596,6.28000020980835,6.349999904632568,12296
2017-06-15,6.153509616851807,6.269999980926514,6.389999866485596,6.25,6.300000190734863,10120
2017-06-16,6.12406587600708,6.239999771118164,6.289999961853027,6.159999847412109,6.289999961853027,14790
2017-06-19,6.114252090454102,6.230000019073486,6.230000019073486,6.150000095367432,6.190000057220459,25143
2017-06-20,6.192765712738037,6.309999942779541,6.349999904632568,6.199999809265137,6.289999961853027,17999
2017-06-21,6.232022285461426,6.349999904632568,6.400000095367432,6.309999942779541,6.309999942779541,20422
2017-06-22,6.261465072631836,6.380000114440918,6.400000095367432,6.320000171661377,6.349999904632568,4840
2017-06-26,6.232022285461426,6.349999904632568,6.400000095367432,6.260000228881836,6.400000095367432,4890
2017-06-27,6.153509616851807,6.269999980926514,6.400000095367432,6.260000228881836,6.400000095367432,4147
2017-06-28,6.1829514503479,6.300000190734863,6.300000190734863,6.210000038146973,6.300000190734863,4097
2017-06-29,6.232022285461426,6.349999904632568,6.400000095367432,6.260000228881836,6.349999904632568,8745
2017-06-30,6.202579975128174,6.320000171661377,6.400000095367432,6.25,6.400000095367432,2460
2017-07-03,6.1829514503479,6.300000190734863,6.400000095367432,6.300000190734863,6.349999904632568,3566
2017-07-04,6.192765712738037,6.309999942779541,6.400000095367432,6.239999771118164,6.300000190734863,3020
2017-07-05,6.320350646972656,6.440000057220459,6.440000057220459,6.329999923706055,6.329999923706055,7142
2017-07-06,6.281093597412109,6.400000095367432,6.440000057220459,6.360000133514404,6.440000057220459,3778
2017-07-07,6.281093597412109,6.400000095367432,6.400000095367432,6.380000114440918,6.380000114440918,3230
2017-07-10,6.232022285461426,6.349999904632568,6.440000057220459,6.320000171661377,6.409999847412109,8984
2017-07-11,6.153509616851807,6.269999980926514,6.309999942779541,6.25,6.300000190734863,4275
2017-07-12,6.143694877624512,6.260000228881836,6.300000190734863,6.260000228881836,6.300000190734863,1645
2017-07-13,6.232022285461426,6.349999904632568,6.349999904632568,6.260000228881836,6.260000228881836,2176
2017-07-14,6.192765712738037,6.309999942779541,6.349999904632568,6.260000228881836,6.349999904632568,6995
2017-07-17,6.251650810241699,6.369999885559082,6.369999885559082,6.309999942779541,6.309999942779541,3091
2017-07-18,6.202579975128174,6.320000171661377,6.369999885559082,6.309999942779541,6.369999885559082,1517
2017-07-19,6.232022285461426,6.349999904632568,6.369999885559082,6.320000171661377,6.320000171661377,2163
2017-07-20,6.1731367111206055,6.289999961853027,6.349999904632568,6.28000020980835,6.329999923706055,1656
2017-07-21,6.2222089767456055,6.340000152587891,6.340000152587891,6.269999980926514,6.300000190734863,2968
2017-07-24,6.1829514503479,6.300000190734863,6.340000152587891,6.25,6.340000152587891,2197
2017-07-25,6.133880615234375,6.25,6.269999980926514,6.210000038146973,6.269999980926514,1904
2017-07-26,6.055367469787598,6.170000076293945,6.199999809265137,6.130000114440918,6.199999809265137,2837
2017-07-27,6.084809303283691,6.199999809265137,6.199999809265137,6.150000095367432,6.150000095367432,5280
2017-07-28,5.986667156219482,6.099999904632568,6.190000057220459,6.050000190734863,6.190000057220459,9608
2017-07-31,5.92778205871582,6.039999961853027,6.099999904632568,6.0,6.099999904632568,6988
2017-08-01,5.986667156219482,6.099999904632568,6.110000133514404,6.039999961853027,6.050000190734863,10172
2017-08-02,5.89833927154541,6.010000228881836,6.119999885559082,6.010000228881836,6.119999885559082,13055
2017-08-03,5.917968273162842,6.03000020980835,6.050000190734863,6.010000228881836,6.010000228881836,3241
2017-08-04,5.888525485992432,6.0,6.03000020980835,5.949999809265137,6.03000020980835,25120
2017-08-07,5.9572248458862305,6.070000171661377,6.139999866485596,6.0,6.0,5647
2017-08-08,5.92778205871582,6.039999961853027,6.070000171661377,6.0,6.070000171661377,12325
2017-08-09,5.888525485992432,6.0,6.039999961853027,5.949999809265137,6.039999961853027,3476
2017-08-10,5.888525485992432,6.0,6.0,5.980000019073486,6.0,103902
2017-08-11,5.888525485992432,6.0,6.039999961853027,6.0,6.0,7458
2017-08-14,5.888525485992432,6.0,6.039999961853027,6.0,6.03000020980835,3734
2017-08-15,5.986667156219482,6.099999904632568,6.150000095367432,6.0,6.050000190734863,4564
2017-08-16,6.192765712738037,6.309999942779541,6.400000095367432,6.199999809265137,6.25,26886
2017-08-17,6.379235744476318,6.5,6.53000020980835,6.369999885559082,6.420000076293945,32582
2017-08-18,6.4086785316467285,6.53000020980835,6.599999904632568,6.409999847412109,6.550000190734863,12838
2017-08-21,6.379235744476318,6.5,6.53000020980835,6.369999885559082,6.53000020980835,16243
2017-08-22,6.389050006866455,6.510000228881836,6.539999961853027,6.449999809265137,6.53000020980835,5540
2017-08-23,6.379235744476318,6.5,6.550000190734863,6.489999771118164,6.550000190734863,4442
2017-08-24,6.398864269256592,6.519999980926514,6.519999980926514,6.5,6.5,3346
2017-08-25,6.330164909362793,6.449999809265137,6.510000228881836,6.449999809265137,6.5,3494
2017-08-28,6.379235744476318,6.5,6.519999980926514,6.489999771118164,6.510000228881836,5783
2017-08-29,6.389050006866455,6.510000228881836,6.519999980926514,6.489999771118164,6.519999980926514,4019
2017-08-30,6.379235744476318,6.5,6.510000228881836,6.489999771118164,6.510000228881836,16275
2017-08-31,6.457748889923096,6.579999923706055,6.610000133514404,6.519999980926514,6.519999980926514,5532
2017-09-01,6.4086785316467285,6.53000020980835,6.579999923706055,6.510000228881836,6.559999942779541,8782
2017-09-04,6.428307056427002,6.550000190734863,6.579999923706055,6.53000020980835,6.550000190734863,2627
2017-09-05,6.379235744476318,6.5,6.539999961853027,6.5,6.519999980926514,5273
2017-09-06,6.428307056427002,6.550000190734863,6.550000190734863,6.519999980926514,6.539999961853027,1229
2017-09-07,6.398864269256592,6.519999980926514,6.550000190734863,6.519999980926514,6.550000190734863,3787
2017-09-08,6.428307056427002,6.550000190734863,6.570000171661377,6.5,6.539999961853027,7410
2017-09-11,6.516634464263916,6.639999866485596,6.639999866485596,6.550000190734863,6.559999942779541,5698
2017-09-12,6.575519561767578,6.699999809265137,6.699999809265137,6.599999904632568,6.599999904632568,4466
2017-09-13,6.526448726654053,6.650000095367432,6.800000190734863,6.650000095367432,6.699999809265137,3950
2017-09-14,6.526448726654053,6.650000095367432,6.659999847412109,6.650000095367432,6.659999847412109,7085
2017-09-15,6.575519561767578,6.699999809265137,6.800000190734863,6.659999847412109,6.800000190734863,8117
2017-09-18,6.673662185668945,6.800000190734863,6.800000190734863,6.699999809265137,6.75,6416
2017-09-19,6.575519561767578,6.699999809265137,6.789999961853027,6.699999809265137,6.789999961853027,4304
2017-09-20,6.379235744476318,6.5,6.599999904632568,6.480000019073486,6.599999904632568,16651
2017-09-21,6.379235744476318,6.5,6.599999904632568,6.5,6.599999904632568,3461
2017-09-22,6.477377414703369,6.599999904632568,6.610000133514404,6.550000190734863,6.590000152587891,8512
2017-09-25,6.5657057762146,6.690000057220459,6.690000057220459,6.579999923706055,6.650000095367432,21473
2017-09-26,6.595148086547852,6.71999979019165,6.769999980926514,6.679999828338623,6.679999828338623,4420
2017-09-27,6.634405136108398,6.760000228881836,6.789999961853027,6.699999809265137,6.75,5454
2017-09-28,6.526448726654053,6.650000095367432,6.760000228881836,6.650000095367432,6.760000228881836,3838
2017-09-29,6.575519561767578,6.699999809265137,6.789999961853027,6.599999904632568,6.789999961853027,6839
2017-10-02,6.673662185668945,6.800000190734863,6.800000190734863,6.75,6.78000020980835,6802
2017-10-03,6.66384744644165,6.789999961853027,6.800000190734863,6.730000019073486,6.800000190734863,1338
2017-10-04,6.673662185668945,6.800000190734863,6.849999904632568,6.699999809265137,6.789999961853027,7208
2017-10-05,6.6932902336120605,6.820000171661377,6.849999904632568,6.820000171661377,6.849999904632568,9849
2017-10-06,6.673662185668945,6.800000190734863,6.849999904632568,6.699999809265137,6.800000190734863,9266
2017-10-09,6.722733020782471,6.849999904632568,6.849999904632568,6.800000190734863,6.849999904632568,2426
2017-10-10,6.771803855895996,6.900000095367432,6.900000095367432,6.75,6.849999904632568,5621
2017-10-11,6.673662185668945,6.800000190734863,6.900000095367432,6.800000190734863,6.900000095367432,2879
2017-10-12,6.722733020782471,6.849999904632568,6.900000095367432,6.78000020980835,6.78000020980835,351
2017-10-13,6.722733020782471,6.849999904632568,6.880000114440918,6.75,6.869999885559082,5656
2017-10-16,6.712919235229492,6.840000152587891,6.880000114440918,6.75,6.849999904632568,4542
2017-10-17,6.624590873718262,6.75,6.840000152587891,6.75,6.840000152587891,2002
2017-10-18,6.673662185668945,6.800000190734863,6.869999885559082,6.800000190734863,6.869999885559082,1301
2017-10-19,6.703104496002197,6.829999923706055,6.829999923706055,6.699999809265137,6.800000190734863,4838
2017-10-20,6.66384744644165,6.789999961853027,6.820000171661377,6.78000020980835,6.820000171661377,3058
2017-10-23,6.742361068725586,6.869999885559082,6.869999885559082,6.800000190734863,6.800000190734863,2274
2017-10-24,6.604962348937988,6.730000019073486,6.869999885559082,6.699999809265137,6.849999904632568,7620
2017-10-25,6.595148086547852,6.71999979019165,6.730000019073486,6.699999809265137,6.730000019073486,7674
2017-10-26,6.575519561767578,6.699999809265137,6.75,6.699999809265137,6.71999979019165,9092
2017-10-27,6.575519561767578,6.699999809265137,6.699999809265137,6.599999904632568,6.699999809265137,5170
2017-10-30,6.575519561767578,6.699999809265137,6.699999809265137,6.599999904632568,6.699999809265137,4303
2017-10-31,6.575519561767578,6.699999809265137,6.699999809265137,6.550000190734863,6.699999809265137,27570
2017-11-01,6.644219875335693,6.769999980926514,6.769999980926514,6.75,6.75,2513
2017-11-02,6.477377414703369,6.599999904632568,6.769999980926514,6.599999904632568,6.769999980926514,8262
2017-11-03,6.575519561767578,6.699999809265137,6.699999809265137,6.599999904632568,6.599999904632568,481
2017-11-06,6.614776611328125,6.739999771118164,6.800000190734863,6.599999904632568,6.699999809265137,1062
2017-11-07,6.575519561767578,6.699999809265137,6.800000190734863,6.519999980926514,6.699999809265137,3062
2017-11-08,6.487192153930664,6.610000133514404,6.699999809265137,6.570000171661377,6.699999809265137,5656
2017-11-09,6.4086785316467285,6.53000020980835,6.800000190734863,6.53000020980835,6.599999904632568,5565
2017-11-10,6.467563629150391,6.590000152587891,6.599999904632568,6.550000190734863,6.559999942779541,380
2017-11-13,6.2123942375183105,6.329999923706055,6.599999904632568,6.329999923706055,6.599999904632568,3209
2017-11-14,6.281093597412109,6.400000095367432,6.449999809265137,6.329999923706055,6.329999923706055,2030
2017-11-15,6.389050006866455,6.510000228881836,6.570000171661377,6.400000095367432,6.400000095367432,2172
2017-11-16,6.673662185668945,6.800000190734863,6.800000190734863,6.510000228881836,6.510000228881836,2649
2017-11-17,6.526448726654053,6.650000095367432,6.800000190734863,6.570000171661377,6.800000190734863,20666
2017-11-20,6.369421005249023,6.489999771118164,6.650000095367432,6.429999828338623,6.650000095367432,2150
2017-11-21,6.467563629150391,6.590000152587891,6.599999904632568,6.440000057220459,6.5,5403
2017-11-22,6.526448726654053,6.650000095367432,6.71999979019165,6.650000095367432,6.699999809265137,2195
2017-11-23,6.477377414703369,6.599999904632568,6.800000190734863,6.510000228881836,6.800000190734863,5859
2017-11-24,6.575519561767578,6.699999809265137,6.730000019073486,6.599999904632568,6.599999904632568,1213
2017-11-27,6.4086785316467285,6.53000020980835,6.699999809265137,6.510000228881836,6.699999809265137,2516
2017-11-28,6.379235744476318,6.5,6.599999904632568,6.5,6.519999980926514,1002
2017-11-29,6.555891036987305,6.679999828338623,6.690000057220459,6.5,6.5,8150
2017-11-30,6.516634464263916,6.639999866485596,6.690000057220459,6.5,6.579999923706055,930
2017-12-01,6.575519561767578,6.699999809265137,6.699999809265137,6.510000228881836,6.699999809265137,3213
2017-12-04,6.398864269256592,6.519999980926514,6.699999809265137,6.519999980926514,6.699999809265137,3244
2017-12-05,6.575519561767578,6.699999809265137,6.699999809265137,6.650000095367432,6.650000095367432,1255
2017-12-07,6.654033660888672,6.78000020980835,6.78000020980835,6.53000020980835,6.53000020980835,1852
2017-12-08,6.477377414703369,6.599999904632568,6.760000228881836,6.599999904632568,6.760000228881836,1146
2017-12-11,6.418492317199707,6.539999961853027,6.730000019073486,6.53000020980835,6.599999904632568,3638
2017-12-12,6.555891036987305,6.679999828338623,6.699999809265137,6.539999961853027,6.539999961853027,979
2017-12-13,6.575519561767578,6.699999809265137,6.699999809265137,6.550000190734863,6.650000095367432,4606
2017-12-14,6.624590873718262,6.75,6.75,6.690000057220459,6.699999809265137,3997
2017-12-15,6.604962348937988,6.730000019073486,6.75,6.699999809265137,6.75,563
2017-12-18,6.359606742858887,6.480000019073486,6.730000019073486,6.480000019073486,6.730000019073486,6758
2017-12-19,6.526448726654053,6.650000095367432,6.650000095367432,6.480000019073486,6.590000152587891,1122
2017-12-20,6.389050006866455,6.510000228881836,6.690000057220459,6.5,6.5,853
2017-12-21,6.389050006866455,6.510000228881836,6.510000228881836,6.480000019073486,6.510000228881836,1903
2017-12-22,6.300722122192383,6.420000076293945,6.650000095367432,6.420000076293945,6.480000019073486,631
2017-12-27,6.1829514503479,6.300000190734863,6.599999904632568,6.300000190734863,6.420000076293945,1219
2017-12-28,6.2222089767456055,6.340000152587891,6.550000190734863,6.019999980926514,6.300000190734863,7734
2017-12-29,6.320350646972656,6.440000057220459,6.449999809265137,6.25,6.340000152587891,4490
2018-01-02,6.369421005249023,6.489999771118164,6.579999923706055,6.210000038146973,6.440000057220459,2556
2018-01-03,6.379235744476318,6.5,6.619999885559082,6.5,6.5,2250
2018-01-04,6.614776611328125,6.739999771118164,6.739999771118164,6.659999847412109,6.659999847412109,3801
2018-01-05,6.536263465881348,6.659999847412109,6.739999771118164,6.659999847412109,6.739999771118164,2564
2018-01-08,6.5657057762146,6.690000057220459,6.699999809265137,6.53000020980835,6.659999847412109,3078
2018-01-09,6.477377414703369,6.599999904632568,6.690000057220459,6.599999904632568,6.690000057220459,2501
2018-01-10,6.4086785316467285,6.53000020980835,6.650000095367432,6.5,6.650000095367432,1404
2018-01-11,6.4086785316467285,6.53000020980835,6.550000190734863,6.5,6.53000020980835,1148
2018-01-12,6.418492317199707,6.539999961853027,6.650000095367432,6.539999961853027,6.539999961853027,3253
2018-01-15,6.467563629150391,6.590000152587891,6.590000152587891,6.510000228881836,6.539999961853027,805
2018-01-16,6.457748889923096,6.579999923706055,6.590000152587891,6.579999923706055,6.590000152587891,1275
2018-01-17,6.398864269256592,6.519999980926514,6.570000171661377,6.510000228881836,6.510000228881836,1381
2018-01-18,6.330164909362793,6.449999809265137,6.599999904632568,6.400000095367432,6.599999904632568,1277
2018-01-19,6.369421005249023,6.489999771118164,6.599999904632568,6.489999771118164,6.599999904632568,681
2018-01-22,6.4086785316467285,6.53000020980835,6.579999923706055,6.53000020980835,6.579999923706055,639
2018-01-23,6.271279335021973,6.389999866485596,6.389999866485596,6.300000190734863,6.300000190734863,13007
2018-01-24,6.251650810241699,6.369999885559082,6.440000057220459,6.369999885559082,6.440000057220459,2235
2018-01-25,6.369421005249023,6.489999771118164,6.53000020980835,6.380000114440918,6.53000020980835,779
2018-01-26,6.349792957305908,6.46999979019165,6.46999979019165,6.400000095367432,6.400000095367432,174
2018-01-29,6.349792957305908,6.46999979019165,6.46999979019165,6.460000038146973,6.46999979019165,1319
2018-01-30,6.281093597412109,6.400000095367432,6.46999979019165,6.369999885559082,6.46999979019165,1111
2018-01-31,6.1829514503479,6.300000190734863,6.440000057220459,6.300000190734863,6.369999885559082,2012
2018-02-01,6.2123942375183105,6.329999923706055,6.400000095367432,6.300000190734863,6.309999942779541,1192
2018-02-02,6.084809303283691,6.199999809265137,6.449999809265137,6.150000095367432,6.449999809265137,5980
2018-02-05,6.094623565673828,6.210000038146973,6.550000190734863,6.199999809265137,6.199999809265137,1748
2018-02-06,5.819825649261475,5.929999828338623,6.050000190734863,5.599999904632568,5.679999828338623,12791
2018-02-07,6.035738468170166,6.150000095367432,6.239999771118164,5.980000019073486,5.980000019073486,3040
2018-02-08,6.035738468170166,6.150000095367432,6.150000095367432,6.0,6.150000095367432,5116
2018-02-09,6.153509616851807,6.269999980926514,6.269999980926514,5.949999809265137,6.0,2499
2018-02-12,5.888525485992432,6.0,6.269999980926514,5.949999809265137,6.269999980926514,6997
2018-02-13,5.7903828620910645,5.900000095367432,5.989999771118164,5.800000190734863,5.900000095367432,2594
2018-02-14,5.967038631439209,6.079999923706055,6.079999923706055,5.989999771118164,6.0,7322
2018-02-15,5.967038631439209,6.079999923706055,6.079999923706055,6.019999980926514,6.079999923706055,4918
2018-02-16,5.7903828620910645,5.900000095367432,6.010000228881836,5.809999942779541,6.010000228881836,10239
2018-02-19,5.986667156219482,6.099999904632568,6.099999904632568,5.909999847412109,5.909999847412109,3462
2018-02-20,6.074995040893555,6.190000057220459,6.300000190734863,6.099999904632568,6.099999904632568,4731
2018-02-21,5.986667156219482,6.099999904632568,6.230000019073486,5.96999979019165,6.230000019073486,300690
2018-02-22,5.986667156219482,6.099999904632568,6.099999904632568,5.949999809265137,6.099999904632568,3707
2018-02-23,5.888525485992432,6.0,6.150000095367432,5.96999979019165,6.150000095367432,5187
2018-02-26,5.888525485992432,6.0,6.130000114440918,6.0,6.130000114440918,4526
2018-02-27,5.908153533935547,6.019999980926514,6.179999828338623,5.949999809265137,6.099999904632568,3571
2018-02-28,5.888525485992432,6.0,6.0,5.949999809265137,6.0,3150
2018-03-01,5.9572248458862305,6.070000171661377,6.079999923706055,5.900000095367432,5.949999809265137,414
2018-03-02,5.937596797943115,6.050000190734863,6.050000190734863,5.900000095367432,5.900000095367432,237
2018-03-05,5.92778205871582,6.039999961853027,6.050000190734863,5.909999847412109,6.050000190734863,2977
2018-03-06,5.810011863708496,5.920000076293945,6.03000020980835,5.909999847412109,6.03000020980835,7896
2018-03-07,5.878710746765137,5.989999771118164,6.010000228881836,5.929999828338623,6.010000228881836,1765
2018-03-08,5.9572248458862305,6.070000171661377,6.070000171661377,5.960000038146973,5.960000038146973,5511
2018-03-09,5.947410583496094,6.059999942779541,6.070000171661377,5.929999828338623,5.929999828338623,2764
2018-03-12,5.908153533935547,6.019999980926514,6.099999904632568,6.019999980926514,6.050000190734863,4121
2018-03-13,5.888525485992432,6.0,6.019999980926514,5.96999979019165,6.019999980926514,1451
2018-03-14,5.888525485992432,6.0,6.019999980926514,5.96999979019165,6.0,1816
2018-03-15,5.878710746765137,5.989999771118164,6.0,5.949999809265137,6.0,3197
2018-03-16,5.878710746765137,5.989999771118164,6.0,5.989999771118164,5.989999771118164,1360
2018-03-19,5.8296403884887695,5.940000057220459,5.980000019073486,5.940000057220459,5.96999979019165,5762
2018-03-20,5.839454174041748,5.949999809265137,5.980000019073486,5.920000076293945,5.980000019073486,2890
2018-03-21,5.819825649261475,5.929999828338623,5.980000019073486,5.929999828338623,5.980000019073486,1565
2018-03-22,5.819825649261475,5.929999828338623,5.980000019073486,5.929999828338623,5.980000019073486,668
2018-03-23,5.868896484375,5.980000019073486,5.980000019073486,5.920000076293945,5.980000019073486,1622
2018-03-26,5.868896484375,5.980000019073486,5.980000019073486,5.900000095367432,5.980000019073486,1673
2018-03-27,5.8296403884887695,5.940000057220459,5.980000019073486,5.900000095367432,5.980000019073486,1243
2018-03-28,5.7903828620910645,5.900000095367432,5.980000019073486,5.900000095367432,5.980000019073486,816
2018-03-29,5.868896484375,5.980000019073486,5.980000019073486,5.849999904632568,5.900000095367432,2289
2018-04-03,5.878710746765137,5.989999771118164,5.989999771118164,5.960000038146973,5.980000019073486,690
2018-04-04,5.741312026977539,5.849999904632568,6.0,5.849999904632568,6.0,1751
2018-04-05,5.8590826988220215,5.96999979019165,5.989999771118164,5.949999809265137,5.989999771118164,1596
2018-04-06,5.888525485992432,6.0,6.110000133514404,5.980000019073486,5.980000019073486,2530
2018-04-09,5.839454174041748,5.949999809265137,6.0,5.849999904632568,6.0,2999
2018-04-10,5.888525485992432,6.0,6.0,5.949999809265137,5.949999809265137,1687
2018-04-11,5.7903828620910645,5.900000095367432,6.0,5.900000095367432,6.0,688
2018-04-12,5.692241191864014,5.800000190734863,5.800000190734863,5.75,5.800000190734863,15555
2018-04-13,6.074995040893555,6.190000057220459,6.230000019073486,5.800000190734863,5.800000190734863,280431
2018-04-16,6.232022285461426,6.349999904632568,6.400000095367432,6.010000228881836,6.190000057220459,5399
2018-04-17,6.2123942375183105,6.329999923706055,6.329999923706055,6.039999961853027,6.039999961853027,2405
2018-04-18,6.006295204162598,6.119999885559082,6.150000095367432,6.079999923706055,6.099999904632568,1523
2018-04-19,6.006295204162598,6.119999885559082,6.150000095367432,6.119999885559082,6.150000095367432,1553
2018-04-20,5.986667156219482,6.099999904632568,6.119999885559082,6.03000020980835,6.119999885559082,1140
2018-04-23,5.986667156219482,6.099999904632568,6.199999809265137,6.099999904632568,6.099999904632568,3186
2018-04-24,6.025924205780029,6.139999866485596,6.190000057220459,6.099999904632568,6.099999904632568,770
2018-04-25,5.92778205871582,6.039999961853027,6.139999866485596,6.010000228881836,6.139999866485596,676
2018-04-26,5.917968273162842,6.03000020980835,6.039999961853027,6.010000228881836,6.039999961853027,1891
2018-04-27,5.888525485992432,6.0,6.03000020980835,5.920000076293945,6.03000020980835,2708
2018-04-30,5.888525485992432,6.0,6.039999961853027,6.0,6.03000020980835,7786
2018-05-02,6.555891036987305,6.679999828338623,7.190000057220459,6.170000076293945,6.300000190734863,45182
2018-05-03,6.379235744476318,6.5,6.679999828338623,6.300000190734863,6.679999828338623,6296
2018-05-04,6.585333824157715,6.710000038146973,7.0,6.5,6.5,21884
2018-05-07,6.869946002960205,7.0,7.0,6.650000095367432,6.699999809265137,22308
2018-05-08,6.869946002960205,7.0,7.150000095367432,6.849999904632568,6.989999771118164,12871
2018-05-09,6.909202575683594,7.039999961853027,7.099999904632568,6.949999809265137,7.0,17918
2018-05-11,6.860131740570068,6.989999771118164,7.150000095367432,6.650000095367432,7.099999904632568,25419
2018-05-14,7.056416034698486,7.190000057220459,7.190000057220459,7.010000228881836,7.050000190734863,10097
2018-05-15,7.026973724365234,7.159999847412109,7.199999809265137,7.059999942779541,7.190000057220459,10405
2018-05-16,7.164372444152832,7.300000190734863,7.300000190734863,6.840000152587891,7.199999809265137,15996
2018-05-17,7.144743919372559,7.28000020980835,7.440000057220459,7.159999847412109,7.300000190734863,4213
2018-05-18,7.262514114379883,7.400000095367432,7.440000057220459,7.210000038146973,7.28000020980835,13260
2018-05-21,7.066230297088623,7.199999809265137,7.400000095367432,7.090000152587891,7.400000095367432,10619
2018-05-22,7.242886543273926,7.380000114440918,7.400000095367432,7.190000057220459,7.190000057220459,13067
2018-05-23,7.30177116394043,7.440000057220459,7.46999979019165,7.170000076293945,7.409999847412109,7693
2018-05-24,7.262514114379883,7.400000095367432,7.429999828338623,7.199999809265137,7.199999809265137,247
2018-05-25,7.233071804046631,7.369999885559082,7.5,7.03000020980835,7.400000095367432,2110
2018-05-28,7.066230297088623,7.199999809265137,7.489999771118164,7.179999828338623,7.489999771118164,3990
2018-05-29,7.056416034698486,7.190000057220459,7.449999809265137,6.949999809265137,7.400000095367432,4463
2018-05-30,6.968087673187256,7.099999904632568,7.190000057220459,6.800000190734863,7.179999828338623,1503
2018-05-31,7.046601295471191,7.179999828338623,7.199999809265137,7.179999828338623,7.179999828338623,9757
2018-06-01,7.164372444152832,7.300000190734863,7.300000190734863,7.0,7.199999809265137,7342
2018-06-04,7.478426456451416,7.619999885559082,7.789999961853027,7.5,7.5,14366
2018-06-05,7.478426456451416,7.619999885559082,7.699999809265137,7.610000133514404,7.699999809265137,4593
2018-06-06,7.841552734375,7.989999771118164,7.989999771118164,7.599999904632568,7.610000133514404,10610
2018-06-07,8.194864273071289,8.350000381469727,8.380000114440918,7.889999866485596,7.989999771118164,22700
2018-06-08,8.145793914794922,8.300000190734863,8.399999618530273,8.149999618530273,8.380000114440918,11106
2018-06-11,7.851366996765137,8.0,8.449999809265137,7.889999866485596,8.3100004196167,10577
2018-06-12,7.311585426330566,7.449999809265137,8.300000190734863,7.21999979019165,8.25,51441
2018-06-13,7.154557704925537,7.289999961853027,7.610000133514404,7.260000228881836,7.449999809265137,12872
2018-06-14,6.9582743644714355,7.090000152587891,7.349999904632568,7.010000228881836,7.349999904632568,23991
2018-06-15,6.948459625244141,7.079999923706055,7.190000057220459,6.989999771118164,7.190000057220459,10424
2018-06-18,6.82087516784668,6.949999809265137,7.070000171661377,6.800000190734863,7.070000171661377,19304
2018-06-19,6.595148086547852,6.71999979019165,6.940000057220459,6.619999885559082,6.940000057220459,10392
2018-06-20,6.575519561767578,6.699999809265137,6.800000190734863,6.650000095367432,6.789999961853027,11448
2018-06-21,6.5657057762146,6.690000057220459,6.880000114440918,6.659999847412109,6.659999847412109,17370
2018-06-25,6.526448726654053,6.650000095367432,6.800000190734863,6.619999885559082,6.800000190734863,14099
2018-06-26,6.526448726654053,6.650000095367432,6.699999809265137,6.599999904632568,6.699999809265137,5914
2018-06-27,6.516634464263916,6.639999866485596,6.690000057220459,6.570000171661377,6.650000095367432,5178
2018-06-28,6.5657057762146,6.690000057220459,7.199999809265137,6.610000133514404,6.710000038146973,17189
2018-06-29,6.66384744644165,6.789999961853027,6.800000190734863,6.75,6.800000190734863,3451
2018-07-02,6.477377414703369,6.599999904632568,7.050000190734863,6.5,7.050000190734863,9173
2018-07-03,6.477377414703369,6.599999904632568,6.739999771118164,6.590000152587891,6.739999771118164,4757
2018-07-04,6.428307056427002,6.550000190734863,6.599999904632568,6.519999980926514,6.599999904632568,3621
2018-07-05,6.624590873718262,6.75,6.880000114440918,6.599999904632568,6.599999904632568,1916
2018-07-06,6.673662185668945,6.800000190734863,6.989999771118164,6.75,6.800000190734863,2472
2018-07-09,6.546077728271484,6.670000076293945,6.900000095367432,6.670000076293945,6.900000095367432,2417
2018-07-10,6.66384744644165,6.789999961853027,6.800000190734863,6.659999847412109,6.670000076293945,5489
2018-07-11,6.614776611328125,6.739999771118164,6.800000190734863,6.739999771118164,6.800000190734863,2694
2018-07-12,6.752175807952881,6.880000114440918,6.96999979019165,6.679999828338623,6.739999771118164,2116
2018-07-13,6.66384744644165,6.789999961853027,6.989999771118164,6.670000076293945,6.989999771118164,4793
2018-07-16,6.673662185668945,6.800000190734863,7.0,6.670000076293945,7.0,3707
2018-07-17,6.536263465881348,6.659999847412109,6.989999771118164,6.659999847412109,6.800000190734863,4055
2018-07-18,6.526448726654053,6.650000095367432,6.940000057220459,6.599999904632568,6.940000057220459,1502
2018-07-19,6.673662185668945,6.800000190734863,6.820000171661377,6.53000020980835,6.820000171661377,9818
2018-07-20,6.761989593505859,6.889999866485596,6.889999866485596,6.650000095367432,6.690000057220459,4452
2018-07-23,6.948459625244141,7.079999923706055,7.099999904632568,6.889999866485596,6.889999866485596,3999
2018-07-24,6.869946002960205,7.0,7.090000152587891,6.900000095367432,7.0,5769
2018-07-25,6.869946002960205,7.0,7.099999904632568,6.949999809265137,7.0,2989
2018-07-26,6.82087516784668,6.949999809265137,7.0,6.949999809265137,7.0,363
2018-07-27,6.860131740570068,6.989999771118164,7.0,6.809999942779541,7.0,1569
2018-07-30,6.860131740570068,6.989999771118164,7.150000095367432,6.900000095367432,7.0,3624
2018-07-31,6.850317001342773,6.980000019073486,6.989999771118164,6.900000095367432,6.989999771118164,675
2018-08-01,6.791432857513428,6.920000076293945,7.139999866485596,6.800000190734863,7.139999866485596,1613
2018-08-02,6.66384744644165,6.789999961853027,6.920000076293945,6.559999942779541,6.920000076293945,2056
2018-08-03,6.673662185668945,6.800000190734863,6.800000190734863,6.730000019073486,6.800000190734863,4102
2018-08-06,6.66384744644165,6.789999961853027,6.800000190734863,6.670000076293945,6.800000190734863,4139
2018-08-07,6.624590873718262,6.75,6.800000190734863,6.670000076293945,6.800000190734863,710
2018-08-08,6.634405136108398,6.760000228881836,6.760000228881836,6.699999809265137,6.699999809265137,1400
2018-08-09,6.673662185668945,6.800000190734863,6.800000190734863,6.800000190734863,6.800000190734863,1370
2018-08-10,6.732547760009766,6.860000133514404,6.900000095367432,6.699999809265137,6.900000095367432,6832
2018-08-13,6.634405136108398,6.760000228881836,6.889999866485596,6.699999809265137,6.889999866485596,2711
2018-08-14,6.624590873718262,6.75,7.010000228881836,6.730000019073486,6.769999980926514,7316
2018-08-15,6.919017314910889,7.050000190734863,7.369999885559082,6.980000019073486,7.0,4174
2018-08-16,6.761989593505859,6.889999866485596,7.0,6.889999866485596,7.0,1537
2018-08-17,7.213443756103516,7.349999904632568,7.389999866485596,6.889999866485596,6.900000095367432,26709
2018-08-20,7.458798885345459,7.599999904632568,7.889999866485596,7.5,7.5,16212
2018-08-21,7.458798885345459,7.599999904632568,7.690000057220459,7.5,7.610000133514404,10155
2018-08-22,7.233071804046631,7.369999885559082,7.599999904632568,7.309999942779541,7.599999904632568,7533
2018-08-23,7.213443756103516,7.349999904632568,7.349999904632568,7.25,7.340000152587891,3189
2018-08-24,7.360656261444092,7.5,7.610000133514404,7.349999904632568,7.349999904632568,7504
2018-08-27,7.3704705238342285,7.510000228881836,7.690000057220459,7.510000228881836,7.550000190734863,10316
2018-08-28,7.360656261444092,7.5,7.699999809265137,7.5,7.510000228881836,6153
2018-08-29,7.468613147735596,7.610000133514404,7.71999979019165,7.610000133514404,7.610000133514404,4854
2018-08-30,7.458798885345459,7.599999904632568,7.630000114440918,7.449999809265137,7.619999885559082,10358
2018-08-31,7.458798885345459,7.599999904632568,7.599999904632568,7.5,7.599999904632568,2775
2018-09-03,7.4391703605651855,7.579999923706055,7.590000152587891,7.480000019073486,7.590000152587891,3102
2018-09-04,7.272328853607178,7.409999847412109,7.630000114440918,7.400000095367432,7.559999942779541,4668
2018-09-05,7.213443756103516,7.349999904632568,7.599999904632568,7.349999904632568,7.409999847412109,895
2018-09-06,7.458798885345459,7.599999904632568,7.619999885559082,7.5,7.599999904632568,393
2018-09-07,7.350842475891113,7.489999771118164,7.550000190734863,7.400000095367432,7.550000190734863,1552
2018-09-10,7.2821431159973145,7.420000076293945,7.5,7.409999847412109,7.5,2315
2018-09-11,7.242886543273926,7.380000114440918,7.420000076293945,7.380000114440918,7.420000076293945,2008
2018-09-12,7.458798885345459,7.599999904632568,7.599999904632568,7.380000114440918,7.400000095367432,3291
2018-09-13,7.61582612991333,7.760000228881836,7.789999961853027,7.590000152587891,7.679999828338623,7812
2018-09-14,7.596197605133057,7.739999771118164,7.760000228881836,7.559999942779541,7.760000228881836,3299
2018-09-17,7.55694055557251,7.699999809265137,7.739999771118164,7.550000190734863,7.739999771118164,1738
2018-09-18,7.55694055557251,7.699999809265137,7.699999809265137,7.599999904632568,7.599999904632568,5546
2018-09-19,7.586382865905762,7.730000019073486,7.730000019073486,7.599999904632568,7.699999809265137,1985
2018-09-20,7.606011867523193,7.75,7.75,7.550000190734863,7.599999904632568,2482
2018-09-21,7.596197605133057,7.739999771118164,7.75,7.739999771118164,7.75,4923
2018-09-24,7.596197605133057,7.739999771118164,7.739999771118164,7.510000228881836,7.739999771118164,4340
2018-09-25,7.419541835784912,7.559999942779541,7.739999771118164,7.550000190734863,7.739999771118164,1720
2018-09-26,7.596197605133057,7.739999771118164,7.739999771118164,7.510000228881836,7.559999942779541,5951
2018-09-27,7.458798885345459,7.599999904632568,7.789999961853027,7.599999904632568,7.75,2740
2018-09-28,7.458798885345459,7.599999904632568,7.800000190734863,7.599999904632568,7.630000114440918,5323
2018-10-01,7.419541835784912,7.559999942779541,7.75,7.559999942779541,7.610000133514404,2553
2018-10-02,7.458798885345459,7.599999904632568,7.789999961853027,7.570000171661377,7.730000019073486,3255
2018-10-03,7.409728050231934,7.550000190734863,7.730000019073486,7.550000190734863,7.599999904632568,4422
2018-10-04,7.507869720458984,7.650000095367432,7.650000095367432,7.599999904632568,7.650000095367432,176
2018-10-05,7.409728050231934,7.550000190734863,7.650000095367432,7.5,7.650000095367432,1487
2018-10-08,7.458798885345459,7.599999904632568,7.639999866485596,7.5,7.639999866485596,2533
2018-10-09,7.507869720458984,7.650000095367432,7.650000095367432,7.5,7.630000114440918,2528
2018-10-10,7.2821431159973145,7.420000076293945,7.610000133514404,7.420000076293945,7.610000133514404,1651
2018-10-11,6.919017314910889,7.050000190734863,7.289999961853027,6.699999809265137,7.119999885559082,12899
2018-10-12,6.968087673187256,7.099999904632568,7.289999961853027,7.059999942779541,7.059999942779541,5041
2018-10-15,7.056416034698486,7.190000057220459,7.289999961853027,7.0,7.239999771118164,5539
2018-10-16,7.046601295471191,7.179999828338623,7.190000057220459,7.050000190734863,7.190000057220459,2715
2018-10-17,7.085858345031738,7.21999979019165,7.25,7.179999828338623,7.199999809265137,1101
2018-10-18,7.066230297088623,7.199999809265137,7.21999979019165,7.199999809265137,7.21999979019165,1162
2018-10-19,7.066230297088623,7.199999809265137,7.199999809265137,7.0,7.0,529
2018-10-22,6.938645839691162,7.070000171661377,7.210000038146973,7.070000171661377,7.210000038146973,1762
2018-10-23,6.604962348937988,6.730000019073486,7.070000171661377,6.710000038146973,7.070000171661377,10671
2018-10-24,6.575519561767578,6.699999809265137,6.949999809265137,6.659999847412109,6.800000190734863,5418
2018-10-25,6.575519561767578,6.699999809265137,7.090000152587891,6.349999904632568,6.5,19504
2018-10-26,6.320350646972656,6.440000057220459,6.699999809265137,6.440000057220459,6.699999809265137,12621
2018-10-29,6.869946002960205,7.0,7.0,6.449999809265137,6.449999809265137,9693
2018-10-30,6.771803855895996,6.900000095367432,6.980000019073486,6.900000095367432,6.980000019073486,977
2018-10-31,6.771803855895996,6.900000095367432,6.900000095367432,6.849999904632568,6.900000095367432,6517
2018-11-01,6.82087516784668,6.949999809265137,7.150000095367432,6.900000095367432,7.0,3927
2018-11-02,6.869946002960205,7.0,7.199999809265137,6.949999809265137,7.199999809265137,4978
2018-11-05,6.968087673187256,7.099999904632568,7.199999809265137,7.0,7.099999904632568,2470
2018-11-06,6.968087673187256,7.099999904632568,7.099999904632568,7.099999904632568,7.099999904632568,240
2018-11-07,7.164372444152832,7.300000190734863,7.300000190734863,7.0,7.150000095367432,6790
2018-11-08,6.977902412414551,7.110000133514404,7.110000133514404,7.010000228881836,7.059999942779541,890
2018-11-09,7.115301609039307,7.25,7.300000190734863,7.010000228881836,7.300000190734863,1837
2018-11-12,6.997531414031982,7.130000114440918,7.289999961853027,7.099999904632568,7.289999961853027,1766
2018-11-13,7.046601295471191,7.179999828338623,7.179999828338623,7.010000228881836,7.110000133514404,3268
2018-11-14,7.066230297088623,7.199999809265137,7.230000019073486,7.150000095367432,7.230000019073486,8405
2018-11-15,7.066230297088623,7.199999809265137,7.199999809265137,6.989999771118164,7.199999809265137,2869
2018-11-16,7.066230297088623,7.199999809265137,7.199999809265137,7.199999809265137,7.199999809265137,0
2018-11-19,7.164372444152832,7.300000190734863,7.300000190734863,6.820000171661377,7.150000095367432,7890
2018-11-20,6.919017314910889,7.050000190734863,7.150000095367432,6.820000171661377,7.0,12245
2018-11-21,6.830689430236816,6.960000038146973,7.139999866485596,6.860000133514404,7.050000190734863,5418
2018-11-22,6.850317001342773,6.980000019073486,7.28000020980835,6.929999828338623,6.929999828338623,2863
2018-11-23,6.850317001342773,6.980000019073486,7.099999904632568,6.980000019073486,7.099999904632568,782
2018-11-26,6.82087516784668,6.949999809265137,7.099999904632568,6.949999809265137,7.010000228881836,2479
2018-11-27,6.791432857513428,6.920000076293945,7.0,6.920000076293945,6.949999809265137,1796
2018-11-28,6.771803855895996,6.900000095367432,7.099999904632568,6.869999885559082,6.920000076293945,4363
2018-11-29,6.869946002960205,7.0,7.0,6.889999866485596,7.0,6907
2018-11-30,6.869946002960205,7.0,7.0,6.829999923706055,7.0,821
2018-12-03,6.869946002960205,7.0,7.190000057220459,6.889999866485596,6.900000095367432,17266
2018-12-04,6.869946002960205,7.0,7.039999961853027,6.920000076293945,7.0,1635
2018-12-05,6.968087673187256,7.099999904632568,7.199999809265137,6.920000076293945,6.920000076293945,11760
2018-12-07,6.9582743644714355,7.090000152587891,7.099999904632568,6.760000228881836,7.099999904632568,654
2018-12-10,6.624590873718262,6.75,7.0,6.75,7.0,3785
2018-12-11,6.771803855895996,6.900000095367432,6.900000095367432,6.800000190734863,6.900000095367432,2414
2018-12-12,6.869946002960205,7.0,7.150000095367432,6.900000095367432,6.900000095367432,1989
2018-12-13,6.781618595123291,6.909999847412109,7.050000190734863,6.900000095367432,7.050000190734863,1566
2018-12-14,6.771803855895996,6.900000095367432,6.900000095367432,6.75,6.900000095367432,5239
2018-12-17,6.683475971221924,6.809999942779541,6.949999809265137,6.590000152587891,6.880000114440918,1497
2018-12-18,6.66384744644165,6.789999961853027,6.809999942779541,6.699999809265137,6.809999942779541,3922
2018-12-19,6.673662185668945,6.800000190734863,7.0,6.710000038146973,7.0,8746
2018-12-20,6.418492317199707,6.539999961853027,6.840000152587891,6.539999961853027,6.800000190734863,6487
2018-12-21,6.673662185668945,6.800000190734863,6.849999904632568,6.550000190734863,6.550000190734863,5310
2018-12-27,6.526448726654053,6.650000095367432,6.949999809265137,6.599999904632568,6.820000171661377,9106
2018-12-28,6.575519561767578,6.699999809265137,6.699999809265137,6.639999866485596,6.699999809265137,7977
2019-01-02,6.624590873718262,6.75,6.809999942779541,6.519999980926514,6.75,4372
2019-01-03,6.634405136108398,6.760000228881836,7.039999961853027,6.75,6.75,1493
2019-01-04,6.634405136108398,6.760000228881836,6.989999771118164,6.75,6.75,823
2019-01-07,6.811060905456543,6.940000057220459,7.090000152587891,6.860000133514404,6.860000133514404,14075
2019-01-08,6.771803855895996,6.900000095367432,7.079999923706055,6.889999866485596,6.960000038146973,4019
2019-01-09,6.869946002960205,7.0,7.099999904632568,6.960000038146973,7.0,3154
2019-01-10,6.673662185668945,6.800000190734863,7.019999980926514,6.800000190734863,7.010000228881836,4793
2019-01-11,6.9582743644714355,7.090000152587891,7.119999885559082,6.800000190734863,6.909999847412109,15792
2019-01-14,7.007345199584961,7.139999866485596,7.179999828338623,7.090000152587891,7.150000095367432,2757
2019-01-15,7.066230297088623,7.199999809265137,7.260000228881836,7.099999904632568,7.139999866485596,7306
2019-01-16,7.7532243728637695,7.900000095367432,7.900000095367432,7.150000095367432,7.25,14510
2019-01-17,7.458798885345459,7.599999904632568,7.880000114440918,7.449999809265137,7.880000114440918,8958
2019-01-18,7.566755294799805,7.710000038146973,7.889999866485596,7.599999904632568,7.599999904632568,9417
2019-01-21,7.55694055557251,7.699999809265137,7.880000114440918,7.619999885559082,7.710000038146973,2275
2019-01-22,7.625640869140625,7.769999980926514,7.900000095367432,7.519999980926514,7.900000095367432,4016
2019-01-23,7.55694055557251,7.699999809265137,8.079999923706055,7.559999942779541,7.699999809265137,17850
2019-01-24,7.655082702636719,7.800000190734863,7.849999904632568,7.699999809265137,7.699999809265137,1913
2019-01-25,7.7532243728637695,7.900000095367432,8.0,7.75,7.800000190734863,13670
2019-01-28,7.880809307098389,8.029999732971191,8.050000190734863,7.900000095367432,7.900000095367432,5718
2019-01-29,7.78266716003418,7.929999828338623,8.029999732971191,7.909999847412109,8.029999732971191,2756
2019-01-30,7.7630391120910645,7.909999847412109,8.0,7.909999847412109,7.949999809265137,2659
2019-01-31,7.851366996765137,8.0,8.050000190734863,7.900000095367432,8.050000190734863,19932
2019-02-01,7.998579978942871,8.149999618530273,8.199999809265137,7.900000095367432,8.0,7096
2019-02-04,7.939694881439209,8.09000015258789,8.149999618530273,8.09000015258789,8.149999618530273,3050
2019-02-05,7.880809307098389,8.029999732971191,8.029999732971191,7.929999828338623,8.029999732971191,2738
2019-02-06,7.7630391120910645,7.909999847412109,8.029999732971191,7.909999847412109,7.949999809265137,5723
2019-02-07,7.851366996765137,8.0,8.010000228881836,7.909999847412109,7.949999809265137,8430
2019-02-08,7.851366996765137,8.0,8.149999618530273,8.0,8.100000381469727,10424
2019-02-11,7.988766193389893,8.140000343322754,8.149999618530273,8.0,8.100000381469727,11050
2019-02-12,8.096721649169922,8.25,8.350000381469727,8.010000228881836,8.149999618530273,11225
2019-02-13,8.283191680908203,8.4399995803833,8.5,8.15999984741211,8.25,10368
2019-02-14,8.33226203918457,8.489999771118164,8.600000381469727,8.270000457763672,8.449999809265137,6463
2019-02-15,8.145793914794922,8.300000190734863,8.5,8.300000190734863,8.479999542236328,2255
2019-02-18,8.047651290893555,8.199999809265137,8.300000190734863,8.149999618530273,8.300000190734863,4714
2019-02-19,8.194864273071289,8.350000381469727,8.5,8.210000038146973,8.210000038146973,3799
2019-02-20,8.185050010681152,8.34000015258789,8.350000381469727,8.300000190734863,8.300000190734863,4204
2019-02-21,8.234122276306152,8.390000343322754,8.5,8.300000190734863,8.300000190734863,9730
2019-02-22,8.194864273071289,8.350000381469727,8.390000343322754,8.300000190734863,8.390000343322754,2740
2019-02-25,8.145793914794922,8.300000190734863,8.350000381469727,8.300000190734863,8.3100004196167,2074
2019-02-26,8.145793914794922,8.300000190734863,8.350000381469727,8.300000190734863,8.3100004196167,7328
2019-02-27,8.145793914794922,8.300000190734863,8.350000381469727,8.300000190734863,8.300000190734863,2169
2019-02-28,8.194864273071289,8.350000381469727,8.600000381469727,8.300000190734863,8.300000190734863,8553
2019-03-01,8.29300594329834,8.449999809265137,8.449999809265137,8.350000381469727,8.350000381469727,4371
2019-03-04,8.567804336547852,8.729999542236328,8.75,8.449999809265137,8.449999809265137,3923
2019-03-05,8.312634468078613,8.470000267028809,8.680000305175781,8.399999618530273,8.680000305175781,10522
2019-03-06,8.518733978271484,8.680000305175781,8.75,8.399999618530273,8.449999809265137,3604
2019-03-07,8.626689910888672,8.789999961853027,8.800000190734863,8.449999809265137,8.600000381469727,3808
2019-03-08,8.440218925476074,8.600000381469727,8.600000381469727,8.520000457763672,8.600000381469727,1497
2019-03-11,8.577617645263672,8.739999771118164,8.789999961853027,8.399999618530273,8.569999694824219,5693
2019-03-12,8.33226203918457,8.489999771118164,8.739999771118164,8.420000076293945,8.420000076293945,2315
2019-03-13,8.499104499816895,8.65999984741211,8.789999961853027,8.449999809265137,8.5,1017
2019-03-14,8.351892471313477,8.510000228881836,8.640000343322754,8.510000228881836,8.529999732971191,496
2019-03-15,8.263564109802246,8.420000076293945,8.59000015258789,8.399999618530273,8.59000015258789,5332
2019-03-18,8.25374984741211,8.40999984741211,8.800000190734863,8.399999618530273,8.75,11101
2019-03-19,8.489290237426758,8.649999618530273,8.720000267028809,8.399999618530273,8.40999984741211,8771
2019-03-20,8.32244873046875,8.479999542236328,8.640000343322754,8.0,8.640000343322754,8975
2019-03-21,8.116350173950195,8.270000457763672,8.550000190734863,8.119999885559082,8.199999809265137,8122
2019-03-22,8.047651290893555,8.199999809265137,8.399999618530273,8.010000228881836,8.010000228881836,11087
2019-03-25,8.243935585021973,8.399999618530273,8.399999618530273,8.199999809265137,8.199999809265137,4531
2019-03-26,8.32244873046875,8.479999542236328,8.479999542236328,8.220000267028809,8.220000267028809,291
2019-03-27,8.29300594329834,8.449999809265137,8.479999542236328,8.350000381469727,8.350000381469727,3679
2019-03-28,7.988766193389893,8.140000343322754,8.449999809265137,8.100000381469727,8.449999809265137,3722
2019-03-29,7.998579978942871,8.149999618530273,8.270000457763672,8.119999885559082,8.140000343322754,1131
2019-04-01,8.185050010681152,8.34000015258789,8.34000015258789,8.039999961853027,8.140000343322754,2347
2019-04-02,8.34207820892334,8.5,8.5,8.300000190734863,8.300000190734863,1683
2019-04-03,8.32244873046875,8.479999542236328,8.479999542236328,8.020000457763672,8.199999809265137,1995
2019-04-04,8.145793914794922,8.300000190734863,8.5,8.300000190734863,8.5,3481
2019-04-05,8.028023719787598,8.180000305175781,8.359999656677246,8.100000381469727,8.34000015258789,2359
2019-04-08,8.224306106567383,8.380000114440918,8.479999542236328,8.0600004196167,8.180000305175781,2151
2019-04-09,8.243935585021973,8.399999618530273,8.399999618530273,8.380000114440918,8.380000114440918,144
2019-04-10,8.283191680908203,8.4399995803833,8.4399995803833,8.199999809265137,8.380000114440918,1269
2019-04-11,8.263564109802246,8.420000076293945,8.460000038146973,8.260000228881836,8.4399995803833,943
2019-04-12,8.263564109802246,8.420000076293945,8.460000038146973,8.420000076293945,8.460000038146973,67
2019-04-15,8.028023719787598,8.180000305175781,8.420000076293945,8.100000381469727,8.420000076293945,3134
2019-04-16,8.126165390014648,8.279999732971191,8.279999732971191,8.100000381469727,8.15999984741211,1511
2019-04-17,8.126165390014648,8.279999732971191,8.300000190734863,8.039999961853027,8.279999732971191,1945
2019-04-18,7.9495086669921875,8.100000381469727,8.300000190734863,8.079999923706055,8.300000190734863,2031
2019-04-23,7.9495086669921875,8.100000381469727,8.100000381469727,8.020000457763672,8.079999923706055,1590
2019-04-24,7.870995998382568,8.020000457763672,8.300000190734863,8.020000457763672,8.119999885559082,1596
2019-04-25,7.9495086669921875,8.100000381469727,8.300000190734863,8.039999961853027,8.140000343322754,1364
2019-04-26,7.969137668609619,8.119999885559082,8.199999809265137,8.039999961853027,8.199999809265137,1157
2019-04-29,7.7532243728637695,7.900000095367432,8.119999885559082,7.900000095367432,8.100000381469727,7733
2019-04-30,7.851366996765137,8.0,8.020000457763672,8.0,8.0,483
2019-05-02,7.812110424041748,7.960000038146973,8.020000457763672,7.960000038146973,8.0,4061
2019-05-03,7.870995998382568,8.020000457763672,8.020000457763672,7.960000038146973,7.960000038146973,4150
2019-05-06,7.831738471984863,7.980000019073486,8.100000381469727,7.900000095367432,7.900000095367432,1047
2019-05-07,7.851366996765137,8.0,8.0,7.800000190734863,8.0,3657
2019-05-08,7.733597278594971,7.880000114440918,7.960000038146973,7.760000228881836,7.840000152587891,7606
2019-05-09,7.870995998382568,8.020000457763672,8.020000457763672,7.800000190734863,7.800000190734863,2065
2019-05-10,7.7532243728637695,7.900000095367432,8.100000381469727,7.840000152587891,8.020000457763672,4158
2019-05-13,7.792481899261475,7.940000057220459,8.0,7.860000133514404,8.0,5311
2019-05-14,7.870995998382568,8.020000457763672,8.199999809265137,7.860000133514404,8.0,6693
2019-05-15,8.008393287658691,8.15999984741211,8.15999984741211,8.0,8.0,909
2019-05-16,8.400962829589844,8.5600004196167,8.5600004196167,8.199999809265137,8.199999809265137,4776
2019-05-17,8.38133430480957,8.539999961853027,8.539999961853027,8.300000190734863,8.300000190734863,6747
2019-05-20,8.047651290893555,8.199999809265137,8.5,8.199999809265137,8.199999809265137,1426
2019-05-21,8.145793914794922,8.300000190734863,8.300000190734863,8.15999984741211,8.199999809265137,1375
2019-05-22,8.4205904006958,8.579999923706055,8.579999923706055,8.5,8.5,4370
2019-05-23,8.34207820892334,8.5,8.5,8.5,8.5,400
2019-05-24,8.34207820892334,8.5,8.520000457763672,8.199999809265137,8.520000457763672,420
2019-05-27,8.34207820892334,8.5,8.600000381469727,8.260000228881836,8.520000457763672,3111
2019-05-28,8.20467758178711,8.359999656677246,8.579999923706055,8.359999656677246,8.4399995803833,1728
2019-05-29,8.165421485900879,8.319999694824219,8.5,8.300000190734863,8.5,1026
2019-05-31,8.302820205688477,8.460000038146973,8.600000381469727,8.300000190734863,8.34000015258789,4630
2019-06-03,8.263564109802246,8.420000076293945,8.420000076293945,8.260000228881836,8.420000076293945,5688
2019-06-04,8.361706733703613,8.520000457763672,8.600000381469727,8.199999809265137,8.359999656677246,3759
2019-06-05,8.361706733703613,8.520000457763672,8.720000267028809,8.399999618530273,8.4399995803833,1859
2019-06-06,8.38133430480957,8.539999961853027,8.600000381469727,8.539999961853027,8.600000381469727,761
2019-06-07,8.518733978271484,8.680000305175781,8.699999809265137,8.5,8.5,2868
2019-06-10,8.38133430480957,8.539999961853027,8.699999809265137,8.520000457763672,8.699999809265137,4487
2019-06-11,8.557991027832031,8.720000267028809,8.899999618530273,8.640000343322754,8.739999771118164,5969
2019-06-12,8.656131744384766,8.819999694824219,9.0,8.680000305175781,8.720000267028809,4494
2019-06-13,8.832788467407227,9.0,9.0,8.760000228881836,8.859999656677246,1810
2019-06-14,8.34207820892334,8.5,9.039999961853027,8.5,9.0,7383
2019-06-17,8.695388793945312,8.859999656677246,9.100000381469727,8.699999809265137,8.800000190734863,2947
2019-06-18,8.773900985717773,8.9399995803833,8.979999542236328,8.739999771118164,8.800000190734863,605
2019-06-19,8.695388793945312,8.859999656677246,8.979999542236328,8.680000305175781,8.960000038146973,6324
2019-06-20,8.793530464172363,8.960000038146973,8.979999542236328,8.739999771118164,8.9399995803833,4485
2019-06-24,8.538361549377441,8.699999809265137,8.920000076293945,8.640000343322754,8.640000343322754,2243
2019-06-25,8.499104499816895,8.65999984741211,8.84000015258789,8.579999923706055,8.640000343322754,4748
2019-06-26,8.715017318725586,8.880000114440918,8.899999618530273,8.640000343322754,8.65999984741211,3340
2019-06-27,8.813158988952637,8.979999542236328,9.0,8.880000114440918,8.880000114440918,6222
2019-06-28,8.656131744384766,8.819999694824219,8.979999542236328,8.699999809265137,8.899999618530273,1322
2019-07-01,8.950559616088867,9.119999885559082,9.140000343322754,8.880000114440918,9.0,9237
2019-07-02,9.107585906982422,9.279999732971191,9.579999923706055,9.119999885559082,9.119999885559082,5835
2019-07-03,9.69643783569336,9.880000114440918,9.899999618530273,9.5,9.899999618530273,13778
2019-07-04,9.676809310913086,9.859999656677246,9.880000114440918,8.819999694824219,8.819999694824219,10280
2019-07-05,9.617924690246582,9.800000190734863,9.899999618530273,9.65999984741211,9.859999656677246,4548
2019-07-08,9.676809310913086,9.859999656677246,9.9399995803833,9.859999656677246,9.9399995803833,1290
2019-07-09,9.617924690246582,9.800000190734863,9.859999656677246,9.539999961853027,9.859999656677246,2247
2019-07-10,9.774950981140137,9.960000038146973,9.960000038146973,9.800000190734863,9.9399995803833,504
2019-07-11,9.559039115905762,9.739999771118164,9.9399995803833,9.699999809265137,9.9399995803833,1547
2019-07-12,9.617924690246582,9.800000190734863,9.800000190734863,9.699999809265137,9.720000267028809,1458
2019-07-15,9.637553215026855,9.819999694824219,9.979999542236328,9.800000190734863,9.979999542236328,683
2019-07-16,9.441268920898438,9.619999885559082,9.899999618530273,9.5,9.899999618530273,3899
2019-07-17,9.519783020019531,9.699999809265137,9.84000015258789,9.699999809265137,9.84000015258789,1490
2019-07-18,9.617924690246582,9.800000190734863,9.960000038146973,9.5600004196167,9.760000228881836,2909
2019-07-19,9.617924690246582,9.800000190734863,9.920000076293945,9.779999732971191,9.819999694824219,2390
2019-07-22,9.735695838928223,9.920000076293945,9.920000076293945,9.800000190734863,9.819999694824219,6077
2019-07-23,9.71606731414795,9.899999618530273,9.899999618530273,9.800000190734863,9.819999694824219,3636
2019-07-24,9.637553215026855,9.819999694824219,10.100000381469727,9.819999694824219,9.899999618530273,4178
2019-07-25,9.774950981140137,9.960000038146973,9.960000038146973,9.800000190734863,9.960000038146973,788
2019-07-26,9.71606731414795,9.899999618530273,9.960000038146973,9.859999656677246,9.960000038146973,394
2019-07-29,9.71606731414795,9.899999618530273,9.899999618530273,9.800000190734863,9.899999618530273,2127
2019-07-30,9.71606731414795,9.899999618530273,9.899999618530273,9.699999809265137,9.899999618530273,557
2019-07-31,9.539411544799805,9.720000267028809,9.899999618530273,9.699999809265137,9.899999618530273,1259
2019-08-01,9.539411544799805,9.720000267028809,9.739999771118164,9.5,9.699999809265137,5490
2019-08-02,9.598296165466309,9.779999732971191,9.779999732971191,9.479999542236328,9.720000267028809,3662
2019-08-05,9.519783020019531,9.699999809265137,9.779999732971191,9.600000381469727,9.779999732971191,881
2019-08-06,9.500155448913574,9.680000305175781,9.699999809265137,9.300000190734863,9.699999809265137,2233
2019-08-07,9.460897445678711,9.640000343322754,9.720000267028809,9.600000381469727,9.699999809265137,3929
2019-08-08,9.382384300231934,9.5600004196167,9.640000343322754,9.199999809265137,9.640000343322754,2982
2019-08-09,9.559039115905762,9.739999771118164,9.819999694824219,9.359999656677246,9.5,4950
2019-08-12,9.578667640686035,9.760000228881836,10.600000381469727,9.739999771118164,9.899999618530273,9222
2019-08-13,10.452131271362305,10.649999618530273,11.100000381469727,10.300000190734863,10.75,33511
2019-08-14,10.255847930908203,10.449999809265137,10.75,10.25,10.649999618530273,16783
2019-08-15,10.010492324829102,10.199999809265137,10.449999809265137,10.199999809265137,10.449999809265137,2077
2019-08-16,10.20677661895752,10.399999618530273,10.550000190734863,10.100000381469727,10.350000381469727,7645
2019-08-19,11.090056419372559,11.300000190734863,11.550000190734863,10.5,10.5,32526
2019-08-20,11.973334312438965,12.199999809265137,12.850000381469727,11.399999618530273,11.449999809265137,32081
2019-08-21,12.26776123046875,12.5,12.949999809265137,12.300000190734863,12.300000190734863,208873
2019-08-22,11.973334312438965,12.199999809265137,12.75,11.75,12.600000381469727,25542
2019-08-23,11.335411071777344,11.550000190734863,12.0,11.100000381469727,12.0,38287
2019-08-26,11.924263000488281,12.149999618530273,12.350000381469727,10.899999618530273,11.0,57056
2019-08-27,11.777050971984863,12.0,12.800000190734863,11.850000381469727,12.5,71652
2019-08-28,11.18819808959961,11.399999618530273,12.25,10.899999618530273,12.25,63217
2019-08-29,11.482624053955078,11.699999809265137,11.699999809265137,11.050000190734863,11.449999809265137,29991
2019-08-30,11.384482383728027,11.600000381469727,11.949999809265137,11.5,11.800000190734863,24146
2019-09-02,10.795629501342773,11.0,11.449999809265137,10.600000381469727,11.449999809265137,28284
2019-09-03,10.059563636779785,10.25,11.0,9.899999618530273,11.0,34648
2019-09-04,9.69643783569336,9.880000114440918,10.25,9.600000381469727,10.25,29925
2019-09-05,9.91235065460205,10.100000381469727,10.25,9.84000015258789,9.880000114440918,11272
2019-09-06,10.452131271362305,10.649999618530273,10.649999618530273,10.050000190734863,10.149999618530273,13469
2019-09-09,10.452131271362305,10.649999618530273,10.75,9.84000015258789,10.100000381469727,25032
2019-09-10,10.403060913085938,10.600000381469727,10.949999809265137,10.350000381469727,10.600000381469727,6116
2019-09-11,10.648416519165039,10.850000381469727,10.899999618530273,10.699999809265137,10.800000190734863,1664
2019-09-12,10.599345207214355,10.800000190734863,10.899999618530273,10.350000381469727,10.850000381469727,2927
2019-09-13,10.20677661895752,10.399999618530273,10.75,10.149999618530273,10.600000381469727,18341
2019-09-16,9.814208984375,10.0,10.300000190734863,9.979999542236328,10.300000190734863,10661
2019-09-17,10.108634948730469,10.300000190734863,10.350000381469727,9.859999656677246,9.979999542236328,12842
2019-09-18,10.20677661895752,10.399999618530273,10.449999809265137,10.050000190734863,10.300000190734863,3937
2019-09-19,10.20677661895752,10.399999618530273,10.399999618530273,10.149999618530273,10.399999618530273,2792
2019-09-20,10.403060913085938,10.600000381469727,10.600000381469727,10.050000190734863,10.399999618530273,6285
2019-09-23,10.35399055480957,10.550000190734863,11.199999809265137,10.399999618530273,10.75,7191
2019-09-24,10.35399055480957,10.550000190734863,10.600000381469727,10.149999618530273,10.550000190734863,3552
2019-09-25,10.452131271362305,10.649999618530273,10.649999618530273,10.100000381469727,10.649999618530273,3507
2019-09-26,10.35399055480957,10.550000190734863,10.699999809265137,10.25,10.649999618530273,2963
2019-09-27,10.157706260681152,10.350000381469727,10.649999618530273,10.199999809265137,10.600000381469727,5262
2019-09-30,10.157706260681152,10.350000381469727,10.350000381469727,9.979999542236328,10.300000190734863,13883
2019-10-01,9.863280296325684,10.050000190734863,10.350000381469727,10.050000190734863,10.350000381469727,2968
2019-10-02,9.814208984375,10.0,10.100000381469727,9.960000038146973,10.050000190734863,9612
2019-10-03,9.735695838928223,9.920000076293945,10.100000381469727,9.920000076293945,10.0,10365
2019-10-04,9.814208984375,10.0,10.100000381469727,9.619999885559082,9.899999618530273,17667
2019-10-07,9.578667640686035,9.760000228881836,10.050000190734863,9.65999984741211,10.0,1671
2019-10-08,9.068328857421875,9.239999771118164,9.779999732971191,9.199999809265137,9.680000305175781,9327
2019-10-09,9.009444236755371,9.180000305175781,9.300000190734863,9.180000305175781,9.260000228881836,3547
2019-10-10,9.225356101989746,9.399999618530273,9.399999618530273,9.180000305175781,9.260000228881836,5507
2019-10-11,9.225356101989746,9.399999618530273,9.5,9.180000305175781,9.5,2553
2019-10-14,9.048701286315918,9.220000267028809,9.460000038146973,9.15999984741211,9.460000038146973,2710
2019-10-15,9.127214431762695,9.300000190734863,9.300000190734863,9.180000305175781,9.199999809265137,3003
2019-10-16,9.539411544799805,9.720000267028809,9.899999618530273,9.319999694824219,9.399999618530273,2920
2019-10-17,9.24498462677002,9.420000076293945,9.720000267028809,9.380000114440918,9.600000381469727,6214
2019-10-18,9.303869247436523,9.479999542236328,9.5,9.399999618530273,9.420000076293945,4035
2019-10-21,9.205726623535156,9.380000114440918,9.479999542236328,9.300000190734863,9.460000038146973,1670
2019-10-22,9.657181739807129,9.84000015258789,9.84000015258789,9.319999694824219,9.5,2359
2019-10-23,9.421639442443848,9.600000381469727,9.819999694824219,9.539999961853027,9.819999694824219,692
2019-10-24,9.657181739807129,9.84000015258789,9.899999618530273,9.520000457763672,9.720000267028809,4809
2019-10-25,9.559039115905762,9.739999771118164,10.0,9.619999885559082,9.920000076293945,5910
2019-10-28,9.814208984375,10.0,10.300000190734863,9.739999771118164,9.979999542236328,6168
2019-10-29,9.79457950592041,9.979999542236328,10.149999618530273,9.800000190734863,9.800000190734863,5284
2019-10-30,9.71606731414795,9.899999618530273,10.0,9.859999656677246,9.979999542236328,4068
2019-10-31,9.69643783569336,9.880000114440918,10.149999618530273,9.579999923706055,9.579999923706055,2650
2019-11-01,9.69643783569336,9.880000114440918,9.880000114440918,9.880000114440918,9.880000114440918,0
2019-11-04,10.059563636779785,10.25,10.449999809265137,9.899999618530273,9.899999618530273,4504
2019-11-05,10.157706260681152,10.350000381469727,10.350000381469727,10.100000381469727,10.300000190734863,5678
2019-11-06,10.20677661895752,10.399999618530273,10.600000381469727,10.100000381469727,10.399999618530273,3490
2019-11-07,10.108634948730469,10.300000190734863,10.399999618530273,10.199999809265137,10.399999618530273,4274
2019-11-08,9.814208984375,10.0,10.25,9.899999618530273,10.25,10468
2019-11-11,9.814208984375,10.0,10.100000381469727,9.819999694824219,10.100000381469727,3551
2019-11-12,9.774950981140137,9.960000038146973,10.050000190734863,9.899999618530273,10.050000190734863,1671
2019-11-13,9.814208984375,10.0,10.100000381469727,9.880000114440918,10.100000381469727,2721
2019-11-14,10.452131271362305,10.649999618530273,11.050000190734863,10.149999618530273,10.149999618530273,50769
2019-11-15,10.452131271362305,10.649999618530273,10.800000190734863,10.25,10.75,31433
2019-11-18,10.20677661895752,10.399999618530273,10.75,10.350000381469727,10.699999809265137,12950
2019-11-19,10.304920196533203,10.5,10.5,10.300000190734863,10.399999618530273,4199
2019-11-20,10.35399055480957,10.550000190734863,10.600000381469727,10.25,10.5,7390
2019-11-21,10.35399055480957,10.550000190734863,10.550000190734863,10.350000381469727,10.550000190734863,6361
2019-11-22,10.35399055480957,10.550000190734863,10.550000190734863,10.399999618530273,10.550000190734863,3354
2019-11-25,10.20677661895752,10.399999618530273,10.600000381469727,10.399999618530273,10.600000381469727,3784
2019-11-26,10.010492324829102,10.199999809265137,10.5,10.199999809265137,10.449999809265137,1785
2019-11-27,10.255847930908203,10.449999809265137,10.449999809265137,10.25,10.25,2925
2019-11-28,10.157706260681152,10.350000381469727,10.449999809265137,10.300000190734863,10.399999618530273,1215
2019-11-29,10.304920196533203,10.5,10.550000190734863,10.350000381469727,10.5,6153
2019-12-02,10.108634948730469,10.300000190734863,10.5,10.300000190734863,10.5,929
2019-12-03,10.059563636779785,10.25,10.449999809265137,10.199999809265137,10.350000381469727,2331
2019-12-04,9.961421966552734,10.149999618530273,10.449999809265137,10.100000381469727,10.399999618530273,4001
2019-12-05,10.20677661895752,10.399999618530273,10.449999809265137,10.300000190734863,10.350000381469727,13753
2019-12-09,10.20677661895752,10.399999618530273,10.800000190734863,10.399999618530273,10.5,5017
2019-12-10,10.010492324829102,10.199999809265137,10.399999618530273,10.199999809265137,10.399999618530273,6028
2019-12-11,11.18819808959961,11.399999618530273,11.649999618530273,10.699999809265137,11.0,68754
2019-12-12,11.433552742004395,11.649999618530273,12.300000190734863,11.5,11.699999809265137,28012
2019-12-13,10.893771171569824,11.100000381469727,11.5,11.0,11.5,15912
2019-12-16,10.795629501342773,11.0,11.100000381469727,10.949999809265137,11.100000381469727,4280
2019-12-17,10.942842483520508,11.149999618530273,11.25,11.0,11.100000381469727,1890
2019-12-18,10.893771171569824,11.100000381469727,11.149999618530273,10.949999809265137,11.149999618530273,3961
2019-12-19,10.844700813293457,11.050000190734863,11.149999618530273,10.800000190734863,11.0,3424
2019-12-20,10.893771171569824,11.100000381469727,11.100000381469727,10.899999618530273,11.0,5980
2019-12-23,10.893771171569824,11.100000381469727,11.100000381469727,10.899999618530273,11.050000190734863,5139
2019-12-27,10.893771171569824,11.100000381469727,11.399999618530273,11.0,11.100000381469727,4870
2019-12-30,11.237268447875977,11.449999809265137,11.5,11.199999809265137,11.350000381469727,7783
2020-01-02,11.580765724182129,11.800000190734863,12.300000190734863,11.649999618530273,11.649999618530273,20521
2020-01-03,11.580765724182129,11.800000190734863,12.050000190734863,11.449999809265137,12.050000190734863,9241
2020-01-07,11.72797966003418,11.949999809265137,12.100000381469727,11.800000190734863,11.800000190734863,7571
2020-01-08,11.87519359588623,12.100000381469727,12.199999809265137,11.800000190734863,11.899999618530273,15467
2020-01-09,12.26776123046875,12.5,12.699999809265137,12.149999618530273,12.149999618530273,19329
2020-01-10,12.26776123046875,12.5,12.649999618530273,12.350000381469727,12.649999618530273,7144
2020-01-13,12.1205472946167,12.350000381469727,12.649999618530273,12.25,12.600000381469727,14185
2020-01-14,12.513115882873535,12.75,13.050000190734863,12.050000190734863,12.350000381469727,10719
2020-01-15,12.709400177001953,12.949999809265137,13.149999618530273,12.550000190734863,12.800000190734863,14876
2020-01-16,13.052897453308105,13.300000190734863,13.350000381469727,12.600000381469727,12.899999618530273,9362
2020-01-17,13.151039123535156,13.399999618530273,13.449999809265137,13.149999618530273,13.350000381469727,20813
2020-01-20,13.052897453308105,13.300000190734863,13.449999809265137,13.300000190734863,13.449999809265137,8476
2020-01-21,13.298253059387207,13.550000190734863,13.550000190734863,13.300000190734863,13.399999618530273,10816
2020-01-22,13.592679023742676,13.850000381469727,13.899999618530273,13.550000190734863,13.600000381469727,6580
2020-01-23,13.151039123535156,13.399999618530273,13.949999809265137,13.399999618530273,13.850000381469727,9974
2020-01-24,13.249181747436523,13.5,13.949999809265137,13.5,13.550000190734863,7041
2020-01-27,13.200111389160156,13.449999809265137,13.699999809265137,13.300000190734863,13.550000190734863,7491
2020-01-28,13.887105941772461,14.149999618530273,14.649999618530273,13.449999809265137,13.449999809265137,17373
2020-01-29,13.838034629821777,14.100000381469727,14.399999618530273,13.850000381469727,14.149999618530273,43993
2020-01-30,14.475957870483398,14.75,14.850000381469727,14.0,14.300000190734863,23611
2020-01-31,14.475957870483398,14.75,15.350000381469727,14.699999809265137,14.800000190734863,11729
2020-02-03,14.083389282226562,14.350000381469727,14.850000381469727,14.199999809265137,14.75,7934
2020-02-04,13.936175346374512,14.199999809265137,14.300000190734863,14.0,14.300000190734863,10194
2020-02-05,13.690821647644043,13.949999809265137,14.149999618530273,13.899999618530273,14.100000381469727,9516
2020-02-06,14.034318923950195,14.300000190734863,14.350000381469727,13.949999809265137,14.0,4164
2020-02-07,13.936175346374512,14.199999809265137,14.399999618530273,14.0,14.199999809265137,9700
2020-02-10,13.73989200592041,14.0,14.25,13.649999618530273,14.149999618530273,13996
2020-02-11,13.298253059387207,13.550000190734863,13.949999809265137,13.449999809265137,13.899999618530273,17334
2020-02-12,13.838034629821777,14.100000381469727,14.399999618530273,13.399999618530273,13.949999809265137,13801
2020-02-13,14.230603218078613,14.5,14.600000381469727,13.800000190734863,14.149999618530273,21092
2020-02-14,13.543607711791992,13.800000190734863,14.100000381469727,11.949999809265137,13.449999809265137,46414
2020-02-17,14.034318923950195,14.300000190734863,15.0,14.199999809265137,14.199999809265137,41575
2020-02-18,13.936175346374512,14.199999809265137,14.449999809265137,14.050000190734863,14.399999618530273,9937
2020-02-19,14.328744888305664,14.600000381469727,14.800000190734863,14.149999618530273,14.149999618530273,5742
2020-02-20,14.034318923950195,14.300000190734863,14.949999809265137,14.300000190734863,14.75,8376
2020-02-21,13.838034629821777,14.100000381469727,14.649999618530273,14.100000381469727,14.350000381469727,7340
2020-02-24,13.34732437133789,13.600000381469727,14.100000381469727,12.149999618530273,14.100000381469727,31804
2020-02-25,12.758471488952637,13.0,13.550000190734863,12.949999809265137,13.350000381469727,21231
2020-02-26,12.611258506774902,12.850000381469727,13.100000381469727,12.0,12.5,43598
2020-02-27,12.169618606567383,12.399999618530273,13.149999618530273,12.350000381469727,13.0,17459
2020-02-28,11.629837036132812,11.850000381469727,12.300000190734863,11.5,11.949999809265137,41102
2020-03-02,12.513115882873535,12.75,13.949999809265137,12.350000381469727,12.399999618530273,37441
2020-03-03,13.200111389160156,13.449999809265137,13.600000381469727,12.949999809265137,12.949999809265137,29836
2020-03-04,13.249181747436523,13.5,13.850000381469727,13.300000190734863,13.550000190734863,20761
2020-03-05,12.80754280090332,13.050000190734863,13.800000190734863,12.850000381469727,13.550000190734863,8680
2020-03-06,12.26776123046875,12.5,12.899999618530273,12.100000381469727,12.899999618530273,37039
2020-03-09,11.973334312438965,12.199999809265137,12.25,11.5,11.800000190734863,29896
2020-03-10,12.1205472946167,12.350000381469727,12.600000381469727,12.050000190734863,12.25,13602
2020-03-11,11.924263000488281,12.149999618530273,12.800000190734863,11.600000381469727,12.399999618530273,16085
2020-03-12,10.550273895263672,10.75,11.5,10.75,11.5,35059
2020-03-13,10.697487831115723,10.899999618530273,11.699999809265137,10.600000381469727,10.649999618530273,25249
2020-03-16,10.599345207214355,10.800000190734863,10.800000190734863,10.050000190734863,10.5,34738
2020-03-17,11.040984153747559,11.25,11.300000190734863,10.5,10.800000190734863,11423
2020-03-18,10.746559143066406,10.949999809265137,11.699999809265137,10.649999618530273,10.899999618530273,23505
2020-03-19,10.403060913085938,10.600000381469727,11.149999618530273,10.449999809265137,11.0,14787
2020-03-20,10.20677661895752,10.399999618530273,11.649999618530273,10.100000381469727,11.649999618530273,71915
2020-03-23,10.20677661895752,10.399999618530273,10.800000190734863,10.0,10.300000190734863,18721
2020-03-24,10.501203536987305,10.699999809265137,10.949999809265137,10.5,10.850000381469727,20672
2020-03-25,10.893771171569824,11.100000381469727,11.449999809265137,10.800000190734863,10.899999618530273,15191
2020-03-26,14.034318923950195,14.300000190734863,14.300000190734863,12.5,13.0,93566
2020-03-27,13.887105941772461,14.149999618530273,14.800000190734863,13.699999809265137,14.600000381469727,42201
2020-03-30,13.73989200592041,14.0,14.5,13.5,14.050000190734863,20693
2020-03-31,14.525028228759766,14.800000190734863,14.949999809265137,14.0,14.100000381469727,68351
2020-04-01,16.09530258178711,16.399999618530273,16.700000762939453,15.649999618530273,15.649999618530273,45311
2020-04-02,16.487871170043945,16.799999237060547,17.049999237060547,16.149999618530273,16.299999237060547,20827
2020-04-03,16.193443298339844,16.5,17.149999618530273,16.350000381469727,16.700000762939453,13920
2020-04-06,17.518362045288086,17.850000381469727,17.950000762939453,16.450000762939453,16.450000762939453,37201
2020-04-07,17.429485321044922,17.649999618530273,18.950000762939453,17.450000762939453,17.899999618530273,17089
2020-04-08,17.478862762451172,17.700000762939453,18.299999237060547,17.649999618530273,17.649999618530273,24076
2020-04-09,17.52823829650879,17.75,18.100000381469727,17.649999618530273,18.0,8917
2020-04-14,18.367618560791016,18.600000381469727,18.950000762939453,17.700000762939453,17.799999237060547,25391
2020-04-15,17.429485321044922,17.649999618530273,18.899999618530273,17.5,18.649999618530273,22535
2020-04-16,17.775115966796875,18.0,18.450000762939453,17.350000381469727,17.899999618530273,9572
2020-04-17,18.76262092590332,19.0,19.799999237060547,18.100000381469727,18.100000381469727,23887
2020-04-20,18.861370086669922,19.100000381469727,19.299999237060547,18.350000381469727,18.899999618530273,8553
2020-04-21,18.3182430267334,18.549999237060547,19.200000762939453,18.549999237060547,19.200000762939453,4771
2020-04-22,19.207000732421875,19.450000762939453,19.799999237060547,19.0,19.0,14483
2020-04-23,19.7501277923584,20.0,20.700000762939453,19.450000762939453,19.450000762939453,19754
2020-04-24,19.7501277923584,20.0,20.200000762939453,19.649999618530273,20.0,14039
2020-04-27,20.540132522583008,20.799999237060547,21.399999618530273,20.0,20.0,22573
2020-04-28,21.527639389038086,21.799999237060547,22.399999618530273,21.200000762939453,21.299999237060547,16263
2020-04-29,20.737634658813477,21.0,22.0,20.700000762939453,22.0,9662
2020-04-30,20.243879318237305,20.5,21.700000762939453,20.0,21.100000381469727,12342
2020-05-04,19.503250122070312,19.75,20.200000762939453,19.25,20.200000762939453,13249
2020-05-05,19.848878860473633,20.100000381469727,20.600000381469727,19.899999618530273,20.0,5025
2020-05-06,19.947628021240234,20.200000762939453,21.200000762939453,20.200000762939453,20.5,3341
2020-05-07,19.25637435913086,19.5,20.600000381469727,19.450000762939453,20.200000762939453,12222
2020-05-08,19.947628021240234,20.200000762939453,20.399999618530273,19.649999618530273,19.649999618530273,6848
2020-05-11,20.34263038635254,20.600000381469727,20.600000381469727,20.399999618530273,20.5,3974
2020-05-12,20.540132522583008,20.799999237060547,20.899999618530273,20.5,20.600000381469727,6117
2020-05-13,20.34263038635254,20.600000381469727,20.799999237060547,20.200000762939453,20.799999237060547,7321
2020-05-14,20.737634658813477,21.0,21.0,20.600000381469727,20.600000381469727,15550
2020-05-15,21.231386184692383,21.5,21.799999237060547,20.700000762939453,21.0,12400
2020-05-18,21.922639846801758,22.200000762939453,22.299999237060547,21.600000381469727,21.799999237060547,59043
2020-05-19,22.317644119262695,22.600000381469727,23.299999237060547,22.299999237060547,22.299999237060547,9391
2020-05-20,21.823890686035156,22.100000381469727,23.0,22.0,23.0,106077
2020-05-22,21.13263511657715,21.399999618530273,22.299999237060547,21.200000762939453,22.0,8954
2020-05-25,21.725139617919922,22.0,22.100000381469727,21.600000381469727,22.100000381469727,2708
2020-05-26,21.330137252807617,21.600000381469727,22.0,21.5,22.0,5784
2020-05-27,20.83638572692871,21.100000381469727,21.600000381469727,20.600000381469727,21.299999237060547,17643
2020-05-28,20.737634658813477,21.0,21.5,20.799999237060547,20.899999618530273,10089
2020-05-29,21.231386184692383,21.5,21.799999237060547,20.799999237060547,20.799999237060547,5496
2020-06-01,21.527639389038086,21.799999237060547,22.0,21.0,21.600000381469727,3311
2020-06-02,21.626388549804688,21.899999618530273,21.899999618530273,21.399999618530273,21.799999237060547,7313
2020-06-03,21.231386184692383,21.5,22.0,21.399999618530273,21.899999618530273,4457
2020-06-04,20.737634658813477,21.0,21.700000762939453,20.700000762939453,21.600000381469727,9166
2020-06-05,20.83638572692871,21.100000381469727,21.299999237060547,20.600000381469727,21.100000381469727,5452
2020-06-08,20.243879318237305,20.5,21.200000762939453,20.5,21.0,5691
2020-06-09,20.04637908935547,20.299999237060547,20.799999237060547,19.5,20.600000381469727,7838
2020-06-10,19.947628021240234,20.200000762939453,20.5,19.700000762939453,20.299999237060547,8119
2020-06-11,19.55262565612793,19.799999237060547,20.200000762939453,19.399999618530273,20.200000762939453,11254
2020-06-12,19.602001190185547,19.850000381469727,20.600000381469727,18.149999618530273,19.100000381469727,11858
2020-06-15,19.848878860473633,20.100000381469727,20.5,18.700000762939453,19.75,7246
2020-06-16,20.83638572692871,21.100000381469727,21.299999237060547,20.399999618530273,20.399999618530273,9463
2020-06-17,20.93513298034668,21.200000762939453,21.5,21.100000381469727,21.299999237060547,6466
2020-06-18,21.13263511657715,21.399999618530273,21.5,21.100000381469727,21.399999618530273,4279
2020-06-22,21.033884048461914,21.299999237060547,21.5,21.0,21.5,5769
2020-06-23,22.712646484375,23.0,23.5,21.100000381469727,21.5,53698
2020-06-24,22.51514434814453,22.799999237060547,23.600000381469727,22.700000762939453,23.0,9072
2020-06-25,21.922639846801758,22.200000762939453,22.799999237060547,21.700000762939453,22.799999237060547,7243
2020-06-26,22.51514434814453,22.799999237060547,23.0,22.399999618530273,22.399999618530273,2771
2020-06-29,22.021390914916992,22.299999237060547,22.700000762939453,21.600000381469727,22.600000381469727,4385
2020-06-30,21.231386184692383,21.5,22.799999237060547,21.200000762939453,22.299999237060547,13243
2020-07-01,20.638883590698242,20.899999618530273,21.899999618530273,20.5,21.600000381469727,7947
2020-07-02,21.527639389038086,21.799999237060547,21.799999237060547,20.5,21.100000381469727,11915
2020-07-03,21.13263511657715,21.399999618530273,21.799999237060547,21.0,21.799999237060547,6395
2020-07-06,22.120141983032227,22.399999618530273,22.399999618530273,21.5,22.100000381469727,9072
2020-07-07,21.922639846801758,22.200000762939453,22.399999618530273,21.700000762939453,22.399999618530273,4145
2020-07-08,21.626388549804688,21.899999618530273,22.200000762939453,21.600000381469727,22.200000762939453,2513
2020-07-09,21.231386184692383,21.5,22.0,21.5,21.899999618530273,2402
2020-07-10,21.626388549804688,21.899999618530273,21.899999618530273,21.200000762939453,21.799999237060547,3068
2020-07-13,21.231386184692383,21.5,22.299999237060547,21.399999618530273,21.899999618530273,13814
2020-07-14,21.42888832092285,21.700000762939453,21.899999618530273,21.200000762939453,21.600000381469727,4839
2020-07-15,21.13263511657715,21.399999618530273,22.0,21.200000762939453,21.600000381469727,5042
2020-07-16,21.13263511657715,21.399999618530273,21.700000762939453,21.0,21.700000762939453,2927
2020-07-17,21.033884048461914,21.299999237060547,21.5,21.100000381469727,21.399999618530273,3334
2020-07-20,21.922639846801758,22.200000762939453,22.899999618530273,21.100000381469727,21.299999237060547,14008
2020-07-21,22.811397552490234,23.100000381469727,23.5,22.0,22.200000762939453,11773
2020-07-22,22.811397552490234,23.100000381469727,23.299999237060547,22.5,22.899999618530273,4940
2020-07-23,24.09515380859375,24.399999618530273,24.399999618530273,23.299999237060547,23.399999618530273,16919
2020-07-24,25.6751651763916,26.0,27.799999237060547,23.200000762939453,24.399999618530273,16082
2020-07-27,25.477663040161133,25.799999237060547,26.0,24.600000381469727,25.899999618530273,21739
2020-07-28,25.181411743164062,25.5,26.399999618530273,25.299999237060547,25.899999618530273,5194
2020-07-29,24.09515380859375,24.399999618530273,25.5,24.299999237060547,25.5,4389
2020-07-30,23.00889778137207,23.299999237060547,24.899999618530273,23.0,24.399999618530273,8135
2020-07-31,23.700153350830078,24.0,24.700000762939453,23.299999237060547,23.299999237060547,3223
2020-08-03,24.687658309936523,25.0,25.200000762939453,23.299999237060547,25.0,12349
2020-08-04,25.181411743164062,25.5,25.5,24.600000381469727,24.899999618530273,4534
2020-08-05,25.6751651763916,26.0,26.0,25.0,25.5,10217
2020-08-06,25.576414108276367,25.899999618530273,27.100000381469727,25.5,26.0,15155
2020-08-07,27.551427841186523,27.899999618530273,28.5,26.100000381469727,26.799999237060547,17369
2020-08-10,28.2426815032959,28.600000381469727,29.799999237060547,28.0,28.0,30498
2020-08-11,28.440183639526367,28.799999237060547,29.600000381469727,28.799999237060547,29.0,23724
2020-08-12,30.118942260742188,30.5,30.600000381469727,28.299999237060547,28.799999237060547,44528
2020-08-13,31.40270233154297,31.799999237060547,31.899999618530273,30.100000381469727,30.600000381469727,30647
2020-08-14,33.377716064453125,33.79999923706055,34.0,32.0,33.0,60407
2020-08-17,30.810197830200195,31.200000762939453,33.29999923706055,30.700000762939453,33.29999923706055,30772
2020-08-18,29.62519073486328,30.0,31.700000762939453,29.799999237060547,31.100000381469727,24042
2020-08-19,29.328937530517578,29.700000762939453,30.5,29.5,29.899999618530273,8030
2020-08-20,29.230186462402344,29.600000381469727,30.299999237060547,29.5,29.5,10662
2020-08-21,29.62519073486328,30.0,30.700000762939453,29.600000381469727,29.600000381469727,10904
2020-08-24,31.106449127197266,31.5,32.20000076293945,30.299999237060547,30.600000381469727,19865
2020-08-25,31.50145149230957,31.899999618530273,32.0,30.799999237060547,31.899999618530273,17799
2020-08-26,30.90894889831543,31.299999237060547,32.0,31.100000381469727,32.0,15697
2020-08-27,30.711448669433594,31.100000381469727,31.399999618530273,30.600000381469727,31.100000381469727,12909
2020-08-28,30.217693328857422,30.600000381469727,31.100000381469727,30.5,31.100000381469727,5818
2020-08-31,30.61269760131836,31.0,31.399999618530273,30.5,30.600000381469727,34295
2020-09-01,30.61269760131836,31.0,31.399999618530273,30.5,30.899999618530273,13542
2020-09-02,30.810197830200195,31.200000762939453,31.799999237060547,30.799999237060547,31.799999237060547,8899
2020-09-03,30.513946533203125,30.899999618530273,31.600000381469727,29.899999618530273,31.600000381469727,8638
2020-09-04,29.03268814086914,29.399999618530273,30.399999618530273,29.299999237060547,29.899999618530273,19255
2020-09-07,29.62519073486328,30.0,30.399999618530273,29.399999618530273,29.399999618530273,7653
2020-09-08,28.835186004638672,29.200000762939453,30.299999237060547,28.799999237060547,30.200000762939453,15308
2020-09-09,28.736434936523438,29.100000381469727,29.299999237060547,28.100000381469727,29.100000381469727,23639
2020-09-10,28.835186004638672,29.200000762939453,29.399999618530273,28.799999237060547,29.200000762939453,6720
2020-09-11,28.2426815032959,28.600000381469727,29.200000762939453,28.299999237060547,29.200000762939453,7543
2020-09-14,29.230186462402344,29.600000381469727,29.700000762939453,28.100000381469727,28.100000381469727,23786
2020-09-15,29.62519073486328,30.0,30.399999618530273,29.100000381469727,29.5,15085
2020-09-16,29.131437301635742,29.5,30.700000762939453,29.5,29.700000762939453,9451
2020-09-17,28.933937072753906,29.299999237060547,29.399999618530273,28.799999237060547,29.399999618530273,5812
2020-09-18,29.230186462402344,29.600000381469727,29.700000762939453,28.899999618530273,29.100000381469727,7294
2020-09-21,28.933937072753906,29.299999237060547,29.299999237060547,28.5,29.299999237060547,11936
2020-09-22,28.637683868408203,29.0,29.899999618530273,28.600000381469727,28.700000762939453,12970
2020-09-23,29.82269287109375,30.200000762939453,30.5,29.200000762939453,29.399999618530273,7771
2020-09-24,29.62519073486328,30.0,30.200000762939453,29.100000381469727,30.200000762939453,7686
2020-09-25,30.217693328857422,30.600000381469727,30.600000381469727,29.799999237060547,30.5,8048
2020-09-28,30.90894889831543,31.299999237060547,31.899999618530273,30.600000381469727,30.700000762939453,18652
2020-09-29,31.698951721191406,32.099998474121094,32.5,31.200000762939453,31.299999237060547,34322
2020-09-30,33.47646713256836,33.900001525878906,33.900001525878906,31.399999618530273,32.099998474121094,18240
2020-10-01,32.587711334228516,33.0,33.900001525878906,32.599998474121094,33.900001525878906,5718
2020-10-02,33.08146286010742,33.5,33.5,31.799999237060547,32.900001525878906,13272
2020-10-05,33.47646713256836,33.900001525878906,34.0,33.5,33.599998474121094,8014
2020-10-06,32.68645477294922,33.099998474121094,34.0,32.099998474121094,33.900001525878906,6565
2020-10-07,31.79770278930664,32.20000076293945,33.099998474121094,31.399999618530273,33.099998474121094,7409
2020-10-08,30.513946533203125,30.899999618530273,32.70000076293945,30.600000381469727,32.599998474121094,16383
2020-10-09,32.09395980834961,32.5,32.70000076293945,30.899999618530273,30.899999618530273,14911
2020-10-12,33.575218200683594,34.0,34.0,31.700000762939453,32.5,18465
2020-10-13,34.36521911621094,34.79999923706055,35.400001525878906,33.400001525878906,34.0,36206
2020-10-14,34.760223388671875,35.20000076293945,35.5,34.0,34.79999923706055,8804
2020-10-15,33.7727165222168,34.20000076293945,35.20000076293945,33.5,35.099998474121094,10702
2020-10-16,33.87146759033203,34.29999923706055,35.0,32.29999923706055,34.5,10085
2020-10-19,34.068973541259766,34.5,34.900001525878906,34.29999923706055,34.5,9267
2020-10-20,33.08146286010742,33.5,34.5,33.0,34.5,18580
2020-10-21,31.303951263427734,31.700000762939453,33.5,31.700000762939453,33.5,17061
2020-10-22,30.61269760131836,31.0,31.899999618530273,30.5,31.899999618530273,14810
2020-10-23,30.61269760131836,31.0,31.600000381469727,30.600000381469727,31.0,16438
2020-10-26,28.637683868408203,29.0,30.899999618530273,29.0,30.899999618530273,27295
2020-10-27,29.526439666748047,29.899999618530273,30.5,29.600000381469727,30.100000381469727,13434
2020-10-28,28.933937072753906,29.299999237060547,30.200000762939453,28.5,30.100000381469727,14456
2020-10-29,30.711448669433594,31.100000381469727,31.5,28.899999618530273,29.100000381469727,18745
2020-10-30,34.562721252441406,35.0,35.0,29.399999618530273,30.700000762939453,14958
2020-11-02,31.40270233154297,31.799999237060547,32.900001525878906,31.399999618530273,32.900001525878906,13278
2020-11-03,31.106449127197266,31.5,32.0,30.600000381469727,32.0,13879
2020-11-04,33.08146286010742,33.5,33.5,30.799999237060547,31.299999237060547,11750
2020-11-05,32.39020919799805,32.79999923706055,33.400001525878906,32.400001525878906,33.400001525878906,12987
2020-11-06,32.29146194458008,32.70000076293945,32.79999923706055,31.700000762939453,32.79999923706055,5431
2020-11-09,31.007699966430664,31.399999618530273,33.20000076293945,31.0,33.20000076293945,13970
2020-11-10,30.316444396972656,30.700000762939453,31.700000762939453,30.399999618530273,31.299999237060547,13102
2020-11-11,30.217693328857422,30.600000381469727,30.700000762939453,29.899999618530273,30.600000381469727,6001
2020-11-12,29.921443939208984,30.299999237060547,31.0,29.899999618530273,30.700000762939453,6310
2020-11-13,30.513946533203125,30.899999618530273,31.299999237060547,30.399999618530273,31.0,6000
2020-11-16,30.118942260742188,30.5,31.200000762939453,30.399999618530273,30.700000762939453,12697
2020-11-17,30.217693328857422,30.600000381469727,31.100000381469727,30.100000381469727,30.5,4989
2020-11-18,29.82269287109375,30.200000762939453,30.799999237060547,29.899999618530273,30.299999237060547,6866
2020-11-19,29.427688598632812,29.799999237060547,30.299999237060547,29.5,30.299999237060547,10190
2020-11-20,29.328937530517578,29.700000762939453,30.399999618530273,29.600000381469727,29.899999618530273,13826
2020-11-23,28.736434936523438,29.100000381469727,29.799999237060547,29.0,29.700000762939453,14443
2020-11-24,29.328937530517578,29.700000762939453,30.0,29.0,29.0,14002
2020-11-25,29.427688598632812,29.799999237060547,30.700000762939453,29.700000762939453,30.0,13601
2020-11-26,29.230186462402344,29.600000381469727,30.399999618530273,29.299999237060547,30.299999237060547,6789
2020-11-27,29.723941802978516,30.100000381469727,30.899999618530273,29.700000762939453,29.799999237060547,16526
2020-11-30,29.82269287109375,30.200000762939453,31.200000762939453,30.0,30.299999237060547,10018
2020-12-01,31.600202560424805,32.0,32.29999923706055,30.100000381469727,30.200000762939453,17909
2020-12-02,31.50145149230957,31.899999618530273,32.70000076293945,31.0,32.0,19311
2020-12-03,32.29146194458008,32.70000076293945,33.20000076293945,31.799999237060547,31.799999237060547,16458
2020-12-04,31.79770278930664,32.20000076293945,32.70000076293945,31.899999618530273,32.70000076293945,5924
2020-12-07,31.99520492553711,32.400001525878906,32.70000076293945,31.799999237060547,32.0,11855
2020-12-08,33.180213928222656,33.599998474121094,33.79999923706055,32.0,32.400001525878906,21087
2020-12-09,33.575218200683594,34.0,34.5,33.20000076293945,34.0,44694
2020-12-10,35.35272979736328,35.79999923706055,35.900001525878906,34.70000076293945,35.5,49028
2020-12-11,36.340232849121094,36.79999923706055,37.5,35.70000076293945,35.79999923706055,23795
2020-12-14,37.32773971557617,37.79999923706055,38.0,37.20000076293945,37.400001525878906,9344
2020-12-15,36.241485595703125,36.70000076293945,38.900001525878906,36.20000076293945,37.900001525878906,9781
2020-12-16,37.722740173339844,38.20000076293945,38.400001525878906,36.70000076293945,36.70000076293945,6873
2020-12-17,38.51274871826172,39.0,39.0,38.29999923706055,38.29999923706055,8407
2020-12-18,39.30275344848633,39.79999923706055,39.79999923706055,39.0,39.0,6726
2020-12-21,38.41400146484375,38.900001525878906,39.599998474121094,37.5,39.599998474121094,12462
2020-12-22,37.52524185180664,38.0,38.900001525878906,37.900001525878906,38.900001525878906,8893
2020-12-23,39.10525131225586,39.599998474121094,39.599998474121094,38.20000076293945,38.400001525878906,5323
2020-12-28,39.40150451660156,39.900001525878906,40.29999923706055,39.599998474121094,39.900001525878906,8332
2020-12-29,38.01899719238281,38.5,40.0,38.29999923706055,40.0,11885
2020-12-30,38.51274871826172,39.0,39.099998474121094,38.400001525878906,38.5,8736
2021-01-04,38.01899719238281,38.5,39.0,37.79999923706055,39.0,10351
2021-01-05,37.722740173339844,38.20000076293945,38.70000076293945,38.0,38.70000076293945,5995
2021-01-07,36.833984375,37.29999923706055,38.400001525878906,37.099998474121094,38.20000076293945,10737
2021-01-08,37.32773971557617,37.79999923706055,38.20000076293945,37.29999923706055,38.0,6557
2021-01-11,36.53773498535156,37.0,38.0,36.29999923706055,37.900001525878906,10709
2021-01-12,37.32773971557617,37.79999923706055,37.900001525878906,37.099998474121094,37.099998474121094,6338
2021-01-13,36.340232849121094,36.79999923706055,38.29999923706055,36.400001525878906,38.20000076293945,10534
2021-01-14,35.64897918701172,36.099998474121094,36.79999923706055,35.599998474121094,36.79999923706055,11081
2021-01-15,35.74772644042969,36.20000076293945,36.900001525878906,36.20000076293945,36.900001525878906,7065
2021-01-18,35.35272979736328,35.79999923706055,36.70000076293945,35.70000076293945,36.0,5688
2021-01-19,35.55023193359375,36.0,36.29999923706055,35.70000076293945,36.20000076293945,7326
2021-01-20,34.760223388671875,35.20000076293945,36.29999923706055,34.900001525878906,36.20000076293945,25630
2021-01-21,35.05647659301758,35.5,35.5,34.5,35.400001525878906,18535
2021-01-22,35.05647659301758,35.5,35.5,34.70000076293945,35.5,12760
2021-01-25,35.25397872924805,35.70000076293945,36.70000076293945,35.099998474121094,35.400001525878906,25956
2021-01-26,35.05647659301758,35.5,35.79999923706055,35.099998474121094,35.79999923706055,6891
2021-01-27,33.575218200683594,34.0,35.599998474121094,33.29999923706055,35.5,33485
2021-01-28,33.180213928222656,33.599998474121094,33.70000076293945,31.200000762939453,33.70000076293945,63256
2021-01-29,34.16771697998047,34.599998474121094,35.0,33.29999923706055,33.70000076293945,20438
2021-02-01,35.15522766113281,35.599998474121094,36.099998474121094,33.79999923706055,34.5,28848
2021-02-02,37.426490783691406,37.900001525878906,37.900001525878906,35.900001525878906,36.099998474121094,13144
2021-02-03,37.13024139404297,37.599998474121094,38.29999923706055,37.099998474121094,37.900001525878906,20509
2021-02-04,37.031490325927734,37.5,38.20000076293945,37.400001525878906,37.70000076293945,8072
2021-02-05,36.9327392578125,37.400001525878906,38.0,37.20000076293945,37.79999923706055,6395
2021-02-08,38.51274871826172,39.0,39.20000076293945,37.400001525878906,37.79999923706055,22245
2021-02-09,38.51274871826172,39.0,39.0,37.5,39.0,13217
2021-02-10,37.722740173339844,38.20000076293945,38.900001525878906,37.5,38.70000076293945,11037
2021-02-11,39.697757720947266,40.20000076293945,40.5,38.0,38.20000076293945,24731
2021-02-12,44.43778610229492,45.0,45.0,41.599998474121094,41.599998474121094,85159
2021-02-15,45.72154235839844,46.29999923706055,48.20000076293945,46.0,46.599998474121094,43342
2021-02-16,46.709049224853516,47.29999923706055,47.29999923706055,46.5,47.099998474121094,14413
2021-02-17,43.845279693603516,44.400001525878906,47.5,44.0,47.5,27229
2021-02-18,44.93153762817383,45.5,47.0,44.29999923706055,44.400001525878906,28424
2021-02-19,42.462772369384766,43.0,44.099998474121094,42.5,42.79999923706055,164166
2021-02-22,41.277767181396484,41.79999923706055,43.099998474121094,41.0,42.900001525878906,66883
2021-02-23,40.98151397705078,41.5,42.5,40.0,42.29999923706055,65069
2021-02-24,41.37651824951172,41.900001525878906,42.79999923706055,41.099998474121094,41.5,23788
2021-02-25,40.586509704589844,41.099998474121094,42.599998474121094,40.5,42.29999923706055,21069
2021-02-26,40.586509704589844,41.099998474121094,42.0,39.599998474121094,40.29999923706055,40995
2021-03-01,41.277767181396484,41.79999923706055,42.20000076293945,41.5,41.79999923706055,18628
2021-03-02,41.277767181396484,41.79999923706055,42.79999923706055,41.5,42.0,25018
2021-03-03,41.277767181396484,41.79999923706055,42.20000076293945,41.099998474121094,42.099998474121094,15723
2021-03-04,40.19151306152344,40.70000076293945,41.400001525878906,40.400001525878906,41.400001525878906,24989
2021-03-05,39.30275344848633,39.79999923706055,40.70000076293945,38.70000076293945,40.29999923706055,52597
2021-03-08,38.71024703979492,39.20000076293945,41.20000076293945,38.900001525878906,40.29999923706055,28879
2021-03-09,40.38901138305664,40.900001525878906,41.20000076293945,38.70000076293945,39.5,13822
2021-03-10,39.40150451660156,39.900001525878906,41.0,39.70000076293945,41.0,12018
2021-03-11,40.19151306152344,40.70000076293945,40.900001525878906,40.400001525878906,40.400001525878906,13032
2021-03-12,39.99401092529297,40.5,40.79999923706055,39.900001525878906,40.599998474121094,8375
2021-03-15,40.48775863647461,41.0,41.5,40.79999923706055,40.900001525878906,10263
2021-03-16,42.5615234375,43.099998474121094,43.400001525878906,41.20000076293945,41.20000076293945,15582
2021-03-17,41.17901611328125,41.70000076293945,43.29999923706055,41.400001525878906,43.29999923706055,9624
2021-03-18,40.48775863647461,41.0,42.29999923706055,40.70000076293945,42.29999923706055,8076
2021-03-19,40.29025650024414,40.79999923706055,41.099998474121094,40.099998474121094,41.099998474121094,5421
2021-03-22,39.5002555847168,40.0,40.79999923706055,39.70000076293945,40.79999923706055,19920
2021-03-23,39.5002555847168,40.0,40.0,39.29999923706055,40.0,12438
2021-03-24,39.599002838134766,40.099998474121094,40.5,39.400001525878906,39.599998474121094,13818
2021-03-25,39.40150451660156,39.900001525878906,40.400001525878906,39.0,40.0,28597
2021-03-26,39.40150451660156,39.900001525878906,40.70000076293945,39.599998474121094,40.0,7165
2021-03-29,39.006500244140625,39.5,40.5,39.20000076293945,40.0,17148
2021-03-30,39.697757720947266,40.20000076293945,40.29999923706055,39.5,39.5,4850
2021-03-31,40.38901138305664,40.900001525878906,41.79999923706055,40.0,40.099998474121094,12340
2021-04-01,41.62339401245117,42.150001525878906,42.5,41.5,41.70000076293945,9426
2021-04-06,42.61090087890625,43.150001525878906,43.54999923706055,42.349998474121094,42.349998474121094,14213
2021-04-07,43.203407287597656,43.75,43.95000076293945,42.900001525878906,43.150001525878906,13839
2021-04-08,45.326541900634766,45.900001525878906,46.0,44.54999923706055,44.54999923706055,26048
2021-04-09,45.42529296875,46.0,46.0,45.25,45.849998474121094,12293
2021-04-12,43.993408203125,44.54999923706055,46.25,44.29999923706055,46.25,11954
2021-04-13,44.832786560058594,45.400001525878906,45.75,44.599998474121094,44.599998474121094,9126
2021-04-14,44.98091506958008,45.54999923706055,45.70000076293945,44.70000076293945,45.54999923706055,11206
2021-04-15,48.9935302734375,49.45000076293945,49.900001525878906,45.5,45.75,71078
2021-04-16,48.34952926635742,48.79999923706055,49.70000076293945,48.650001525878906,49.20000076293945,17840
2021-04-19,47.80460739135742,48.25,49.099998474121094,47.79999923706055,49.04999923706055,24339
2021-04-20,46.070762634277344,46.5,48.29999923706055,46.150001525878906,48.29999923706055,13912
2021-04-21,46.16983413696289,46.599998474121094,48.0,46.0,48.0,9161
2021-04-22,46.56614303588867,47.0,47.349998474121094,46.45000076293945,46.900001525878906,6997
2021-04-23,46.51660919189453,46.95000076293945,48.04999923706055,46.54999923706055,48.0,10803
2021-04-26,45.52583694458008,45.95000076293945,47.099998474121094,45.54999923706055,46.95000076293945,8646
2021-04-27,45.52583694458008,45.95000076293945,46.5,45.400001525878906,45.900001525878906,8585
2021-04-28,44.0396842956543,44.45000076293945,46.900001525878906,44.29999923706055,46.900001525878906,17144
2021-04-29,44.73322296142578,45.150001525878906,46.0,44.29999923706055,44.400001525878906,13785
2021-04-30,44.98091506958008,45.400001525878906,46.25,45.20000076293945,45.20000076293945,11072
2021-05-03,45.72399139404297,46.150001525878906,46.75,45.20000076293945,45.75,14589
2021-05-04,43.99014663696289,44.400001525878906,46.04999923706055,43.849998474121094,46.04999923706055,27563
2021-05-05,44.287376403808594,44.70000076293945,45.900001525878906,43.650001525878906,44.45000076293945,24383
2021-05-06,43.445220947265625,43.849998474121094,45.45000076293945,42.900001525878906,44.70000076293945,20649
2021-05-07,43.34614944458008,43.75,44.650001525878906,43.20000076293945,44.45000076293945,28225
2021-05-10,41.66183853149414,42.04999923706055,44.349998474121094,41.849998474121094,43.79999923706055,29431
2021-05-11,42.50399398803711,42.900001525878906,43.400001525878906,40.75,42.25,36323
2021-05-12,40.918758392333984,41.29999923706055,42.5,40.75,41.75,41912
2021-05-14,41.16645431518555,41.54999923706055,41.95000076293945,39.29999923706055,41.599998474121094,42871
2021-05-17,42.157222747802734,42.54999923706055,42.95000076293945,41.70000076293945,41.70000076293945,19984
2021-05-18,47.30922317504883,47.75,47.75,42.599998474121094,42.599998474121094,79409
2021-05-19,45.32768630981445,45.75,47.70000076293945,44.54999923706055,47.70000076293945,50328
2021-05-20,46.36798858642578,46.79999923706055,47.0,45.45000076293945,45.79999923706055,21897
2021-05-21,46.51660919189453,46.95000076293945,47.0,45.5,46.849998474121094,24969
2021-05-24,47.705528259277344,48.150001525878906,48.29999923706055,46.650001525878906,46.95000076293945,25434
2021-05-25,46.96245574951172,47.400001525878906,48.54999923706055,46.900001525878906,47.5,21402
2021-05-26,45.37722396850586,45.79999923706055,47.400001525878906,45.400001525878906,47.400001525878906,27172
2021-05-27,46.467071533203125,46.900001525878906,46.95000076293945,44.900001525878906,45.79999923706055,208573
2021-05-28,46.91291427612305,47.349998474121094,47.5,46.349998474121094,47.5,18598
2021-05-31,46.467071533203125,46.900001525878906,47.5,46.0,47.5,8236
2021-06-01,46.467071533203125,46.900001525878906,47.349998474121094,46.400001525878906,46.900001525878906,12899
2021-06-02,48.39906692504883,48.849998474121094,49.0,46.150001525878906,46.900001525878906,24499
2021-06-03,46.86337661743164,47.29999923706055,48.900001525878906,45.70000076293945,48.849998474121094,13501
2021-06-04,47.556915283203125,48.0,48.0,46.29999923706055,47.29999923706055,7996
2021-06-07,46.467071533203125,46.900001525878906,47.95000076293945,46.45000076293945,47.0,9771
2021-06-08,46.96245574951172,47.400001525878906,47.849998474121094,46.900001525878906,46.900001525878906,651
2021-06-09,45.77353286743164,46.20000076293945,47.25,46.20000076293945,47.25,4422
2021-06-10,45.6744499206543,46.099998474121094,47.29999923706055,44.650001525878906,47.29999923706055,8833
2021-06-11,45.922142028808594,46.349998474121094,46.75,45.54999923706055,46.150001525878906,2594
2021-06-14,46.41753005981445,46.849998474121094,47.79999923706055,45.849998474121094,47.0,9021
2021-06-15,46.070762634277344,46.5,46.900001525878906,45.04999923706055,46.900001525878906,11932
2021-06-16,45.4267578125,45.849998474121094,46.5,45.0,46.5,14467
2021-06-17,44.23784255981445,44.650001525878906,45.849998474121094,44.45000076293945,45.849998474121094,7954
2021-06-18,43.59383773803711,44.0,45.20000076293945,43.75,45.20000076293945,17896
2021-06-21,42.900299072265625,43.29999923706055,44.0,42.0,44.0,25672
2021-06-22,41.66183853149414,42.04999923706055,43.0,41.599998474121094,43.0,18480
2021-06-23,44.3369140625,44.75,45.099998474121094,41.599998474121094,42.0,27438
2021-06-24,44.3369140625,44.75,44.75,43.45000076293945,44.75,21343
2021-06-28,46.467071533203125,46.900001525878906,46.900001525878906,44.0,44.54999923706055,24719
2021-06-29,45.57537841796875,46.0,46.900001525878906,45.04999923706055,46.900001525878906,12236
2021-06-30,46.81383514404297,47.25,47.5,45.650001525878906,46.650001525878906,17641
2021-07-01,45.97168731689453,46.400001525878906,47.5,45.95000076293945,47.5,6619
2021-07-02,45.57537841796875,46.0,46.0,44.25,45.20000076293945,14445
2021-07-05,45.228607177734375,45.650001525878906,46.0,45.0,46.0,5433
2021-07-06,45.52583694458008,45.95000076293945,46.0,44.75,46.0,13727
2021-07-07,45.07999038696289,45.5,46.849998474121094,45.20000076293945,46.0,8913
2021-07-08,43.841529846191406,44.25,46.25,43.849998474121094,45.54999923706055,9508
2021-07-09,43.791996002197266,44.20000076293945,44.75,44.099998474121094,44.25,8628
2021-07-12,43.841529846191406,44.25,44.79999923706055,44.0,44.20000076293945,6708
2021-07-13,44.43599319458008,44.849998474121094,44.95000076293945,44.04999923706055,44.95000076293945,8735
2021-07-14,44.13875961303711,44.54999923706055,46.45000076293945,44.29999923706055,44.849998474121094,13471
2021-07-15,43.69291305541992,44.099998474121094,44.849998474121094,44.04999923706055,44.54999923706055,7805
2021-07-16,43.098453521728516,43.5,44.5,43.29999923706055,44.0,15116
2021-07-19,42.60306930541992,43.0,44.5,42.54999923706055,43.5,10207
2021-07-20,42.25630187988281,42.650001525878906,43.79999923706055,42.400001525878906,43.0,6631
2021-07-21,42.00860595703125,42.400001525878906,44.650001525878906,42.400001525878906,42.75,7884
2021-07-22,42.65260696411133,43.04999923706055,43.5,42.400001525878906,42.400001525878906,12273
2021-07-23,42.553531646728516,42.95000076293945,43.79999923706055,42.20000076293945,43.04999923706055,10573
2021-07-26,43.19752883911133,43.599998474121094,43.900001525878906,42.70000076293945,42.95000076293945,8356
2021-07-27,41.85999298095703,42.25,43.599998474121094,41.45000076293945,43.599998474121094,7642
2021-07-28,41.51322555541992,41.900001525878906,42.900001525878906,41.79999923706055,42.29999923706055,7196
2021-07-29,41.612300872802734,42.0,42.5,41.900001525878906,42.04999923706055,5394
2021-07-30,41.01784133911133,41.400001525878906,42.04999923706055,40.5,40.849998474121094,22574
2021-08-02,41.959068298339844,42.349998474121094,42.75,41.400001525878906,41.400001525878906,15315
2021-08-03,40.67106628417969,41.04999923706055,43.150001525878906,41.04999923706055,43.150001525878906,20791
2021-08-04,40.72060775756836,41.099998474121094,41.70000076293945,41.04999923706055,41.5,8936
2021-08-05,40.027069091796875,40.400001525878906,41.25,40.400001525878906,41.099998474121094,15161
2021-08-06,40.86922073364258,41.25,41.70000076293945,40.400001525878906,40.95000076293945,13289
2021-08-09,40.968299865722656,41.349998474121094,42.349998474121094,41.29999923706055,41.29999923706055,11291
2021-08-10,41.315067291259766,41.70000076293945,42.5,41.349998474121094,41.349998474121094,10252
2021-08-11,40.2252197265625,40.599998474121094,42.0,40.400001525878906,42.0,16789
2021-08-12,40.62153244018555,41.0,41.29999923706055,39.599998474121094,40.599998474121094,13796
2021-08-13,42.60306930541992,43.0,43.400001525878906,41.5,42.79999923706055,29175
2021-08-16,41.116912841796875,41.5,43.0,41.25,43.0,26127
2021-08-17,40.918758392333984,41.29999923706055,42.25,40.849998474121094,41.5,17320
2021-08-18,40.77014923095703,41.150001525878906,42.0,40.150001525878906,42.0,20020
2021-08-19,39.729835510253906,40.099998474121094,41.849998474121094,39.0,41.849998474121094,29491
2021-08-20,39.1353759765625,39.5,40.20000076293945,39.349998474121094,40.0,13518
2021-08-23,41.315067291259766,41.70000076293945,42.0,39.599998474121094,39.599998474121094,14444
2021-08-24,41.067378997802734,41.45000076293945,43.0,41.45000076293945,41.75,248278
2021-08-25,40.72060775756836,41.099998474121094,42.75,41.099998474121094,42.0,10857
2021-08-26,39.92799377441406,40.29999923706055,41.650001525878906,40.04999923706055,41.099998474121094,10169
2021-08-27,39.878456115722656,40.25,40.79999923706055,39.599998474121094,40.70000076293945,7437
2021-08-30,38.68952941894531,39.04999923706055,40.54999923706055,38.599998474121094,40.29999923706055,31560
2021-08-31,39.878456115722656,40.25,40.25,39.0,39.04999923706055,23411
2021-09-01,39.9775276184082,40.349998474121094,40.849998474121094,40.0,40.29999923706055,11842
2021-09-02,41.116912841796875,41.5,41.79999923706055,40.5,40.849998474121094,19437
2021-09-03,40.4729118347168,40.849998474121094,41.79999923706055,40.70000076293945,41.5,7021
2021-09-06,41.414146423339844,41.79999923706055,42.400001525878906,41.25,41.400001525878906,31227
2021-09-07,42.702144622802734,43.099998474121094,44.099998474121094,41.0,41.79999923706055,54935
2021-09-08,41.414146423339844,41.79999923706055,43.20000076293945,41.79999923706055,43.20000076293945,16120
2021-09-09,41.612300872802734,42.0,42.04999923706055,40.599998474121094,41.5,17285
2021-09-10,40.2252197265625,40.599998474121094,42.599998474121094,40.599998474121094,42.400001525878906,9441
2021-09-13,39.58122253417969,39.95000076293945,41.599998474121094,39.5,41.599998474121094,14676
2021-09-14,39.63076400756836,40.0,40.349998474121094,39.5,40.099998474121094,10748
2021-09-15,40.37384033203125,40.75,41.75,40.400001525878906,41.70000076293945,34244
2021-09-16,40.175682067871094,40.54999923706055,42.349998474121094,40.5,41.0,18270
2021-09-17,39.18491744995117,39.54999923706055,41.400001525878906,39.54999923706055,41.0,25423
2021-09-20,38.639991760253906,39.0,39.54999923706055,37.54999923706055,39.54999923706055,36041
2021-09-21,39.482147216796875,39.849998474121094,40.650001525878906,39.0,39.0,19217
2021-09-22,40.67106628417969,41.04999923706055,41.650001525878906,40.0,40.0,11073
2021-09-23,39.82891845703125,40.20000076293945,41.70000076293945,40.20000076293945,41.70000076293945,15073
2021-09-24,40.175682067871094,40.54999923706055,41.45000076293945,39.900001525878906,40.20000076293945,10089
2021-09-27,40.2252197265625,40.599998474121094,41.400001525878906,39.900001525878906,40.54999923706055,14709
2021-09-28,38.98676300048828,39.349998474121094,40.599998474121094,39.099998474121094,40.599998474121094,21387
2021-09-29,38.243682861328125,38.599998474121094,40.150001525878906,38.599998474121094,39.349998474121094,17831
2021-09-30,38.788612365722656,39.150001525878906,40.29999923706055,39.150001525878906,39.20000076293945,26880
2021-10-01,39.03630065917969,39.400001525878906,40.25,38.29999923706055,38.5,21352
2021-10-04,40.12614822387695,40.5,41.5,39.400001525878906,39.400001525878906,19901
2021-10-05,41.51322555541992,41.900001525878906,42.0,40.650001525878906,41.0,20954
2021-10-06,39.729835510253906,40.099998474121094,42.349998474121094,39.95000076293945,42.0,19154
2021-10-07,39.9775276184082,40.349998474121094,42.0,39.45000076293945,41.0,22286
2021-10-08,40.12614822387695,40.5,41.54999923706055,40.349998474121094,40.95000076293945,11431
2021-10-11,39.482147216796875,39.849998474121094,41.25,39.04999923706055,41.25,16439
2021-10-12,39.82891845703125,40.20000076293945,40.70000076293945,39.400001525878906,39.849998474121094,8717
2021-10-13,40.86922073364258,41.25,41.54999923706055,39.849998474121094,40.20000076293945,12041
2021-10-14,40.62153244018555,41.0,42.0,40.0,41.29999923706055,5751
2021-10-15,41.16645431518555,41.54999923706055,41.70000076293945,41.0,41.0,4962
2021-10-18,41.315067291259766,41.70000076293945,41.70000076293945,40.849998474121094,41.650001525878906,8214
2021-10-19,42.355377197265625,42.75,42.849998474121094,41.5,42.0,5633
2021-10-20,41.810455322265625,42.20000076293945,42.79999923706055,42.0,42.79999923706055,3650
2021-10-21,40.918758392333984,41.29999923706055,42.54999923706055,41.29999923706055,41.900001525878906,6156
2021-10-22,41.56275939941406,41.95000076293945,42.900001525878906,41.45000076293945,41.95000076293945,5446
2021-10-25,41.116912841796875,41.5,42.5,41.0,42.0,7858
2021-10-26,40.324302673339844,40.70000076293945,41.79999923706055,40.45000076293945,41.79999923706055,9569
2021-10-27,39.729835510253906,40.099998474121094,40.900001525878906,39.79999923706055,40.70000076293945,6314
2021-10-28,40.027069091796875,40.400001525878906,40.75,39.29999923706055,39.29999923706055,8290
2021-10-29,39.82891845703125,40.20000076293945,40.400001525878906,40.0,40.400001525878906,4175
2021-11-01,41.810455322265625,42.20000076293945,42.400001525878906,40.0,40.20000076293945,19305
2021-11-02,39.77937698364258,40.150001525878906,42.45000076293945,40.150001525878906,42.20000076293945,8258
2021-11-03,40.027069091796875,40.400001525878906,41.400001525878906,39.79999923706055,39.900001525878906,12318
2021-11-04,40.62153244018555,41.0,41.099998474121094,39.900001525878906,41.0,10789
2021-11-05,40.37384033203125,40.75,41.0,40.099998474121094,40.95000076293945,6808
2021-11-08,41.90953063964844,42.29999923706055,42.5,41.29999923706055,41.29999923706055,12100
2021-11-09,42.25630187988281,42.650001525878906,43.0,42.0,42.29999923706055,9366
2021-11-10,42.25630187988281,42.650001525878906,42.849998474121094,41.70000076293945,42.70000076293945,6058
2021-11-11,43.19752883911133,43.599998474121094,44.0,43.04999923706055,43.04999923706055,13912
2021-11-12,40.37384033203125,40.75,40.849998474121094,38.599998474121094,39.0,99566
2021-11-15,40.62153244018555,41.0,42.150001525878906,40.849998474121094,41.099998474121094,23796
2021-11-16,39.53168487548828,39.900001525878906,41.95000076293945,39.29999923706055,41.95000076293945,16366
2021-11-17,39.03630065917969,39.400001525878906,40.29999923706055,39.349998474121094,39.95000076293945,18662
2021-11-18,38.98676300048828,39.349998474121094,40.150001525878906,39.29999923706055,39.900001525878906,9593
2021-11-19,39.77937698364258,40.150001525878906,40.150001525878906,39.25,39.349998474121094,9155
2021-11-22,39.23445510864258,39.599998474121094,41.25,39.25,40.20000076293945,12632
2021-11-23,37.74829864501953,38.099998474121094,39.599998474121094,38.04999923706055,39.599998474121094,11968
2021-11-24,37.74829864501953,38.099998474121094,38.650001525878906,37.849998474121094,38.20000076293945,16106
2021-11-25,38.0455322265625,38.400001525878906,38.849998474121094,38.0,38.45000076293945,7076
2021-11-26,37.25291442871094,37.599998474121094,38.150001525878906,36.650001525878906,37.95000076293945,31859
2021-11-29,38.34276580810547,38.70000076293945,38.70000076293945,37.5,37.54999923706055,10161
2021-11-30,39.085838317871094,39.45000076293945,39.45000076293945,38.04999923706055,38.70000076293945,27345
2021-12-01,39.085838317871094,39.45000076293945,39.849998474121094,39.0,39.5,20230
2021-12-02,38.0455322265625,38.400001525878906,39.400001525878906,38.04999923706055,39.400001525878906,21292
2021-12-03,37.45106887817383,37.79999923706055,38.650001525878906,37.099998474121094,38.650001525878906,15196
2021-12-07,37.05476379394531,37.400001525878906,38.0,37.099998474121094,37.900001525878906,14304
2021-12-08,36.85660934448242,37.20000076293945,37.70000076293945,37.099998474121094,37.349998474121094,14178
2021-12-09,37.05476379394531,37.400001525878906,38.45000076293945,37.099998474121094,37.150001525878906,20073
2021-12-10,37.05476379394531,37.400001525878906,38.400001525878906,37.400001525878906,38.400001525878906,20825
2021-12-13,35.61814498901367,35.95000076293945,37.900001525878906,35.900001525878906,37.45000076293945,20909
2021-12-14,34.131996154785156,34.45000076293945,36.400001525878906,34.0,36.099998474121094,41515
2021-12-15,34.92461013793945,35.25,35.900001525878906,34.45000076293945,34.599998474121094,26555
2021-12-16,35.667686462402344,36.0,36.5,35.79999923706055,36.150001525878906,18757
2021-12-17,34.7264518737793,35.04999923706055,35.900001525878906,34.29999923706055,35.900001525878906,28898
2021-12-20,33.83476257324219,34.150001525878906,34.75,33.849998474121094,34.650001525878906,21929
2021-12-21,34.23107147216797,34.54999923706055,34.900001525878906,34.0,34.29999923706055,13972
2021-12-22,34.77599334716797,35.099998474121094,35.400001525878906,34.0,34.650001525878906,20218
2021-12-23,35.56861114501953,35.900001525878906,35.900001525878906,35.04999923706055,35.04999923706055,14350
2021-12-27,36.212608337402344,36.54999923706055,36.54999923706055,35.900001525878906,35.95000076293945,17427
2021-12-28,37.7978401184082,38.150001525878906,40.349998474121094,36.5,36.849998474121094,86781
2021-12-29,37.896915435791016,38.25,39.75,37.849998474121094,39.099998474121094,50400
2021-12-30,39.33353042602539,39.70000076293945,40.0,38.650001525878906,39.45000076293945,33479
2022-01-03,38.68952941894531,39.04999923706055,40.599998474121094,38.75,40.349998474121094,24550
2022-01-04,38.639991760253906,39.0,39.400001525878906,38.5,39.04999923706055,19368
2022-01-05,37.74829864501953,38.099998474121094,39.599998474121094,38.099998474121094,39.150001525878906,17287
2022-01-07,36.01445388793945,36.349998474121094,38.099998474121094,36.349998474121094,38.099998474121094,40818
2022-01-10,33.735687255859375,34.04999923706055,36.349998474121094,34.0,36.25,79909
2022-01-11,34.82553482055664,35.150001525878906,35.599998474121094,34.5,34.75,30319
2022-01-12,35.46953201293945,35.79999923706055,36.400001525878906,35.650001525878906,36.0,25726
2022-01-13,35.46953201293945,35.79999923706055,36.20000076293945,35.5,36.099998474121094,12718
2022-01-14,34.528297424316406,34.849998474121094,35.70000076293945,34.0,34.849998474121094,45112
2022-01-17,33.98337936401367,34.29999923706055,35.0,33.599998474121094,34.900001525878906,22186
2022-01-18,34.131996154785156,34.45000076293945,34.95000076293945,33.400001525878906,34.099998474121094,47300
2022-01-19,33.78522491455078,34.099998474121094,35.5,33.849998474121094,35.150001525878906,24468
2022-01-20,34.974143981933594,35.29999923706055,35.400001525878906,33.70000076293945,34.25,27427
2022-01-21,33.04214859008789,33.349998474121094,34.599998474121094,32.54999923706055,34.599998474121094,42901
2022-01-24,30.466148376464844,30.75,32.70000076293945,30.75,32.650001525878906,51233
2022-01-25,30.763378143310547,31.049999237060547,33.099998474121094,30.75,31.049999237060547,27556
2022-01-26,33.98337936401367,34.29999923706055,34.29999923706055,31.100000381469727,31.25,54894
2022-01-27,34.18153381347656,34.5,35.45000076293945,33.099998474121094,33.849998474121094,24836
2022-01-28,33.68614959716797,34.0,35.25,33.79999923706055,34.79999923706055,13458
2022-01-31,34.7264518737793,35.04999923706055,35.849998474121094,34.0,35.20000076293945,18304
2022-02-01,36.01445388793945,36.349998474121094,36.5,35.29999923706055,35.29999923706055,18027
2022-02-02,35.320919036865234,35.650001525878906,36.95000076293945,35.099998474121094,36.599998474121094,15981
2022-02-03,35.27137756347656,35.599998474121094,36.0,34.54999923706055,35.650001525878906,13237
2022-02-04,35.07322692871094,35.400001525878906,36.04999923706055,34.70000076293945,35.75,13854
2022-02-07,34.528297424316406,34.849998474121094,36.150001525878906,34.70000076293945,35.5,16308
2022-02-08,35.37045669555664,35.70000076293945,36.900001525878906,35.20000076293945,35.79999923706055,18469
2022-02-09,35.71722412109375,36.04999923706055,36.900001525878906,35.70000076293945,36.150001525878906,19816
2022-02-10,35.27137756347656,35.599998474121094,36.95000076293945,34.5,36.099998474121094,20985
2022-02-11,33.19076156616211,33.5,35.150001525878906,33.25,33.95000076293945,54786
2022-02-14,31.952302932739258,32.25,33.900001525878906,32.20000076293945,33.900001525878906,44218
2022-02-15,32.348609924316406,32.650001525878906,34.349998474121094,32.29999923706055,32.29999923706055,30077
2022-02-16,32.00183868408203,32.29999923706055,33.04999923706055,32.20000076293945,33.0,13301
2022-02-17,31.754146575927734,32.04999923706055,32.79999923706055,31.399999618530273,32.29999923706055,18964
2022-02-18,30.961532592773438,31.25,32.0,31.100000381469727,32.0,11747
2022-02-21,30.71384048461914,31.0,32.150001525878906,30.450000762939453,31.549999237060547,10312
2022-02-22,30.1193790435791,30.399999618530273,30.899999618530273,28.899999618530273,30.25,24905
2022-02-23,30.466148376464844,30.75,31.649999618530273,30.049999237060547,30.549999237060547,12339
2022-02-24,30.1193790435791,30.399999618530273,30.649999618530273,28.75,29.549999237060547,31647
2022-02-25,31.209224700927734,31.5,31.700000762939453,30.5,30.600000381469727,11834
2022-02-28,32.843997955322266,33.150001525878906,33.150001525878906,30.299999237060547,31.399999618530273,17831
2022-03-01,30.71384048461914,31.0,34.0,30.75,34.0,22292
2022-03-02,32.645843505859375,32.95000076293945,33.29999923706055,31.200000762939453,32.0,28092
2022-03-03,32.39815139770508,32.70000076293945,33.849998474121094,32.0,33.25,27506
2022-03-04,31.605531692504883,31.899999618530273,32.29999923706055,31.100000381469727,31.799999237060547,18635
2022-03-07,29.524917602539062,29.799999237060547,31.5,29.600000381469727,31.5,29649
2022-03-08,30.267993927001953,30.549999237060547,32.0,29.700000762939453,29.75,27461
2022-03-09,32.00183868408203,32.29999923706055,32.70000076293945,31.399999618530273,32.150001525878906,24573
2022-03-10,31.55599594116211,31.850000381469727,32.95000076293945,31.049999237060547,32.70000076293945,9593
2022-03-11,31.605531692504883,31.899999618530273,32.95000076293945,31.799999237060547,32.5,8360
2022-03-14,32.645843505859375,32.95000076293945,33.45000076293945,31.899999618530273,31.899999618530273,12061
2022-03-15,32.15045928955078,32.45000076293945,33.099998474121094,31.75,33.099998474121094,10890
2022-03-16,32.893531799316406,33.20000076293945,33.849998474121094,32.70000076293945,32.849998474121094,14015
2022-03-17,32.695377349853516,33.0,34.75,33.0,34.0,10555
2022-03-18,33.933841705322266,34.25,34.25,32.70000076293945,33.75,7984
2022-03-21,33.48799514770508,33.79999923706055,34.349998474121094,33.04999923706055,34.29999923706055,7146
2022-03-22,33.28984069824219,33.599998474121094,34.150001525878906,33.0,34.0,7695
2022-03-23,33.78522491455078,34.099998474121094,34.099998474121094,33.0,33.54999923706055,10368
2022-03-24,32.59630584716797,32.900001525878906,33.95000076293945,32.79999923706055,33.95000076293945,7172
2022-03-25,32.15045928955078,32.45000076293945,33.95000076293945,32.29999923706055,33.95000076293945,5899
2022-03-28,32.497222900390625,32.79999923706055,32.79999923706055,32.0,32.45000076293945,5440
2022-03-29,33.1412239074707,33.45000076293945,33.95000076293945,32.70000076293945,32.79999923706055,7428
2022-03-30,33.48799514770508,33.79999923706055,34.29999923706055,32.25,33.599998474121094,17603
2022-03-31,32.44768524169922,32.75,34.25,32.75,34.25,3262
2022-04-01,32.79445266723633,33.099998474121094,33.54999923706055,32.650001525878906,32.75,6631
2022-04-04,33.78522491455078,34.099998474121094,34.25,33.099998474121094,33.099998474121094,8543
2022-04-05,33.78522491455078,34.099998474121094,34.75,33.54999923706055,34.400001525878906,7315
2022-04-06,33.58707046508789,33.900001525878906,34.400001525878906,32.70000076293945,34.349998474121094,10809
2022-04-07,35.07322692871094,35.400001525878906,38.70000076293945,35.04999923706055,37.650001525878906,102143
2022-04-08,34.676918029785156,35.0,36.150001525878906,34.45000076293945,35.150001525878906,25044
2022-04-11,33.6366081237793,33.95000076293945,35.349998474121094,33.45000076293945,35.25,15958
2022-04-12,33.78522491455078,34.099998474121094,34.70000076293945,33.349998474121094,33.5,6285
2022-04-13,34.082454681396484,34.400001525878906,35.29999923706055,34.20000076293945,34.5,9764
2022-04-14,35.197628021240234,35.349998474121094,35.45000076293945,34.099998474121094,34.95000076293945,10133
2022-04-19,35.496337890625,35.650001525878906,35.650001525878906,34.349998474121094,35.650001525878906,8871
2022-04-20,35.346981048583984,35.5,36.0,35.20000076293945,35.599998474121094,6240
2022-04-21,35.247413635253906,35.400001525878906,35.849998474121094,34.70000076293945,35.0,8625
2022-04-22,33.00711441040039,33.150001525878906,35.25,33.150001525878906,35.0,23266
2022-04-25,32.559051513671875,32.70000076293945,33.400001525878906,31.850000381469727,33.29999923706055,15393
2022-04-26,31.31443977355957,31.450000762939453,33.150001525878906,31.200000762939453,32.79999923706055,9271
2022-04-27,31.61314582824707,31.75,32.54999923706055,30.75,31.399999618530273,15450
2022-04-28,31.015731811523438,31.149999618530273,32.150001525878906,30.799999237060547,31.75,10117
2022-04-29,31.36422348022461,31.5,32.29999923706055,31.450000762939453,31.799999237060547,9099
2022-05-02,30.219181060791016,30.350000381469727,31.450000762939453,29.75,31.450000762939453,19861
2022-05-03,31.11530113220215,31.25,31.600000381469727,30.649999618530273,31.600000381469727,14757
2022-05-04,30.766809463500977,30.899999618530273,31.299999237060547,30.399999618530273,31.299999237060547,10537
2022-05-05,30.517887115478516,30.649999618530273,31.950000762939453,30.200000762939453,31.299999237060547,24211
2022-05-06,30.119611740112305,30.25,31.0,29.549999237060547,31.0,17886
2022-05-09,28.377155303955078,28.5,30.0,28.350000381469727,30.0,23144
2022-05-10,27.978879928588867,28.100000381469727,29.049999237060547,27.799999237060547,28.799999237060547,34750
2022-05-11,28.32737159729004,28.450000762939453,28.950000762939453,27.799999237060547,28.25,18492
2022-05-12,27.53081703186035,27.649999618530273,28.350000381469727,27.100000381469727,28.350000381469727,36524
2022-05-13,29.1737060546875,29.299999237060547,29.850000381469727,27.950000762939453,28.0,56146
2022-05-16,29.12392234802246,29.25,29.899999618530273,28.450000762939453,29.350000381469727,18423
2022-05-17,29.1737060546875,29.299999237060547,30.0,29.200000762939453,29.399999618530273,13268
2022-05-18,28.377155303955078,28.5,29.299999237060547,28.399999618530273,29.299999237060547,11512
2022-05-19,28.675861358642578,28.799999237060547,28.799999237060547,27.75,28.350000381469727,14897
2022-05-20,28.875,29.0,29.299999237060547,28.549999237060547,28.850000381469727,6714
2022-05-23,28.875,29.0,29.350000381469727,28.600000381469727,29.100000381469727,2832
2022-05-24,29.27327537536621,29.399999618530273,29.399999618530273,28.700000762939453,28.799999237060547,8463
2022-05-25,29.27327537536621,29.399999618530273,29.5,28.399999618530273,29.5,10614
2022-05-27,30.069828033447266,30.200000762939453,30.75,29.049999237060547,29.049999237060547,21417
2022-05-30,29.870689392089844,30.0,30.899999618530273,29.799999237060547,30.899999618530273,7233
2022-05-31,29.472414016723633,29.600000381469727,30.149999618530273,29.25,30.149999618530273,9435
2022-06-01,29.721336364746094,29.850000381469727,30.100000381469727,29.049999237060547,29.600000381469727,15464
2022-06-02,27.53081703186035,27.649999618530273,29.100000381469727,27.450000762939453,28.950000762939453,66676
2022-06-03,26.78404998779297,26.899999618530273,28.25,26.649999618530273,28.25,26456
2022-06-06,26.684480667114258,26.799999237060547,27.5,26.649999618530273,26.950000762939453,6719
2022-06-07,26.48534393310547,26.600000381469727,27.200000762939453,26.25,26.850000381469727,18728
2022-06-08,28.028663635253906,28.149999618530273,28.149999618530273,26.600000381469727,27.0,40620
2022-06-09,27.331680297851562,27.450000762939453,28.149999618530273,27.25,28.149999618530273,8819
2022-06-10,27.28189468383789,27.399999618530273,27.649999618530273,26.899999618530273,27.200000762939453,15493
2022-06-13,27.6801700592041,27.799999237060547,27.850000381469727,26.100000381469727,27.149999618530273,58460
2022-06-14,27.28189468383789,27.399999618530273,27.799999237060547,26.799999237060547,27.799999237060547,11866
2022-06-15,27.28189468383789,27.399999618530273,27.75,27.25,27.600000381469727,10602
2022-06-16,27.23211097717285,27.350000381469727,27.700000762939453,26.899999618530273,27.049999237060547,20337
2022-06-17,27.3814640045166,27.5,28.149999618530273,27.350000381469727,27.350000381469727,18192
2022-06-20,27.3814640045166,27.5,28.299999237060547,27.0,27.399999618530273,9747
2022-06-21,27.879310607910156,28.0,28.149999618530273,27.549999237060547,27.549999237060547,4767
2022-06-22,27.3814640045166,27.5,27.649999618530273,26.700000762939453,27.649999618530273,4003
2022-06-23,26.73426628112793,26.850000381469727,27.5,26.700000762939453,27.5,2686
2022-06-27,26.037282943725586,26.149999618530273,27.799999237060547,26.100000381469727,26.649999618530273,11632
2022-06-28,25.539438247680664,25.649999618530273,26.950000762939453,25.5,26.299999237060547,6900
2022-06-29,25.091379165649414,25.200000762939453,25.5,25.0,25.5,8078
2022-06-30,24.14547348022461,24.25,25.100000381469727,24.200000762939453,24.649999618530273,9379
2022-07-01,24.09568977355957,24.200000762939453,24.899999618530273,23.799999237060547,24.899999618530273,9609
2022-07-04,23.99612045288086,24.100000381469727,24.549999237060547,23.899999618530273,24.399999618530273,9422
2022-07-05,24.64331817626953,24.75,25.299999237060547,24.100000381469727,24.149999618530273,12921
2022-07-06,24.79267120361328,24.899999618530273,25.350000381469727,24.700000762939453,24.799999237060547,7774
2022-07-07,25.439868927001953,25.549999237060547,25.549999237060547,24.75,25.0,8065
2022-07-08,25.190946578979492,25.299999237060547,26.149999618530273,25.0,26.0,9474
2022-07-11,24.742887496948242,24.850000381469727,25.399999618530273,24.450000762939453,25.299999237060547,9867
2022-07-12,24.54374885559082,24.649999618530273,24.899999618530273,24.399999618530273,24.850000381469727,2980
2022-07-13,24.34461212158203,24.450000762939453,24.649999618530273,23.899999618530273,24.649999618530273,9367
2022-07-14,24.0459041595459,24.149999618530273,24.399999618530273,23.350000381469727,24.399999618530273,8740
2022-07-15,23.89655113220215,24.0,24.100000381469727,23.75,24.100000381469727,4490
2022-07-18,23.89655113220215,24.0,24.450000762939453,24.0,24.0,7904
2022-07-19,23.59784507751465,23.700000762939453,24.25,23.549999237060547,24.0,8311
2022-07-20,24.24504280090332,24.350000381469727,24.5,23.450000762939453,23.649999618530273,18784
2022-07-21,24.94202423095703,25.049999237060547,25.049999237060547,24.0,24.399999618530273,9197
2022-07-22,25.141162872314453,25.25,25.299999237060547,24.600000381469727,25.049999237060547,6483
2022-07-25,25.240732192993164,25.350000381469727,25.75,24.899999618530273,25.25,8356
2022-07-26,25.589223861694336,25.700000762939453,26.200000762939453,25.100000381469727,26.200000762939453,13108
2022-07-27,25.290515899658203,25.399999618530273,25.549999237060547,24.850000381469727,24.950000762939453,6712
2022-07-28,25.489654541015625,25.600000381469727,25.850000381469727,25.049999237060547,25.399999618530273,4421
2022-07-29,26.236421585083008,26.350000381469727,26.75,25.549999237060547,25.75,11176
2022-08-01,25.887929916381836,26.0,26.850000381469727,25.75,26.350000381469727,5573
2022-08-02,21.50689697265625,21.600000381469727,22.25,20.450000762939453,22.200000762939453,107518
2022-08-03,22.004741668701172,22.100000381469727,22.399999618530273,21.75,21.850000381469727,17587
2022-08-04,23.249353408813477,23.350000381469727,23.5,22.200000762939453,22.200000762939453,16827
2022-08-05,22.552370071411133,22.649999618530273,23.299999237060547,22.350000381469727,23.299999237060547,9861
2022-08-08,22.253664016723633,22.350000381469727,23.049999237060547,22.299999237060547,22.75,10072
2022-08-09,22.154094696044922,22.25,22.950000762939453,22.149999618530273,22.350000381469727,8482
2022-08-10,22.900861740112305,23.0,23.149999618530273,21.850000381469727,22.5,7694
2022-08-11,22.950645446777344,23.049999237060547,23.5,22.600000381469727,23.299999237060547,7593
2022-08-12,22.403017044067383,22.5,22.549999237060547,21.049999237060547,22.049999237060547,23749
2022-08-15,22.104310989379883,22.200000762939453,23.399999618530273,22.049999237060547,22.600000381469727,11611
2022-08-16,22.104310989379883,22.200000762939453,22.950000762939453,21.799999237060547,22.200000762939453,8819
2022-08-17,21.55668067932129,21.649999618530273,22.399999618530273,21.649999618530273,22.200000762939453,6077
2022-08-18,21.50689697265625,21.600000381469727,21.850000381469727,21.350000381469727,21.850000381469727,3584
2022-08-19,20.909482955932617,21.0,21.75,20.950000762939453,21.75,4127
2022-08-22,20.959266662597656,21.049999237060547,21.100000381469727,20.299999237060547,21.0,8902
2022-08-23,21.208189010620117,21.299999237060547,21.399999618530273,20.899999618530273,21.049999237060547,6059
2022-08-24,21.50689697265625,21.600000381469727,21.600000381469727,20.899999618530273,21.299999237060547,5530
2022-08-25,21.158405303955078,21.25,21.899999618530273,21.0,21.649999618530273,7956
2022-08-26,21.70603370666504,21.799999237060547,22.149999618530273,21.299999237060547,21.549999237060547,17377
2022-08-29,21.80560302734375,21.899999618530273,21.899999618530273,21.0,21.25,110262
2022-08-30,22.004741668701172,22.100000381469727,22.5,21.850000381469727,21.850000381469727,79509
2022-08-31,22.900861740112305,23.0,23.049999237060547,22.100000381469727,22.200000762939453,12078
2022-09-01,22.900861740112305,23.0,23.25,22.399999618530273,23.0,11268
2022-09-02,22.701723098754883,22.799999237060547,22.899999618530273,22.0,22.899999618530273,14530
2022-09-05,22.701723098754883,22.799999237060547,23.049999237060547,22.149999618530273,22.200000762939453,35435
2022-09-06,21.65625,21.75,22.899999618530273,21.649999618530273,22.75,11709
2022-09-07,22.403017044067383,22.5,22.5,21.75,21.75,13215
2022-09-08,22.05452537536621,22.149999618530273,22.399999618530273,21.450000762939453,22.25,28046
2022-09-09,21.80560302734375,21.899999618530273,22.700000762939453,21.700000762939453,22.350000381469727,7397
2022-09-12,22.353233337402344,22.450000762939453,22.450000762939453,21.600000381469727,21.850000381469727,7276
2022-09-13,22.303447723388672,22.399999618530273,22.700000762939453,21.549999237060547,22.700000762939453,8766
2022-09-14,21.058835983276367,21.149999618530273,22.149999618530273,21.149999618530273,21.549999237060547,10420
2022-09-15,20.511207580566406,20.600000381469727,21.5,20.5,21.25,15791
2022-09-16,20.162715911865234,20.25,20.75,20.100000381469727,20.75,9179
2022-09-19,19.794309616088867,19.8799991607666,20.450000762939453,19.0,20.399999618530273,18220
2022-09-20,19.396034240722656,19.479999542236328,21.649999618530273,19.200000762939453,19.81999969482422,30606
2022-09-21,18.918102264404297,19.0,19.520000457763672,18.68000030517578,19.459999084472656,17360
2022-09-22,18.34060287475586,18.420000076293945,18.959999084472656,18.260000228881836,18.959999084472656,12973
2022-09-23,18.519826889038086,18.600000381469727,18.600000381469727,17.920000076293945,18.459999084472656,42228
2022-09-26,17.922412872314453,18.0,18.600000381469727,18.0,18.600000381469727,32669
2022-09-27,17.902498245239258,17.979999542236328,18.34000015258789,17.920000076293945,18.139999389648438,32069
2022-09-28,18.34060287475586,18.420000076293945,18.540000915527344,17.520000457763672,18.0,15025
2022-09-29,17.862672805786133,17.940000534057617,18.940000534057617,17.860000610351562,18.940000534057617,10197
2022-09-30,18.20120620727539,18.280000686645508,18.399999618530273,17.860000610351562,17.940000534057617,11515
2022-10-03,18.44017219543457,18.520000457763672,18.799999237060547,17.81999969482422,18.299999237060547,15361
2022-10-04,18.659223556518555,18.739999771118164,19.31999969482422,18.739999771118164,18.84000015258789,8356
2022-10-05,17.94232749938965,18.020000457763672,19.15999984741211,17.979999542236328,18.799999237060547,9357
2022-10-06,18.20120620727539,18.280000686645508,18.739999771118164,18.040000915527344,18.040000915527344,6375
2022-10-07,17.94232749938965,18.020000457763672,19.65999984741211,17.8799991607666,18.31999969482422,10925
2022-10-10,17.185604095458984,17.260000228881836,18.0,17.260000228881836,18.0,13619
2022-10-11,17.006378173828125,17.079999923706055,17.420000076293945,16.940000534057617,17.280000686645508,16818
2022-10-12,17.02629280090332,17.100000381469727,17.68000030517578,16.8799991607666,17.020000457763672,74740
2022-10-13,16.8271541595459,16.899999618530273,17.360000610351562,16.5,17.1200008392334,25946
2022-10-14,17.066120147705078,17.139999389648438,17.780000686645508,16.739999771118164,17.200000762939453,21469
2022-10-17,17.02629280090332,17.100000381469727,17.3799991607666,16.700000762939453,17.3799991607666,16904
2022-10-18,17.822843551635742,17.899999618530273,18.200000762939453,17.31999969482422,17.3799991607666,21747
2022-10-19,17.902498245239258,17.979999542236328,18.700000762939453,17.700000762939453,18.0,76833
2022-10-20,18.20120620727539,18.280000686645508,18.5,17.440000534057617,17.559999465942383,20526
2022-10-21,18.081724166870117,18.15999984741211,18.459999084472656,17.700000762939453,18.280000686645508,10883
2022-10-24,17.822843551635742,17.899999618530273,18.139999389648438,17.600000381469727,18.139999389648438,13516
2022-10-25,18.30077362060547,18.3799991607666,18.479999542236328,17.65999984741211,18.0,20552
2022-10-26,19.316377639770508,19.399999618530273,19.5,18.31999969482422,18.360000610351562,21492
2022-10-27,19.236722946166992,19.31999969482422,19.5,18.8799991607666,19.5,6880
2022-10-28,18.061809539794922,18.139999389648438,18.420000076293945,16.899999618530273,17.899999618530273,66646
2022-10-31,18.918102264404297,19.0,19.799999237060547,18.139999389648438,18.139999389648438,36250
2022-11-01,19.11724090576172,19.200000762939453,19.780000686645508,19.0,19.0,20369
2022-11-02,19.316377639770508,19.399999618530273,19.719999313354492,19.059999465942383,19.219999313354492,17205
2022-11-03,19.11724090576172,19.200000762939453,19.6200008392334,18.84000015258789,19.6200008392334,9481
2022-11-04,19.236722946166992,19.31999969482422,19.579999923706055,19.059999465942383,19.579999923706055,8586
2022-11-07,19.017671585083008,19.100000381469727,19.700000762939453,19.020000457763672,19.5,18482
2022-11-08,19.097328186035156,19.18000030517578,19.34000015258789,18.68000030517578,19.079999923706055,11083
2022-11-09,18.818532943725586,18.899999618530273,19.399999618530273,18.700000762939453,19.219999313354492,11812
2022-11-10,19.6549129486084,19.739999771118164,20.0,18.260000228881836,18.899999618530273,39522
2022-11-11,20.710344314575195,20.799999237060547,21.350000381469727,19.639999389648438,20.0,64874
2022-11-14,21.80560302734375,21.899999618530273,22.200000762939453,20.75,21.149999618530273,38615
2022-11-15,22.154094696044922,22.25,22.25,21.549999237060547,22.049999237060547,20089
2022-11-16,20.859699249267578,20.950000762939453,22.350000381469727,20.75,22.299999237060547,17995
2022-11-17,20.312068939208984,20.399999618530273,20.899999618530273,20.0,20.100000381469727,14855
2022-11-18,20.013362884521484,20.100000381469727,20.399999618530273,19.600000381469727,20.350000381469727,12907
2022-11-21,19.963577270507812,20.049999237060547,20.25,19.639999389648438,20.100000381469727,9711
2022-11-22,20.560991287231445,20.649999618530273,20.649999618530273,19.520000457763672,19.920000076293945,15515
2022-11-23,22.403017044067383,22.5,22.5,20.700000762939453,20.899999618530273,26432
2022-11-24,24.29482650756836,24.399999618530273,24.5,22.5,22.549999237060547,38145
2022-11-25,23.199567794799805,23.299999237060547,24.5,23.100000381469727,24.450000762939453,27124
2022-11-28,25.190946578979492,25.299999237060547,25.600000381469727,23.299999237060547,24.0,40240
2022-11-29,25.539438247680664,25.649999618530273,25.950000762939453,24.950000762939453,25.649999618530273,16122
2022-11-30,23.89655113220215,24.0,25.649999618530273,23.950000762939453,25.649999618530273,240532
2022-12-01,23.99612045288086,24.100000381469727,25.149999618530273,24.100000381469727,24.649999618530273,13346
2022-12-02,23.99612045288086,24.100000381469727,25.25,24.100000381469727,24.850000381469727,15799
2022-12-05,23.398706436157227,23.5,24.5,23.399999618530273,24.100000381469727,8667
2022-12-07,22.05452537536621,22.149999618530273,23.5,22.0,23.5,25297
2022-12-08,22.602155685424805,22.700000762939453,22.799999237060547,22.100000381469727,22.200000762939453,11116
2022-12-09,22.303447723388672,22.399999618530273,23.0,22.25,22.799999237060547,10691
2022-12-12,22.502586364746094,22.600000381469727,22.899999618530273,22.299999237060547,22.399999618530273,8464
2022-12-13,23.149784088134766,23.25,23.75,22.649999618530273,23.350000381469727,15339
2022-12-14,23.348922729492188,23.450000762939453,23.75,23.149999618530273,23.399999618530273,10368
2022-12-15,23.000431060791016,23.100000381469727,23.149999618530273,22.549999237060547,23.149999618530273,11094
2022-12-16,22.552370071411133,22.649999618530273,23.100000381469727,22.399999618530273,23.100000381469727,9636
2022-12-19,22.004741668701172,22.100000381469727,22.649999618530273,22.0,22.5,10379
2022-12-20,21.60646629333496,21.700000762939453,22.350000381469727,21.600000381469727,22.049999237060547,11127
2022-12-21,22.154094696044922,22.25,22.350000381469727,21.75,21.799999237060547,5127
2022-12-22,21.60646629333496,21.700000762939453,22.850000381469727,21.549999237060547,22.75,10795
2022-12-23,21.40732765197754,21.5,22.100000381469727,21.450000762939453,21.600000381469727,5961
2022-12-27,21.158405303955078,21.25,22.399999618530273,21.25,21.600000381469727,12595
2022-12-28,20.909482955932617,21.0,21.399999618530273,20.649999618530273,21.200000762939453,12172
2022-12-29,21.307758331298828,21.399999618530273,21.600000381469727,20.850000381469727,21.0,13489
2022-12-30,21.75581932067871,21.850000381469727,22.399999618530273,21.049999237060547,21.399999618530273,21403
2023-01-02,21.307758331298828,21.399999618530273,22.700000762939453,21.25,22.100000381469727,15011
2023-01-03,21.40732765197754,21.5,21.700000762939453,21.049999237060547,21.450000762939453,13630
2023-01-04,22.104310989379883,22.200000762939453,22.200000762939453,21.25,21.549999237060547,7943
2023-01-05,22.20387840270996,22.299999237060547,22.350000381469727,21.850000381469727,22.200000762939453,5387
2023-01-09,22.851078033447266,22.950000762939453,23.0,22.299999237060547,22.5,9007
2023-01-10,22.004741668701172,22.100000381469727,22.850000381469727,22.100000381469727,22.799999237060547,5626
2023-01-11,21.90517234802246,22.0,22.600000381469727,21.899999618530273,22.200000762939453,2909
2023-01-12,21.55668067932129,21.649999618530273,22.149999618530273,21.549999237060547,22.0,9726
2023-01-13,22.05452537536621,22.149999618530273,22.700000762939453,21.700000762939453,21.700000762939453,5838
2023-01-16,22.154094696044922,22.25,22.600000381469727,22.149999618530273,22.200000762939453,3674
2023-01-17,22.104310989379883,22.200000762939453,22.450000762939453,21.700000762939453,22.200000762939453,8492
2023-01-18,21.60646629333496,21.700000762939453,22.299999237060547,21.5,22.149999618530273,9809
2023-01-19,21.307758331298828,21.399999618530273,21.75,21.350000381469727,21.549999237060547,4062
2023-01-20,21.855388641357422,21.950000762939453,22.700000762939453,21.799999237060547,22.700000762939453,17052
2023-01-23,21.70603370666504,21.799999237060547,22.350000381469727,21.549999237060547,22.0,7372
2023-01-24,21.50689697265625,21.600000381469727,22.0,21.5,21.799999237060547,4207
2023-01-25,21.457111358642578,21.549999237060547,21.799999237060547,21.200000762939453,21.649999618530273,8141
2023-01-26,21.3575439453125,21.450000762939453,21.850000381469727,21.350000381469727,21.649999618530273,4400
2023-01-27,21.9549560546875,22.049999237060547,22.049999237060547,21.600000381469727,21.899999618530273,6259
2023-01-30,21.50689697265625,21.600000381469727,22.149999618530273,21.600000381469727,22.149999618530273,5140
2023-01-31,21.208189010620117,21.299999237060547,21.5,21.100000381469727,21.5,3283
2023-02-01,21.457111358642578,21.549999237060547,22.100000381469727,21.350000381469727,21.350000381469727,5391
2023-02-02,22.552370071411133,22.649999618530273,22.899999618530273,21.600000381469727,21.600000381469727,24621
2023-02-03,22.004741668701172,22.100000381469727,22.5,21.850000381469727,22.5,5975
2023-02-06,21.80560302734375,21.899999618530273,22.399999618530273,21.75,22.149999618530273,7380
2023-02-07,22.403017044067383,22.5,22.5,21.899999618530273,21.950000762939453,4449
2023-02-08,22.900861740112305,23.0,23.049999237060547,22.399999618530273,22.549999237060547,7102
2023-02-09,22.701723098754883,22.799999237060547,23.5,22.799999237060547,23.049999237060547,8611
2023-02-10,22.602155685424805,22.700000762939453,22.799999237060547,21.549999237060547,22.799999237060547,14527
2023-02-13,21.90517234802246,22.0,22.75,22.0,22.700000762939453,6596
2023-02-14,21.855388641357422,21.950000762939453,22.200000762939453,21.600000381469727,22.0,6303
2023-02-15,21.855388641357422,21.950000762939453,22.100000381469727,21.700000762939453,22.100000381469727,3386
2023-02-16,22.602155685424805,22.700000762939453,22.700000762939453,21.950000762939453,21.950000762939453,9674
2023-02-17,22.104310989379883,22.200000762939453,22.450000762939453,22.049999237060547,22.450000762939453,2169
2023-02-20,22.403017044067383,22.5,22.600000381469727,22.049999237060547,22.25,5324
2023-02-21,22.403017044067383,22.5,22.5,22.0,22.399999618530273,3527
2023-02-22,22.253664016723633,22.350000381469727,22.5,22.0,22.5,3946
2023-02-23,22.20387840270996,22.299999237060547,22.850000381469727,22.299999237060547,22.399999618530273,3505
2023-02-24,21.75581932067871,21.850000381469727,22.450000762939453,21.600000381469727,22.450000762939453,4744
2023-02-27,22.004741668701172,22.100000381469727,22.149999618530273,21.600000381469727,21.75,6532
2023-02-28,22.004741668701172,22.100000381469727,22.25,21.899999618530273,22.049999237060547,3536
2023-03-01,22.154094696044922,22.25,22.350000381469727,22.100000381469727,22.149999618530273,917
2023-03-02,22.751508712768555,22.850000381469727,22.850000381469727,22.0,22.25,3356
2023-03-03,22.701723098754883,22.799999237060547,23.0,22.700000762939453,22.850000381469727,2622
2023-03-06,22.900861740112305,23.0,23.350000381469727,22.75,22.950000762939453,5064
2023-03-07,22.900861740112305,23.0,23.049999237060547,22.850000381469727,22.950000762939453,3765
2023-03-08,22.900861740112305,23.0,23.0,22.399999618530273,23.0,5067
2023-03-09,22.900861740112305,23.0,23.0,22.649999618530273,23.0,3092
2023-03-10,22.502586364746094,22.600000381469727,22.899999618530273,22.450000762939453,22.649999618530273,3259
2023-03-13,22.004741668701172,22.100000381469727,22.600000381469727,21.549999237060547,22.600000381469727,7095
2023-03-14,22.353233337402344,22.450000762939453,22.600000381469727,21.950000762939453,22.100000381469727,8587
2023-03-15,21.70603370666504,21.799999237060547,22.299999237060547,21.0,22.299999237060547,12479
2023-03-16,21.65625,21.75,21.950000762939453,21.0,21.799999237060547,5435
2023-03-17,21.3575439453125,21.450000762939453,22.0,21.149999618530273,21.799999237060547,3444
2023-03-20,21.55668067932129,21.649999618530273,21.649999618530273,20.549999237060547,21.450000762939453,3838
2023-03-21,21.65625,21.75,21.850000381469727,21.600000381469727,21.649999618530273,1428
2023-03-22,21.25797462463379,21.350000381469727,21.75,21.149999618530273,21.5,2799
2023-03-23,21.307758331298828,21.399999618530273,21.5,21.149999618530273,21.399999618530273,987
2023-03-24,21.25797462463379,21.350000381469727,21.649999618530273,21.0,21.399999618530273,1114
2023-03-27,21.009052276611328,21.100000381469727,21.399999618530273,20.799999237060547,21.299999237060547,3488
2023-03-28,20.859699249267578,20.950000762939453,21.200000762939453,20.799999237060547,21.100000381469727,2135
2023-03-29,21.3575439453125,21.450000762939453,21.450000762939453,20.799999237060547,21.0,2630
2023-03-30,21.457111358642578,21.549999237060547,22.0,20.850000381469727,20.850000381469727,4369
2023-03-31,21.70603370666504,21.799999237060547,22.0,21.5,21.600000381469727,1515
2023-04-03,22.403017044067383,22.5,22.600000381469727,21.700000762939453,21.850000381469727,7065
2023-04-04,23.149784088134766,23.25,23.899999618530273,22.450000762939453,22.549999237060547,12558
2023-04-05,22.751508712768555,22.850000381469727,23.200000762939453,22.450000762939453,23.200000762939453,2782
2023-04-06,22.801292419433594,22.899999618530273,22.899999618530273,22.399999618530273,22.850000381469727,1564
2023-04-11,23.299137115478516,23.399999618530273,24.0,22.899999618530273,22.950000762939453,9375
2023-04-12,23.398706436157227,23.5,23.700000762939453,23.0,23.399999618530273,8541
2023-04-13,23.100000381469727,23.200000762939453,23.450000762939453,22.399999618530273,23.450000762939453,3338
2023-04-14,23.200000762939453,23.200000762939453,23.200000762939453,22.899999618530273,23.200000762939453,2654
2023-04-17,23.600000381469727,23.600000381469727,24.0,23.149999618530273,23.200000762939453,8763
2023-04-18,24.200000762939453,24.200000762939453,24.5,23.5,23.600000381469727,28954
2023-04-19,23.950000762939453,23.950000762939453,24.25,23.799999237060547,24.200000762939453,7245
2023-04-20,24.25,24.25,24.25,23.799999237060547,23.950000762939453,4130
2023-04-21,24.100000381469727,24.100000381469727,24.5,23.950000762939453,24.299999237060547,3027
2023-04-24,24.100000381469727,24.100000381469727,24.399999618530273,23.799999237060547,24.049999237060547,5231
2023-04-25,24.350000381469727,24.350000381469727,24.399999618530273,23.799999237060547,23.950000762939453,2800
2023-04-26,23.100000381469727,23.100000381469727,24.200000762939453,22.350000381469727,24.200000762939453,15119
2023-04-27,24.049999237060547,24.049999237060547,24.200000762939453,22.649999618530273,22.899999618530273,7319
2023-04-28,24.399999618530273,24.399999618530273,24.399999618530273,23.799999237060547,24.049999237060547,4418
2023-05-02,23.799999237060547,23.799999237060547,24.350000381469727,23.799999237060547,24.350000381469727,5953
2023-05-03,24.399999618530273,24.399999618530273,24.399999618530273,23.700000762939453,24.0,1755
2023-05-04,24.149999618530273,24.149999618530273,24.450000762939453,23.950000762939453,24.450000762939453,3573
2023-05-05,25.149999618530273,25.149999618530273,25.25,24.25,24.350000381469727,7605
2023-05-08,25.5,25.5,25.75,24.700000762939453,25.149999618530273,4923
2023-05-09,25.100000381469727,25.100000381469727,25.549999237060547,24.899999618530273,25.450000762939453,2671
2023-05-10,25.25,25.25,25.25,24.799999237060547,25.0,4225
2023-05-11,25.600000381469727,25.600000381469727,25.600000381469727,24.950000762939453,25.25,2588
2023-05-12,25.399999618530273,25.399999618530273,26.100000381469727,25.200000762939453,26.100000381469727,3354
2023-05-15,24.950000762939453,24.950000762939453,25.450000762939453,24.950000762939453,25.399999618530273,5452
2023-05-16,24.049999237060547,24.049999237060547,24.950000762939453,23.899999618530273,24.950000762939453,3051
2023-05-17,24.950000762939453,24.950000762939453,25.0,23.049999237060547,24.049999237060547,5067
2023-05-19,25.0,25.0,25.100000381469727,24.700000762939453,25.0,3325
2023-05-22,24.549999237060547,24.549999237060547,24.75,24.5,24.75,5001
2023-05-23,24.350000381469727,24.350000381469727,24.649999618530273,24.350000381469727,24.549999237060547,1269
2023-05-24,24.0,24.0,24.350000381469727,23.600000381469727,24.100000381469727,5726
2023-05-25,24.75,24.75,24.899999618530273,24.149999618530273,24.149999618530273,3008
2023-05-26,24.950000762939453,24.950000762939453,25.0,24.399999618530273,24.799999237060547,3107
2023-05-29,24.399999618530273,24.399999618530273,24.950000762939453,24.399999618530273,24.950000762939453,1024
2023-05-30,24.700000762939453,24.700000762939453,24.700000762939453,24.350000381469727,24.350000381469727,2122
2023-05-31,23.850000381469727,23.850000381469727,24.700000762939453,23.75,24.700000762939453,2826
2023-06-01,24.200000762939453,24.200000762939453,24.399999618530273,23.850000381469727,23.850000381469727,1981
2023-06-02,24.5,24.5,24.799999237060547,24.0,24.100000381469727,2065
2023-06-05,24.649999618530273,24.649999618530273,25.049999237060547,24.600000381469727,24.700000762939453,2127
2023-06-06,24.700000762939453,24.700000762939453,24.950000762939453,24.5,24.600000381469727,1189
2023-06-07,24.799999237060547,24.799999237060547,24.850000381469727,24.600000381469727,24.799999237060547,11862
2023-06-08,25.899999618530273,25.899999618530273,26.0,24.549999237060547,24.649999618530273,5202
2023-06-09,26.100000381469727,26.100000381469727,26.299999237060547,24.850000381469727,25.950000762939453,10567
2023-06-12,25.850000381469727,25.850000381469727,27.200000762939453,25.850000381469727,26.149999618530273,24341
2023-06-13,25.25,25.25,26.149999618530273,25.049999237060547,26.100000381469727,4992
2023-06-14,25.0,25.0,25.299999237060547,24.600000381469727,25.25,3414
2023-06-15,25.0,25.0,25.200000762939453,24.700000762939453,24.899999618530273,2851
2023-06-16,24.649999618530273,24.649999618530273,25.600000381469727,24.649999618530273,25.049999237060547,1725
2023-06-19,24.399999618530273,24.399999618530273,24.549999237060547,24.200000762939453,24.549999237060547,3260
2023-06-20,24.399999618530273,24.399999618530273,25.549999237060547,24.399999618530273,24.399999618530273,975
2023-06-21,24.5,24.5,24.75,24.200000762939453,24.450000762939453,3440
2023-06-22,24.25,24.25,24.700000762939453,24.200000762939453,24.299999237060547,4033
2023-06-26,24.5,24.5,24.5,24.200000762939453,24.399999618530273,1432
2023-06-27,24.5,24.5,24.75,24.200000762939453,24.5,2458
2023-06-28,24.799999237060547,24.799999237060547,25.0,24.5,24.5,1637
2023-06-29,24.350000381469727,24.350000381469727,24.899999618530273,24.350000381469727,24.799999237060547,988
2023-06-30,24.700000762939453,24.700000762939453,24.899999618530273,24.450000762939453,24.450000762939453,1190
2023-07-03,24.5,24.5,25.0,24.5,24.75,2083
2023-07-04,24.350000381469727,24.350000381469727,24.549999237060547,24.299999237060547,24.549999237060547,2361
2023-07-05,24.299999237060547,24.299999237060547,24.399999618530273,24.0,24.350000381469727,7177
2023-07-06,24.0,24.0,24.600000381469727,24.0,24.350000381469727,2736
2023-07-07,24.200000762939453,24.200000762939453,24.450000762939453,24.0,24.0,1986
2023-07-10,24.200000762939453,24.200000762939453,24.549999237060547,24.0,24.25,1492
2023-07-11,24.200000762939453,24.200000762939453,24.5,24.0,24.049999237060547,4944
2023-07-12,24.799999237060547,24.799999237060547,26.0,24.200000762939453,24.200000762939453,4330
2023-07-13,25.0,25.0,26.100000381469727,24.899999618530273,24.899999618530273,1942
2023-07-14,24.100000381469727,24.100000381469727,25.25,24.100000381469727,24.950000762939453,4829
2023-07-17,24.350000381469727,24.350000381469727,24.5,23.549999237060547,24.049999237060547,3493
2023-07-18,24.700000762939453,24.700000762939453,24.700000762939453,24.0,24.299999237060547,2890
2023-07-19,24.350000381469727,24.350000381469727,24.950000762939453,24.200000762939453,24.700000762939453,3201
2023-07-20,24.950000762939453,24.950000762939453,25.0,24.350000381469727,24.350000381469727,1820
2023-07-21,24.549999237060547,24.549999237060547,25.0,24.200000762939453,24.25,2419
2023-07-24,24.549999237060547,24.549999237060547,24.950000762939453,24.25,24.450000762939453,1460
2023-07-25,24.700000762939453,24.700000762939453,25.25,24.450000762939453,24.75,1529
2023-07-26,24.450000762939453,24.450000762939453,25.200000762939453,24.450000762939453,25.0,2525
2023-07-27,24.600000381469727,24.600000381469727,24.799999237060547,24.299999237060547,24.399999618530273,2256
2023-07-28,24.200000762939453,24.200000762939453,24.950000762939453,24.200000762939453,24.549999237060547,3142
2023-07-31,25.0,25.0,25.049999237060547,24.200000762939453,24.200000762939453,2824
2023-08-01,24.899999618530273,24.899999618530273,25.399999618530273,24.549999237060547,24.950000762939453,4025
2023-08-02,24.600000381469727,24.600000381469727,24.950000762939453,24.200000762939453,24.899999618530273,3907
2023-08-03,24.600000381469727,24.600000381469727,24.600000381469727,23.950000762939453,24.5,4400
2023-08-04,24.100000381469727,24.100000381469727,24.600000381469727,23.200000762939453,24.600000381469727,2661
2023-08-07,24.0,24.0,24.299999237060547,23.649999618530273,24.0,2829
2023-08-08,24.0,24.0,24.450000762939453,23.850000381469727,24.0,3461
2023-08-09,24.350000381469727,24.350000381469727,24.649999618530273,24.0,24.049999237060547,3184
2023-08-10,24.950000762939453,24.950000762939453,24.950000762939453,24.299999237060547,24.450000762939453,3736
2023-08-11,25.549999237060547,25.549999237060547,25.799999237060547,24.100000381469727,24.299999237060547,9177
2023-08-14,25.200000762939453,25.200000762939453,25.5,23.75,25.5,11788
2023-08-15,25.350000381469727,25.350000381469727,25.399999618530273,24.799999237060547,25.100000381469727,5041
2023-08-16,24.700000762939453,24.700000762939453,25.25,24.200000762939453,25.25,8742
2023-08-17,24.649999618530273,24.649999618530273,24.75,24.25,24.75,4305
2023-08-18,24.899999618530273,24.899999618530273,24.899999618530273,24.200000762939453,24.649999618530273,4332
2023-08-21,24.100000381469727,24.100000381469727,24.950000762939453,23.950000762939453,24.950000762939453,7200
2023-08-22,24.5,24.5,24.700000762939453,24.200000762939453,24.200000762939453,2605
2023-08-23,24.700000762939453,24.700000762939453,24.799999237060547,24.299999237060547,24.5,914
2023-08-24,24.600000381469727,24.600000381469727,24.899999618530273,24.5,24.700000762939453,648
2023-08-25,24.600000381469727,24.600000381469727,24.950000762939453,24.5,24.600000381469727,2959
2023-08-28,24.299999237060547,24.299999237060547,24.600000381469727,24.100000381469727,24.600000381469727,1428
2023-08-29,24.450000762939453,24.450000762939453,24.450000762939453,23.799999237060547,24.149999618530273,5948
2023-08-30,24.25,24.25,24.450000762939453,24.049999237060547,24.450000762939453,767
2023-08-31,24.700000762939453,24.700000762939453,24.75,24.100000381469727,24.299999237060547,1144
2023-09-01,24.950000762939453,24.950000762939453,25.149999618530273,24.049999237060547,24.700000762939453,3667
2023-09-04,24.399999618530273,24.399999618530273,25.049999237060547,24.399999618530273,25.0,4734
2023-09-05,24.200000762939453,24.200000762939453,24.75,24.0,24.350000381469727,2438
2023-09-06,23.950000762939453,23.950000762939453,24.5,23.75,24.200000762939453,2379
2023-09-07,24.350000381469727,24.350000381469727,24.450000762939453,23.450000762939453,23.950000762939453,3980
2023-09-08,23.799999237060547,23.799999237060547,24.399999618530273,23.549999237060547,24.399999618530273,1757
2023-09-11,23.600000381469727,23.600000381469727,23.899999618530273,23.5,23.850000381469727,2082
2023-09-12,23.25,23.25,23.75,23.25,23.649999618530273,1874
2023-09-13,22.5,22.5,23.25,22.100000381469727,23.25,7079
2023-09-14,21.399999618530273,21.399999618530273,22.5,21.399999618530273,22.5,9951
2023-09-15,20.399999618530273,20.399999618530273,22.0,20.399999618530273,21.399999618530273,28720
2023-09-18,21.200000762939453,21.200000762939453,21.200000762939453,20.149999618530273,20.5,12540
2023-09-19,21.0,21.0,21.75,20.600000381469727,21.0,6862
2023-09-20,21.350000381469727,21.350000381469727,21.950000762939453,20.5,21.0,4662
2023-09-21,20.549999237060547,20.549999237060547,21.75,20.450000762939453,21.399999618530273,9176
2023-09-22,20.350000381469727,20.350000381469727,20.649999618530273,20.100000381469727,20.549999237060547,3667
2023-09-25,20.450000762939453,20.450000762939453,20.600000381469727,20.049999237060547,20.25,3179
2023-09-26,20.0,20.0,20.5,19.899999618530273,20.450000762939453,3263
2023-09-27,20.399999618530273,20.399999618530273,20.450000762939453,19.760000228881836,20.0,4159
2023-09-28,23.649999618530273,23.649999618530273,24.549999237060547,20.5,20.5,34156
2023-09-29,23.950000762939453,23.950000762939453,24.5,23.200000762939453,23.950000762939453,16776
2023-10-02,22.799999237060547,22.799999237060547,24.5,22.799999237060547,23.950000762939453,6360
2023-10-03,22.549999237060547,22.549999237060547,23.399999618530273,22.350000381469727,23.0,2597
2023-10-04,23.299999237060547,23.299999237060547,23.5,22.600000381469727,22.600000381469727,1993
2023-10-05,22.75,22.75,23.399999618530273,22.549999237060547,23.299999237060547,4366
2023-10-06,22.100000381469727,22.100000381469727,22.75,21.649999618530273,22.549999237060547,8626
2023-10-09,21.850000381469727,21.850000381469727,22.399999618530273,21.75,22.149999618530273,3370
2023-10-10,22.450000762939453,22.450000762939453,22.799999237060547,21.850000381469727,22.0,3524
2023-10-11,22.049999237060547,22.049999237060547,22.75,22.049999237060547,22.5,2499
2023-10-12,22.700000762939453,22.700000762939453,23.899999618530273,22.350000381469727,23.899999618530273,4484
2023-10-13,22.649999618530273,22.649999618530273,22.75,22.25,22.75,4945
2023-10-16,22.899999618530273,22.899999618530273,23.25,22.399999618530273,22.649999618530273,5883
2023-10-17,23.200000762939453,23.200000762939453,23.75,22.899999618530273,23.350000381469727,6192
2023-10-18,23.049999237060547,23.049999237060547,23.450000762939453,22.75,23.450000762939453,3753
2023-10-19,23.350000381469727,23.350000381469727,23.450000762939453,22.700000762939453,23.450000762939453,10232
2023-10-20,23.100000381469727,23.100000381469727,23.700000762939453,22.850000381469727,23.350000381469727,7760
2023-10-23,23.700000762939453,23.700000762939453,23.850000381469727,23.100000381469727,23.450000762939453,6609
2023-10-24,23.899999618530273,23.899999618530273,24.0,23.700000762939453,24.0,7828
2023-10-25,23.950000762939453,23.950000762939453,24.350000381469727,23.450000762939453,23.950000762939453,3603
2023-10-26,27.0,27.0,27.149999618530273,23.799999237060547,24.0,41787
2023-10-27,27.850000381469727,27.850000381469727,29.700000762939453,27.600000381469727,27.799999237060547,49406
2023-10-30,29.049999237060547,29.049999237060547,30.649999618530273,28.399999618530273,28.649999618530273,40899
2023-10-31,27.950000762939453,27.950000762939453,29.899999618530273,27.350000381469727,29.399999618530273,30350
2023-11-01,27.799999237060547,27.799999237060547,28.75,27.700000762939453,27.950000762939453,10011
2023-11-02,27.899999618530273,27.899999618530273,28.799999237060547,27.600000381469727,28.600000381469727,18342
2023-11-03,28.25,28.25,28.649999618530273,27.899999618530273,27.899999618530273,11151
2023-11-06,27.950000762939453,27.950000762939453,28.649999618530273,27.850000381469727,28.25,14857
2023-11-07,28.600000381469727,28.600000381469727,28.600000381469727,28.049999237060547,28.100000381469727,12776
2023-11-08,29.950000762939453,29.950000762939453,29.950000762939453,28.299999237060547,28.549999237060547,17378
2023-11-09,30.149999618530273,30.149999618530273,30.399999618530273,29.600000381469727,29.950000762939453,19373
2023-11-10,29.799999237060547,29.799999237060547,30.149999618530273,28.700000762939453,30.149999618530273,7223
2023-11-13,29.5,29.5,30.399999618530273,29.049999237060547,29.850000381469727,8704
2023-11-14,29.200000762939453,29.200000762939453,29.850000381469727,29.100000381469727,29.799999237060547,7850
2023-11-15,28.850000381469727,28.850000381469727,29.399999618530273,28.5,29.200000762939453,7636
2023-11-16,28.0,28.0,28.450000762939453,27.600000381469727,28.399999618530273,10671
2023-11-17,27.0,27.0,28.399999618530273,26.649999618530273,28.0,13922
2023-11-20,26.5,26.5,27.0,26.149999618530273,27.0,8666
2023-11-21,26.5,26.5,26.700000762939453,26.049999237060547,26.549999237060547,6107
2023-11-22,26.799999237060547,26.799999237060547,27.5,26.5,26.5,5478
2023-11-23,26.899999618530273,26.899999618530273,27.149999618530273,26.700000762939453,27.049999237060547,3072
2023-11-24,26.200000762939453,26.200000762939453,26.549999237060547,26.0,26.0,7979
2023-11-27,25.950000762939453,25.950000762939453,26.299999237060547,25.799999237060547,26.200000762939453,5933
2023-11-28,26.75,26.75,27.299999237060547,25.899999618530273,26.0,7802
2023-11-29,27.100000381469727,27.100000381469727,27.299999237060547,26.5,26.75,6933
2023-11-30,27.25,27.25,27.5,26.799999237060547,27.100000381469727,9934
2023-12-01,26.350000381469727,26.350000381469727,27.25,26.299999237060547,27.25,10082
2023-12-04,27.100000381469727,27.100000381469727,27.399999618530273,26.350000381469727,26.450000762939453,15136
2023-12-05,26.450000762939453,26.450000762939453,27.100000381469727,26.049999237060547,27.100000381469727,7778
2023-12-07,26.049999237060547,26.049999237060547,27.0,25.700000762939453,26.700000762939453,11498
2023-12-08,27.100000381469727,27.100000381469727,27.25,25.100000381469727,26.649999618530273,24571
2023-12-11,26.649999618530273,26.649999618530273,27.100000381469727,26.450000762939453,27.100000381469727,6379
2023-12-12,26.5,26.5,26.850000381469727,26.5,26.649999618530273,2098
2023-12-13,26.299999237060547,26.299999237060547,26.799999237060547,25.649999618530273,26.549999237060547,7886
2023-12-14,25.049999237060547,25.049999237060547,26.299999237060547,25.0,26.299999237060547,18842
2023-12-15,24.149999618530273,24.149999618530273,24.950000762939453,23.899999618530273,24.950000762939453,18688
2023-12-18,23.700000762939453,23.700000762939453,24.149999618530273,23.25,24.149999618530273,12720
2023-12-19,24.100000381469727,24.100000381469727,24.299999237060547,23.549999237060547,23.700000762939453,10216
2023-12-20,24.399999618530273,24.399999618530273,24.399999618530273,24.149999618530273,24.299999237060547,8320
2023-12-21,24.75,24.75,24.799999237060547,24.149999618530273,24.399999618530273,7781
2023-12-22,24.799999237060547,24.799999237060547,24.799999237060547,24.0,24.600000381469727,12924
2023-12-27,24.600000381469727,24.600000381469727,25.149999618530273,24.5,24.799999237060547,10783
2023-12-28,24.649999618530273,24.649999618530273,24.950000762939453,24.200000762939453,24.600000381469727,11264
2023-12-29,25.399999618530273,25.399999618530273,25.5,24.5,24.5,20186
2024-01-02,24.5,24.5,25.850000381469727,24.350000381469727,25.399999618530273,14764
2024-01-03,24.299999237060547,24.299999237060547,24.950000762939453,23.899999618530273,24.950000762939453,8732
2024-01-04,25.25,25.25,25.350000381469727,24.350000381469727,24.450000762939453,10450
2024-01-05,25.0,25.0,25.450000762939453,24.75,24.799999237060547,4392
2024-01-08,25.350000381469727,25.350000381469727,25.450000762939453,24.799999237060547,25.0,6676
2024-01-09,25.100000381469727,25.100000381469727,25.5,25.049999237060547,25.350000381469727,2128
2024-01-10,26.25,26.25,26.299999237060547,25.200000762939453,25.200000762939453,6452
2024-01-11,25.799999237060547,25.799999237060547,26.350000381469727,25.350000381469727,26.0,8200
2024-01-12,26.149999618530273,26.149999618530273,26.5,25.950000762939453,26.149999618530273,4273
2024-01-15,25.549999237060547,25.549999237060547,26.149999618530273,25.549999237060547,26.100000381469727,815
2024-01-16,25.5,25.5,25.899999618530273,25.25,25.549999237060547,2079
2024-01-17,24.75,24.75,25.5,24.350000381469727,25.5,4726
2024-01-18,24.850000381469727,24.850000381469727,25.200000762939453,24.5,24.549999237060547,2722
2024-01-19,24.450000762939453,24.450000762939453,25.049999237060547,24.399999618530273,24.850000381469727,3278
2024-01-22,24.450000762939453,24.450000762939453,24.799999237060547,24.0,24.450000762939453,4557
2024-01-23,24.5,24.5,24.799999237060547,24.149999618530273,24.5,3947
2024-01-24,24.850000381469727,24.850000381469727,25.0,24.549999237060547,24.700000762939453,2812
2024-01-25,24.600000381469727,24.600000381469727,24.799999237060547,24.299999237060547,24.700000762939453,2769
2024-01-26,24.450000762939453,24.450000762939453,24.649999618530273,24.200000762939453,24.549999237060547,1983
2024-01-29,24.649999618530273,24.649999618530273,24.649999618530273,23.950000762939453,24.450000762939453,2775
2024-01-30,24.100000381469727,24.100000381469727,24.649999618530273,23.799999237060547,24.649999618530273,6241
2024-01-31,23.700000762939453,23.700000762939453,23.950000762939453,23.5,23.950000762939453,4685
2024-02-01,23.450000762939453,23.450000762939453,23.950000762939453,23.399999618530273,23.450000762939453,3252
2024-02-02,23.850000381469727,23.850000381469727,23.850000381469727,23.299999237060547,23.450000762939453,4657
2024-02-05,22.899999618530273,22.899999618530273,23.850000381469727,22.549999237060547,23.75,19559
2024-02-06,21.600000381469727,21.600000381469727,23.350000381469727,20.049999237060547,22.899999618530273,67485
2024-02-07,18.280000686645508,18.280000686645508,20.899999618530273,17.979999542236328,20.899999618530273,116219
2024-02-08,17.719999313354492,17.719999313354492,18.700000762939453,17.100000381469727,18.399999618530273,53804
2024-02-09,18.040000915527344,18.040000915527344,18.239999771118164,17.459999084472656,17.739999771118164,15177
2024-02-12,17.6200008392334,17.6200008392334,18.399999618530273,17.15999984741211,18.079999923706055,19134
2024-02-13,18.34000015258789,18.34000015258789,18.799999237060547,18.0,18.0,54951
2024-02-14,18.559999465942383,18.559999465942383,18.84000015258789,18.18000030517578,18.84000015258789,19473
2024-02-15,18.219999313354492,18.219999313354492,18.65999984741211,18.15999984741211,18.65999984741211,7616
2024-02-16,17.020000457763672,17.020000457763672,17.299999237060547,16.559999465942383,17.280000686645508,48015
2024-02-19,17.459999084472656,17.459999084472656,17.5,17.079999923706055,17.079999923706055,10096
2024-02-20,17.040000915527344,17.040000915527344,17.520000457763672,17.040000915527344,17.479999542236328,6612
2024-02-21,16.81999969482422,16.81999969482422,17.200000762939453,16.739999771118164,17.100000381469727,11530
2024-02-22,16.719999313354492,16.719999313354492,16.81999969482422,16.559999465942383,16.81999969482422,8253
2024-02-23,16.479999542236328,16.479999542236328,16.780000686645508,16.18000030517578,16.719999313354492,8648
2024-02-26,15.899999618530273,15.899999618530273,16.459999084472656,15.859999656677246,16.459999084472656,18181
2024-02-27,15.920000076293945,15.920000076293945,16.100000381469727,15.65999984741211,15.899999618530273,15619
2024-02-28,15.880000114440918,15.880000114440918,16.520000457763672,15.699999809265137,16.1200008392334,16294
2024-02-29,16.760000228881836,16.760000228881836,16.860000610351562,16.299999237060547,16.299999237060547,18166
2024-03-01,16.479999542236328,16.479999542236328,16.700000762939453,16.100000381469727,16.700000762939453,9284
2024-03-04,16.440000534057617,16.440000534057617,16.899999618530273,16.200000762939453,16.5,11584
2024-03-05,16.1200008392334,16.1200008392334,16.65999984741211,16.020000457763672,16.520000457763672,7193
2024-03-06,16.579999923706055,16.579999923706055,16.6200008392334,15.979999542236328,16.100000381469727,8846
2024-03-07,16.15999984741211,16.15999984741211,16.579999923706055,16.100000381469727,16.559999465942383,9490
2024-03-08,16.219999313354492,16.219999313354492,16.260000228881836,16.0,16.18000030517578,4737
2024-03-11,15.800000190734863,15.800000190734863,16.260000228881836,15.760000228881836,16.219999313354492,6899
2024-03-12,16.280000686645508,16.280000686645508,16.3799991607666,15.760000228881836,15.760000228881836,8884
2024-03-13,16.399999618530273,16.399999618530273,16.559999465942383,16.280000686645508,16.280000686645508,7602
2024-03-14,16.700000762939453,16.700000762939453,17.299999237060547,16.559999465942383,16.65999984741211,18908
2024-03-15,17.040000915527344,17.040000915527344,17.1200008392334,16.6200008392334,16.68000030517578,13054
2024-03-18,17.100000381469727,17.100000381469727,17.5,17.040000915527344,17.059999465942383,8339
2024-03-19,16.899999618530273,16.899999618530273,17.639999389648438,16.579999923706055,17.200000762939453,11230
2024-03-20,16.700000762939453,16.700000762939453,17.440000534057617,16.5,16.84000015258789,9033
2024-03-21,16.860000610351562,16.860000610351562,17.0,16.579999923706055,16.780000686645508,6658
2024-03-22,16.84000015258789,16.84000015258789,17.100000381469727,16.440000534057617,17.100000381469727,7812
2024-03-25,16.239999771118164,16.239999771118164,17.079999923706055,16.219999313354492,16.84000015258789,9594
2024-03-26,16.31999969482422,16.31999969482422,16.459999084472656,16.020000457763672,16.239999771118164,5344
2024-03-27,16.420000076293945,16.420000076293945,16.68000030517578,16.299999237060547,16.31999969482422,6434
2024-03-28,16.34000015258789,16.34000015258789,16.600000381469727,16.15999984741211,16.600000381469727,25857
2024-04-02,16.260000228881836,16.260000228881836,16.639999389648438,16.1200008392334,16.360000610351562,5556
2024-04-03,16.440000534057617,16.440000534057617,16.600000381469727,16.100000381469727,16.280000686645508,5808
2024-04-04,16.5,16.5,16.639999389648438,16.360000610351562,16.440000534057617,7230
2024-04-05,16.760000228881836,16.760000228881836,16.84000015258789,16.399999618530273,16.459999084472656,6803
2024-04-08,16.8799991607666,16.8799991607666,16.979999542236328,16.65999984741211,16.799999237060547,5243
2024-04-09,16.84000015258789,16.84000015258789,16.979999542236328,16.639999389648438,16.799999237060547,7020
2024-04-10,16.739999771118164,16.739999771118164,17.0,16.639999389648438,16.84000015258789,4740
2024-04-11,16.739999771118164,16.739999771118164,16.940000534057617,16.5,16.760000228881836,9930
2024-04-12,16.940000534057617,16.940000534057617,17.360000610351562,16.860000610351562,16.959999084472656,9504
2024-04-15,16.780000686645508,16.780000686645508,16.940000534057617,16.520000457763672,16.940000534057617,7193
2024-04-16,16.579999923706055,16.579999923706055,16.780000686645508,16.260000228881836,16.5,9306
2024-04-17,16.579999923706055,16.579999923706055,16.6200008392334,16.3799991607666,16.579999923706055,3984
2024-04-18,16.780000686645508,16.780000686645508,16.780000686645508,16.420000076293945,16.579999923706055,1788
2024-04-19,16.65999984741211,16.65999984741211,16.780000686645508,16.579999923706055,16.780000686645508,4043
2024-04-22,16.739999771118164,16.739999771118164,16.8799991607666,16.639999389648438,16.65999984741211,2921
2024-04-23,16.860000610351562,16.860000610351562,16.920000076293945,16.600000381469727,16.739999771118164,2712
2024-04-24,16.520000457763672,16.520000457763672,16.8799991607666,16.440000534057617,16.81999969482422,2746
2024-04-25,16.399999618530273,16.399999618530273,16.760000228881836,16.299999237060547,16.520000457763672,8348
2024-04-26,18.719999313354492,18.719999313354492,19.68000030517578,16.399999618530273,16.399999618530273,63785
2024-04-29,19.200000762939453,19.200000762939453,19.979999542236328,18.399999618530273,19.079999923706055,38520
2024-04-30,19.100000381469727,19.100000381469727,19.399999618530273,18.8799991607666,19.239999771118164,7878
2024-05-02,19.579999923706055,19.579999923706055,19.899999618530273,18.719999313354492,19.059999465942383,18029
2024-05-03,20.100000381469727,20.100000381469727,20.149999618530273,19.639999389648438,19.639999389648438,7111
2024-05-06,18.81999969482422,18.81999969482422,20.200000762939453,18.700000762939453,20.100000381469727,12176
2024-05-07,18.739999771118164,18.739999771118164,19.959999084472656,18.299999237060547,18.860000610351562,11335
2024-05-08,18.079999923706055,18.079999923706055,18.940000534057617,18.079999923706055,18.799999237060547,6803
2024-05-10,18.579999923706055,18.579999923706055,18.700000762939453,17.899999618530273,18.18000030517578,8851
2024-05-13,18.719999313354492,18.719999313354492,18.719999313354492,18.020000457763672,18.6200008392334,5481
2024-05-14,19.219999313354492,19.219999313354492,19.3799991607666,18.579999923706055,18.700000762939453,7917
2024-05-15,19.31999969482422,19.31999969482422,19.34000015258789,19.0,19.139999389648438,8883
2024-05-16,18.959999084472656,18.959999084472656,19.360000610351562,18.940000534057617,19.31999969482422,3558
2024-05-17,19.079999923706055,19.079999923706055,19.280000686645508,18.799999237060547,18.920000076293945,4909
2024-05-20,20.0,20.0,20.100000381469727,19.079999923706055,19.079999923706055,34607
2024-05-21,19.479999542236328,19.479999542236328,20.0,19.1200008392334,19.979999542236328,5476
2024-05-22,19.399999618530273,19.399999618530273,19.81999969482422,19.139999389648438,19.81999969482422,2736
2024-05-23,19.360000610351562,19.360000610351562,19.899999618530273,19.15999984741211,19.719999313354492,7689
2024-05-24,19.200000762939453,19.200000762939453,19.360000610351562,18.920000076293945,19.360000610351562,4877
2024-05-27,19.34000015258789,19.34000015258789,19.360000610351562,19.079999923706055,19.200000762939453,3561
2024-05-28,19.68000030517578,19.68000030517578,19.68000030517578,19.31999969482422,19.440000534057617,3530
2024-05-29,19.799999237060547,19.799999237060547,19.799999237060547,18.860000610351562,19.68000030517578,9710
2024-05-30,20.350000381469727,20.350000381469727,20.75,19.200000762939453,19.399999618530273,28647
2024-05-31,20.350000381469727,20.350000381469727,22.350000381469727,19.639999389648438,20.149999618530273,85139
2024-06-03,19.360000610351562,19.360000610351562,20.5,19.360000610351562,20.350000381469727,18175
2024-06-04,19.81999969482422,19.81999969482422,20.100000381469727,19.520000457763672,19.600000381469727,6895
2024-06-05,20.149999618530273,20.149999618530273,20.299999237060547,19.700000762939453,19.81999969482422,2232
2024-06-06,20.25,20.25,20.799999237060547,20.049999237060547,20.350000381469727,6103
2024-06-07,20.200000762939453,20.200000762939453,20.5,19.860000610351562,20.5,3515
2024-06-10,19.68000030517578,19.68000030517578,20.149999618530273,19.360000610351562,20.149999618530273,4754
2024-06-11,19.15999984741211,19.15999984741211,19.65999984741211,19.059999465942383,19.520000457763672,5312
2024-06-12,19.18000030517578,19.18000030517578,19.360000610351562,19.059999465942383,19.18000030517578,3181
2024-06-13,18.420000076293945,18.420000076293945,19.260000228881836,18.420000076293945,19.200000762939453,7740
2024-06-14,17.959999084472656,17.959999084472656,18.540000915527344,17.899999618530273,18.420000076293945,5100
2024-06-17,17.719999313354492,17.719999313354492,18.299999237060547,17.399999618530273,18.040000915527344,5959
2024-06-18,17.979999542236328,17.979999542236328,18.34000015258789,17.34000015258789,17.719999313354492,3610
2024-06-19,17.399999618530273,17.399999618530273,17.979999542236328,17.360000610351562,17.979999542236328,3504
2024-06-20,17.65999984741211,17.65999984741211,18.1200008392334,17.420000076293945,18.1200008392334,5572
2024-06-24,17.719999313354492,17.719999313354492,17.979999542236328,17.34000015258789,17.34000015258789,2897
2024-06-25,17.8799991607666,17.8799991607666,17.8799991607666,17.540000915527344,17.84000015258789,1005
2024-06-26,17.399999618530273,17.399999618530273,17.8799991607666,17.360000610351562,17.8799991607666,2421
2024-06-27,17.3799991607666,17.3799991607666,17.540000915527344,17.15999984741211,17.399999618530273,5105
2024-06-28,17.559999465942383,17.559999465942383,17.8799991607666,17.299999237060547,17.3799991607666,2897
2024-07-01,17.3799991607666,17.3799991607666,17.920000076293945,17.360000610351562,17.559999465942383,4745
2024-07-02,17.6200008392334,17.6200008392334,17.780000686645508,17.360000610351562,17.360000610351562,1815
2024-07-03,17.600000381469727,17.600000381469727,17.600000381469727,17.200000762939453,17.600000381469727,2626
2024-07-04,18.1200008392334,18.1200008392334,18.219999313354492,17.65999984741211,17.65999984741211,2529
2024-07-05,17.719999313354492,17.719999313354492,18.1200008392334,17.600000381469727,18.1200008392334,2415
2024-07-08,18.020000457763672,18.020000457763672,18.520000457763672,17.719999313354492,17.780000686645508,1053
2024-07-09,17.940000534057617,17.940000534057617,18.0,17.68000030517578,17.799999237060547,2468
2024-07-10,17.979999542236328,17.979999542236328,18.15999984741211,17.719999313354492,17.719999313354492,4488
2024-07-11,18.520000457763672,18.520000457763672,18.68000030517578,17.780000686645508,18.0,4348
2024-07-12,18.15999984741211,18.15999984741211,18.5,17.940000534057617,18.5,2075
2024-07-15,17.84000015258789,17.84000015258789,18.139999389648438,17.65999984741211,18.139999389648438,3084
2024-07-16,17.899999618530273,17.899999618530273,18.100000381469727,17.760000228881836,18.0,1115
2024-07-17,17.719999313354492,17.719999313354492,17.8799991607666,17.600000381469727,17.639999389648438,1761
2024-07-18,17.559999465942383,17.559999465942383,17.84000015258789,17.559999465942383,17.760000228881836,892
2024-07-19,17.3799991607666,17.3799991607666,17.700000762939453,17.31999969482422,17.559999465942383,1213
2024-07-22,17.3799991607666,17.3799991607666,17.959999084472656,17.3799991607666,17.399999618530273,1684
2024-07-23,17.200000762939453,17.200000762939453,17.6200008392334,17.139999389648438,17.3799991607666,2782
2024-07-24,17.399999618530273,17.399999618530273,17.5,17.0,17.200000762939453,4409
2024-07-25,17.200000762939453,17.200000762939453,17.200000762939453,17.040000915527344,17.18000030517578,2396
2024-07-26,17.1200008392334,17.1200008392334,17.700000762939453,17.059999465942383,17.200000762939453,2335
2024-07-29,17.200000762939453,17.200000762939453,17.200000762939453,17.0,17.1200008392334,2680
2024-07-30,17.100000381469727,17.100000381469727,17.200000762939453,16.700000762939453,16.700000762939453,4462
2024-07-31,17.799999237060547,17.799999237060547,17.799999237060547,16.899999618530273,16.899999618530273,1359
2024-08-01,17.639999389648438,17.639999389648438,17.780000686645508,17.280000686645508,17.780000686645508,1796
2024-08-02,17.0,17.0,17.459999084472656,17.0,17.079999923706055,2082
2024-08-05,16.420000076293945,16.420000076293945,17.0,15.300000190734863,16.420000076293945,8472
2024-08-06,17.079999923706055,17.079999923706055,17.479999542236328,16.3799991607666,16.3799991607666,2569
2024-08-07,17.479999542236328,17.479999542236328,17.899999618530273,16.81999969482422,17.0,2635
2024-08-08,17.520000457763672,17.520000457763672,17.899999618530273,17.459999084472656,17.6200008392334,1857
2024-08-09,17.200000762939453,17.200000762939453,17.5,16.5,17.5,6701
2024-08-12,17.100000381469727,17.100000381469727,17.360000610351562,16.739999771118164,17.280000686645508,4796
2024-08-13,17.34000015258789,17.34000015258789,17.5,16.8799991607666,16.920000076293945,5818
2024-08-14,17.18000030517578,17.18000030517578,17.34000015258789,16.899999618530273,17.31999969482422,2930
2024-08-15,17.0,17.0,17.31999969482422,16.8799991607666,17.18000030517578,2029
2024-08-16,17.0,17.0,17.200000762939453,16.940000534057617,17.0,1640
2024-08-19,17.260000228881836,17.260000228881836,17.360000610351562,17.040000915527344,17.040000915527344,1731
2024-08-20,17.040000915527344,17.040000915527344,17.15999984741211,16.959999084472656,17.139999389648438,1607
2024-08-21,16.899999618530273,16.899999618530273,17.139999389648438,16.81999969482422,17.040000915527344,2004
2024-08-22,16.780000686645508,16.780000686645508,17.079999923706055,16.600000381469727,16.899999618530273,4181
2024-08-23,16.979999542236328,16.979999542236328,17.0,16.68000030517578,16.68000030517578,2660
2024-08-26,16.860000610351562,16.860000610351562,17.200000762939453,16.860000610351562,17.0,4126
2024-08-27,17.260000228881836,17.260000228881836,17.260000228881836,16.8799991607666,16.8799991607666,1982
2024-08-28,16.799999237060547,16.799999237060547,17.260000228881836,16.799999237060547,17.139999389648438,11145
2024-08-29,17.0,17.0,17.0,16.700000762939453,16.799999237060547,1511
2024-08-30,18.239999771118164,18.239999771118164,18.940000534057617,18.0,18.239999771118164,17329
2024-09-02,17.899999618530273,17.899999618530273,18.200000762939453,17.65999984741211,18.200000762939453,7584
2024-09-03,17.399999618530273,17.399999618530273,17.8799991607666,17.219999313354492,17.8799991607666,4648
2024-09-04,17.5,17.5,17.600000381469727,17.059999465942383,17.420000076293945,2963
2024-09-05,17.899999618530273,17.899999618530273,18.0,17.479999542236328,17.799999237060547,3983
2024-09-06,17.459999084472656,17.459999084472656,17.8799991607666,17.31999969482422,17.8799991607666,1391
2024-09-09,16.920000076293945,16.920000076293945,17.3799991607666,16.700000762939453,17.219999313354492,5912
2024-09-10,16.81999969482422,16.81999969482422,16.959999084472656,16.5,16.920000076293945,4825
2024-09-11,16.540000915527344,16.540000915527344,16.739999771118164,16.399999618530273,16.559999465942383,3109
2024-09-12,16.639999389648438,16.639999389648438,16.799999237060547,16.540000915527344,16.600000381469727,2408
2024-09-13,16.700000762939453,16.700000762939453,16.799999237060547,16.520000457763672,16.600000381469727,2436
2024-09-16,16.719999313354492,16.719999313354492,16.780000686645508,16.440000534057617,16.65999984741211,2501
2024-09-17,16.799999237060547,16.799999237060547,16.799999237060547,16.5,16.719999313354492,1295
2024-09-18,16.600000381469727,16.600000381469727,16.700000762939453,16.5,16.6200008392334,1954
2024-09-19,16.940000534057617,16.940000534057617,17.0,16.600000381469727,16.600000381469727,2051
2024-09-20,16.8799991607666,16.8799991607666,17.0,16.559999465942383,16.940000534057617,1995
2024-09-23,16.799999237060547,16.799999237060547,16.860000610351562,16.18000030517578,16.600000381469727,3022
2024-09-24,16.65999984741211,16.65999984741211,16.84000015258789,16.540000915527344,16.799999237060547,1050
2024-09-25,16.920000076293945,16.920000076293945,17.100000381469727,16.65999984741211,16.65999984741211,1994
2024-09-26,16.600000381469727,16.600000381469727,16.979999542236328,16.31999969482422,16.959999084472656,4107
2024-09-27,16.940000534057617,16.940000534057617,17.15999984741211,16.639999389648438,16.639999389648438,6195
2024-09-30,16.940000534057617,16.940000534057617,17.280000686645508,16.799999237060547,16.959999084472656,4591
2024-10-01,16.6200008392334,16.6200008392334,17.260000228881836,16.420000076293945,16.959999084472656,5130
2024-10-02,16.559999465942383,16.559999465942383,16.860000610351562,16.520000457763672,16.739999771118164,1928
2024-10-03,16.399999618530273,16.399999618530273,16.600000381469727,16.260000228881836,16.579999923706055,3117
2024-10-04,16.459999084472656,16.459999084472656,16.5,16.200000762939453,16.399999618530273,2943
2024-10-07,16.260000228881836,16.260000228881836,16.479999542236328,16.260000228881836,16.459999084472656,2730
2024-10-08,16.260000228881836,16.260000228881836,16.399999618530273,16.100000381469727,16.299999237060547,3344
2024-10-09,16.100000381469727,16.100000381469727,16.299999237060547,16.040000915527344,16.299999237060547,10109
2024-10-10,15.979999542236328,15.979999542236328,16.1200008392334,15.920000076293945,16.1200008392334,6794
2024-10-11,15.979999542236328,15.979999542236328,15.979999542236328,15.739999771118164,15.920000076293945,5961
2024-10-14,15.800000190734863,15.800000190734863,16.0,15.760000228881836,15.979999542236328,3287
2024-10-15,15.720000267028809,15.720000267028809,16.079999923706055,15.680000305175781,15.800000190734863,5112
2024-10-16,15.739999771118164,15.739999771118164,15.960000038146973,15.600000381469727,15.65999984741211,1747
2024-10-17,15.739999771118164,15.739999771118164,15.920000076293945,15.739999771118164,15.739999771118164,1584
2024-10-18,16.020000457763672,16.020000457763672,16.1200008392334,15.880000114440918,16.0,3163
2024-10-21,15.920000076293945,15.920000076293945,16.0,15.699999809265137,16.0,4064
2024-10-22,15.899999618530273,15.899999618530273,15.920000076293945,15.600000381469727,15.920000076293945,2992
2024-10-23,16.0,16.0,16.020000457763672,15.880000114440918,15.899999618530273,2122
2024-10-24,16.0,16.0,16.059999465942383,15.739999771118164,15.739999771118164,899
2024-10-25,16.0,16.0,16.0,15.479999542236328,15.920000076293945,3166
2024-10-28,15.899999618530273,15.899999618530273,16.0,15.640000343322754,16.0,3093
2024-10-29,15.819999694824219,15.819999694824219,15.899999618530273,15.65999984741211,15.859999656677246,1238
2024-10-30,15.899999618530273,15.899999618530273,16.0,15.779999732971191,15.800000190734863,13626
2024-10-31,15.720000267028809,15.720000267028809,15.920000076293945,15.5,15.920000076293945,4559
2024-11-01,15.319999694824219,15.319999694824219,16.459999084472656,14.979999542236328,15.920000076293945,18903
2024-11-04,14.960000038146973,14.960000038146973,15.279999732971191,14.880000114440918,15.279999732971191,9617
2024-11-05,14.5600004196167,14.5600004196167,14.9399995803833,14.460000038146973,14.9399995803833,8029
2024-11-06,14.359999656677246,14.359999656677246,14.9399995803833,14.119999885559082,14.640000343322754,9823
2024-11-07,14.079999923706055,14.079999923706055,14.319999694824219,13.920000076293945,14.100000381469727,9998
2024-11-08,14.0,14.0,14.5,13.779999732971191,14.079999923706055,7956
2024-11-11,13.420000076293945,13.420000076293945,13.979999542236328,13.220000267028809,13.979999542236328,15489
2024-11-12,13.079999923706055,13.079999923706055,13.420000076293945,12.920000076293945,13.420000076293945,13750
2024-11-13,13.119999885559082,13.119999885559082,13.199999809265137,12.760000228881836,12.979999542236328,11865
2024-11-14,13.199999809265137,13.199999809265137,13.479999542236328,13.0600004196167,13.180000305175781,15010
2024-11-15,13.600000381469727,13.600000381469727,13.619999885559082,13.199999809265137,13.199999809265137,7987
2024-11-18,13.199999809265137,13.199999809265137,14.239999771118164,13.180000305175781,13.600000381469727,7265
2024-11-19,12.899999618530273,12.899999618530273,13.65999984741211,12.720000267028809,13.420000076293945,16876
2024-11-20,12.899999618530273,12.899999618530273,13.5,12.819999694824219,13.15999984741211,16214
2024-11-21,13.0600004196167,13.0600004196167,13.279999732971191,12.920000076293945,12.9399995803833,6950
2024-11-22,13.239999771118164,13.239999771118164,13.5,13.180000305175781,13.279999732971191,10156
2024-11-25,13.779999732971191,13.779999732971191,13.859999656677246,13.279999732971191,13.380000114440918,6204
2024-11-26,14.0,14.0,14.039999961853027,13.640000343322754,13.920000076293945,10669
2024-11-27,14.100000381469727,14.100000381469727,14.300000190734863,13.84000015258789,13.84000015258789,13648
2024-11-28,14.680000305175781,14.680000305175781,14.880000114440918,14.140000343322754,14.140000343322754,12240
2024-11-29,14.479999542236328,14.479999542236328,15.380000114440918,14.479999542236328,14.699999809265137,108313
2024-12-02,14.479999542236328,14.479999542236328,14.84000015258789,14.239999771118164,14.640000343322754,7565
2024-12-03,14.279999732971191,14.279999732971191,14.920000076293945,14.260000228881836,14.5600004196167,8145
2024-12-04,14.460000038146973,14.460000038146973,14.479999542236328,14.239999771118164,14.279999732971191,7447
2024-12-05,14.100000381469727,14.100000381469727,14.4399995803833,14.100000381469727,14.4399995803833,5015
2024-12-09,13.819999694824219,13.819999694824219,14.100000381469727,13.760000228881836,14.079999923706055,9585
2024-12-10,14.0,14.0,14.399999618530273,13.760000228881836,13.819999694824219,14123
2024-12-11,14.420000076293945,14.420000076293945,14.4399995803833,14.020000457763672,14.020000457763672,7529
2024-12-12,13.979999542236328,13.979999542236328,14.300000190734863,13.84000015258789,14.300000190734863,5942
2024-12-13,13.979999542236328,13.979999542236328,14.319999694824219,13.859999656677246,13.9399995803833,11872
2024-12-16,13.65999984741211,13.65999984741211,14.020000457763672,13.619999885559082,14.0,7057
2024-12-17,13.5,13.5,13.699999809265137,13.420000076293945,13.65999984741211,11083
2024-12-18,13.5,13.5,13.800000190734863,13.34000015258789,13.479999542236328,13559
2024-12-19,13.399999618530273,13.399999618530273,13.600000381469727,13.34000015258789,13.460000038146973,17028
2024-12-20,13.300000190734863,13.300000190734863,13.380000114440918,13.100000381469727,13.380000114440918,24265
2024-12-23,13.300000190734863,13.300000190734863,13.399999618530273,13.020000457763672,13.319999694824219,22667
2024-12-27,14.0,14.0,14.100000381469727,13.300000190734863,13.300000190734863,22118
2024-12-30,14.0600004196167,14.0600004196167,14.100000381469727,13.279999732971191,13.800000190734863,32970
2025-01-02,14.640000343322754,14.640000343322754,14.699999809265137,14.0,14.039999961853027,14385
2025-01-03,14.520000457763672,14.520000457763672,14.699999809265137,14.359999656677246,14.640000343322754,12310
2025-01-07,13.739999771118164,13.739999771118164,14.600000381469727,13.739999771118164,14.520000457763672,14030
2025-01-08,13.460000038146973,13.460000038146973,13.779999732971191,13.34000015258789,13.779999732971191,10634
2025-01-09,13.5,13.5,13.640000343322754,13.420000076293945,13.479999542236328,5452
2025-01-10,13.5,13.5,13.579999923706055,13.399999618530273,13.539999961853027,3882
2025-01-13,13.819999694824219,13.819999694824219,14.0,13.5,13.520000457763672,8264
2025-01-14,13.880000114440918,13.880000114440918,13.979999542236328,13.720000267028809,13.920000076293945,4351
2025-01-15,13.779999732971191,13.779999732971191,13.899999618530273,13.680000305175781,13.880000114440918,5675
2025-01-16,13.720000267028809,13.720000267028809,13.800000190734863,13.619999885559082,13.760000228881836,3423
2025-01-17,14.079999923706055,14.079999923706055,14.180000305175781,13.5,13.640000343322754,7136
2025-01-20,14.0,14.0,14.319999694824219,13.819999694824219,14.0600004196167,5361
2025-01-21,13.9399995803833,13.9399995803833,14.0,13.84000015258789,13.979999542236328,3455
2025-01-22,13.960000038146973,13.960000038146973,14.100000381469727,13.880000114440918,13.880000114440918,3933
2025-01-23,13.920000076293945,13.920000076293945,14.039999961853027,13.899999618530273,14.020000457763672,5518
2025-01-24,13.899999618530273,13.899999618530273,14.039999961853027,13.899999618530273,13.979999542236328,5356
2025-01-27,13.760000228881836,13.760000228881836,13.960000038146973,13.680000305175781,13.960000038146973,5885
2025-01-28,13.5,13.5,13.760000228881836,13.399999618530273,13.760000228881836,14935
2025-01-29,13.380000114440918,13.380000114440918,13.920000076293945,13.359999656677246,13.5,9667
2025-01-30,13.319999694824219,13.319999694824219,13.4399995803833,13.180000305175781,13.380000114440918,16708
2025-01-31,13.239999771118164,13.239999771118164,13.399999618530273,13.239999771118164,13.300000190734863,8536
2025-02-03,13.239999771118164,13.239999771118164,13.239999771118164,13.020000457763672,13.220000267028809,10530
2025-02-04,13.100000381469727,13.100000381469727,13.279999732971191,12.979999542236328,13.220000267028809,10812
2025-02-05,12.9399995803833,12.9399995803833,13.0,12.9399995803833,13.0,12078
2025-02-06,12.880000114440918,12.880000114440918,13.039999961853027,12.859999656677246,12.960000038146973,4827
2025-02-07,12.960000038146973,12.960000038146973,13.0600004196167,12.920000076293945,12.920000076293945,4565
2025-02-10,12.920000076293945,12.920000076293945,13.140000343322754,12.920000076293945,13.020000457763672,8911
2025-02-11,12.9399995803833,12.9399995803833,12.960000038146973,12.800000190734863,12.920000076293945,7124
2025-02-12,13.979999542236328,13.979999542236328,13.979999542236328,13.5,13.5,29532
2025-02-13,13.800000190734863,13.800000190734863,13.979999542236328,13.520000457763672,13.979999542236328,13355
2025-02-14,13.819999694824219,13.819999694824219,13.899999618530273,13.699999809265137,13.899999618530273,6372
2025-02-17,14.020000457763672,14.020000457763672,14.020000457763672,13.819999694824219,13.84000015258789,13074
2025-02-18,14.65999984741211,14.65999984741211,14.720000267028809,14.039999961853027,14.039999961853027,14855
2025-02-19,14.319999694824219,14.319999694824219,14.5600004196167,14.0,14.539999961853027,11494
2025-02-20,14.319999694824219,14.319999694824219,14.319999694824219,13.979999542236328,14.300000190734863,6786
2025-02-21,14.119999885559082,14.119999885559082,14.34000015258789,14.020000457763672,14.34000015258789,4592
2025-02-24,13.9399995803833,13.9399995803833,14.119999885559082,13.84000015258789,14.100000381469727,4945
2025-02-25,14.039999961853027,14.039999961853027,14.199999809265137,13.9399995803833,13.9399995803833,4126
2025-02-26,14.260000228881836,14.260000228881836,14.380000114440918,14.0600004196167,14.079999923706055,6208
2025-02-27,14.039999961853027,14.039999961853027,14.260000228881836,13.899999618530273,14.260000228881836,10603
2025-02-28,13.880000114440918,13.880000114440918,14.020000457763672,13.640000343322754,14.020000457763672,5482
2025-03-03,13.699999809265137,13.699999809265137,13.880000114440918,13.5600004196167,13.880000114440918,9032
2025-03-04,13.199999809265137,13.199999809265137,13.5600004196167,13.079999923706055,13.5600004196167,7702
2025-03-05,13.319999694824219,13.319999694824219,13.479999542236328,13.100000381469727,13.100000381469727,3553
2025-03-06,13.460000038146973,13.460000038146973,13.65999984741211,13.279999732971191,13.380000114440918,2954
2025-03-07,13.640000343322754,13.640000343322754,13.680000305175781,13.180000305175781,13.65999984741211,5620
2025-03-10,13.4399995803833,13.4399995803833,13.699999809265137,13.300000190734863,13.680000305175781,4099
2025-03-11,13.15999984741211,13.15999984741211,13.739999771118164,13.079999923706055,13.739999771118164,8194
2025-03-12,12.960000038146973,12.960000038146973,13.359999656677246,12.920000076293945,13.319999694824219,5343
2025-03-13,13.479999542236328,13.479999542236328,13.479999542236328,12.960000038146973,12.979999542236328,2655
2025-03-14,13.319999694824219,13.319999694824219,13.479999542236328,13.039999961853027,13.479999542236328,4081
2025-03-17,13.640000343322754,13.640000343322754,13.760000228881836,13.199999809265137,13.199999809265137,6259
2025-03-18,13.479999542236328,13.479999542236328,13.819999694824219,13.399999618530273,13.800000190734863,3199
2025-03-19,13.399999618530273,13.399999618530273,13.800000190734863,13.300000190734863,13.5,5064
2025-03-20,13.380000114440918,13.380000114440918,13.899999618530273,13.220000267028809,13.899999618530273,6309
2025-03-21,14.239999771118164,14.239999771118164,14.5,13.760000228881836,13.760000228881836,12099
2025-03-24,13.640000343322754,13.640000343322754,14.239999771118164,13.640000343322754,14.239999771118164,9386
2025-03-25,14.0,14.0,14.479999542236328,13.65999984741211,13.65999984741211,4840
2025-03-26,14.079999923706055,14.079999923706055,14.319999694824219,14.020000457763672,14.0600004196167,3243
2025-03-27,14.100000381469727,14.100000381469727,14.220000267028809,13.65999984741211,14.100000381469727,4687
2025-03-28,14.300000190734863,14.300000190734863,14.359999656677246,13.979999542236328,14.15999984741211,12200
2025-03-31,14.0,14.0,14.279999732971191,13.859999656677246,14.199999809265137,8358
2025-04-01,14.4399995803833,14.4399995803833,14.460000038146973,13.899999618530273,13.979999542236328,12276
2025-04-02,14.279999732971191,14.279999732971191,14.4399995803833,14.119999885559082,14.4399995803833,2855
2025-04-03,13.859999656677246,13.859999656677246,14.220000267028809,13.739999771118164,14.15999984741211,5972
2025-04-04,13.319999694824219,13.319999694824219,13.979999542236328,13.100000381469727,13.979999542236328,17505
2025-04-07,13.0600004196167,13.0600004196167,13.100000381469727,12.100000381469727,12.5,21046
2025-04-08,13.359999656677246,13.359999656677246,13.9399995803833,13.15999984741211,13.180000305175781,8117
2025-04-09,12.920000076293945,12.920000076293945,13.279999732971191,12.859999656677246,13.279999732971191,7355
2025-04-10,13.380000114440918,13.380000114440918,13.880000114440918,13.359999656677246,13.520000457763672,5987
2025-04-11,13.5,13.5,13.640000343322754,13.399999618530273,13.399999618530273,2837
2025-04-14,13.819999694824219,13.819999694824219,13.960000038146973,13.699999809265137,13.920000076293945,5123
2025-04-15,14.0600004196167,14.0600004196167,14.119999885559082,13.819999694824219,13.819999694824219,8940
2025-04-16,14.0,14.0,14.0600004196167,13.899999618530273,14.0600004196167,3045
2025-04-17,14.0,14.0,14.039999961853027,13.880000114440918,14.020000457763672,3238
2025-04-22,14.0,14.0,14.0,13.84000015258789,14.0,2019
2025-04-23,14.399999618530273,14.399999618530273,14.479999542236328,14.140000343322754,14.140000343322754,4455
2025-04-24,14.479999542236328,14.479999542236328,14.539999961853027,14.140000343322754,14.399999618530273,4669
2025-04-25,14.600000381469727,14.600000381469727,14.760000228881836,14.479999542236328,14.520000457763672,4749
2025-04-28,14.960000038146973,14.960000038146973,14.960000038146973,14.600000381469727,14.600000381469727,7441
2025-04-29,15.079999923706055,15.079999923706055,15.140000343322754,14.899999618530273,14.9399995803833,4819
2025-04-30,16.420000076293945,16.420000076293945,16.459999084472656,15.720000267028809,15.720000267028809,25079
2025-05-02,17.299999237060547,17.299999237060547,17.399999618530273,16.6200008392334,16.6200008392334,22781
2025-05-05,17.81999969482422,17.81999969482422,17.899999618530273,17.31999969482422,17.34000015258789,19294
2025-05-06,17.65999984741211,17.65999984741211,18.0,17.0,17.979999542236328,12256
2025-05-07,17.6200008392334,17.6200008392334,17.639999389648438,17.18000030517578,17.639999389648438,10306
2025-05-08,17.979999542236328,17.979999542236328,18.139999389648438,17.600000381469727,17.600000381469727,9809
2025-05-09,17.899999618530273,17.899999618530273,18.079999923706055,17.84000015258789,17.84000015258789,5030
2025-05-12,17.780000686645508,17.780000686645508,18.15999984741211,17.6200008392334,17.84000015258789,5843
2025-05-13,17.959999084472656,17.959999084472656,18.0,17.780000686645508,17.780000686645508,2915
2025-05-14,18.700000762939453,18.700000762939453,18.899999618530273,17.940000534057617,17.959999084472656,16394
2025-05-15,18.959999084472656,18.959999084472656,18.979999542236328,18.700000762939453,18.719999313354492,8263
2025-05-16,18.68000030517578,18.68000030517578,19.040000915527344,18.360000610351562,18.959999084472656,9078
2025-05-19,17.799999237060547,17.799999237060547,18.540000915527344,17.260000228881836,18.540000915527344,8496
2025-05-20,18.0,18.0,18.239999771118164,17.799999237060547,17.799999237060547,3801
2025-05-21,17.559999465942383,17.559999465942383,18.15999984741211,17.5,18.020000457763672,4721
2025-05-22,17.559999465942383,17.559999465942383,17.6200008392334,17.3799991607666,17.6200008392334,774
2025-05-23,17.420000076293945,17.420000076293945,17.959999084472656,17.299999237060547,17.600000381469727,10786
2025-05-26,17.600000381469727,17.600000381469727,18.1200008392334,17.440000534057617,17.440000534057617,3711
2025-05-27,18.040000915527344,18.040000915527344,18.1200008392334,17.600000381469727,17.600000381469727,2603
2025-05-28,18.200000762939453,18.200000762939453,18.5,18.139999389648438,18.139999389648438,7205
2025-05-30,18.979999542236328,18.979999542236328,19.0,18.299999237060547,18.299999237060547,12603
2025-06-02,18.600000381469727,18.600000381469727,19.0,18.479999542236328,18.959999084472656,7513
2025-06-03,18.5,18.5,18.6200008392334,18.420000076293945,18.6200008392334,2959
2025-06-04,18.639999389648438,18.639999389648438,18.860000610351562,18.479999542236328,18.479999542236328,1886
2025-06-05,18.360000610351562,18.360000610351562,18.540000915527344,18.200000762939453,18.540000915527344,2831
2025-06-06,18.3799991607666,18.3799991607666,18.979999542236328,18.239999771118164,18.979999542236328,1441
2025-06-09,18.280000686645508,18.280000686645508,18.6200008392334,18.1200008392334,18.399999618530273,3653
2025-06-10,18.399999618530273,18.399999618530273,18.399999618530273,18.219999313354492,18.299999237060547,2307
2025-06-11,17.860000610351562,17.860000610351562,18.299999237060547,17.860000610351562,18.299999237060547,3629
2025-06-12,18.139999389648438,18.139999389648438,18.18000030517578,17.799999237060547,17.799999237060547,2707
2025-06-13,17.719999313354492,17.719999313354492,18.020000457763672,17.6200008392334,18.020000457763672,4462
2025-06-16,17.360000610351562,17.360000610351562,18.0,17.059999465942383,17.780000686645508,5021
2025-06-17,15.319999694824219,15.319999694824219,17.5,14.859999656677246,17.360000610351562,46591
2025-06-18,14.319999694824219,14.319999694824219,14.979999542236328,14.119999885559082,14.979999542236328,27142
2025-06-19,13.600000381469727,13.600000381469727,14.979999542236328,13.600000381469727,14.479999542236328,19261
2025-06-23,14.260000228881836,14.260000228881836,14.460000038146973,13.699999809265137,14.020000457763672,13161
2025-06-24,14.640000343322754,14.640000343322754,14.760000228881836,14.279999732971191,14.359999656677246,7171
2025-06-25,14.300000190734863,14.300000190734863,14.699999809265137,13.9399995803833,14.699999809265137,10015
2025-06-26,14.119999885559082,14.119999885559082,14.5,13.9399995803833,14.380000114440918,4612
2025-06-27,14.4399995803833,14.4399995803833,14.4399995803833,14.140000343322754,14.239999771118164,17045
2025-06-30,14.819999694824219,14.819999694824219,14.880000114440918,14.460000038146973,14.5600004196167,12943
2025-07-01,15.079999923706055,15.079999923706055,15.15999984741211,14.640000343322754,14.84000015258789,3990
2025-07-02,14.600000381469727,14.600000381469727,15.140000343322754,14.520000457763672,15.100000381469727,6165
2025-07-03,14.739999771118164,14.739999771118164,14.920000076293945,14.619999885559082,14.619999885559082,4242
2025-07-04,14.600000381469727,14.600000381469727,14.84000015258789,14.600000381469727,14.680000305175781,3133
2025-07-07,14.640000343322754,14.640000343322754,14.84000015258789,14.4399995803833,14.619999885559082,2475
2025-07-08,14.460000038146973,14.460000038146973,14.680000305175781,14.420000076293945,14.65999984741211,2757
2025-07-09,14.720000267028809,14.720000267028809,14.720000267028809,14.520000457763672,14.699999809265137,3634
2025-07-10,15.319999694824219,15.319999694824219,15.319999694824219,14.760000228881836,14.760000228881836,4091
2025-07-11,15.260000228881836,15.260000228881836,15.460000038146973,15.239999771118164,15.319999694824219,8344
2025-07-14,15.600000381469727,15.600000381469727,15.680000305175781,15.279999732971191,15.279999732971191,2689
2025-07-15,16.0,16.0,16.239999771118164,15.619999885559082,15.619999885559082,4476
2025-07-16,16.100000381469727,16.100000381469727,16.15999984741211,15.899999618530273,16.020000457763672,1915
2025-07-17,15.720000267028809,15.720000267028809,16.100000381469727,15.600000381469727,16.100000381469727,2291
2025-07-18,15.619999885559082,15.619999885559082,15.819999694824219,15.460000038146973,15.800000190734863,1491
2025-07-21,15.859999656677246,15.859999656677246,16.18000030517578,15.640000343322754,15.640000343322754,14829
2025-07-22,14.960000038146973,14.960000038146973,16.18000030517578,14.960000038146973,16.020000457763672,14881
2025-07-23,15.380000114440918,15.380000114440918,15.5600004196167,14.979999542236328,14.979999542236328,17003
2025-07-24,16.059999465942383,16.059999465942383,16.100000381469727,15.380000114440918,15.420000076293945,4190
2025-07-25,15.979999542236328,15.979999542236328,16.040000915527344,15.720000267028809,16.040000915527344,3109
2025-07-28,16.1200008392334,16.1200008392334,16.34000015258789,15.899999618530273,15.979999542236328,7992
2025-07-29,16.0,16.0,16.5,15.960000038146973,16.420000076293945,3539
2025-07-30,16.299999237060547,16.299999237060547,16.34000015258789,15.859999656677246,15.960000038146973,6372
2025-07-31,16.059999465942383,16.059999465942383,16.399999618530273,16.0,16.31999969482422,2561
2025-08-01,16.18000030517578,16.18000030517578,16.18000030517578,14.979999542236328,15.5600004196167,10888
2025-08-04,16.079999923706055,16.079999923706055,16.18000030517578,15.579999923706055,16.18000030517578,6447
2025-08-05,15.739999771118164,15.739999771118164,16.079999923706055,15.720000267028809,16.079999923706055,4517
2025-08-06,15.319999694824219,15.319999694824219,15.819999694824219,15.180000305175781,15.739999771118164,10420
2025-08-07,14.520000457763672,14.520000457763672,15.479999542236328,14.520000457763672,15.279999732971191,12127
2025-08-08,15.0,15.0,15.100000381469727,14.979999542236328,15.020000457763672,5162
2025-08-11,15.199999809265137,15.199999809265137,15.5,15.0,15.020000457763672,5561
2025-08-12,15.9399995803833,15.9399995803833,16.559999465942383,14.359999656677246,15.0,24764
2025-08-13,15.239999771118164,15.239999771118164,15.979999542236328,14.920000076293945,15.979999542236328,9051
2025-08-14,14.420000076293945,14.420000076293945,15.399999618530273,14.34000015258789,15.199999809265137,4362
2025-08-15,14.699999809265137,14.699999809265137,15.15999984741211,14.460000038146973,14.460000038146973,4842
2025-08-18,14.399999618530273,14.399999618530273,14.779999732971191,14.300000190734863,14.720000267028809,4036
2025-08-19,14.720000267028809,14.720000267028809,14.720000267028809,14.460000038146973,14.460000038146973,1662
2025-08-20,14.34000015258789,14.34000015258789,14.779999732971191,14.34000015258789,14.760000228881836,2320
2025-08-21,14.239999771118164,14.239999771118164,14.65999984741211,14.239999771118164,14.319999694824219,4381
2025-08-22,14.579999923706055,14.579999923706055,14.859999656677246,14.260000228881836,14.260000228881836,2878
2025-08-25,14.640000343322754,14.640000343322754,14.880000114440918,14.600000381469727,14.600000381469727,4963
2025-08-26,14.600000381469727,14.600000381469727,14.880000114440918,14.520000457763672,14.880000114440918,4334
2025-08-27,14.279999732971191,14.279999732971191,14.800000190734863,14.239999771118164,14.800000190734863,4153
2025-08-28,14.380000114440918,14.380000114440918,14.520000457763672,14.239999771118164,14.260000228881836,4199
2025-08-29,14.239999771118164,14.239999771118164,14.5,14.140000343322754,14.380000114440918,4427
2025-09-01,14.520000457763672,14.520000457763672,14.5600004196167,14.279999732971191,14.279999732971191,2491
2025-09-02,14.140000343322754,14.140000343322754,14.600000381469727,14.140000343322754,14.600000381469727,2388
2025-09-03,14.220000267028809,14.220000267028809,14.399999618530273,14.15999984741211,14.15999984741211,2897
2025-09-04,14.260000228881836,14.260000228881836,14.380000114440918,14.220000267028809,14.220000267028809,1751
2025-09-05,14.380000114440918,14.380000114440918,14.399999618530273,14.199999809265137,14.399999618530273,2092
2025-09-08,14.239999771118164,14.239999771118164,14.4399995803833,14.239999771118164,14.380000114440918,2408
2025-09-09,14.279999732971191,14.279999732971191,14.300000190734863,14.119999885559082,14.279999732971191,7787
2025-09-10,14.140000343322754,14.140000343322754,14.300000190734863,14.119999885559082,14.300000190734863,1319
2025-09-11,14.119999885559082,14.119999885559082,14.220000267028809,14.119999885559082,14.140000343322754,563
2025-09-12,14.260000228881836,14.260000228881836,14.34000015258789,14.220000267028809,14.239999771118164,386
2025-09-15,14.140000343322754,14.140000343322754,14.359999656677246,14.140000343322754,14.279999732971191,1517
2025-09-16,14.039999961853027,14.039999961853027,14.239999771118164,14.039999961853027,14.119999885559082,2115
2025-09-17,14.100000381469727,14.100000381469727,14.220000267028809,14.039999961853027,14.039999961853027,1227
2025-09-18,14.119999885559082,14.119999885559082,14.140000343322754,14.020000457763672,14.079999923706055,1980
2025-09-19,13.859999656677246,13.859999656677246,14.140000343322754,13.84000015258789,14.140000343322754,5791
2025-09-22,13.65999984741211,13.65999984741211,13.880000114440918,13.65999984741211,13.880000114440918,4826
2025-09-23,13.699999809265137,13.699999809265137,13.859999656677246,13.619999885559082,13.619999885559082,1046
2025-09-24,13.680000305175781,13.680000305175781,13.880000114440918,13.619999885559082,13.699999809265137,3009
2025-09-25,14.600000381469727,14.600000381469727,14.640000343322754,14.119999885559082,14.239999771118164,13349
2025-09-26,15.4399995803833,15.4399995803833,15.4399995803833,14.460000038146973,14.619999885559082,8635
2025-09-29,14.979999542236328,14.979999542236328,15.4399995803833,14.65999984741211,15.4399995803833,5352
2025-09-30,15.460000038146973,15.460000038146973,15.479999542236328,14.65999984741211,14.960000038146973,6925
2025-10-01,14.520000457763672,14.520000457763672,15.399999618530273,14.520000457763672,15.399999618530273,3234
2025-10-02,15.0,15.0,15.0,14.5600004196167,14.5600004196167,2491
2025-10-03,14.420000076293945,14.420000076293945,15.0,14.380000114440918,15.0,4581
2025-10-06,14.100000381469727,14.100000381469727,14.399999618530273,13.979999542236328,14.100000381469727,5209
2025-10-07,14.100000381469727,14.100000381469727,14.380000114440918,13.960000038146973,14.119999885559082,1637
2025-10-08,14.15999984741211,14.15999984741211,14.34000015258789,14.100000381469727,14.180000305175781,1814
2025-10-09,14.199999809265137,14.199999809265137,14.399999618530273,14.0,14.260000228881836,3382
2025-10-10,13.199999809265137,13.199999809265137,13.65999984741211,12.539999961853027,13.65999984741211,26523
2025-10-13,13.319999694824219,13.319999694824219,13.619999885559082,13.260000228881836,13.5,7394
2025-10-14,13.180000305175781,13.180000305175781,13.319999694824219,13.140000343322754,13.300000190734863,6279
2025-10-15,13.0,13.0,13.180000305175781,12.979999542236328,13.140000343322754,4365
2025-10-16,13.119999885559082,13.119999885559082,13.199999809265137,12.920000076293945,13.0,2850
2025-10-17,12.880000114440918,12.880000114440918,13.119999885559082,12.84000015258789,13.119999885559082,5183
2025-10-20,12.800000190734863,12.800000190734863,12.979999542236328,12.699999809265137,12.859999656677246,5079
2025-10-21,12.859999656677246,12.859999656677246,13.0,12.720000267028809,12.800000190734863,3882
2025-10-22,12.720000267028809,12.720000267028809,12.960000038146973,12.699999809265137,12.720000267028809,7524
2025-10-23,12.739999771118164,12.739999771118164,12.9399995803833,12.699999809265137,12.739999771118164,6584
2025-10-24,12.760000228881836,12.760000228881836,12.9399995803833,12.739999771118164,12.760000228881836,3678
2025-10-27,13.319999694824219,13.319999694824219,13.319999694824219,12.760000228881836,12.760000228881836,8264
2025-10-28,13.34000015258789,13.34000015258789,13.779999732971191,13.0,13.300000190734863,5810
2025-10-29,12.9399995803833,12.9399995803833,13.220000267028809,12.800000190734863,13.119999885559082,12783
2025-10-30,13.15999984741211,13.15999984741211,13.279999732971191,12.899999618530273,12.960000038146973,9378
2025-10-31,13.699999809265137,13.699999809265137,13.720000267028809,13.140000343322754,13.140000343322754,15444
2025-11-03,13.180000305175781,13.180000305175781,14.300000190734863,13.039999961853027,14.0,21134
2025-11-04,13.239999771118164,13.239999771118164,13.720000267028809,13.15999984741211,13.520000457763672,10906
2025-11-05,13.180000305175781,13.180000305175781,13.619999885559082,13.119999885559082,13.619999885559082,5971
2025-11-06,12.960000038146973,12.960000038146973,13.359999656677246,12.920000076293945,13.220000267028809,8804
2025-11-07,12.920000076293945,12.920000076293945,13.399999618530273,12.920000076293945,13.020000457763672,11317
2025-11-10,13.119999885559082,13.119999885559082,13.239999771118164,12.960000038146973,12.960000038146973,3966
2025-11-11,13.079999923706055,13.079999923706055,13.380000114440918,13.0600004196167,13.15999984741211,9450
2025-11-12,13.359999656677246,13.359999656677246,13.460000038146973,13.100000381469727,13.100000381469727,9170
2025-11-13,13.399999618530273,13.399999618530273,13.720000267028809,13.359999656677246,13.479999542236328,6533
2025-11-14,13.220000267028809,13.220000267028809,13.479999542236328,13.180000305175781,13.220000267028809,4924
2025-11-17,13.300000190734863,13.300000190734863,13.539999961853027,13.220000267028809,13.220000267028809,4878
2025-11-18,13.119999885559082,13.119999885559082,13.479999542236328,13.079999923706055,13.479999542236328,9197
2025-11-19,12.880000114440918,12.880000114440918,13.260000228881836,12.760000228881836,13.119999885559082,10746
2025-11-20,13.34000015258789,13.34000015258789,13.5,12.859999656677246,12.859999656677246,6758
2025-11-21,13.319999694824219,13.319999694824219,13.380000114440918,13.079999923706055,13.319999694824219,3973
2025-11-24,13.460000038146973,13.460000038146973,13.619999885559082,13.119999885559082,13.300000190734863,8063
2025-11-25,13.460000038146973,13.460000038146973,13.5,13.260000228881836,13.319999694824219,6652
2025-11-26,13.5600004196167,13.5600004196167,13.640000343322754,13.319999694824219,13.420000076293945,6847
2025-11-27,14.0,14.0,14.279999732971191,13.539999961853027,13.5600004196167,6227
2025-11-28,14.5,14.5,14.600000381469727,14.020000457763672,14.100000381469727,8150
2025-12-01,13.420000076293945,13.420000076293945,14.619999885559082,13.420000076293945,14.579999923706055,5957
2025-12-02,14.199999809265137,14.199999809265137,14.84000015258789,13.819999694824219,13.819999694824219,8347
2025-12-03,14.180000305175781,14.180000305175781,14.739999771118164,14.140000343322754,14.279999732971191,5559
2025-12-04,14.579999923706055,14.579999923706055,14.800000190734863,14.5,14.520000457763672,4018
2025-12-05,14.699999809265137,14.699999809265137,14.800000190734863,14.5,14.680000305175781,5720
2025-12-08,14.899999618530273,14.899999618530273,15.0,14.760000228881836,14.779999732971191,5735
2025-12-09,15.0,15.0,15.15999984741211,14.699999809265137,14.880000114440918,4949
2025-12-10,14.699999809265137,14.699999809265137,15.0,14.279999732971191,15.0,7300
2025-12-11,14.899999618530273,14.899999618530273,14.979999542236328,14.699999809265137,14.760000228881836,4363
2025-12-12,16.5,16.5,16.559999465942383,15.760000228881836,15.760000228881836,55641
2025-12-15,15.979999542236328,15.979999542236328,17.260000228881836,15.699999809265137,16.299999237060547,27862
2025-12-16,15.880000114440918,15.880000114440918,15.9399995803833,15.359999656677246,15.600000381469727,8411
2025-12-17,15.600000381469727,15.600000381469727,16.059999465942383,15.539999961853027,15.84000015258789,8286
2025-12-18,15.779999732971191,15.779999732971191,15.859999656677246,15.359999656677246,15.380000114440918,6393
2025-12-19,15.699999809265137,15.699999809265137,15.739999771118164,15.539999961853027,15.739999771118164,4257
2025-12-22,15.65999984741211,15.65999984741211,16.100000381469727,15.520000457763672,15.680000305175781,9886
2025-12-23,15.739999771118164,15.739999771118164,15.779999732971191,15.640000343322754,15.699999809265137,5532
2025-12-29,15.479999542236328,15.479999542236328,16.0,15.399999618530273,15.739999771118164,9714
2025-12-30,15.199999809265137,15.199999809265137,15.479999542236328,15.039999961853027,15.359999656677246,16421
2026-01-02,15.4399995803833,15.4399995803833,15.65999984741211,15.140000343322754,15.15999984741211,7894
2026-01-05,15.880000114440918,15.880000114440918,16.3799991607666,15.5,15.640000343322754,7619
2026-01-07,15.720000267028809,15.720000267028809,16.18000030517578,15.5600004196167,15.779999732971191,10629
2026-01-08,15.34000015258789,15.34000015258789,16.1200008392334,15.199999809265137,15.720000267028809,7274
2026-01-09,15.380000114440918,15.380000114440918,15.819999694824219,15.34000015258789,15.5,2721
2026-01-12,15.420000076293945,15.420000076293945,15.779999732971191,15.399999618530273,15.399999618530273,2929
2026-01-13,15.819999694824219,15.819999694824219,15.9399995803833,15.479999542236328,15.479999542236328,6086
2026-01-14,15.859999656677246,15.859999656677246,16.020000457763672,15.819999694824219,15.880000114440918,2562
2026-01-15,16.18000030517578,16.18000030517578,16.280000686645508,15.899999618530273,15.899999618530273,5270
2026-01-16,16.139999389648438,16.139999389648438,16.299999237060547,15.859999656677246,16.280000686645508,1920
2026-01-19,15.920000076293945,15.920000076293945,16.020000457763672,15.600000381469727,16.020000457763672,5320
2026-01-20,15.640000343322754,15.640000343322754,15.920000076293945,15.300000190734863,15.819999694824219,9027
2026-01-21,15.680000305175781,15.680000305175781,15.960000038146973,15.319999694824219,15.65999984741211,6119
2026-01-22,15.520000457763672,15.520000457763672,15.880000114440918,15.399999618530273,15.819999694824219,6360
2026-01-23,15.739999771118164,15.739999771118164,15.859999656677246,15.539999961853027,15.720000267028809,1445
2026-01-26,15.180000305175781,15.180000305175781,15.720000267028809,15.180000305175781,15.65999984741211,10529
2026-01-27,15.239999771118164,15.239999771118164,15.720000267028809,15.199999809265137,15.260000228881836,4576
2026-01-28,15.279999732971191,15.279999732971191,15.359999656677246,15.199999809265137,15.199999809265137,3001
2026-01-29,15.0,15.0,15.319999694824219,14.899999618530273,15.260000228881836,8833
2026-01-30,15.0,15.0,15.100000381469727,14.760000228881836,14.84000015258789,2407
2026-02-02,14.760000228881836,14.760000228881836,15.0,14.600000381469727,14.779999732971191,4560
2026-02-03,14.859999656677246,14.859999656677246,14.9399995803833,14.739999771118164,14.739999771118164,1917
2026-02-04,14.520000457763672,14.520000457763672,14.739999771118164,14.479999542236328,14.739999771118164,3618
2026-02-05,14.140000343322754,14.140000343322754,14.479999542236328,14.119999885559082,14.460000038146973,5406
2026-02-06,14.479999542236328,14.479999542236328,14.699999809265137,14.140000343322754,14.699999809265137,2125
2026-02-09,14.539999961853027,14.539999961853027,15.15999984741211,14.520000457763672,14.520000457763672,5914
2026-02-10,14.859999656677246,14.859999656677246,15.260000228881836,14.84000015258789,15.119999885559082,21190
2026-02-11,15.0,15.0,15.279999732971191,14.859999656677246,15.279999732971191,12098
2026-02-12,15.279999732971191,15.279999732971191,15.359999656677246,14.800000190734863,14.899999618530273,10077
2026-02-13,15.100000381469727,15.100000381469727,15.619999885559082,14.859999656677246,15.300000190734863,14739
2026-02-16,14.880000114440918,14.880000114440918,14.979999542236328,14.520000457763672,14.979999542236328,6598
2026-02-17,14.5,14.5,14.859999656677246,14.399999618530273,14.84000015258789,4536
2026-02-18,14.960000038146973,14.960000038146973,14.960000038146973,14.260000228881836,14.5,4016
2026-02-19,14.800000190734863,14.800000190734863,14.960000038146973,14.619999885559082,14.9399995803833,1740
2026-02-20,14.5,14.5,14.960000038146973,14.4399995803833,14.600000381469727,2981
2026-02-23,14.479999542236328,14.479999542236328,14.5600004196167,14.279999732971191,14.479999542236328,2285
2026-02-24,14.220000267028809,14.220000267028809,14.479999542236328,14.140000343322754,14.479999542236328,3408
2026-02-25,14.239999771118164,14.239999771118164,14.460000038146973,14.020000457763672,14.4399995803833,1589
2026-02-26,14.5,14.5,14.5,14.0600004196167,14.300000190734863,3907
2026-02-27,14.65999984741211,14.65999984741211,14.65999984741211,14.220000267028809,14.520000457763672,3691
2026-03-02,14.359999656677246,14.359999656677246,14.5600004196167,14.220000267028809,14.399999618530273,1758
2026-03-03,13.899999618530273,13.899999618530273,14.359999656677246,13.640000343322754,14.260000228881836,7180
2026-03-04,13.760000228881836,13.760000228881836,14.220000267028809,13.760000228881836,13.899999618530273,2793
2026-03-05,13.65999984741211,13.65999984741211,14.15999984741211,13.640000343322754,13.640000343322754,7250
2026-03-06,13.600000381469727,13.600000381469727,13.880000114440918,13.539999961853027,13.880000114440918,4486
2026-03-09,13.279999732971191,13.279999732971191,13.800000190734863,13.199999809265137,13.800000190734863,10223
2026-03-10,13.5,13.5,13.899999618530273,13.199999809265137,13.300000190734863,6565
2026-03-11,13.199999809265137,13.199999809265137,13.579999923706055,13.100000381469727,13.579999923706055,10374
2026-03-12,13.100000381469727,13.100000381469727,13.520000457763672,13.039999961853027,13.520000457763672,8781
2026-03-13,13.020000457763672,13.020000457763672,13.199999809265137,12.9399995803833,13.119999885559082,5821
2026-03-16,12.9399995803833,12.9399995803833,13.079999923706055,12.760000228881836,13.039999961853027,6316
2026-03-17,12.979999542236328,12.979999542236328,12.979999542236328,12.819999694824219,12.920000076293945,5420
2026-03-18,12.699999809265137,12.699999809265137,12.960000038146973,12.65999984741211,12.920000076293945,7834
2026-03-19,12.479999542236328,12.479999542236328,12.800000190734863,12.359999656677246,12.720000267028809,8124
2026-03-20,12.180000305175781,12.180000305175781,12.5600004196167,12.100000381469727,12.5,8647
2026-03-23,11.960000038146973,11.960000038146973,12.15999984741211,11.699999809265137,12.079999923706055,20599
2026-03-24,11.5600004196167,11.5600004196167,11.960000038146973,11.5600004196167,11.960000038146973,15013
2026-03-25,11.720000267028809,11.720000267028809,11.800000190734863,11.65999984741211,11.800000190734863,9664
2026-03-26,11.520000457763672,11.520000457763672,11.739999771118164,11.359999656677246,11.739999771118164,10176
2026-03-27,11.300000190734863,11.300000190734863,11.739999771118164,11.15999984741211,11.739999771118164,11991
2026-03-30,11.100000381469727,11.100000381469727,11.319999694824219,11.079999923706055,11.319999694824219,13300
2026-03-31,11.180000305175781,11.180000305175781,11.279999732971191,11.0600004196167,11.140000343322754,12257
2026-04-01,12.0,12.0,12.180000305175781,11.239999771118164,11.260000228881836,35769
2026-04-02,12.119999885559082,12.119999885559082,12.300000190734863,11.4399995803833,11.84000015258789,6568
2026-04-07,12.0,12.0,12.380000114440918,11.899999618530273,12.100000381469727,7426
2026-04-08,11.960000038146973,11.960000038146973,12.899999618530273,11.960000038146973,12.899999618530273,11409
2026-04-09,12.680000305175781,12.680000305175781,12.859999656677246,12.100000381469727,12.300000190734863,6240
2026-04-10,12.920000076293945,12.920000076293945,13.0600004196167,12.779999732971191,12.800000190734863,4981
2026-04-13,12.680000305175781,12.680000305175781,12.84000015258789,12.479999542236328,12.739999771118164,5789
2026-04-14,12.619999885559082,12.619999885559082,13.0,12.600000381469727,12.600000381469727,7059
2026-04-15,12.680000305175781,12.680000305175781,12.859999656677246,12.539999961853027,12.600000381469727,4437
2026-04-16,12.880000114440918,12.880000114440918,12.880000114440918,12.619999885559082,12.720000267028809,5622
2026-04-17,12.720000267028809,12.720000267028809,12.880000114440918,12.4399995803833,12.880000114440918,11132
2026-04-20,12.65999984741211,12.65999984741211,12.979999542236328,12.5,12.600000381469727,6360
2026-04-21,12.539999961853027,12.539999961853027,12.819999694824219,12.539999961853027,12.579999923706055,1816
2026-04-22,12.520000457763672,12.520000457763672,12.640000343322754,12.380000114440918,12.5600004196167,2097
2026-04-23,12.5,12.5,12.619999885559082,12.239999771118164,12.5,2821
2026-04-24,12.199999809265137,12.199999809265137,12.479999542236328,12.15999984741211,12.479999542236328,3024
2026-04-27,12.220000267028809,12.220000267028809,12.479999542236328,12.100000381469727,12.279999732971191,2828
2026-04-28,12.039999961853027,12.039999961853027,12.319999694824219,11.9399995803833,12.220000267028809,6347
2026-04-29,11.899999618530273,11.899999618530273,12.180000305175781,11.539999961853027,11.539999961853027,2603
2026-04-30,12.84000015258789,12.84000015258789,12.84000015258789,11.619999885559082,11.800000190734863,7512
2026-05-04,12.359999656677246,12.359999656677246,12.779999732971191,12.359999656677246,12.779999732971191,7947
2026-05-05,13.220000267028809,13.220000267028809,13.65999984741211,12.920000076293945,13.520000457763672,25257
2026-05-06,13.399999618530273,13.399999618530273,14.119999885559082,13.399999618530273,13.4399995803833,19337
2026-05-07,13.300000190734863,13.300000190734863,13.819999694824219,13.020000457763672,13.520000457763672,6501
2026-05-08,12.960000038146973,12.960000038146973,13.260000228881836,12.920000076293945,13.260000228881836,5372
2026-05-11,13.279999732971191,13.279999732971191,13.520000457763672,13.0,13.0,7144
2026-05-12,13.140000343322754,13.140000343322754,13.899999618530273,13.140000343322754,13.880000114440918,12600
2026-05-13,12.600000381469727,12.600000381469727,13.539999961853027,12.399999618530273,13.539999961853027,27130
2026-05-15,12.520000457763672,12.520000457763672,12.979999542236328,12.460000038146973,12.65999984741211,11087
2026-05-18,12.520000457763672,12.520000457763672,12.819999694824219,12.100000381469727,12.479999542236328,24321
2026-05-19,13.600000381469727,13.600000381469727,13.800000190734863,12.720000267028809,12.760000228881836,13592
2026-05-20,14.199999809265137,14.199999809265137,14.300000190734863,13.699999809265137,13.899999618530273,10102
2026-05-21,14.239999771118164,14.239999771118164,14.800000190734863,14.199999809265137,14.319999694824219,10505
2026-05-22,14.079999923706055,14.079999923706055,14.34000015258789,13.819999694824219,14.300000190734863,6525
2026-05-25,14.4399995803833,14.4399995803833,14.880000114440918,14.300000190734863,14.359999656677246,22890
2026-05-26,14.119999885559082,14.119999885559082,14.5600004196167,14.119999885559082,14.539999961853027,10178
2026-05-27,14.140000343322754,14.140000343322754,14.199999809265137,13.84000015258789,14.140000343322754,5401
2026-05-28,14.15999984741211,14.15999984741211,14.359999656677246,13.920000076293945,14.119999885559082,4890
2026-05-29,14.420000076293945,14.420000076293945,14.579999923706055,14.199999809265137,14.220000267028809,5406
2026-06-01,14.279999732971191,14.279999732971191,14.600000381469727,14.199999809265137,14.4399995803833,5232
2026-06-02,14.0,14.0,14.460000038146973,13.899999618530273,14.460000038146973,8263
2026-06-03,13.640000343322754,13.640000343322754,14.5,12.979999542236328,14.220000267028809,27701
2026-06-04,13.619999885559082,13.619999885559082,13.619999885559082,13.180000305175781,13.5600004196167,7608
2026-06-05,13.739999771118164,13.739999771118164,14.0,13.5,13.5,5375
2026-06-08,14.460000038146973,14.460000038146973,14.5,13.760000228881836,13.760000228881836,12293
2026-06-09,14.84000015258789,14.84000015258789,14.899999618530273,14.399999618530273,14.539999961853027,10076
2026-06-10,15.399999618530273,15.399999618530273,15.399999618530273,14.920000076293945,14.979999542236328,12537
2026-06-11,15.0600004196167,15.0600004196167,15.300000190734863,14.699999809265137,15.300000190734863,11792
2026-06-12,15.199999809265137,15.199999809265137,15.260000228881836,15.100000381469727,15.199999809265137,4735
2026-06-15,15.199999809265137,15.199999809265137,15.699999809265137,14.880000114440918,15.619999885559082,5039
2026-06-16,14.859999656677246,14.859999656677246,15.239999771118164,14.800000190734863,15.100000381469727,5520
2026-06-17,14.600000381469727,14.600000381469727,15.119999885559082,14.600000381469727,14.9399995803833,7424
2026-06-18,14.65999984741211,14.65999984741211,14.9399995803833,14.539999961853027,14.5600004196167,10093
2026-06-22,15.0600004196167,15.0600004196167,15.079999923706055,14.579999923706055,14.579999923706055,8318
2026-06-23,14.739999771118164,14.739999771118164,14.979999542236328,14.680000305175781,14.9399995803833,5969
2026-06-24,14.760000228881836,14.760000228881836,15.100000381469727,14.65999984741211,14.960000038146973,6974
2026-06-25,15.199999809265137,15.199999809265137,15.359999656677246,14.34000015258789,14.859999656677246,14104
2026-06-26,14.680000305175781,14.680000305175781,15.199999809265137,14.680000305175781,15.199999809265137,8135
2026-06-29,14.699999809265137,14.699999809265137,15.0,14.699999809265137,14.859999656677246,3954
2026-06-30,14.5,14.5,14.899999618530273,14.4399995803833,14.720000267028809,8700
2026-07-01,14.199999809265137,14.199999809265137,14.5,14.0,14.5,9948
2026-07-02,14.100000381469727,14.100000381469727,14.220000267028809,14.039999961853027,14.199999809265137,4804
2026-07-03,14.34000015258789,14.34000015258789,14.420000076293945,13.920000076293945,14.239999771118164,4954
2026-07-06,14.079999923706055,14.079999923706055,14.359999656677246,13.84000015258789,14.359999656677246,8751
2026-07-07,13.539999961853027,13.539999961853027,14.5,12.819999694824219,14.5,982615
2026-07-08,13.960000038146973,13.960000038146973,14.100000381469727,13.619999885559082,13.680000305175781,29248
2026-07-09,13.699999809265137,13.699999809265137,14.140000343322754,13.699999809265137,14.100000381469727,27217
2026-07-10,13.960000038146973,13.960000038146973,14.100000381469727,13.760000228881836,14.039999961853027,6565
2026-07-13,13.800000190734863,13.800000190734863,14.100000381469727,13.699999809265137,13.979999542236328,145714
2026-07-14,13.579999923706055,13.579999923706055,13.880000114440918,13.539999961853027,13.779999732971191,6721
2026-07-15,14.300000190734863,14.300000190734863,14.460000038146973,13.699999809265137,13.699999809265137,11252
2026-07-16,15.020000457763672,15.020000457763672,15.15999984741211,14.380000114440918,14.380000114440918,7000
2026-07-17,15.020000457763672,15.020000457763672,15.199999809265137,14.9399995803833,15.0,8815
2026-07-20,14.859999656677246,14.859999656677246,15.020000457763672,14.779999732971191,14.899999618530273,2365
2026-07-21,14.9399995803833,14.9399995803833,15.0,14.699999809265137,14.960000038146973,3851
2026-07-22,15.140000343322754,15.140000343322754,15.239999771118164,14.720000267028809,14.9399995803833,4245
2026-07-23,14.680000305175781,14.680000305175781,15.119999885559082,14.680000305175781,15.119999885559082,2459
2026-07-24,14.859999656677246,14.859999656677246,15.140000343322754,14.720000267028809,15.140000343322754,3449
2026-07-27,14.859999656677246,14.859999656677246,15.020000457763672,14.819999694824219,14.819999694824219,3447
2026-07-28,14.819999694824219,14.819999694824219,14.979999542236328,14.699999809265137,14.880000114440918,5911
2026-07-29,15.399999618530273,15.399999618530273,15.539999961853027,14.880000114440918,14.880000114440918,6022
2026-07-30,15.899999618530273,15.899999618530273,15.920000076293945,15.520000457763672,15.520000457763672,8399
2026-07-31,16.0,16.0,16.84000015258789,16.0,16.399999618530273,7190
2026-08-03,16.280000686645508,16.280000686645508,16.280000686645508,16.059999465942383,16.079999923706055,3490
2026-08-04,16.079999923706055,16.079999923706055,16.440000534057617,16.0,16.31999969482422,6141
2026-08-05,16.360000610351562,16.360000610351562,16.639999389648438,16.0,16.139999389648438,8051
2026-08-06,16.299999237060547,16.299999237060547,16.600000381469727,16.280000686645508,16.520000457763672,3592
2026-08-07,16.100000381469727,16.100000381469727,16.639999389648438,16.100000381469727,16.31999969482422,7821
2026-08-10,15.4399995803833,15.4399995803833,16.299999237060547,15.399999618530273,16.100000381469727,7889
2026-08-11,16.8799991607666,16.8799991607666,17.200000762939453,16.639999389648438,16.780000686645508,34208
2026-08-12,17.399999618530273,17.399999618530273,17.959999084472656,16.979999542236328,17.0,28586
2026-08-13,17.139999389648438,17.139999389648438,17.780000686645508,17.100000381469727,17.600000381469727,9446
2026-08-14,17.639999389648438,17.639999389648438,17.700000762939453,17.18000030517578,17.31999969482422,11456
2026-08-17,17.579999923706055,17.579999923706055,17.860000610351562,17.34000015258789,17.600000381469727,7837
2026-08-18,17.3799991607666,17.3799991607666,17.6200008392334,17.31999969482422,17.6200008392334,9613
2026-08-19,17.520000457763672,17.520000457763672,17.65999984741211,17.219999313354492,17.479999542236328,6674
2026-08-20,17.3799991607666,17.3799991607666,17.559999465942383,17.239999771118164,17.540000915527344,8474
2026-08-21,17.399999618530273,17.399999618530273,17.639999389648438,17.360000610351562,17.3799991607666,4623
2026-08-24,17.440000534057617,17.440000534057617,17.760000228881836,17.3799991607666,17.420000076293945,8273
2026-08-25,18.020000457763672,18.020000457763672,18.18000030517578,17.399999618530273,17.520000457763672,17017
2026-08-26,18.399999618530273,18.399999618530273,18.739999771118164,18.059999465942383,18.059999465942383,12598
2026-08-27,18.739999771118164,18.739999771118164,18.959999084472656,18.600000381469727,18.639999389648438,11372
2026-08-28,18.81999969482422,18.81999969482422,19.280000686645508,18.780000686645508,18.780000686645508,8936
2026-08-31,18.579999923706055,18.579999923706055,19.0,18.479999542236328,18.940000534057617,6487
2026-09-01,18.18000030517578,18.18000030517578,18.719999313354492,18.18000030517578,18.700000762939453,6294
2026-09-02,17.780000686645508,17.780000686645508,18.219999313354492,17.440000534057617,18.219999313354492,18322
2026-09-03,17.780000686645508,17.780000686645508,18.399999618530273,17.760000228881836,18.079999923706055,15675
2026-09-04,18.079999923706055,18.079999923706055,18.34000015258789,17.600000381469727,18.15999984741211,6765
2026-09-08,17.799999237060547,17.799999237060547,18.399999618530273,17.799999237060547,18.34000015258789,4010
2026-09-09,18.399999618530273,18.399999618530273,18.899999618530273,17.860000610351562,18.020000457763672,10541
2026-09-10,18.299999237060547,18.299999237060547,18.799999237060547,18.219999313354492,18.600000381469727,7384
2026-09-11,18.600000381469727,18.600000381469727,18.739999771118164,18.31999969482422,18.31999969482422,4422
2026-09-14,18.600000381469727,18.600000381469727,18.81999969482422,18.399999618530273,18.6200008392334,16776
2026-09-15,19.18000030517578,19.18000030517578,19.280000686645508,18.799999237060547,18.81999969482422,20430
2026-09-16,19.600000381469727,19.600000381469727,20.200000762939453,19.15999984741211,19.200000762939453,25860
