Price,Adj Close,Close,High,Low,Open,Volume
Ticker,SRV1V.HE,SRV1V.HE,SRV1V.HE,SRV1V.HE,SRV1V.HE,SRV1V.HE
Date,,,,,,
2016-01-04,52.926918029785156,56.80129623413086,58.45036697387695,54.419307708740234,54.419307708740234,3548
2016-01-05,51.2195930480957,54.968994140625,55.51868438720703,54.602535247802734,55.33545684814453,385
2016-01-07,51.2195930480957,54.968994140625,55.51868438720703,54.602535247802734,55.33545684814453,385
2016-01-08,49.68301010131836,53.31992721557617,54.23607635498047,52.587005615234375,53.136695861816406,651
2016-01-11,50.19520950317383,53.8696174621582,54.0528450012207,53.31992721557617,54.0528450012207,89
2016-01-12,50.365936279296875,54.0528450012207,54.7857666015625,53.68638610839844,53.8696174621582,601
2016-01-13,51.731788635253906,55.51868438720703,56.984527587890625,54.7857666015625,54.7857666015625,783
2016-01-14,50.19520950317383,53.8696174621582,55.33545684814453,53.136695861816406,54.968994140625,736
2016-01-15,48.65861892700195,52.22054672241211,54.419307708740234,52.037315368652344,54.419307708740234,1192
2016-01-18,47.97568893432617,51.48762512207031,52.587005615234375,50.388248443603516,52.22054672241211,755
2016-01-19,48.65861892700195,52.22054672241211,52.587005615234375,51.30439758300781,51.48762512207031,786
2016-01-20,48.14642333984375,51.67085647583008,51.67085647583008,51.12116622924805,51.30439758300781,250
2016-01-21,47.97568893432617,51.48762512207031,51.48762512207031,49.65532684326172,50.93793487548828,449
2016-01-22,48.65861892700195,52.22054672241211,53.136695861816406,51.48762512207031,52.22054672241211,592
2016-01-25,48.829349517822266,52.40377426147461,52.77023696899414,52.22054672241211,52.22054672241211,357
2016-01-26,48.65861892700195,52.22054672241211,52.40377426147461,51.30439758300781,52.40377426147461,676
2016-01-27,47.97568893432617,51.48762512207031,52.587005615234375,51.48762512207031,52.587005615234375,200
2016-01-28,48.14642333984375,51.67085647583008,52.22054672241211,51.67085647583008,51.67085647583008,374
2016-01-29,49.00008010864258,52.587005615234375,52.77023696899414,51.48762512207031,51.854087829589844,380
2016-02-01,49.85374069213867,53.50315475463867,53.50315475463867,52.037315368652344,52.587005615234375,767
2016-02-02,50.02447509765625,53.68638610839844,53.8696174621582,52.587005615234375,52.77023696899414,276
2016-02-03,49.85374069213867,53.50315475463867,53.50315475463867,51.48762512207031,51.67085647583008,702
2016-02-04,49.00008010864258,52.587005615234375,53.8696174621582,52.587005615234375,53.68638610839844,59
2016-02-05,49.34154510498047,52.95346450805664,53.8696174621582,52.40377426147461,52.40377426147461,213
2016-02-08,47.292762756347656,50.75470733642578,52.587005615234375,50.75470733642578,52.40377426147461,331
2016-02-09,45.92690658569336,49.28886795043945,52.22054672241211,48.92240524291992,50.75470733642578,775
2016-02-10,46.26837158203125,49.65532684326172,52.77023696899414,49.47209548950195,52.77023696899414,283
2016-02-11,46.609832763671875,50.021785736083984,51.854087829589844,47.63979721069336,47.63979721069336,224
2016-02-12,47.63422393798828,51.12116622924805,51.12116622924805,48.73917770385742,49.47209548950195,243
2016-02-15,48.14642333984375,51.67085647583008,53.136695861816406,51.30439758300781,51.30439758300781,1112
2016-02-16,49.170814514160156,52.77023696899414,53.8696174621582,52.587005615234375,52.95346450805664,735
2016-02-17,50.365936279296875,54.0528450012207,54.0528450012207,52.587005615234375,52.587005615234375,906
2016-02-18,53.26838302612305,57.167755126953125,60.09943771362305,56.80129623413086,58.81682586669922,8727
2016-02-19,52.926918029785156,56.80129623413086,57.534217834472656,55.7019157409668,57.534217834472656,1558
2016-02-22,52.926918029785156,56.80129623413086,57.534217834472656,56.618064880371094,56.80129623413086,1611
2016-02-23,53.097652435302734,56.984527587890625,57.717445373535156,56.434837341308594,56.984527587890625,1638
2016-02-24,52.243988037109375,56.06837463378906,57.167755126953125,55.88514709472656,56.80129623413086,666
2016-02-25,52.756187438964844,56.618064880371094,57.167755126953125,55.7019157409668,55.7019157409668,613
2016-02-26,52.926918029785156,56.80129623413086,57.167755126953125,56.434837341308594,56.984527587890625,1437
2016-02-29,53.097652435302734,56.984527587890625,57.167755126953125,56.434837341308594,56.984527587890625,1702
2016-03-01,53.26838302612305,57.167755126953125,57.534217834472656,56.984527587890625,57.167755126953125,702
2016-03-02,53.780574798583984,57.717445373535156,58.08390426635742,57.35098648071289,57.534217834472656,2061
2016-03-03,53.780574798583984,57.717445373535156,58.08390426635742,57.534217834472656,58.08390426635742,935
2016-03-04,53.780574798583984,57.717445373535156,58.26713562011719,57.534217834472656,58.26713562011719,959
2016-03-07,54.29277038574219,58.26713562011719,58.26713562011719,57.534217834472656,57.90067672729492,648
2016-03-08,54.122039794921875,58.08390426635742,58.45036697387695,57.35098648071289,58.26713562011719,453
2016-03-09,54.463504791259766,58.45036697387695,58.45036697387695,58.08390426635742,58.26713562011719,3928
2016-03-10,54.97570037841797,59.000057220458984,59.36651611328125,58.26713562011719,58.45036697387695,4438
2016-03-11,55.48789596557617,59.549747467041016,59.91620635986328,58.63359451293945,59.000057220458984,521
2016-03-14,56.85375213623047,61.015586853027344,61.93173599243164,59.549747467041016,59.549747467041016,1925
2016-03-15,56.17082214355469,60.28266525268555,61.748504638671875,59.549747467041016,61.38204574584961,715
2016-03-16,58.04887771606445,62.298194885253906,62.48142623901367,61.38204574584961,61.748504638671875,1693
2016-03-17,57.70741271972656,61.93173599243164,62.66465759277344,61.38204574584961,62.298194885253906,1427
2016-03-18,57.87814712524414,62.114967346191406,62.114967346191406,61.38204574584961,61.93173599243164,824
2016-03-21,58.390342712402344,62.66465759277344,62.84788513183594,61.748504638671875,62.114967346191406,1674
2016-03-22,58.390342712402344,62.66465759277344,62.84788513183594,61.93173599243164,62.84788513183594,1176
2016-03-23,59.621463775634766,62.114967346191406,62.114967346191406,60.64912414550781,60.64912414550781,1127
2016-03-24,60.32495880126953,62.84788513183594,62.84788513183594,61.015586853027344,62.114967346191406,1597
2016-03-29,61.20433044433594,63.764034271240234,65.4131088256836,63.0311164855957,63.0311164855957,2128
2016-03-30,62.083702087402344,64.68018341064453,64.68018341064453,63.764034271240234,64.49695587158203,632
2016-03-31,62.083702087402344,64.68018341064453,65.22987365722656,64.1304931640625,64.86341857910156,981
2016-04-01,61.55607986450195,64.1304931640625,64.68018341064453,64.1304931640625,64.1304931640625,664
2016-04-04,61.38020706176758,63.947265625,65.04664611816406,63.947265625,64.1304931640625,1558
2016-04-05,60.14908981323242,62.66465759277344,64.86341857910156,62.66465759277344,64.86341857910156,445
2016-04-06,59.97321319580078,62.48142623901367,63.947265625,62.298194885253906,62.66465759277344,691
2016-04-07,59.79733657836914,62.298194885253906,63.764034271240234,62.298194885253906,63.0311164855957,114
2016-04-08,59.79733657836914,62.298194885253906,62.84788513183594,61.565277099609375,62.298194885253906,778
2016-04-11,59.26971435546875,61.748504638671875,62.66465759277344,61.748504638671875,62.66465759277344,853
2016-04-12,58.390342712402344,60.83235549926758,61.748504638671875,60.64912414550781,61.748504638671875,524
2016-04-13,58.74209213256836,61.198814392089844,62.48142623901367,61.198814392089844,61.198814392089844,771
2016-04-14,60.50083541870117,63.0311164855957,64.1304931640625,62.298194885253906,62.298194885253906,1334
2016-04-15,61.02845764160156,63.580806732177734,63.947265625,63.39757537841797,63.39757537841797,250
2016-04-18,59.97321319580078,62.48142623901367,63.580806732177734,62.298194885253906,63.21434783935547,1032
2016-04-19,59.093841552734375,61.565277099609375,63.0311164855957,61.565277099609375,62.66465759277344,1615
2016-04-20,59.79733657836914,62.298194885253906,62.84788513183594,61.93173599243164,61.93173599243164,597
2016-04-21,60.14908981323242,62.66465759277344,63.947265625,61.748504638671875,62.298194885253906,1332
2016-04-22,59.97321319580078,62.48142623901367,63.580806732177734,62.114967346191406,62.84788513183594,658
2016-04-25,59.79733657836914,62.298194885253906,63.947265625,62.298194885253906,62.66465759277344,957
2016-04-26,61.55607986450195,64.1304931640625,64.86341857910156,63.21434783935547,63.21434783935547,2342
2016-04-27,63.66657257080078,66.32925415039062,66.69571685791016,63.580806732177734,64.1304931640625,1781
2016-04-28,61.90782928466797,64.49695587158203,66.87894439697266,64.49695587158203,66.32925415039062,1553
2016-04-29,62.083702087402344,64.68018341064453,65.7795639038086,64.49695587158203,64.49695587158203,838
2016-05-02,63.138954162597656,65.7795639038086,66.14602661132812,65.4131088256836,65.96279907226562,706
2016-05-03,62.43545913696289,65.04664611816406,65.7795639038086,65.04664611816406,65.7795639038086,1301
2016-05-04,60.67671203613281,63.21434783935547,63.580806732177734,62.48142623901367,63.580806732177734,2041
2016-05-06,59.97321319580078,62.48142623901367,64.1304931640625,62.48142623901367,63.0311164855957,1380
2016-05-09,59.44559097290039,61.93173599243164,63.764034271240234,61.93173599243164,62.66465759277344,1165
2016-05-10,59.79733657836914,62.298194885253906,62.48142623901367,61.748504638671875,61.93173599243164,674
2016-05-11,58.917964935302734,61.38204574584961,62.66465759277344,61.38204574584961,62.298194885253906,777
2016-05-12,56.98334503173828,59.36651611328125,62.48142623901367,58.63359451293945,61.748504638671875,1214
2016-05-13,57.15922164916992,59.549747467041016,60.46589660644531,57.717445373535156,59.549747467041016,1104
2016-05-16,58.03859329223633,60.46589660644531,61.38204574584961,59.91620635986328,59.91620635986328,440
2016-05-17,57.15922164916992,59.549747467041016,62.298194885253906,59.183284759521484,61.38204574584961,2084
2016-05-18,57.33509063720703,59.732975006103516,60.64912414550781,59.36651611328125,59.549747467041016,1244
2016-05-19,58.566219329833984,61.015586853027344,61.93173599243164,59.732975006103516,61.93173599243164,407
2016-05-20,58.390342712402344,60.83235549926758,61.198814392089844,60.09943771362305,61.198814392089844,3356
2016-05-23,57.68684387207031,60.09943771362305,61.015586853027344,60.09943771362305,60.83235549926758,514
2016-05-24,58.2144660949707,60.64912414550781,60.83235549926758,59.91620635986328,60.09943771362305,536
2016-05-25,58.03859329223633,60.46589660644531,60.83235549926758,60.09943771362305,60.64912414550781,1035
2016-05-26,57.86271667480469,60.28266525268555,60.46589660644531,60.09943771362305,60.28266525268555,1041
2016-05-27,57.86271667480469,60.28266525268555,60.46589660644531,59.91620635986328,60.28266525268555,1008
2016-05-30,57.15922164916992,59.549747467041016,60.09943771362305,59.36651611328125,60.09943771362305,912
2016-05-31,57.33509063720703,59.732975006103516,60.28266525268555,59.000057220458984,59.549747467041016,969
2016-06-01,58.2144660949707,60.64912414550781,60.64912414550781,59.549747467041016,59.91620635986328,1334
2016-06-02,59.44559097290039,61.93173599243164,62.298194885253906,61.38204574584961,61.565277099609375,646
2016-06-03,60.67671203613281,63.21434783935547,65.96279907226562,61.198814392089844,61.93173599243164,5352
2016-06-06,60.32495880126953,62.84788513183594,64.68018341064453,62.48142623901367,63.580806732177734,1978
2016-06-07,62.083702087402344,64.68018341064453,64.86341857910156,63.0311164855957,63.0311164855957,1786
2016-06-08,63.138954162597656,65.7795639038086,66.69571685791016,65.04664611816406,65.04664611816406,3158
2016-06-09,64.54595184326172,67.24540710449219,67.24540710449219,65.96279907226562,66.51248931884766,3290
2016-06-10,66.83232116699219,69.62739562988281,72.00938415527344,67.24540710449219,67.24540710449219,3732
2016-06-13,64.897705078125,67.61186981201172,70.54354858398438,67.24540710449219,70.54354858398438,1947
2016-06-14,66.4805679321289,69.26093292236328,71.09323120117188,67.61186981201172,67.79509735107422,3072
2016-06-15,68.4151840209961,71.2764663696289,72.37584686279297,69.81062316894531,69.81062316894531,3640
2016-06-16,67.35993957519531,70.17708587646484,72.37584686279297,69.62739562988281,71.6429214477539,2351
2016-06-17,67.18407440185547,69.99385833740234,71.09323120117188,69.62739562988281,70.36031341552734,2363
2016-06-20,67.53581237792969,70.36031341552734,71.82615661621094,70.36031341552734,70.36031341552734,2222
2016-06-21,68.06343841552734,70.91000366210938,71.4596939086914,70.72677612304688,70.72677612304688,315
2016-06-22,68.4151840209961,71.2764663696289,72.19261169433594,71.09323120117188,71.2764663696289,1900
2016-06-23,69.11869049072266,72.00938415527344,72.37584686279297,71.2764663696289,71.4596939086914,1032
2016-06-27,66.83232116699219,69.62739562988281,71.4596939086914,66.32925415039062,69.44416809082031,4309
2016-06-28,67.88756561279297,70.72677612304688,71.82615661621094,69.62739562988281,69.62739562988281,1213
2016-06-29,68.4151840209961,71.2764663696289,72.00938415527344,70.91000366210938,71.4596939086914,1300
2016-06-30,70.34980773925781,73.2919921875,74.7578353881836,71.2764663696289,71.4596939086914,6148
2016-07-01,71.4050521850586,74.39137268066406,74.7578353881836,73.47522735595703,74.20814514160156,2356
2016-07-04,71.22918701171875,74.20814514160156,75.30752563476562,73.47522735595703,74.39137268066406,1362
2016-07-05,71.4050521850586,74.39137268066406,74.39137268066406,73.47522735595703,74.20814514160156,985
2016-07-06,70.34980773925781,73.2919921875,74.9410629272461,73.2919921875,74.39137268066406,684
2016-07-07,72.46029663085938,75.49075317382812,75.49075317382812,73.2919921875,73.2919921875,1571
2016-07-08,72.63618469238281,75.67398834228516,76.22367858886719,75.30752563476562,75.49075317382812,1540
2016-07-11,74.92255401611328,78.05597686767578,78.05597686767578,76.40690612792969,76.40690612792969,1812
2016-07-12,74.92255401611328,78.05597686767578,78.60566711425781,77.87274169921875,78.42243194580078,1171
2016-07-13,74.74666595458984,77.87274169921875,78.60566711425781,77.87274169921875,78.60566711425781,837
2016-07-14,75.4501724243164,78.60566711425781,78.78889465332031,77.87274169921875,77.87274169921875,797
2016-07-15,76.50541687011719,79.70504760742188,80.2547378540039,78.60566711425781,78.60566711425781,1304
2016-07-18,77.3847885131836,80.6211929321289,81.53734588623047,79.33858489990234,80.4379653930664,861
2016-07-19,77.03304290771484,80.2547378540039,81.17088317871094,80.2547378540039,80.6211929321289,589
2016-07-20,79.67115783691406,83.00318145751953,83.7361068725586,78.78889465332031,78.78889465332031,2432
2016-07-21,79.67115783691406,83.00318145751953,86.11809539794922,79.70504760742188,84.46902465820312,5975
2016-07-22,80.90228271484375,84.28579711914062,84.46902465820312,83.18641662597656,84.28579711914062,2194
2016-07-25,79.49528503417969,82.81995391845703,84.28579711914062,82.270263671875,84.28579711914062,2899
2016-07-26,78.44003295898438,81.72057342529297,82.81995391845703,80.6211929321289,82.81995391845703,2622
2016-07-27,78.26416778564453,81.53734588623047,83.18641662597656,81.35411834716797,81.72057342529297,1792
2016-07-28,75.4501724243164,78.60566711425781,81.53734588623047,78.60566711425781,81.35411834716797,2494
2016-07-29,75.09841918945312,78.23920440673828,79.33858489990234,77.68951416015625,78.42243194580078,1251
2016-08-01,74.3949203491211,77.50628662109375,79.52181243896484,77.32305145263672,78.23920440673828,917
2016-08-02,72.81204986572266,75.85721588134766,78.05597686767578,75.30752563476562,78.05597686767578,1616
2016-08-03,72.46029663085938,75.49075317382812,77.50628662109375,75.30752563476562,76.95659637451172,1881
2016-08-04,75.97779846191406,79.15535736083984,79.33858489990234,75.67398834228516,77.32305145263672,1154
2016-08-05,78.08828735351562,81.35411834716797,81.90380859375,78.78889465332031,78.78889465332031,1588
2016-08-08,77.3847885131836,80.6211929321289,82.0870361328125,80.2547378540039,81.53734588623047,693
2016-08-09,78.96765899658203,82.270263671875,82.4534912109375,80.6211929321289,80.6211929321289,1101
2016-08-10,78.79178619384766,82.0870361328125,82.4534912109375,81.35411834716797,82.4534912109375,807
2016-08-11,77.73654174804688,80.98765563964844,81.90380859375,80.80442810058594,81.53734588623047,595
2016-08-12,77.73654174804688,80.98765563964844,82.270263671875,80.98765563964844,81.53734588623047,591
2016-08-15,77.73654174804688,80.98765563964844,81.35411834716797,79.70504760742188,81.35411834716797,960
2016-08-16,78.44003295898438,81.72057342529297,82.0870361328125,80.98765563964844,80.98765563964844,1072
2016-08-17,77.73654174804688,80.98765563964844,81.72057342529297,80.6211929321289,80.6211929321289,713
2016-08-18,77.5606689453125,80.80442810058594,81.90380859375,80.4379653930664,80.80442810058594,806
2016-08-19,77.91241455078125,81.17088317871094,82.4534912109375,80.98765563964844,81.53734588623047,2029
2016-08-22,77.91241455078125,81.17088317871094,82.0870361328125,80.98765563964844,81.17088317871094,1168
2016-08-23,78.96765899658203,82.270263671875,82.81995391845703,81.17088317871094,81.17088317871094,984
2016-08-24,80.02291107177734,83.36964416503906,83.9193344116211,81.53734588623047,82.270263671875,916
2016-08-25,79.67115783691406,83.00318145751953,84.28579711914062,83.00318145751953,83.36964416503906,899
2016-08-26,79.67115783691406,83.00318145751953,84.28579711914062,83.00318145751953,84.1025619506836,642
2016-08-29,78.79178619384766,82.0870361328125,84.28579711914062,81.53734588623047,82.81995391845703,1156
2016-08-30,79.31941223144531,82.63672637939453,84.1025619506836,82.63672637939453,83.36964416503906,687
2016-08-31,80.19877624511719,83.55287170410156,83.7361068725586,82.81995391845703,83.36964416503906,1655
2016-09-01,81.07815551757812,84.46902465820312,85.20194244384766,83.7361068725586,83.7361068725586,758
2016-09-02,80.72640228271484,84.1025619506836,84.46902465820312,83.36964416503906,84.46902465820312,605
2016-09-05,81.95753479003906,85.38517761230469,86.11809539794922,84.65225219726562,85.01871490478516,2988
2016-09-06,81.60577392578125,85.01871490478516,86.11809539794922,84.83548736572266,85.93486022949219,1355
2016-09-07,82.1333999633789,85.56840515136719,85.93486022949219,85.01871490478516,85.93486022949219,229
2016-09-08,81.60577392578125,85.01871490478516,86.48455047607422,85.01871490478516,85.56840515136719,1414
2016-09-09,81.25402069091797,84.65225219726562,86.66778564453125,84.65225219726562,86.11809539794922,686
2016-09-12,79.84703063964844,83.18641662597656,85.01871490478516,81.90380859375,84.65225219726562,2245
2016-09-13,80.19877624511719,83.55287170410156,85.01871490478516,83.18641662597656,83.18641662597656,370
2016-09-14,80.19877624511719,83.55287170410156,85.93486022949219,83.36964416503906,85.93486022949219,503
2016-09-15,78.61592102050781,81.90380859375,84.28579711914062,81.90380859375,83.00318145751953,955
2016-09-16,79.67115783691406,83.00318145751953,84.65225219726562,82.0870361328125,82.0870361328125,796
2016-09-19,80.02291107177734,83.36964416503906,84.28579711914062,83.00318145751953,83.9193344116211,920
2016-09-20,80.3746566772461,83.7361068725586,84.1025619506836,83.00318145751953,83.36964416503906,231
2016-09-21,80.19877624511719,83.55287170410156,84.1025619506836,83.18641662597656,83.9193344116211,710
2016-09-22,81.25402069091797,84.65225219726562,85.01871490478516,83.18641662597656,84.28579711914062,1497
2016-09-23,80.55052947998047,83.9193344116211,85.01871490478516,83.9193344116211,85.01871490478516,380
2016-09-26,79.49528503417969,82.81995391845703,83.9193344116211,82.63672637939453,83.9193344116211,682
2016-09-27,78.61592102050781,81.90380859375,83.55287170410156,81.90380859375,83.55287170410156,1876
2016-09-28,78.79178619384766,82.0870361328125,83.00318145751953,82.0870361328125,82.63672637939453,622
2016-09-29,78.26416778564453,81.53734588623047,83.00318145751953,81.53734588623047,83.00318145751953,922
2016-09-30,77.3847885131836,80.6211929321289,81.72057342529297,80.07150268554688,81.53734588623047,831
2016-10-03,79.1435317993164,82.4534912109375,83.00318145751953,80.6211929321289,80.6211929321289,897
2016-10-04,78.96765899658203,82.270263671875,83.36964416503906,81.53734588623047,81.53734588623047,1781
2016-10-05,78.44003295898438,81.72057342529297,83.18641662597656,81.53734588623047,82.270263671875,488
2016-10-06,78.26416778564453,81.53734588623047,82.63672637939453,80.98765563964844,81.53734588623047,437
2016-10-07,78.79178619384766,82.0870361328125,82.81995391845703,81.90380859375,82.4534912109375,445
2016-10-10,78.79178619384766,82.0870361328125,83.36964416503906,81.90380859375,82.63672637939453,542
2016-10-11,78.79178619384766,82.0870361328125,83.36964416503906,81.90380859375,82.0870361328125,823
2016-10-12,78.61592102050781,81.90380859375,82.81995391845703,81.72057342529297,82.63672637939453,706
2016-10-13,79.67115783691406,83.00318145751953,83.36964416503906,82.270263671875,82.270263671875,832
2016-10-14,80.19877624511719,83.55287170410156,85.01871490478516,83.55287170410156,84.1025619506836,884
2016-10-17,81.25402069091797,84.65225219726562,85.75163269042969,83.55287170410156,83.55287170410156,390
2016-10-18,80.19877624511719,83.55287170410156,84.83548736572266,83.55287170410156,84.83548736572266,414
2016-10-19,79.84703063964844,83.18641662597656,84.28579711914062,82.81995391845703,84.28579711914062,850
2016-10-20,80.72640228271484,84.1025619506836,84.1025619506836,83.18641662597656,84.1025619506836,472
2016-10-21,80.19877624511719,83.55287170410156,84.1025619506836,83.36964416503906,84.1025619506836,127
2016-10-24,80.02291107177734,83.36964416503906,83.7361068725586,83.00318145751953,83.00318145751953,530
2016-10-25,79.67115783691406,83.00318145751953,84.1025619506836,83.00318145751953,83.36964416503906,660
2016-10-26,79.1435317993164,82.4534912109375,83.18641662597656,82.4534912109375,83.00318145751953,736
2016-10-27,77.20891571044922,80.4379653930664,82.4534912109375,78.78889465332031,82.4534912109375,2335
2016-10-28,77.03304290771484,80.2547378540039,80.80442810058594,79.70504760742188,80.6211929321289,443
2016-10-31,76.68128967285156,79.88827514648438,80.6211929321289,79.88827514648438,80.2547378540039,753
2016-11-01,76.50541687011719,79.70504760742188,80.6211929321289,79.52181243896484,79.70504760742188,719
2016-11-02,74.21904754638672,77.32305145263672,80.07150268554688,76.40690612792969,80.07150268554688,1337
2016-11-03,76.1536636352539,79.33858489990234,80.6211929321289,78.23920440673828,80.6211929321289,1110
2016-11-04,77.03304290771484,80.2547378540039,81.35411834716797,79.33858489990234,80.6211929321289,4385
2016-11-07,80.19877624511719,83.55287170410156,85.56840515136719,80.98765563964844,80.98765563964844,2456
2016-11-08,81.95753479003906,85.38517761230469,85.93486022949219,84.65225219726562,85.20194244384766,1367
2016-11-09,81.07815551757812,84.46902465820312,85.38517761230469,78.78889465332031,80.07150268554688,1725
2016-11-10,81.25402069091797,84.65225219726562,86.48455047607422,84.65225219726562,85.93486022949219,2026
2016-11-11,81.07815551757812,84.46902465820312,86.11809539794922,84.46902465820312,85.20194244384766,613
2016-11-14,82.83689880371094,86.30132293701172,87.03424072265625,85.20194244384766,85.20194244384766,878
2016-11-15,83.18865203857422,86.66778564453125,87.03424072265625,84.83548736572266,87.03424072265625,1091
2016-11-16,84.243896484375,87.76716613769531,87.95039367675781,86.48455047607422,86.48455047607422,1142
2016-11-17,83.71627807617188,87.21747589111328,88.50008392333984,86.30132293701172,88.50008392333984,988
2016-11-18,83.54039001464844,87.03424072265625,87.76716613769531,86.30132293701172,87.58393096923828,1229
2016-11-21,82.48514556884766,85.93486022949219,87.40070343017578,84.65225219726562,87.03424072265625,1823
2016-11-22,84.06802368164062,87.58393096923828,87.58393096923828,85.56840515136719,87.40070343017578,1267
2016-11-23,83.18865203857422,86.66778564453125,87.76716613769531,85.01871490478516,87.58393096923828,478
2016-11-24,84.41976928710938,87.95039367675781,87.95039367675781,86.66778564453125,87.03424072265625,1118
2016-11-25,84.06802368164062,87.58393096923828,87.95039367675781,86.66778564453125,87.95039367675781,384
2016-11-28,84.243896484375,87.76716613769531,87.76716613769531,86.66778564453125,87.58393096923828,960
2016-11-29,83.71627807617188,87.21747589111328,87.95039367675781,87.03424072265625,87.95039367675781,388
2016-11-30,83.71627807617188,87.21747589111328,87.76716613769531,87.21747589111328,87.76716613769531,390
2016-12-01,84.41976928710938,87.95039367675781,87.95039367675781,86.66778564453125,87.95039367675781,744
2016-12-02,83.18865203857422,86.66778564453125,87.95039367675781,85.75163269042969,87.95039367675781,1084
2016-12-05,81.25402069091797,84.65225219726562,85.56840515136719,84.28579711914062,84.83548736572266,3083
2016-12-07,80.55052947998047,83.9193344116211,85.20194244384766,83.7361068725586,84.83548736572266,2070
2016-12-08,86.35440063476562,89.96592712402344,90.69884490966797,86.11809539794922,86.48455047607422,6699
2016-12-09,87.58551025390625,91.24853515625,91.614990234375,89.5994644165039,89.7826919555664,3252
2016-12-12,87.58551025390625,91.24853515625,92.53114318847656,90.69884490966797,91.24853515625,2065
2016-12-13,89.16838836669922,92.8976058959961,92.8976058959961,91.4317626953125,91.4317626953125,2255
2016-12-14,88.46488189697266,92.16468048095703,93.2640609741211,91.614990234375,92.8976058959961,1174
2016-12-15,89.34425354003906,93.0808334350586,93.44729614257812,91.614990234375,92.16468048095703,2160
2016-12-16,89.87187957763672,93.63052368164062,95.09636688232422,93.0808334350586,93.44729614257812,1981
2016-12-19,89.34425354003906,93.0808334350586,94.36344146728516,93.0808334350586,93.99698638916016,1916
2016-12-20,87.937255859375,91.614990234375,93.44729614257812,91.24853515625,93.44729614257812,1962
2016-12-21,86.35440063476562,89.96592712402344,93.0808334350586,89.7826919555664,92.16468048095703,3492
2016-12-22,87.937255859375,91.614990234375,92.16468048095703,89.96592712402344,91.614990234375,3483
2016-12-23,89.34425354003906,93.0808334350586,93.2640609741211,91.614990234375,92.16468048095703,1806
2016-12-27,93.56524658203125,97.47835540771484,100.77649688720703,93.81375122070312,93.81375122070312,6254
2016-12-28,94.26874542236328,98.21127319335938,102.2423324584961,95.64605712890625,97.47835540771484,5959
2016-12-29,95.67574310302734,99.67711639404297,100.59326171875,98.21127319335938,98.21127319335938,2312
2016-12-30,95.49987030029297,99.49388122558594,100.4100341796875,98.9441909790039,100.226806640625,1708
2017-01-02,100.24848175048828,104.44109344482422,105.17401123046875,100.77649688720703,100.77649688720703,2649
2017-01-03,97.43448638916016,101.50941467285156,104.07463073730469,95.64605712890625,104.07463073730469,9313
2017-01-04,95.85161590576172,99.86034393310547,101.69264221191406,99.12742614746094,101.50941467285156,2126
2017-01-05,94.44461822509766,98.39450073242188,100.77649688720703,97.11189270019531,100.59326171875,2372
2017-01-09,93.38936614990234,97.29512023925781,98.9441909790039,97.11189270019531,98.39450073242188,1680
2017-01-10,93.9169921875,97.84481048583984,98.39450073242188,97.29512023925781,97.84481048583984,574
2017-01-11,94.26874542236328,98.21127319335938,98.7609634399414,97.47835540771484,97.84481048583984,834
2017-01-12,93.56524658203125,97.47835540771484,98.7609634399414,97.47835540771484,98.21127319335938,1010
2017-01-13,94.79637145996094,98.7609634399414,98.9441909790039,98.02804565429688,98.02804565429688,468
2017-01-16,94.44461822509766,98.39450073242188,98.7609634399414,98.02804565429688,98.7609634399414,539
2017-01-17,92.51000213623047,96.37897491455078,98.39450073242188,95.64605712890625,98.39450073242188,1265
2017-01-18,91.80650329589844,95.64605712890625,97.11189270019531,95.64605712890625,97.11189270019531,653
2017-01-19,92.3341293334961,96.19574737548828,97.11189270019531,95.64605712890625,95.64605712890625,548
2017-01-20,92.3341293334961,96.19574737548828,97.11189270019531,95.82928466796875,97.11189270019531,1085
2017-01-23,91.63062286376953,95.46282196044922,96.56220245361328,95.46282196044922,96.56220245361328,773
2017-01-24,91.98237609863281,95.82928466796875,96.56220245361328,95.46282196044922,96.56220245361328,466
2017-01-25,91.80650329589844,95.64605712890625,96.37897491455078,95.27959442138672,96.37897491455078,678
2017-01-26,91.80650329589844,95.64605712890625,96.56220245361328,95.46282196044922,96.56220245361328,929
2017-01-27,90.75125885009766,94.54667663574219,95.64605712890625,94.18021392822266,95.27959442138672,924
2017-01-30,89.16838836669922,92.8976058959961,95.27959442138672,92.34791564941406,94.91313171386719,1594
2017-01-31,92.3341293334961,96.19574737548828,97.47835540771484,93.0808334350586,93.0808334350586,3159
2017-02-01,93.2135009765625,97.11189270019531,97.29512023925781,95.64605712890625,96.19574737548828,1670
2017-02-02,87.05789184570312,90.69884490966797,97.66158294677734,89.96592712402344,97.29512023925781,7887
2017-02-03,84.9473876953125,88.50008392333984,91.24853515625,86.48455047607422,91.24853515625,4061
2017-02-06,82.83689880371094,86.30132293701172,88.50008392333984,86.30132293701172,88.50008392333984,1960
2017-02-07,81.4299087524414,84.83548736572266,86.30132293701172,84.28579711914062,86.30132293701172,1964
2017-02-08,81.25402069091797,84.65225219726562,85.20194244384766,83.9193344116211,84.83548736572266,2161
2017-02-09,80.90228271484375,84.28579711914062,85.93486022949219,83.55287170410156,84.28579711914062,1869
2017-02-10,80.02291107177734,83.36964416503906,84.83548736572266,83.00318145751953,84.28579711914062,1718
2017-02-13,81.4299087524414,84.83548736572266,84.83548736572266,82.81995391845703,83.36964416503906,1330
2017-02-14,81.4299087524414,84.83548736572266,85.56840515136719,84.1025619506836,84.83548736572266,595
2017-02-15,82.48514556884766,85.93486022949219,86.30132293701172,84.65225219726562,86.11809539794922,711
2017-02-16,82.83689880371094,86.30132293701172,86.85101318359375,85.20194244384766,85.75163269042969,521
2017-02-17,82.1333999633789,85.56840515136719,86.48455047607422,85.20194244384766,86.30132293701172,717
2017-02-20,81.95753479003906,85.38517761230469,85.75163269042969,85.01871490478516,85.75163269042969,1278
2017-02-21,81.78165435791016,85.20194244384766,85.56840515136719,84.1025619506836,85.20194244384766,1439
2017-02-22,81.4299087524414,84.83548736572266,85.56840515136719,83.9193344116211,85.56840515136719,1047
2017-02-23,81.95753479003906,85.38517761230469,85.38517761230469,83.55287170410156,83.9193344116211,1491
2017-02-24,81.07815551757812,84.46902465820312,85.75163269042969,84.1025619506836,85.20194244384766,1245
2017-02-27,80.02291107177734,83.36964416503906,83.9193344116211,82.81995391845703,83.9193344116211,1446
2017-02-28,80.19877624511719,83.55287170410156,84.83548736572266,82.63672637939453,82.81995391845703,1401
2017-03-01,80.02291107177734,83.36964416503906,85.20194244384766,83.36964416503906,83.55287170410156,891
2017-03-02,81.95753479003906,85.38517761230469,85.38517761230469,83.55287170410156,85.01871490478516,1976
2017-03-03,84.06802368164062,87.58393096923828,87.95039367675781,84.83548736572266,85.38517761230469,2098
2017-03-06,82.83689880371094,86.30132293701172,88.68331146240234,86.30132293701172,88.68331146240234,1124
2017-03-07,84.06802368164062,87.58393096923828,88.31685638427734,86.66778564453125,86.66778564453125,701
2017-03-08,83.89214324951172,87.40070343017578,87.95039367675781,86.66778564453125,87.95039367675781,610
2017-03-09,83.71627807617188,87.21747589111328,87.58393096923828,87.03424072265625,87.21747589111328,491
2017-03-10,83.89214324951172,87.40070343017578,87.76716613769531,87.21747589111328,87.21747589111328,370
2017-03-13,83.89214324951172,87.40070343017578,87.76716613769531,86.85101318359375,87.40070343017578,1444
2017-03-14,83.89214324951172,87.40070343017578,87.76716613769531,86.66778564453125,87.21747589111328,656
2017-03-15,83.89214324951172,87.40070343017578,87.95039367675781,87.03424072265625,87.76716613769531,844
2017-03-16,84.06802368164062,87.58393096923828,87.95039367675781,87.21747589111328,87.95039367675781,702
2017-03-17,84.41976928710938,87.95039367675781,87.95039367675781,87.03424072265625,87.95039367675781,504
2017-03-20,82.83689880371094,86.30132293701172,87.76716613769531,86.11809539794922,87.76716613769531,1130
2017-03-21,82.1333999633789,85.56840515136719,86.85101318359375,85.20194244384766,86.30132293701172,1770
2017-03-22,80.02291107177734,83.36964416503906,85.38517761230469,82.4534912109375,85.38517761230469,1427
2017-03-23,81.78165435791016,85.20194244384766,85.56840515136719,83.36964416503906,83.36964416503906,412
2017-03-24,82.1411361694336,83.7361068725586,84.28579711914062,83.00318145751953,84.28579711914062,591
2017-03-27,79.26529693603516,80.80442810058594,82.81995391845703,78.23920440673828,82.63672637939453,1695
2017-03-28,78.54633331298828,80.07150268554688,80.80442810058594,78.97212219238281,80.80442810058594,733
2017-03-29,78.00711059570312,79.52181243896484,80.2547378540039,79.52181243896484,80.07150268554688,931
2017-03-30,77.10841369628906,78.60566711425781,79.52181243896484,76.40690612792969,79.52181243896484,852
2017-03-31,79.0855484008789,80.6211929321289,80.6211929321289,78.60566711425781,78.78889465332031,920
2017-04-03,80.70320892333984,82.270263671875,83.55287170410156,80.98765563964844,80.98765563964844,634
2017-04-04,80.88294982910156,82.4534912109375,83.36964416503906,82.270263671875,82.4534912109375,1030
2017-04-05,79.9842529296875,81.53734588623047,82.4534912109375,80.80442810058594,81.72057342529297,768
2017-04-06,79.44503021240234,80.98765563964844,82.0870361328125,80.07150268554688,81.53734588623047,828
2017-04-07,78.54633331298828,80.07150268554688,80.98765563964844,79.70504760742188,80.98765563964844,763
2017-04-10,79.0855484008789,80.6211929321289,81.90380859375,80.07150268554688,80.07150268554688,852
2017-04-11,80.88294982910156,82.4534912109375,83.00318145751953,80.80442810058594,80.98765563964844,520
2017-04-12,80.52347564697266,82.0870361328125,82.4534912109375,80.98765563964844,82.4534912109375,1045
2017-04-13,81.96138763427734,83.55287170410156,83.55287170410156,80.80442810058594,82.4534912109375,1749
2017-04-18,82.86009216308594,84.46902465820312,85.75163269042969,83.18641662597656,83.55287170410156,1637
2017-04-19,82.86009216308594,84.46902465820312,84.83548736572266,83.55287170410156,84.46902465820312,914
2017-04-20,82.86009216308594,84.46902465820312,85.01871490478516,83.9193344116211,85.01871490478516,1030
2017-04-21,83.39930725097656,85.01871490478516,85.01871490478516,83.18641662597656,84.46902465820312,1259
2017-04-24,85.19670867919922,86.85101318359375,86.85101318359375,85.56840515136719,85.56840515136719,851
2017-04-25,87.5333251953125,89.23300170898438,89.7826919555664,87.21747589111328,88.86654663085938,2966
2017-04-26,86.275146484375,87.95039367675781,89.5994644165039,87.03424072265625,89.4162368774414,991
2017-04-27,89.86994171142578,91.614990234375,96.19574737548828,90.69884490966797,95.46282196044922,7648
2017-04-28,86.63462829589844,88.31685638427734,90.51561737060547,87.58393096923828,90.51561737060547,1875
2017-05-02,85.55619049072266,87.21747589111328,88.31685638427734,86.11809539794922,87.95039367675781,1852
2017-05-03,83.93852996826172,85.56840515136719,86.85101318359375,85.38517761230469,86.11809539794922,1458
2017-05-04,81.96138763427734,83.55287170410156,86.11809539794922,83.55287170410156,85.93486022949219,858
2017-05-05,83.03982543945312,84.65225219726562,85.56840515136719,84.28579711914062,84.46902465820312,841
2017-05-08,82.5006103515625,84.1025619506836,85.56840515136719,83.9193344116211,84.83548736572266,702
2017-05-09,83.03982543945312,84.65225219726562,86.48455047607422,84.46902465820312,84.65225219726562,1499
2017-05-10,82.68035125732422,84.28579711914062,85.20194244384766,83.55287170410156,84.83548736572266,1830
2017-05-11,83.21957397460938,84.83548736572266,84.83548736572266,83.7361068725586,84.28579711914062,371
2017-05-12,83.57904815673828,85.20194244384766,85.75163269042969,85.20194244384766,85.20194244384766,870
2017-05-15,83.57904815673828,85.20194244384766,85.20194244384766,84.28579711914062,85.20194244384766,733
2017-05-16,82.5006103515625,84.1025619506836,85.20194244384766,83.55287170410156,85.20194244384766,1011
2017-05-17,81.78165435791016,83.36964416503906,84.65225219726562,83.36964416503906,84.1025619506836,456
2017-05-18,80.52347564697266,82.0870361328125,83.36964416503906,81.90380859375,82.81995391845703,729
2017-05-19,81.06269073486328,82.63672637939453,84.28579711914062,82.63672637939453,83.55287170410156,1791
2017-05-22,81.96138763427734,83.55287170410156,84.65225219726562,83.55287170410156,84.28579711914062,1689
2017-05-23,82.5006103515625,84.1025619506836,85.01871490478516,83.7361068725586,84.28579711914062,1239
2017-05-24,85.0169677734375,86.66778564453125,87.95039367675781,85.20194244384766,85.20194244384766,3166
2017-05-26,84.65748596191406,86.30132293701172,87.58393096923828,85.20194244384766,87.58393096923828,2562
2017-05-29,83.57904815673828,85.20194244384766,86.30132293701172,85.20194244384766,86.30132293701172,1037
2017-05-30,84.29800415039062,85.93486022949219,86.48455047607422,85.20194244384766,85.20194244384766,662
2017-05-31,84.11827087402344,85.75163269042969,86.48455047607422,85.01871490478516,85.93486022949219,748
2017-06-01,85.0169677734375,86.66778564453125,86.66778564453125,85.93486022949219,86.11809539794922,535
2017-06-02,85.0169677734375,86.66778564453125,86.85101318359375,85.56840515136719,86.85101318359375,477
2017-06-05,85.3764419555664,87.03424072265625,87.03424072265625,85.75163269042969,86.30132293701172,893
2017-06-06,86.63462829589844,88.31685638427734,88.50008392333984,86.11809539794922,86.48455047607422,4859
2017-06-07,88.07254791259766,89.7826919555664,91.98145294189453,89.7826919555664,89.7826919555664,13864
2017-06-08,89.86994171142578,91.614990234375,91.614990234375,89.5994644165039,91.614990234375,2972
2017-06-09,90.40916442871094,92.16468048095703,92.8976058959961,91.614990234375,91.614990234375,1889
2017-06-12,89.86994171142578,91.614990234375,92.53114318847656,90.88207244873047,92.16468048095703,6434
2017-06-13,89.51046752929688,91.24853515625,91.614990234375,91.24853515625,91.4317626953125,681
2017-06-14,89.86994171142578,91.614990234375,91.614990234375,91.0653076171875,91.614990234375,410
2017-06-15,90.22942352294922,91.98145294189453,92.53114318847656,91.4317626953125,91.614990234375,1801
2017-06-16,89.51046752929688,91.24853515625,92.16468048095703,90.88207244873047,92.16468048095703,1157
2017-06-19,90.40916442871094,92.16468048095703,92.16468048095703,90.88207244873047,90.88207244873047,774
2017-06-20,89.86994171142578,91.614990234375,92.71437072753906,91.24853515625,92.34791564941406,1101
2017-06-21,89.51046752929688,91.24853515625,91.614990234375,88.50008392333984,91.614990234375,1738
2017-06-22,90.40916442871094,92.16468048095703,92.34791564941406,90.69884490966797,91.4317626953125,1369
2017-06-26,89.6902084350586,91.4317626953125,92.16468048095703,90.88207244873047,92.16468048095703,1166
2017-06-27,90.22942352294922,91.98145294189453,91.98145294189453,90.69884490966797,90.88207244873047,812
2017-06-28,89.86994171142578,91.614990234375,92.16468048095703,90.69884490966797,91.24853515625,8776
2017-06-29,89.86994171142578,91.614990234375,91.98145294189453,90.88207244873047,91.614990234375,872
2017-06-30,89.6902084350586,91.4317626953125,92.16468048095703,91.4317626953125,91.4317626953125,728
2017-07-03,90.04969024658203,91.79822540283203,91.79822540283203,91.0653076171875,91.4317626953125,512
2017-07-04,88.61176300048828,90.33238220214844,91.614990234375,90.33238220214844,91.24853515625,1065
2017-07-05,90.40916442871094,92.16468048095703,92.16468048095703,90.51561737060547,90.51561737060547,434
2017-07-06,90.04969024658203,91.79822540283203,92.16468048095703,91.4317626953125,92.16468048095703,136
2017-07-07,90.22942352294922,91.98145294189453,91.98145294189453,90.69884490966797,91.0653076171875,671
2017-07-10,89.51046752929688,91.24853515625,91.98145294189453,91.24853515625,91.79822540283203,61
2017-07-11,89.6902084350586,91.4317626953125,91.79822540283203,91.24853515625,91.4317626953125,452
2017-07-12,89.86994171142578,91.614990234375,91.79822540283203,90.69884490966797,91.24853515625,505
2017-07-13,91.30786895751953,93.0808334350586,93.81375122070312,91.614990234375,91.98145294189453,2502
2017-07-14,89.86994171142578,91.614990234375,93.44729614257812,91.614990234375,93.0808334350586,923
2017-07-17,92.2065658569336,93.99698638916016,93.99698638916016,91.79822540283203,91.79822540283203,709
2017-07-18,91.30786895751953,93.0808334350586,93.99698638916016,93.0808334350586,93.99698638916016,811
2017-07-19,92.74578857421875,94.54667663574219,94.54667663574219,93.0808334350586,93.0808334350586,1858
2017-07-20,86.81436920166016,88.50008392333984,90.14915466308594,82.4534912109375,85.93486022949219,10292
2017-07-21,83.03982543945312,84.65225219726562,89.4162368774414,84.28579711914062,89.4162368774414,3712
2017-07-24,81.42216491699219,83.00318145751953,84.65225219726562,82.0870361328125,84.65225219726562,2644
2017-07-25,81.242431640625,82.81995391845703,83.55287170410156,82.81995391845703,83.18641662597656,807
2017-07-26,80.88294982910156,82.4534912109375,83.55287170410156,82.4534912109375,82.81995391845703,949
2017-07-27,81.242431640625,82.81995391845703,85.01871490478516,82.81995391845703,85.01871490478516,719
2017-07-28,80.70320892333984,82.270263671875,83.9193344116211,82.0870361328125,83.00318145751953,479
2017-07-31,80.88294982910156,82.4534912109375,82.81995391845703,80.6211929321289,82.270263671875,2017
2017-08-01,81.78165435791016,83.36964416503906,84.83548736572266,82.63672637939453,84.83548736572266,882
2017-08-02,80.88294982910156,82.4534912109375,83.36964416503906,81.72057342529297,83.36964416503906,3459
2017-08-03,80.88294982910156,82.4534912109375,84.28579711914062,82.4534912109375,84.28579711914062,215
2017-08-04,81.78165435791016,83.36964416503906,83.36964416503906,82.81995391845703,83.18641662597656,97
2017-08-07,80.52347564697266,82.0870361328125,83.55287170410156,82.0870361328125,82.63672637939453,729
2017-08-08,80.70320892333984,82.270263671875,82.81995391845703,82.0870361328125,82.4534912109375,339
2017-08-09,80.88294982910156,82.4534912109375,82.81995391845703,81.90380859375,82.270263671875,536
2017-08-10,80.16399383544922,81.72057342529297,82.4534912109375,81.35411834716797,82.4534912109375,653
2017-08-11,79.9842529296875,81.53734588623047,81.53734588623047,80.2547378540039,81.35411834716797,780
2017-08-14,80.34373474121094,81.90380859375,82.81995391845703,81.17088317871094,81.17088317871094,600
2017-08-15,80.16399383544922,81.72057342529297,82.270263671875,81.17088317871094,81.90380859375,312
2017-08-16,80.52347564697266,82.0870361328125,82.4534912109375,81.72057342529297,82.270263671875,641
2017-08-17,79.80451965332031,81.35411834716797,82.63672637939453,80.98765563964844,82.4534912109375,714
2017-08-18,80.52347564697266,82.0870361328125,82.0870361328125,80.2547378540039,80.6211929321289,1757
2017-08-21,79.9842529296875,81.53734588623047,82.4534912109375,80.98765563964844,81.90380859375,619
2017-08-22,80.52347564697266,82.0870361328125,82.0870361328125,80.98765563964844,81.17088317871094,189
2017-08-23,80.52347564697266,82.0870361328125,82.0870361328125,81.53734588623047,82.0870361328125,212
2017-08-24,79.80451965332031,81.35411834716797,82.0870361328125,79.70504760742188,82.0870361328125,957
2017-08-25,79.44503021240234,80.98765563964844,81.72057342529297,80.2547378540039,81.35411834716797,1382
2017-08-28,79.26529693603516,80.80442810058594,81.53734588623047,80.6211929321289,80.98765563964844,875
2017-08-29,79.44503021240234,80.98765563964844,81.53734588623047,80.6211929321289,81.53734588623047,611
2017-08-30,79.9842529296875,81.53734588623047,81.53734588623047,80.98765563964844,81.17088317871094,310
2017-08-31,80.52347564697266,82.0870361328125,82.270263671875,81.35411834716797,81.53734588623047,238
2017-09-01,80.52347564697266,82.0870361328125,82.0870361328125,81.17088317871094,81.53734588623047,656
2017-09-04,80.16399383544922,81.72057342529297,82.0870361328125,81.17088317871094,82.0870361328125,172
2017-09-05,80.16399383544922,81.72057342529297,81.72057342529297,81.35411834716797,81.72057342529297,382
2017-09-06,79.62477111816406,81.17088317871094,81.72057342529297,81.17088317871094,81.53734588623047,180
2017-09-07,80.34373474121094,81.90380859375,81.90380859375,81.17088317871094,81.53734588623047,475
2017-09-08,80.16399383544922,81.72057342529297,82.270263671875,81.35411834716797,81.53734588623047,5773
2017-09-11,80.88294982910156,82.4534912109375,82.4534912109375,81.35411834716797,81.35411834716797,871
2017-09-12,80.70320892333984,82.270263671875,83.36964416503906,81.90380859375,82.4534912109375,401
2017-09-13,80.88294982910156,82.4534912109375,82.4534912109375,82.270263671875,82.270263671875,602
2017-09-14,80.70320892333984,82.270263671875,82.4534912109375,81.90380859375,82.4534912109375,209
2017-09-15,79.9842529296875,81.53734588623047,82.270263671875,81.53734588623047,82.270263671875,148
2017-09-18,79.9842529296875,81.53734588623047,81.53734588623047,81.35411834716797,81.35411834716797,390
2017-09-19,79.26529693603516,80.80442810058594,81.35411834716797,80.80442810058594,81.35411834716797,626
2017-09-20,79.9842529296875,81.53734588623047,81.53734588623047,80.80442810058594,80.80442810058594,273
2017-09-21,79.9842529296875,81.53734588623047,81.53734588623047,80.80442810058594,80.98765563964844,253
2017-09-22,79.44503021240234,80.98765563964844,81.53734588623047,80.2547378540039,81.53734588623047,638
2017-09-25,79.0855484008789,80.6211929321289,81.53734588623047,80.6211929321289,80.98765563964844,258
2017-09-26,79.44503021240234,80.98765563964844,81.35411834716797,80.2547378540039,80.6211929321289,234
2017-09-27,79.0855484008789,80.6211929321289,80.6211929321289,79.88827514648438,80.2547378540039,643
2017-09-28,77.82737731933594,79.33858489990234,79.88827514648438,78.42243194580078,79.88827514648438,2289
2017-09-29,79.26529693603516,80.80442810058594,80.98765563964844,78.60566711425781,79.33858489990234,1200
2017-10-02,78.90581512451172,80.4379653930664,80.98765563964844,78.78889465332031,80.98765563964844,1346
2017-10-03,79.26529693603516,80.80442810058594,80.80442810058594,79.70504760742188,80.6211929321289,866
2017-10-04,79.44503021240234,80.98765563964844,81.90380859375,80.2547378540039,80.80442810058594,1053
2017-10-05,80.70320892333984,82.270263671875,82.4534912109375,81.17088317871094,81.53734588623047,1188
2017-10-06,80.70320892333984,82.270263671875,83.36964416503906,82.270263671875,82.4534912109375,697
2017-10-09,80.88294982910156,82.4534912109375,83.00318145751953,81.35411834716797,82.270263671875,227
2017-10-10,79.62477111816406,81.17088317871094,82.0870361328125,80.6211929321289,80.6211929321289,500
2017-10-11,79.0855484008789,80.6211929321289,81.72057342529297,80.6211929321289,81.72057342529297,419
2017-10-12,78.72607421875,80.2547378540039,80.6211929321289,80.2547378540039,80.4379653930664,533
2017-10-13,78.36659240722656,79.88827514648438,80.4379653930664,79.70504760742188,80.2547378540039,1092
2017-10-16,77.82737731933594,79.33858489990234,80.4379653930664,79.33858489990234,79.88827514648438,913
2017-10-17,78.36659240722656,79.88827514648438,80.07150268554688,79.33858489990234,79.52181243896484,732
2017-10-18,78.00711059570312,79.52181243896484,79.88827514648438,79.15535736083984,79.33858489990234,750
2017-10-19,77.64763641357422,79.15535736083984,79.33858489990234,78.78889465332031,79.15535736083984,846
2017-10-20,78.18685913085938,79.70504760742188,79.70504760742188,78.42243194580078,78.78889465332031,1249
2017-10-23,78.00711059570312,79.52181243896484,79.70504760742188,78.97212219238281,79.70504760742188,723
2017-10-24,78.18685913085938,79.70504760742188,79.70504760742188,78.97212219238281,79.52181243896484,537
2017-10-25,77.82737731933594,79.33858489990234,80.4379653930664,78.78889465332031,79.52181243896484,1255
2017-10-26,74.0528335571289,75.49075317382812,79.33858489990234,74.7578353881836,79.33858489990234,2575
2017-10-27,74.77179718017578,76.22367858886719,78.42243194580078,75.85721588134766,75.85721588134766,817
2017-10-30,74.59205627441406,76.04044342041016,76.40690612792969,74.9410629272461,76.22367858886719,912
2017-10-31,74.23258209228516,75.67398834228516,76.95659637451172,75.12429809570312,75.12429809570312,540
2017-11-01,74.41231536865234,75.85721588134766,76.59013366699219,75.67398834228516,76.04044342041016,869
2017-11-02,74.59205627441406,76.04044342041016,76.95659637451172,76.04044342041016,76.77336120605469,408
2017-11-03,74.9515380859375,76.40690612792969,76.40690612792969,75.85721588134766,76.22367858886719,210
2017-11-06,74.41231536865234,75.85721588134766,76.77336120605469,75.67398834228516,76.40690612792969,558
2017-11-07,73.87310028076172,75.30752563476562,76.40690612792969,75.30752563476562,75.85721588134766,699
2017-11-08,74.0528335571289,75.49075317382812,76.59013366699219,75.49075317382812,76.22367858886719,170
2017-11-09,73.33387756347656,74.7578353881836,75.67398834228516,74.5746078491211,75.49075317382812,513
2017-11-10,72.43517303466797,73.84168243408203,74.9410629272461,73.47522735595703,74.5746078491211,1149
2017-11-13,72.07569885253906,73.47522735595703,74.02491760253906,72.925537109375,73.47522735595703,415
2017-11-14,71.35673522949219,72.74230194091797,72.925537109375,71.82615661621094,72.925537109375,6086
2017-11-15,70.45803833007812,71.82615661621094,72.37584686279297,70.72677612304688,72.37584686279297,666
2017-11-16,70.99726104736328,72.37584686279297,72.55907440185547,71.4596939086914,72.00938415527344,680
2017-11-17,69.73907470703125,71.09323120117188,72.37584686279297,71.09323120117188,72.37584686279297,792
2017-11-20,69.37960052490234,70.72677612304688,72.925537109375,69.81062316894531,72.925537109375,834
2017-11-21,69.37960052490234,70.72677612304688,71.09323120117188,69.99385833740234,71.09323120117188,318
2017-11-22,68.84037780761719,70.17708587646484,72.19261169433594,70.17708587646484,71.4596939086914,451
2017-11-23,68.84037780761719,70.17708587646484,70.36031341552734,69.62739562988281,70.36031341552734,783
2017-11-24,67.94168090820312,69.26093292236328,69.81062316894531,68.71124267578125,69.26093292236328,868
2017-11-27,67.94168090820312,69.26093292236328,69.62739562988281,68.52801513671875,68.89447784423828,1684
2017-11-28,67.58219909667969,68.89447784423828,69.62739562988281,68.34478759765625,69.44416809082031,1706
2017-11-29,68.30116271972656,69.62739562988281,69.62739562988281,69.07770538330078,69.07770538330078,967
2017-11-30,68.30116271972656,69.62739562988281,69.99385833740234,68.71124267578125,69.62739562988281,1354
2017-12-01,68.48089599609375,69.81062316894531,69.81062316894531,69.62739562988281,69.62739562988281,1150
2017-12-04,68.66064453125,69.99385833740234,69.99385833740234,68.89447784423828,69.81062316894531,920
2017-12-05,69.0201187133789,70.36031341552734,70.36031341552734,68.71124267578125,70.17708587646484,855
2017-12-07,67.7619400024414,69.07770538330078,69.44416809082031,68.52801513671875,69.07770538330078,764
2017-12-08,70.2782974243164,71.6429214477539,71.6429214477539,68.52801513671875,68.71124267578125,3831
2017-12-11,67.7619400024414,69.07770538330078,70.91000366210938,68.89447784423828,70.17708587646484,1188
2017-12-12,67.40245819091797,68.71124267578125,69.44416809082031,68.34478759765625,69.07770538330078,1064
2017-12-13,67.22271728515625,68.52801513671875,69.07770538330078,67.79509735107422,68.71124267578125,1019
2017-12-14,66.14427947998047,67.42863464355469,68.52801513671875,67.06217956542969,68.52801513671875,1484
2017-12-15,65.60505676269531,66.87894439697266,67.06217956542969,66.51248931884766,67.06217956542969,352
2017-12-18,67.40245819091797,68.71124267578125,69.62739562988281,66.32925415039062,66.32925415039062,3005
2017-12-19,68.30116271972656,69.62739562988281,69.62739562988281,67.79509735107422,68.71124267578125,1009
2017-12-20,68.48089599609375,69.81062316894531,69.81062316894531,68.52801513671875,69.62739562988281,6795
2017-12-21,68.12142181396484,69.44416809082031,69.62739562988281,67.97832489013672,67.97832489013672,1420
2017-12-22,68.30116271972656,69.62739562988281,69.81062316894531,68.71124267578125,69.44416809082031,1298
2017-12-27,66.14427947998047,67.42863464355469,69.07770538330078,67.42863464355469,68.89447784423828,2474
2017-12-28,65.2455825805664,66.51248931884766,67.42863464355469,64.49695587158203,67.42863464355469,4430
2017-12-29,64.70636749267578,65.96279907226562,67.42863464355469,65.04664611816406,66.32925415039062,6226
2018-01-02,68.30116271972656,69.62739562988281,70.36031341552734,65.96279907226562,65.96279907226562,1335
2018-01-03,67.22271728515625,68.52801513671875,70.72677612304688,68.52801513671875,69.81062316894531,2115
2018-01-04,69.0201187133789,70.36031341552734,70.54354858398438,68.71124267578125,69.62739562988281,6124
2018-01-05,69.0201187133789,70.36031341552734,70.91000366210938,69.81062316894531,70.36031341552734,976
2018-01-08,69.73907470703125,71.09323120117188,72.19261169433594,69.99385833740234,70.91000366210938,1239
2018-01-09,72.7946548461914,74.20814514160156,74.7578353881836,71.2764663696289,71.2764663696289,1116
2018-01-10,71.89595794677734,73.2919921875,74.7578353881836,73.2919921875,74.7578353881836,1115
2018-01-11,71.17699432373047,72.55907440185547,74.5746078491211,72.55907440185547,74.5746078491211,372
2018-01-12,72.25543975830078,73.65845489501953,75.49075317382812,73.1087646484375,73.1087646484375,1914
2018-01-15,72.07569885253906,73.47522735595703,75.12429809570312,73.2919921875,75.12429809570312,456
2018-01-16,70.99726104736328,72.37584686279297,73.47522735595703,71.4596939086914,73.47522735595703,439
2018-01-17,70.45803833007812,71.82615661621094,72.19261169433594,71.4596939086914,72.19261169433594,277
2018-01-18,71.35673522949219,72.74230194091797,72.74230194091797,71.4596939086914,72.37584686279297,500
2018-01-19,70.99726104736328,72.37584686279297,73.1087646484375,71.6429214477539,71.6429214477539,284
2018-01-22,71.35673522949219,72.74230194091797,72.74230194091797,72.37584686279297,72.55907440185547,115
2018-01-23,70.63777923583984,72.00938415527344,73.1087646484375,71.6429214477539,73.1087646484375,302
2018-01-24,69.73907470703125,71.09323120117188,72.00938415527344,71.09323120117188,72.00938415527344,377
2018-01-25,69.73907470703125,71.09323120117188,72.19261169433594,71.09323120117188,72.19261169433594,329
2018-01-26,69.55933380126953,70.91000366210938,71.4596939086914,70.72677612304688,71.4596939086914,691
2018-01-29,69.9188232421875,71.2764663696289,71.4596939086914,71.2764663696289,71.4596939086914,118
2018-01-30,68.84037780761719,70.17708587646484,71.09323120117188,69.99385833740234,71.09323120117188,414
2018-01-31,68.66064453125,69.99385833740234,70.36031341552734,69.81062316894531,69.81062316894531,381
2018-02-01,68.48089599609375,69.81062316894531,70.54354858398438,69.62739562988281,69.81062316894531,474
2018-02-02,68.48089599609375,69.81062316894531,70.17708587646484,69.81062316894531,69.99385833740234,171
2018-02-05,67.04298400878906,68.34478759765625,69.81062316894531,67.97832489013672,69.81062316894531,617
2018-02-06,65.60505676269531,66.87894439697266,67.42863464355469,65.5963363647461,66.14602661132812,1473
2018-02-07,68.30116271972656,69.62739562988281,71.4596939086914,66.69571685791016,66.69571685791016,1876
2018-02-08,67.22271728515625,68.52801513671875,69.81062316894531,68.16155242919922,69.62739562988281,411
2018-02-09,65.78480529785156,67.06217956542969,68.16155242919922,67.06217956542969,67.24540710449219,509
2018-02-12,67.04298400878906,68.34478759765625,68.89447784423828,67.79509735107422,67.79509735107422,814
2018-02-13,66.5037612915039,67.79509735107422,68.89447784423828,67.79509735107422,68.89447784423828,311
2018-02-14,67.04298400878906,68.34478759765625,68.52801513671875,66.87894439697266,67.79509735107422,427
2018-02-15,67.58219909667969,68.89447784423828,69.44416809082031,66.87894439697266,68.89447784423828,266
2018-02-16,58.77494430541992,59.91620635986328,62.298194885253906,58.81682586669922,62.298194885253906,25312
2018-02-19,59.134422302246094,60.28266525268555,61.38204574584961,59.732975006103516,60.28266525268555,5434
2018-02-20,59.31416702270508,60.46589660644531,60.64912414550781,59.732975006103516,60.46589660644531,3906
2018-02-21,58.77494430541992,59.91620635986328,60.64912414550781,59.91620635986328,60.64912414550781,1034
2018-02-22,58.23572540283203,59.36651611328125,60.28266525268555,58.81682586669922,60.09943771362305,2264
2018-02-23,58.41546630859375,59.549747467041016,59.91620635986328,59.000057220458984,59.91620635986328,969
2018-02-26,58.05598449707031,59.183284759521484,59.549747467041016,58.81682586669922,59.36651611328125,1685
2018-02-27,57.87624740600586,59.000057220458984,59.36651611328125,58.81682586669922,59.36651611328125,468
2018-02-28,57.69650650024414,58.81682586669922,59.183284759521484,58.63359451293945,58.81682586669922,1125
2018-03-01,58.23572540283203,59.36651611328125,59.36651611328125,58.81682586669922,58.81682586669922,1480
2018-03-02,58.23572540283203,59.36651611328125,59.36651611328125,58.63359451293945,59.000057220458984,3262
2018-03-05,58.05598449707031,59.183284759521484,59.549747467041016,58.81682586669922,59.000057220458984,902
2018-03-06,58.23572540283203,59.36651611328125,59.36651611328125,58.63359451293945,59.36651611328125,488
2018-03-07,57.87624740600586,59.000057220458984,59.183284759521484,58.45036697387695,59.183284759521484,1166
2018-03-08,58.23572540283203,59.36651611328125,59.36651611328125,58.63359451293945,58.63359451293945,1879
2018-03-09,57.51676559448242,58.63359451293945,59.36651611328125,58.45036697387695,59.183284759521484,2369
2018-03-12,57.157283782958984,58.26713562011719,59.183284759521484,58.26713562011719,58.63359451293945,1258
2018-03-13,57.33702850341797,58.45036697387695,59.000057220458984,58.26713562011719,58.81682586669922,1179
2018-03-14,57.87624740600586,59.000057220458984,59.183284759521484,58.26713562011719,58.45036697387695,802
2018-03-15,57.69650650024414,58.81682586669922,59.183284759521484,58.26713562011719,59.000057220458984,336
2018-03-16,57.33702850341797,58.45036697387695,58.63359451293945,58.26713562011719,58.63359451293945,285
2018-03-19,56.618064880371094,57.717445373535156,59.000057220458984,57.717445373535156,59.000057220458984,1107
2018-03-20,56.618064880371094,57.717445373535156,58.26713562011719,57.717445373535156,57.90067672729492,322
2018-03-21,55.88514709472656,55.88514709472656,57.90067672729492,55.88514709472656,57.90067672729492,1000
2018-03-22,54.7857666015625,54.7857666015625,57.35098648071289,52.22054672241211,56.06837463378906,1308
2018-03-23,53.50315475463867,53.50315475463867,53.8696174621582,51.854087829589844,53.8696174621582,2389
2018-03-26,53.136695861816406,53.136695861816406,54.602535247802734,53.136695861816406,54.23607635498047,813
2018-03-27,53.136695861816406,53.136695861816406,54.602535247802734,53.136695861816406,54.23607635498047,495
2018-03-28,53.31992721557617,53.31992721557617,55.152225494384766,53.136695861816406,53.136695861816406,696
2018-03-29,53.136695861816406,53.136695861816406,53.136695861816406,52.40377426147461,53.136695861816406,413
2018-04-03,52.40377426147461,52.40377426147461,53.136695861816406,52.40377426147461,53.136695861816406,115
2018-04-04,51.12116622924805,51.12116622924805,52.40377426147461,49.47209548950195,52.22054672241211,1810
2018-04-05,50.388248443603516,50.388248443603516,52.037315368652344,50.388248443603516,50.571475982666016,1153
2018-04-06,51.30439758300781,51.30439758300781,51.30439758300781,50.93793487548828,51.30439758300781,886
2018-04-09,51.30439758300781,51.30439758300781,52.22054672241211,50.93793487548828,52.037315368652344,875
2018-04-10,51.48762512207031,51.48762512207031,51.48762512207031,50.571475982666016,50.93793487548828,437
2018-04-11,50.388248443603516,50.388248443603516,52.037315368652344,50.388248443603516,51.48762512207031,691
2018-04-12,50.75470733642578,50.75470733642578,52.22054672241211,50.20501708984375,50.388248443603516,433
2018-04-13,52.037315368652344,52.037315368652344,53.31992721557617,50.571475982666016,50.571475982666016,618
2018-04-16,52.037315368652344,52.037315368652344,53.136695861816406,52.037315368652344,52.22054672241211,511
2018-04-17,51.854087829589844,51.854087829589844,53.136695861816406,51.854087829589844,52.22054672241211,1647
2018-04-18,51.854087829589844,51.854087829589844,52.587005615234375,51.854087829589844,52.587005615234375,180
2018-04-19,51.854087829589844,51.854087829589844,53.31992721557617,51.67085647583008,51.67085647583008,382
2018-04-20,52.22054672241211,52.22054672241211,52.587005615234375,52.22054672241211,52.587005615234375,407
2018-04-23,52.22054672241211,52.22054672241211,53.136695861816406,52.22054672241211,52.587005615234375,1879
2018-04-24,52.22054672241211,52.22054672241211,52.77023696899414,52.22054672241211,52.40377426147461,2262
2018-04-25,52.22054672241211,52.22054672241211,52.95346450805664,52.22054672241211,52.40377426147461,785
2018-04-26,51.30439758300781,51.30439758300781,51.30439758300781,47.63979721069336,49.838558197021484,5821
2018-04-27,50.388248443603516,50.388248443603516,51.30439758300781,49.838558197021484,51.30439758300781,854
2018-04-30,51.854087829589844,51.854087829589844,51.854087829589844,49.47209548950195,50.388248443603516,945
2018-05-02,50.571475982666016,50.571475982666016,51.30439758300781,50.021785736083984,51.30439758300781,2167
2018-05-03,50.20501708984375,50.20501708984375,51.12116622924805,50.20501708984375,50.93793487548828,363
2018-05-04,50.021785736083984,50.021785736083984,51.12116622924805,49.838558197021484,51.12116622924805,887
2018-05-07,50.021785736083984,50.021785736083984,51.30439758300781,50.021785736083984,50.75470733642578,2131
2018-05-08,50.20501708984375,50.20501708984375,51.30439758300781,49.838558197021484,51.30439758300781,1206
2018-05-09,50.93793487548828,50.93793487548828,51.12116622924805,49.838558197021484,50.571475982666016,2545
2018-05-11,50.93793487548828,50.93793487548828,51.854087829589844,50.75470733642578,50.93793487548828,1692
2018-05-14,50.388248443603516,50.388248443603516,51.67085647583008,50.388248443603516,51.67085647583008,1737
2018-05-15,50.021785736083984,50.021785736083984,51.30439758300781,50.021785736083984,50.388248443603516,575
2018-05-16,49.10563659667969,49.10563659667969,50.75470733642578,49.10563659667969,50.20501708984375,3268
2018-05-17,49.65532684326172,49.65532684326172,50.388248443603516,49.47209548950195,50.388248443603516,413
2018-05-18,50.20501708984375,50.20501708984375,50.93793487548828,49.65532684326172,49.838558197021484,1203
2018-05-21,50.75470733642578,50.75470733642578,51.12116622924805,49.838558197021484,51.12116622924805,657
2018-05-22,50.75470733642578,50.75470733642578,51.30439758300781,50.20501708984375,50.75470733642578,1422
2018-05-23,50.20501708984375,50.20501708984375,51.30439758300781,50.021785736083984,51.30439758300781,690
2018-05-24,49.838558197021484,49.838558197021484,50.388248443603516,49.47209548950195,50.388248443603516,1611
2018-05-25,49.65532684326172,49.65532684326172,50.20501708984375,49.47209548950195,50.20501708984375,273
2018-05-28,49.47209548950195,49.47209548950195,50.571475982666016,49.47209548950195,49.838558197021484,813
2018-05-29,48.372718811035156,48.372718811035156,50.20501708984375,48.372718811035156,50.20501708984375,1824
2018-05-30,48.92240524291992,48.92240524291992,50.021785736083984,48.555946350097656,48.555946350097656,777
2018-05-31,49.28886795043945,49.28886795043945,49.47209548950195,48.555946350097656,49.47209548950195,1097
2018-06-01,48.555946350097656,48.555946350097656,50.021785736083984,48.555946350097656,49.10563659667969,1977
2018-06-04,49.28886795043945,49.28886795043945,50.20501708984375,48.73917770385742,49.47209548950195,1019
2018-06-05,48.92240524291992,48.92240524291992,49.838558197021484,48.92240524291992,49.65532684326172,1244
2018-06-06,49.28886795043945,49.28886795043945,50.021785736083984,49.10563659667969,49.47209548950195,681
2018-06-07,49.65532684326172,49.65532684326172,49.65532684326172,48.555946350097656,48.555946350097656,1002
2018-06-08,50.388248443603516,50.388248443603516,50.388248443603516,49.47209548950195,50.20501708984375,1993
2018-06-11,50.75470733642578,50.75470733642578,51.30439758300781,50.388248443603516,50.388248443603516,917
2018-06-12,50.388248443603516,50.388248443603516,50.93793487548828,50.021785736083984,50.75470733642578,660
2018-06-13,49.65532684326172,49.65532684326172,50.93793487548828,49.65532684326172,50.75470733642578,546
2018-06-14,50.20501708984375,50.20501708984375,50.93793487548828,49.65532684326172,50.388248443603516,347
2018-06-15,50.571475982666016,50.571475982666016,51.30439758300781,50.021785736083984,50.75470733642578,1614
2018-06-18,49.47209548950195,49.47209548950195,51.30439758300781,49.47209548950195,51.12116622924805,1404
2018-06-19,49.10563659667969,49.10563659667969,49.838558197021484,49.10563659667969,49.65532684326172,463
2018-06-20,50.20501708984375,50.20501708984375,50.75470733642578,48.372718811035156,49.47209548950195,1868
2018-06-21,48.92240524291992,48.92240524291992,49.65532684326172,48.555946350097656,49.65532684326172,669
2018-06-25,48.006256103515625,48.006256103515625,49.10563659667969,48.006256103515625,49.10563659667969,598
2018-06-26,48.006256103515625,48.006256103515625,48.92240524291992,47.823028564453125,48.006256103515625,793
2018-06-27,49.28886795043945,49.28886795043945,49.28886795043945,48.372718811035156,48.372718811035156,214
2018-06-28,48.006256103515625,48.006256103515625,49.28886795043945,47.63979721069336,49.10563659667969,839
2018-06-29,48.555946350097656,48.555946350097656,49.47209548950195,48.555946350097656,49.47209548950195,763
2018-07-02,49.47209548950195,49.47209548950195,49.47209548950195,48.555946350097656,48.73917770385742,1405
2018-07-03,51.12116622924805,51.12116622924805,51.12116622924805,49.47209548950195,51.12116622924805,456
2018-07-04,51.12116622924805,51.12116622924805,51.12116622924805,50.93793487548828,50.93793487548828,209
2018-07-05,50.388248443603516,50.388248443603516,51.30439758300781,50.388248443603516,51.12116622924805,308
2018-07-06,50.571475982666016,50.571475982666016,50.75470733642578,50.388248443603516,50.75470733642578,383
2018-07-09,50.571475982666016,50.571475982666016,50.75470733642578,50.021785736083984,50.75470733642578,153
2018-07-10,50.93793487548828,50.93793487548828,50.93793487548828,50.021785736083984,50.388248443603516,324
2018-07-11,49.47209548950195,49.47209548950195,50.571475982666016,49.47209548950195,50.388248443603516,1271
2018-07-12,50.571475982666016,50.571475982666016,50.75470733642578,49.838558197021484,49.838558197021484,119
2018-07-13,50.75470733642578,50.75470733642578,50.93793487548828,50.388248443603516,50.93793487548828,162
2018-07-16,50.93793487548828,50.93793487548828,50.93793487548828,50.021785736083984,50.93793487548828,497
2018-07-17,50.93793487548828,50.93793487548828,50.93793487548828,50.571475982666016,50.93793487548828,250
2018-07-18,50.021785736083984,50.021785736083984,50.93793487548828,50.021785736083984,50.93793487548828,765
2018-07-19,48.006256103515625,48.006256103515625,49.10563659667969,46.90687561035156,48.92240524291992,2314
2018-07-20,49.10563659667969,49.10563659667969,50.20501708984375,48.18948745727539,48.18948745727539,349
2018-07-23,49.10563659667969,49.10563659667969,49.65532684326172,48.92240524291992,49.10563659667969,503
2018-07-24,49.10563659667969,49.10563659667969,50.021785736083984,48.92240524291992,48.92240524291992,678
2018-07-25,49.10563659667969,49.10563659667969,49.10563659667969,48.372718811035156,48.92240524291992,256
2018-07-26,49.47209548950195,49.47209548950195,49.838558197021484,49.10563659667969,49.10563659667969,806
2018-07-27,49.838558197021484,49.838558197021484,50.20501708984375,49.10563659667969,50.021785736083984,173
2018-07-30,50.571475982666016,50.571475982666016,50.571475982666016,50.021785736083984,50.021785736083984,1167
2018-07-31,49.47209548950195,49.47209548950195,50.20501708984375,49.47209548950195,50.20501708984375,303
2018-08-01,50.021785736083984,50.021785736083984,50.388248443603516,49.47209548950195,50.388248443603516,194
2018-08-02,49.838558197021484,49.838558197021484,50.20501708984375,49.65532684326172,50.20501708984375,297
2018-08-03,50.388248443603516,50.388248443603516,50.93793487548828,49.838558197021484,50.021785736083984,325
2018-08-06,50.388248443603516,50.388248443603516,50.388248443603516,49.838558197021484,50.388248443603516,398
2018-08-07,49.65532684326172,49.65532684326172,50.388248443603516,49.65532684326172,50.388248443603516,248
2018-08-08,50.20501708984375,50.20501708984375,50.388248443603516,49.65532684326172,49.65532684326172,177
2018-08-09,50.021785736083984,50.021785736083984,50.20501708984375,49.65532684326172,49.838558197021484,108
2018-08-10,49.65532684326172,49.65532684326172,50.021785736083984,49.47209548950195,50.021785736083984,128
2018-08-13,48.555946350097656,48.555946350097656,49.65532684326172,47.823028564453125,49.47209548950195,1027
2018-08-14,48.555946350097656,48.555946350097656,49.10563659667969,48.372718811035156,48.555946350097656,163
2018-08-15,48.006256103515625,48.006256103515625,49.10563659667969,47.63979721069336,49.10563659667969,291
2018-08-16,49.28886795043945,49.28886795043945,49.28886795043945,48.18948745727539,48.18948745727539,573
2018-08-17,49.28886795043945,49.28886795043945,49.28886795043945,48.006256103515625,49.10563659667969,1068
2018-08-20,49.838558197021484,49.838558197021484,49.838558197021484,49.28886795043945,49.28886795043945,1004
2018-08-21,49.10563659667969,49.10563659667969,50.20501708984375,48.18948745727539,50.20501708984375,529
2018-08-22,49.10563659667969,49.10563659667969,49.47209548950195,49.10563659667969,49.10563659667969,217
2018-08-23,49.10563659667969,49.10563659667969,49.65532684326172,48.92240524291992,49.28886795043945,711
2018-08-24,47.823028564453125,47.823028564453125,48.92240524291992,45.990726470947266,48.92240524291992,1117
2018-08-27,49.10563659667969,49.10563659667969,49.47209548950195,48.006256103515625,48.372718811035156,1531
2018-08-28,48.555946350097656,48.555946350097656,49.28886795043945,48.18948745727539,49.10563659667969,469
2018-08-29,49.10563659667969,49.10563659667969,49.28886795043945,48.73917770385742,48.73917770385742,639
2018-08-30,49.838558197021484,49.838558197021484,49.838558197021484,48.555946350097656,49.28886795043945,548
2018-08-31,48.92240524291992,48.92240524291992,49.838558197021484,48.92240524291992,49.838558197021484,245
2018-09-03,50.388248443603516,50.388248443603516,50.93793487548828,50.021785736083984,50.021785736083984,2503
2018-09-04,50.20501708984375,50.20501708984375,50.75470733642578,49.838558197021484,50.75470733642578,542
2018-09-05,49.47209548950195,49.47209548950195,50.93793487548828,49.47209548950195,50.388248443603516,2423
2018-09-06,50.20501708984375,50.20501708984375,50.20501708984375,49.28886795043945,49.47209548950195,1953
2018-09-07,49.47209548950195,49.47209548950195,50.93793487548828,49.28886795043945,50.93793487548828,240
2018-09-10,49.28886795043945,49.28886795043945,49.65532684326172,49.28886795043945,49.65532684326172,87
2018-09-11,48.18948745727539,48.18948745727539,49.47209548950195,47.63979721069336,49.47209548950195,1118
2018-09-12,48.006256103515625,48.006256103515625,48.372718811035156,47.823028564453125,48.006256103515625,548
2018-09-13,48.555946350097656,48.555946350097656,49.47209548950195,47.823028564453125,47.823028564453125,580
2018-09-14,46.72364807128906,46.72364807128906,49.10563659667969,44.15842819213867,48.73917770385742,4599
2018-09-17,45.257808685302734,45.257808685302734,45.8074951171875,43.975196838378906,45.8074951171875,5145
2018-09-18,44.8913459777832,44.8913459777832,46.35718536376953,44.8913459777832,45.257808685302734,2327
2018-09-19,44.7081184387207,44.7081184387207,45.441036224365234,44.7081184387207,45.07457733154297,687
2018-09-20,45.07457733154297,45.07457733154297,45.8074951171875,45.07457733154297,45.257808685302734,1317
2018-09-21,45.8074951171875,45.8074951171875,47.273338317871094,45.8074951171875,45.8074951171875,1172
2018-09-24,46.35718536376953,46.35718536376953,46.35718536376953,45.8074951171875,45.990726470947266,1155
2018-09-25,45.8074951171875,45.8074951171875,46.35718536376953,45.624267578125,46.17395782470703,79
2018-09-26,45.624267578125,45.624267578125,45.8074951171875,45.07457733154297,45.8074951171875,354
2018-09-27,45.441036224365234,45.441036224365234,46.72364807128906,45.441036224365234,45.441036224365234,467
2018-09-28,45.8074951171875,45.8074951171875,45.990726470947266,45.07457733154297,45.441036224365234,711
2018-10-01,45.990726470947266,45.990726470947266,46.17395782470703,45.624267578125,46.17395782470703,520
2018-10-02,45.07457733154297,45.07457733154297,45.624267578125,45.07457733154297,45.624267578125,529
2018-10-03,45.8074951171875,45.8074951171875,46.17395782470703,44.8913459777832,45.07457733154297,370
2018-10-04,45.441036224365234,45.441036224365234,46.17395782470703,45.441036224365234,45.990726470947266,507
2018-10-05,45.441036224365234,45.441036224365234,45.990726470947266,45.441036224365234,45.624267578125,1121
2018-10-08,45.07457733154297,45.07457733154297,45.624267578125,44.34165573120117,45.624267578125,1534
2018-10-09,43.975196838378906,43.975196838378906,45.624267578125,43.975196838378906,45.257808685302734,1101
2018-10-10,43.79196548461914,43.79196548461914,44.8913459777832,43.79196548461914,44.8913459777832,991
2018-10-11,42.14289855957031,42.14289855957031,43.05904769897461,41.77643585205078,43.05904769897461,1858
2018-10-12,43.24227523803711,43.24227523803711,43.24227523803711,42.14289855957031,43.05904769897461,724
2018-10-15,43.975196838378906,43.975196838378906,44.8913459777832,43.425506591796875,43.60873794555664,641
2018-10-16,44.8913459777832,44.8913459777832,44.8913459777832,43.975196838378906,43.975196838378906,128
2018-10-17,44.34165573120117,44.34165573120117,44.52488708496094,43.975196838378906,44.34165573120117,310
2018-10-18,43.79196548461914,43.79196548461914,44.34165573120117,43.79196548461914,44.15842819213867,609
2018-10-19,42.32612609863281,42.32612609863281,44.15842819213867,41.77643585205078,43.975196838378906,1596
2018-10-22,41.22674560546875,41.22674560546875,42.875816345214844,40.67705535888672,42.50935745239258,1687
2018-10-23,39.94413757324219,39.94413757324219,41.77643585205078,39.76090621948242,41.22674560546875,1003
2018-10-24,41.59320831298828,41.59320831298828,42.14289855957031,39.94413757324219,39.94413757324219,1025
2018-10-25,40.67705535888672,40.67705535888672,41.95966720581055,40.12736511230469,41.409976959228516,2044
2018-10-26,40.31059646606445,40.31059646606445,42.14289855957031,40.31059646606445,41.04351806640625,2626
2018-10-29,41.04351806640625,41.04351806640625,42.692588806152344,40.31059646606445,41.77643585205078,3824
2018-10-30,40.67705535888672,40.67705535888672,41.77643585205078,40.12736511230469,41.409976959228516,1739
2018-10-31,41.04351806640625,41.04351806640625,42.14289855957031,40.860286712646484,41.22674560546875,3531
2018-11-01,42.14289855957031,42.14289855957031,42.692588806152344,41.22674560546875,41.77643585205078,514
2018-11-02,45.8074951171875,45.8074951171875,45.8074951171875,42.14289855957031,42.14289855957031,2242
2018-11-05,43.05904769897461,43.05904769897461,45.990726470947266,42.692588806152344,45.8074951171875,1228
2018-11-06,44.52488708496094,44.52488708496094,45.8074951171875,43.60873794555664,45.8074951171875,739
2018-11-07,44.15842819213867,44.15842819213867,44.8913459777832,44.15842819213867,44.15842819213867,457
2018-11-08,43.24227523803711,43.24227523803711,44.52488708496094,43.24227523803711,44.34165573120117,413
2018-11-09,43.425506591796875,43.425506591796875,44.15842819213867,43.425506591796875,44.15842819213867,430
2018-11-12,43.24227523803711,43.24227523803711,44.15842819213867,43.24227523803711,43.975196838378906,992
2018-11-13,42.32612609863281,42.32612609863281,43.24227523803711,41.95966720581055,43.24227523803711,648
2018-11-14,43.975196838378906,43.975196838378906,43.975196838378906,41.22674560546875,42.692588806152344,2383
2018-11-15,43.60873794555664,43.60873794555664,43.975196838378906,42.50935745239258,43.24227523803711,366
2018-11-16,41.95966720581055,41.95966720581055,44.8913459777832,41.95966720581055,43.60873794555664,1261
2018-11-19,39.394447326660156,39.394447326660156,41.95966720581055,39.394447326660156,41.95966720581055,2497
2018-11-20,38.11183547973633,38.11183547973633,39.94413757324219,37.74537658691406,38.47829818725586,3131
2018-11-21,37.92860794067383,37.92860794067383,38.844757080078125,37.19568634033203,38.47829818725586,2240
2018-11-22,37.19568634033203,37.19568634033203,38.66152572631836,37.19568634033203,38.11183547973633,2530
2018-11-23,37.19568634033203,37.19568634033203,38.47829818725586,37.01245880126953,38.47829818725586,1331
2018-11-26,37.92860794067383,37.92860794067383,38.47829818725586,36.829227447509766,36.829227447509766,1652
2018-11-27,38.844757080078125,38.844757080078125,39.394447326660156,37.92860794067383,38.844757080078125,2403
2018-11-28,38.66152572631836,38.66152572631836,39.394447326660156,38.11183547973633,38.47829818725586,1285
2018-11-29,41.59320831298828,41.59320831298828,41.59320831298828,39.02798843383789,39.02798843383789,3292
2018-11-30,41.04351806640625,41.04351806640625,42.14289855957031,41.04351806640625,41.04351806640625,1566
2018-12-03,38.844757080078125,38.844757080078125,42.875816345214844,38.844757080078125,42.14289855957031,1125
2018-12-04,38.66152572631836,38.66152572631836,40.31059646606445,38.66152572631836,39.76090621948242,619
2018-12-05,39.21121597290039,39.21121597290039,39.94413757324219,38.295066833496094,39.02798843383789,659
2018-12-07,37.92860794067383,37.92860794067383,38.844757080078125,37.74537658691406,37.74537658691406,1114
2018-12-10,35.54661560058594,35.54661560058594,38.47829818725586,35.18015670776367,38.11183547973633,2613
2018-12-11,35.7298469543457,35.7298469543457,37.19568634033203,35.36338806152344,36.279537200927734,3419
2018-12-12,35.63823318481445,35.63823318481445,36.55438232421875,35.18015670776367,36.55438232421875,3426
2018-12-13,35.54661560058594,35.54661560058594,35.82146072387695,34.813697814941406,35.82146072387695,1969
2018-12-14,35.63823318481445,35.63823318481445,35.7298469543457,35.08854293823242,35.7298469543457,31316
2018-12-17,34.447235107421875,34.447235107421875,35.63823318481445,34.08077621459961,35.63823318481445,3674
2018-12-18,33.98916244506836,33.98916244506836,34.996925354003906,33.622703552246094,34.813697814941406,4095
2018-12-19,33.714317321777344,33.714317321777344,34.813697814941406,32.98139953613281,34.08077621459961,2671
2018-12-20,32.98139953613281,32.98139953613281,34.08077621459961,32.156864166259766,34.08077621459961,2918
2018-12-21,31.882017135620117,31.882017135620117,32.7065544128418,31.33232879638672,32.7065544128418,8800
2018-12-27,31.057483673095703,31.057483673095703,31.790403366088867,30.782638549804688,31.790403366088867,4188
2018-12-28,31.149097442626953,31.149097442626953,31.51555824279785,30.41617774963379,31.057483673095703,5741
2019-01-02,32.61493682861328,32.61493682861328,33.43947219848633,31.51555824279785,31.790403366088867,2828
2019-01-03,32.248477935791016,32.248477935791016,35.08854293823242,32.248477935791016,33.531089782714844,2565
2019-01-04,34.264007568359375,34.264007568359375,34.813697814941406,33.714317321777344,33.714317321777344,1881
2019-01-07,36.64599609375,36.64599609375,37.92860794067383,35.18015670776367,35.18015670776367,2833
2019-01-08,38.11183547973633,38.11183547973633,39.21121597290039,37.01245880126953,37.5621452331543,2553
2019-01-09,39.76090621948242,39.76090621948242,40.12736511230469,38.47829818725586,38.844757080078125,2171
2019-01-10,37.92860794067383,37.92860794067383,40.12736511230469,37.5621452331543,40.12736511230469,1476
2019-01-11,37.5621452331543,37.5621452331543,38.66152572631836,37.3789176940918,38.295066833496094,1162
2019-01-14,37.92860794067383,37.92860794067383,37.92860794067383,37.01245880126953,37.3789176940918,1239
2019-01-15,35.91307830810547,35.91307830810547,38.11183547973633,35.82146072387695,38.11183547973633,1861
2019-01-16,36.279537200927734,36.279537200927734,37.3789176940918,36.09630584716797,36.64599609375,1306
2019-01-17,36.09630584716797,36.09630584716797,37.19568634033203,36.09630584716797,37.19568634033203,1145
2019-01-18,36.279537200927734,36.279537200927734,37.3789176940918,36.09630584716797,36.279537200927734,786
2019-01-21,35.7298469543457,35.7298469543457,36.829227447509766,35.7298469543457,36.64599609375,1321
2019-01-22,35.7298469543457,35.7298469543457,36.371150970458984,35.7298469543457,36.371150970458984,384
2019-01-23,35.82146072387695,35.82146072387695,36.187923431396484,35.7298469543457,36.09630584716797,467
2019-01-24,35.91307830810547,35.91307830810547,36.09630584716797,35.91307830810547,35.91307830810547,778
2019-01-25,36.64599609375,36.64599609375,37.19568634033203,35.91307830810547,36.279537200927734,590
2019-01-28,36.00469207763672,36.00469207763672,36.64599609375,35.91307830810547,36.00469207763672,626
2019-01-29,36.09630584716797,36.09630584716797,36.55438232421875,35.91307830810547,36.00469207763672,340
2019-01-30,35.54661560058594,35.54661560058594,36.09630584716797,35.54661560058594,36.09630584716797,297
2019-01-31,34.905311584472656,34.905311584472656,35.54661560058594,34.813697814941406,35.54661560058594,6236
2019-02-01,34.813697814941406,34.813697814941406,35.18015670776367,34.447235107421875,34.813697814941406,1151
2019-02-04,34.813697814941406,34.813697814941406,35.18015670776367,34.813697814941406,35.18015670776367,641
2019-02-05,34.264007568359375,34.264007568359375,35.08854293823242,34.08077621459961,35.08854293823242,1597
2019-02-06,34.72208023071289,34.72208023071289,35.18015670776367,32.98139953613281,33.89754867553711,2854
2019-02-07,35.27177047729492,35.27177047729492,35.7298469543457,34.08077621459961,35.08854293823242,3693
2019-02-08,34.08077621459961,34.08077621459961,35.7298469543457,34.08077621459961,35.27177047729492,1185
2019-02-11,34.63046646118164,34.63046646118164,35.7298469543457,34.63046646118164,35.7298469543457,853
2019-02-12,34.63046646118164,34.63046646118164,35.08854293823242,34.63046646118164,34.63046646118164,163
2019-02-13,34.447235107421875,34.447235107421875,34.905311584472656,34.447235107421875,34.447235107421875,640
2019-02-14,34.08077621459961,34.08077621459961,34.813697814941406,33.80593490600586,34.813697814941406,2263
2019-02-15,34.447235107421875,34.447235107421875,34.63046646118164,34.08077621459961,34.447235107421875,310
2019-02-18,33.89754867553711,33.89754867553711,34.813697814941406,33.89754867553711,34.08077621459961,784
2019-02-19,33.531089782714844,33.531089782714844,34.08077621459961,33.531089782714844,33.89754867553711,456
2019-02-20,33.531089782714844,33.531089782714844,34.447235107421875,33.07301330566406,33.07301330566406,453
2019-02-21,32.61493682861328,32.61493682861328,34.72208023071289,32.61493682861328,34.72208023071289,1002
2019-02-22,32.340091705322266,32.340091705322266,32.79816818237305,31.149097442626953,32.43170928955078,3107
2019-02-25,31.149097442626953,31.149097442626953,32.79816818237305,29.866487503051758,32.61493682861328,6727
2019-02-26,31.51555824279785,31.51555824279785,32.248477935791016,31.240713119506836,31.33232879638672,880
2019-02-27,31.33232879638672,31.33232879638672,31.9736328125,31.33232879638672,31.882017135620117,748
2019-02-28,31.607173919677734,31.607173919677734,32.06524658203125,31.51555824279785,32.06524658203125,673
2019-03-01,32.06524658203125,32.06524658203125,32.7065544128418,31.51555824279785,31.882017135620117,4422
2019-03-04,32.248477935791016,32.248477935791016,32.61493682861328,32.06524658203125,32.61493682861328,693
2019-03-05,32.06524658203125,32.06524658203125,32.79816818237305,32.06524658203125,32.61493682861328,1357
2019-03-06,31.240713119506836,31.240713119506836,32.43170928955078,31.149097442626953,32.06524658203125,1901
2019-03-07,31.33232879638672,31.33232879638672,31.882017135620117,31.240713119506836,31.240713119506836,336
2019-03-08,31.149097442626953,31.149097442626953,31.42394256591797,30.96586799621582,31.33232879638672,928
2019-03-11,31.42394256591797,31.42394256591797,31.790403366088867,31.240713119506836,31.790403366088867,240
2019-03-12,31.240713119506836,31.240713119506836,31.51555824279785,30.782638549804688,31.51555824279785,615
2019-03-13,31.42394256591797,31.42394256591797,32.156864166259766,31.149097442626953,31.149097442626953,2431
2019-03-14,31.42394256591797,31.42394256591797,31.51555824279785,31.149097442626953,31.51555824279785,540
2019-03-15,31.240713119506836,31.240713119506836,31.790403366088867,31.149097442626953,31.607173919677734,1059
2019-03-18,30.96586799621582,30.96586799621582,31.51555824279785,30.96586799621582,31.057483673095703,9534
2019-03-19,31.149097442626953,31.149097442626953,31.33232879638672,30.96586799621582,30.96586799621582,898
2019-03-20,30.96586799621582,30.96586799621582,31.33232879638672,30.96586799621582,31.33232879638672,805
2019-03-21,31.51555824279785,31.51555824279785,31.698787689208984,31.149097442626953,31.149097442626953,773
2019-03-22,30.96586799621582,30.96586799621582,31.698787689208984,30.96586799621582,31.607173919677734,1813
2019-03-25,31.240713119506836,31.240713119506836,31.607173919677734,30.96586799621582,31.607173919677734,713
2019-03-26,31.149097442626953,31.149097442626953,31.33232879638672,30.96586799621582,31.149097442626953,696
2019-03-27,31.240713119506836,31.240713119506836,31.882017135620117,31.240713119506836,31.698787689208984,1072
2019-03-28,31.057483673095703,31.057483673095703,31.882017135620117,31.057483673095703,31.698787689208984,431
2019-03-29,31.149097442626953,31.149097442626953,31.790403366088867,30.96586799621582,31.149097442626953,809
2019-04-01,31.51555824279785,31.51555824279785,32.06524658203125,31.240713119506836,31.9736328125,314
2019-04-02,31.51555824279785,31.51555824279785,31.882017135620117,31.33232879638672,31.790403366088867,328
2019-04-03,31.149097442626953,31.149097442626953,31.882017135620117,31.149097442626953,31.51555824279785,303
2019-04-04,31.33232879638672,31.33232879638672,31.790403366088867,31.240713119506836,31.240713119506836,207
2019-04-05,31.607173919677734,31.607173919677734,31.790403366088867,31.42394256591797,31.42394256591797,446
2019-04-08,31.51555824279785,31.51555824279785,31.882017135620117,31.51555824279785,31.882017135620117,401
2019-04-09,31.882017135620117,31.882017135620117,31.882017135620117,31.51555824279785,31.790403366088867,894
2019-04-10,31.882017135620117,31.882017135620117,32.06524658203125,31.882017135620117,31.882017135620117,974
2019-04-11,31.882017135620117,31.882017135620117,32.06524658203125,31.698787689208984,31.882017135620117,330
2019-04-12,32.248477935791016,32.248477935791016,32.43170928955078,31.698787689208984,31.9736328125,1866
2019-04-15,31.51555824279785,31.51555824279785,32.61493682861328,31.51555824279785,32.61493682861328,920
2019-04-16,31.33232879638672,31.33232879638672,31.9736328125,30.96586799621582,31.51555824279785,3090
2019-04-17,31.790403366088867,31.790403366088867,31.9736328125,31.51555824279785,31.51555824279785,285
2019-04-18,31.698787689208984,31.698787689208984,31.882017135620117,31.51555824279785,31.882017135620117,486
2019-04-23,31.607173919677734,31.607173919677734,32.7065544128418,31.51555824279785,31.882017135620117,1359
2019-04-24,32.248477935791016,32.248477935791016,32.79816818237305,31.698787689208984,31.790403366088867,623
2019-04-25,32.43170928955078,32.43170928955078,32.98139953613281,32.248477935791016,32.340091705322266,1416
2019-04-26,32.43170928955078,32.43170928955078,33.80593490600586,32.43170928955078,32.43170928955078,3713
2019-04-29,31.790403366088867,31.790403366088867,32.248477935791016,31.698787689208984,32.06524658203125,1226
2019-04-30,31.51555824279785,31.51555824279785,32.248477935791016,31.51555824279785,32.248477935791016,1196
2019-05-02,31.607173919677734,31.607173919677734,31.882017135620117,31.51555824279785,31.51555824279785,293
2019-05-03,31.9736328125,31.9736328125,32.156864166259766,31.51555824279785,31.698787689208984,318
2019-05-06,31.149097442626953,31.149097442626953,32.06524658203125,31.149097442626953,32.06524658203125,13383
2019-05-07,31.240713119506836,31.240713119506836,31.698787689208984,30.232948303222656,30.96586799621582,942
2019-05-08,31.33232879638672,31.33232879638672,31.9736328125,30.96586799621582,31.240713119506836,1437
2019-05-09,31.149097442626953,31.149097442626953,31.9736328125,31.149097442626953,31.51555824279785,1362
2019-05-10,31.149097442626953,31.149097442626953,31.42394256591797,30.96586799621582,31.33232879638672,922
2019-05-13,31.149097442626953,31.149097442626953,31.9736328125,30.41617774963379,31.057483673095703,2924
2019-05-14,30.599407196044922,30.599407196044922,31.698787689208984,30.324562072753906,30.324562072753906,1168
2019-05-15,30.782638549804688,30.782638549804688,30.782638549804688,30.599407196044922,30.599407196044922,341
2019-05-16,30.96586799621582,30.96586799621582,31.149097442626953,30.874252319335938,31.057483673095703,757
2019-05-17,30.874252319335938,30.874252319335938,31.149097442626953,30.141332626342773,30.96586799621582,976
2019-05-20,29.774873733520508,29.774873733520508,31.33232879638672,29.774873733520508,30.41617774963379,2316
2019-05-21,30.232948303222656,30.232948303222656,30.874252319335938,29.683258056640625,30.874252319335938,16682
2019-05-22,29.95810317993164,29.95810317993164,30.599407196044922,29.95810317993164,30.41617774963379,1036
2019-05-23,29.683258056640625,29.683258056640625,30.782638549804688,29.683258056640625,30.049718856811523,1401
2019-05-24,28.675493240356445,28.675493240356445,30.049718856811523,28.40064811706543,29.683258056640625,1045
2019-05-27,29.133567810058594,29.133567810058594,29.95810317993164,28.95033836364746,29.95810317993164,709
2019-05-28,28.95033836364746,28.95033836364746,29.591642379760742,28.95033836364746,29.133567810058594,598
2019-05-29,29.04195213317871,29.04195213317871,29.316797256469727,29.04195213317871,29.316797256469727,42
2019-05-31,29.316797256469727,29.316797256469727,29.95810317993164,29.133567810058594,29.133567810058594,181
2019-06-03,28.95033836364746,28.95033836364746,29.316797256469727,28.40064811706543,29.316797256469727,511
2019-06-04,29.133567810058594,29.133567810058594,29.591642379760742,28.95033836364746,29.316797256469727,305
2019-06-05,29.316797256469727,29.316797256469727,29.95810317993164,29.316797256469727,29.316797256469727,240
2019-06-06,29.683258056640625,29.683258056640625,30.049718856811523,29.500028610229492,29.683258056640625,151
2019-06-07,28.675493240356445,28.675493240356445,30.049718856811523,28.675493240356445,29.683258056640625,537
2019-06-10,29.316797256469727,29.316797256469727,30.049718856811523,28.858722686767578,29.316797256469727,484
2019-06-11,29.316797256469727,29.316797256469727,29.866487503051758,29.316797256469727,29.316797256469727,865
2019-06-12,29.683258056640625,29.683258056640625,30.141332626342773,29.683258056640625,29.683258056640625,589
2019-06-13,29.316797256469727,29.316797256469727,29.95810317993164,29.316797256469727,29.866487503051758,321
2019-06-14,29.866487503051758,29.866487503051758,29.866487503051758,28.95033836364746,29.316797256469727,135
2019-06-17,29.316797256469727,29.316797256469727,30.049718856811523,29.133567810058594,30.049718856811523,537
2019-06-18,29.316797256469727,29.316797256469727,29.591642379760742,29.316797256469727,29.316797256469727,51
2019-06-19,29.500028610229492,29.500028610229492,29.500028610229492,29.225183486938477,29.500028610229492,33
2019-06-20,29.316797256469727,29.316797256469727,29.774873733520508,29.316797256469727,29.683258056640625,201
2019-06-24,29.95810317993164,29.95810317993164,30.96586799621582,29.95810317993164,30.96586799621582,74
2019-06-25,29.316797256469727,29.316797256469727,30.232948303222656,29.225183486938477,29.316797256469727,788
2019-06-26,29.774873733520508,29.774873733520508,30.232948303222656,29.133567810058594,29.316797256469727,854
2019-06-27,29.133567810058594,29.133567810058594,30.232948303222656,28.675493240356445,29.774873733520508,2180
2019-06-28,29.591642379760742,29.591642379760742,30.141332626342773,29.316797256469727,30.141332626342773,1434
2019-07-01,30.141332626342773,30.141332626342773,30.232948303222656,29.774873733520508,30.141332626342773,304
2019-07-02,30.599407196044922,30.599407196044922,30.874252319335938,30.141332626342773,30.141332626342773,340
2019-07-03,30.96586799621582,30.96586799621582,31.607173919677734,30.96586799621582,30.96586799621582,1365
2019-07-04,32.06524658203125,32.06524658203125,32.06524658203125,31.240713119506836,31.9736328125,623
2019-07-05,30.96586799621582,30.96586799621582,32.06524658203125,30.96586799621582,32.06524658203125,402
2019-07-08,31.607173919677734,31.607173919677734,32.06524658203125,31.057483673095703,31.057483673095703,771
2019-07-09,31.33232879638672,31.33232879638672,31.882017135620117,31.149097442626953,31.149097442626953,501
2019-07-10,30.782638549804688,30.782638549804688,31.33232879638672,30.599407196044922,31.33232879638672,420
2019-07-11,31.149097442626953,31.149097442626953,31.882017135620117,31.149097442626953,31.882017135620117,223
2019-07-12,31.882017135620117,31.882017135620117,31.882017135620117,31.149097442626953,31.149097442626953,42
2019-07-15,30.782638549804688,30.782638549804688,32.06524658203125,30.782638549804688,31.9736328125,285
2019-07-16,31.698787689208984,31.698787689208984,32.06524658203125,30.599407196044922,31.9736328125,300
2019-07-17,30.96586799621582,30.96586799621582,31.607173919677734,29.591642379760742,31.057483673095703,1061
2019-07-18,29.316797256469727,29.316797256469727,30.691022872924805,29.133567810058594,30.324562072753906,2794
2019-07-19,29.316797256469727,29.316797256469727,30.874252319335938,28.95033836364746,29.316797256469727,969
2019-07-22,29.133567810058594,29.133567810058594,29.316797256469727,29.04195213317871,29.316797256469727,932
2019-07-23,29.133567810058594,29.133567810058594,29.683258056640625,28.767108917236328,29.133567810058594,1052
2019-07-24,28.583877563476562,28.583877563476562,29.316797256469727,28.40064811706543,29.316797256469727,952
2019-07-25,28.95033836364746,28.95033836364746,29.225183486938477,28.767108917236328,29.225183486938477,508
2019-07-26,28.309032440185547,28.309032440185547,28.95033836364746,28.217418670654297,28.95033836364746,1190
2019-07-29,28.309032440185547,28.309032440185547,28.40064811706543,28.217418670654297,28.40064811706543,572
2019-07-30,28.217418670654297,28.217418670654297,28.309032440185547,27.8509578704834,28.217418670654297,436
2019-07-31,28.40064811706543,28.40064811706543,28.40064811706543,28.03418731689453,28.40064811706543,307
2019-08-01,28.217418670654297,28.217418670654297,28.40064811706543,27.4844970703125,28.309032440185547,1284
2019-08-02,27.667728424072266,27.667728424072266,28.03418731689453,27.4844970703125,28.03418731689453,430
2019-08-05,27.4844970703125,27.4844970703125,28.03418731689453,27.4844970703125,27.759342193603516,1001
2019-08-06,27.759342193603516,27.759342193603516,27.8509578704834,27.39288330078125,27.759342193603516,1218
2019-08-07,27.209653854370117,27.209653854370117,27.8509578704834,27.209653854370117,27.759342193603516,1162
2019-08-08,27.759342193603516,27.759342193603516,27.8509578704834,27.209653854370117,27.8509578704834,869
2019-08-09,27.209653854370117,27.209653854370117,27.759342193603516,27.209653854370117,27.4844970703125,985
2019-08-12,27.209653854370117,27.209653854370117,27.667728424072266,27.209653854370117,27.667728424072266,580
2019-08-13,27.576112747192383,27.576112747192383,27.576112747192383,27.209653854370117,27.4844970703125,523
2019-08-14,27.301267623901367,27.301267623901367,27.667728424072266,27.301267623901367,27.576112747192383,1387
2019-08-15,27.209653854370117,27.209653854370117,27.4844970703125,27.209653854370117,27.4844970703125,334
2019-08-16,27.118038177490234,27.118038177490234,27.4844970703125,27.118038177490234,27.4844970703125,1102
2019-08-19,27.8509578704834,27.8509578704834,28.40064811706543,27.8509578704834,28.217418670654297,205
2019-08-20,27.4844970703125,27.4844970703125,27.94257354736328,27.4844970703125,27.8509578704834,749
2019-08-21,27.759342193603516,27.759342193603516,27.8509578704834,27.4844970703125,27.8509578704834,442
2019-08-22,27.301267623901367,27.301267623901367,28.125802993774414,27.301267623901367,28.125802993774414,437
2019-08-23,27.8509578704834,27.8509578704834,27.94257354736328,27.301267623901367,27.301267623901367,8
2019-08-26,27.8509578704834,27.8509578704834,28.583877563476562,27.4844970703125,28.583877563476562,548
2019-08-27,27.4844970703125,27.4844970703125,28.583877563476562,27.4844970703125,28.583877563476562,204
2019-08-28,27.4844970703125,27.4844970703125,28.583877563476562,27.4844970703125,28.583877563476562,456
2019-08-29,27.39288330078125,27.39288330078125,27.8509578704834,27.39288330078125,27.576112747192383,1336
2019-08-30,28.125802993774414,28.125802993774414,28.217418670654297,27.301267623901367,27.39288330078125,618
2019-09-02,28.125802993774414,28.125802993774414,28.95033836364746,27.4844970703125,28.217418670654297,783
2019-09-03,28.125802993774414,28.125802993774414,28.675493240356445,28.125802993774414,28.675493240356445,75
2019-09-04,27.4844970703125,27.4844970703125,28.125802993774414,27.4844970703125,28.125802993774414,1982
2019-09-05,27.667728424072266,27.667728424072266,28.309032440185547,27.4844970703125,27.667728424072266,794
2019-09-06,27.8509578704834,27.8509578704834,28.309032440185547,27.759342193603516,28.309032440185547,1477
2019-09-09,27.301267623901367,27.301267623901367,28.217418670654297,27.301267623901367,27.94257354736328,2540
2019-09-10,27.4844970703125,27.4844970703125,27.8509578704834,27.4844970703125,27.4844970703125,758
2019-09-11,27.4844970703125,27.4844970703125,28.309032440185547,27.4844970703125,28.309032440185547,371
2019-09-12,27.301267623901367,27.301267623901367,27.8509578704834,27.209653854370117,27.576112747192383,1704
2019-09-13,27.759342193603516,27.759342193603516,27.759342193603516,27.118038177490234,27.301267623901367,1929
2019-09-16,27.4844970703125,27.4844970703125,28.583877563476562,27.4844970703125,27.94257354736328,922
2019-09-17,27.4844970703125,27.4844970703125,27.94257354736328,27.4844970703125,27.576112747192383,327
2019-09-18,27.301267623901367,27.301267623901367,27.759342193603516,27.301267623901367,27.759342193603516,324
2019-09-19,27.301267623901367,27.301267623901367,27.667728424072266,27.301267623901367,27.4844970703125,596
2019-09-20,27.576112747192383,27.576112747192383,27.667728424072266,27.39288330078125,27.4844970703125,229
2019-09-23,27.209653854370117,27.209653854370117,27.576112747192383,27.209653854370117,27.576112747192383,689
2019-09-24,26.38511848449707,26.38511848449707,27.667728424072266,26.38511848449707,27.667728424072266,2443
2019-09-25,26.293502807617188,26.293502807617188,26.9348087310791,26.201887130737305,26.568347930908203,1178
2019-09-26,26.201887130737305,26.201887130737305,26.9348087310791,26.201887130737305,26.38511848449707,580
2019-09-27,26.751577377319336,26.751577377319336,26.84319305419922,26.201887130737305,26.201887130737305,582
2019-09-30,26.38511848449707,26.38511848449707,27.209653854370117,26.38511848449707,26.751577377319336,418143
2019-10-01,26.659963607788086,26.659963607788086,27.118038177490234,26.568347930908203,27.118038177490234,942
2019-10-02,26.751577377319336,26.751577377319336,27.39288330078125,26.47673225402832,26.659963607788086,1714
2019-10-03,26.568347930908203,26.568347930908203,27.301267623901367,26.38511848449707,27.301267623901367,772
2019-10-04,26.659963607788086,26.659963607788086,26.9348087310791,26.568347930908203,26.568347930908203,217
2019-10-07,26.751577377319336,26.751577377319336,26.9348087310791,26.110273361206055,26.659963607788086,3010
2019-10-08,26.568347930908203,26.568347930908203,26.84319305419922,26.293502807617188,26.568347930908203,161
2019-10-09,27.02642250061035,27.02642250061035,27.02642250061035,26.568347930908203,26.84319305419922,296
2019-10-10,24.91927719116211,24.91927719116211,27.02642250061035,24.91927719116211,27.02642250061035,7145
2019-10-11,23.81989860534668,23.81989860534668,25.102508544921875,23.636667251586914,25.102508544921875,21847
2019-10-14,23.81989860534668,23.81989860534668,24.46120262145996,23.545053482055664,23.81989860534668,4613
2019-10-15,23.3618221282959,23.3618221282959,23.81989860534668,23.3618221282959,23.728282928466797,2796
2019-10-16,24.094743728637695,24.094743728637695,24.094743728637695,23.27020835876465,23.3618221282959,3426
2019-10-17,24.094743728637695,24.094743728637695,24.36958885192871,23.81989860534668,24.277973175048828,2770
2019-10-18,23.91151237487793,23.91151237487793,24.277973175048828,23.636667251586914,24.277973175048828,738
2019-10-21,24.003128051757812,24.003128051757812,24.003128051757812,23.636667251586914,23.81989860534668,709
2019-10-22,23.636667251586914,23.636667251586914,24.003128051757812,23.636667251586914,24.003128051757812,662
2019-10-23,23.728282928466797,23.728282928466797,23.91151237487793,23.545053482055664,23.728282928466797,561
2019-10-24,23.45343780517578,23.45343780517578,23.81989860534668,23.3618221282959,23.81989860534668,1220
2019-10-25,23.3618221282959,23.3618221282959,23.636667251586914,22.90374755859375,23.636667251586914,2160
2019-10-28,23.636667251586914,23.636667251586914,23.636667251586914,23.086978912353516,23.3618221282959,1422
2019-10-29,23.27020835876465,23.27020835876465,23.728282928466797,23.086978912353516,23.728282928466797,1527
2019-10-30,23.636667251586914,23.636667251586914,23.636667251586914,23.086978912353516,23.27020835876465,1294
2019-10-31,24.003128051757812,24.003128051757812,24.003128051757812,23.27020835876465,23.81989860534668,2980
2019-11-01,24.186357498168945,24.186357498168945,24.186357498168945,23.45343780517578,24.003128051757812,877
2019-11-04,24.91927719116211,24.91927719116211,24.91927719116211,24.277973175048828,24.277973175048828,4456
2019-11-05,26.018657684326172,26.018657684326172,26.018657684326172,24.91927719116211,25.46896743774414,2915
2019-11-06,26.018657684326172,26.018657684326172,26.018657684326172,25.46896743774414,25.743812561035156,1518
2019-11-07,26.568347930908203,26.568347930908203,26.568347930908203,25.46896743774414,26.018657684326172,1384
2019-11-08,27.301267623901367,27.301267623901367,27.39288330078125,26.568347930908203,26.568347930908203,2626
2019-11-11,27.94257354736328,27.94257354736328,28.03418731689453,27.301267623901367,27.39288330078125,1051
2019-11-12,27.667728424072266,27.667728424072266,28.309032440185547,27.4844970703125,28.03418731689453,1037
2019-11-13,27.301267623901367,27.301267623901367,27.94257354736328,26.568347930908203,27.94257354736328,1117
2019-11-14,27.667728424072266,27.667728424072266,28.125802993774414,27.667728424072266,27.94257354736328,338
2019-11-15,27.209653854370117,27.209653854370117,27.8509578704834,26.751577377319336,27.759342193603516,1331
2019-11-18,26.751577377319336,26.751577377319336,26.9348087310791,26.38511848449707,26.9348087310791,950
2019-11-19,26.84319305419922,26.84319305419922,26.84319305419922,26.38511848449707,26.751577377319336,403
2019-11-20,26.38511848449707,26.38511848449707,26.47673225402832,25.46896743774414,26.47673225402832,1424
2019-11-21,26.201887130737305,26.201887130737305,26.293502807617188,25.652198791503906,26.018657684326172,691
2019-11-22,26.018657684326172,26.018657684326172,26.201887130737305,25.743812561035156,26.201887130737305,102
2019-11-25,25.927043914794922,25.927043914794922,26.018657684326172,25.46896743774414,25.927043914794922,1371
2019-11-26,26.293502807617188,26.293502807617188,26.38511848449707,25.46896743774414,25.46896743774414,431
2019-11-27,26.568347930908203,26.568347930908203,26.568347930908203,26.018657684326172,26.293502807617188,323
2019-11-28,26.568347930908203,26.568347930908203,26.568347930908203,26.018657684326172,26.568347930908203,510
2019-11-29,26.47673225402832,26.47673225402832,26.568347930908203,25.83542823791504,26.568347930908203,311
2019-12-02,26.201887130737305,26.201887130737305,26.568347930908203,25.83542823791504,26.38511848449707,1453
2019-12-03,26.38511848449707,26.38511848449707,26.47673225402832,26.201887130737305,26.201887130737305,399
2019-12-04,26.568347930908203,26.568347930908203,26.751577377319336,26.47673225402832,26.568347930908203,1810
2019-12-05,26.568347930908203,26.568347930908203,27.209653854370117,26.38511848449707,26.568347930908203,1448
2019-12-09,25.83542823791504,25.83542823791504,26.38511848449707,25.652198791503906,26.201887130737305,1536
2019-12-10,25.560583114624023,25.560583114624023,26.110273361206055,25.560583114624023,25.652198791503906,1418
2019-12-11,25.652198791503906,25.652198791503906,25.83542823791504,25.560583114624023,25.560583114624023,616
2019-12-12,25.652198791503906,25.652198791503906,25.83542823791504,25.285737991333008,25.652198791503906,1565
2019-12-13,25.46896743774414,25.46896743774414,25.560583114624023,24.36958885192871,25.37735366821289,3684
2019-12-16,24.736047744750977,24.736047744750977,25.102508544921875,24.644432067871094,25.010892868041992,4578
2019-12-17,24.36958885192871,24.36958885192871,24.736047744750977,24.186357498168945,24.736047744750977,5514
2019-12-18,24.094743728637695,24.094743728637695,24.644432067871094,24.003128051757812,24.46120262145996,4062
2019-12-19,24.003128051757812,24.003128051757812,24.36958885192871,24.003128051757812,24.277973175048828,2284
2019-12-20,24.277973175048828,24.277973175048828,24.36958885192871,23.91151237487793,24.003128051757812,2391
2019-12-23,24.277973175048828,24.277973175048828,24.36958885192871,24.003128051757812,24.277973175048828,6890
2019-12-27,24.36958885192871,24.36958885192871,24.552818298339844,24.186357498168945,24.277973175048828,4866
2019-12-30,24.91927719116211,24.91927719116211,25.46896743774414,24.277973175048828,24.277973175048828,6470
2020-01-02,26.018657684326172,26.018657684326172,26.293502807617188,25.010892868041992,25.194122314453125,4020
2020-01-03,25.560583114624023,25.560583114624023,26.84319305419922,25.37735366821289,26.84319305419922,1736
2020-01-07,25.560583114624023,25.560583114624023,26.018657684326172,25.102508544921875,26.018657684326172,1743
2020-01-08,25.652198791503906,25.652198791503906,26.568347930908203,25.102508544921875,25.560583114624023,2044
2020-01-09,26.110273361206055,26.110273361206055,26.293502807617188,25.83542823791504,25.83542823791504,1478
2020-01-10,26.201887130737305,26.201887130737305,26.38511848449707,26.110273361206055,26.110273361206055,885
2020-01-13,26.110273361206055,26.110273361206055,26.659963607788086,26.110273361206055,26.568347930908203,1347
2020-01-14,26.751577377319336,26.751577377319336,26.751577377319336,26.201887130737305,26.568347930908203,1192
2020-01-15,26.659963607788086,26.659963607788086,26.751577377319336,26.201887130737305,26.751577377319336,1385
2020-01-16,26.84319305419922,26.84319305419922,26.9348087310791,26.568347930908203,26.751577377319336,1005
2020-01-17,27.02642250061035,27.02642250061035,27.4844970703125,26.751577377319336,26.9348087310791,1874
2020-01-20,27.209653854370117,27.209653854370117,27.4844970703125,26.751577377319336,27.118038177490234,932
2020-01-21,26.751577377319336,26.751577377319336,27.4844970703125,26.751577377319336,27.209653854370117,1608
2020-01-22,27.39288330078125,27.39288330078125,27.4844970703125,26.9348087310791,27.301267623901367,793
2020-01-23,26.84319305419922,26.84319305419922,27.39288330078125,26.110273361206055,27.39288330078125,981
2020-01-24,27.118038177490234,27.118038177490234,27.301267623901367,27.02642250061035,27.02642250061035,1002
2020-01-27,26.201887130737305,26.201887130737305,27.118038177490234,26.018657684326172,27.118038177490234,1383
2020-01-28,26.38511848449707,26.38511848449707,26.47673225402832,25.83542823791504,25.83542823791504,403
2020-01-29,26.38511848449707,26.38511848449707,27.118038177490234,26.38511848449707,26.38511848449707,304
2020-01-30,26.018657684326172,26.018657684326172,26.38511848449707,25.652198791503906,26.38511848449707,513
2020-01-31,26.38511848449707,26.38511848449707,26.568347930908203,25.652198791503906,25.83542823791504,802
2020-02-03,25.285737991333008,25.285737991333008,26.751577377319336,24.36958885192871,26.751577377319336,3103
2020-02-04,25.652198791503906,25.652198791503906,25.652198791503906,25.285737991333008,25.285737991333008,559
2020-02-05,26.38511848449707,26.38511848449707,26.568347930908203,25.285737991333008,25.927043914794922,1776
2020-02-06,23.81989860534668,23.81989860534668,26.84319305419922,22.8121337890625,26.659963607788086,37234
2020-02-07,23.45343780517578,23.45343780517578,24.644432067871094,23.27020835876465,24.36958885192871,14888
2020-02-10,22.995363235473633,22.995363235473633,23.81989860534668,22.628902435302734,23.27020835876465,17068
2020-02-11,22.537288665771484,22.537288665771484,22.995363235473633,22.170827865600586,22.995363235473633,11746
2020-02-12,22.35405731201172,22.35405731201172,22.4456729888916,22.079212188720703,22.4456729888916,7851
2020-02-13,22.26244354248047,22.26244354248047,22.35405731201172,21.987598419189453,22.35405731201172,6852
2020-02-14,22.720518112182617,22.720518112182617,23.178592681884766,22.26244354248047,22.35405731201172,3062
2020-02-17,22.90374755859375,22.90374755859375,24.003128051757812,22.537288665771484,22.8121337890625,6943
2020-02-18,22.537288665771484,22.537288665771484,23.178592681884766,22.537288665771484,22.995363235473633,4980
2020-02-19,22.8121337890625,22.8121337890625,23.178592681884766,22.537288665771484,22.628902435302734,1271
2020-02-20,22.720518112182617,22.720518112182617,23.45343780517578,22.720518112182617,23.45343780517578,2344
2020-02-21,22.628902435302734,22.628902435302734,22.995363235473633,22.4456729888916,22.995363235473633,2037
2020-02-24,21.529523849487305,21.529523849487305,22.170827865600586,20.704988479614258,22.170827865600586,8024
2020-02-25,21.071447372436523,21.071447372436523,21.529523849487305,20.979833602905273,21.437908172607422,2115
2020-02-26,21.25467872619629,21.25467872619629,21.25467872619629,20.521757125854492,21.071447372436523,3787
2020-02-27,21.25467872619629,21.25467872619629,21.804367065429688,20.979833602905273,21.25467872619629,1955
2020-02-28,20.979833602905273,20.979833602905273,21.25467872619629,20.521757125854492,20.979833602905273,2428
2020-03-02,21.163063049316406,21.163063049316406,21.25467872619629,20.796602249145508,20.979833602905273,4145
2020-03-03,21.987598419189453,21.987598419189453,22.720518112182617,21.25467872619629,21.25467872619629,5143
2020-03-04,21.987598419189453,21.987598419189453,22.170827865600586,21.437908172607422,22.170827865600586,1568
2020-03-05,21.987598419189453,21.987598419189453,22.4456729888916,21.804367065429688,22.079212188720703,1383
2020-03-06,21.529523849487305,21.529523849487305,21.987598419189453,21.071447372436523,21.987598419189453,3480
2020-03-09,20.704988479614258,20.704988479614258,21.25467872619629,19.697223663330078,21.25467872619629,3465
2020-03-10,20.88821792602539,20.88821792602539,21.621137619018555,20.704988479614258,20.796602249145508,1545
2020-03-11,20.33852767944336,20.33852767944336,21.071447372436523,20.33852767944336,20.88821792602539,695
2020-03-12,18.506227493286133,18.506227493286133,19.697223663330078,18.322998046875,19.697223663330078,7496
2020-03-13,18.6894588470459,18.6894588470459,20.430143356323242,17.77330780029297,18.322998046875,5546
2020-03-16,17.66337013244629,17.66337013244629,18.414613723754883,17.406848907470703,18.414613723754883,3927
2020-03-17,17.07703399658203,17.07703399658203,17.66337013244629,15.574548721313477,17.626724243164062,2677
2020-03-18,16.637283325195312,16.637283325195312,17.846599578857422,16.490699768066406,17.846599578857422,1309
2020-03-19,16.67392921447754,16.67392921447754,16.67392921447754,16.30746841430664,16.56399154663086,2569
2020-03-20,16.637283325195312,16.637283325195312,18.21306037902832,15.977655410766602,16.527345657348633,3733
2020-03-23,15.904362678527832,15.904362678527832,16.930450439453125,15.024859428405762,16.930450439453125,1516
2020-03-24,16.490699768066406,16.490699768066406,16.67392921447754,15.941008567810059,16.45405387878418,2420
2020-03-25,16.637283325195312,16.637283325195312,17.590078353881836,16.490699768066406,16.490699768066406,3427
2020-03-26,16.490699768066406,16.490699768066406,17.040388107299805,16.45405387878418,17.040388107299805,1546
2020-03-27,16.490699768066406,16.490699768066406,16.710575103759766,16.30746841430664,16.527345657348633,1298
2020-03-30,16.857158660888672,16.857158660888672,16.857158660888672,15.794425010681152,16.490699768066406,997
2020-03-31,17.223617553710938,17.223617553710938,17.88324546813965,16.67392921447754,16.67392921447754,2295
2020-04-01,16.820512771606445,16.820512771606445,17.406848907470703,16.490699768066406,17.260263442993164,1992
2020-04-02,16.857158660888672,16.857158660888672,17.406848907470703,16.820512771606445,17.040388107299805,1422
2020-04-03,16.490699768066406,16.490699768066406,17.040388107299805,16.490699768066406,17.040388107299805,2968
2020-04-06,16.160884857177734,16.160884857177734,17.003742218017578,16.124238967895508,17.003742218017578,3450
2020-04-07,16.710575103759766,16.710575103759766,17.040388107299805,16.30746841430664,16.78386688232422,1976
2020-04-08,16.857158660888672,16.857158660888672,17.003742218017578,16.30746841430664,17.003742218017578,1806
2020-04-09,16.857158660888672,16.857158660888672,17.040388107299805,16.527345657348633,17.040388107299805,1679
2020-04-14,16.820512771606445,16.820512771606445,17.040388107299805,16.344114303588867,17.040388107299805,1739
2020-04-15,16.67392921447754,16.67392921447754,17.223617553710938,16.67392921447754,16.8938045501709,1278
2020-04-16,17.040388107299805,17.040388107299805,17.040388107299805,16.67392921447754,16.67392921447754,594
2020-04-17,17.040388107299805,17.040388107299805,17.18697166442871,16.67392921447754,17.040388107299805,1425
2020-04-20,16.96709632873535,16.96709632873535,17.040388107299805,16.67392921447754,17.040388107299805,1258
2020-04-21,16.527345657348633,16.527345657348633,17.040388107299805,16.527345657348633,16.96709632873535,710
2020-04-22,17.040388107299805,17.040388107299805,17.040388107299805,16.490699768066406,16.490699768066406,2445
2020-04-23,17.07703399658203,17.07703399658203,17.07703399658203,16.56399154663086,16.56399154663086,361
2020-04-24,17.150325775146484,17.150325775146484,17.223617553710938,16.930450439453125,17.223617553710938,432
2020-04-27,17.040388107299805,17.040388107299805,17.406848907470703,17.040388107299805,17.18697166442871,1112
2020-04-28,17.406848907470703,17.406848907470703,17.480140686035156,17.113679885864258,17.370201110839844,1517
2020-04-29,19.788837432861328,19.788837432861328,21.071447372436523,18.322998046875,20.24691390991211,19169
2020-04-30,19.788837432861328,19.788837432861328,20.24691390991211,19.239147186279297,20.063682556152344,6475
2020-05-04,18.96430206298828,18.96430206298828,19.697223663330078,18.6894588470459,19.697223663330078,2630
2020-05-05,18.87268829345703,18.87268829345703,19.422378540039062,18.6894588470459,19.239147186279297,2163
2020-05-06,18.286352157592773,18.286352157592773,18.96430206298828,18.139768600463867,18.96430206298828,1904
2020-05-07,18.029830932617188,18.029830932617188,18.414613723754883,17.223617553710938,18.139768600463867,1982
2020-05-08,17.590078353881836,17.590078353881836,18.414613723754883,17.480140686035156,18.139768600463867,2912
2020-05-11,17.77330780029297,17.77330780029297,17.9565372467041,17.44349479675293,17.626724243164062,1007
2020-05-12,17.406848907470703,17.406848907470703,17.77330780029297,17.040388107299805,17.77330780029297,3904
2020-05-13,17.333555221557617,17.333555221557617,17.919891357421875,16.857158660888672,17.700016021728516,1014
2020-05-14,16.67392921447754,16.67392921447754,17.223617553710938,16.490699768066406,17.07703399658203,2833
2020-05-15,16.8938045501709,16.8938045501709,17.223617553710938,16.857158660888672,17.223617553710938,836
2020-05-18,17.223617553710938,17.223617553710938,17.223617553710938,16.527345657348633,16.710575103759766,2155
2020-05-19,17.040388107299805,17.040388107299805,17.88324546813965,16.857158660888672,17.18697166442871,2409
2020-05-20,16.050947189331055,16.050947189331055,17.406848907470703,15.977655410766602,17.406848907470703,33308
2020-05-22,14.841629028320312,14.841629028320312,16.014301300048828,14.658398628234863,16.014301300048828,51909
2020-05-25,16.612651824951172,16.612651824951172,18.70794105529785,15.165904998779297,15.165904998779297,29918
2020-05-26,16.16366195678711,16.16366195678711,17.36096954345703,15.964110374450684,17.011754989624023,13213
2020-05-27,15.066128730773926,15.066128730773926,16.21354866027832,14.816690444946289,16.21354866027832,37676
2020-05-28,14.916464805603027,14.916464805603027,15.365455627441406,14.916464805603027,15.215791702270508,14253
2020-05-29,13.669268608093262,13.669268608093262,15.265680313110352,13.469717979431152,15.265680313110352,37462
2020-06-01,13.719157218933105,13.719157218933105,13.968596458435059,13.2202787399292,13.918708801269531,15547
2020-06-02,14.467474937438965,14.467474937438965,14.467474937438965,13.719157218933105,14.168148040771484,12509
2020-06-03,14.218035697937012,14.218035697937012,14.716914176940918,13.769044876098633,14.517362594604492,17323
2020-06-04,14.218035697937012,14.218035697937012,14.467474937438965,13.769044876098633,14.417587280273438,6483
2020-06-05,14.417587280273438,14.417587280273438,14.467474937438965,13.769044876098633,14.218035697937012,14741
2020-06-08,14.218035697937012,14.218035697937012,14.517362594604492,13.81893253326416,14.417587280273438,12558
2020-06-09,13.769044876098633,13.769044876098633,14.467474937438965,13.769044876098633,14.417587280273438,8787
2020-06-10,13.719157218933105,13.719157218933105,14.118260383605957,13.619380950927734,14.018484115600586,8771
2020-06-11,13.170391082763672,13.170391082763672,13.918708801269531,12.97083854675293,13.918708801269531,8596
2020-06-12,13.419830322265625,13.419830322265625,13.868821144104004,12.721400260925293,12.97083854675293,7629
2020-06-15,12.721400260925293,12.721400260925293,13.170391082763672,12.521848678588867,13.120503425598145,7696
2020-06-16,13.369941711425781,13.369941711425781,13.469717979431152,12.521848678588867,13.0706148147583,13735
2020-06-17,12.97083854675293,12.97083854675293,14.467474937438965,12.47196102142334,13.619380950927734,13288
2020-06-18,12.920951843261719,12.920951843261719,13.2202787399292,12.621624946594238,13.2202787399292,7729
2020-06-22,12.39712905883789,12.39712905883789,12.721400260925293,12.27241039276123,12.521848678588867,21998
2020-06-23,12.39712905883789,12.39712905883789,12.721400260925293,12.222521781921387,12.422073364257812,16083
2020-06-24,12.022970199584961,12.022970199584961,12.571737289428711,11.998025894165039,12.422073364257812,15390
2020-06-25,11.923194885253906,11.923194885253906,12.072857856750488,11.72364330291748,12.022970199584961,19753
2020-06-26,11.973082542419434,11.973082542419434,12.347241401672363,11.873307228088379,12.072857856750488,10360
2020-06-29,12.047913551330566,12.047913551330566,12.147689819335938,11.773530960083008,11.973082542419434,6279
2020-06-30,12.072857856750488,12.072857856750488,12.247466087341309,11.973082542419434,12.247466087341309,7355
2020-07-01,11.973082542419434,11.973082542419434,12.147689819335938,11.923194885253906,12.147689819335938,8306
2020-07-02,11.948139190673828,11.948139190673828,12.09780216217041,11.873307228088379,12.09780216217041,11963
2020-07-03,11.72364330291748,11.72364330291748,12.047913551330566,11.72364330291748,12.022970199584961,16228
2020-07-06,11.79847526550293,11.79847526550293,11.923194885253906,11.698698997497559,11.923194885253906,7182
2020-07-07,11.42431640625,11.42431640625,11.898250579833984,11.34948444366455,11.898250579833984,22014
2020-07-08,11.374427795410156,11.374427795410156,11.549036026000977,11.224764823913574,11.42431640625,11751
2020-07-09,11.573980331420898,11.573980331420898,11.823418617248535,11.374427795410156,11.524091720581055,10109
2020-07-10,11.72364330291748,11.72364330291748,11.72364330291748,11.299596786499023,11.573980331420898,3844
2020-07-13,11.848362922668457,11.848362922668457,11.948139190673828,11.374427795410156,11.549036026000977,10985
2020-07-14,12.920951843261719,12.920951843261719,13.020727157592773,11.948139190673828,11.948139190673828,35040
2020-07-15,13.469717979431152,13.469717979431152,13.469717979431152,13.020727157592773,13.170391082763672,18967
2020-07-16,13.0706148147583,13.0706148147583,13.619380950927734,13.0706148147583,13.619380950927734,9854
2020-07-17,13.918708801269531,13.918708801269531,13.918708801269531,13.419830322265625,13.419830322265625,25193
2020-07-20,14.168148040771484,14.168148040771484,14.218035697937012,13.669268608093262,13.968596458435059,41647
2020-07-21,13.419830322265625,13.419830322265625,14.56725025177002,12.97083854675293,14.517362594604492,47414
2020-07-22,13.669268608093262,13.669268608093262,14.218035697937012,13.469717979431152,13.469717979431152,45509
2020-07-23,13.669268608093262,13.669268608093262,14.068371772766113,13.51960563659668,14.068371772766113,11002
2020-07-24,13.569494247436523,13.569494247436523,13.968596458435059,13.569494247436523,13.669268608093262,9814
2020-07-27,13.569494247436523,13.569494247436523,13.968596458435059,13.569494247436523,13.81893253326416,7043
2020-07-28,12.97083854675293,12.97083854675293,13.669268608093262,12.97083854675293,13.469717979431152,10155
2020-07-29,13.120503425598145,13.120503425598145,13.320054054260254,12.97083854675293,13.2202787399292,7718
2020-07-30,12.97083854675293,12.97083854675293,13.369941711425781,12.77128791809082,13.369941711425781,7122
2020-07-31,12.97083854675293,12.97083854675293,13.120503425598145,12.721400260925293,12.920951843261719,7284
2020-08-03,13.369941711425781,13.369941711425781,13.419830322265625,13.120503425598145,13.2202787399292,8734
2020-08-04,13.569494247436523,13.569494247436523,13.619380950927734,13.369941711425781,13.619380950927734,4926
2020-08-05,13.369941711425781,13.369941711425781,13.569494247436523,13.270167350769043,13.569494247436523,5302
2020-08-06,13.2202787399292,13.2202787399292,13.469717979431152,12.77128791809082,13.369941711425781,4708
2020-08-07,13.120503425598145,13.120503425598145,13.369941711425781,12.721400260925293,13.369941711425781,5125
2020-08-10,13.020727157592773,13.020727157592773,13.320054054260254,12.721400260925293,13.120503425598145,3230
2020-08-11,13.320054054260254,13.320054054260254,13.419830322265625,12.97083854675293,12.97083854675293,4276
2020-08-12,13.320054054260254,13.320054054260254,13.569494247436523,13.0706148147583,13.419830322265625,3825
2020-08-13,13.2202787399292,13.2202787399292,13.669268608093262,12.97083854675293,13.369941711425781,4709
2020-08-14,13.2202787399292,13.2202787399292,13.569494247436523,13.120503425598145,13.569494247436523,3333
2020-08-17,13.270167350769043,13.270167350769043,13.419830322265625,13.0706148147583,13.419830322265625,6488
2020-08-18,13.469717979431152,13.469717979431152,13.569494247436523,13.320054054260254,13.369941711425781,7103
2020-08-19,13.469717979431152,13.469717979431152,13.569494247436523,13.419830322265625,13.51960563659668,2243
2020-08-20,13.469717979431152,13.469717979431152,13.619380950927734,13.419830322265625,13.619380950927734,6288
2020-08-21,13.619380950927734,13.619380950927734,13.669268608093262,13.469717979431152,13.619380950927734,6346
2020-08-24,13.619380950927734,13.619380950927734,13.918708801269531,13.469717979431152,13.619380950927734,9789
2020-08-25,13.868821144104004,13.868821144104004,13.968596458435059,13.619380950927734,13.669268608093262,7380
2020-08-26,13.918708801269531,13.918708801269531,14.018484115600586,13.868821144104004,14.018484115600586,3023
2020-08-27,13.918708801269531,13.918708801269531,13.918708801269531,13.719157218933105,13.918708801269531,7092
2020-08-28,13.51960563659668,13.51960563659668,13.968596458435059,13.51960563659668,13.968596458435059,8772
2020-08-31,13.469717979431152,13.469717979431152,13.719157218933105,13.2202787399292,13.569494247436523,4402
2020-09-01,13.369941711425781,13.369941711425781,13.51960563659668,13.270167350769043,13.469717979431152,3118
2020-09-02,13.270167350769043,13.270167350769043,13.619380950927734,13.2202787399292,13.369941711425781,3004
2020-09-03,13.469717979431152,13.469717979431152,13.619380950927734,13.2202787399292,13.320054054260254,3408
2020-09-04,12.871064186096191,12.871064186096191,13.320054054260254,12.721400260925293,13.2202787399292,13309
2020-09-07,13.020727157592773,13.020727157592773,13.270167350769043,12.920951843261719,12.97083854675293,2373
2020-09-08,12.871064186096191,12.871064186096191,13.2202787399292,12.871064186096191,13.2202787399292,5412
2020-09-09,12.97083854675293,12.97083854675293,13.0706148147583,12.77128791809082,12.871064186096191,3188
2020-09-10,12.97083854675293,12.97083854675293,13.0706148147583,12.871064186096191,12.97083854675293,2053
2020-09-11,12.871064186096191,12.871064186096191,13.020727157592773,12.721400260925293,12.97083854675293,3216
2020-09-14,12.821175575256348,12.821175575256348,12.97083854675293,12.821175575256348,12.920951843261719,2155
2020-09-15,12.97083854675293,12.97083854675293,12.97083854675293,12.871064186096191,12.871064186096191,7305
2020-09-16,13.0706148147583,13.0706148147583,13.0706148147583,12.871064186096191,12.97083854675293,11162
2020-09-17,13.2202787399292,13.2202787399292,13.270167350769043,12.97083854675293,12.97083854675293,8642
2020-09-18,13.469717979431152,13.469717979431152,13.569494247436523,13.2202787399292,13.2202787399292,8669
2020-09-21,12.821175575256348,12.821175575256348,13.669268608093262,12.821175575256348,13.619380950927734,12103
2020-09-22,13.170391082763672,13.170391082763672,13.569494247436523,12.821175575256348,12.821175575256348,5679
2020-09-23,13.170391082763672,13.170391082763672,13.419830322265625,13.170391082763672,13.2202787399292,1589
2020-09-24,13.170391082763672,13.170391082763672,13.369941711425781,13.020727157592773,13.170391082763672,4403
2020-09-25,13.320054054260254,13.320054054260254,13.469717979431152,13.170391082763672,13.170391082763672,4087
2020-09-28,13.270167350769043,13.270167350769043,13.469717979431152,13.270167350769043,13.419830322265625,1749
2020-09-29,13.320054054260254,13.320054054260254,13.419830322265625,13.2202787399292,13.270167350769043,1202
2020-09-30,13.320054054260254,13.320054054260254,13.419830322265625,13.120503425598145,13.419830322265625,1635
2020-10-01,13.419830322265625,13.419830322265625,13.469717979431152,13.320054054260254,13.369941711425781,3112
2020-10-02,13.270167350769043,13.270167350769043,13.469717979431152,13.2202787399292,13.369941711425781,3613
2020-10-05,13.320054054260254,13.320054054260254,13.51960563659668,13.270167350769043,13.469717979431152,3048
2020-10-06,13.569494247436523,13.569494247436523,13.719157218933105,13.469717979431152,13.469717979431152,4853
2020-10-07,13.769044876098633,13.769044876098633,13.81893253326416,13.51960563659668,13.51960563659668,3713
2020-10-08,13.769044876098633,13.769044876098633,13.918708801269531,13.719157218933105,13.719157218933105,4467
2020-10-09,13.719157218933105,13.719157218933105,13.868821144104004,13.619380950927734,13.719157218933105,6682
2020-10-12,13.81893253326416,13.81893253326416,13.868821144104004,13.669268608093262,13.868821144104004,7657
2020-10-13,13.569494247436523,13.569494247436523,13.868821144104004,13.569494247436523,13.769044876098633,3089
2020-10-14,13.81893253326416,13.81893253326416,13.868821144104004,13.569494247436523,13.569494247436523,2953
2020-10-15,13.769044876098633,13.769044876098633,13.868821144104004,13.51960563659668,13.868821144104004,1909
2020-10-16,13.81893253326416,13.81893253326416,13.968596458435059,13.719157218933105,13.918708801269531,3461
2020-10-19,14.267923355102539,14.267923355102539,14.467474937438965,13.868821144104004,13.868821144104004,19413
2020-10-20,14.716914176940918,14.716914176940918,14.716914176940918,14.467474937438965,14.517362594604492,10143
2020-10-21,14.367698669433594,14.367698669433594,14.766801834106445,14.367698669433594,14.766801834106445,5884
2020-10-22,14.367698669433594,14.367698669433594,14.766801834106445,14.218035697937012,14.716914176940918,9770
2020-10-23,14.317811012268066,14.317811012268066,14.667025566101074,14.218035697937012,14.367698669433594,5246
2020-10-26,14.018484115600586,14.018484115600586,14.317811012268066,14.018484115600586,14.317811012268066,4338
2020-10-27,14.168148040771484,14.168148040771484,14.56725025177002,14.018484115600586,14.068371772766113,8101
2020-10-28,13.968596458435059,13.968596458435059,14.467474937438965,13.868821144104004,14.367698669433594,13420
2020-10-29,13.769044876098633,13.769044876098633,15.365455627441406,13.719157218933105,14.866578102111816,30486
2020-10-30,13.320054054260254,13.320054054260254,14.068371772766113,13.2202787399292,13.968596458435059,12039
2020-11-02,13.2202787399292,13.2202787399292,13.469717979431152,13.170391082763672,13.469717979431152,6848
2020-11-03,13.2202787399292,13.2202787399292,13.469717979431152,13.170391082763672,13.270167350769043,6598
2020-11-04,13.569494247436523,13.569494247436523,13.719157218933105,13.270167350769043,13.320054054260254,5783
2020-11-05,13.569494247436523,13.569494247436523,13.669268608093262,13.369941711425781,13.469717979431152,1812
2020-11-06,13.469717979431152,13.469717979431152,13.719157218933105,13.419830322265625,13.469717979431152,7041
2020-11-09,13.320054054260254,13.320054054260254,13.81893253326416,13.320054054260254,13.669268608093262,17259
2020-11-10,13.419830322265625,13.419830322265625,13.619380950927734,13.369941711425781,13.619380950927734,17165
2020-11-11,14.218035697937012,14.218035697937012,14.218035697937012,13.619380950927734,13.619380950927734,26201
2020-11-12,13.918708801269531,13.918708801269531,14.218035697937012,13.868821144104004,14.168148040771484,5826
2020-11-13,14.267923355102539,14.267923355102539,14.267923355102539,14.118260383605957,14.218035697937012,6116
2020-11-16,14.267923355102539,14.267923355102539,14.417587280273438,13.918708801269531,14.267923355102539,5466
2020-11-17,14.218035697937012,14.218035697937012,14.417587280273438,14.118260383605957,14.218035697937012,4383
2020-11-18,14.417587280273438,14.417587280273438,14.417587280273438,14.068371772766113,14.218035697937012,5143
2020-11-19,14.218035697937012,14.218035697937012,14.56725025177002,14.218035697937012,14.417587280273438,5689
2020-11-20,14.267923355102539,14.267923355102539,14.467474937438965,14.218035697937012,14.218035697937012,4655
2020-11-23,14.417587280273438,14.417587280273438,14.467474937438965,14.218035697937012,14.218035697937012,6657
2020-11-24,14.068371772766113,14.068371772766113,14.56725025177002,14.018484115600586,14.56725025177002,12230
2020-11-25,14.068371772766113,14.068371772766113,14.467474937438965,13.968596458435059,14.068371772766113,11167
2020-11-26,14.168148040771484,14.168148040771484,14.218035697937012,13.968596458435059,14.068371772766113,4360
2020-11-27,13.81893253326416,13.81893253326416,14.218035697937012,13.769044876098633,14.218035697937012,17199
2020-11-30,13.769044876098633,13.769044876098633,13.968596458435059,13.669268608093262,13.719157218933105,5037
2020-12-01,13.769044876098633,13.769044876098633,13.918708801269531,13.719157218933105,13.769044876098633,5718
2020-12-02,13.868821144104004,13.868821144104004,13.968596458435059,13.769044876098633,13.918708801269531,4585
2020-12-03,13.81893253326416,13.81893253326416,14.018484115600586,13.81893253326416,13.918708801269531,5895
2020-12-04,13.968596458435059,13.968596458435059,14.018484115600586,13.769044876098633,13.81893253326416,3317
2020-12-07,13.968596458435059,13.968596458435059,14.068371772766113,13.868821144104004,13.968596458435059,3185
2020-12-08,13.968596458435059,13.968596458435059,14.168148040771484,13.918708801269531,13.968596458435059,9585
2020-12-09,13.868821144104004,13.868821144104004,14.168148040771484,13.81893253326416,14.068371772766113,8387
2020-12-10,13.968596458435059,13.968596458435059,14.068371772766113,13.918708801269531,13.918708801269531,2872
2020-12-11,13.918708801269531,13.918708801269531,14.068371772766113,13.81893253326416,13.968596458435059,3984
2020-12-14,13.81893253326416,13.81893253326416,14.068371772766113,13.669268608093262,13.968596458435059,9299
2020-12-15,13.868821144104004,13.868821144104004,13.968596458435059,13.719157218933105,13.81893253326416,9458
2020-12-16,13.968596458435059,13.968596458435059,14.068371772766113,13.81893253326416,13.968596458435059,13322
2020-12-17,13.81893253326416,13.81893253326416,14.018484115600586,13.769044876098633,13.868821144104004,17619
2020-12-18,13.81893253326416,13.81893253326416,14.018484115600586,13.769044876098633,13.81893253326416,13978
2020-12-21,13.619380950927734,13.619380950927734,13.868821144104004,13.419830322265625,13.769044876098633,16308
2020-12-22,13.719157218933105,13.719157218933105,13.81893253326416,13.469717979431152,13.619380950927734,4603
2020-12-23,13.769044876098633,13.769044876098633,13.868821144104004,13.619380950927734,13.719157218933105,5658
2020-12-28,13.868821144104004,13.868821144104004,13.968596458435059,13.569494247436523,13.769044876098633,14186
2020-12-29,13.968596458435059,13.968596458435059,14.068371772766113,13.719157218933105,13.968596458435059,12519
2020-12-30,14.816690444946289,14.816690444946289,14.816690444946289,13.968596458435059,13.968596458435059,21902
2021-01-04,14.467474937438965,14.467474937438965,15.265680313110352,14.267923355102539,14.866578102111816,16402
2021-01-05,14.467474937438965,14.467474937438965,14.56725025177002,14.118260383605957,14.56725025177002,10529
2021-01-07,14.168148040771484,14.168148040771484,14.667025566101074,13.968596458435059,14.467474937438965,20669
2021-01-08,14.018484115600586,14.018484115600586,14.168148040771484,13.968596458435059,13.968596458435059,16172
2021-01-11,13.769044876098633,13.769044876098633,14.068371772766113,13.619380950927734,14.018484115600586,19117
2021-01-12,13.918708801269531,13.918708801269531,14.118260383605957,13.719157218933105,13.719157218933105,6796
2021-01-13,13.968596458435059,13.968596458435059,14.168148040771484,13.918708801269531,14.118260383605957,3959
2021-01-14,13.769044876098633,13.769044876098633,13.968596458435059,13.669268608093262,13.719157218933105,9900
2021-01-15,13.81893253326416,13.81893253326416,13.968596458435059,13.669268608093262,13.868821144104004,7927
2021-01-18,13.968596458435059,13.968596458435059,14.068371772766113,13.769044876098633,13.968596458435059,3972
2021-01-19,14.317811012268066,14.317811012268066,14.317811012268066,13.968596458435059,13.968596458435059,10816
2021-01-20,14.716914176940918,14.716914176940918,14.816690444946289,14.168148040771484,14.317811012268066,10412
2021-01-21,14.467474937438965,14.467474937438965,14.816690444946289,14.267923355102539,14.766801834106445,7470
2021-01-22,14.267923355102539,14.267923355102539,14.667025566101074,14.168148040771484,14.667025566101074,3292
2021-01-25,14.267923355102539,14.267923355102539,14.716914176940918,14.218035697937012,14.716914176940918,8930
2021-01-26,14.56725025177002,14.56725025177002,14.617137908935547,14.317811012268066,14.56725025177002,4272
2021-01-27,14.417587280273438,14.417587280273438,14.667025566101074,14.317811012268066,14.617137908935547,6130
2021-01-28,14.018484115600586,14.018484115600586,14.417587280273438,13.81893253326416,14.417587280273438,9391
2021-01-29,13.968596458435059,13.968596458435059,14.417587280273438,13.81893253326416,14.018484115600586,19192
2021-02-01,14.018484115600586,14.018484115600586,14.218035697937012,13.81893253326416,13.968596458435059,5368
2021-02-02,14.168148040771484,14.168148040771484,14.367698669433594,14.068371772766113,14.367698669433594,5800
2021-02-03,14.417587280273438,14.417587280273438,14.716914176940918,13.968596458435059,14.168148040771484,13183
2021-02-04,14.018484115600586,14.018484115600586,14.218035697937012,13.719157218933105,14.218035697937012,31192
2021-02-05,14.118260383605957,14.118260383605957,14.367698669433594,13.968596458435059,14.118260383605957,14001
2021-02-08,14.467474937438965,14.467474937438965,14.517362594604492,14.118260383605957,14.267923355102539,20740
2021-02-09,14.218035697937012,14.218035697937012,14.467474937438965,14.118260383605957,14.467474937438965,6373
2021-02-10,14.218035697937012,14.218035697937012,14.467474937438965,14.118260383605957,14.467474937438965,4707
2021-02-11,14.118260383605957,14.118260383605957,14.467474937438965,14.068371772766113,14.218035697937012,7253
2021-02-12,14.118260383605957,14.118260383605957,14.218035697937012,14.018484115600586,14.118260383605957,3631
2021-02-15,14.068371772766113,14.068371772766113,14.218035697937012,14.018484115600586,14.218035697937012,5260
2021-02-16,14.018484115600586,14.018484115600586,14.267923355102539,14.018484115600586,14.218035697937012,7605
2021-02-17,13.868821144104004,13.868821144104004,14.218035697937012,13.868821144104004,14.118260383605957,7521
2021-02-18,13.968596458435059,13.968596458435059,14.068371772766113,13.81893253326416,13.868821144104004,6017
2021-02-19,14.168148040771484,14.168148040771484,14.218035697937012,13.81893253326416,14.118260383605957,5767
2021-02-22,14.068371772766113,14.068371772766113,14.417587280273438,13.868821144104004,13.968596458435059,8988
2021-02-23,13.968596458435059,13.968596458435059,14.267923355102539,13.868821144104004,14.068371772766113,6085
2021-02-24,14.068371772766113,14.068371772766113,14.118260383605957,13.868821144104004,13.968596458435059,4439
2021-02-25,13.868821144104004,13.868821144104004,14.118260383605957,13.868821144104004,14.018484115600586,7858
2021-02-26,13.968596458435059,13.968596458435059,14.617137908935547,13.769044876098633,13.81893253326416,17957
2021-03-01,14.068371772766113,14.068371772766113,14.367698669433594,13.968596458435059,13.968596458435059,4238
2021-03-02,14.168148040771484,14.168148040771484,14.218035697937012,13.968596458435059,14.068371772766113,7455
2021-03-03,14.118260383605957,14.118260383605957,14.317811012268066,14.018484115600586,14.168148040771484,5447
2021-03-04,13.968596458435059,13.968596458435059,14.168148040771484,13.968596458435059,14.118260383605957,2800
2021-03-05,13.81893253326416,13.81893253326416,14.018484115600586,13.769044876098633,13.968596458435059,4003
2021-03-08,14.068371772766113,14.068371772766113,14.118260383605957,13.81893253326416,13.968596458435059,2226
2021-03-09,13.868821144104004,13.868821144104004,14.068371772766113,13.81893253326416,14.068371772766113,3148
2021-03-10,13.81893253326416,13.81893253326416,13.968596458435059,13.719157218933105,13.918708801269531,10037
2021-03-11,14.168148040771484,14.168148040771484,14.168148040771484,13.81893253326416,13.968596458435059,2825
2021-03-12,14.168148040771484,14.168148040771484,14.218035697937012,13.968596458435059,14.218035697937012,3961
2021-03-15,14.218035697937012,14.218035697937012,14.267923355102539,13.968596458435059,14.168148040771484,7490
2021-03-16,14.168148040771484,14.168148040771484,14.267923355102539,13.968596458435059,14.218035697937012,2653
2021-03-17,14.068371772766113,14.068371772766113,14.218035697937012,13.968596458435059,14.168148040771484,3081
2021-03-18,13.968596458435059,13.968596458435059,14.168148040771484,13.918708801269531,14.068371772766113,4108
2021-03-19,14.068371772766113,14.068371772766113,14.168148040771484,13.918708801269531,13.968596458435059,2284
2021-03-22,13.868821144104004,13.868821144104004,14.118260383605957,13.81893253326416,14.118260383605957,6485
2021-03-23,13.918708801269531,13.918708801269531,14.068371772766113,13.81893253326416,13.968596458435059,6409
2021-03-24,13.81893253326416,13.81893253326416,14.018484115600586,13.619380950927734,14.018484115600586,8809
2021-03-25,13.918708801269531,13.918708801269531,14.018484115600586,13.81893253326416,13.918708801269531,2212
2021-03-26,13.868821144104004,13.868821144104004,14.068371772766113,13.769044876098633,13.918708801269531,3937
2021-03-29,13.81893253326416,13.81893253326416,14.168148040771484,13.81893253326416,13.968596458435059,6610
2021-03-30,13.918708801269531,13.918708801269531,14.118260383605957,13.81893253326416,13.868821144104004,2691
2021-03-31,14.118260383605957,14.118260383605957,14.168148040771484,14.018484115600586,14.168148040771484,6683
2021-04-01,14.168148040771484,14.168148040771484,14.168148040771484,13.968596458435059,14.168148040771484,5026
2021-04-06,14.068371772766113,14.068371772766113,14.218035697937012,14.018484115600586,14.218035697937012,6661
2021-04-07,14.143203735351562,14.143203735351562,14.367698669433594,14.018484115600586,14.018484115600586,9996
2021-04-08,14.392642974853516,14.392642974853516,14.392642974853516,14.143203735351562,14.143203735351562,5546
2021-04-09,14.617137908935547,14.617137908935547,14.741857528686523,14.218035697937012,14.392642974853516,10429
2021-04-12,14.841633796691895,14.841633796691895,15.41534423828125,14.716914176940918,14.916464805603027,11175
2021-04-13,14.741857528686523,14.741857528686523,14.966353416442871,14.741857528686523,14.94140911102295,5802
2021-04-14,14.916464805603027,14.916464805603027,14.94140911102295,14.741857528686523,14.766801834106445,8799
2021-04-15,15.739615440368652,15.739615440368652,15.939166069030762,14.966353416442871,14.966353416442871,15723
2021-04-16,17.036699295043945,17.036699295043945,17.959623336791992,15.839390754699707,15.839390754699707,38190
2021-04-19,17.53557777404785,17.53557777404785,17.934680938720703,17.111530303955078,17.18636131286621,24409
2021-04-20,16.712427139282227,16.712427139282227,17.760072708129883,16.712427139282227,17.760072708129883,15910
2021-04-21,17.585464477539062,17.585464477539062,17.71018409729004,16.96186637878418,16.96186637878418,9939
2021-04-22,18.25895118713379,18.25895118713379,18.4585018157959,17.610408782958984,17.71018409729004,26070
2021-04-23,19.83041763305664,19.83041763305664,19.905250549316406,17.53557777404785,18.358726501464844,58888
2021-04-26,19.23176383972168,19.23176383972168,20.20457649230957,18.732885360717773,19.930194854736328,22361
2021-04-27,19.206819534301758,19.206819534301758,19.43131446838379,18.907493591308594,19.306596755981445,17208
2021-04-28,18.508390426635742,18.508390426635742,19.356483459472656,17.809959411621094,19.331539154052734,20334
2021-04-29,17.46074676513672,17.46074676513672,19.206819534301758,16.712427139282227,18.757829666137695,52456
2021-04-30,17.859848022460938,17.859848022460938,18.533334732055664,17.71018409729004,18.209062576293945,16858
2021-05-03,17.261194229125977,17.261194229125977,18.408615112304688,17.211305618286133,18.408615112304688,13167
2021-05-04,17.435802459716797,17.435802459716797,17.959623336791992,17.161418914794922,17.46074676513672,10629
2021-05-05,17.33602523803711,17.33602523803711,17.71018409729004,17.161418914794922,17.46074676513672,10206
2021-05-06,17.136474609375,17.136474609375,17.68524169921875,17.111530303955078,17.68524169921875,5778
2021-05-07,17.211305618286133,17.211305618286133,17.660297393798828,16.91197967529297,17.46074676513672,12288
2021-05-10,17.46074676513672,17.46074676513672,17.635353088378906,17.011754989624023,17.435802459716797,7112
2021-05-11,16.91197967529297,16.91197967529297,17.435802459716797,16.487932205200195,17.435802459716797,12587
2021-05-12,16.53782081604004,16.53782081604004,17.111530303955078,16.487932205200195,16.91197967529297,4405
2021-05-14,16.263437271118164,16.263437271118164,16.712427139282227,16.113773345947266,16.712427139282227,9236
2021-05-17,16.113773345947266,16.113773345947266,16.413101196289062,15.839390754699707,16.263437271118164,5869
2021-05-18,16.16366195678711,16.16366195678711,16.36321258544922,15.964110374450684,16.113773345947266,2599
2021-05-19,15.839390754699707,15.839390754699707,16.288381576538086,15.764558792114258,16.16366195678711,6520
2021-05-20,15.91422176361084,15.91422176361084,15.964110374450684,15.764558792114258,15.839390754699707,4159
2021-05-21,15.839390754699707,15.839390754699707,16.313325881958008,15.78950309753418,16.313325881958008,4099
2021-05-24,15.91422176361084,15.91422176361084,15.964110374450684,15.839390754699707,15.839390754699707,3293
2021-05-25,15.864334106445312,15.864334106445312,16.01399803161621,15.864334106445312,15.889278411865234,3344
2021-05-26,15.589950561523438,15.589950561523438,15.864334106445312,15.589950561523438,15.814447402954102,3984
2021-05-27,15.71467113494873,15.71467113494873,16.16366195678711,15.589950561523438,15.589950561523438,2672
2021-05-28,15.964110374450684,15.964110374450684,16.138717651367188,15.589950561523438,15.91422176361084,5726
2021-05-31,15.964110374450684,15.964110374450684,16.21354866027832,15.78950309753418,16.21354866027832,1075
2021-06-01,15.964110374450684,15.964110374450684,15.964110374450684,15.589950561523438,15.964110374450684,5936
2021-06-02,15.71467113494873,15.71467113494873,16.063886642456055,15.61489486694336,15.964110374450684,4482
2021-06-03,15.664782524108887,15.664782524108887,15.91422176361084,15.61489486694336,15.71467113494873,4377
2021-06-04,15.91422176361084,15.91422176361084,16.1886043548584,15.365455627441406,15.964110374450684,10287
2021-06-07,15.91422176361084,15.91422176361084,16.138717651367188,15.61489486694336,15.864334106445312,1914
2021-06-08,15.864334106445312,15.864334106445312,15.91422176361084,15.54006290435791,15.91422176361084,969
2021-06-09,15.814447402954102,15.814447402954102,15.989053726196289,15.54006290435791,15.91422176361084,6743
2021-06-10,16.76231575012207,16.76231575012207,17.211305618286133,15.814447402954102,15.814447402954102,7860
2021-06-11,16.96186637878418,16.96186637878418,17.211305618286133,16.76231575012207,17.08658790588379,6740
2021-06-14,16.712427139282227,16.712427139282227,17.061643600463867,16.58770751953125,16.712427139282227,2318
2021-06-15,16.712427139282227,16.712427139282227,17.18636131286621,16.38815689086914,16.787260055541992,1591
2021-06-16,16.462989807128906,16.462989807128906,16.862091064453125,16.113773345947266,16.862091064453125,927
2021-06-17,16.438045501708984,16.438045501708984,16.462989807128906,16.01399803161621,16.438045501708984,2374
2021-06-18,16.16366195678711,16.16366195678711,16.438045501708984,16.038942337036133,16.438045501708984,1676
2021-06-21,16.21354866027832,16.21354866027832,16.21354866027832,15.589950561523438,16.21354866027832,4254
2021-06-22,16.113773345947266,16.113773345947266,16.21354866027832,15.739615440368652,16.21354866027832,997
2021-06-23,16.338268280029297,16.338268280029297,16.887035369873047,15.939166069030762,15.964110374450684,1904
2021-06-24,16.712427139282227,16.712427139282227,16.712427139282227,16.088830947875977,16.338268280029297,1345
2021-06-28,16.438045501708984,16.438045501708984,16.712427139282227,16.113773345947266,16.687484741210938,3978
2021-06-29,16.637596130371094,16.637596130371094,16.662540435791016,16.138717651367188,16.438045501708984,3220
2021-06-30,16.462989807128906,16.462989807128906,16.687484741210938,16.21354866027832,16.687484741210938,1149
2021-07-01,16.91197967529297,16.91197967529297,16.96186637878418,16.238492965698242,16.637596130371094,3084
2021-07-02,16.76231575012207,16.76231575012207,17.161418914794922,16.712427139282227,17.036699295043945,5128
2021-07-05,17.211305618286133,17.211305618286133,17.410858154296875,16.96186637878418,17.161418914794922,8395
2021-07-06,17.33602523803711,17.33602523803711,17.71018409729004,17.33602523803711,17.435802459716797,10587
2021-07-07,17.46074676513672,17.46074676513672,17.71018409729004,17.33602523803711,17.33602523803711,4215
2021-07-08,17.2861385345459,17.2861385345459,17.73512840270996,17.036699295043945,17.211305618286133,3854
2021-07-09,17.46074676513672,17.46074676513672,17.71018409729004,17.31108283996582,17.410858154296875,9556
2021-07-12,17.136474609375,17.136474609375,17.46074676513672,17.036699295043945,17.46074676513672,5829
2021-07-13,17.211305618286133,17.211305618286133,17.68524169921875,17.136474609375,17.46074676513672,3015
2021-07-14,17.08658790588379,17.08658790588379,17.46074676513672,17.011754989624023,17.136474609375,2042
2021-07-15,17.46074676513672,17.46074676513672,17.68524169921875,16.96186637878418,17.211305618286133,6311
2021-07-16,17.68524169921875,17.68524169921875,17.68524169921875,17.211305618286133,17.51063346862793,4900
2021-07-19,17.31108283996582,17.31108283996582,17.73512840270996,17.211305618286133,17.73512840270996,8517
2021-07-20,17.236249923706055,17.236249923706055,17.46074676513672,17.136474609375,17.31108283996582,4750
2021-07-21,16.712427139282227,16.712427139282227,17.435802459716797,16.462989807128906,17.236249923706055,9814
2021-07-22,16.462989807128906,16.462989807128906,16.9868106842041,16.263437271118164,16.96186637878418,11451
2021-07-23,16.687484741210938,16.687484741210938,16.687484741210938,16.288381576538086,16.487932205200195,5073
2021-07-26,16.96186637878418,16.96186637878418,16.96186637878418,16.462989807128906,16.637596130371094,4865
2021-07-27,16.936922073364258,16.936922073364258,16.96186637878418,16.58770751953125,16.96186637878418,2891
2021-07-28,16.58770751953125,16.58770751953125,16.837146759033203,16.487932205200195,16.58770751953125,950
2021-07-29,16.712427139282227,16.712427139282227,16.862091064453125,16.462989807128906,16.462989807128906,4536
2021-07-30,16.712427139282227,16.712427139282227,16.96186637878418,16.487932205200195,16.787260055541992,6404
2021-08-02,16.58770751953125,16.58770751953125,16.96186637878418,16.53782081604004,16.96186637878418,2988
2021-08-03,16.512876510620117,16.512876510620117,16.936922073364258,16.462989807128906,16.58770751953125,4069
2021-08-04,16.512876510620117,16.512876510620117,16.712427139282227,16.462989807128906,16.512876510620117,4497
2021-08-05,16.612651824951172,16.612651824951172,16.837146759033203,16.238492965698242,16.837146759033203,4695
2021-08-06,16.712427139282227,16.712427139282227,16.812204360961914,16.512876510620117,16.812204360961914,1718
2021-08-09,16.487932205200195,16.487932205200195,16.712427139282227,16.36321258544922,16.712427139282227,3270
2021-08-10,16.612651824951172,16.612651824951172,16.812204360961914,16.288381576538086,16.812204360961914,5096
2021-08-11,16.662540435791016,16.662540435791016,16.73737144470215,16.487932205200195,16.487932205200195,2007
2021-08-12,16.16366195678711,16.16366195678711,16.662540435791016,16.16366195678711,16.662540435791016,10353
2021-08-13,16.21354866027832,16.21354866027832,16.512876510620117,15.964110374450684,16.21354866027832,4966
2021-08-16,15.639839172363281,15.639839172363281,16.21354866027832,15.639839172363281,15.989053726196289,5025
2021-08-17,15.465231895446777,15.465231895446777,15.939166069030762,15.465231895446777,15.939166069030762,5824
2021-08-18,15.839390754699707,15.839390754699707,15.864334106445312,15.71467113494873,15.839390754699707,1567
2021-08-19,15.24073600769043,15.24073600769043,15.939166069030762,14.816690444946289,15.939166069030762,12302
2021-08-20,15.71467113494873,15.71467113494873,15.964110374450684,14.841633796691895,15.3405122756958,7986
2021-08-23,15.91422176361084,15.91422176361084,16.1886043548584,15.54006290435791,15.989053726196289,5390
2021-08-24,15.589950561523438,15.589950561523438,15.864334106445312,15.589950561523438,15.689726829528809,6861
2021-08-25,15.71467113494873,15.71467113494873,15.939166069030762,15.515119552612305,15.91422176361084,4914
2021-08-26,15.315567970275879,15.315567970275879,15.864334106445312,15.265680313110352,15.864334106445312,8443
2021-08-27,14.991296768188477,14.991296768188477,15.290623664855957,14.542306900024414,15.215791702270508,14136
2021-08-30,15.091073036193848,15.091073036193848,15.315567970275879,15.016241073608398,15.165904998779297,2270
2021-08-31,15.190849304199219,15.190849304199219,15.639839172363281,15.091073036193848,15.091073036193848,6491
2021-09-01,15.190849304199219,15.190849304199219,15.515119552612305,15.11601734161377,15.515119552612305,4177
2021-09-02,15.11601734161377,15.11601734161377,15.390399932861328,15.016241073608398,15.390399932861328,8778
2021-09-03,15.61489486694336,15.61489486694336,15.739615440368652,15.091073036193848,15.3405122756958,9114
2021-09-06,15.290623664855957,15.290623664855957,15.739615440368652,15.016241073608398,15.71467113494873,8233
2021-09-07,15.290623664855957,15.290623664855957,15.61489486694336,15.140960693359375,15.61489486694336,3920
2021-09-08,15.140960693359375,15.140960693359375,15.365455627441406,14.966353416442871,15.265680313110352,9908
2021-09-09,15.190849304199219,15.190849304199219,15.365455627441406,15.04118537902832,15.04118537902832,2985
2021-09-10,15.091073036193848,15.091073036193848,15.215791702270508,14.966353416442871,15.190849304199219,3422
2021-09-13,15.215791702270508,15.215791702270508,15.365455627441406,14.966353416442871,15.215791702270508,7234
2021-09-14,15.190849304199219,15.190849304199219,15.440287590026855,14.866578102111816,15.440287590026855,4857
2021-09-15,14.891521453857422,14.891521453857422,15.04118537902832,14.866578102111816,14.966353416442871,4872
2021-09-16,15.066128730773926,15.066128730773926,15.190849304199219,14.816690444946289,14.891521453857422,2130
2021-09-17,14.991296768188477,14.991296768188477,15.11601734161377,14.841633796691895,15.091073036193848,3196
2021-09-20,14.317811012268066,14.317811012268066,14.966353416442871,14.218035697937012,14.966353416442871,10478
2021-09-21,14.492419242858887,14.492419242858887,14.791746139526367,14.267923355102539,14.317811012268066,3514
2021-09-22,14.966353416442871,14.966353416442871,14.966353416442871,14.517362594604492,14.642082214355469,2938
2021-09-23,14.617137908935547,14.617137908935547,15.04118537902832,14.517362594604492,14.891521453857422,5168
2021-09-24,14.56725025177002,14.56725025177002,14.966353416442871,14.342755317687988,14.966353416442871,1889
2021-09-27,14.667025566101074,14.667025566101074,14.791746139526367,14.392642974853516,14.392642974853516,852
2021-09-28,14.317811012268066,14.317811012268066,14.517362594604492,14.218035697937012,14.467474937438965,3171
2021-09-29,14.342755317687988,14.342755317687988,14.667025566101074,14.242980003356934,14.417587280273438,1479
2021-09-30,14.367698669433594,14.367698669433594,14.667025566101074,14.267923355102539,14.667025566101074,2077
2021-10-01,14.417587280273438,14.417587280273438,14.467474937438965,14.218035697937012,14.467474937438965,2208
2021-10-04,14.342755317687988,14.342755317687988,14.467474937438965,14.242980003356934,14.417587280273438,2878
2021-10-05,14.442530632019043,14.442530632019043,14.442530632019043,14.143203735351562,14.143203735351562,3228
2021-10-06,14.716914176940918,14.716914176940918,14.716914176940918,14.218035697937012,14.442530632019043,4867
2021-10-07,14.691969871520996,14.691969871520996,14.716914176940918,14.218035697937012,14.716914176940918,3113
2021-10-08,14.866578102111816,14.866578102111816,14.866578102111816,14.467474937438965,14.467474937438965,3289
2021-10-11,14.716914176940918,14.716914176940918,15.04118537902832,14.592193603515625,14.866578102111816,893
2021-10-12,14.841633796691895,14.841633796691895,14.966353416442871,14.517362594604492,14.716914176940918,3326
2021-10-13,14.891521453857422,14.891521453857422,14.966353416442871,14.716914176940918,14.841633796691895,2353
2021-10-14,14.966353416442871,14.966353416442871,14.966353416442871,14.741857528686523,14.916464805603027,1920
2021-10-15,15.215791702270508,15.215791702270508,15.215791702270508,14.816690444946289,14.966353416442871,4005
2021-10-18,15.016241073608398,15.016241073608398,15.215791702270508,14.741857528686523,15.215791702270508,2484
2021-10-19,14.94140911102295,14.94140911102295,15.016241073608398,14.467474937438965,14.617137908935547,4579
2021-10-20,14.716914176940918,14.716914176940918,14.716914176940918,14.467474937438965,14.716914176940918,4800
2021-10-21,14.691969871520996,14.691969871520996,14.716914176940918,14.467474937438965,14.716914176940918,1482
2021-10-22,14.492419242858887,14.492419242858887,14.667025566101074,14.392642974853516,14.467474937438965,3257
2021-10-25,14.467474937438965,14.467474937438965,14.492419242858887,14.342755317687988,14.467474937438965,1629
2021-10-26,14.417587280273438,14.417587280273438,14.542306900024414,14.367698669433594,14.467474937438965,3960
2021-10-27,14.617137908935547,14.617137908935547,14.617137908935547,14.218035697937012,14.467474937438965,6633
2021-10-28,14.118260383605957,14.118260383605957,14.118260383605957,13.469717979431152,13.719157218933105,23544
2021-10-29,13.943652153015137,13.943652153015137,14.242980003356934,13.769044876098633,14.193092346191406,6096
2021-11-01,14.118260383605957,14.118260383605957,14.118260383605957,13.719157218933105,13.918708801269531,2949
2021-11-02,14.118260383605957,14.118260383605957,14.168148040771484,13.719157218933105,14.093316078186035,5040
2021-11-03,13.968596458435059,13.968596458435059,14.292866706848145,13.843876838684082,13.868821144104004,2216
2021-11-04,14.018484115600586,14.018484115600586,14.317811012268066,14.018484115600586,14.218035697937012,1411
2021-11-05,13.968596458435059,13.968596458435059,14.068371772766113,13.918708801269531,14.018484115600586,1884
2021-11-08,13.993539810180664,13.993539810180664,14.292866706848145,13.968596458435059,13.993539810180664,1936
2021-11-09,14.018484115600586,14.018484115600586,14.218035697937012,13.993539810180664,14.018484115600586,1281
2021-11-10,13.968596458435059,13.968596458435059,14.168148040771484,13.719157218933105,14.168148040771484,2012
2021-11-11,13.769044876098633,13.769044876098633,13.968596458435059,13.744100570678711,13.968596458435059,1650
2021-11-12,13.744100570678711,13.744100570678711,13.968596458435059,13.719157218933105,13.81893253326416,4383
2021-11-15,13.793989181518555,13.793989181518555,13.918708801269531,13.744100570678711,13.769044876098633,2935
2021-11-16,13.81893253326416,13.81893253326416,13.968596458435059,13.793989181518555,13.793989181518555,1831
2021-11-17,13.943652153015137,13.943652153015137,13.968596458435059,13.719157218933105,13.843876838684082,3975
2021-11-18,13.619380950927734,13.619380950927734,13.968596458435059,13.594437599182129,13.968596458435059,5072
2021-11-19,13.769044876098633,13.769044876098633,13.968596458435059,13.51960563659668,13.81893253326416,6235
2021-11-22,13.943652153015137,13.943652153015137,13.943652153015137,13.793989181518555,13.81893253326416,4035
2021-11-23,14.068371772766113,14.068371772766113,14.317811012268066,13.719157218933105,13.943652153015137,11335
2021-11-24,13.744100570678711,13.744100570678711,14.068371772766113,13.619380950927734,14.068371772766113,1866
2021-11-25,13.669268608093262,13.669268608093262,13.744100570678711,13.594437599182129,13.719157218933105,4104
2021-11-26,13.245223045349121,13.245223045349121,13.644325256347656,13.245223045349121,13.594437599182129,7208
2021-11-29,13.245223045349121,13.245223045349121,13.594437599182129,13.245223045349121,13.245223045349121,6217
2021-11-30,13.020727157592773,13.020727157592773,13.245223045349121,12.97083854675293,13.245223045349121,6967
2021-12-01,13.120503425598145,13.120503425598145,13.320054054260254,13.045671463012695,13.045671463012695,3815
2021-12-02,13.045671463012695,13.045671463012695,13.245223045349121,13.020727157592773,13.2202787399292,1981
2021-12-03,12.97083854675293,12.97083854675293,13.2202787399292,12.97083854675293,12.995782852172852,5210
2021-12-07,12.896007537841797,12.896007537841797,13.095559120178223,12.821175575256348,12.97083854675293,7360
2021-12-08,12.920951843261719,12.920951843261719,13.14544677734375,12.896007537841797,12.94589614868164,4894
2021-12-09,12.77128791809082,12.77128791809082,13.14544677734375,12.746343612670898,12.94589614868164,9583
2021-12-10,12.77128791809082,12.77128791809082,12.871064186096191,12.77128791809082,12.77128791809082,3136
2021-12-13,12.347241401672363,12.347241401672363,12.77128791809082,12.322297096252441,12.721400260925293,20081
2021-12-14,12.147689819335938,12.147689819335938,12.447016716003418,11.973082542419434,12.222521781921387,12490
2021-12-15,12.08533000946045,12.08533000946045,12.147689819335938,11.973082542419434,12.09780216217041,5301
2021-12-16,11.910722732543945,11.910722732543945,12.222521781921387,11.873307228088379,12.09780216217041,9507
2021-12-17,11.72364330291748,11.72364330291748,11.923194885253906,11.648812294006348,11.923194885253906,13079
2021-12-20,11.623867988586426,11.623867988586426,11.72364330291748,11.287124633789062,11.686226844787598,14060
2021-12-21,11.511619567871094,11.511619567871094,11.773530960083008,11.511619567871094,11.648812294006348,13398
2021-12-22,11.773530960083008,11.773530960083008,11.973082542419434,11.72364330291748,11.79847526550293,10493
2021-12-23,11.860835075378418,11.860835075378418,11.935667037963867,11.773530960083008,11.773530960083008,7607
2021-12-27,11.948139190673828,11.948139190673828,12.035442352294922,11.648812294006348,11.72364330291748,20950
2021-12-28,12.47196102142334,12.47196102142334,12.696455955505371,11.786003112792969,11.786003112792969,19202
2021-12-29,12.97083854675293,12.97083854675293,13.344998359680176,12.459488868713379,12.47196102142334,15116
2021-12-30,13.2202787399292,13.2202787399292,13.594437599182129,13.0706148147583,13.2202787399292,22258
2022-01-03,13.918708801269531,13.918708801269531,14.317811012268066,12.995782852172852,13.245223045349121,17811
2022-01-04,13.993539810180664,13.993539810180664,14.417587280273438,13.968596458435059,14.242980003356934,17699
2022-01-05,13.744100570678711,13.744100570678711,14.068371772766113,13.719157218933105,14.068371772766113,5335
2022-01-07,13.719157218933105,13.719157218933105,14.292866706848145,13.469717979431152,14.292866706848145,6716
2022-01-10,13.020727157592773,13.020727157592773,13.719157218933105,13.020727157592773,13.719157218933105,4239
2022-01-11,13.2202787399292,13.2202787399292,13.469717979431152,13.095559120178223,13.469717979431152,2782
2022-01-12,12.97083854675293,12.97083854675293,13.719157218933105,12.896007537841797,13.719157218933105,9561
2022-01-13,13.2202787399292,13.2202787399292,13.469717979431152,13.2202787399292,13.2202787399292,2821
2022-01-14,13.2202787399292,13.2202787399292,13.44477367401123,13.2202787399292,13.44477367401123,1494
2022-01-17,12.871064186096191,12.871064186096191,13.694212913513184,12.871064186096191,13.270167350769043,2587
2022-01-18,12.97083854675293,12.97083854675293,13.2202787399292,12.871064186096191,13.120503425598145,936
2022-01-19,12.821175575256348,12.821175575256348,13.0706148147583,12.821175575256348,12.97083854675293,732
2022-01-20,12.596680641174316,12.596680641174316,12.97083854675293,12.596680641174316,12.97083854675293,4680
2022-01-21,12.409601211547852,12.409601211547852,12.94589614868164,12.09780216217041,12.94589614868164,8900
2022-01-24,11.49914836883545,11.49914836883545,12.920951843261719,11.224764823913574,12.47196102142334,13115
2022-01-25,12.222521781921387,12.222521781921387,12.896007537841797,11.973082542419434,12.010498046875,9367
2022-01-26,12.47196102142334,12.47196102142334,12.47196102142334,12.222521781921387,12.47196102142334,3889
2022-01-27,12.47196102142334,12.47196102142334,12.84611988067627,12.222521781921387,12.596680641174316,2603
2022-01-28,12.247466087341309,12.247466087341309,12.521848678588867,12.222521781921387,12.47196102142334,2783
2022-01-31,12.84611988067627,12.84611988067627,12.871064186096191,12.459488868713379,12.459488868713379,1781
2022-02-01,12.871064186096191,12.871064186096191,13.0706148147583,12.721400260925293,12.97083854675293,1962
2022-02-02,13.095559120178223,13.095559120178223,13.120503425598145,12.920951843261719,12.97083854675293,4995
2022-02-03,12.47196102142334,12.47196102142334,13.095559120178223,11.998025894165039,13.095559120178223,4127
2022-02-04,12.47196102142334,12.47196102142334,12.821175575256348,12.359712600708008,12.821175575256348,3733
2022-02-07,12.459488868713379,12.459488868713379,12.696455955505371,12.27241039276123,12.47196102142334,4926
2022-02-08,12.696455955505371,12.696455955505371,12.696455955505371,12.38465690612793,12.47196102142334,2921
2022-02-09,12.67151165008545,12.67151165008545,12.920951843261719,12.596680641174316,12.721400260925293,4821
2022-02-10,12.38465690612793,12.38465690612793,12.721400260925293,12.38465690612793,12.67151165008545,4006
2022-02-11,12.821175575256348,12.821175575256348,12.84611988067627,12.447016716003418,12.447016716003418,9517
2022-02-14,11.873307228088379,11.873307228088379,12.721400260925293,11.848362922668457,12.721400260925293,11724
2022-02-15,12.409601211547852,12.409601211547852,12.571737289428711,12.17263412475586,12.222521781921387,4184
2022-02-16,12.546792984008789,12.546792984008789,12.546792984008789,12.39712905883789,12.47196102142334,1639
2022-02-17,12.47196102142334,12.47196102142334,12.47196102142334,12.210049629211426,12.372184753417969,3295
2022-02-18,12.47196102142334,12.47196102142334,12.596680641174316,11.998025894165039,12.496905326843262,1795
2022-02-21,12.334769248962402,12.334769248962402,12.459488868713379,11.973082542419434,11.973082542419434,2853
2022-02-22,12.347241401672363,12.347241401672363,12.347241401672363,11.948139190673828,11.973082542419434,4639
2022-02-23,12.347241401672363,12.347241401672363,12.347241401672363,12.147689819335938,12.347241401672363,1312
2022-02-24,11.274653434753418,11.274653434753418,11.823418617248535,11.199821472167969,11.72364330291748,10831
2022-02-25,11.898250579833984,11.898250579833984,12.210049629211426,11.287124633789062,11.287124633789062,3828
2022-02-28,11.361955642700195,11.361955642700195,12.022970199584961,10.975325584411621,11.461731910705566,7042
2022-03-01,10.488919258117676,10.488919258117676,11.898250579833984,10.488919258117676,11.72364330291748,13301
2022-03-02,10.227007865905762,10.227007865905762,10.725886344909668,9.6283540725708,10.476447105407715,16917
2022-03-03,10.227007865905762,10.227007865905762,10.700942039489746,10.227007865905762,10.227007865905762,7155
2022-03-04,10.227007865905762,10.227007865905762,10.788246154785156,9.852849006652832,9.977568626403809,6769
2022-03-07,9.90273666381836,9.90273666381836,10.775774002075195,9.391386032104492,10.20206356048584,7807
2022-03-08,9.977568626403809,9.977568626403809,10.476447105407715,9.877793312072754,9.877793312072754,3453
2022-03-09,10.351728439331055,10.351728439331055,10.476447105407715,9.977568626403809,10.227007865905762,3221
2022-03-10,10.239480018615723,10.239480018615723,10.476447105407715,10.12723159790039,10.476447105407715,1094
2022-03-11,10.451502799987793,10.451502799987793,10.725886344909668,10.12723159790039,10.227007865905762,3095
2022-03-14,10.152175903320312,10.152175903320312,10.725886344909668,10.039928436279297,10.039928436279297,13423
2022-03-15,9.952625274658203,9.952625274658203,10.227007865905762,9.952625274658203,10.227007865905762,5888
2022-03-16,9.952625274658203,9.952625274658203,10.227007865905762,9.90273666381836,10.227007865905762,4841
2022-03-17,9.977568626403809,9.977568626403809,9.977568626403809,9.91520881652832,9.977568626403809,5739
2022-03-18,9.728129386901855,9.728129386901855,9.977568626403809,9.70318603515625,9.977568626403809,12051
2022-03-21,9.778017044067383,9.778017044067383,9.965097427368164,9.728129386901855,9.728129386901855,7811
2022-03-22,9.70318603515625,9.70318603515625,9.90273666381836,9.70318603515625,9.778017044067383,8938
2022-03-23,9.802961349487305,9.802961349487305,9.890265464782715,9.70318603515625,9.890265464782715,3235
2022-03-24,9.865321159362793,9.865321159362793,9.965097427368164,9.7406005859375,9.965097427368164,1917
2022-03-25,9.965097427368164,9.965097427368164,9.965097427368164,9.728129386901855,9.965097427368164,2624
2022-03-28,9.977568626403809,9.977568626403809,10.2145357131958,9.852849006652832,9.977568626403809,6053
2022-03-29,10.227007865905762,10.227007865905762,10.339256286621094,9.977568626403809,9.977568626403809,4195
2022-03-30,10.476447105407715,10.476447105407715,10.738357543945312,10.152175903320312,10.651055335998535,6381
2022-03-31,10.227007865905762,10.227007865905762,10.526334762573242,9.977568626403809,10.476447105407715,2827
2022-04-01,10.227007865905762,10.227007865905762,10.351728439331055,10.227007865905762,10.227007865905762,3020
2022-04-04,10.164648056030273,10.164648056030273,10.351728439331055,10.039928436279297,10.227007865905762,779
2022-04-05,10.164648056030273,10.164648056030273,10.364198684692383,10.152175903320312,10.227007865905762,711
2022-04-06,9.977568626403809,9.977568626403809,10.177120208740234,9.840376853942871,9.99004077911377,1894
2022-04-07,10.027457237243652,10.027457237243652,10.227007865905762,9.91520881652832,10.177120208740234,324
2022-04-08,9.977568626403809,9.977568626403809,10.189592361450195,9.977568626403809,10.027457237243652,1367
2022-04-11,10.227007865905762,10.227007865905762,10.451502799987793,9.977568626403809,9.977568626403809,813
2022-04-12,10.039928436279297,10.039928436279297,10.426559448242188,9.977568626403809,10.227007865905762,133
2022-04-13,10.139703750610352,10.139703750610352,10.139703750610352,9.91520881652832,10.039928436279297,986
2022-04-14,9.977568626403809,9.977568626403809,10.351728439331055,9.977568626403809,10.351728439331055,2206
2022-04-19,9.977568626403809,9.977568626403809,10.114760398864746,9.977568626403809,10.114760398864746,1445
2022-04-20,9.952625274658203,9.952625274658203,10.12723159790039,9.852849006652832,10.12723159790039,850
2022-04-21,10.177120208740234,10.177120208740234,10.227007865905762,9.753072738647461,9.977568626403809,3018
2022-04-22,9.852849006652832,9.852849006652832,10.114760398864746,9.778017044067383,10.114760398864746,3895
2022-04-25,9.753072738647461,9.753072738647461,9.877793312072754,9.728129386901855,9.852849006652832,4176
2022-04-26,9.952625274658203,9.952625274658203,10.014985084533691,9.715657234191895,9.753072738647461,1040
2022-04-27,9.890265464782715,9.890265464782715,9.940153121948242,9.728129386901855,9.940153121948242,1653
2022-04-28,9.44127368927002,9.44127368927002,9.70318603515625,7.483176231384277,9.22925090789795,21652
2022-04-29,8.755315780639648,8.755315780639648,9.353970527648926,8.518348693847656,9.353970527648926,13585
2022-05-02,8.406102180480957,8.406102180480957,8.73037338256836,7.720143795013428,8.717901229858398,24069
2022-05-03,7.982055187225342,7.982055187225342,8.455988883972168,7.982055187225342,8.443516731262207,6622
2022-05-04,7.720143795013428,7.720143795013428,8.231493949890137,7.707672119140625,8.031943321228027,9857
2022-05-05,7.707672119140625,7.707672119140625,8.069358825683594,7.570479869842529,7.732615947723389,8599
2022-05-06,7.183848857879639,7.183848857879639,7.857335090637207,7.183848857879639,7.707672119140625,13454
2022-05-09,6.834633827209473,6.834633827209473,7.345984935760498,6.82216215133667,7.109017848968506,12397
2022-05-10,6.909465789794922,6.909465789794922,7.009242057800293,6.5103631019592285,6.834633827209473,4723
2022-05-11,6.959353923797607,6.959353923797607,7.021714210510254,6.734858989715576,6.934410095214844,2478
2022-05-12,6.884521961212158,6.884521961212158,6.984298229217529,6.8595781326293945,6.971826076507568,2992
2022-05-13,7.358457088470459,7.358457088470459,7.4457597732543945,6.934410095214844,6.934410095214844,3698
2022-05-16,7.308568954467773,7.308568954467773,7.4083452224731445,7.233736991882324,7.395873069763184,1695
2022-05-17,7.133961200714111,7.133961200714111,7.4083452224731445,7.109017848968506,7.4083452224731445,1613
2022-05-18,7.258680820465088,7.258680820465088,7.28362512588501,7.096546173095703,7.271152973175049,545
2022-05-19,7.034185886383057,7.034185886383057,7.28362512588501,7.009242057800293,7.084074020385742,6243
2022-05-20,6.984298229217529,6.984298229217529,7.271152973175049,6.734858989715576,7.271152973175049,9849
2022-05-23,6.921937942504883,6.921937942504883,7.084074020385742,6.734858989715576,6.984298229217529,1904
2022-05-24,6.734858989715576,6.734858989715576,7.1963210105896,6.734858989715576,6.934410095214844,1486
2022-05-25,6.734858989715576,6.734858989715576,7.034185886383057,6.722386837005615,6.75980281829834,1942
2022-05-27,7.0591301918029785,7.0591301918029785,7.0591301918029785,6.734858989715576,6.734858989715576,2747
2022-05-30,7.1963210105896,7.1963210105896,7.4582319259643555,7.0591301918029785,7.071601867675781,3245
2022-05-31,7.308568954467773,7.308568954467773,7.358457088470459,6.984298229217529,7.28362512588501,5207
2022-06-01,8.5,8.5,8.739999771118164,7.599999904632568,7.599999904632568,15188
2022-06-02,8.5,8.5,8.680000305175781,8.5,8.619999885559082,9323
2022-06-03,8.180000305175781,8.180000305175781,8.640000343322754,7.800000190734863,8.640000343322754,9663
2022-06-06,7.880000114440918,7.880000114440918,8.239999771118164,7.599999904632568,8.239999771118164,4206
2022-06-07,7.4079999923706055,7.4079999923706055,8.100000381469727,7.400000095367432,8.0,38129
2022-06-08,6.992000102996826,6.992000102996826,7.440000057220459,6.599999904632568,7.440000057220459,7783
2022-06-09,6.079999923706055,6.079999923706055,6.800000190734863,5.992000102996826,6.800000190734863,15948
2022-06-10,6.239999771118164,6.239999771118164,6.4079999923706055,5.840000152587891,6.079999923706055,10684
2022-06-13,5.760000228881836,5.760000228881836,6.239999771118164,5.599999904632568,6.239999771118164,11398
2022-06-14,5.791999816894531,5.791999816894531,5.984000205993652,5.607999801635742,5.760000228881836,3396
2022-06-15,6.111999988555908,6.111999988555908,6.360000133514404,5.831999778747559,5.840000152587891,4495
2022-06-16,6.047999858856201,6.047999858856201,6.3520002365112305,6.047999858856201,6.3520002365112305,883
2022-06-17,6.007999897003174,6.007999897003174,6.400000095367432,5.872000217437744,6.191999912261963,3599
2022-06-20,6.400000095367432,6.400000095367432,6.519999980926514,5.984000205993652,6.015999794006348,2851
2022-06-21,7.28000020980835,7.28000020980835,7.383999824523926,6.800000190734863,6.800000190734863,7937
2022-06-22,6.783999919891357,6.783999919891357,7.552000045776367,6.0,7.552000045776367,5192
2022-06-23,6.007999897003174,6.007999897003174,7.1519999504089355,5.607999801635742,7.1519999504089355,7398
2022-06-27,5.791999816894531,5.791999816894531,6.679999828338623,5.607999801635742,6.199999809265137,9986
2022-06-28,5.631999969482422,5.631999969482422,6.159999847412109,5.599999904632568,6.159999847412109,4533
2022-06-29,5.320000171661377,5.320000171661377,5.552000045776367,5.239999771118164,5.552000045776367,15056
2022-06-30,5.191999912261963,5.191999912261963,5.4720001220703125,5.02400016784668,5.4720001220703125,20771
2022-07-01,5.159999847412109,5.159999847412109,5.23199987411499,5.039999961853027,5.23199987411499,10665
2022-07-04,5.1519999504089355,5.1519999504089355,5.191999912261963,5.0,5.191999912261963,197
2022-07-05,4.730000019073486,4.730000019073486,5.099999904632568,4.0,4.0,10297
2022-07-06,4.849999904632568,4.849999904632568,4.929999828338623,4.75,4.800000190734863,5474
2022-07-07,4.960000038146973,4.960000038146973,5.099999904632568,4.849999904632568,4.849999904632568,3632
2022-07-08,5.079999923706055,5.079999923706055,5.079999923706055,5.0,5.0,7000
2022-07-11,4.869999885559082,4.869999885559082,5.099999904632568,4.869999885559082,5.099999904632568,4399
2022-07-12,4.877999782562256,4.877999782562256,4.900000095367432,4.802000045776367,4.869999885559082,7810
2022-07-13,4.75,4.75,4.874000072479248,4.75,4.869999885559082,4676
2022-07-14,4.690000057220459,4.690000057220459,4.8379998207092285,4.690000057220459,4.800000190734863,4919
2022-07-15,4.599999904632568,4.599999904632568,4.697999954223633,4.51800012588501,4.679999828338623,7406
2022-07-18,4.650000095367432,4.650000095367432,4.677999973297119,4.550000190734863,4.599999904632568,948
2022-07-19,4.559999942779541,4.559999942779541,4.659999847412109,4.52400016784668,4.659999847412109,4732
2022-07-20,4.699999809265137,4.699999809265137,4.699999809265137,4.570000171661377,4.599999904632568,5476
2022-07-21,4.771999835968018,4.771999835968018,5.0,4.702000141143799,4.920000076293945,22491
2022-07-22,4.599999904632568,4.599999904632568,4.849999904632568,4.599999904632568,4.849999904632568,9036
2022-07-25,4.550000190734863,4.550000190734863,5.0,4.489999771118164,4.599999904632568,33793
2022-07-26,4.438000202178955,4.438000202178955,4.550000190734863,4.409999847412109,4.550000190734863,9713
2022-07-27,4.460000038146973,4.460000038146973,4.4679999351501465,4.409999847412109,4.409999847412109,2561
2022-07-28,4.429999828338623,4.429999828338623,4.539999961853027,4.380000114440918,4.539999961853027,2952
2022-07-29,4.46999979019165,4.46999979019165,4.584000110626221,4.429999828338623,4.584000110626221,2200
2022-08-01,4.389999866485596,4.389999866485596,4.460000038146973,4.380000114440918,4.449999809265137,7415
2022-08-02,4.340000152587891,4.340000152587891,4.389999866485596,4.340000152587891,4.389999866485596,3906
2022-08-03,4.331999778747559,4.331999778747559,4.349999904632568,4.320000171661377,4.340000152587891,2910
2022-08-04,4.329999923706055,4.329999923706055,4.331999778747559,4.300000190734863,4.320000171661377,3673
2022-08-05,4.309999942779541,4.309999942779541,4.349999904632568,4.300000190734863,4.349999904632568,4077
2022-08-08,4.349999904632568,4.349999904632568,4.360000133514404,4.302000045776367,4.349999904632568,4479
2022-08-09,4.309999942779541,4.309999942779541,4.360000133514404,4.302000045776367,4.357999801635742,2380
2022-08-10,4.271999835968018,4.271999835968018,4.354000091552734,4.269999980926514,4.340000152587891,30457
2022-08-11,4.260000228881836,4.260000228881836,4.3480000495910645,4.25,4.329999923706055,18316
2022-08-12,4.25,4.25,4.289999961853027,4.230000019073486,4.260000228881836,21632
2022-08-15,4.320000171661377,4.320000171661377,4.3379998207092285,4.251999855041504,4.269999980926514,9439
2022-08-16,4.300000190734863,4.300000190734863,4.340000152587891,4.254000186920166,4.340000152587891,9147
2022-08-17,4.340000152587891,4.340000152587891,4.357500076293945,4.300000190734863,4.357500076293945,2409
2022-08-18,4.260000228881836,4.260000228881836,4.317999839782715,4.25,4.252500057220459,5312
2022-08-19,4.2204999923706055,4.2204999923706055,4.300000190734863,4.2204999923706055,4.260000228881836,7166
2022-08-22,4.25,4.25,4.350500106811523,4.21999979019165,4.350500106811523,3030
2022-08-23,4.2154998779296875,4.2154998779296875,4.300000190734863,4.215000152587891,4.221499919891357,3747
2022-08-24,4.269000053405762,4.269000053405762,4.289999961853027,4.2204999923706055,4.25,632
2022-08-25,4.130000114440918,4.130000114440918,4.25,4.119999885559082,4.25,7591
2022-08-26,4.099999904632568,4.099999904632568,4.3495001792907715,4.099999904632568,4.3495001792907715,8327
2022-08-29,4.0,4.0,4.099999904632568,3.871000051498413,4.05049991607666,12256
2022-08-30,4.019999980926514,4.019999980926514,4.197500228881836,4.0,4.0,2765
2022-08-31,3.9000000953674316,3.9000000953674316,4.0995001792907715,3.9000000953674316,4.0,6917
2022-09-01,3.7304999828338623,3.7304999828338623,4.019999980926514,3.700500011444092,3.950000047683716,33290
2022-09-02,3.819999933242798,3.819999933242798,3.950000047683716,3.6105000972747803,3.7639999389648438,21939
2022-09-05,3.7699999809265137,3.7699999809265137,3.937999963760376,3.7014999389648438,3.937999963760376,21634
2022-09-06,3.7855000495910645,3.7855000495910645,3.8380000591278076,3.7699999809265137,3.8380000591278076,13712
2022-09-07,3.8394999504089355,3.8394999504089355,3.8399999141693115,3.7850000858306885,3.819999933242798,5718
2022-09-08,3.7720000743865967,3.7720000743865967,3.8394999504089355,3.7699999809265137,3.8394999504089355,4211
2022-09-09,3.819499969482422,3.819499969482422,3.8289999961853027,3.75,3.8289999961853027,10491
2022-09-12,3.8315000534057617,3.8315000534057617,3.9000000953674316,3.819499969482422,3.8350000381469727,7906
2022-09-13,3.809999942779541,3.809999942779541,3.9000000953674316,3.809999942779541,3.8499999046325684,7271
2022-09-14,3.9000000953674316,3.9000000953674316,3.9000000953674316,3.8499999046325684,3.9000000953674316,1438
2022-09-15,3.9235000610351562,3.9235000610351562,4.0,3.9000000953674316,3.9000000953674316,11061
2022-09-16,3.924999952316284,3.924999952316284,3.9800000190734863,3.9235000610351562,3.9235000610351562,5697
2022-09-19,3.7685000896453857,3.7685000896453857,4.0,3.751499891281128,3.9100000858306885,11699
2022-09-20,3.799999952316284,3.799999952316284,3.9000000953674316,3.799999952316284,3.799999952316284,12099
2022-09-21,3.8989999294281006,3.8989999294281006,3.9000000953674316,3.8505001068115234,3.8505001068115234,480
2022-09-22,3.819999933242798,3.819999933242798,3.927999973297119,3.819999933242798,3.927999973297119,5485
2022-09-23,3.700500011444092,3.700500011444092,3.9000000953674316,3.700000047683716,3.9000000953674316,7396
2022-09-26,3.5999999046325684,3.5999999046325684,3.7100000381469727,3.5999999046325684,3.7009999752044678,4870
2022-09-27,3.5999999046325684,3.5999999046325684,3.700000047683716,3.5999999046325684,3.6500000953674316,8452
2022-09-28,3.4509999752044678,3.4509999752044678,3.5399999618530273,3.359999895095825,3.5399999618530273,5578
2022-09-29,3.260999917984009,3.260999917984009,3.4800000190734863,3.2200000286102295,3.4509999752044678,30709
2022-09-30,3.5199999809265137,3.5199999809265137,3.5199999809265137,3.190000057220459,3.2799999713897705,16255
2022-10-03,3.4170000553131104,3.4170000553131104,3.5,3.2019999027252197,3.5,2183
2022-10-04,3.5199999809265137,3.5199999809265137,3.5199999809265137,3.430000066757202,3.4749999046325684,5737
2022-10-05,3.4800000190734863,3.4800000190734863,3.5799999237060547,3.440000057220459,3.5799999237060547,334850
2022-10-06,3.509999990463257,3.509999990463257,3.690000057220459,3.4800000190734863,3.490000009536743,8133
2022-10-07,3.430000066757202,3.430000066757202,3.700000047683716,3.4000000953674316,3.700000047683716,6520
2022-10-10,3.5,3.5,3.6500000953674316,3.4000000953674316,3.5999999046325684,1697
2022-10-11,3.3299999237060547,3.3299999237060547,3.5899999141693115,3.3299999237060547,3.5899999141693115,898
2022-10-12,3.309999942779541,3.309999942779541,3.490000009536743,3.309999942779541,3.4000000953674316,2344
2022-10-13,3.299999952316284,3.299999952316284,3.390000104904175,3.299999952316284,3.369999885559082,5166
2022-10-14,3.4000000953674316,3.4000000953674316,3.5,3.309999942779541,3.490000009536743,5404
2022-10-17,3.440000057220459,3.440000057220459,3.5,3.319999933242798,3.490000009536743,6284
2022-10-18,3.6500000953674316,3.6500000953674316,3.799999952316284,3.440000057220459,3.440000057220459,7953
2022-10-19,3.759999990463257,3.759999990463257,3.7699999809265137,3.680000066757202,3.7699999809265137,6812
2022-10-20,3.630000114440918,3.630000114440918,3.7799999713897705,3.619999885559082,3.7699999809265137,4399
2022-10-21,3.609999895095825,3.609999895095825,3.700000047683716,3.559999942779541,3.559999942779541,2789
2022-10-24,3.75,3.75,3.7799999713897705,3.609999895095825,3.7799999713897705,12980
2022-10-25,3.8499999046325684,3.8499999046325684,4.010000228881836,3.799999952316284,3.819999933242798,26482
2022-10-26,4.300000190734863,4.300000190734863,4.349999904632568,3.8499999046325684,4.03000020980835,42857
2022-10-27,4.03000020980835,4.03000020980835,4.300000190734863,3.8299999237060547,4.300000190734863,35808
2022-10-28,3.9600000381469727,3.9600000381469727,3.9600000381469727,3.809999942779541,3.869999885559082,5846
2022-10-31,4.010000228881836,4.010000228881836,4.019999980926514,3.8499999046325684,3.9600000381469727,1931
2022-11-01,3.950000047683716,3.950000047683716,4.159999847412109,3.950000047683716,4.010000228881836,4466
2022-11-02,3.9200000762939453,3.9200000762939453,4.199999809265137,3.9200000762939453,4.170000076293945,6835
2022-11-03,3.930000066757202,3.930000066757202,3.930000066757202,3.8499999046325684,3.890000104904175,2548
2022-11-04,3.930000066757202,3.930000066757202,3.930000066757202,3.859999895095825,3.859999895095825,7332
2022-11-07,3.9700000286102295,3.9700000286102295,3.9800000190734863,3.9000000953674316,3.9200000762939453,3086
2022-11-08,3.9700000286102295,3.9700000286102295,3.9700000286102295,3.890000104904175,3.9700000286102295,14157
2022-11-09,4.0,4.0,4.0,3.9000000953674316,3.950000047683716,8788
2022-11-10,4.0,4.0,4.0,3.940000057220459,4.0,8352
2022-11-11,4.099999904632568,4.099999904632568,4.289999961853027,4.0,4.0,22566
2022-11-14,4.389999866485596,4.389999866485596,4.449999809265137,4.230000019073486,4.269999980926514,21167
2022-11-15,4.489999771118164,4.489999771118164,4.550000190734863,4.25,4.5,28590
2022-11-16,4.5,4.5,4.760000228881836,4.320000171661377,4.599999904632568,19321
2022-11-17,4.260000228881836,4.260000228881836,4.5,4.260000228881836,4.5,7489
2022-11-18,4.25,4.25,4.380000114440918,4.099999904632568,4.380000114440918,21773
2022-11-21,4.199999809265137,4.199999809265137,4.199999809265137,4.099999904632568,4.199999809265137,2107
2022-11-22,4.130000114440918,4.130000114440918,4.130000114440918,4.019999980926514,4.099999904632568,7129
2022-11-23,4.050000190734863,4.050000190734863,4.130000114440918,3.940000057220459,4.130000114440918,13475
2022-11-24,4.059999942779541,4.059999942779541,4.119999885559082,4.010000228881836,4.03000020980835,14899
2022-11-25,4.099999904632568,4.099999904632568,4.150000095367432,4.070000171661377,4.070000171661377,12910
2022-11-28,4.090000152587891,4.090000152587891,4.090000152587891,4.010000228881836,4.070000171661377,10341
2022-11-29,4.099999904632568,4.099999904632568,4.099999904632568,4.0,4.099999904632568,1574
2022-11-30,4.099999904632568,4.099999904632568,4.130000114440918,4.070000171661377,4.130000114440918,6168
2022-12-01,4.099999904632568,4.099999904632568,4.190000057220459,4.079999923706055,4.099999904632568,4587
2022-12-02,4.099999904632568,4.099999904632568,4.130000114440918,4.039999961853027,4.099999904632568,3795
2022-12-05,4.090000152587891,4.090000152587891,4.099999904632568,4.0,4.099999904632568,467296
2022-12-07,4.050000190734863,4.050000190734863,4.050000190734863,4.019999980926514,4.050000190734863,1251
2022-12-08,3.9800000190734863,3.9800000190734863,4.039999961853027,3.950000047683716,4.019999980926514,4764
2022-12-09,3.950000047683716,3.950000047683716,3.990000009536743,3.8399999141693115,3.9800000190734863,20657
2022-12-12,3.950000047683716,3.950000047683716,3.9800000190734863,3.890000104904175,3.9800000190734863,1876
2022-12-13,3.9700000286102295,3.9700000286102295,4.0,3.950000047683716,3.950000047683716,2362
2022-12-14,3.9000000953674316,3.9000000953674316,3.990000009536743,3.9000000953674316,3.990000009536743,5649
2022-12-15,3.869999885559082,3.869999885559082,3.990000009536743,3.8499999046325684,3.9000000953674316,15390
2022-12-16,3.740000009536743,3.740000009536743,3.9000000953674316,3.7100000381469727,3.8499999046325684,16316
2022-12-19,3.690000057220459,3.690000057220459,3.75,3.6600000858306885,3.740000009536743,21119
2022-12-20,3.6700000762939453,3.6700000762939453,3.7300000190734863,3.549999952316284,3.690000057220459,8604
2022-12-21,3.680000066757202,3.680000066757202,3.740000009536743,3.609999895095825,3.6700000762939453,5227
2022-12-22,3.6700000762939453,3.6700000762939453,3.740000009536743,3.609999895095825,3.680000066757202,22449
2022-12-23,3.740000009536743,3.740000009536743,3.75,3.609999895095825,3.6700000762939453,19504
2022-12-27,3.700000047683716,3.700000047683716,3.759999990463257,3.6600000858306885,3.740000009536743,17943
2022-12-28,3.680000066757202,3.680000066757202,3.75,3.6700000762939453,3.680000066757202,22258
2022-12-29,3.619999885559082,3.619999885559082,3.690000057220459,3.619999885559082,3.6700000762939453,51901
2022-12-30,3.799999952316284,3.799999952316284,3.799999952316284,3.609999895095825,3.619999885559082,29733
2023-01-02,3.859999895095825,3.859999895095825,3.990000009536743,3.700000047683716,3.7699999809265137,14700
2023-01-03,4.139999866485596,4.139999866485596,4.179999828338623,3.9000000953674316,3.9000000953674316,19036
2023-01-04,4.21999979019165,4.21999979019165,4.289999961853027,4.150000095367432,4.150000095367432,18721
2023-01-05,4.070000171661377,4.070000171661377,4.320000171661377,4.050000190734863,4.289999961853027,17194
2023-01-09,4.659999847412109,4.659999847412109,4.670000076293945,4.179999828338623,4.300000190734863,25729
2023-01-10,4.28000020980835,4.28000020980835,4.690000057220459,4.25,4.670000076293945,15342
2023-01-11,4.079999923706055,4.079999923706055,4.289999961853027,4.079999923706055,4.289999961853027,26591
2023-01-12,4.239999771118164,4.239999771118164,4.260000228881836,4.190000057220459,4.260000228881836,9631
2023-01-13,4.190000057220459,4.190000057220459,4.28000020980835,4.130000114440918,4.25,7437
2023-01-16,4.150000095367432,4.150000095367432,4.300000190734863,4.119999885559082,4.239999771118164,13437
2023-01-17,4.28000020980835,4.28000020980835,4.28000020980835,4.150000095367432,4.199999809265137,4433
2023-01-18,4.349999904632568,4.349999904632568,4.400000095367432,4.25,4.289999961853027,5186
2023-01-19,4.300000190734863,4.300000190734863,4.389999866485596,4.300000190734863,4.349999904632568,4656
2023-01-20,4.300000190734863,4.300000190734863,4.300000190734863,4.210000038146973,4.300000190734863,3339
2023-01-23,4.289999961853027,4.289999961853027,4.380000114440918,4.199999809265137,4.300000190734863,3272
2023-01-24,4.239999771118164,4.239999771118164,4.360000133514404,4.230000019073486,4.289999961853027,6545
2023-01-25,4.239999771118164,4.239999771118164,4.300000190734863,4.190000057220459,4.239999771118164,2792
2023-01-26,4.239999771118164,4.239999771118164,4.239999771118164,4.139999866485596,4.239999771118164,3816
2023-01-27,4.320000171661377,4.320000171661377,4.320000171661377,4.139999866485596,4.239999771118164,8423
2023-01-30,4.199999809265137,4.199999809265137,4.320000171661377,4.139999866485596,4.309999942779541,27685
2023-01-31,4.239999771118164,4.239999771118164,4.239999771118164,4.139999866485596,4.199999809265137,10862
2023-02-01,4.239999771118164,4.239999771118164,4.289999961853027,4.150000095367432,4.239999771118164,19598
2023-02-02,4.199999809265137,4.199999809265137,4.239999771118164,4.050000190734863,4.239999771118164,57120
2023-02-03,4.159999847412109,4.159999847412109,4.230000019073486,4.139999866485596,4.199999809265137,6865
2023-02-06,4.119999885559082,4.119999885559082,4.159999847412109,4.070000171661377,4.139999866485596,3136
2023-02-07,4.039999961853027,4.039999961853027,4.199999809265137,4.039999961853027,4.199999809265137,5504
2023-02-08,4.0,4.0,4.199999809265137,4.0,4.039999961853027,16150
2023-02-09,4.0,4.0,4.079999923706055,4.0,4.019999980926514,6440
2023-02-10,4.0,4.0,4.03000020980835,3.950000047683716,4.03000020980835,15200
2023-02-13,4.0,4.0,4.139999866485596,4.0,4.010000228881836,9321
2023-02-14,4.090000152587891,4.090000152587891,4.139999866485596,4.010000228881836,4.139999866485596,1943
2023-02-15,3.9600000381469727,3.9600000381469727,4.099999904632568,3.950000047683716,4.099999904632568,8848
2023-02-16,3.9600000381469727,3.9600000381469727,4.039999961853027,3.9200000762939453,3.9600000381469727,7551
2023-02-17,3.9700000286102295,3.9700000286102295,3.990000009536743,3.869999885559082,3.9600000381469727,12131
2023-02-20,3.819999933242798,3.819999933242798,3.950000047683716,3.7300000190734863,3.950000047683716,16927
2023-02-21,3.8399999141693115,3.8399999141693115,3.940000057220459,3.799999952316284,3.799999952316284,4673
2023-02-22,3.759999990463257,3.759999990463257,3.890000104904175,3.75,3.8399999141693115,30095
2023-02-23,3.799999952316284,3.799999952316284,3.9100000858306885,3.799999952316284,3.9100000858306885,633
2023-02-24,3.799999952316284,3.799999952316284,3.8299999237060547,3.799999952316284,3.799999952316284,4249
2023-02-27,3.869999885559082,3.869999885559082,3.890000104904175,3.7899999618530273,3.799999952316284,5748
2023-02-28,3.7200000286102295,3.7200000286102295,3.859999895095825,3.700000047683716,3.859999895095825,9944
2023-03-01,3.990000009536743,3.990000009536743,3.990000009536743,3.7899999618530273,3.799999952316284,12716
2023-03-02,3.8499999046325684,3.8499999046325684,3.9600000381469727,3.740000009536743,3.9600000381469727,6964
2023-03-03,3.8499999046325684,3.8499999046325684,3.880000114440918,3.799999952316284,3.880000114440918,6294
2023-03-06,3.799999952316284,3.799999952316284,3.9800000190734863,3.799999952316284,3.9800000190734863,7323
2023-03-07,3.7300000190734863,3.7300000190734863,3.799999952316284,3.7100000381469727,3.799999952316284,18203
2023-03-08,3.7200000286102295,3.7200000286102295,3.799999952316284,3.7200000286102295,3.7799999713897705,14497
2023-03-09,3.690000057220459,3.690000057220459,3.7699999809265137,3.6600000858306885,3.740000009536743,7306
2023-03-10,3.5899999141693115,3.5899999141693115,3.75,3.5899999141693115,3.75,14517
2023-03-13,3.440000057220459,3.440000057220459,3.609999895095825,3.3499999046325684,3.609999895095825,38414
2023-03-14,3.5,3.5,3.5399999618530273,3.369999885559082,3.4000000953674316,17921
2023-03-15,3.450000047683716,3.450000047683716,3.549999952316284,3.4000000953674316,3.5399999618530273,14149
2023-03-16,3.450000047683716,3.450000047683716,3.640000104904175,3.3299999237060547,3.4000000953674316,8554
2023-03-17,3.4600000381469727,3.4600000381469727,3.5399999618530273,3.450000047683716,3.5399999618530273,3943
2023-03-20,3.440000057220459,3.440000057220459,3.5199999809265137,3.299999952316284,3.5199999809265137,5098
2023-03-21,3.369999885559082,3.369999885559082,3.5,3.369999885559082,3.5,3054
2023-03-22,3.450000047683716,3.450000047683716,3.5,3.430000066757202,3.430000066757202,3263
2023-03-23,3.440000057220459,3.440000057220459,3.450000047683716,3.359999895095825,3.359999895095825,744
2023-03-24,3.5,3.5,3.5,3.4200000762939453,3.5,8921
2023-03-27,3.5899999141693115,3.5899999141693115,3.6500000953674316,3.509999990463257,3.549999952316284,19361
2023-03-28,3.5999999046325684,3.5999999046325684,3.690000057220459,3.5399999618530273,3.690000057220459,3132
2023-03-29,3.7100000381469727,3.7100000381469727,3.7100000381469727,3.5999999046325684,3.5999999046325684,4471
2023-03-30,3.680000066757202,3.680000066757202,3.7799999713897705,3.680000066757202,3.700000047683716,4248
2023-03-31,3.7300000190734863,3.7300000190734863,3.799999952316284,3.680000066757202,3.680000066757202,13096
2023-04-03,3.809999942779541,3.809999942779541,3.809999942779541,3.7300000190734863,3.809999942779541,8907
2023-04-04,3.8399999141693115,3.8399999141693115,3.8399999141693115,3.75,3.799999952316284,3167
2023-04-05,3.7899999618530273,3.7899999618530273,3.8499999046325684,3.7899999618530273,3.8499999046325684,4113
2023-04-06,3.809999942779541,3.809999942779541,3.9000000953674316,3.7799999713897705,3.7799999713897705,1687
2023-04-11,3.7200000286102295,3.7200000286102295,3.9100000858306885,3.7200000286102295,3.7899999618530273,9333
2023-04-12,3.799999952316284,3.799999952316284,3.890000104904175,3.7200000286102295,3.7200000286102295,2738
2023-04-13,3.7799999713897705,3.7799999713897705,3.799999952316284,3.759999990463257,3.799999952316284,1191
2023-04-14,3.9100000858306885,3.9100000858306885,3.950000047683716,3.7699999809265137,3.7699999809265137,13679
2023-04-17,3.9200000762939453,3.9200000762939453,3.9200000762939453,3.819999933242798,3.9100000858306885,13618
2023-04-18,3.9000000953674316,3.9000000953674316,3.930000066757202,3.890000104904175,3.930000066757202,5646
2023-04-19,3.9100000858306885,3.9100000858306885,3.9200000762939453,3.8399999141693115,3.9000000953674316,7023
2023-04-20,3.799999952316284,3.799999952316284,3.930000066757202,3.799999952316284,3.9200000762939453,24880
2023-04-21,3.799999952316284,3.799999952316284,3.9000000953674316,3.740000009536743,3.799999952316284,11147
2023-04-24,3.799999952316284,3.799999952316284,3.809999942779541,3.7300000190734863,3.75,2176
2023-04-25,3.759999990463257,3.759999990463257,3.8499999046325684,3.740000009536743,3.740000009536743,4545
2023-04-26,4.0,4.0,4.0,3.8499999046325684,3.8499999046325684,15003
2023-04-27,3.9000000953674316,3.9000000953674316,4.0,3.8499999046325684,4.0,7994
2023-04-28,3.940000057220459,3.940000057220459,3.9800000190734863,3.9000000953674316,3.9000000953674316,9159
2023-05-02,3.7799999713897705,3.7799999713897705,3.940000057220459,3.7300000190734863,3.940000057220459,6723
2023-05-03,3.7799999713897705,3.7799999713897705,3.7899999618530273,3.7300000190734863,3.7799999713897705,2079
2023-05-04,3.8299999237060547,3.8299999237060547,3.890000104904175,3.7799999713897705,3.7799999713897705,1475
2023-05-05,3.8299999237060547,3.8299999237060547,3.8499999046325684,3.8299999237060547,3.8299999237060547,692
2023-05-08,3.799999952316284,3.799999952316284,3.8499999046325684,3.799999952316284,3.8299999237060547,812
2023-05-09,3.740000009536743,3.740000009536743,3.8299999237060547,3.740000009536743,3.8299999237060547,1960
2023-05-10,3.799999952316284,3.799999952316284,3.819999933242798,3.740000009536743,3.740000009536743,1497
2023-05-11,3.759999990463257,3.759999990463257,3.8499999046325684,3.759999990463257,3.819999933242798,2294
2023-05-12,3.7300000190734863,3.7300000190734863,3.8399999141693115,3.7300000190734863,3.799999952316284,6675
2023-05-15,3.7300000190734863,3.7300000190734863,3.740000009536743,3.7300000190734863,3.7300000190734863,1282
2023-05-16,3.7100000381469727,3.7100000381469727,3.75,3.700000047683716,3.75,1067
2023-05-17,3.7899999618530273,3.7899999618530273,3.819999933242798,3.559999942779541,3.700000047683716,5671
2023-05-19,3.7899999618530273,3.7899999618530273,3.8299999237060547,3.7899999618530273,3.7899999618530273,1013
2023-05-22,3.799999952316284,3.799999952316284,3.8299999237060547,3.680000066757202,3.7899999618530273,1580
2023-05-23,3.8299999237060547,3.8299999237060547,3.8399999141693115,3.799999952316284,3.8399999141693115,5746
2023-05-24,3.869999885559082,3.869999885559082,4.0,3.819999933242798,3.819999933242798,11660
2023-05-25,3.9600000381469727,3.9600000381469727,3.990000009536743,3.869999885559082,3.9000000953674316,16548
2023-05-26,4.090000152587891,4.090000152587891,4.190000057220459,4.010000228881836,4.010000228881836,30108
2023-05-29,4.150000095367432,4.150000095367432,4.190000057220459,4.090000152587891,4.090000152587891,15145
2023-05-30,4.139999866485596,4.139999866485596,4.190000057220459,4.139999866485596,4.150000095367432,4658
2023-05-31,4.170000076293945,4.170000076293945,4.190000057220459,4.0,4.139999866485596,6558
2023-06-01,4.050000190734863,4.050000190734863,4.179999828338623,3.9100000858306885,4.170000076293945,6981
2023-06-02,4.099999904632568,4.099999904632568,4.190000057220459,4.070000171661377,4.179999828338623,3347
2023-06-05,4.150000095367432,4.150000095367432,4.150000095367432,4.019999980926514,4.099999904632568,8593
2023-06-06,4.150000095367432,4.150000095367432,4.159999847412109,4.110000133514404,4.150000095367432,4658
2023-06-07,4.0,4.0,4.190000057220459,4.0,4.190000057220459,13448
2023-06-08,3.9800000190734863,3.9800000190734863,4.050000190734863,3.9000000953674316,3.940000057220459,11768
2023-06-09,4.0,4.0,4.130000114440918,4.0,4.130000114440918,1737
2023-06-12,3.9600000381469727,3.9600000381469727,4.099999904632568,3.9600000381469727,4.099999904632568,1613
2023-06-13,4.0,4.0,4.0,3.930000066757202,3.9800000190734863,7053
2023-06-14,3.950000047683716,3.950000047683716,4.050000190734863,3.819999933242798,4.0,8973
2023-06-15,3.8499999046325684,3.8499999046325684,4.0,3.8399999141693115,4.0,12962
2023-06-16,3.9100000858306885,3.9100000858306885,4.059999942779541,3.8499999046325684,3.9000000953674316,9762
2023-06-19,3.940000057220459,3.940000057220459,3.940000057220459,3.759999990463257,3.9100000858306885,5675
2023-06-20,3.819999933242798,3.819999933242798,3.940000057220459,3.759999990463257,3.940000057220459,1603
2023-06-21,3.700000047683716,3.700000047683716,3.819999933242798,3.700000047683716,3.819999933242798,11434
2023-06-22,3.940000057220459,3.940000057220459,3.9800000190734863,3.6600000858306885,3.700000047683716,1540
2023-06-26,3.819999933242798,3.819999933242798,3.9200000762939453,3.7799999713897705,3.7899999618530273,2513
2023-06-27,3.799999952316284,3.799999952316284,3.809999942779541,3.7799999713897705,3.809999942779541,161
2023-06-28,3.7200000286102295,3.7200000286102295,3.7799999713897705,3.7100000381469727,3.7799999713897705,1675
2023-06-29,3.7799999713897705,3.7799999713897705,3.7799999713897705,3.7200000286102295,3.7200000286102295,298
2023-06-30,3.7699999809265137,3.7699999809265137,3.799999952316284,3.680000066757202,3.7699999809265137,2376
2023-07-03,3.75,3.75,3.799999952316284,3.75,3.7699999809265137,1597
2023-07-04,3.690000057220459,3.690000057220459,3.75,3.630000114440918,3.75,1257
2023-07-05,3.940000057220459,3.940000057220459,3.9700000286102295,3.8399999141693115,3.869999885559082,3448
2023-07-06,3.8299999237060547,3.8299999237060547,3.940000057220459,3.8299999237060547,3.940000057220459,1396
2023-07-07,3.940000057220459,3.940000057220459,3.940000057220459,3.799999952316284,3.8499999046325684,2712
2023-07-10,3.930000066757202,3.930000066757202,3.950000047683716,3.8499999046325684,3.940000057220459,3330
2023-07-11,3.859999895095825,3.859999895095825,3.930000066757202,3.8499999046325684,3.930000066757202,3111
2023-07-12,3.799999952316284,3.799999952316284,3.950000047683716,3.799999952316284,3.859999895095825,1552
2023-07-13,3.940000057220459,3.940000057220459,3.9700000286102295,3.799999952316284,3.9700000286102295,103
2023-07-14,3.8499999046325684,3.8499999046325684,3.9600000381469727,3.8299999237060547,3.9600000381469727,359
2023-07-17,3.8499999046325684,3.8499999046325684,3.9800000190734863,3.8499999046325684,3.8499999046325684,2902
2023-07-18,3.759999990463257,3.759999990463257,3.8499999046325684,3.759999990463257,3.799999952316284,1824
2023-07-19,3.930000066757202,3.930000066757202,3.950000047683716,3.8499999046325684,3.8499999046325684,1656
2023-07-20,3.8499999046325684,3.8499999046325684,4.079999923706055,3.819999933242798,3.930000066757202,18495
2023-07-21,3.890000104904175,3.890000104904175,3.950000047683716,3.7899999618530273,3.950000047683716,4904
2023-07-24,3.940000057220459,3.940000057220459,3.940000057220459,3.890000104904175,3.890000104904175,936
2023-07-25,3.9000000953674316,3.9000000953674316,3.9000000953674316,3.890000104904175,3.890000104904175,485
2023-07-26,3.6700000762939453,3.6700000762939453,3.890000104904175,3.6700000762939453,3.890000104904175,258
2023-07-27,3.890000104904175,3.890000104904175,3.940000057220459,3.7200000286102295,3.8499999046325684,3074
2023-07-28,3.8499999046325684,3.8499999046325684,3.9000000953674316,3.7699999809265137,3.809999942779541,569
2023-07-31,3.809999942779541,3.809999942779541,3.8499999046325684,3.809999942779541,3.8499999046325684,759
2023-08-01,3.809999942779541,3.809999942779541,3.809999942779541,3.759999990463257,3.809999942779541,4072
2023-08-02,3.759999990463257,3.759999990463257,3.8499999046325684,3.740000009536743,3.809999942779541,1544
2023-08-03,3.7799999713897705,3.7799999713897705,3.7799999713897705,3.6500000953674316,3.700000047683716,3396
2023-08-04,3.880000114440918,3.880000114440918,3.880000114440918,3.690000057220459,3.690000057220459,278
2023-08-07,3.880000114440918,3.880000114440918,3.9000000953674316,3.8499999046325684,3.9000000953674316,3994
2023-08-08,3.9000000953674316,3.9000000953674316,3.930000066757202,3.880000114440918,3.890000104904175,4602
2023-08-09,3.809999942779541,3.809999942779541,3.9100000858306885,3.809999942779541,3.9000000953674316,1843
2023-08-10,3.7699999809265137,3.7699999809265137,3.940000057220459,3.75,3.75,5364
2023-08-11,3.869999885559082,3.869999885559082,3.890000104904175,3.5999999046325684,3.799999952316284,3050
2023-08-14,3.7300000190734863,3.7300000190734863,3.869999885559082,3.700000047683716,3.869999885559082,4697
2023-08-15,3.700000047683716,3.700000047683716,3.809999942779541,3.6500000953674316,3.700000047683716,3243
2023-08-16,3.799999952316284,3.799999952316284,3.809999942779541,3.700000047683716,3.700000047683716,709
2023-08-17,3.7899999618530273,3.7899999618530273,3.799999952316284,3.7200000286102295,3.799999952316284,885
2023-08-18,3.75,3.75,3.7899999618530273,3.5199999809265137,3.7899999618530273,3128
2023-08-21,3.799999952316284,3.799999952316284,3.799999952316284,3.5199999809265137,3.5199999809265137,1557
2023-08-22,3.690000057220459,3.690000057220459,3.799999952316284,3.690000057220459,3.799999952316284,619
2023-08-23,3.700000047683716,3.700000047683716,3.740000009536743,3.6700000762939453,3.740000009536743,3746
2023-08-24,3.700000047683716,3.700000047683716,3.819999933242798,3.680000066757202,3.819999933242798,1164
2023-08-25,3.7100000381469727,3.7100000381469727,3.7100000381469727,3.6600000858306885,3.680000066757202,3845
2023-08-28,3.799999952316284,3.799999952316284,3.799999952316284,3.690000057220459,3.7100000381469727,2179
2023-08-29,3.7300000190734863,3.7300000190734863,3.819999933242798,3.690000057220459,3.799999952316284,1381
2023-08-30,3.6600000858306885,3.6600000858306885,3.7300000190734863,3.6600000858306885,3.7300000190734863,868
2023-08-31,3.690000057220459,3.690000057220459,3.7100000381469727,3.619999885559082,3.6600000858306885,11354
2023-09-01,3.7799999713897705,3.7799999713897705,3.859999895095825,3.680000066757202,3.690000057220459,3289
2023-09-04,3.700000047683716,3.700000047683716,3.7899999618530273,3.6600000858306885,3.7899999618530273,4784
2023-09-05,3.619999885559082,3.619999885559082,3.680000066757202,3.609999895095825,3.680000066757202,8043
2023-09-06,3.559999942779541,3.559999942779541,3.5899999141693115,3.5,3.5,6411
2023-09-07,3.5999999046325684,3.5999999046325684,3.690000057220459,3.5199999809265137,3.569999933242798,3898
2023-09-08,3.5399999618530273,3.5399999618530273,3.569999933242798,3.5,3.5,7287
2023-09-11,3.5199999809265137,3.5199999809265137,3.5399999618530273,3.450000047683716,3.5399999618530273,4701
2023-09-12,3.450000047683716,3.450000047683716,3.5299999713897705,3.450000047683716,3.5199999809265137,2992
2023-09-13,3.5899999141693115,3.5899999141693115,3.690000057220459,3.450000047683716,3.450000047683716,5338
2023-09-14,3.509999990463257,3.509999990463257,3.690000057220459,3.509999990463257,3.509999990463257,3874
2023-09-15,3.5199999809265137,3.5199999809265137,3.5799999237060547,3.5199999809265137,3.5199999809265137,766
2023-09-18,3.4600000381469727,3.4600000381469727,3.5899999141693115,3.4600000381469727,3.5199999809265137,1694
2023-09-19,3.4600000381469727,3.4600000381469727,3.509999990463257,3.4600000381469727,3.509999990463257,620
2023-09-20,3.5999999046325684,3.5999999046325684,3.5999999046325684,3.5,3.509999990463257,3634
2023-09-21,3.509999990463257,3.509999990463257,3.5999999046325684,3.509999990463257,3.5999999046325684,2642
2023-09-22,3.509999990463257,3.509999990463257,3.549999952316284,3.4700000286102295,3.549999952316284,878
2023-09-25,3.5,3.5,3.509999990463257,3.5,3.509999990463257,2591
2023-09-26,3.4600000381469727,3.4600000381469727,3.5,3.4600000381469727,3.5,842
2023-09-27,3.4200000762939453,3.4200000762939453,3.4800000190734863,3.4100000858306885,3.4800000190734863,3223
2023-09-28,3.4700000286102295,3.4700000286102295,3.490000009536743,3.4100000858306885,3.490000009536743,1689
2023-09-29,3.559999942779541,3.559999942779541,3.559999942779541,3.4700000286102295,3.4800000190734863,725
2023-10-02,3.5,3.5,3.5899999141693115,3.5,3.559999942779541,332
2023-10-03,3.4000000953674316,3.4000000953674316,3.549999952316284,3.380000114440918,3.380000114440918,654
2023-10-04,3.4000000953674316,3.4000000953674316,3.4200000762939453,3.380000114440918,3.4000000953674316,1483
2023-10-05,3.390000104904175,3.390000104904175,3.4100000858306885,3.369999885559082,3.380000114440918,3757
2023-10-06,3.440000057220459,3.440000057220459,3.490000009536743,3.380000114440918,3.380000114440918,3244
2023-10-09,3.3499999046325684,3.3499999046325684,3.5,3.3499999046325684,3.450000047683716,844
2023-10-10,3.5799999237060547,3.5799999237060547,3.5799999237060547,3.309999942779541,3.3499999046325684,10865
2023-10-11,3.4600000381469727,3.4600000381469727,3.569999933242798,3.3299999237060547,3.3299999237060547,2085
2023-10-12,3.5,3.5,3.549999952316284,3.4700000286102295,3.4700000286102295,4380
2023-10-13,3.490000009536743,3.490000009536743,3.5,3.299999952316284,3.5,4861
2023-10-16,3.380000114440918,3.380000114440918,3.4800000190734863,3.309999942779541,3.430000066757202,525
2023-10-17,3.4200000762939453,3.4200000762939453,3.490000009536743,3.3299999237060547,3.4800000190734863,2595
2023-10-18,3.2899999618530273,3.2899999618530273,3.4200000762939453,3.2799999713897705,3.299999952316284,1988
2023-10-19,3.299999952316284,3.299999952316284,3.4200000762939453,3.1500000953674316,3.2899999618530273,9528
2023-10-20,3.4000000953674316,3.4000000953674316,3.5,3.240000009536743,3.319999933242798,21102
2023-10-23,3.490000009536743,3.490000009536743,3.490000009536743,3.25,3.25,2987
2023-10-24,3.4800000190734863,3.4800000190734863,3.4800000190734863,3.299999952316284,3.299999952316284,679
2023-10-25,3.200000047683716,3.200000047683716,3.4800000190734863,3.1700000762939453,3.4800000190734863,8559
2023-10-26,3.3299999237060547,3.3299999237060547,3.4100000858306885,3.259999990463257,3.299999952316284,1887
2023-10-27,3.4000000953674316,3.4000000953674316,3.4600000381469727,3.3499999046325684,3.3499999046325684,7256
2023-10-30,3.490000009536743,3.490000009536743,3.5999999046325684,3.4200000762939453,3.5299999713897705,5314
2023-10-31,3.440000057220459,3.440000057220459,3.5,3.4200000762939453,3.5,2425
2023-11-01,3.430000066757202,3.430000066757202,3.450000047683716,3.299999952316284,3.450000047683716,7163
2023-11-02,3.450000047683716,3.450000047683716,3.450000047683716,3.3299999237060547,3.4200000762939453,25847
2023-11-03,3.430000066757202,3.430000066757202,3.490000009536743,3.390000104904175,3.4600000381469727,4774
2023-11-06,3.4200000762939453,3.4200000762939453,3.619999885559082,3.4200000762939453,3.4200000762939453,18054
2023-11-07,3.549999952316284,3.549999952316284,3.549999952316284,3.450000047683716,3.450000047683716,2590
2023-11-08,3.450000047683716,3.450000047683716,3.5,3.4000000953674316,3.5,34693
2023-11-09,3.4000000953674316,3.4000000953674316,3.440000057220459,3.380000114440918,3.440000057220459,3619
2023-11-10,3.380000114440918,3.380000114440918,3.440000057220459,3.380000114440918,3.4200000762939453,7590
2023-11-13,3.369999885559082,3.369999885559082,3.4000000953674316,3.359999895095825,3.4000000953674316,3996
2023-11-14,3.450000047683716,3.450000047683716,3.4800000190734863,3.3299999237060547,3.450000047683716,14533
2023-11-15,3.4800000190734863,3.4800000190734863,3.619999885559082,3.450000047683716,3.450000047683716,8902
2023-11-16,3.5,3.5,3.549999952316284,3.4200000762939453,3.549999952316284,3848
2023-11-17,3.490000009536743,3.490000009536743,3.549999952316284,3.450000047683716,3.549999952316284,897
2023-11-20,3.509999990463257,3.509999990463257,3.5999999046325684,3.390000104904175,3.440000057220459,6860
2023-11-21,3.700000047683716,3.700000047683716,3.700000047683716,3.5999999046325684,3.5999999046325684,4954
2023-11-22,3.880000114440918,3.880000114440918,3.880000114440918,3.700000047683716,3.700000047683716,8595
2023-11-23,4.039999961853027,4.039999961853027,4.050000190734863,3.9000000953674316,3.9000000953674316,31230
2023-11-24,4.159999847412109,4.159999847412109,4.400000095367432,4.039999961853027,4.039999961853027,30549
2023-11-27,4.449999809265137,4.449999809265137,4.460000038146973,4.210000038146973,4.210000038146973,23783
2023-11-28,4.21999979019165,4.21999979019165,4.449999809265137,4.179999828338623,4.449999809265137,12444
2023-11-29,4.199999809265137,4.199999809265137,4.21999979019165,4.099999904632568,4.21999979019165,2469
2023-11-30,4.389999866485596,4.389999866485596,4.389999866485596,4.230000019073486,4.230000019073486,40743
2023-12-01,4.5,4.5,4.5,4.449999809265137,4.480000019073486,10093
2023-12-04,4.46999979019165,4.46999979019165,4.579999923706055,4.449999809265137,4.510000228881836,25980
2023-12-05,4.440000057220459,4.440000057220459,4.46999979019165,4.369999885559082,4.46999979019165,3488
2023-12-07,4.409999847412109,4.409999847412109,4.429999828338623,4.21999979019165,4.409999847412109,9513
2023-12-08,4.28000020980835,4.28000020980835,4.409999847412109,4.21999979019165,4.21999979019165,4124
2023-12-11,4.210000038146973,4.210000038146973,4.25,4.170000076293945,4.239999771118164,6206
2023-12-12,4.239999771118164,4.239999771118164,4.289999961853027,4.150000095367432,4.190000057220459,6249
2023-12-13,4.150000095367432,4.150000095367432,4.239999771118164,4.150000095367432,4.239999771118164,3081
2023-12-14,4.159999847412109,4.159999847412109,4.289999961853027,4.150000095367432,4.150000095367432,6083
2023-12-15,4.150000095367432,4.150000095367432,4.199999809265137,4.150000095367432,4.170000076293945,4129
2023-12-18,4.119999885559082,4.119999885559082,4.150000095367432,4.059999942779541,4.139999866485596,10471
2023-12-19,4.0,4.0,4.099999904632568,3.9700000286102295,4.099999904632568,15488
2023-12-20,3.9800000190734863,3.9800000190734863,4.0,3.940000057220459,4.0,11214
2023-12-21,4.0,4.0,4.059999942779541,3.950000047683716,4.0,18361
2023-12-22,4.139999866485596,4.139999866485596,4.139999866485596,3.9600000381469727,4.0,20186
2023-12-27,4.139999866485596,4.139999866485596,4.190000057220459,4.110000133514404,4.139999866485596,10144
2023-12-28,4.119999885559082,4.119999885559082,4.25,4.099999904632568,4.099999904632568,14719
2023-12-29,4.079999923706055,4.079999923706055,4.190000057220459,4.050000190734863,4.099999904632568,8478
2024-01-02,4.199999809265137,4.199999809265137,4.239999771118164,4.090000152587891,4.090000152587891,5813
2024-01-03,4.150000095367432,4.150000095367432,4.199999809265137,4.110000133514404,4.199999809265137,2151
2024-01-04,4.25,4.25,4.25,4.139999866485596,4.139999866485596,15300
2024-01-05,4.150000095367432,4.150000095367432,4.199999809265137,4.110000133514404,4.199999809265137,4137
2024-01-08,4.079999923706055,4.079999923706055,4.130000114440918,4.059999942779541,4.130000114440918,3359
2024-01-09,4.050000190734863,4.050000190734863,4.099999904632568,4.050000190734863,4.099999904632568,653
2024-01-10,4.150000095367432,4.150000095367432,4.150000095367432,4.099999904632568,4.110000133514404,1625
2024-01-11,4.119999885559082,4.119999885559082,4.150000095367432,4.099999904632568,4.150000095367432,1556
2024-01-12,4.050000190734863,4.050000190734863,4.139999866485596,4.039999961853027,4.099999904632568,7386
2024-01-15,4.039999961853027,4.039999961853027,4.050000190734863,4.039999961853027,4.050000190734863,264
2024-01-16,3.9600000381469727,3.9600000381469727,4.039999961853027,3.940000057220459,4.019999980926514,2701
2024-01-17,4.019999980926514,4.019999980926514,4.050000190734863,3.940000057220459,4.050000190734863,682
2024-01-18,3.9600000381469727,3.9600000381469727,4.019999980926514,3.9600000381469727,4.019999980926514,1233
2024-01-19,3.990000009536743,3.990000009536743,3.990000009536743,3.940000057220459,3.940000057220459,502
2024-01-22,3.9100000858306885,3.9100000858306885,3.990000009536743,3.9100000858306885,3.990000009536743,2056
2024-01-23,3.990000009536743,3.990000009536743,3.990000009536743,3.9100000858306885,3.990000009536743,1162
2024-01-24,3.950000047683716,3.950000047683716,3.990000009536743,3.9100000858306885,3.9100000858306885,1698
2024-01-25,4.0,4.0,4.010000228881836,3.950000047683716,3.950000047683716,6615
2024-01-26,4.0,4.0,4.0,3.950000047683716,3.9800000190734863,1612
2024-01-29,3.950000047683716,3.950000047683716,3.9600000381469727,3.9000000953674316,3.9600000381469727,3500
2024-01-30,4.0,4.0,4.0,3.9600000381469727,3.9600000381469727,1324
2024-01-31,4.0,4.0,4.0,3.9800000190734863,4.0,6412
2024-02-01,3.990000009536743,3.990000009536743,4.099999904632568,3.930000066757202,4.059999942779541,18557
2024-02-02,4.039999961853027,4.039999961853027,4.050000190734863,3.990000009536743,3.990000009536743,9029
2024-02-05,4.079999923706055,4.079999923706055,4.090000152587891,4.019999980926514,4.019999980926514,2837
2024-02-06,3.9700000286102295,3.9700000286102295,4.070000171661377,3.9600000381469727,4.059999942779541,5798
2024-02-07,3.9000000953674316,3.9000000953674316,3.9700000286102295,3.9000000953674316,3.9700000286102295,4844
2024-02-08,3.9000000953674316,3.9000000953674316,3.9000000953674316,3.799999952316284,3.9000000953674316,5600
2024-02-09,3.9000000953674316,3.9000000953674316,3.9000000953674316,3.799999952316284,3.799999952316284,1617
2024-02-12,3.8399999141693115,3.8399999141693115,3.9000000953674316,3.8399999141693115,3.9000000953674316,3450
2024-02-13,3.8499999046325684,3.8499999046325684,3.890000104904175,3.799999952316284,3.859999895095825,6486
2024-02-14,3.75,3.75,3.8399999141693115,3.7100000381469727,3.8399999141693115,2323
2024-02-15,3.9700000286102295,3.9700000286102295,3.9700000286102295,3.75,3.75,4921
2024-02-16,3.799999952316284,3.799999952316284,3.9700000286102295,3.799999952316284,3.9700000286102295,3347
2024-02-19,3.7899999618530273,3.7899999618530273,3.9100000858306885,3.5899999141693115,3.799999952316284,2016
2024-02-20,3.7799999713897705,3.7799999713897705,3.9200000762939453,3.609999895095825,3.700000047683716,5656
2024-02-21,3.7100000381469727,3.7100000381469727,3.890000104904175,3.619999885559082,3.619999885559082,2101
2024-02-22,3.6700000762939453,3.6700000762939453,3.75,3.619999885559082,3.7200000286102295,2920
2024-02-23,3.619999885559082,3.619999885559082,3.700000047683716,3.5899999141693115,3.700000047683716,4321
2024-02-26,3.6600000858306885,3.6600000858306885,3.740000009536743,3.6500000953674316,3.6500000953674316,12255
2024-02-27,3.630000114440918,3.630000114440918,3.680000066757202,3.609999895095825,3.6500000953674316,3401
2024-02-28,3.7300000190734863,3.7300000190734863,3.7300000190734863,3.619999885559082,3.7300000190734863,1675
2024-02-29,3.7200000286102295,3.7200000286102295,3.7300000190734863,3.609999895095825,3.7300000190734863,886
2024-03-01,3.7200000286102295,3.7200000286102295,3.75,3.6500000953674316,3.75,2864
2024-03-04,3.7200000286102295,3.7200000286102295,3.7200000286102295,3.6600000858306885,3.7200000286102295,3343
2024-03-05,3.680000066757202,3.680000066757202,3.700000047683716,3.6500000953674316,3.6600000858306885,2534
2024-03-06,3.6500000953674316,3.6500000953674316,3.680000066757202,3.6500000953674316,3.6500000953674316,3482
2024-03-07,3.75,3.75,3.75,3.6700000762939453,3.6700000762939453,563
2024-03-08,3.75,3.75,3.75,3.75,3.75,2358
2024-03-11,3.7799999713897705,3.7799999713897705,3.799999952316284,3.6600000858306885,3.75,757
2024-03-12,3.859999895095825,3.859999895095825,3.859999895095825,3.75,3.7799999713897705,2133
2024-03-13,3.7899999618530273,3.7899999618530273,3.799999952316284,3.7699999809265137,3.799999952316284,880
2024-03-14,3.7200000286102295,3.7200000286102295,3.799999952316284,3.7200000286102295,3.799999952316284,5792
2024-03-15,3.75,3.75,3.7799999713897705,3.7100000381469727,3.7799999713897705,704
2024-03-18,3.7100000381469727,3.7100000381469727,3.75,3.700000047683716,3.75,1516
2024-03-19,3.9000000953674316,3.9000000953674316,3.9000000953674316,3.759999990463257,3.759999990463257,13510
2024-03-20,3.930000066757202,3.930000066757202,3.950000047683716,3.859999895095825,3.9000000953674316,12930
2024-03-21,4.03000020980835,4.03000020980835,4.099999904632568,3.950000047683716,3.950000047683716,10668
2024-03-22,4.28000020980835,4.28000020980835,4.300000190734863,4.099999904632568,4.099999904632568,23356
2024-03-25,4.889999866485596,4.889999866485596,4.949999809265137,4.269999980926514,4.269999980926514,43863
2024-03-26,4.619999885559082,4.619999885559082,4.869999885559082,4.25,4.849999904632568,49910
2024-03-27,4.809999942779541,4.809999942779541,4.889999866485596,4.599999904632568,4.599999904632568,10578
2024-03-28,4.789999961853027,4.789999961853027,4.880000114440918,4.739999771118164,4.880000114440918,14959
2024-04-02,4.800000190734863,4.800000190734863,4.849999904632568,4.670000076293945,4.789999961853027,4228
2024-04-03,4.690000057220459,4.690000057220459,4.789999961853027,4.619999885559082,4.739999771118164,7646
2024-04-04,4.659999847412109,4.659999847412109,4.789999961853027,4.630000114440918,4.78000020980835,3590
2024-04-05,4.599999904632568,4.599999904632568,4.75,4.599999904632568,4.75,5751
2024-04-08,4.599999904632568,4.599999904632568,4.78000020980835,4.599999904632568,4.610000133514404,2950
2024-04-09,4.789999961853027,4.789999961853027,4.789999961853027,4.630000114440918,4.78000020980835,3555
2024-04-10,4.800000190734863,4.800000190734863,4.800000190734863,4.710000038146973,4.800000190734863,7416
2024-04-11,4.610000133514404,4.610000133514404,4.800000190734863,4.610000133514404,4.800000190734863,3075
2024-04-12,4.610000133514404,4.610000133514404,4.880000114440918,4.610000133514404,4.610000133514404,10788
2024-04-15,4.699999809265137,4.699999809265137,4.829999923706055,4.639999866485596,4.639999866485596,1563
2024-04-16,4.510000228881836,4.510000228881836,4.739999771118164,4.5,4.690000057220459,7107
2024-04-17,4.510000228881836,4.510000228881836,4.639999866485596,4.510000228881836,4.510000228881836,1198
2024-04-18,4.619999885559082,4.619999885559082,4.639999866485596,4.380000114440918,4.429999828338623,5917
2024-04-19,4.340000152587891,4.340000152587891,4.639999866485596,4.300000190734863,4.639999866485596,392
2024-04-22,4.480000019073486,4.480000019073486,4.639999866485596,4.340000152587891,4.340000152587891,4815
2024-04-23,4.599999904632568,4.599999904632568,4.639999866485596,4.369999885559082,4.480000019073486,4972
2024-04-24,4.639999866485596,4.639999866485596,4.639999866485596,4.420000076293945,4.630000114440918,1931
2024-04-25,4.699999809265137,4.699999809265137,4.900000095367432,4.699999809265137,4.78000020980835,19168
2024-04-26,4.75,4.75,4.880000114440918,4.710000038146973,4.880000114440918,7690
2024-04-29,4.860000133514404,4.860000133514404,4.869999885559082,4.75,4.800000190734863,6383
2024-04-30,4.840000152587891,4.840000152587891,4.900000095367432,4.730000019073486,4.900000095367432,12494
2024-05-02,4.849999904632568,4.849999904632568,4.869999885559082,4.800000190734863,4.840000152587891,3608
2024-05-03,4.949999809265137,4.949999809265137,4.949999809265137,4.800000190734863,4.849999904632568,4285
2024-05-06,4.989999771118164,4.989999771118164,5.059999942779541,4.909999847412109,4.949999809265137,12787
2024-05-07,4.989999771118164,4.989999771118164,5.059999942779541,4.909999847412109,4.940000057220459,7541
2024-05-08,4.989999771118164,4.989999771118164,5.079999923706055,4.949999809265137,4.989999771118164,6692
2024-05-10,5.400000095367432,5.400000095367432,5.400000095367432,5.019999980926514,5.019999980926514,23522
2024-05-13,5.480000019073486,5.480000019073486,5.480000019073486,5.360000133514404,5.400000095367432,9316
2024-05-14,6.039999961853027,6.039999961853027,6.21999979019165,5.519999980926514,5.519999980926514,43074
2024-05-15,5.980000019073486,5.980000019073486,6.179999828338623,5.960000038146973,6.059999942779541,16835
2024-05-16,6.179999828338623,6.179999828338623,6.179999828338623,5.980000019073486,6.019999980926514,11361
2024-05-17,6.539999961853027,6.539999961853027,6.699999809265137,6.21999979019165,6.21999979019165,45167
2024-05-20,6.599999904632568,6.599999904632568,6.800000190734863,6.579999923706055,6.579999923706055,22227
2024-05-21,6.539999961853027,6.539999961853027,6.800000190734863,6.539999961853027,6.699999809265137,12786
2024-05-22,6.460000038146973,6.460000038146973,6.699999809265137,6.400000095367432,6.619999885559082,15024
2024-05-23,5.940000057220459,5.940000057220459,6.460000038146973,5.820000171661377,6.460000038146973,18988
2024-05-24,5.920000076293945,5.920000076293945,6.079999923706055,5.880000114440918,6.0,5799
2024-05-27,6.320000171661377,6.320000171661377,6.440000057220459,5.960000038146973,5.960000038146973,16426
2024-05-28,6.460000038146973,6.460000038146973,6.579999923706055,6.28000020980835,6.320000171661377,20729
2024-05-29,6.340000152587891,6.340000152587891,6.5,6.340000152587891,6.5,7783
2024-05-30,6.460000038146973,6.460000038146973,6.460000038146973,6.300000190734863,6.400000095367432,4327
2024-05-31,6.300000190734863,6.300000190734863,6.639999866485596,6.260000228881836,6.460000038146973,18582
2024-06-03,6.300000190734863,6.300000190734863,6.639999866485596,6.300000190734863,6.400000095367432,6543
2024-06-04,6.260000228881836,6.260000228881836,6.400000095367432,6.139999866485596,6.400000095367432,3708
2024-06-05,6.28000020980835,6.28000020980835,6.460000038146973,6.28000020980835,6.300000190734863,5846
2024-06-06,6.239999771118164,6.239999771118164,6.380000114440918,6.119999885559082,6.119999885559082,5147
2024-06-07,6.199999809265137,6.199999809265137,6.380000114440918,6.199999809265137,6.380000114440918,2370
2024-06-10,6.21999979019165,6.21999979019165,6.380000114440918,6.199999809265137,6.239999771118164,5009
2024-06-11,6.019999980926514,6.019999980926514,6.400000095367432,6.019999980926514,6.239999771118164,12591
2024-06-12,6.199999809265137,6.199999809265137,6.380000114440918,6.059999942779541,6.059999942779541,8009
2024-06-13,6.019999980926514,6.019999980926514,6.340000152587891,6.019999980926514,6.340000152587891,5952
2024-06-14,5.78000020980835,5.78000020980835,6.340000152587891,5.599999904632568,6.099999904632568,20561
2024-06-17,5.539999961853027,5.539999961853027,5.78000020980835,5.420000076293945,5.78000020980835,16730
2024-06-18,5.260000228881836,5.260000228881836,5.539999961853027,4.929999828338623,5.539999961853027,31112
2024-06-19,5.400000095367432,5.400000095367432,5.519999980926514,5.28000020980835,5.28000020980835,7576
2024-06-20,5.099999904632568,5.099999904632568,5.599999904632568,5.099999904632568,5.519999980926514,12456
2024-06-24,5.059999942779541,5.059999942779541,5.099999904632568,4.909999847412109,5.099999904632568,17087
2024-06-25,5.139999866485596,5.139999866485596,5.139999866485596,5.0,5.099999904632568,3659
2024-06-26,5.059999942779541,5.059999942779541,5.099999904632568,4.900000095367432,5.099999904632568,12837
2024-06-27,5.159999847412109,5.159999847412109,5.159999847412109,5.019999980926514,5.079999923706055,5967
2024-06-28,5.099999904632568,5.099999904632568,5.179999828338623,5.099999904632568,5.099999904632568,5049
2024-07-01,5.119999885559082,5.119999885559082,5.199999809265137,5.019999980926514,5.099999904632568,7706
2024-07-02,5.119999885559082,5.119999885559082,5.119999885559082,5.079999923706055,5.099999904632568,5437
2024-07-03,5.099999904632568,5.099999904632568,5.159999847412109,5.079999923706055,5.099999904632568,3883
2024-07-04,5.019999980926514,5.019999980926514,5.079999923706055,5.0,5.079999923706055,9427
2024-07-05,5.079999923706055,5.079999923706055,5.099999904632568,5.0,5.019999980926514,8512
2024-07-08,4.949999809265137,4.949999809265137,5.0,4.940000057220459,5.0,5763
2024-07-09,4.989999771118164,4.989999771118164,5.0,4.900000095367432,4.940000057220459,9653
2024-07-10,4.989999771118164,4.989999771118164,5.0,4.909999847412109,4.980000019073486,586
2024-07-11,5.0,5.0,5.019999980926514,4.940000057220459,4.949999809265137,7471
2024-07-12,5.079999923706055,5.079999923706055,5.099999904632568,4.960000038146973,5.0,1823
2024-07-15,5.0,5.0,5.059999942779541,4.949999809265137,4.989999771118164,3969
2024-07-16,5.079999923706055,5.079999923706055,5.079999923706055,4.940000057220459,4.989999771118164,5361
2024-07-17,4.929999828338623,4.929999828338623,5.119999885559082,4.929999828338623,5.0,8741
2024-07-18,5.199999809265137,5.199999809265137,5.320000171661377,5.039999961853027,5.039999961853027,27850
2024-07-19,5.099999904632568,5.099999904632568,5.199999809265137,4.989999771118164,5.199999809265137,4898
2024-07-22,5.139999866485596,5.139999866485596,5.199999809265137,4.920000076293945,5.179999828338623,7896
2024-07-23,5.099999904632568,5.099999904632568,5.139999866485596,5.059999942779541,5.079999923706055,2553
2024-07-24,5.059999942779541,5.059999942779541,5.159999847412109,5.059999942779541,5.059999942779541,722
2024-07-25,5.059999942779541,5.059999942779541,5.099999904632568,5.019999980926514,5.099999904632568,2013
2024-07-26,5.119999885559082,5.119999885559082,5.199999809265137,5.059999942779541,5.139999866485596,4525
2024-07-29,5.159999847412109,5.159999847412109,5.199999809265137,5.019999980926514,5.199999809265137,7815
2024-07-30,5.179999828338623,5.179999828338623,5.239999771118164,5.179999828338623,5.199999809265137,3840
2024-07-31,5.28000020980835,5.28000020980835,5.360000133514404,5.079999923706055,5.099999904632568,13387
2024-08-01,5.460000038146973,5.460000038146973,5.480000019073486,5.119999885559082,5.28000020980835,6673
2024-08-02,5.260000228881836,5.260000228881836,5.519999980926514,5.199999809265137,5.360000133514404,13845
2024-08-05,5.019999980926514,5.019999980926514,5.159999847412109,4.949999809265137,5.019999980926514,19966
2024-08-06,5.039999961853027,5.039999961853027,5.199999809265137,5.0,5.0,3505
2024-08-07,5.360000133514404,5.360000133514404,5.380000114440918,5.199999809265137,5.239999771118164,2062
2024-08-08,5.340000152587891,5.340000152587891,5.360000133514404,5.21999979019165,5.360000133514404,1951
2024-08-09,4.849999904632568,4.849999904632568,5.340000152587891,4.71999979019165,5.340000152587891,24417
2024-08-12,4.980000019073486,4.980000019073486,5.099999904632568,4.929999828338623,4.929999828338623,4255
2024-08-13,5.059999942779541,5.059999942779541,5.079999923706055,4.960000038146973,4.980000019073486,5556
2024-08-14,5.039999961853027,5.039999961853027,5.039999961853027,4.960000038146973,4.960000038146973,642
2024-08-15,5.159999847412109,5.159999847412109,5.179999828338623,4.96999979019165,5.039999961853027,3486
2024-08-16,5.159999847412109,5.159999847412109,5.199999809265137,5.159999847412109,5.179999828338623,2714
2024-08-19,5.099999904632568,5.099999904632568,5.199999809265137,5.079999923706055,5.199999809265137,13456
2024-08-20,5.199999809265137,5.199999809265137,5.199999809265137,5.099999904632568,5.139999866485596,3243
2024-08-21,4.989999771118164,4.989999771118164,5.199999809265137,4.989999771118164,5.179999828338623,15176
2024-08-22,5.099999904632568,5.099999904632568,5.099999904632568,4.949999809265137,5.099999904632568,11378
2024-08-23,5.139999866485596,5.139999866485596,5.179999828338623,5.039999961853027,5.099999904632568,1176
2024-08-26,5.139999866485596,5.139999866485596,5.21999979019165,5.099999904632568,5.159999847412109,6287
2024-08-27,5.260000228881836,5.260000228881836,5.320000171661377,5.159999847412109,5.159999847412109,5511
2024-08-28,5.28000020980835,5.28000020980835,5.340000152587891,5.260000228881836,5.260000228881836,2631
2024-08-29,5.159999847412109,5.159999847412109,5.320000171661377,5.119999885559082,5.320000171661377,4723
2024-08-30,5.199999809265137,5.199999809265137,5.28000020980835,5.119999885559082,5.179999828338623,4465
2024-09-02,5.179999828338623,5.179999828338623,5.28000020980835,5.179999828338623,5.199999809265137,697
2024-09-03,5.179999828338623,5.179999828338623,5.239999771118164,5.119999885559082,5.239999771118164,5917
2024-09-04,5.139999866485596,5.139999866485596,5.239999771118164,5.139999866485596,5.179999828338623,3003
2024-09-05,5.179999828338623,5.179999828338623,5.21999979019165,5.139999866485596,5.139999866485596,1402
2024-09-06,5.239999771118164,5.239999771118164,5.260000228881836,5.179999828338623,5.179999828338623,11687
2024-09-09,5.239999771118164,5.239999771118164,5.260000228881836,5.21999979019165,5.239999771118164,8198
2024-09-10,5.360000133514404,5.360000133514404,5.420000076293945,5.199999809265137,5.21999979019165,14286
2024-09-11,5.579999923706055,5.579999923706055,5.659999847412109,5.400000095367432,5.400000095367432,12736
2024-09-12,5.480000019073486,5.480000019073486,5.760000228881836,5.460000038146973,5.599999904632568,14729
2024-09-13,5.5,5.5,5.579999923706055,5.460000038146973,5.480000019073486,2374
2024-09-16,5.639999866485596,5.639999866485596,5.639999866485596,5.5,5.5,4248
2024-09-17,5.860000133514404,5.860000133514404,5.860000133514404,5.699999809265137,5.78000020980835,6954
2024-09-18,5.78000020980835,5.78000020980835,5.880000114440918,5.699999809265137,5.880000114440918,6242
2024-09-19,5.880000114440918,5.880000114440918,5.880000114440918,5.599999904632568,5.679999828338623,2056
2024-09-20,5.880000114440918,5.880000114440918,5.880000114440918,5.699999809265137,5.880000114440918,617
2024-09-23,5.659999847412109,5.659999847412109,5.880000114440918,5.659999847412109,5.880000114440918,3330
2024-09-24,5.619999885559082,5.619999885559082,5.760000228881836,5.599999904632568,5.599999904632568,2096
2024-09-25,5.639999866485596,5.639999866485596,5.639999866485596,5.559999942779541,5.619999885559082,1024
2024-09-26,5.659999847412109,5.659999847412109,5.699999809265137,5.559999942779541,5.699999809265137,4058
2024-09-27,5.440000057220459,5.440000057220459,5.679999828338623,5.440000057220459,5.599999904632568,4734
2024-09-30,5.440000057220459,5.440000057220459,5.559999942779541,5.400000095367432,5.460000038146973,3675
2024-10-01,5.480000019073486,5.480000019073486,5.559999942779541,5.400000095367432,5.440000057220459,5639
2024-10-02,5.480000019073486,5.480000019073486,5.5,5.420000076293945,5.480000019073486,2209
2024-10-03,5.360000133514404,5.360000133514404,5.480000019073486,5.340000152587891,5.480000019073486,3682
2024-10-04,5.480000019073486,5.480000019073486,5.480000019073486,5.300000190734863,5.360000133514404,4482
2024-10-07,5.380000114440918,5.380000114440918,5.5,5.340000152587891,5.5,6169
2024-10-08,5.340000152587891,5.340000152587891,5.480000019073486,5.340000152587891,5.380000114440918,1834
2024-10-09,5.400000095367432,5.400000095367432,5.5,5.340000152587891,5.480000019073486,2859
2024-10-10,5.400000095367432,5.400000095367432,5.480000019073486,5.400000095367432,5.400000095367432,4124
2024-10-11,5.460000038146973,5.460000038146973,5.480000019073486,5.360000133514404,5.400000095367432,1436
2024-10-14,5.380000114440918,5.380000114440918,5.420000076293945,5.380000114440918,5.420000076293945,934
2024-10-15,5.28000020980835,5.28000020980835,5.420000076293945,5.28000020980835,5.400000095367432,3778
2024-10-16,5.159999847412109,5.159999847412109,5.28000020980835,5.139999866485596,5.28000020980835,5917
2024-10-17,5.199999809265137,5.199999809265137,5.28000020980835,5.139999866485596,5.199999809265137,1507
2024-10-18,5.340000152587891,5.340000152587891,5.360000133514404,5.139999866485596,5.199999809265137,1911
2024-10-21,5.320000171661377,5.320000171661377,5.360000133514404,5.199999809265137,5.340000152587891,4572
2024-10-22,5.21999979019165,5.21999979019165,5.300000190734863,5.139999866485596,5.239999771118164,4230
2024-10-23,5.320000171661377,5.320000171661377,5.320000171661377,5.179999828338623,5.21999979019165,2581
2024-10-24,5.300000190734863,5.300000190734863,5.440000057220459,5.139999866485596,5.380000114440918,24965
2024-10-25,5.139999866485596,5.139999866485596,5.300000190734863,5.139999866485596,5.300000190734863,8009
2024-10-28,5.0,5.0,5.199999809265137,4.920000076293945,5.199999809265137,3761
2024-10-29,4.949999809265137,4.949999809265137,5.119999885559082,4.949999809265137,5.059999942779541,5496
2024-10-30,4.860000133514404,4.860000133514404,5.0,4.860000133514404,5.0,3096
2024-10-31,4.920000076293945,4.920000076293945,5.300000190734863,4.820000171661377,5.0,7063
2024-11-01,5.0,5.0,5.099999904632568,4.929999828338623,5.079999923706055,1378
2024-11-04,5.039999961853027,5.039999961853027,5.300000190734863,4.989999771118164,4.989999771118164,1177
2024-11-05,5.179999828338623,5.179999828338623,5.179999828338623,5.019999980926514,5.019999980926514,860
2024-11-06,5.119999885559082,5.119999885559082,5.28000020980835,5.119999885559082,5.28000020980835,796
2024-11-07,5.199999809265137,5.199999809265137,5.199999809265137,5.019999980926514,5.119999885559082,3216
2024-11-08,5.059999942779541,5.059999942779541,5.199999809265137,5.059999942779541,5.199999809265137,3757
2024-11-11,5.099999904632568,5.099999904632568,5.159999847412109,5.079999923706055,5.079999923706055,6418
2024-11-12,5.0,5.0,5.139999866485596,5.0,5.139999866485596,10957
2024-11-13,4.869999885559082,4.869999885559082,5.079999923706055,4.840000152587891,5.079999923706055,6952
2024-11-14,4.940000057220459,4.940000057220459,5.139999866485596,4.869999885559082,4.869999885559082,7814
2024-11-15,4.96999979019165,4.96999979019165,5.099999904632568,4.940000057220459,5.059999942779541,4557
2024-11-18,4.96999979019165,4.96999979019165,5.059999942779541,4.96999979019165,4.980000019073486,4398
2024-11-19,5.119999885559082,5.119999885559082,5.119999885559082,4.96999979019165,4.96999979019165,11081
2024-11-20,5.0,5.0,5.179999828338623,4.96999979019165,5.179999828338623,4516
2024-11-21,4.96999979019165,4.96999979019165,4.96999979019165,4.900000095367432,4.96999979019165,4092
2024-11-22,4.949999809265137,4.949999809265137,5.099999904632568,4.909999847412109,4.920000076293945,2636
2024-11-25,5.159999847412109,5.159999847412109,5.420000076293945,4.949999809265137,4.949999809265137,16370
2024-11-26,5.239999771118164,5.239999771118164,5.400000095367432,5.199999809265137,5.260000228881836,2433
2024-11-27,5.159999847412109,5.159999847412109,5.239999771118164,5.119999885559082,5.239999771118164,1713
2024-11-28,5.119999885559082,5.119999885559082,5.159999847412109,5.099999904632568,5.159999847412109,1113
2024-11-29,5.059999942779541,5.059999942779541,5.260000228881836,5.059999942779541,5.099999904632568,20993
2024-12-02,5.179999828338623,5.179999828338623,5.21999979019165,5.059999942779541,5.059999942779541,12628
2024-12-03,5.199999809265137,5.199999809265137,5.239999771118164,5.079999923706055,5.179999828338623,4754
2024-12-04,5.139999866485596,5.139999866485596,5.199999809265137,5.099999904632568,5.199999809265137,6507
2024-12-05,5.179999828338623,5.179999828338623,5.21999979019165,5.119999885559082,5.119999885559082,4534
2024-12-09,5.079999923706055,5.079999923706055,5.179999828338623,4.96999979019165,5.179999828338623,7070
2024-12-10,4.920000076293945,4.920000076293945,4.989999771118164,4.849999904632568,4.96999979019165,7267
2024-12-11,4.989999771118164,4.989999771118164,5.0,4.880000114440918,4.880000114440918,6018
2024-12-12,4.920000076293945,4.920000076293945,4.980000019073486,4.909999847412109,4.949999809265137,4553
2024-12-13,4.860000133514404,4.860000133514404,4.980000019073486,4.800000190734863,4.920000076293945,13185
2024-12-16,4.829999923706055,4.829999923706055,4.829999923706055,4.710000038146973,4.800000190734863,11075
2024-12-17,4.739999771118164,4.739999771118164,4.809999942779541,4.639999866485596,4.75,10008
2024-12-18,4.840000152587891,4.840000152587891,4.989999771118164,4.769999980926514,4.829999923706055,6331
2024-12-19,4.75,4.75,4.820000171661377,4.650000095367432,4.800000190734863,4665
2024-12-20,4.889999866485596,4.889999866485596,5.199999809265137,4.53000020980835,4.75,13827
2024-12-23,4.78000020980835,4.78000020980835,4.889999866485596,4.71999979019165,4.800000190734863,4961
2024-12-27,4.760000228881836,4.760000228881836,4.889999866485596,4.730000019073486,4.78000020980835,8128
2024-12-30,4.659999847412109,4.659999847412109,4.690000057220459,4.570000171661377,4.570000171661377,36826
2025-01-02,4.880000114440918,4.880000114440918,5.099999904632568,4.800000190734863,4.800000190734863,12917
2025-01-03,5.079999923706055,5.079999923706055,5.079999923706055,4.880000114440918,4.920000076293945,10532
2025-01-07,5.179999828338623,5.179999828338623,5.179999828338623,4.960000038146973,5.079999923706055,6986
2025-01-08,5.079999923706055,5.079999923706055,5.179999828338623,5.079999923706055,5.179999828338623,3882
2025-01-09,5.159999847412109,5.159999847412109,5.179999828338623,5.079999923706055,5.099999904632568,3677
2025-01-10,5.159999847412109,5.159999847412109,5.159999847412109,5.119999885559082,5.139999866485596,5038
2025-01-13,5.119999885559082,5.119999885559082,5.139999866485596,5.059999942779541,5.139999866485596,6125
2025-01-14,5.119999885559082,5.119999885559082,5.139999866485596,5.079999923706055,5.119999885559082,1963
2025-01-15,5.159999847412109,5.159999847412109,5.159999847412109,5.099999904632568,5.139999866485596,6136
2025-01-16,5.159999847412109,5.159999847412109,5.159999847412109,5.099999904632568,5.159999847412109,3963
2025-01-17,5.199999809265137,5.199999809265137,5.199999809265137,5.099999904632568,5.159999847412109,2552
2025-01-20,5.139999866485596,5.139999866485596,5.179999828338623,5.099999904632568,5.179999828338623,1250
2025-01-21,5.159999847412109,5.159999847412109,5.199999809265137,5.159999847412109,5.179999828338623,1429
2025-01-22,5.059999942779541,5.059999942779541,5.199999809265137,5.059999942779541,5.199999809265137,1338
2025-01-23,5.099999904632568,5.099999904632568,5.199999809265137,5.079999923706055,5.079999923706055,7502
2025-01-24,5.119999885559082,5.119999885559082,5.199999809265137,5.079999923706055,5.139999866485596,2470
2025-01-27,5.079999923706055,5.079999923706055,5.119999885559082,5.019999980926514,5.119999885559082,5926
2025-01-28,5.059999942779541,5.059999942779541,5.079999923706055,4.940000057220459,4.949999809265137,3235
2025-01-29,4.989999771118164,4.989999771118164,5.059999942779541,4.920000076293945,5.059999942779541,11817
2025-01-30,4.96999979019165,4.96999979019165,5.059999942779541,4.960000038146973,4.989999771118164,8301
2025-01-31,4.880000114440918,4.880000114440918,4.96999979019165,4.869999885559082,4.96999979019165,6222
2025-02-03,4.800000190734863,4.800000190734863,5.139999866485596,4.599999904632568,4.880000114440918,10521
2025-02-04,4.900000095367432,4.900000095367432,5.019999980926514,4.789999961853027,4.800000190734863,5489
2025-02-05,5.079999923706055,5.079999923706055,5.099999904632568,4.849999904632568,4.989999771118164,10084
2025-02-06,4.989999771118164,4.989999771118164,5.099999904632568,4.619999885559082,5.099999904632568,26240
2025-02-07,4.829999923706055,4.829999923706055,4.920000076293945,4.760000228881836,4.920000076293945,3611
2025-02-10,4.539999961853027,4.539999961853027,4.78000020980835,4.449999809265137,4.75,25337
2025-02-11,4.599999904632568,4.599999904632568,4.78000020980835,4.420000076293945,4.539999961853027,10638
2025-02-12,4.539999961853027,4.539999961853027,4.699999809265137,4.539999961853027,4.599999904632568,3702
2025-02-13,4.559999942779541,4.559999942779541,4.639999866485596,4.5,4.539999961853027,5515
2025-02-14,4.650000095367432,4.650000095367432,4.78000020980835,4.590000152587891,4.78000020980835,6037
2025-02-17,4.949999809265137,4.949999809265137,4.980000019073486,4.710000038146973,4.789999961853027,13215
2025-02-18,5.099999904632568,5.099999904632568,5.199999809265137,4.949999809265137,4.949999809265137,7684
2025-02-19,4.96999979019165,4.96999979019165,5.099999904632568,4.96999979019165,5.099999904632568,4333
2025-02-20,5.059999942779541,5.059999942779541,5.099999904632568,4.96999979019165,4.96999979019165,2766
2025-02-21,5.199999809265137,5.199999809265137,5.239999771118164,5.0,5.039999961853027,7429
2025-02-24,5.079999923706055,5.079999923706055,5.199999809265137,5.079999923706055,5.199999809265137,6943
2025-02-25,5.099999904632568,5.099999904632568,5.179999828338623,5.099999904632568,5.099999904632568,3675
2025-02-26,5.139999866485596,5.139999866485596,5.179999828338623,5.079999923706055,5.099999904632568,2623
2025-02-27,5.139999866485596,5.139999866485596,5.139999866485596,5.099999904632568,5.139999866485596,2071
2025-02-28,5.079999923706055,5.079999923706055,5.139999866485596,5.079999923706055,5.119999885559082,656
2025-03-03,5.099999904632568,5.099999904632568,5.21999979019165,5.039999961853027,5.139999866485596,5992
2025-03-04,5.340000152587891,5.340000152587891,5.340000152587891,5.039999961853027,5.199999809265137,10945
2025-03-05,5.380000114440918,5.380000114440918,5.460000038146973,5.320000171661377,5.360000133514404,10045
2025-03-06,5.380000114440918,5.380000114440918,5.420000076293945,5.300000190734863,5.420000076293945,1101
2025-03-07,5.300000190734863,5.300000190734863,5.400000095367432,5.139999866485596,5.400000095367432,5713
2025-03-10,5.199999809265137,5.199999809265137,5.320000171661377,5.159999847412109,5.300000190734863,4409
2025-03-11,5.119999885559082,5.119999885559082,5.300000190734863,5.119999885559082,5.300000190734863,5617
2025-03-12,5.099999904632568,5.099999904632568,5.139999866485596,5.099999904632568,5.099999904632568,2338
2025-03-13,5.21999979019165,5.21999979019165,5.21999979019165,5.099999904632568,5.099999904632568,2822
2025-03-14,5.139999866485596,5.139999866485596,5.21999979019165,5.139999866485596,5.21999979019165,1805
2025-03-17,5.119999885559082,5.119999885559082,5.159999847412109,5.079999923706055,5.139999866485596,4039
2025-03-18,5.239999771118164,5.239999771118164,5.380000114440918,5.119999885559082,5.119999885559082,12000
2025-03-19,5.360000133514404,5.360000133514404,5.360000133514404,5.179999828338623,5.239999771118164,10721
2025-03-20,5.480000019073486,5.480000019073486,5.5,5.159999847412109,5.159999847412109,8396
2025-03-21,5.300000190734863,5.300000190734863,5.440000057220459,5.300000190734863,5.440000057220459,3707
2025-03-24,5.420000076293945,5.420000076293945,5.420000076293945,5.300000190734863,5.300000190734863,825
2025-03-25,5.420000076293945,5.420000076293945,5.420000076293945,5.340000152587891,5.420000076293945,2827
2025-03-26,5.360000133514404,5.360000133514404,5.420000076293945,5.300000190734863,5.300000190734863,1280
2025-03-27,5.300000190734863,5.300000190734863,5.380000114440918,5.300000190734863,5.360000133514404,5016
2025-03-28,5.239999771118164,5.239999771118164,5.300000190734863,5.159999847412109,5.300000190734863,3573
2025-03-31,4.849999904632568,4.849999904632568,5.199999809265137,4.710000038146973,5.139999866485596,14956
2025-04-01,4.920000076293945,4.920000076293945,4.960000038146973,4.739999771118164,4.940000057220459,4515
2025-04-02,5.199999809265137,5.199999809265137,5.260000228881836,4.980000019073486,4.980000019073486,3820
2025-04-03,5.0,5.0,5.199999809265137,4.849999904632568,5.199999809265137,7164
2025-04-04,4.840000152587891,4.840000152587891,4.949999809265137,4.710000038146973,4.949999809265137,12699
2025-04-07,4.710000038146973,4.710000038146973,4.789999961853027,4.5,4.789999961853027,11307
2025-04-08,4.929999828338623,4.929999828338623,4.940000057220459,4.71999979019165,4.730000019073486,5382
2025-04-09,4.829999923706055,4.829999923706055,4.889999866485596,4.590000152587891,4.889999866485596,1612
2025-04-10,4.900000095367432,4.900000095367432,5.320000171661377,4.900000095367432,5.300000190734863,17267
2025-04-11,5.079999923706055,5.079999923706055,5.079999923706055,4.900000095367432,4.900000095367432,5727
2025-04-14,5.099999904632568,5.099999904632568,5.159999847412109,5.039999961853027,5.039999961853027,343
2025-04-15,5.099999904632568,5.099999904632568,5.199999809265137,5.099999904632568,5.179999828338623,1580
2025-04-16,4.949999809265137,4.949999809265137,5.199999809265137,4.949999809265137,5.199999809265137,1219
2025-04-17,5.119999885559082,5.119999885559082,5.119999885559082,4.960000038146973,4.960000038146973,1496
2025-04-22,4.949999809265137,4.949999809265137,5.079999923706055,4.880000114440918,5.079999923706055,1635
2025-04-23,5.139999866485596,5.139999866485596,5.179999828338623,4.989999771118164,5.0,3818
2025-04-24,5.159999847412109,5.159999847412109,5.159999847412109,5.0,5.159999847412109,1273
2025-04-25,5.239999771118164,5.239999771118164,5.300000190734863,5.159999847412109,5.159999847412109,1850
2025-04-28,5.059999942779541,5.059999942779541,5.239999771118164,5.059999942779541,5.239999771118164,4188
2025-04-29,5.239999771118164,5.239999771118164,5.260000228881836,5.139999866485596,5.139999866485596,5728
2025-04-30,5.239999771118164,5.239999771118164,5.300000190734863,5.21999979019165,5.28000020980835,17495
2025-05-02,5.300000190734863,5.300000190734863,5.360000133514404,5.139999866485596,5.239999771118164,12476
2025-05-05,5.300000190734863,5.300000190734863,5.380000114440918,5.179999828338623,5.320000171661377,3998
2025-05-06,5.440000057220459,5.440000057220459,5.460000038146973,5.179999828338623,5.199999809265137,6627
2025-05-07,5.480000019073486,5.480000019073486,5.5,5.360000133514404,5.440000057220459,9892
2025-05-08,5.440000057220459,5.440000057220459,5.460000038146973,5.380000114440918,5.460000038146973,2307
2025-05-09,5.28000020980835,5.28000020980835,5.480000019073486,5.28000020980835,5.420000076293945,4223
2025-05-12,5.239999771118164,5.239999771118164,5.460000038146973,5.239999771118164,5.300000190734863,7149
2025-05-13,5.400000095367432,5.400000095367432,5.460000038146973,5.320000171661377,5.460000038146973,3488
2025-05-14,5.460000038146973,5.460000038146973,5.5,5.300000190734863,5.300000190734863,2886
2025-05-15,5.320000171661377,5.320000171661377,5.5,5.320000171661377,5.460000038146973,10521
2025-05-16,5.340000152587891,5.340000152587891,5.440000057220459,5.340000152587891,5.340000152587891,1504
2025-05-19,5.380000114440918,5.380000114440918,5.480000019073486,5.320000171661377,5.460000038146973,3007
2025-05-20,5.28000020980835,5.28000020980835,5.440000057220459,5.28000020980835,5.380000114440918,2982
2025-05-21,5.300000190734863,5.300000190734863,5.380000114440918,5.21999979019165,5.28000020980835,3874
2025-05-22,5.340000152587891,5.340000152587891,5.340000152587891,5.260000228881836,5.300000190734863,4082
2025-05-23,5.239999771118164,5.239999771118164,5.320000171661377,5.239999771118164,5.320000171661377,1958
2025-05-26,5.260000228881836,5.260000228881836,5.28000020980835,5.179999828338623,5.239999771118164,5819
2025-05-27,5.199999809265137,5.199999809265137,5.260000228881836,5.139999866485596,5.21999979019165,6081
2025-05-28,5.21999979019165,5.21999979019165,5.28000020980835,5.179999828338623,5.199999809265137,1396
2025-05-30,5.28000020980835,5.28000020980835,5.28000020980835,5.239999771118164,5.239999771118164,958
2025-06-02,5.179999828338623,5.179999828338623,5.300000190734863,5.159999847412109,5.300000190734863,1829
2025-06-03,5.079999923706055,5.079999923706055,5.199999809265137,5.059999942779541,5.199999809265137,3103
2025-06-04,5.239999771118164,5.239999771118164,5.300000190734863,5.099999904632568,5.099999904632568,8936
2025-06-05,5.179999828338623,5.179999828338623,5.300000190734863,5.139999866485596,5.260000228881836,5923
2025-06-06,5.28000020980835,5.28000020980835,5.360000133514404,5.28000020980835,5.300000190734863,3906
2025-06-09,5.21999979019165,5.21999979019165,5.340000152587891,5.21999979019165,5.28000020980835,1604
2025-06-10,5.179999828338623,5.179999828338623,5.28000020980835,5.139999866485596,5.239999771118164,1029
2025-06-11,5.199999809265137,5.199999809265137,5.300000190734863,5.159999847412109,5.239999771118164,5753
2025-06-12,5.260000228881836,5.260000228881836,5.300000190734863,5.179999828338623,5.199999809265137,3283
2025-06-13,5.260000228881836,5.260000228881836,5.260000228881836,5.139999866485596,5.239999771118164,831
2025-06-16,5.119999885559082,5.119999885559082,5.239999771118164,5.119999885559082,5.239999771118164,3449
2025-06-17,5.079999923706055,5.079999923706055,5.159999847412109,5.079999923706055,5.159999847412109,5561
2025-06-18,5.019999980926514,5.019999980926514,5.119999885559082,5.019999980926514,5.119999885559082,3807
2025-06-19,5.199999809265137,5.199999809265137,5.199999809265137,5.019999980926514,5.019999980926514,1028
2025-06-23,5.099999904632568,5.099999904632568,5.199999809265137,5.099999904632568,5.199999809265137,247
2025-06-24,5.199999809265137,5.199999809265137,5.199999809265137,5.119999885559082,5.199999809265137,2112
2025-06-25,5.179999828338623,5.179999828338623,5.239999771118164,5.119999885559082,5.199999809265137,3432
2025-06-26,5.099999904632568,5.099999904632568,5.159999847412109,5.099999904632568,5.099999904632568,605
2025-06-27,5.199999809265137,5.199999809265137,5.239999771118164,5.119999885559082,5.159999847412109,1218
2025-06-30,5.139999866485596,5.139999866485596,5.139999866485596,5.119999885559082,5.139999866485596,3846
2025-07-01,5.039999961853027,5.039999961853027,5.099999904632568,5.019999980926514,5.099999904632568,2740
2025-07-02,5.119999885559082,5.119999885559082,5.21999979019165,5.099999904632568,5.199999809265137,609
2025-07-03,5.159999847412109,5.159999847412109,5.21999979019165,5.059999942779541,5.21999979019165,534
2025-07-04,5.199999809265137,5.199999809265137,5.199999809265137,5.039999961853027,5.159999847412109,2781
2025-07-07,5.159999847412109,5.159999847412109,5.199999809265137,5.039999961853027,5.199999809265137,2261
2025-07-08,5.179999828338623,5.179999828338623,5.199999809265137,5.059999942779541,5.159999847412109,4885
2025-07-09,5.159999847412109,5.159999847412109,5.179999828338623,5.099999904632568,5.119999885559082,6378
2025-07-10,5.159999847412109,5.159999847412109,5.199999809265137,5.0,5.079999923706055,12974
2025-07-11,5.179999828338623,5.179999828338623,5.179999828338623,5.099999904632568,5.179999828338623,769
2025-07-14,5.179999828338623,5.179999828338623,5.28000020980835,5.179999828338623,5.179999828338623,5070
2025-07-15,5.28000020980835,5.28000020980835,5.300000190734863,5.139999866485596,5.139999866485596,3709
2025-07-16,5.28000020980835,5.28000020980835,5.28000020980835,5.199999809265137,5.28000020980835,2246
2025-07-17,5.260000228881836,5.260000228881836,5.260000228881836,5.159999847412109,5.239999771118164,891
2025-07-18,5.260000228881836,5.260000228881836,5.300000190734863,5.239999771118164,5.239999771118164,8705
2025-07-21,5.199999809265137,5.199999809265137,5.239999771118164,5.119999885559082,5.239999771118164,4711
2025-07-22,5.139999866485596,5.139999866485596,5.239999771118164,5.139999866485596,5.199999809265137,1008
2025-07-23,5.179999828338623,5.179999828338623,5.260000228881836,5.159999847412109,5.179999828338623,1817
2025-07-24,5.159999847412109,5.159999847412109,5.260000228881836,5.159999847412109,5.21999979019165,7517
2025-07-25,5.380000114440918,5.380000114440918,5.380000114440918,5.179999828338623,5.179999828338623,10287
2025-07-28,5.380000114440918,5.380000114440918,5.440000057220459,5.360000133514404,5.400000095367432,11501
2025-07-29,5.340000152587891,5.340000152587891,5.440000057220459,5.340000152587891,5.380000114440918,6077
2025-07-30,5.340000152587891,5.340000152587891,5.340000152587891,5.300000190734863,5.340000152587891,979
2025-07-31,5.320000171661377,5.320000171661377,5.380000114440918,5.300000190734863,5.340000152587891,2166
2025-08-01,5.320000171661377,5.320000171661377,5.380000114440918,5.28000020980835,5.380000114440918,2270
2025-08-04,5.320000171661377,5.320000171661377,5.380000114440918,5.260000228881836,5.320000171661377,2644
2025-08-05,5.380000114440918,5.380000114440918,5.440000057220459,5.300000190734863,5.440000057220459,4377
2025-08-06,5.28000020980835,5.28000020980835,5.380000114440918,5.260000228881836,5.380000114440918,2954
2025-08-07,5.440000057220459,5.440000057220459,5.440000057220459,5.28000020980835,5.28000020980835,5089
2025-08-08,5.199999809265137,5.199999809265137,5.199999809265137,5.039999961853027,5.099999904632568,13305
2025-08-11,5.139999866485596,5.139999866485596,5.380000114440918,5.119999885559082,5.300000190734863,7601
2025-08-12,5.139999866485596,5.139999866485596,5.340000152587891,5.139999866485596,5.139999866485596,1931
2025-08-13,5.21999979019165,5.21999979019165,5.21999979019165,5.139999866485596,5.159999847412109,3042
2025-08-14,5.260000228881836,5.260000228881836,5.28000020980835,5.139999866485596,5.239999771118164,3864
2025-08-15,5.159999847412109,5.159999847412109,5.260000228881836,5.159999847412109,5.260000228881836,1422
2025-08-18,5.380000114440918,5.380000114440918,5.380000114440918,5.179999828338623,5.179999828338623,8204
2025-08-19,5.380000114440918,5.380000114440918,5.380000114440918,5.21999979019165,5.360000133514404,4589
2025-08-20,5.380000114440918,5.380000114440918,5.380000114440918,5.300000190734863,5.360000133514404,345
2025-08-21,5.320000171661377,5.320000171661377,5.380000114440918,5.300000190734863,5.360000133514404,673
2025-08-22,5.340000152587891,5.340000152587891,5.340000152587891,5.260000228881836,5.320000171661377,3708
2025-08-25,5.28000020980835,5.28000020980835,5.340000152587891,5.260000228881836,5.340000152587891,2770
2025-08-26,5.300000190734863,5.300000190734863,5.340000152587891,5.28000020980835,5.28000020980835,1614
2025-08-27,5.340000152587891,5.340000152587891,5.360000133514404,5.320000171661377,5.320000171661377,1740
2025-08-28,5.320000171661377,5.320000171661377,5.340000152587891,5.239999771118164,5.340000152587891,6503
2025-08-29,5.28000020980835,5.28000020980835,5.400000095367432,5.28000020980835,5.28000020980835,4784
2025-09-01,5.380000114440918,5.380000114440918,5.380000114440918,5.28000020980835,5.380000114440918,392
2025-09-02,5.360000133514404,5.360000133514404,5.420000076293945,5.320000171661377,5.400000095367432,4003
2025-09-03,5.21999979019165,5.21999979019165,5.360000133514404,5.21999979019165,5.360000133514404,1495
2025-09-04,5.260000228881836,5.260000228881836,5.28000020980835,5.21999979019165,5.21999979019165,611
2025-09-05,5.480000019073486,5.480000019073486,5.679999828338623,5.400000095367432,5.5,33667
2025-09-08,5.480000019073486,5.480000019073486,5.539999961853027,5.420000076293945,5.539999961853027,5796
2025-09-09,5.440000057220459,5.440000057220459,5.480000019073486,5.400000095367432,5.480000019073486,2172
2025-09-10,5.360000133514404,5.360000133514404,5.460000038146973,5.360000133514404,5.440000057220459,3842
2025-09-11,5.360000133514404,5.360000133514404,5.400000095367432,5.320000171661377,5.380000114440918,6840
2025-09-12,5.28000020980835,5.28000020980835,5.380000114440918,5.28000020980835,5.340000152587891,3591
2025-09-15,5.199999809265137,5.199999809265137,5.28000020980835,5.199999809265137,5.239999771118164,9299
2025-09-16,5.159999847412109,5.159999847412109,5.300000190734863,5.159999847412109,5.239999771118164,5649
2025-09-17,5.019999980926514,5.019999980926514,5.239999771118164,5.019999980926514,5.199999809265137,6062
2025-09-18,5.159999847412109,5.159999847412109,5.199999809265137,5.039999961853027,5.039999961853027,24617
2025-09-19,5.159999847412109,5.159999847412109,5.28000020980835,5.099999904632568,5.28000020980835,227
2025-09-22,5.199999809265137,5.199999809265137,5.21999979019165,5.079999923706055,5.159999847412109,12062
2025-09-23,5.119999885559082,5.119999885559082,5.199999809265137,5.099999904632568,5.199999809265137,5323
2025-09-24,5.119999885559082,5.119999885559082,5.199999809265137,5.119999885559082,5.119999885559082,5339
2025-09-25,5.139999866485596,5.139999866485596,5.139999866485596,5.079999923706055,5.099999904632568,563
2025-09-26,5.059999942779541,5.059999942779541,5.099999904632568,5.059999942779541,5.079999923706055,1008
2025-09-29,5.179999828338623,5.179999828338623,5.179999828338623,5.079999923706055,5.159999847412109,2115
2025-09-30,5.159999847412109,5.159999847412109,5.179999828338623,5.119999885559082,5.159999847412109,1481
2025-10-01,5.119999885559082,5.119999885559082,5.179999828338623,5.119999885559082,5.119999885559082,2042
2025-10-02,5.159999847412109,5.159999847412109,5.179999828338623,5.099999904632568,5.099999904632568,2530
2025-10-03,5.21999979019165,5.21999979019165,5.239999771118164,5.139999866485596,5.159999847412109,2337
2025-10-06,5.21999979019165,5.21999979019165,5.28000020980835,5.21999979019165,5.239999771118164,2988
2025-10-07,5.099999904632568,5.099999904632568,5.260000228881836,5.099999904632568,5.260000228881836,3145
2025-10-08,5.199999809265137,5.199999809265137,5.260000228881836,5.119999885559082,5.119999885559082,3159
2025-10-09,5.179999828338623,5.179999828338623,5.260000228881836,5.059999942779541,5.199999809265137,2845
2025-10-10,5.159999847412109,5.159999847412109,5.179999828338623,5.079999923706055,5.179999828338623,3563
2025-10-13,5.159999847412109,5.159999847412109,5.159999847412109,5.099999904632568,5.159999847412109,889
2025-10-14,5.159999847412109,5.159999847412109,5.179999828338623,5.019999980926514,5.179999828338623,3653
2025-10-15,5.099999904632568,5.099999904632568,5.179999828338623,5.059999942779541,5.159999847412109,4414
2025-10-16,5.159999847412109,5.159999847412109,5.159999847412109,5.079999923706055,5.079999923706055,4796
2025-10-17,5.039999961853027,5.039999961853027,5.139999866485596,5.039999961853027,5.139999866485596,4316
2025-10-20,5.159999847412109,5.159999847412109,5.159999847412109,4.940000057220459,5.0,16023
2025-10-21,5.059999942779541,5.059999942779541,5.139999866485596,5.059999942779541,5.139999866485596,699
2025-10-22,5.079999923706055,5.079999923706055,5.119999885559082,5.039999961853027,5.039999961853027,3852
2025-10-23,5.059999942779541,5.059999942779541,5.159999847412109,4.920000076293945,5.019999980926514,8837
2025-10-24,5.0,5.0,5.099999904632568,4.949999809265137,4.96999979019165,4366
2025-10-27,5.28000020980835,5.28000020980835,5.539999961853027,5.079999923706055,5.099999904632568,32956
2025-10-28,5.199999809265137,5.199999809265137,5.260000228881836,5.099999904632568,5.260000228881836,9236
2025-10-29,5.139999866485596,5.139999866485596,5.260000228881836,5.079999923706055,5.199999809265137,10442
2025-10-30,5.28000020980835,5.28000020980835,5.28000020980835,5.119999885559082,5.119999885559082,4260
2025-10-31,5.260000228881836,5.260000228881836,5.28000020980835,5.119999885559082,5.28000020980835,9611
2025-11-03,5.300000190734863,5.300000190734863,5.300000190734863,5.199999809265137,5.260000228881836,3439
2025-11-04,5.300000190734863,5.300000190734863,5.300000190734863,5.260000228881836,5.300000190734863,5844
2025-11-05,5.139999866485596,5.139999866485596,5.28000020980835,5.099999904632568,5.28000020980835,6236
2025-11-06,5.139999866485596,5.139999866485596,5.139999866485596,5.099999904632568,5.119999885559082,4279
2025-11-07,5.059999942779541,5.059999942779541,5.139999866485596,5.019999980926514,5.139999866485596,1829
2025-11-10,5.079999923706055,5.079999923706055,5.21999979019165,5.019999980926514,5.019999980926514,5185
2025-11-11,5.099999904632568,5.099999904632568,5.179999828338623,5.059999942779541,5.099999904632568,5011
2025-11-12,5.28000020980835,5.28000020980835,5.340000152587891,5.199999809265137,5.239999771118164,7884
2025-11-13,5.300000190734863,5.300000190734863,5.300000190734863,5.139999866485596,5.199999809265137,2937
2025-11-14,5.179999828338623,5.179999828338623,5.28000020980835,5.179999828338623,5.28000020980835,10722
2025-11-17,5.139999866485596,5.139999866485596,5.199999809265137,5.119999885559082,5.119999885559082,5053
2025-11-18,4.960000038146973,4.960000038146973,5.159999847412109,4.960000038146973,5.159999847412109,21018
2025-11-19,5.0,5.0,5.079999923706055,4.96999979019165,4.96999979019165,1605
2025-11-20,4.900000095367432,4.900000095367432,5.079999923706055,4.869999885559082,5.0,14668
2025-11-21,5.059999942779541,5.059999942779541,5.059999942779541,4.809999942779541,4.889999866485596,13746
2025-11-24,4.840000152587891,4.840000152587891,4.989999771118164,4.829999923706055,4.989999771118164,9585
2025-11-25,4.760000228881836,4.760000228881836,4.840000152587891,4.710000038146973,4.840000152587891,18733
2025-11-26,4.78000020980835,4.78000020980835,4.909999847412109,4.760000228881836,4.760000228881836,13544
2025-11-27,4.840000152587891,4.840000152587891,4.849999904632568,4.659999847412109,4.800000190734863,11964
2025-11-28,4.650000095367432,4.650000095367432,4.829999923706055,4.590000152587891,4.829999923706055,37408
2025-12-01,4.559999942779541,4.559999942779541,4.75,4.489999771118164,4.75,18657
2025-12-02,4.5,4.5,4.760000228881836,4.489999771118164,4.590000152587891,15161
2025-12-03,4.420000076293945,4.420000076293945,4.590000152587891,4.420000076293945,4.5,8520
2025-12-04,4.5,4.5,4.539999961853027,4.409999847412109,4.420000076293945,9651
2025-12-05,4.5,4.5,4.5,4.46999979019165,4.5,12671
2025-12-08,4.409999847412109,4.409999847412109,4.489999771118164,4.409999847412109,4.489999771118164,5676
2025-12-09,4.449999809265137,4.449999809265137,4.46999979019165,4.409999847412109,4.440000057220459,7366
2025-12-10,4.440000057220459,4.440000057220459,4.480000019073486,4.409999847412109,4.440000057220459,5804
2025-12-11,4.420000076293945,4.420000076293945,4.5,4.400000095367432,4.46999979019165,20530
2025-12-12,4.360000133514404,4.360000133514404,4.429999828338623,4.360000133514404,4.400000095367432,8094
2025-12-15,4.349999904632568,4.349999904632568,4.46999979019165,4.320000171661377,4.400000095367432,9784
2025-12-16,4.389999866485596,4.389999866485596,4.449999809265137,4.349999904632568,4.360000133514404,16111
2025-12-17,4.369999885559082,4.369999885559082,4.409999847412109,4.300000190734863,4.380000114440918,9220
2025-12-18,4.309999942779541,4.309999942779541,4.349999904632568,4.300000190734863,4.309999942779541,5049
2025-12-19,4.349999904632568,4.349999904632568,4.400000095367432,4.28000020980835,4.360000133514404,26657
2025-12-22,4.300000190734863,4.300000190734863,4.349999904632568,4.289999961853027,4.329999923706055,19691
2025-12-23,4.21999979019165,4.21999979019165,4.289999961853027,4.179999828338623,4.289999961853027,23710
2025-12-29,4.179999828338623,4.179999828338623,4.289999961853027,4.119999885559082,4.210000038146973,28451
2025-12-30,4.28000020980835,4.28000020980835,4.360000133514404,4.150000095367432,4.150000095367432,21392
2026-01-02,4.340000152587891,4.340000152587891,4.429999828338623,4.28000020980835,4.28000020980835,10542
2026-01-05,4.380000114440918,4.380000114440918,4.460000038146973,4.349999904632568,4.349999904632568,14664
2026-01-07,4.420000076293945,4.420000076293945,4.449999809265137,4.389999866485596,4.400000095367432,4132
2026-01-08,4.489999771118164,4.489999771118164,4.5,4.420000076293945,4.460000038146973,6629
2026-01-09,4.480000019073486,4.480000019073486,4.5,4.389999866485596,4.489999771118164,7855
2026-01-12,4.400000095367432,4.400000095367432,4.5,4.400000095367432,4.46999979019165,5891
2026-01-13,4.420000076293945,4.420000076293945,4.510000228881836,4.409999847412109,4.409999847412109,11755
2026-01-14,4.510000228881836,4.510000228881836,4.570000171661377,4.5,4.5,3363
2026-01-15,4.539999961853027,4.539999961853027,4.550000190734863,4.5,4.510000228881836,7155
2026-01-16,4.639999866485596,4.639999866485596,4.699999809265137,4.550000190734863,4.550000190734863,9736
2026-01-19,4.960000038146973,4.960000038146973,5.0,4.539999961853027,4.639999866485596,60939
2026-01-20,4.829999923706055,4.829999923706055,4.960000038146973,4.78000020980835,4.960000038146973,16649
2026-01-21,4.949999809265137,4.949999809265137,4.980000019073486,4.789999961853027,4.889999866485596,6411
2026-01-22,5.28000020980835,5.28000020980835,5.340000152587891,4.949999809265137,4.960000038146973,29022
2026-01-23,5.519999980926514,5.519999980926514,5.599999904632568,5.300000190734863,5.300000190734863,32461
2026-01-26,5.260000228881836,5.260000228881836,5.699999809265137,5.239999771118164,5.599999904632568,31255
2026-01-27,5.260000228881836,5.260000228881836,5.420000076293945,5.239999771118164,5.300000190734863,15744
2026-01-28,5.320000171661377,5.320000171661377,5.480000019073486,5.28000020980835,5.380000114440918,13295
2026-01-29,5.139999866485596,5.139999866485596,5.360000133514404,5.079999923706055,5.360000133514404,4887
2026-01-30,5.400000095367432,5.400000095367432,5.440000057220459,5.28000020980835,5.28000020980835,4315
2026-02-02,5.260000228881836,5.260000228881836,5.420000076293945,5.079999923706055,5.420000076293945,13262
2026-02-03,5.159999847412109,5.159999847412109,5.400000095367432,5.099999904632568,5.400000095367432,5514
2026-02-04,5.28000020980835,5.28000020980835,5.28000020980835,5.199999809265137,5.199999809265137,12901
2026-02-05,5.119999885559082,5.119999885559082,5.340000152587891,5.119999885559082,5.28000020980835,14344
2026-02-06,5.239999771118164,5.239999771118164,5.239999771118164,5.099999904632568,5.139999866485596,2641
2026-02-09,5.28000020980835,5.28000020980835,5.360000133514404,5.179999828338623,5.340000152587891,9959
2026-02-10,5.079999923706055,5.079999923706055,5.340000152587891,5.019999980926514,5.340000152587891,7315
2026-02-11,5.21999979019165,5.21999979019165,5.28000020980835,5.139999866485596,5.21999979019165,4892
2026-02-12,5.119999885559082,5.119999885559082,5.139999866485596,5.019999980926514,5.119999885559082,1302
2026-02-13,5.119999885559082,5.119999885559082,5.119999885559082,4.980000019073486,5.119999885559082,5585
2026-02-16,5.019999980926514,5.019999980926514,5.119999885559082,5.0,5.119999885559082,2039
2026-02-17,5.0,5.0,5.059999942779541,5.0,5.059999942779541,5495
2026-02-18,5.21999979019165,5.21999979019165,5.21999979019165,5.059999942779541,5.199999809265137,7642
2026-02-19,5.139999866485596,5.139999866485596,5.239999771118164,5.119999885559082,5.21999979019165,6528
2026-02-20,5.260000228881836,5.260000228881836,5.260000228881836,5.099999904632568,5.099999904632568,5020
2026-02-23,5.260000228881836,5.260000228881836,5.28000020980835,5.119999885559082,5.28000020980835,4772
2026-02-24,5.199999809265137,5.199999809265137,5.260000228881836,5.119999885559082,5.199999809265137,8386
2026-02-25,5.199999809265137,5.199999809265137,5.199999809265137,5.079999923706055,5.139999866485596,2623
2026-02-26,5.199999809265137,5.199999809265137,5.239999771118164,5.139999866485596,5.21999979019165,4197
2026-02-27,5.099999904632568,5.099999904632568,5.239999771118164,5.079999923706055,5.139999866485596,6499
2026-03-02,5.079999923706055,5.079999923706055,5.079999923706055,5.0,5.0,4864
2026-03-03,4.989999771118164,4.989999771118164,5.119999885559082,4.929999828338623,5.019999980926514,7900
2026-03-04,5.199999809265137,5.199999809265137,5.199999809265137,4.960000038146973,4.989999771118164,11346
2026-03-05,5.159999847412109,5.159999847412109,5.239999771118164,5.059999942779541,5.199999809265137,4282
2026-03-06,5.099999904632568,5.099999904632568,5.199999809265137,5.039999961853027,5.199999809265137,6971
2026-03-09,5.099999904632568,5.099999904632568,5.099999904632568,4.920000076293945,5.0,12802
2026-03-10,5.099999904632568,5.099999904632568,5.159999847412109,5.0,5.099999904632568,8482
2026-03-11,5.199999809265137,5.199999809265137,5.360000133514404,5.159999847412109,5.239999771118164,12639
2026-03-12,5.199999809265137,5.199999809265137,5.239999771118164,5.159999847412109,5.21999979019165,12410
2026-03-13,5.159999847412109,5.159999847412109,5.199999809265137,5.079999923706055,5.099999904632568,3335
2026-03-16,5.179999828338623,5.179999828338623,5.179999828338623,5.099999904632568,5.139999866485596,4991
2026-03-17,4.96999979019165,4.96999979019165,5.199999809265137,4.96999979019165,5.039999961853027,12613
2026-03-18,5.179999828338623,5.179999828338623,5.179999828338623,5.0,5.059999942779541,6205
2026-03-19,4.860000133514404,4.860000133514404,5.179999828338623,4.849999904632568,5.179999828338623,17584
2026-03-20,4.78000020980835,4.78000020980835,4.900000095367432,4.78000020980835,4.860000133514404,10949
2026-03-23,4.789999961853027,4.789999961853027,4.800000190734863,4.659999847412109,4.71999979019165,13250
2026-03-24,4.71999979019165,4.71999979019165,4.800000190734863,4.650000095367432,4.800000190734863,11581
2026-03-25,4.820000171661377,4.820000171661377,4.860000133514404,4.71999979019165,4.71999979019165,5054
2026-03-26,5.179999828338623,5.179999828338623,5.179999828338623,4.71999979019165,4.820000171661377,34731
2026-03-27,5.019999980926514,5.019999980926514,5.28000020980835,5.019999980926514,5.199999809265137,16566
2026-03-30,5.019999980926514,5.019999980926514,5.139999866485596,4.949999809265137,5.139999866485596,12939
2026-03-31,5.099999904632568,5.099999904632568,5.099999904632568,5.019999980926514,5.039999961853027,5887
2026-04-01,5.159999847412109,5.159999847412109,5.239999771118164,5.039999961853027,5.099999904632568,11041
2026-04-02,5.119999885559082,5.119999885559082,5.199999809265137,5.099999904632568,5.199999809265137,2211
2026-04-07,5.119999885559082,5.119999885559082,5.179999828338623,5.079999923706055,5.119999885559082,3830
2026-04-08,5.260000228881836,5.260000228881836,5.28000020980835,5.179999828338623,5.179999828338623,14297
2026-04-09,5.239999771118164,5.239999771118164,5.260000228881836,5.199999809265137,5.260000228881836,3018
2026-04-10,5.260000228881836,5.260000228881836,5.260000228881836,5.139999866485596,5.239999771118164,4532
2026-04-13,5.199999809265137,5.199999809265137,5.239999771118164,5.079999923706055,5.239999771118164,6180
2026-04-14,5.199999809265137,5.199999809265137,5.260000228881836,5.119999885559082,5.260000228881836,4602
2026-04-15,5.21999979019165,5.21999979019165,5.21999979019165,5.139999866485596,5.159999847412109,2859
2026-04-16,5.260000228881836,5.260000228881836,5.260000228881836,5.159999847412109,5.21999979019165,7456
2026-04-17,5.239999771118164,5.239999771118164,5.260000228881836,5.119999885559082,5.260000228881836,227687
2026-04-20,5.21999979019165,5.21999979019165,5.239999771118164,5.179999828338623,5.199999809265137,659
2026-04-21,5.099999904632568,5.099999904632568,5.139999866485596,5.059999942779541,5.139999866485596,4648
2026-04-22,4.980000019073486,4.980000019073486,5.099999904632568,4.860000133514404,5.079999923706055,13998
2026-04-23,5.420000076293945,5.420000076293945,5.659999847412109,4.940000057220459,5.0,99089
2026-04-24,5.440000057220459,5.440000057220459,5.480000019073486,5.28000020980835,5.400000095367432,8817
2026-04-27,5.21999979019165,5.21999979019165,5.480000019073486,5.099999904632568,5.480000019073486,13578
2026-04-28,5.21999979019165,5.21999979019165,5.260000228881836,5.119999885559082,5.119999885559082,1209
2026-04-29,5.239999771118164,5.239999771118164,5.260000228881836,5.119999885559082,5.21999979019165,10040
2026-04-30,5.300000190734863,5.300000190734863,5.460000038146973,5.179999828338623,5.21999979019165,8967
2026-05-04,5.360000133514404,5.360000133514404,5.400000095367432,5.300000190734863,5.300000190734863,3672
2026-05-05,5.400000095367432,5.400000095367432,5.579999923706055,5.360000133514404,5.380000114440918,8609
2026-05-06,5.360000133514404,5.360000133514404,5.599999904632568,5.360000133514404,5.420000076293945,15712
2026-05-07,5.420000076293945,5.420000076293945,5.579999923706055,5.320000171661377,5.579999923706055,9460
2026-05-08,5.28000020980835,5.28000020980835,5.400000095367432,5.260000228881836,5.380000114440918,10262
2026-05-11,5.360000133514404,5.360000133514404,5.420000076293945,5.28000020980835,5.360000133514404,11630
2026-05-12,5.360000133514404,5.360000133514404,5.460000038146973,5.28000020980835,5.28000020980835,7337
2026-05-13,5.420000076293945,5.420000076293945,5.440000057220459,5.340000152587891,5.440000057220459,3226
2026-05-15,5.400000095367432,5.400000095367432,5.460000038146973,5.380000114440918,5.440000057220459,3967
2026-05-18,5.300000190734863,5.300000190734863,5.400000095367432,5.300000190734863,5.400000095367432,6105
2026-05-19,5.239999771118164,5.239999771118164,5.300000190734863,5.21999979019165,5.28000020980835,3456
2026-05-20,5.260000228881836,5.260000228881836,5.380000114440918,5.21999979019165,5.21999979019165,6007
2026-05-21,5.360000133514404,5.360000133514404,5.380000114440918,5.260000228881836,5.260000228881836,3885
2026-05-22,5.320000171661377,5.320000171661377,5.400000095367432,5.300000190734863,5.300000190734863,5810
2026-05-25,5.360000133514404,5.360000133514404,5.360000133514404,5.21999979019165,5.21999979019165,6899
2026-05-26,5.199999809265137,5.199999809265137,5.360000133514404,5.199999809265137,5.360000133514404,7260
2026-05-27,5.159999847412109,5.159999847412109,5.28000020980835,5.159999847412109,5.21999979019165,9437
2026-05-28,5.239999771118164,5.239999771118164,5.260000228881836,5.179999828338623,5.179999828338623,1039
2026-05-29,5.199999809265137,5.199999809265137,5.260000228881836,5.179999828338623,5.239999771118164,4571
2026-06-01,5.320000171661377,5.320000171661377,5.320000171661377,5.179999828338623,5.179999828338623,3769
2026-06-02,5.320000171661377,5.320000171661377,5.380000114440918,5.239999771118164,5.380000114440918,6122
2026-06-03,5.21999979019165,5.21999979019165,5.360000133514404,5.199999809265137,5.199999809265137,3073
2026-06-04,5.320000171661377,5.320000171661377,5.340000152587891,5.28000020980835,5.340000152587891,709
2026-06-05,5.380000114440918,5.380000114440918,5.380000114440918,5.239999771118164,5.340000152587891,3598
2026-06-08,5.260000228881836,5.260000228881836,5.360000133514404,5.239999771118164,5.340000152587891,971
2026-06-09,5.239999771118164,5.239999771118164,5.300000190734863,5.239999771118164,5.28000020980835,2172
2026-06-10,5.28000020980835,5.28000020980835,5.28000020980835,5.21999979019165,5.260000228881836,2804
2026-06-11,5.260000228881836,5.260000228881836,5.300000190734863,5.239999771118164,5.239999771118164,1725
2026-06-12,5.300000190734863,5.300000190734863,5.300000190734863,5.21999979019165,5.21999979019165,3361
2026-06-15,5.400000095367432,5.400000095367432,5.400000095367432,5.300000190734863,5.300000190734863,9974
2026-06-16,5.440000057220459,5.440000057220459,5.460000038146973,5.380000114440918,5.400000095367432,4745
2026-06-17,5.5,5.5,5.519999980926514,5.480000019073486,5.5,3989
2026-06-18,5.420000076293945,5.420000076293945,5.539999961853027,5.380000114440918,5.5,5610
2026-06-22,5.360000133514404,5.360000133514404,5.420000076293945,5.300000190734863,5.420000076293945,7806
2026-06-23,5.28000020980835,5.28000020980835,5.360000133514404,5.21999979019165,5.360000133514404,4690
2026-06-24,5.28000020980835,5.28000020980835,5.28000020980835,5.21999979019165,5.28000020980835,3573
2026-06-25,5.28000020980835,5.28000020980835,5.28000020980835,5.139999866485596,5.28000020980835,3605
2026-06-26,5.199999809265137,5.199999809265137,5.260000228881836,5.179999828338623,5.260000228881836,2205
2026-06-29,5.300000190734863,5.300000190734863,5.300000190734863,5.199999809265137,5.21999979019165,2944
2026-06-30,5.199999809265137,5.199999809265137,5.21999979019165,5.119999885559082,5.139999866485596,10244
2026-07-01,5.139999866485596,5.139999866485596,5.199999809265137,5.119999885559082,5.199999809265137,3382
2026-07-02,5.21999979019165,5.21999979019165,5.239999771118164,5.139999866485596,5.159999847412109,1235
2026-07-03,5.239999771118164,5.239999771118164,5.28000020980835,5.179999828338623,5.179999828338623,2790
2026-07-06,5.260000228881836,5.260000228881836,5.28000020980835,5.159999847412109,5.21999979019165,2398
2026-07-07,5.260000228881836,5.260000228881836,5.420000076293945,5.260000228881836,5.320000171661377,6575
2026-07-08,5.320000171661377,5.320000171661377,5.320000171661377,5.260000228881836,5.260000228881836,2954
2026-07-09,5.179999828338623,5.179999828338623,5.300000190734863,5.179999828338623,5.300000190734863,4690
2026-07-10,5.239999771118164,5.239999771118164,5.28000020980835,5.159999847412109,5.179999828338623,3618
2026-07-13,5.380000114440918,5.380000114440918,5.380000114440918,5.199999809265137,5.21999979019165,4082
2026-07-14,5.360000133514404,5.360000133514404,5.400000095367432,5.300000190734863,5.400000095367432,3294
2026-07-15,5.320000171661377,5.320000171661377,5.5,5.300000190734863,5.380000114440918,2510
2026-07-16,5.380000114440918,5.380000114440918,5.380000114440918,5.340000152587891,5.340000152587891,1223
2026-07-17,5.320000171661377,5.320000171661377,5.400000095367432,5.300000190734863,5.400000095367432,3403
2026-07-20,5.320000171661377,5.320000171661377,5.340000152587891,5.28000020980835,5.320000171661377,2282
2026-07-21,5.380000114440918,5.380000114440918,5.400000095367432,5.21999979019165,5.340000152587891,6089
2026-07-22,5.320000171661377,5.320000171661377,5.380000114440918,5.320000171661377,5.380000114440918,5569
2026-07-23,5.21999979019165,5.21999979019165,5.440000057220459,5.21999979019165,5.340000152587891,2498
2026-07-24,5.199999809265137,5.199999809265137,5.260000228881836,5.199999809265137,5.239999771118164,7298
2026-07-27,5.360000133514404,5.360000133514404,5.360000133514404,5.199999809265137,5.199999809265137,4876
2026-07-28,5.360000133514404,5.360000133514404,5.380000114440918,5.28000020980835,5.28000020980835,1269
2026-07-29,5.360000133514404,5.360000133514404,5.360000133514404,5.300000190734863,5.360000133514404,3828
2026-07-30,5.400000095367432,5.400000095367432,5.400000095367432,5.28000020980835,5.360000133514404,1563
2026-07-31,5.400000095367432,5.400000095367432,5.420000076293945,5.300000190734863,5.400000095367432,3595
2026-08-03,5.5,5.5,5.5,5.340000152587891,5.420000076293945,3765
2026-08-04,5.480000019073486,5.480000019073486,5.5,5.420000076293945,5.5,4276
2026-08-05,5.78000020980835,5.78000020980835,5.900000095367432,5.5,5.539999961853027,36970
2026-08-06,6.0,6.0,6.099999904632568,5.599999904632568,5.980000019073486,36133
2026-08-07,6.159999847412109,6.159999847412109,6.159999847412109,6.019999980926514,6.019999980926514,33951
2026-08-10,6.980000019073486,6.980000019073486,7.21999979019165,6.199999809265137,6.199999809265137,57750
2026-08-11,7.179999828338623,7.179999828338623,7.199999809265137,6.900000095367432,7.0,27205
2026-08-12,7.199999809265137,7.199999809265137,7.199999809265137,7.0,7.159999847412109,14073
2026-08-13,7.059999942779541,7.059999942779541,7.199999809265137,6.920000076293945,7.199999809265137,10033
2026-08-14,7.079999923706055,7.079999923706055,7.159999847412109,6.860000133514404,6.980000019073486,15551
2026-08-17,7.159999847412109,7.159999847412109,7.179999828338623,7.099999904632568,7.099999904632568,6835
2026-08-18,7.099999904632568,7.099999904632568,7.159999847412109,7.059999942779541,7.139999866485596,4724
2026-08-19,6.699999809265137,6.699999809265137,7.099999904632568,6.679999828338623,7.099999904632568,29954
2026-08-20,6.900000095367432,6.900000095367432,6.960000038146973,6.679999828338623,6.679999828338623,8976
2026-08-21,6.960000038146973,6.960000038146973,7.0,6.860000133514404,6.900000095367432,10670
2026-08-24,7.139999866485596,7.139999866485596,7.159999847412109,6.860000133514404,7.039999961853027,15298
2026-08-25,7.639999866485596,7.639999866485596,7.639999866485596,7.139999866485596,7.159999847412109,43573
2026-08-26,8.15999984741211,8.15999984741211,8.720000267028809,7.440000057220459,7.639999866485596,57077
2026-08-27,8.680000305175781,8.680000305175781,8.699999809265137,8.239999771118164,8.239999771118164,47585
2026-08-28,9.020000457763672,9.020000457763672,9.479999542236328,8.800000190734863,8.819999694824219,67998
2026-08-31,8.5,8.5,9.4399995803833,8.100000381469727,9.100000381469727,69553
2026-09-01,8.760000228881836,8.760000228881836,8.9399995803833,8.5,8.5,18148
2026-09-02,8.260000228881836,8.260000228881836,8.84000015258789,8.260000228881836,8.84000015258789,18796
2026-09-03,8.239999771118164,8.239999771118164,8.380000114440918,8.119999885559082,8.260000228881836,5444
2026-09-04,8.319999694824219,8.319999694824219,8.380000114440918,8.0600004196167,8.199999809265137,12395
2026-09-08,7.739999771118164,7.739999771118164,8.199999809265137,7.71999979019165,8.199999809265137,20651
2026-09-09,8.920000076293945,8.920000076293945,9.0,7.71999979019165,7.739999771118164,56767
2026-09-10,9.199999809265137,9.199999809265137,10.199999809265137,9.0,9.0,97827
2026-09-11,9.279999732971191,9.279999732971191,9.539999961853027,9.079999923706055,9.380000114440918,23381
2026-09-14,8.84000015258789,8.84000015258789,9.300000190734863,8.65999984741211,9.300000190734863,22642
2026-09-15,8.779999732971191,8.779999732971191,8.899999618530273,8.420000076293945,8.800000190734863,10880
2026-09-16,9.15999984741211,9.15999984741211,9.4399995803833,8.600000381469727,8.760000228881836,18340
