Price,Adj Close,Close,High,Low,Open,Volume
Ticker,SUY1V.HE,SUY1V.HE,SUY1V.HE,SUY1V.HE,SUY1V.HE,SUY1V.HE
Date,,,,,,
2016-01-04,5.2815656661987305,6.199999809265137,6.349999904632568,6.099999904632568,6.199999809265137,14945
2016-01-05,5.11119270324707,6.0,6.150000095367432,5.949999809265137,6.0,13647
2016-01-07,5.02600622177124,5.900000095367432,5.949999809265137,5.699999809265137,5.949999809265137,43385
2016-01-08,5.02600622177124,5.900000095367432,5.949999809265137,5.699999809265137,5.949999809265137,43385
2016-01-11,4.855633735656738,5.699999809265137,5.949999809265137,5.699999809265137,5.800000190734863,248827
2016-01-12,4.983412742614746,5.849999904632568,5.849999904632568,5.699999809265137,5.800000190734863,60419
2016-01-13,4.983412742614746,5.849999904632568,5.949999809265137,5.800000190734863,5.849999904632568,48334
2016-01-14,4.940819263458252,5.800000190734863,5.849999904632568,5.699999809265137,5.800000190734863,34394
2016-01-15,4.727852821350098,5.550000190734863,5.849999904632568,5.550000190734863,5.849999904632568,24809
2016-01-18,4.68526029586792,5.5,5.75,5.5,5.550000190734863,40162
2016-01-19,4.727852821350098,5.550000190734863,5.75,5.550000190734863,5.599999904632568,46575
2016-01-20,4.642666339874268,5.449999809265137,5.599999904632568,5.449999809265137,5.550000190734863,45921
2016-01-21,4.68526029586792,5.5,5.599999904632568,5.349999904632568,5.449999809265137,39925
2016-01-22,4.855633735656738,5.699999809265137,5.849999904632568,5.550000190734863,5.699999809265137,84989
2016-01-25,4.813039779663086,5.650000095367432,5.75,5.650000095367432,5.699999809265137,25528
2016-01-26,4.855633735656738,5.699999809265137,5.699999809265137,5.550000190734863,5.699999809265137,75001
2016-01-27,4.940819263458252,5.800000190734863,5.800000190734863,5.599999904632568,5.699999809265137,37312
2016-01-28,5.11119270324707,6.0,6.0,5.75,5.849999904632568,80464
2016-01-29,4.5574798583984375,5.349999904632568,6.150000095367432,5.099999904632568,6.0,316245
2016-02-01,4.301920413970947,5.050000190734863,5.349999904632568,4.949999809265137,5.349999904632568,157171
2016-02-02,4.195437431335449,4.925000190734863,5.099999904632568,4.925000190734863,5.050000190734863,65277
2016-02-03,4.025063991546631,4.724999904632568,4.925000190734863,4.675000190734863,4.900000095367432,88956
2016-02-04,4.003767967224121,4.699999809265137,4.800000190734863,4.550000190734863,4.724999904632568,87647
2016-02-05,4.003767967224121,4.699999809265137,4.800000190734863,4.650000095367432,4.699999809265137,41340
2016-02-08,3.8546910285949707,4.525000095367432,4.900000095367432,4.5,4.900000095367432,38784
2016-02-09,3.7056148052215576,4.349999904632568,4.5,4.349999904632568,4.5,52347
2016-02-10,3.769505023956299,4.425000190734863,4.550000190734863,4.375,4.375,40833
2016-02-11,3.6417250633239746,4.275000095367432,4.449999809265137,4.275000095367432,4.449999809265137,100310
2016-02-12,3.6630213260650635,4.300000190734863,4.375,4.25,4.300000190734863,46194
2016-02-15,3.6630213260650635,4.300000190734863,4.449999809265137,4.300000190734863,4.449999809265137,54001
2016-02-16,3.7056148052215576,4.349999904632568,4.449999809265137,4.324999809265137,4.349999904632568,60475
2016-02-17,3.897284984588623,4.574999809265137,4.599999904632568,4.349999904632568,4.349999904632568,23813
2016-02-18,3.918581247329712,4.599999904632568,4.699999809265137,4.550000190734863,4.550000190734863,7252
2016-02-19,3.748208522796631,4.400000095367432,4.699999809265137,4.400000095367432,4.574999809265137,17399
2016-02-22,3.875988006591797,4.550000190734863,4.650000095367432,4.425000190734863,4.425000190734863,7625
2016-02-23,3.7908005714416504,4.449999809265137,4.625,4.449999809265137,4.599999904632568,14274
2016-02-24,3.748208522796631,4.400000095367432,4.525000095367432,4.400000095367432,4.5,15256
2016-02-25,3.748208522796631,4.400000095367432,4.5,4.400000095367432,4.425000190734863,24133
2016-02-26,3.769505023956299,4.425000190734863,4.650000095367432,4.400000095367432,4.400000095367432,54263
2016-02-29,3.7269113063812256,4.375,4.5,4.349999904632568,4.474999904632568,50658
2016-03-01,3.7269113063812256,4.375,4.449999809265137,4.349999904632568,4.375,47475
2016-03-02,3.7908005714416504,4.449999809265137,4.5,4.375,4.425000190734863,33310
2016-03-03,3.748208522796631,4.400000095367432,4.474999904632568,4.400000095367432,4.449999809265137,17224
2016-03-04,3.7908005714416504,4.449999809265137,4.474999904632568,4.375,4.400000095367432,17635
2016-03-07,3.8546910285949707,4.525000095367432,4.574999809265137,4.425000190734863,4.474999904632568,23510
2016-03-08,3.833395004272461,4.5,4.599999904632568,4.5,4.550000190734863,10769
2016-03-09,3.918581247329712,4.599999904632568,4.650000095367432,4.349999904632568,4.599999904632568,42259
2016-03-10,3.918581247329712,4.599999904632568,4.675000190734863,4.525000095367432,4.599999904632568,19049
2016-03-11,3.939877510070801,4.625,4.625,4.574999809265137,4.599999904632568,25165
2016-03-14,4.088954448699951,4.800000190734863,4.900000095367432,4.625,4.625,73012
2016-03-15,4.067657470703125,4.775000095367432,4.900000095367432,4.75,4.824999809265137,22946
2016-03-16,3.5778348445892334,4.199999809265137,4.800000190734863,4.150000095367432,4.800000190734863,471332
2016-03-17,3.5021276473999023,4.050000190734863,4.175000190734863,4.025000095367432,4.175000190734863,96745
2016-03-18,3.6318359375,4.199999809265137,4.199999809265137,4.074999809265137,4.099999904632568,67863
2016-03-21,3.588599920272827,4.150000095367432,4.199999809265137,4.099999904632568,4.199999809265137,24957
2016-03-22,3.528069257736206,4.079999923706055,4.289999961853027,4.03000020980835,4.130000114440918,38967
2016-03-23,3.5194220542907715,4.070000171661377,4.099999904632568,4.070000171661377,4.070000171661377,20320
2016-03-24,3.5453639030456543,4.099999904632568,4.099999904632568,4.070000171661377,4.070000171661377,53465
2016-03-29,3.4588916301727295,4.0,4.150000095367432,4.0,4.130000114440918,32459
2016-03-30,3.510775089263916,4.059999942779541,4.110000133514404,4.0,4.110000133514404,48150
2016-03-31,3.4934802055358887,4.039999961853027,4.090000152587891,4.03000020980835,4.03000020980835,14217
2016-04-01,3.4934802055358887,4.039999961853027,4.070000171661377,3.9700000286102295,4.050000190734863,35820
2016-04-04,3.4761857986450195,4.019999980926514,4.039999961853027,3.9700000286102295,3.9700000286102295,23666
2016-04-05,3.450244188308716,3.990000009536743,4.039999961853027,3.9600000381469727,4.019999980926514,47177
2016-04-06,3.4156556129455566,3.950000047683716,3.990000009536743,3.940000057220459,3.9600000381469727,22726
2016-04-07,3.407008171081543,3.940000057220459,3.990000009536743,3.930000066757202,3.9600000381469727,12247
2016-04-08,3.3724193572998047,3.9000000953674316,3.940000057220459,3.890000104904175,3.930000066757202,37197
2016-04-11,3.36377215385437,3.890000104904175,3.9600000381469727,3.890000104904175,3.9600000381469727,52156
2016-04-12,3.3897132873535156,3.9200000762939453,3.9600000381469727,3.890000104904175,3.890000104904175,36881
2016-04-13,3.3897132873535156,3.9200000762939453,3.950000047683716,3.9200000762939453,3.930000066757202,23145
2016-04-14,3.407008171081543,3.940000057220459,3.990000009536743,3.930000066757202,3.940000057220459,33211
2016-04-15,3.4934802055358887,4.039999961853027,4.079999923706055,3.9600000381469727,3.990000009536743,29224
2016-04-18,3.4934802055358887,4.039999961853027,4.090000152587891,4.010000228881836,4.070000171661377,43117
2016-04-19,3.5021276473999023,4.050000190734863,4.079999923706055,4.039999961853027,4.050000190734863,14561
2016-04-20,3.467538833618164,4.010000228881836,4.050000190734863,4.0,4.050000190734863,28844
2016-04-21,3.4588916301727295,4.0,4.050000190734863,3.9800000190734863,4.010000228881836,34430
2016-04-22,3.4588916301727295,4.0,4.03000020980835,4.0,4.0,15602
2016-04-25,3.450244188308716,3.990000009536743,4.050000190734863,3.9800000190734863,4.039999961853027,53918
2016-04-26,3.4934802055358887,4.039999961853027,4.050000190734863,4.010000228881836,4.039999961853027,34932
2016-04-27,3.4761857986450195,4.019999980926514,4.059999942779541,3.9800000190734863,4.019999980926514,32915
2016-04-28,3.484833240509033,4.03000020980835,4.03000020980835,3.9200000762939453,3.940000057220459,36912
2016-04-29,3.484833240509033,4.03000020980835,4.050000190734863,3.990000009536743,4.03000020980835,23782
2016-05-02,3.484833240509033,4.03000020980835,4.039999961853027,4.010000228881836,4.019999980926514,47117
2016-05-03,3.424302577972412,3.9600000381469727,4.019999980926514,3.9600000381469727,4.019999980926514,42206
2016-05-04,3.3291828632354736,3.8499999046325684,3.950000047683716,3.8499999046325684,3.9200000762939453,41520
2016-05-06,3.3897132873535156,3.9200000762939453,3.9200000762939453,3.819999933242798,3.819999933242798,23117
2016-05-09,3.3464772701263428,3.869999885559082,3.930000066757202,3.869999885559082,3.9200000762939453,3624
2016-05-10,3.337830066680908,3.859999895095825,3.9000000953674316,3.8399999141693115,3.8499999046325684,39368
2016-05-11,3.320535659790039,3.8399999141693115,3.869999885559082,3.8299999237060547,3.859999895095825,35083
2016-05-12,3.2686524391174316,3.7799999713897705,3.8299999237060547,3.7799999713897705,3.819999933242798,18271
2016-05-13,3.1562387943267822,3.6500000953674316,3.799999952316284,3.630000114440918,3.799999952316284,44904
2016-05-16,3.1562387943267822,3.6500000953674316,3.690000057220459,3.609999895095825,3.630000114440918,28831
2016-05-17,3.216769218444824,3.7200000286102295,3.75,3.680000066757202,3.680000066757202,158122
2016-05-18,3.277299404144287,3.7899999618530273,3.799999952316284,3.7200000286102295,3.7200000286102295,44691
2016-05-19,3.2340633869171143,3.740000009536743,3.8299999237060547,3.740000009536743,3.7899999618530273,59022
2016-05-20,3.216769218444824,3.7200000286102295,3.759999990463257,3.7200000286102295,3.740000009536743,54690
2016-05-23,3.277299404144287,3.7899999618530273,3.799999952316284,3.75,3.7799999713897705,45128
2016-05-24,3.2686524391174316,3.7799999713897705,3.7899999618530273,3.740000009536743,3.740000009536743,16878
2016-05-25,3.3724193572998047,3.9000000953674316,3.9800000190734863,3.799999952316284,3.799999952316284,147624
2016-05-26,3.36377215385437,3.890000104904175,3.9200000762939453,3.890000104904175,3.9000000953674316,89895
2016-05-27,3.3897132873535156,3.9200000762939453,3.9200000762939453,3.9000000953674316,3.9000000953674316,36687
2016-05-30,3.38106632232666,3.9100000858306885,3.9200000762939453,3.9100000858306885,3.9100000858306885,6563
2016-05-31,3.3724193572998047,3.9000000953674316,3.9200000762939453,3.880000114440918,3.890000104904175,8234
2016-06-01,3.36377215385437,3.890000104904175,3.9200000762939453,3.8499999046325684,3.9100000858306885,29953
2016-06-02,3.3724193572998047,3.9000000953674316,3.930000066757202,3.890000104904175,3.890000104904175,132836
2016-06-03,3.3983609676361084,3.930000066757202,3.9600000381469727,3.9000000953674316,3.9000000953674316,56710
2016-06-06,3.38106632232666,3.9100000858306885,3.940000057220459,3.890000104904175,3.930000066757202,27659
2016-06-07,3.3897132873535156,3.9200000762939453,3.9200000762939453,3.869999885559082,3.869999885559082,15105
2016-06-08,3.3897132873535156,3.9200000762939453,3.990000009536743,3.890000104904175,3.940000057220459,130022
2016-06-09,3.5021276473999023,4.050000190734863,4.119999885559082,3.890000104904175,3.9000000953674316,1654033
2016-06-10,3.4156556129455566,3.950000047683716,4.050000190734863,3.940000057220459,4.050000190734863,18738
2016-06-13,3.3983609676361084,3.930000066757202,4.0,3.9200000762939453,4.0,23964
2016-06-14,3.337830066680908,3.859999895095825,3.869999885559082,3.8499999046325684,3.869999885559082,16775
2016-06-15,3.407008171081543,3.940000057220459,3.950000047683716,3.8499999046325684,3.859999895095825,40032
2016-06-16,3.2945940494537354,3.809999942779541,3.859999895095825,3.799999952316284,3.859999895095825,27851
2016-06-17,3.320535659790039,3.8399999141693115,3.869999885559082,3.819999933242798,3.869999885559082,85824
2016-06-20,3.3724193572998047,3.9000000953674316,3.9200000762939453,3.8499999046325684,3.8499999046325684,23394
2016-06-21,3.320535659790039,3.8399999141693115,3.9100000858306885,3.809999942779541,3.9000000953674316,43585
2016-06-22,3.36377215385437,3.890000104904175,3.9100000858306885,3.8399999141693115,3.8399999141693115,33730
2016-06-23,3.4934802055358887,4.039999961853027,4.039999961853027,3.8499999046325684,3.8499999046325684,1049450
2016-06-27,3.424302577972412,3.9600000381469727,4.019999980926514,3.819999933242798,3.890000104904175,55656
2016-06-28,3.3983609676361084,3.930000066757202,3.9600000381469727,3.880000114440918,3.9600000381469727,4308
2016-06-29,3.424302577972412,3.9600000381469727,4.010000228881836,3.950000047683716,3.9600000381469727,29740
2016-06-30,3.4761857986450195,4.019999980926514,4.03000020980835,3.9200000762939453,3.9600000381469727,14705
2016-07-01,3.5021276473999023,4.050000190734863,4.070000171661377,4.019999980926514,4.019999980926514,16458
2016-07-04,3.528069257736206,4.079999923706055,4.079999923706055,4.03000020980835,4.050000190734863,16164
2016-07-05,3.4588916301727295,4.0,4.090000152587891,4.0,4.03000020980835,16525
2016-07-06,3.3724193572998047,3.9000000953674316,4.019999980926514,3.9000000953674316,4.0,19836
2016-07-07,3.4329497814178467,3.9700000286102295,4.0,3.9000000953674316,3.9000000953674316,2679
2016-07-08,3.4934802055358887,4.039999961853027,4.039999961853027,3.9700000286102295,4.0,12187
2016-07-11,3.510775089263916,4.059999942779541,4.090000152587891,4.039999961853027,4.039999961853027,14952
2016-07-12,3.4934802055358887,4.039999961853027,4.059999942779541,4.03000020980835,4.050000190734863,8275
2016-07-13,3.4934802055358887,4.039999961853027,4.079999923706055,4.0,4.03000020980835,16341
2016-07-14,3.4588916301727295,4.0,4.059999942779541,4.0,4.0,16998
2016-07-15,3.484833240509033,4.03000020980835,4.050000190734863,4.0,4.010000228881836,5139
2016-07-18,3.6318359375,4.199999809265137,4.199999809265137,4.059999942779541,4.090000152587891,36962
2016-07-19,3.5626585483551025,4.119999885559082,4.199999809265137,4.079999923706055,4.199999809265137,13554
2016-07-20,3.588599920272827,4.150000095367432,4.199999809265137,4.150000095367432,4.150000095367432,64309
2016-07-21,3.718308210372925,4.300000190734863,4.380000114440918,4.199999809265137,4.199999809265137,62304
2016-07-22,3.804780960083008,4.400000095367432,4.449999809265137,4.300000190734863,4.320000171661377,32099
2016-07-25,3.804780960083008,4.400000095367432,4.460000038146973,4.349999904632568,4.400000095367432,15395
2016-07-26,3.7442495822906494,4.329999923706055,4.400000095367432,4.300000190734863,4.400000095367432,5642
2016-07-27,3.7615444660186768,4.349999904632568,4.400000095367432,4.349999904632568,4.349999904632568,5754
2016-07-28,3.7701916694641113,4.360000133514404,4.400000095367432,4.360000133514404,4.400000095367432,7576
2016-07-29,3.735603094100952,4.320000171661377,4.380000114440918,4.320000171661377,4.360000133514404,10452
2016-08-01,3.7701916694641113,4.360000133514404,4.46999979019165,4.320000171661377,4.320000171661377,13537
2016-08-02,3.614542007446289,4.179999828338623,4.360000133514404,4.130000114440918,4.360000133514404,15048
2016-08-03,3.6404833793640137,4.210000038146973,4.309999942779541,4.179999828338623,4.179999828338623,8258
2016-08-04,3.675071954727173,4.25,4.300000190734863,4.159999847412109,4.199999809265137,10994
2016-08-05,3.649130344390869,4.21999979019165,4.300000190734863,4.210000038146973,4.300000190734863,8243
2016-08-08,3.7442495822906494,4.329999923706055,4.360000133514404,4.170000076293945,4.300000190734863,41810
2016-08-09,3.96043062210083,4.579999923706055,4.650000095367432,4.21999979019165,4.329999923706055,109354
2016-08-10,3.89989972114563,4.510000228881836,4.610000133514404,4.510000228881836,4.610000133514404,44889
2016-08-11,3.89989972114563,4.510000228881836,4.539999961853027,4.5,4.5,21967
2016-08-12,3.8912532329559326,4.5,4.510000228881836,4.449999809265137,4.5,22870
2016-08-15,3.9344890117645264,4.550000190734863,4.550000190734863,4.489999771118164,4.5,46664
2016-08-16,3.9344890117645264,4.550000190734863,4.590000152587891,4.480000019073486,4.550000190734863,20612
2016-08-17,3.9085476398468018,4.519999980926514,4.590000152587891,4.5,4.550000190734863,18355
2016-08-18,3.986372947692871,4.610000133514404,4.639999866485596,4.53000020980835,4.53000020980835,20467
2016-08-19,3.9085476398468018,4.519999980926514,4.659999847412109,4.519999980926514,4.639999866485596,32498
2016-08-22,3.9085476398468018,4.519999980926514,4.679999828338623,4.519999980926514,4.559999942779541,51778
2016-08-23,4.107433319091797,4.75,4.78000020980835,4.610000133514404,4.619999885559082,221568
2016-08-24,4.072844505310059,4.710000038146973,4.730000019073486,4.639999866485596,4.730000019073486,15996
2016-08-25,3.9517836570739746,4.570000171661377,4.679999828338623,4.570000171661377,4.679999828338623,8155
2016-08-26,3.9344890117645264,4.550000190734863,4.670000076293945,4.519999980926514,4.610000133514404,12482
2016-08-29,4.03825569152832,4.670000076293945,4.71999979019165,4.559999942779541,4.650000095367432,17695
2016-08-30,3.9344890117645264,4.550000190734863,4.71999979019165,4.550000190734863,4.699999809265137,87574
2016-08-31,4.064197540283203,4.699999809265137,4.789999961853027,4.559999942779541,4.559999942779541,18778
2016-09-01,4.064197540283203,4.699999809265137,4.730000019073486,4.699999809265137,4.730000019073486,5302
2016-09-02,4.064197540283203,4.699999809265137,4.760000228881836,4.659999847412109,4.699999809265137,5303
2016-09-05,4.029609203338623,4.659999847412109,4.699999809265137,4.659999847412109,4.699999809265137,4748
2016-09-06,4.029609203338623,4.659999847412109,4.699999809265137,4.610000133514404,4.659999847412109,9030
2016-09-07,4.003666877746582,4.630000114440918,4.659999847412109,4.579999923706055,4.659999847412109,3347
2016-09-08,3.9777252674102783,4.599999904632568,4.630000114440918,4.579999923706055,4.579999923706055,16087
2016-09-09,3.89989972114563,4.510000228881836,4.570000171661377,4.5,4.5,18112
2016-09-12,3.8134281635284424,4.409999847412109,4.5,4.309999942779541,4.5,18266
2016-09-13,3.8912532329559326,4.5,4.510000228881836,4.420000076293945,4.420000076293945,21949
2016-09-14,3.8912532329559326,4.5,4.519999980926514,4.460000038146973,4.519999980926514,14806
2016-09-15,3.7615444660186768,4.349999904632568,4.489999771118164,4.349999904632568,4.489999771118164,4649
2016-09-16,3.7874867916107178,4.380000114440918,4.409999847412109,4.380000114440918,4.380000114440918,23401
2016-09-19,3.8480160236358643,4.449999809265137,4.489999771118164,4.380000114440918,4.380000114440918,6504
2016-09-20,3.30324125289917,3.819999933242798,4.420000076293945,3.7799999713897705,4.400000095367432,213801
2016-09-21,3.320535659790039,3.8399999141693115,3.890000104904175,3.8299999237060547,3.890000104904175,298486
2016-09-22,3.36377215385437,3.890000104904175,3.9100000858306885,3.8399999141693115,3.880000114440918,163016
2016-09-23,3.4156556129455566,3.950000047683716,3.9600000381469727,3.9000000953674316,3.9100000858306885,51932
2016-09-26,3.4156556129455566,3.950000047683716,3.9800000190734863,3.9100000858306885,3.9700000286102295,34521
2016-09-27,3.4415969848632812,3.9800000190734863,3.990000009536743,3.950000047683716,3.990000009536743,35873
2016-09-28,3.4156556129455566,3.950000047683716,3.9800000190734863,3.9200000762939453,3.9800000190734863,152848
2016-09-29,3.3724193572998047,3.9000000953674316,3.930000066757202,3.890000104904175,3.9200000762939453,43548
2016-09-30,3.3464772701263428,3.869999885559082,3.9000000953674316,3.8399999141693115,3.9000000953674316,53999
2016-10-03,3.3464772701263428,3.869999885559082,3.9000000953674316,3.8399999141693115,3.9000000953674316,161665
2016-10-04,3.337830066680908,3.859999895095825,3.890000104904175,3.8499999046325684,3.869999885559082,14256
2016-10-05,3.36377215385437,3.890000104904175,3.890000104904175,3.8499999046325684,3.859999895095825,10922
2016-10-06,3.3464772701263428,3.869999885559082,3.890000104904175,3.8499999046325684,3.890000104904175,37591
2016-10-07,3.337830066680908,3.859999895095825,3.869999885559082,3.8399999141693115,3.8499999046325684,11638
2016-10-10,3.337830066680908,3.859999895095825,3.869999885559082,3.8299999237060547,3.869999885559082,3587
2016-10-11,3.30324125289917,3.819999933242798,3.8499999046325684,3.819999933242798,3.8399999141693115,19009
2016-10-12,3.3118886947631836,3.8299999237060547,3.8499999046325684,3.809999942779541,3.819999933242798,66565
2016-10-13,3.2945940494537354,3.809999942779541,3.8499999046325684,3.799999952316284,3.819999933242798,13997
2016-10-14,3.320535659790039,3.8399999141693115,3.8399999141693115,3.809999942779541,3.809999942779541,16120
2016-10-17,3.320535659790039,3.8399999141693115,3.8399999141693115,3.799999952316284,3.799999952316284,13439
2016-10-18,3.30324125289917,3.819999933242798,3.8399999141693115,3.809999942779541,3.809999942779541,11832
2016-10-19,3.2945940494537354,3.809999942779541,3.8499999046325684,3.799999952316284,3.819999933242798,35765
2016-10-20,3.277299404144287,3.7899999618530273,3.809999942779541,3.7899999618530273,3.809999942779541,13620
2016-10-21,3.285946846008301,3.799999952316284,3.819999933242798,3.7899999618530273,3.799999952316284,153908
2016-10-24,3.2686524391174316,3.7799999713897705,3.819999933242798,3.7699999809265137,3.799999952316284,49829
2016-10-25,3.260005474090576,3.7699999809265137,3.7899999618530273,3.75,3.7899999618530273,23984
2016-10-26,3.2081220149993896,3.7100000381469727,3.7899999618530273,3.7100000381469727,3.7699999809265137,39672
2016-10-27,3.1216492652893066,3.609999895095825,3.700000047683716,3.609999895095825,3.700000047683716,80715
2016-10-28,3.138943910598755,3.630000114440918,3.6700000762939453,3.5799999237060547,3.6500000953674316,111165
2016-10-31,3.0784130096435547,3.559999942779541,3.6500000953674316,3.559999942779541,3.640000104904175,39961
2016-11-01,3.0611190795898438,3.5399999618530273,3.5999999046325684,3.509999990463257,3.559999942779541,59250
2016-11-02,3.0265297889709473,3.5,3.569999933242798,3.5,3.5399999618530273,72696
2016-11-03,3.1130025386810303,3.5999999046325684,3.609999895095825,3.490000009536743,3.5,38567
2016-11-04,3.1130025386810303,3.5999999046325684,3.640000104904175,3.5,3.5,227610
2016-11-07,3.199474573135376,3.700000047683716,3.700000047683716,3.630000114440918,3.640000104904175,31509
2016-11-08,3.182180166244507,3.680000066757202,3.7200000286102295,3.6700000762939453,3.7200000286102295,41395
2016-11-09,3.138943910598755,3.630000114440918,3.7100000381469727,3.5,3.5999999046325684,40994
2016-11-10,3.216769218444824,3.7200000286102295,3.740000009536743,3.6600000858306885,3.6600000858306885,20217
2016-11-11,3.216769218444824,3.7200000286102295,3.7200000286102295,3.630000114440918,3.7100000381469727,16704
2016-11-14,3.260005474090576,3.7699999809265137,3.7799999713897705,3.700000047683716,3.700000047683716,27810
2016-11-15,3.2513577938079834,3.759999990463257,3.7799999713897705,3.680000066757202,3.7799999713897705,40818
2016-11-16,3.2340633869171143,3.740000009536743,3.7799999713897705,3.7200000286102295,3.7699999809265137,17095
2016-11-17,3.2686524391174316,3.7799999713897705,3.799999952316284,3.7300000190734863,3.7300000190734863,10119
2016-11-18,3.260005474090576,3.7699999809265137,3.799999952316284,3.7699999809265137,3.799999952316284,15161
2016-11-21,3.260005474090576,3.7699999809265137,3.809999942779541,3.759999990463257,3.809999942779541,22999
2016-11-22,3.337830066680908,3.859999895095825,3.859999895095825,3.799999952316284,3.799999952316284,27366
2016-11-23,3.3724193572998047,3.9000000953674316,3.940000057220459,3.799999952316284,3.799999952316284,45452
2016-11-24,3.38106632232666,3.9100000858306885,3.950000047683716,3.869999885559082,3.9000000953674316,26890
2016-11-25,3.407008171081543,3.940000057220459,3.9800000190734863,3.9200000762939453,3.930000066757202,32668
2016-11-28,3.4588916301727295,4.0,4.019999980926514,3.950000047683716,3.9700000286102295,40310
2016-11-29,3.4588916301727295,4.0,4.03000020980835,3.9800000190734863,4.0,22054
2016-11-30,3.484833240509033,4.03000020980835,4.03000020980835,4.0,4.03000020980835,81490
2016-12-01,3.4761857986450195,4.019999980926514,4.03000020980835,4.0,4.019999980926514,17226
2016-12-02,3.467538833618164,4.010000228881836,4.039999961853027,4.0,4.039999961853027,15361
2016-12-05,3.467538833618164,4.010000228881836,4.050000190734863,3.990000009536743,4.0,38211
2016-12-07,3.484833240509033,4.03000020980835,4.050000190734863,4.0,4.010000228881836,10756
2016-12-08,3.4934802055358887,4.039999961853027,4.039999961853027,4.0,4.03000020980835,6899
2016-12-09,3.4761857986450195,4.019999980926514,4.050000190734863,4.0,4.050000190734863,14339
2016-12-12,3.484833240509033,4.03000020980835,4.039999961853027,4.0,4.019999980926514,15370
2016-12-13,3.484833240509033,4.03000020980835,4.059999942779541,4.0,4.010000228881836,64442
2016-12-14,3.4761857986450195,4.019999980926514,4.070000171661377,4.019999980926514,4.070000171661377,14839
2016-12-15,3.5194220542907715,4.070000171661377,4.070000171661377,4.019999980926514,4.03000020980835,25708
2016-12-16,3.5021276473999023,4.050000190734863,4.059999942779541,4.039999961853027,4.039999961853027,6919
2016-12-19,3.5021276473999023,4.050000190734863,4.059999942779541,4.010000228881836,4.050000190734863,8642
2016-12-20,3.510775089263916,4.059999942779541,4.059999942779541,4.0,4.0,22195
2016-12-21,3.675071954727173,4.25,4.309999942779541,4.050000190734863,4.059999942779541,102462
2016-12-22,3.649130344390869,4.21999979019165,4.260000228881836,4.199999809265137,4.25,58660
2016-12-23,3.614542007446289,4.179999828338623,4.289999961853027,4.099999904632568,4.150000095367432,12369
2016-12-27,3.6058945655822754,4.170000076293945,4.179999828338623,4.139999866485596,4.179999828338623,6592
2016-12-28,3.6058945655822754,4.170000076293945,4.179999828338623,4.079999923706055,4.150000095367432,18798
2016-12-29,3.692366600036621,4.269999980926514,4.269999980926514,4.170000076293945,4.170000076293945,23480
2016-12-30,3.5799524784088135,4.139999866485596,4.269999980926514,4.110000133514404,4.269999980926514,16538
2017-01-02,3.675071954727173,4.25,4.260000228881836,4.150000095367432,4.150000095367432,5118
2017-01-03,3.6837196350097656,4.260000228881836,4.289999961853027,4.260000228881836,4.260000228881836,7346
2017-01-04,3.7096612453460693,4.289999961853027,4.300000190734863,4.230000019073486,4.28000020980835,17372
2017-01-05,3.7528975009918213,4.340000152587891,4.340000152587891,4.150000095367432,4.289999961853027,27582
2017-01-09,3.778838634490967,4.369999885559082,4.400000095367432,4.300000190734863,4.349999904632568,36462
2017-01-10,3.7096612453460693,4.289999961853027,4.380000114440918,4.170000076293945,4.320000171661377,14226
2017-01-11,3.7615444660186768,4.349999904632568,4.380000114440918,4.269999980926514,4.380000114440918,3101
2017-01-12,3.675071954727173,4.25,4.300000190734863,4.25,4.28000020980835,13591
2017-01-13,3.675071954727173,4.25,4.329999923706055,4.239999771118164,4.329999923706055,2945
2017-01-16,3.657777786254883,4.230000019073486,4.25,4.199999809265137,4.25,26894
2017-01-17,3.6404833793640137,4.210000038146973,4.25,4.199999809265137,4.25,7791
2017-01-18,3.6404833793640137,4.210000038146973,4.210000038146973,4.199999809265137,4.210000038146973,3504
2017-01-19,3.6664249897003174,4.239999771118164,4.400000095367432,4.199999809265137,4.400000095367432,12524
2017-01-20,3.649130344390869,4.21999979019165,4.25,4.210000038146973,4.210000038146973,3653
2017-01-23,3.675071954727173,4.25,4.25,4.199999809265137,4.230000019073486,7443
2017-01-24,3.675071954727173,4.25,4.25,4.210000038146973,4.25,8316
2017-01-25,3.7096612453460693,4.289999961853027,4.300000190734863,4.21999979019165,4.25,41475
2017-01-26,3.735603094100952,4.320000171661377,4.329999923706055,4.269999980926514,4.300000190734863,28585
2017-01-27,3.7615444660186768,4.349999904632568,4.360000133514404,4.300000190734863,4.349999904632568,40495
2017-01-30,3.6318359375,4.199999809265137,4.400000095367432,4.199999809265137,4.380000114440918,46019
2017-01-31,3.4588916301727295,4.0,4.28000020980835,3.950000047683716,4.28000020980835,62615
2017-02-01,3.528069257736206,4.079999923706055,4.099999904632568,4.010000228881836,4.010000228881836,23504
2017-02-02,3.510775089263916,4.059999942779541,4.239999771118164,4.039999961853027,4.239999771118164,7476
2017-02-03,3.4761857986450195,4.019999980926514,4.119999885559082,4.019999980926514,4.059999942779541,10298
2017-02-06,3.5021276473999023,4.050000190734863,4.090000152587891,4.019999980926514,4.019999980926514,17280
2017-02-07,3.467538833618164,4.010000228881836,4.139999866485596,4.010000228881836,4.059999942779541,11944
2017-02-08,3.450244188308716,3.990000009536743,4.03000020980835,3.9800000190734863,4.010000228881836,17028
2017-02-09,3.4329497814178467,3.9700000286102295,4.050000190734863,3.950000047683716,3.950000047683716,20021
2017-02-10,3.3724193572998047,3.9000000953674316,4.010000228881836,3.9000000953674316,3.9700000286102295,183581
2017-02-13,3.3983609676361084,3.930000066757202,3.990000009536743,3.9100000858306885,3.9100000858306885,20646
2017-02-14,3.3983609676361084,3.930000066757202,3.9600000381469727,3.9200000762939453,3.930000066757202,6610
2017-02-15,3.3897132873535156,3.9200000762939453,3.990000009536743,3.9100000858306885,3.9700000286102295,122013
2017-02-16,3.38106632232666,3.9100000858306885,3.940000057220459,3.880000114440918,3.930000066757202,21263
2017-02-17,3.38106632232666,3.9100000858306885,3.950000047683716,3.859999895095825,3.930000066757202,52153
2017-02-20,3.4329497814178467,3.9700000286102295,3.9700000286102295,3.940000057220459,3.940000057220459,13364
2017-02-21,3.4156556129455566,3.950000047683716,3.9700000286102295,3.950000047683716,3.9700000286102295,9156
2017-02-22,3.4329497814178467,3.9700000286102295,3.9700000286102295,3.940000057220459,3.9600000381469727,8739
2017-02-23,3.4329497814178467,3.9700000286102295,3.9700000286102295,3.930000066757202,3.950000047683716,6466
2017-02-24,3.4588916301727295,4.0,4.03000020980835,3.940000057220459,3.950000047683716,25402
2017-02-27,3.5021276473999023,4.050000190734863,4.170000076293945,4.0,4.0,5325
2017-02-28,3.4761857986450195,4.019999980926514,4.070000171661377,4.019999980926514,4.050000190734863,6640
2017-03-01,3.467538833618164,4.010000228881836,4.050000190734863,4.010000228881836,4.019999980926514,5990
2017-03-02,3.4761857986450195,4.019999980926514,4.070000171661377,4.019999980926514,4.039999961853027,17247
2017-03-03,3.4934802055358887,4.039999961853027,4.039999961853027,4.019999980926514,4.019999980926514,1427
2017-03-06,3.614542007446289,4.179999828338623,4.239999771118164,4.070000171661377,4.070000171661377,79251
2017-03-07,3.7269554138183594,4.309999942779541,4.349999904632568,4.179999828338623,4.179999828338623,49511
2017-03-08,3.7615444660186768,4.349999904632568,4.349999904632568,4.260000228881836,4.28000020980835,56553
2017-03-09,3.6837196350097656,4.260000228881836,4.349999904632568,4.260000228881836,4.349999904632568,7772
2017-03-10,3.6837196350097656,4.260000228881836,4.349999904632568,4.210000038146973,4.210000038146973,3635
2017-03-13,3.718308210372925,4.300000190734863,4.320000171661377,4.210000038146973,4.300000190734863,19123
2017-03-14,3.8220748901367188,4.420000076293945,4.5,4.289999961853027,4.300000190734863,11722
2017-03-15,3.986372947692871,4.610000133514404,4.610000133514404,4.429999828338623,4.5,102946
2017-03-16,4.081784725189209,4.650000095367432,4.650000095367432,4.300000190734863,4.599999904632568,58652
2017-03-17,4.064228534698486,4.630000114440918,4.650000095367432,4.550000190734863,4.619999885559082,9002
2017-03-20,4.029116153717041,4.590000152587891,4.599999904632568,4.409999847412109,4.599999904632568,6836
2017-03-21,3.941335916519165,4.489999771118164,4.590000152587891,4.420000076293945,4.590000152587891,15725
2017-03-22,3.888667583465576,4.429999828338623,4.480000019073486,4.21999979019165,4.480000019073486,36716
2017-03-23,3.9237797260284424,4.46999979019165,4.480000019073486,4.400000095367432,4.449999809265137,22887
2017-03-24,3.915001630783081,4.460000038146973,4.460000038146973,4.400000095367432,4.400000095367432,16533
2017-03-27,3.862332820892334,4.400000095367432,4.449999809265137,4.400000095367432,4.449999809265137,17240
2017-03-28,3.8974456787109375,4.440000057220459,4.440000057220459,4.420000076293945,4.420000076293945,12652
2017-03-29,3.9237797260284424,4.46999979019165,4.5,4.46999979019165,4.5,120227
2017-03-30,3.9237797260284424,4.46999979019165,4.550000190734863,4.46999979019165,4.5,10865
2017-03-31,4.002782344818115,4.559999942779541,4.559999942779541,4.480000019073486,4.480000019073486,22923
2017-04-03,4.029116153717041,4.590000152587891,4.590000152587891,4.400000095367432,4.400000095367432,13214
2017-04-04,3.9501142501831055,4.5,4.579999923706055,4.5,4.570000171661377,19617
2017-04-05,3.9501142501831055,4.5,4.579999923706055,4.5,4.579999923706055,5317
2017-04-06,3.994004487991333,4.550000190734863,4.550000190734863,4.510000228881836,4.510000228881836,12280
2017-04-07,3.976447820663452,4.53000020980835,4.570000171661377,4.53000020980835,4.570000171661377,33562
2017-04-10,4.01155948638916,4.570000171661377,4.570000171661377,4.460000038146973,4.460000038146973,14050
2017-04-11,4.090562343597412,4.659999847412109,4.699999809265137,4.570000171661377,4.570000171661377,13753
2017-04-12,4.0730061531066895,4.639999866485596,4.679999828338623,4.619999885559082,4.659999847412109,1549
2017-04-13,4.0730061531066895,4.639999866485596,4.679999828338623,4.619999885559082,4.650000095367432,6598
2017-04-18,4.081784725189209,4.650000095367432,4.679999828338623,4.650000095367432,4.650000095367432,6902
2017-04-19,4.046672344207764,4.610000133514404,4.639999866485596,4.599999904632568,4.599999904632568,2952
2017-04-20,4.064228534698486,4.630000114440918,4.639999866485596,4.599999904632568,4.639999866485596,2316
2017-04-21,4.081784725189209,4.650000095367432,4.699999809265137,4.599999904632568,4.619999885559082,26690
2017-04-24,4.125674247741699,4.699999809265137,4.739999771118164,4.639999866485596,4.739999771118164,17096
2017-04-25,4.1344523429870605,4.710000038146973,4.800000190734863,4.699999809265137,4.699999809265137,22881
2017-04-26,4.1871209144592285,4.769999980926514,4.900000095367432,4.690000057220459,4.690000057220459,175387
2017-04-27,4.301234722137451,4.900000095367432,4.920000076293945,4.739999771118164,4.75,24565
2017-04-28,4.2134552001953125,4.800000190734863,4.920000076293945,4.789999961853027,4.920000076293945,15087
2017-05-02,4.301234722137451,4.900000095367432,4.900000095367432,4.75,4.800000190734863,17954
2017-05-03,4.511907577514648,5.139999866485596,5.139999866485596,4.900000095367432,5.0,31230
2017-05-04,4.547019958496094,5.179999828338623,5.190000057220459,5.050000190734863,5.139999866485596,21709
2017-05-05,4.529463768005371,5.159999847412109,5.21999979019165,5.130000114440918,5.179999828338623,13293
2017-05-08,4.564576148986816,5.199999809265137,5.21999979019165,5.150000095367432,5.159999847412109,29310
2017-05-09,4.432905673980713,5.050000190734863,5.210000038146973,4.980000019073486,5.199999809265137,14854
2017-05-10,4.389015197753906,5.0,5.199999809265137,4.980000019073486,5.059999942779541,12819
2017-05-11,4.353903293609619,4.960000038146973,5.0,4.809999942779541,5.0,38561
2017-05-12,4.327569484710693,4.929999828338623,5.019999980926514,4.860000133514404,4.96999979019165,16362
2017-05-15,4.301234722137451,4.900000095367432,4.929999828338623,4.860000133514404,4.929999828338623,2360
2017-05-16,4.3363471031188965,4.940000057220459,4.940000057220459,4.75,4.860000133514404,50160
2017-05-17,4.3363471031188965,4.940000057220459,4.940000057220459,4.869999885559082,4.900000095367432,13853
2017-05-18,4.345125198364258,4.949999809265137,4.949999809265137,4.900000095367432,4.920000076293945,12761
2017-05-19,4.397793769836426,5.010000228881836,5.010000228881836,4.909999847412109,4.949999809265137,9946
2017-05-22,4.432905673980713,5.050000190734863,5.059999942779541,4.989999771118164,5.0,11693
2017-05-23,4.424127578735352,5.039999961853027,5.059999942779541,4.989999771118164,5.050000190734863,9163
2017-05-24,4.389015197753906,5.0,5.190000057220459,5.0,5.139999866485596,21037
2017-05-26,4.441683769226074,5.059999942779541,5.079999923706055,5.059999942779541,5.079999923706055,110
2017-05-29,4.318791389465332,4.920000076293945,4.989999771118164,4.909999847412109,4.980000019073486,4680
2017-05-30,4.318791389465332,4.920000076293945,4.929999828338623,4.909999847412109,4.929999828338623,3402
2017-05-31,4.301234722137451,4.900000095367432,4.909999847412109,4.889999866485596,4.909999847412109,3949
2017-06-01,4.222232341766357,4.809999942779541,4.869999885559082,4.769999980926514,4.869999885559082,7113
2017-06-02,4.345125198364258,4.949999809265137,4.949999809265137,4.809999942779541,4.820000171661377,33407
2017-06-05,4.327569484710693,4.929999828338623,4.949999809265137,4.929999828338623,4.949999809265137,3691
2017-06-06,4.529463768005371,5.159999847412109,5.159999847412109,4.929999828338623,4.929999828338623,13488
2017-06-07,4.511907577514648,5.139999866485596,5.179999828338623,5.099999904632568,5.130000114440918,8321
2017-06-08,4.4767961502075195,5.099999904632568,5.119999885559082,5.099999904632568,5.099999904632568,3411
2017-06-09,4.503129482269287,5.130000114440918,5.179999828338623,5.099999904632568,5.099999904632568,14005
2017-06-12,4.389015197753906,5.0,5.130000114440918,5.0,5.130000114440918,2148
2017-06-13,4.380237102508545,4.989999771118164,5.099999904632568,4.989999771118164,5.0,3839
2017-06-14,4.432905673980713,5.050000190734863,5.090000152587891,5.050000190734863,5.050000190734863,1940
2017-06-15,4.468018054962158,5.090000152587891,5.090000152587891,5.0,5.059999942779541,7272
2017-06-16,4.380237102508545,4.989999771118164,5.099999904632568,4.980000019073486,5.090000152587891,85529
2017-06-19,4.380237102508545,4.989999771118164,5.090000152587891,4.989999771118164,4.989999771118164,6299
2017-06-20,4.274900913238525,4.869999885559082,5.010000228881836,4.829999923706055,4.989999771118164,66376
2017-06-21,4.345125198364258,4.949999809265137,4.989999771118164,4.869999885559082,4.869999885559082,53141
2017-06-22,4.301234722137451,4.900000095367432,4.920000076293945,4.820000171661377,4.920000076293945,7426
2017-06-26,4.389015197753906,5.0,5.019999980926514,4.949999809265137,4.949999809265137,8181
2017-06-27,4.301234722137451,4.900000095367432,4.949999809265137,4.889999866485596,4.949999809265137,10080
2017-06-28,4.3363471031188965,4.940000057220459,4.949999809265137,4.909999847412109,4.920000076293945,5559
2017-06-29,4.3363471031188965,4.940000057220459,4.96999979019165,4.900000095367432,4.940000057220459,12769
2017-06-30,4.345125198364258,4.949999809265137,4.949999809265137,4.869999885559082,4.940000057220459,20169
2017-07-03,4.318791389465332,4.920000076293945,4.949999809265137,4.900000095367432,4.900000095367432,5000
2017-07-04,4.301234722137451,4.900000095367432,4.920000076293945,4.880000114440918,4.909999847412109,1449
2017-07-05,4.389015197753906,5.0,5.090000152587891,4.880000114440918,4.900000095367432,15429
2017-07-06,4.468018054962158,5.090000152587891,5.099999904632568,4.949999809265137,5.010000228881836,14754
2017-07-07,4.432905673980713,5.050000190734863,5.199999809265137,4.940000057220459,4.960000038146973,25374
2017-07-10,4.397793769836426,5.010000228881836,5.050000190734863,5.010000228881836,5.050000190734863,320
2017-07-11,4.432905673980713,5.050000190734863,5.050000190734863,4.960000038146973,5.0,2152
2017-07-12,4.459239959716797,5.079999923706055,5.179999828338623,4.949999809265137,4.949999809265137,2573
2017-07-13,4.503129482269287,5.130000114440918,5.130000114440918,5.059999942779541,5.059999942779541,162
2017-07-14,4.4767961502075195,5.099999904632568,5.110000133514404,5.050000190734863,5.050000190734863,25
2017-07-17,4.450461387634277,5.070000171661377,5.070000171661377,5.050000190734863,5.059999942779541,1433
2017-07-18,4.397793769836426,5.010000228881836,5.079999923706055,4.989999771118164,5.079999923706055,3478
2017-07-19,4.397793769836426,5.010000228881836,5.050000190734863,5.0,5.0,1848
2017-07-20,4.274900913238525,4.869999885559082,4.900000095367432,4.690000057220459,4.75,46548
2017-07-21,4.222232341766357,4.809999942779541,4.849999904632568,4.760000228881836,4.849999904632568,8843
2017-07-24,4.108118534088135,4.679999828338623,4.809999942779541,4.670000076293945,4.809999942779541,6994
2017-07-25,3.994004487991333,4.550000190734863,4.679999828338623,4.460000038146973,4.679999828338623,8463
2017-07-26,4.143230438232422,4.71999979019165,4.71999979019165,4.610000133514404,4.710000038146973,9617
2017-07-27,4.204677104949951,4.789999961853027,4.809999942779541,4.75,4.75,7403
2017-07-28,4.301234722137451,4.900000095367432,4.900000095367432,4.75,4.789999961853027,11028
2017-07-31,4.222232341766357,4.809999942779541,4.829999923706055,4.75,4.75,1352
2017-08-01,4.2134552001953125,4.800000190734863,5.0,4.769999980926514,4.96999979019165,957
2017-08-02,4.19589900970459,4.78000020980835,4.800000190734863,4.75,4.800000190734863,9858
2017-08-03,4.143230438232422,4.71999979019165,4.849999904632568,4.710000038146973,4.849999904632568,13307
2017-08-04,4.169564247131348,4.75,4.78000020980835,4.710000038146973,4.730000019073486,7984
2017-08-07,4.292457103729248,4.889999866485596,4.900000095367432,4.75,4.75,7224
2017-08-08,4.160787105560303,4.739999771118164,4.860000133514404,4.71999979019165,4.860000133514404,29340
2017-08-09,4.301234722137451,4.900000095367432,5.0,4.760000228881836,4.760000228881836,77748
2017-08-10,4.301234722137451,4.900000095367432,5.050000190734863,4.820000171661377,4.909999847412109,44011
2017-08-11,4.266123294830322,4.860000133514404,4.860000133514404,4.809999942779541,4.820000171661377,737
2017-08-14,4.301234722137451,4.900000095367432,4.900000095367432,4.849999904632568,4.900000095367432,4509
2017-08-15,4.266123294830322,4.860000133514404,4.860000133514404,4.820000171661377,4.849999904632568,7296
2017-08-16,4.301234722137451,4.900000095367432,4.900000095367432,4.849999904632568,4.860000133514404,8080
2017-08-17,4.301234722137451,4.900000095367432,4.900000095367432,4.860000133514404,4.860000133514404,779
2017-08-18,4.2836785316467285,4.880000114440918,4.880000114440918,4.849999904632568,4.849999904632568,10149
2017-08-21,4.301234722137451,4.900000095367432,4.900000095367432,4.849999904632568,4.880000114440918,15452
2017-08-22,4.257344722747803,4.849999904632568,4.900000095367432,4.800000190734863,4.900000095367432,5313
2017-08-23,4.301234722137451,4.900000095367432,4.900000095367432,4.800000190734863,4.849999904632568,39316
2017-08-24,4.257344722747803,4.849999904632568,4.849999904632568,4.820000171661377,4.849999904632568,626
2017-08-25,4.231010913848877,4.820000171661377,4.849999904632568,4.800000190734863,4.840000152587891,8911
2017-08-28,4.2134552001953125,4.800000190734863,4.809999942779541,4.800000190734863,4.800000190734863,7409
2017-08-29,4.2485671043396,4.840000152587891,4.840000152587891,4.800000190734863,4.809999942779541,233228
2017-08-30,4.116896152496338,4.690000057220459,4.840000152587891,4.679999828338623,4.840000152587891,68054
2017-08-31,4.02033805847168,4.579999923706055,4.690000057220459,4.570000171661377,4.690000057220459,34928
2017-09-01,3.9501142501831055,4.5,4.610000133514404,4.449999809265137,4.579999923706055,21109
2017-09-04,3.853555202484131,4.389999866485596,4.480000019073486,4.349999904632568,4.480000019073486,44633
2017-09-05,3.9501142501831055,4.5,4.5,4.360000133514404,4.360000133514404,12497
2017-09-06,3.9501142501831055,4.5,4.519999980926514,4.460000038146973,4.5,5665
2017-09-07,4.029116153717041,4.590000152587891,4.590000152587891,4.5,4.5,10751
2017-09-08,4.125674247741699,4.699999809265137,4.730000019073486,4.590000152587891,4.590000152587891,13136
2017-09-11,4.169564247131348,4.75,4.75,4.659999847412109,4.699999809265137,8932
2017-09-12,4.169564247131348,4.75,4.769999980926514,4.699999809265137,4.75,10924
2017-09-13,4.169564247131348,4.75,4.789999961853027,4.699999809265137,4.769999980926514,3699
2017-09-14,3.994004487991333,4.550000190734863,4.71999979019165,4.550000190734863,4.699999809265137,6635
2017-09-15,3.941335916519165,4.489999771118164,4.590000152587891,4.46999979019165,4.570000171661377,49813
2017-09-18,4.002782344818115,4.559999942779541,4.570000171661377,4.489999771118164,4.489999771118164,5635
2017-09-19,4.02033805847168,4.579999923706055,4.599999904632568,4.570000171661377,4.599999904632568,5969
2017-09-20,4.0378947257995605,4.599999904632568,4.619999885559082,4.579999923706055,4.599999904632568,4564
2017-09-21,3.994004487991333,4.550000190734863,4.619999885559082,4.53000020980835,4.590000152587891,50992
2017-09-22,4.108118534088135,4.679999828338623,4.679999828338623,4.53000020980835,4.53000020980835,1697
2017-09-25,3.976447820663452,4.53000020980835,4.679999828338623,4.489999771118164,4.679999828338623,3797
2017-09-26,3.976447820663452,4.53000020980835,4.559999942779541,4.53000020980835,4.53000020980835,1163
2017-09-27,3.96766996383667,4.519999980926514,4.550000190734863,4.519999980926514,4.519999980926514,505195
2017-09-28,3.932558059692383,4.480000019073486,4.519999980926514,4.449999809265137,4.519999980926514,1230
2017-09-29,3.941335916519165,4.489999771118164,4.510000228881836,4.440000057220459,4.460000038146973,8063
2017-10-02,3.932558059692383,4.480000019073486,4.550000190734863,4.409999847412109,4.550000190734863,28364
2017-10-03,3.976447820663452,4.53000020980835,4.619999885559082,4.460000038146973,4.46999979019165,24404
2017-10-04,4.029116153717041,4.590000152587891,4.599999904632568,4.550000190734863,4.599999904632568,4307
2017-10-05,4.029116153717041,4.590000152587891,4.599999904632568,4.550000190734863,4.550000190734863,295
2017-10-06,3.915001630783081,4.460000038146973,4.550000190734863,4.380000114440918,4.550000190734863,52923
2017-10-09,3.932558059692383,4.480000019073486,4.550000190734863,4.449999809265137,4.550000190734863,11125
2017-10-10,3.888667583465576,4.429999828338623,4.539999961853027,4.420000076293945,4.480000019073486,2215
2017-10-11,3.906223773956299,4.449999809265137,4.5,4.449999809265137,4.5,5511
2017-10-12,3.915001630783081,4.460000038146973,4.5,4.460000038146973,4.489999771118164,1863
2017-10-13,3.932558059692383,4.480000019073486,4.480000019073486,4.460000038146973,4.460000038146973,5993
2017-10-16,3.915001630783081,4.460000038146973,4.46999979019165,4.460000038146973,4.460000038146973,6357
2017-10-17,3.932558059692383,4.480000019073486,4.485000133514404,4.460000038146973,4.460000038146973,426499
2017-10-18,3.932558059692383,4.480000019073486,4.489999771118164,4.460000038146973,4.460000038146973,5318
2017-10-19,3.932558059692383,4.480000019073486,4.480000019073486,4.460000038146973,4.460000038146973,4236
2017-10-20,3.906223773956299,4.449999809265137,4.480000019073486,4.449999809265137,4.46999979019165,2430
2017-10-23,3.9237797260284424,4.46999979019165,4.46999979019165,4.46999979019165,4.46999979019165,1200
2017-10-24,3.8711113929748535,4.409999847412109,4.480000019073486,4.409999847412109,4.449999809265137,6366
2017-10-25,3.862332820892334,4.400000095367432,4.46999979019165,4.400000095367432,4.409999847412109,2107
2017-10-26,3.932558059692383,4.480000019073486,4.480000019073486,4.380000114440918,4.480000019073486,10241
2017-10-27,3.879889488220215,4.420000076293945,4.420000076293945,4.260000228881836,4.380000114440918,22626
2017-10-30,3.932558059692383,4.480000019073486,4.480000019073486,4.420000076293945,4.420000076293945,9672
2017-10-31,3.9501142501831055,4.5,4.5,4.400000095367432,4.400000095367432,9516
2017-11-01,4.081784725189209,4.650000095367432,4.679999828338623,4.539999961853027,4.539999961853027,24499
2017-11-02,4.081784725189209,4.650000095367432,4.659999847412109,4.599999904632568,4.650000095367432,5248
2017-11-03,4.1344523429870605,4.710000038146973,4.710000038146973,4.639999866485596,4.659999847412109,10096
2017-11-06,4.169564247131348,4.75,4.760000228881836,4.710000038146973,4.710000038146973,5883
2017-11-07,4.169564247131348,4.75,4.760000228881836,4.71999979019165,4.75,4767
2017-11-08,4.169564247131348,4.75,4.75,4.679999828338623,4.75,6726
2017-11-09,4.152009010314941,4.730000019073486,4.75,4.679999828338623,4.699999809265137,11311
2017-11-10,4.116896152496338,4.690000057220459,4.75,4.690000057220459,4.730000019073486,8809
2017-11-13,4.0378947257995605,4.599999904632568,4.690000057220459,4.599999904632568,4.690000057220459,1588
2017-11-14,3.994004487991333,4.550000190734863,4.599999904632568,4.550000190734863,4.550000190734863,3979
2017-11-15,3.9852261543273926,4.539999961853027,4.570000171661377,4.539999961853027,4.570000171661377,1078
2017-11-16,4.0378947257995605,4.599999904632568,4.610000133514404,4.550000190734863,4.579999923706055,2167
2017-11-17,4.0378947257995605,4.599999904632568,4.599999904632568,4.570000171661377,4.599999904632568,2260
2017-11-20,4.081784725189209,4.650000095367432,4.699999809265137,4.619999885559082,4.699999809265137,1379
2017-11-21,4.0730061531066895,4.639999866485596,4.639999866485596,4.599999904632568,4.599999904632568,1320
2017-11-22,4.169564247131348,4.75,4.75,4.639999866485596,4.639999866485596,7312
2017-11-23,4.116896152496338,4.690000057220459,4.699999809265137,4.599999904632568,4.599999904632568,17343
2017-11-24,4.081784725189209,4.650000095367432,4.659999847412109,4.519999980926514,4.599999904632568,11024
2017-11-27,4.0378947257995605,4.599999904632568,4.610000133514404,4.599999904632568,4.599999904632568,2029
2017-11-28,4.0378947257995605,4.599999904632568,4.619999885559082,4.599999904632568,4.599999904632568,3414
2017-11-29,4.055449962615967,4.619999885559082,4.639999866485596,4.570000171661377,4.570000171661377,11966
2017-11-30,4.081784725189209,4.650000095367432,4.650000095367432,4.599999904632568,4.619999885559082,10618
2017-12-01,4.01155948638916,4.570000171661377,4.670000076293945,4.570000171661377,4.630000114440918,2360
2017-12-04,4.081784725189209,4.650000095367432,4.730000019073486,4.599999904632568,4.650000095367432,10078
2017-12-05,4.090562343597412,4.659999847412109,4.78000020980835,4.659999847412109,4.75,2426
2017-12-07,4.081784725189209,4.650000095367432,4.650000095367432,4.599999904632568,4.610000133514404,700
2017-12-08,4.081784725189209,4.650000095367432,4.650000095367432,4.650000095367432,4.650000095367432,674
2017-12-11,4.0378947257995605,4.599999904632568,4.599999904632568,4.539999961853027,4.579999923706055,4340
2017-12-12,4.0378947257995605,4.599999904632568,4.599999904632568,4.510000228881836,4.53000020980835,16689
2017-12-13,3.888667583465576,4.429999828338623,4.489999771118164,4.349999904632568,4.349999904632568,26465
2017-12-14,3.8359994888305664,4.369999885559082,4.400000095367432,4.28000020980835,4.400000095367432,9021
2017-12-15,3.8447775840759277,4.380000114440918,4.380000114440918,4.329999923706055,4.349999904632568,10035
2017-12-18,3.862332820892334,4.400000095367432,4.449999809265137,4.300000190734863,4.349999904632568,13529
2017-12-19,3.7921102046966553,4.320000171661377,4.400000095367432,4.320000171661377,4.400000095367432,3932
2017-12-20,3.8008873462677,4.329999923706055,4.420000076293945,4.300000190734863,4.320000171661377,17011
2017-12-21,3.7745532989501953,4.300000190734863,4.400000095367432,4.300000190734863,4.300000190734863,24335
2017-12-22,3.7745532989501953,4.300000190734863,4.329999923706055,4.300000190734863,4.300000190734863,6851
2017-12-27,3.7745532989501953,4.300000190734863,4.309999942779541,4.300000190734863,4.300000190734863,10470
2017-12-28,3.8974456787109375,4.440000057220459,4.449999809265137,4.269999980926514,4.289999961853027,15269
2017-12-29,3.879889488220215,4.420000076293945,4.420000076293945,4.329999923706055,4.329999923706055,8868
2018-01-02,3.994004487991333,4.550000190734863,4.550000190734863,4.449999809265137,4.449999809265137,7668
2018-01-03,4.02033805847168,4.579999923706055,4.599999904632568,4.429999828338623,4.599999904632568,4170
2018-01-04,3.9501142501831055,4.5,4.5,4.449999809265137,4.5,1082
2018-01-05,3.9237797260284424,4.46999979019165,4.5,4.46999979019165,4.480000019073486,480
2018-01-08,3.8711113929748535,4.409999847412109,4.46999979019165,4.409999847412109,4.449999809265137,1940
2018-01-09,3.879889488220215,4.420000076293945,4.510000228881836,4.420000076293945,4.420000076293945,70947
2018-01-10,3.9237797260284424,4.46999979019165,4.480000019073486,4.46999979019165,4.46999979019165,1771
2018-01-11,3.888667583465576,4.429999828338623,4.429999828338623,4.380000114440918,4.429999828338623,8400
2018-01-12,3.9501142501831055,4.5,4.5,4.460000038146973,4.460000038146973,1130
2018-01-15,3.8974456787109375,4.440000057220459,4.570000171661377,4.380000114440918,4.570000171661377,12103
2018-01-16,3.932558059692383,4.480000019073486,4.559999942779541,4.480000019073486,4.559999942779541,3963
2018-01-17,3.879889488220215,4.420000076293945,4.480000019073486,4.420000076293945,4.480000019073486,15088
2018-01-18,3.879889488220215,4.420000076293945,4.5,4.400000095367432,4.5,4081
2018-01-19,3.853555202484131,4.389999866485596,4.400000095367432,4.389999866485596,4.400000095367432,2438
2018-01-22,3.827221393585205,4.360000133514404,4.400000095367432,4.360000133514404,4.400000095367432,9139
2018-01-23,3.827221393585205,4.360000133514404,4.420000076293945,4.360000133514404,4.420000076293945,100242
2018-01-24,3.8184430599212646,4.349999904632568,4.369999885559082,4.320000171661377,4.369999885559082,5233
2018-01-25,3.8184430599212646,4.349999904632568,4.349999904632568,4.320000171661377,4.349999904632568,11213
2018-01-26,3.8359994888305664,4.369999885559082,4.440000057220459,4.369999885559082,4.440000057220459,245
2018-01-29,3.8184430599212646,4.349999904632568,4.440000057220459,4.349999904632568,4.429999828338623,1864
2018-01-30,3.862332820892334,4.400000095367432,4.449999809265137,4.300000190734863,4.300000190734863,27323
2018-01-31,3.7745532989501953,4.300000190734863,4.400000095367432,4.300000190734863,4.400000095367432,10442
2018-02-01,3.7921102046966553,4.320000171661377,4.320000171661377,4.320000171661377,4.320000171661377,50
2018-02-02,3.7745532989501953,4.300000190734863,4.300000190734863,4.28000020980835,4.28000020980835,1435
2018-02-05,3.730663299560547,4.25,4.269999980926514,4.25,4.269999980926514,750
2018-02-06,3.5726585388183594,4.070000171661377,4.199999809265137,4.059999942779541,4.199999809265137,8688
2018-02-07,3.6341049671173096,4.139999866485596,4.150000095367432,4.139999866485596,4.150000095367432,449
2018-02-08,3.7218849658966064,4.239999771118164,4.239999771118164,4.130000114440918,4.130000114440918,11072
2018-02-09,3.6867728233337402,4.199999809265137,4.25,4.190000057220459,4.199999809265137,2987
2018-02-12,3.6867728233337402,4.199999809265137,4.300000190734863,4.079999923706055,4.25,8346
2018-02-13,3.6867728233337402,4.199999809265137,4.210000038146973,4.179999828338623,4.199999809265137,4040
2018-02-14,3.6867728233337402,4.199999809265137,4.199999809265137,4.199999809265137,4.199999809265137,831
2018-02-15,3.7218849658966064,4.239999771118164,4.260000228881836,4.179999828338623,4.179999828338623,2569
2018-02-16,3.6867728233337402,4.199999809265137,4.230000019073486,4.199999809265137,4.199999809265137,520
2018-02-19,3.6867728233337402,4.199999809265137,4.230000019073486,4.070000171661377,4.199999809265137,9968
2018-02-20,3.6867728233337402,4.199999809265137,4.199999809265137,4.139999866485596,4.199999809265137,4861
2018-02-21,3.6867728233337402,4.199999809265137,4.260000228881836,4.199999809265137,4.239999771118164,2103
2018-02-22,3.6867728233337402,4.199999809265137,4.199999809265137,4.059999942779541,4.199999809265137,5376
2018-02-23,3.6955506801605225,4.210000038146973,4.210000038146973,4.210000038146973,4.210000038146973,450
2018-02-26,3.6867728233337402,4.199999809265137,4.199999809265137,4.139999866485596,4.150000095367432,5474
2018-02-27,3.6867728233337402,4.199999809265137,4.199999809265137,4.199999809265137,4.199999809265137,0
2018-02-28,3.6341049671173096,4.139999866485596,4.139999866485596,4.119999885559082,4.139999866485596,808
2018-03-01,3.6341049671173096,4.139999866485596,4.150000095367432,4.130000114440918,4.139999866485596,4800
2018-03-02,3.6341049671173096,4.139999866485596,4.150000095367432,4.139999866485596,4.150000095367432,125
2018-03-05,3.5814361572265625,4.079999923706055,4.190000057220459,4.079999923706055,4.190000057220459,2481
2018-03-06,3.555102825164795,4.050000190734863,4.130000114440918,4.050000190734863,4.119999885559082,7719
2018-03-07,3.5375468730926514,4.03000020980835,4.079999923706055,4.019999980926514,4.050000190734863,7748
2018-03-08,3.5112123489379883,4.0,4.059999942779541,4.0,4.019999980926514,10536
2018-03-09,3.502434253692627,3.990000009536743,4.019999980926514,3.9700000286102295,4.0,9867
2018-03-12,3.4848783016204834,3.9700000286102295,4.0,3.9700000286102295,3.990000009536743,131408
2018-03-13,3.493656635284424,3.9800000190734863,4.0,3.950000047683716,4.0,13769
2018-03-14,3.5726585388183594,4.070000171661377,4.070000171661377,3.950000047683716,3.9800000190734863,8617
2018-03-15,3.555102825164795,4.050000190734863,4.050000190734863,3.9700000286102295,4.0,52040
2018-03-16,3.5717952251434326,4.0,4.0,3.9700000286102295,3.9800000190734863,101033
2018-03-19,3.4825003147125244,3.9000000953674316,3.990000009536743,3.7899999618530273,3.9000000953674316,8731
2018-03-20,3.5271480083465576,3.950000047683716,3.950000047683716,3.890000104904175,3.9000000953674316,711
2018-03-21,3.4914298057556152,3.9100000858306885,3.950000047683716,3.880000114440918,3.9200000762939453,2747
2018-03-22,3.500359296798706,3.9200000762939453,3.9200000762939453,3.859999895095825,3.880000114440918,793
2018-03-23,3.4646413326263428,3.880000114440918,3.9100000858306885,3.880000114440918,3.9100000858306885,1059
2018-03-26,3.4825003147125244,3.9000000953674316,3.9200000762939453,3.859999895095825,3.869999885559082,49088
2018-03-27,3.393205404281616,3.799999952316284,3.9800000190734863,3.799999952316284,3.9800000190734863,2711
2018-03-28,3.348558187484741,3.75,3.799999952316284,3.75,3.799999952316284,913
2018-03-29,3.3396286964416504,3.740000009536743,3.75,3.6600000858306885,3.75,4845
2018-04-03,3.3396286964416504,3.740000009536743,3.740000009536743,3.6600000858306885,3.6600000858306885,11236
2018-04-04,3.553936004638672,3.9800000190734863,3.9800000190734863,3.740000009536743,3.740000009536743,1024
2018-04-05,3.4646413326263428,3.880000114440918,4.0,3.8399999141693115,4.0,2699
2018-04-06,3.5360770225524902,3.9600000381469727,3.9600000381469727,3.859999895095825,3.859999895095825,160
2018-04-09,3.455711603164673,3.869999885559082,3.9000000953674316,3.799999952316284,3.9000000953674316,3769
2018-04-10,3.411064386367798,3.819999933242798,3.8399999141693115,3.819999933242798,3.8399999141693115,380
2018-04-11,3.4199938774108887,3.8299999237060547,3.8399999141693115,3.8299999237060547,3.8299999237060547,1299
2018-04-12,3.3842761516571045,3.7899999618530273,3.8399999141693115,3.7899999618530273,3.8399999141693115,1052
2018-04-13,3.4378528594970703,3.8499999046325684,3.8499999046325684,3.7899999618530273,3.799999952316284,3089
2018-04-16,3.411064386367798,3.819999933242798,3.819999933242798,3.7799999713897705,3.809999942779541,1560
2018-04-17,3.3753461837768555,3.7799999713897705,3.8499999046325684,3.7799999713897705,3.8499999046325684,314
2018-04-18,3.3753461837768555,3.7799999713897705,3.7799999713897705,3.7799999713897705,3.7799999713897705,0
2018-04-19,3.393205404281616,3.799999952316284,4.03000020980835,3.700000047683716,3.700000047683716,8612
2018-04-20,3.411064386367798,3.819999933242798,3.819999933242798,3.7300000190734863,3.75,4459
2018-04-23,3.4199938774108887,3.8299999237060547,3.8399999141693115,3.799999952316284,3.8399999141693115,2441
2018-04-24,3.411064386367798,3.819999933242798,3.8299999237060547,3.799999952316284,3.799999952316284,1325
2018-04-25,3.500359296798706,3.9200000762939453,3.990000009536743,3.8399999141693115,3.8499999046325684,9668
2018-04-26,3.1699681282043457,3.549999952316284,3.7300000190734863,3.5299999713897705,3.700000047683716,429131
2018-04-27,3.0360260009765625,3.4000000953674316,3.549999952316284,3.3399999141693115,3.549999952316284,34337
2018-04-30,3.1253206729888916,3.5,3.5,3.4000000953674316,3.4000000953674316,78373
2018-05-02,3.01816725730896,3.380000114440918,3.4700000286102295,3.380000114440918,3.4100000858306885,26584
2018-05-03,3.00030779838562,3.359999895095825,3.440000057220459,3.3399999141693115,3.4200000762939453,16998
2018-05-04,2.9913783073425293,3.3499999046325684,3.4800000190734863,3.2300000190734863,3.4800000190734863,17698
2018-05-07,3.01816725730896,3.380000114440918,3.4000000953674316,3.2699999809265137,3.2699999809265137,11258
2018-05-08,3.00030779838562,3.359999895095825,3.4200000762939453,3.3499999046325684,3.380000114440918,2656
2018-05-09,3.009237289428711,3.369999885559082,3.369999885559082,3.309999942779541,3.319999933242798,4689
2018-05-11,3.062814474105835,3.430000066757202,3.430000066757202,3.380000114440918,3.4000000953674316,5387
2018-05-14,3.0360260009765625,3.4000000953674316,3.4100000858306885,3.319999933242798,3.4000000953674316,3997
2018-05-15,3.053884983062744,3.4200000762939453,3.4200000762939453,3.3499999046325684,3.390000104904175,2851
2018-05-16,3.009237289428711,3.369999885559082,3.4200000762939453,3.3499999046325684,3.4200000762939453,5522
2018-05-17,3.00030779838562,3.359999895095825,3.4000000953674316,3.3399999141693115,3.4000000953674316,18362
2018-05-18,3.0270962715148926,3.390000104904175,3.390000104904175,3.3499999046325684,3.390000104904175,3448
2018-05-21,3.0270962715148926,3.390000104904175,3.390000104904175,3.359999895095825,3.359999895095825,2196
2018-05-22,3.009237289428711,3.369999885559082,3.390000104904175,3.369999885559082,3.390000104904175,4113
2018-05-23,2.9913783073425293,3.3499999046325684,3.390000104904175,3.3399999141693115,3.369999885559082,7831
2018-05-24,3.01816725730896,3.380000114440918,3.390000104904175,3.3399999141693115,3.390000104904175,3193
2018-05-25,2.9824490547180176,3.3399999141693115,3.390000104904175,3.3399999141693115,3.3499999046325684,3643
2018-05-28,2.9913783073425293,3.3499999046325684,3.390000104904175,3.3399999141693115,3.390000104904175,9382
2018-05-29,2.9467310905456543,3.299999952316284,3.369999885559082,3.299999952316284,3.3499999046325684,11003
2018-05-30,2.9378015995025635,3.2899999618530273,3.3399999141693115,3.259999990463257,3.2799999713897705,10363
2018-05-31,2.9735193252563477,3.3299999237060547,3.3299999237060547,3.309999942779541,3.309999942779541,5464
2018-06-01,2.9824490547180176,3.3399999141693115,3.3399999141693115,3.319999933242798,3.3399999141693115,2316
2018-06-04,2.9467310905456543,3.299999952316284,3.3399999141693115,3.299999952316284,3.3399999141693115,3111
2018-06-05,2.9735193252563477,3.3299999237060547,3.3299999237060547,3.309999942779541,3.3299999237060547,4491
2018-06-06,2.9824490547180176,3.3399999141693115,3.3399999141693115,3.309999942779541,3.309999942779541,10567
2018-06-07,2.9824490547180176,3.3399999141693115,3.3499999046325684,3.3399999141693115,3.3399999141693115,2703
2018-06-08,2.9824490547180176,3.3399999141693115,3.3399999141693115,3.299999952316284,3.309999942779541,10493
2018-06-11,2.9735193252563477,3.3299999237060547,3.390000104904175,3.309999942779541,3.309999942779541,4004
2018-06-12,2.9467310905456543,3.299999952316284,3.390000104904175,3.299999952316284,3.3299999237060547,4752
2018-06-13,2.955660343170166,3.309999942779541,3.390000104904175,3.299999952316284,3.299999952316284,642
2018-06-14,2.955660343170166,3.309999942779541,3.309999942779541,3.309999942779541,3.309999942779541,0
2018-06-15,2.9824490547180176,3.3399999141693115,3.3399999141693115,3.3399999141693115,3.3399999141693115,2609
2018-06-18,2.964589834213257,3.319999933242798,3.3399999141693115,3.319999933242798,3.3399999141693115,1334
2018-06-19,2.8752951622009277,3.2200000286102295,3.3499999046325684,3.2200000286102295,3.319999933242798,15398
2018-06-20,2.9735193252563477,3.3299999237060547,3.359999895095825,3.2799999713897705,3.299999952316284,1510
2018-06-21,3.0360260009765625,3.4000000953674316,3.4100000858306885,3.319999933242798,3.319999933242798,19602
2018-06-25,3.0806732177734375,3.450000047683716,3.4700000286102295,3.319999933242798,3.319999933242798,3869
2018-06-26,3.0806732177734375,3.450000047683716,3.450000047683716,3.390000104904175,3.4000000953674316,4393
2018-06-27,3.0806732177734375,3.450000047683716,3.4800000190734863,3.3299999237060547,3.4800000190734863,3829
2018-06-28,3.0360260009765625,3.4000000953674316,3.450000047683716,3.4000000953674316,3.450000047683716,1134
2018-06-29,3.0360260009765625,3.4000000953674316,3.4600000381469727,3.3499999046325684,3.450000047683716,26512
2018-07-02,3.01816725730896,3.380000114440918,3.380000114440918,3.380000114440918,3.380000114440918,294
2018-07-03,3.0360260009765625,3.4000000953674316,3.4000000953674316,3.390000104904175,3.390000104904175,2019
2018-07-04,3.11639142036438,3.490000009536743,3.490000009536743,3.4000000953674316,3.4000000953674316,2066
2018-07-05,3.0449554920196533,3.4100000858306885,3.4100000858306885,3.4000000953674316,3.4100000858306885,4735
2018-07-06,3.1699681282043457,3.549999952316284,3.549999952316284,3.4000000953674316,3.4000000953674316,39507
2018-07-09,3.1878271102905273,3.569999933242798,3.569999933242798,3.4700000286102295,3.549999952316284,16448
2018-07-10,3.0806732177734375,3.450000047683716,3.5799999237060547,3.450000047683716,3.5799999237060547,577
2018-07-11,3.107461929321289,3.4800000190734863,3.5,3.4200000762939453,3.4200000762939453,1121
2018-07-12,3.062814474105835,3.430000066757202,3.619999885559082,3.430000066757202,3.4800000190734863,5160
2018-07-13,3.0360260009765625,3.4000000953674316,3.630000114440918,3.4000000953674316,3.4200000762939453,42396
2018-07-16,3.0270962715148926,3.390000104904175,3.5199999809265137,3.390000104904175,3.390000104904175,2011
2018-07-17,2.9735193252563477,3.3299999237060547,3.490000009536743,3.3299999237060547,3.490000009536743,9956
2018-07-18,3.107461929321289,3.4800000190734863,3.4800000190734863,3.369999885559082,3.369999885559082,492
2018-07-19,3.01816725730896,3.380000114440918,3.4800000190734863,3.380000114440918,3.4800000190734863,951
2018-07-20,3.01816725730896,3.380000114440918,3.4600000381469727,3.380000114440918,3.4600000381469727,36
2018-07-23,3.0270962715148926,3.390000104904175,3.4000000953674316,3.390000104904175,3.4000000953674316,931
2018-07-24,3.053884983062744,3.4200000762939453,3.4200000762939453,3.390000104904175,3.390000104904175,1272
2018-07-25,3.071743965148926,3.440000057220459,3.450000047683716,3.4200000762939453,3.4200000762939453,1197
2018-07-26,3.107461929321289,3.4800000190734863,3.4800000190734863,3.390000104904175,3.4200000762939453,407
2018-07-27,3.071743965148926,3.440000057220459,3.4700000286102295,3.4100000858306885,3.4200000762939453,2736
2018-07-30,3.01816725730896,3.380000114440918,3.4000000953674316,3.3499999046325684,3.4000000953674316,545
2018-07-31,3.107461929321289,3.4800000190734863,3.4800000190734863,3.380000114440918,3.440000057220459,6746
2018-08-01,3.0360260009765625,3.4000000953674316,3.450000047683716,3.380000114440918,3.390000104904175,3861
2018-08-02,3.0360260009765625,3.4000000953674316,3.440000057220459,3.4000000953674316,3.4000000953674316,917
2018-08-03,3.0360260009765625,3.4000000953674316,3.4000000953674316,3.319999933242798,3.319999933242798,15802
2018-08-06,3.01816725730896,3.380000114440918,3.5,3.3499999046325684,3.490000009536743,4337
2018-08-07,2.9913783073425293,3.3499999046325684,3.390000104904175,3.319999933242798,3.3499999046325684,6138
2018-08-08,2.9824490547180176,3.3399999141693115,3.359999895095825,3.309999942779541,3.3499999046325684,2878
2018-08-09,2.9824490547180176,3.3399999141693115,3.3399999141693115,3.3399999141693115,3.3399999141693115,620
2018-08-10,2.9824490547180176,3.3399999141693115,3.3399999141693115,3.299999952316284,3.309999942779541,3697
2018-08-13,2.9467310905456543,3.299999952316284,3.3399999141693115,3.299999952316284,3.3399999141693115,3471
2018-08-14,2.8842248916625977,3.2300000190734863,3.319999933242798,3.2300000190734863,3.299999952316284,15827
2018-08-15,2.902083396911621,3.25,3.299999952316284,3.2300000190734863,3.2300000190734863,3045
2018-08-16,2.8306479454040527,3.1700000762939453,3.259999990463257,3.109999895095825,3.259999990463257,4895
2018-08-17,2.9467310905456543,3.299999952316284,3.299999952316284,3.299999952316284,3.299999952316284,490
2018-08-20,2.9467310905456543,3.299999952316284,3.299999952316284,3.299999952316284,3.299999952316284,3413
2018-08-21,2.866365432739258,3.2100000381469727,3.2799999713897705,3.1600000858306885,3.200000047683716,566
2018-08-22,2.8931539058685303,3.240000009536743,3.299999952316284,3.200000047683716,3.200000047683716,13592
2018-08-23,2.955660343170166,3.309999942779541,3.3299999237060547,3.299999952316284,3.299999952316284,1799
2018-08-24,3.009237289428711,3.369999885559082,3.369999885559082,3.299999952316284,3.299999952316284,9507
2018-08-27,2.9199423789978027,3.2699999809265137,3.369999885559082,3.259999990463257,3.369999885559082,2146
2018-08-28,2.902083396911621,3.25,3.3299999237060547,3.2200000286102295,3.2899999618530273,13162
2018-08-29,3.00030779838562,3.359999895095825,3.359999895095825,3.259999990463257,3.259999990463257,2067
2018-08-30,2.911013126373291,3.259999990463257,3.369999885559082,3.259999990463257,3.369999885559082,505
2018-08-31,2.9913783073425293,3.3499999046325684,3.369999885559082,3.3499999046325684,3.369999885559082,234
2018-09-03,2.9913783073425293,3.3499999046325684,3.3499999046325684,3.3499999046325684,3.3499999046325684,221
2018-09-04,2.9199423789978027,3.2699999809265137,3.2699999809265137,3.2699999809265137,3.2699999809265137,285
2018-09-05,2.902083396911621,3.25,3.2699999809265137,3.25,3.2699999809265137,5684
2018-09-06,2.7860002517700195,3.119999885559082,3.200000047683716,3.119999885559082,3.200000047683716,13280
2018-09-07,2.7324228286743164,3.059999942779541,3.1700000762939453,3.059999942779541,3.1700000762939453,14251
2018-09-10,2.7949297428131104,3.130000114440918,3.130000114440918,3.0999999046325684,3.0999999046325684,866
2018-09-11,2.759211778640747,3.0899999141693115,3.119999885559082,3.059999942779541,3.109999895095825,9080
2018-09-12,2.821718454360962,3.1600000858306885,3.1600000858306885,3.0999999046325684,3.0999999046325684,3558
2018-09-13,2.768141031265259,3.0999999046325684,3.1700000762939453,2.8499999046325684,3.1700000762939453,67839
2018-09-14,2.4823977947235107,2.7799999713897705,3.0,2.700000047683716,3.0,170526
2018-09-17,2.428820848464966,2.7200000286102295,2.7799999713897705,2.700000047683716,2.7799999713897705,76075
2018-09-18,2.4377503395080566,2.7300000190734863,2.759999990463257,2.700000047683716,2.700000047683716,9850
2018-09-19,2.410961866378784,2.700000047683716,2.7200000286102295,2.690000057220459,2.7100000381469727,16163
2018-09-20,2.375243902206421,2.6600000858306885,2.700000047683716,2.6600000858306885,2.700000047683716,6737
2018-09-21,2.375243902206421,2.6600000858306885,2.7300000190734863,2.6600000858306885,2.680000066757202,6870
2018-09-24,2.3305962085723877,2.609999895095825,2.700000047683716,2.609999895095825,2.6600000858306885,8950
2018-09-25,2.3038079738616943,2.5799999237060547,2.640000104904175,2.569999933242798,2.619999885559082,11912
2018-09-26,2.312736988067627,2.5899999141693115,2.5999999046325684,2.569999933242798,2.5999999046325684,161415
2018-09-27,2.2948784828186035,2.569999933242798,2.5999999046325684,2.559999942779541,2.5999999046325684,7335
2018-09-28,2.2859489917755127,2.559999942779541,2.5899999141693115,2.5399999618530273,2.559999942779541,13919
2018-10-01,2.2859489917755127,2.559999942779541,2.5899999141693115,2.549999952316284,2.559999942779541,22856
2018-10-02,2.2859489917755127,2.559999942779541,2.569999933242798,2.5399999618530273,2.559999942779541,6301
2018-10-03,2.268089771270752,2.5399999618530273,2.559999942779541,2.5399999618530273,2.559999942779541,5594
2018-10-04,2.268089771270752,2.5399999618530273,2.549999952316284,2.509999990463257,2.5399999618530273,8370
2018-10-05,2.268089771270752,2.5399999618530273,2.5399999618530273,2.509999990463257,2.5299999713897705,6681
2018-10-08,2.214513063430786,2.4800000190734863,2.5399999618530273,2.4800000190734863,2.5399999618530273,5603
2018-10-09,2.2323720455169678,2.5,2.5,2.450000047683716,2.490000009536743,16129
2018-10-10,2.1609363555908203,2.4200000762939453,2.5,2.4200000762939453,2.5,8261
2018-10-11,2.0984296798706055,2.3499999046325684,2.450000047683716,2.3399999141693115,2.4200000762939453,17875
2018-10-12,2.178795099258423,2.440000057220459,2.490000009536743,2.359999895095825,2.359999895095825,31633
2018-10-15,2.1877248287200928,2.450000047683716,2.5,2.380000114440918,2.450000047683716,20054
2018-10-16,2.2323720455169678,2.5,2.5,2.4700000286102295,2.4700000286102295,3144
2018-10-17,2.178795099258423,2.440000057220459,2.5,2.440000057220459,2.5,5805
2018-10-18,2.1966543197631836,2.4600000381469727,2.490000009536743,2.4600000381469727,2.4600000381469727,3831
2018-10-19,2.1430773735046387,2.4000000953674316,2.4600000381469727,2.390000104904175,2.4600000381469727,6189
2018-10-22,2.1430773735046387,2.4000000953674316,2.4100000858306885,2.4000000953674316,2.4100000858306885,2432
2018-10-23,2.026993751525879,2.2699999809265137,2.380000114440918,2.2100000381469727,2.369999885559082,9313
2018-10-24,2.0895001888275146,2.3399999141693115,2.4000000953674316,2.2300000190734863,2.2300000190734863,3047
2018-10-25,2.0537824630737305,2.299999952316284,2.3399999141693115,2.200000047683716,2.2100000381469727,12525
2018-10-26,1.9644871950149536,2.200000047683716,2.2899999618530273,2.200000047683716,2.2300000190734863,14575
2018-10-29,2.0448524951934814,2.2899999618530273,2.2899999618530273,2.1500000953674316,2.1500000953674316,7772
2018-10-30,2.0537824630737305,2.299999952316284,2.299999952316284,2.200000047683716,2.2899999618530273,2290
2018-10-31,2.0448524951934814,2.2899999618530273,2.299999952316284,2.2300000190734863,2.299999952316284,2605
2018-11-01,2.0537824630737305,2.299999952316284,2.299999952316284,2.2300000190734863,2.299999952316284,2513
2018-11-02,2.0359232425689697,2.2799999713897705,2.380000114440918,2.259999990463257,2.2699999809265137,8539
2018-11-05,2.071641206741333,2.319999933242798,2.390000104904175,2.319999933242798,2.390000104904175,2165
2018-11-06,2.0805704593658447,2.3299999237060547,2.3299999237060547,2.299999952316284,2.319999933242798,1430
2018-11-07,2.0537824630737305,2.299999952316284,2.309999942779541,2.259999990463257,2.309999942779541,1525
2018-11-08,2.0359232425689697,2.2799999713897705,2.309999942779541,2.2799999713897705,2.299999952316284,4338
2018-11-09,2.0359232425689697,2.2799999713897705,2.299999952316284,2.25,2.2799999713897705,7080
2018-11-12,2.026993751525879,2.2699999809265137,2.2899999618530273,2.259999990463257,2.2799999713897705,6621
2018-11-13,1.9912757873535156,2.2300000190734863,2.299999952316284,2.2300000190734863,2.2699999809265137,6638
2018-11-14,1.9912757873535156,2.2300000190734863,2.2699999809265137,2.2200000286102295,2.2699999809265137,1747
2018-11-15,2.018064260482788,2.259999990463257,2.2699999809265137,2.2200000286102295,2.240000009536743,13651
2018-11-16,2.0537824630737305,2.299999952316284,2.309999942779541,2.25,2.309999942779541,3824
2018-11-19,2.0627119541168213,2.309999942779541,2.309999942779541,2.2200000286102295,2.2200000286102295,6247
2018-11-20,2.018064260482788,2.259999990463257,2.2699999809265137,2.190000057220459,2.2699999809265137,17483
2018-11-21,1.9644871950149536,2.200000047683716,2.259999990463257,2.200000047683716,2.259999990463257,2959
2018-11-22,1.9644871950149536,2.200000047683716,2.2200000286102295,2.180000066757202,2.2200000286102295,3495
2018-11-23,1.955558180809021,2.190000057220459,2.259999990463257,2.190000057220459,2.200000047683716,12009
2018-11-26,1.9376989603042603,2.1700000762939453,2.1700000762939453,2.130000114440918,2.140000104904175,9173
2018-11-27,1.8841218948364258,2.109999895095825,2.1600000858306885,2.109999895095825,2.130000114440918,8342
2018-11-28,1.8930511474609375,2.119999885559082,2.119999885559082,2.059999942779541,2.059999942779541,16004
2018-11-29,1.9287694692611694,2.1600000858306885,2.1600000858306885,2.109999895095825,2.119999885559082,13489
2018-11-30,1.848404049873352,2.069999933242798,2.1500000953674316,2.069999933242798,2.1500000953674316,172208
2018-12-03,1.8662629127502441,2.0899999141693115,2.1700000762939453,2.0899999141693115,2.1600000858306885,16817
2018-12-04,1.8573334217071533,2.0799999237060547,2.109999895095825,2.0399999618530273,2.0999999046325684,75967
2018-12-05,1.8216155767440796,2.0399999618530273,2.049999952316284,2.009999990463257,2.0299999713897705,22954
2018-12-07,1.8126860857009888,2.0299999713897705,2.049999952316284,1.9850000143051147,2.049999952316284,12215
2018-12-10,1.7858976125717163,2.0,2.009999990463257,1.9800000190734863,1.9850000143051147,23721
2018-12-11,1.7814327478408813,1.9950000047683716,2.0,1.9700000286102295,2.0,21803
2018-12-12,1.8394745588302612,2.059999942779541,2.059999942779541,2.009999990463257,2.049999952316284,37778
2018-12-13,1.8394745588302612,2.059999942779541,2.0799999237060547,2.009999990463257,2.0799999237060547,20551
2018-12-14,1.8216155767440796,2.0399999618530273,2.0899999141693115,2.0299999713897705,2.0799999237060547,8610
2018-12-17,1.803756594657898,2.0199999809265137,2.049999952316284,1.9700000286102295,2.049999952316284,10540
2018-12-18,1.7412501573562622,1.9500000476837158,1.9950000047683716,1.9500000476837158,1.9700000286102295,16882
2018-12-19,1.77250337600708,1.9850000143051147,2.0,1.9199999570846558,1.9550000429153442,18817
2018-12-20,1.696602702140808,1.899999976158142,1.9700000286102295,1.850000023841858,1.9700000286102295,35933
2018-12-21,1.6385611295700073,1.8350000381469727,1.899999976158142,1.8200000524520874,1.899999976158142,40458
2018-12-27,1.6073077917099,1.7999999523162842,1.850000023841858,1.7999999523162842,1.7999999523162842,55083
2018-12-28,1.8305450677871704,2.049999952316284,2.049999952316284,1.7949999570846558,1.7999999523162842,133683
2019-01-02,1.9109103679656982,2.140000104904175,2.140000104904175,2.0399999618530273,2.0399999618530273,8283
2019-01-03,2.0091350078582764,2.25,2.3499999046325684,2.0799999237060547,2.140000104904175,17040
2019-01-04,2.116288661956787,2.369999885559082,2.390000104904175,2.190000057220459,2.200000047683716,14271
2019-01-07,1.9734169244766235,2.2100000381469727,2.450000047683716,2.2100000381469727,2.4000000953674316,10122
2019-01-08,2.071641206741333,2.319999933242798,2.5399999618530273,2.299999952316284,2.3499999046325684,220879
2019-01-09,2.125218391418457,2.380000114440918,2.4000000953674316,2.319999933242798,2.319999933242798,7086
2019-01-10,2.018064260482788,2.259999990463257,2.380000114440918,2.240000009536743,2.380000114440918,2479
2019-01-11,2.0537824630737305,2.299999952316284,2.4200000762939453,2.299999952316284,2.380000114440918,6535
2019-01-14,2.366313934326172,2.6500000953674316,2.6500000953674316,2.309999942779541,2.309999942779541,24682
2019-01-15,2.268089771270752,2.5399999618530273,2.6500000953674316,2.5,2.6500000953674316,5956
2019-01-16,2.2770192623138428,2.549999952316284,2.549999952316284,2.4800000190734863,2.5399999618530273,33768
2019-01-17,2.2413015365600586,2.509999990463257,2.559999942779541,2.509999990463257,2.549999952316284,1154
2019-01-18,2.2413015365600586,2.509999990463257,2.509999990463257,2.4100000858306885,2.490000009536743,2938
2019-01-21,2.2859489917755127,2.559999942779541,2.559999942779541,2.509999990463257,2.509999990463257,2256
2019-01-22,2.268089771270752,2.5399999618530273,2.549999952316284,2.5399999618530273,2.549999952316284,125
2019-01-23,2.178795099258423,2.440000057220459,2.450000047683716,2.4000000953674316,2.450000047683716,2026
2019-01-24,2.1430773735046387,2.4000000953674316,2.5299999713897705,2.4000000953674316,2.4000000953674316,8425
2019-01-25,2.2323720455169678,2.5,2.5,2.4000000953674316,2.4000000953674316,2018
2019-01-28,2.2323720455169678,2.5,2.690000057220459,2.5,2.5199999809265137,12141
2019-01-29,2.214513063430786,2.4800000190734863,2.5199999809265137,2.4800000190734863,2.5199999809265137,523
2019-01-30,2.223442554473877,2.490000009536743,2.6600000858306885,2.4600000381469727,2.4800000190734863,4122
2019-01-31,2.2323720455169678,2.5,2.5,2.1700000762939453,2.490000009536743,93546
2019-02-01,2.1609363555908203,2.4200000762939453,2.4200000762939453,2.3399999141693115,2.3499999046325684,1003975
2019-02-04,2.0805704593658447,2.3299999237060547,2.4600000381469727,2.3299999237060547,2.4600000381469727,766219
2019-02-05,2.0895001888275146,2.3399999141693115,2.4000000953674316,2.3399999141693115,2.4000000953674316,790
2019-02-06,2.0895001888275146,2.3399999141693115,2.3499999046325684,2.299999952316284,2.3499999046325684,45671
2019-02-07,2.0805704593658447,2.3299999237060547,2.3299999237060547,2.259999990463257,2.319999933242798,18689
2019-02-08,2.1430773735046387,2.4000000953674316,2.4000000953674316,2.3299999237060547,2.3399999141693115,2593
2019-02-11,2.0805704593658447,2.3299999237060547,2.380000114440918,2.3299999237060547,2.3499999046325684,4984
2019-02-12,2.0805704593658447,2.3299999237060547,2.3499999046325684,2.3299999237060547,2.3499999046325684,2818
2019-02-13,2.0805704593658447,2.3299999237060547,2.380000114440918,2.3299999237060547,2.380000114440918,2876
2019-02-14,2.0895001888275146,2.3399999141693115,2.3499999046325684,2.3399999141693115,2.3499999046325684,1615
2019-02-15,2.125218391418457,2.380000114440918,2.390000104904175,2.3499999046325684,2.359999895095825,1292
2019-02-18,2.116288661956787,2.369999885559082,2.390000104904175,2.359999895095825,2.390000104904175,7612
2019-02-19,2.1430773735046387,2.4000000953674316,2.4000000953674316,2.3399999141693115,2.390000104904175,11341
2019-02-20,2.0984296798706055,2.3499999046325684,2.359999895095825,2.3499999046325684,2.359999895095825,2000
2019-02-21,2.071641206741333,2.319999933242798,2.3499999046325684,2.259999990463257,2.3499999046325684,5274
2019-02-22,2.0805704593658447,2.3299999237060547,2.359999895095825,2.3299999237060547,2.359999895095825,3050
2019-02-25,2.0805704593658447,2.3299999237060547,2.380000114440918,2.3299999237060547,2.380000114440918,6858
2019-02-26,2.125218391418457,2.380000114440918,2.380000114440918,2.3299999237060547,2.3299999237060547,1182
2019-02-27,2.1073591709136963,2.359999895095825,2.4700000286102295,2.359999895095825,2.4700000286102295,350
2019-02-28,2.1073591709136963,2.359999895095825,2.359999895095825,2.3499999046325684,2.3499999046325684,389
2019-03-01,2.0984296798706055,2.3499999046325684,2.3499999046325684,2.3299999237060547,2.3299999237060547,588
2019-03-04,2.116288661956787,2.369999885559082,2.380000114440918,2.369999885559082,2.380000114440918,2994
2019-03-05,2.1341474056243896,2.390000104904175,2.4800000190734863,2.380000114440918,2.380000114440918,6105
2019-03-06,2.1877248287200928,2.450000047683716,2.450000047683716,2.430000066757202,2.440000057220459,5848
2019-03-07,2.1877248287200928,2.450000047683716,2.4800000190734863,2.450000047683716,2.4800000190734863,18486
2019-03-08,2.1966543197631836,2.4600000381469727,2.4600000381469727,2.359999895095825,2.369999885559082,1805
2019-03-11,2.1430773735046387,2.4000000953674316,2.4000000953674316,2.4000000953674316,2.4000000953674316,99
2019-03-12,2.1520066261291504,2.4100000858306885,2.4100000858306885,2.4100000858306885,2.4100000858306885,3
2019-03-13,2.1341474056243896,2.390000104904175,2.4100000858306885,2.390000104904175,2.4100000858306885,3208
2019-03-14,2.1341474056243896,2.390000104904175,2.4000000953674316,2.3499999046325684,2.390000104904175,8820
2019-03-15,2.125218391418457,2.380000114440918,2.390000104904175,2.380000114440918,2.390000104904175,503
2019-03-18,2.125218391418457,2.380000114440918,2.380000114440918,2.380000114440918,2.380000114440918,0
2019-03-19,2.0984296798706055,2.3499999046325684,2.430000066757202,2.299999952316284,2.4100000858306885,1173
2019-03-20,2.0984296798706055,2.3499999046325684,2.3499999046325684,2.299999952316284,2.299999952316284,500
2019-03-21,2.0537824630737305,2.299999952316284,2.359999895095825,2.299999952316284,2.359999895095825,1900
2019-03-22,2.0805704593658447,2.3299999237060547,2.4000000953674316,2.3299999237060547,2.4000000953674316,290
2019-03-25,2.0805704593658447,2.3299999237060547,2.3399999141693115,2.299999952316284,2.299999952316284,8945
2019-03-26,2.0537824630737305,2.299999952316284,2.309999942779541,2.25,2.25,1219
2019-03-27,2.0359232425689697,2.2799999713897705,2.299999952316284,2.259999990463257,2.2799999713897705,8920
2019-03-28,1.9823462963104248,2.2200000286102295,2.25,2.2200000286102295,2.240000009536743,2901
2019-03-29,2.0002052783966064,2.240000009536743,2.240000009536743,2.2200000286102295,2.2200000286102295,250
2019-04-01,1.9823462963104248,2.2200000286102295,2.2200000286102295,2.2200000286102295,2.2200000286102295,300
2019-04-02,1.9912757873535156,2.2300000190734863,2.309999942779541,2.2200000286102295,2.309999942779541,1072
2019-04-03,1.9912757873535156,2.2300000190734863,2.2300000190734863,2.2300000190734863,2.2300000190734863,30
2019-04-04,1.9912757873535156,2.2300000190734863,2.309999942779541,2.2300000190734863,2.309999942779541,941
2019-04-05,2.0537824630737305,2.299999952316284,2.3299999237060547,2.259999990463257,2.259999990463257,941
2019-04-08,2.0805704593658447,2.3299999237060547,2.3299999237060547,2.259999990463257,2.299999952316284,1466
2019-04-09,2.0091350078582764,2.25,2.3399999141693115,2.25,2.3399999141693115,440
2019-04-10,2.1073591709136963,2.359999895095825,2.359999895095825,2.2699999809265137,2.2699999809265137,3353
2019-04-11,2.116288661956787,2.369999885559082,2.380000114440918,2.309999942779541,2.309999942779541,8421
2019-04-12,2.116288661956787,2.369999885559082,2.369999885559082,2.240000009536743,2.240000009536743,469
2019-04-15,2.1430773735046387,2.4000000953674316,2.4200000762939453,2.3499999046325684,2.3499999046325684,3543
2019-04-16,2.1430773735046387,2.4000000953674316,2.4000000953674316,2.3499999046325684,2.4000000953674316,3056
2019-04-17,2.2323720455169678,2.5,2.549999952316284,2.4200000762939453,2.4200000762939453,8304
2019-04-18,2.205583333969116,2.4700000286102295,2.5,2.4700000286102295,2.5,210
2019-04-23,2.214513063430786,2.4800000190734863,2.4800000190734863,2.4800000190734863,2.4800000190734863,151
2019-04-24,2.3305962085723877,2.609999895095825,2.700000047683716,2.4800000190734863,2.5,99381
2019-04-25,2.321666717529297,2.5999999046325684,2.680000066757202,2.5399999618530273,2.5899999141693115,7979
2019-04-26,2.1966543197631836,2.4600000381469727,2.609999895095825,2.4600000381469727,2.609999895095825,8032
2019-04-29,2.2502310276031494,2.5199999809265137,2.5399999618530273,2.4600000381469727,2.5,11946
2019-04-30,2.1877248287200928,2.450000047683716,2.549999952316284,2.430000066757202,2.5199999809265137,9715
2019-05-02,2.2323720455169678,2.5,2.5,2.450000047683716,2.450000047683716,3974
2019-05-03,2.1073591709136963,2.359999895095825,2.490000009536743,2.359999895095825,2.490000009536743,7265
2019-05-06,2.1609363555908203,2.4200000762939453,2.430000066757202,2.380000114440918,2.4000000953674316,3141
2019-05-07,2.125218391418457,2.380000114440918,2.4200000762939453,2.3499999046325684,2.4200000762939453,9717
2019-05-08,2.268089771270752,2.5399999618530273,2.549999952316284,2.4600000381469727,2.4600000381469727,5514
2019-05-09,2.1966543197631836,2.4600000381469727,2.549999952316284,2.4600000381469727,2.549999952316284,8839
2019-05-10,2.268089771270752,2.5399999618530273,2.5399999618530273,2.4700000286102295,2.5199999809265137,2483
2019-05-13,2.1966543197631836,2.4600000381469727,2.5799999237060547,2.4600000381469727,2.549999952316284,11492
2019-05-14,2.1877248287200928,2.450000047683716,2.5,2.450000047683716,2.5,5448
2019-05-15,2.1966543197631836,2.4600000381469727,2.4600000381469727,2.4600000381469727,2.4600000381469727,200
2019-05-16,2.1966543197631836,2.4600000381469727,2.4600000381469727,2.4600000381469727,2.4600000381469727,200
2019-05-17,2.2948784828186035,2.569999933242798,2.569999933242798,2.569999933242798,2.569999933242798,2
2019-05-20,2.1877248287200928,2.450000047683716,2.549999952316284,2.430000066757202,2.549999952316284,4056
2019-05-21,2.1877248287200928,2.450000047683716,2.5899999141693115,2.440000057220459,2.549999952316284,26086
2019-05-22,2.2413015365600586,2.509999990463257,2.5399999618530273,2.509999990463257,2.5399999618530273,982
2019-05-23,2.1877248287200928,2.450000047683716,2.509999990463257,2.450000047683716,2.509999990463257,260
2019-05-24,2.2323720455169678,2.5,2.5,2.5,2.5,15
2019-05-27,2.178795099258423,2.440000057220459,2.5,2.440000057220459,2.5,5543
2019-05-28,2.2323720455169678,2.5,2.5,2.440000057220459,2.450000047683716,360
2019-05-29,2.178795099258423,2.440000057220459,2.5,2.4000000953674316,2.5,3780
2019-05-31,2.2323720455169678,2.5,2.5799999237060547,2.4800000190734863,2.4800000190734863,558
2019-06-03,2.1073591709136963,2.359999895095825,2.5,2.359999895095825,2.5,2140
2019-06-04,2.0537824630737305,2.299999952316284,2.4600000381469727,2.180000066757202,2.4600000381469727,17592
2019-06-05,2.1341474056243896,2.390000104904175,2.4100000858306885,2.240000009536743,2.319999933242798,7004
2019-06-06,2.071641206741333,2.319999933242798,2.3399999141693115,2.319999933242798,2.3399999141693115,5145
2019-06-07,2.071641206741333,2.319999933242798,2.3399999141693115,2.319999933242798,2.3399999141693115,1984
2019-06-10,2.125218391418457,2.380000114440918,2.4700000286102295,2.3499999046325684,2.4600000381469727,7917
2019-06-11,2.1430773735046387,2.4000000953674316,2.4100000858306885,2.380000114440918,2.380000114440918,1536
2019-06-12,2.1430773735046387,2.4000000953674316,2.4000000953674316,2.359999895095825,2.4000000953674316,4586
2019-06-13,2.1430773735046387,2.4000000953674316,2.450000047683716,2.4000000953674316,2.440000057220459,5107
2019-06-14,2.1877248287200928,2.450000047683716,2.450000047683716,2.450000047683716,2.450000047683716,300
2019-06-17,2.205583333969116,2.4700000286102295,2.4800000190734863,2.4700000286102295,2.4700000286102295,447
2019-06-18,2.205583333969116,2.4700000286102295,2.4700000286102295,2.4700000286102295,2.4700000286102295,0
2019-06-19,2.1609363555908203,2.4200000762939453,2.4800000190734863,2.4000000953674316,2.4000000953674316,2528
2019-06-20,2.1609363555908203,2.4200000762939453,2.4200000762939453,2.4200000762939453,2.4200000762939453,0
2019-06-24,2.1609363555908203,2.4200000762939453,2.4200000762939453,2.4200000762939453,2.4200000762939453,0
2019-06-25,2.1609363555908203,2.4200000762939453,2.4200000762939453,2.4200000762939453,2.4200000762939453,0
2019-06-26,2.1520066261291504,2.4100000858306885,2.4700000286102295,2.4100000858306885,2.450000047683716,4115
2019-06-27,2.1073591709136963,2.359999895095825,2.4000000953674316,2.359999895095825,2.4000000953674316,580
2019-06-28,2.1073591709136963,2.359999895095825,2.359999895095825,2.359999895095825,2.359999895095825,0
2019-07-01,2.1430773735046387,2.4000000953674316,2.4000000953674316,2.3499999046325684,2.359999895095825,4696
2019-07-02,2.0984296798706055,2.3499999046325684,2.4600000381469727,2.3499999046325684,2.4600000381469727,41
2019-07-03,2.1073591709136963,2.359999895095825,2.4100000858306885,2.359999895095825,2.4100000858306885,9938
2019-07-04,2.1877248287200928,2.450000047683716,2.450000047683716,2.369999885559082,2.369999885559082,1706
2019-07-05,2.169865608215332,2.430000066757202,2.4600000381469727,2.430000066757202,2.450000047683716,826
2019-07-08,2.1520066261291504,2.4100000858306885,2.430000066757202,2.369999885559082,2.430000066757202,2270
2019-07-09,2.1430773735046387,2.4000000953674316,2.4000000953674316,2.4000000953674316,2.4000000953674316,75
2019-07-10,2.2323720455169678,2.5,2.5,2.4700000286102295,2.4700000286102295,6218
2019-07-11,2.223442554473877,2.490000009536743,2.5,2.4700000286102295,2.490000009536743,1772
2019-07-12,2.1966543197631836,2.4600000381469727,2.5,2.4600000381469727,2.5,8359
2019-07-15,2.2770192623138428,2.549999952316284,2.549999952316284,2.4700000286102295,2.4700000286102295,1070
2019-07-16,2.268089771270752,2.5399999618530273,2.5999999046325684,2.5,2.5,4334
2019-07-17,2.259160280227661,2.5299999713897705,2.5899999141693115,2.5299999713897705,2.5899999141693115,1277
2019-07-18,2.223442554473877,2.490000009536743,2.5299999713897705,2.4800000190734863,2.5299999713897705,2743
2019-07-19,2.223442554473877,2.490000009536743,2.490000009536743,2.490000009536743,2.490000009536743,0
2019-07-22,2.2323720455169678,2.5,2.5799999237060547,2.5,2.5,3809
2019-07-23,2.205583333969116,2.4700000286102295,2.4700000286102295,2.4700000286102295,2.4700000286102295,915
2019-07-24,2.205583333969116,2.4700000286102295,2.4700000286102295,2.4700000286102295,2.4700000286102295,302
2019-07-25,2.205583333969116,2.4700000286102295,2.5399999618530273,2.4700000286102295,2.4800000190734863,22561
2019-07-26,2.2323720455169678,2.5,2.5,2.4600000381469727,2.4600000381469727,721
2019-07-29,2.268089771270752,2.5399999618530273,2.5399999618530273,2.509999990463257,2.509999990463257,1400
2019-07-30,2.2323720455169678,2.5,2.549999952316284,2.5,2.5399999618530273,2748
2019-07-31,2.3038079738616943,2.5799999237060547,2.5799999237060547,2.490000009536743,2.490000009536743,1562
2019-08-01,2.2323720455169678,2.5,2.5,2.4700000286102295,2.4700000286102295,148
2019-08-02,2.2770192623138428,2.549999952316284,2.549999952316284,2.549999952316284,2.549999952316284,10
2019-08-05,2.2323720455169678,2.5,2.5199999809265137,2.5,2.5199999809265137,1100
2019-08-06,2.223442554473877,2.490000009536743,2.490000009536743,2.490000009536743,2.490000009536743,69
2019-08-07,2.214513063430786,2.4800000190734863,2.490000009536743,2.359999895095825,2.490000009536743,2724
2019-08-08,2.1430773735046387,2.4000000953674316,2.4800000190734863,2.4000000953674316,2.440000057220459,1700
2019-08-09,2.1341474056243896,2.390000104904175,2.390000104904175,2.359999895095825,2.359999895095825,900
2019-08-12,2.0984296798706055,2.3499999046325684,2.440000057220459,2.240000009536743,2.440000057220459,23542
2019-08-13,2.1073591709136963,2.359999895095825,2.359999895095825,2.299999952316284,2.299999952316284,12646
2019-08-14,2.1430773735046387,2.4000000953674316,2.4000000953674316,2.259999990463257,2.359999895095825,14091
2019-08-15,2.1341474056243896,2.390000104904175,2.4100000858306885,2.3499999046325684,2.4100000858306885,9216
2019-08-16,2.0984296798706055,2.3499999046325684,2.380000114440918,2.3299999237060547,2.380000114440918,1233
2019-08-19,2.169865608215332,2.430000066757202,2.5,2.369999885559082,2.450000047683716,18370
2019-08-20,2.205583333969116,2.4700000286102295,2.4800000190734863,2.4700000286102295,2.4800000190734863,1149
2019-08-21,2.0537824630737305,2.299999952316284,2.309999942779541,2.299999952316284,2.309999942779541,1023
2019-08-22,2.0537824630737305,2.299999952316284,2.299999952316284,2.299999952316284,2.299999952316284,0
2019-08-23,2.071641206741333,2.319999933242798,2.319999933242798,2.319999933242798,2.319999933242798,1400
2019-08-26,2.071641206741333,2.319999933242798,2.3499999046325684,2.299999952316284,2.309999942779541,3355
2019-08-27,2.0627119541168213,2.309999942779541,2.309999942779541,2.309999942779541,2.309999942779541,74
2019-08-28,2.0359232425689697,2.2799999713897705,2.319999933242798,2.25,2.309999942779541,2210
2019-08-29,2.071641206741333,2.319999933242798,2.319999933242798,2.319999933242798,2.319999933242798,100
2019-08-30,2.071641206741333,2.319999933242798,2.3499999046325684,2.319999933242798,2.3499999046325684,794
2019-09-02,2.0537824630737305,2.299999952316284,2.299999952316284,2.2899999618530273,2.2899999618530273,557
2019-09-03,2.0537824630737305,2.299999952316284,2.299999952316284,2.259999990463257,2.2699999809265137,347
2019-09-04,2.018064260482788,2.259999990463257,2.259999990463257,2.259999990463257,2.259999990463257,163
2019-09-05,2.0448524951934814,2.2899999618530273,2.3299999237060547,2.190000057220459,2.190000057220459,4794
2019-09-06,2.026993751525879,2.2699999809265137,2.2899999618530273,2.2699999809265137,2.2899999618530273,273
2019-09-09,2.0537824630737305,2.299999952316284,2.299999952316284,2.259999990463257,2.2699999809265137,4120
2019-09-10,2.0359232425689697,2.2799999713897705,2.2899999618530273,2.2799999713897705,2.2899999618530273,466
2019-09-11,2.071641206741333,2.319999933242798,2.319999933242798,2.299999952316284,2.299999952316284,5303
2019-09-12,2.071641206741333,2.319999933242798,2.319999933242798,2.25,2.319999933242798,684
2019-09-13,2.0984296798706055,2.3499999046325684,2.3499999046325684,2.3299999237060547,2.3299999237060547,622
2019-09-16,2.0537824630737305,2.299999952316284,2.359999895095825,2.299999952316284,2.359999895095825,745
2019-09-17,2.0984296798706055,2.3499999046325684,2.3499999046325684,2.309999942779541,2.309999942779541,506
2019-09-18,2.116288661956787,2.369999885559082,2.369999885559082,2.3399999141693115,2.3399999141693115,1000
2019-09-19,2.116288661956787,2.369999885559082,2.369999885559082,2.369999885559082,2.369999885559082,5
2019-09-20,2.116288661956787,2.369999885559082,2.369999885559082,2.369999885559082,2.369999885559082,0
2019-09-23,2.0359232425689697,2.2799999713897705,2.359999895095825,2.2799999713897705,2.319999933242798,715
2019-09-24,2.116288661956787,2.369999885559082,2.369999885559082,2.2899999618530273,2.2899999618530273,3863
2019-09-25,2.125218391418457,2.380000114440918,2.380000114440918,2.299999952316284,2.369999885559082,1135
2019-09-26,2.169865608215332,2.430000066757202,2.430000066757202,2.369999885559082,2.369999885559082,8630
2019-09-27,2.169865608215332,2.430000066757202,2.430000066757202,2.430000066757202,2.430000066757202,0
2019-09-30,2.178795099258423,2.440000057220459,2.4700000286102295,2.390000104904175,2.430000066757202,8130
2019-10-01,2.1341474056243896,2.390000104904175,2.440000057220459,2.390000104904175,2.440000057220459,318
2019-10-02,2.1073591709136963,2.359999895095825,2.359999895095825,2.359999895095825,2.359999895095825,16
2019-10-03,2.0805704593658447,2.3299999237060547,2.3499999046325684,2.3299999237060547,2.3499999046325684,1510
2019-10-04,1.9734169244766235,2.2100000381469727,2.3399999141693115,2.2100000381469727,2.3299999237060547,6460
2019-10-07,2.018064260482788,2.259999990463257,2.369999885559082,2.25,2.259999990463257,2557
2019-10-08,2.0091350078582764,2.25,2.259999990463257,2.25,2.25,2010
2019-10-09,2.116288661956787,2.369999885559082,2.369999885559082,2.2200000286102295,2.25,2043
2019-10-10,2.0805704593658447,2.3299999237060547,2.3299999237060547,2.259999990463257,2.259999990463257,301
2019-10-11,2.1430773735046387,2.4000000953674316,2.4000000953674316,2.380000114440918,2.380000114440918,259
2019-10-14,2.125218391418457,2.380000114440918,2.380000114440918,2.299999952316284,2.299999952316284,102
2019-10-15,2.1520066261291504,2.4100000858306885,2.4100000858306885,2.309999942779541,2.3399999141693115,7158
2019-10-16,2.1430773735046387,2.4000000953674316,2.4100000858306885,2.359999895095825,2.4100000858306885,6847
2019-10-17,2.169865608215332,2.430000066757202,2.430000066757202,2.359999895095825,2.359999895095825,20743
2019-10-18,2.1609363555908203,2.4200000762939453,2.430000066757202,2.3499999046325684,2.3499999046325684,378
2019-10-21,2.1609363555908203,2.4200000762939453,2.4600000381469727,2.390000104904175,2.390000104904175,6337
2019-10-22,2.0805704593658447,2.3299999237060547,2.450000047683716,2.299999952316284,2.4000000953674316,552886
2019-10-23,2.026993751525879,2.2699999809265137,2.380000114440918,2.2100000381469727,2.380000114440918,326869
2019-10-24,2.0091350078582764,2.25,2.2899999618530273,2.2200000286102295,2.240000009536743,8121
2019-10-25,2.116288661956787,2.369999885559082,2.369999885559082,2.2200000286102295,2.2200000286102295,9035
2019-10-28,2.116288661956787,2.369999885559082,2.369999885559082,2.2899999618530273,2.2899999618530273,3634
2019-10-29,2.116288661956787,2.369999885559082,2.369999885559082,2.369999885559082,2.369999885559082,0
2019-10-30,1.9823462963104248,2.2200000286102295,2.380000114440918,2.2200000286102295,2.369999885559082,2794
2019-10-31,2.116288661956787,2.369999885559082,2.369999885559082,2.2300000190734863,2.2300000190734863,4224
2019-11-01,2.1430773735046387,2.4000000953674316,2.4000000953674316,2.319999933242798,2.3299999237060547,734
2019-11-04,2.0805704593658447,2.3299999237060547,2.3299999237060547,2.309999942779541,2.319999933242798,227189
2019-11-05,2.071641206741333,2.319999933242798,2.4000000953674316,2.319999933242798,2.380000114440918,8937
2019-11-06,2.0805704593658447,2.3299999237060547,2.4100000858306885,2.3299999237060547,2.390000104904175,1374
2019-11-07,2.071641206741333,2.319999933242798,2.4000000953674316,2.299999952316284,2.4000000953674316,5120
2019-11-08,2.1430773735046387,2.4000000953674316,2.4000000953674316,2.3299999237060547,2.3299999237060547,1933
2019-11-11,2.1430773735046387,2.4000000953674316,2.4000000953674316,2.3499999046325684,2.390000104904175,2735
2019-11-12,2.1609363555908203,2.4200000762939453,2.4200000762939453,2.390000104904175,2.4000000953674316,4473
2019-11-13,2.1430773735046387,2.4000000953674316,2.4000000953674316,2.3499999046325684,2.3499999046325684,4313
2019-11-14,2.1341474056243896,2.390000104904175,2.4000000953674316,2.3499999046325684,2.4000000953674316,404
2019-11-15,2.1430773735046387,2.4000000953674316,2.4000000953674316,2.3499999046325684,2.3499999046325684,3585
2019-11-18,2.1430773735046387,2.4000000953674316,2.4200000762939453,2.4000000953674316,2.4000000953674316,1824
2019-11-19,2.1430773735046387,2.4000000953674316,2.450000047683716,2.4000000953674316,2.4200000762939453,16362
2019-11-20,2.1430773735046387,2.4000000953674316,2.4100000858306885,2.4000000953674316,2.4100000858306885,2371
2019-11-21,2.1073591709136963,2.359999895095825,2.359999895095825,2.359999895095825,2.359999895095825,10
2019-11-22,2.1430773735046387,2.4000000953674316,2.4000000953674316,2.359999895095825,2.359999895095825,1060
2019-11-25,2.116288661956787,2.369999885559082,2.4200000762939453,2.369999885559082,2.4000000953674316,2408
2019-11-26,2.1430773735046387,2.4000000953674316,2.4000000953674316,2.3499999046325684,2.3499999046325684,4001
2019-11-27,2.0805704593658447,2.3299999237060547,2.390000104904175,2.3299999237060547,2.3499999046325684,24775
2019-11-28,2.0984296798706055,2.3499999046325684,2.3499999046325684,2.3299999237060547,2.3399999141693115,47704
2019-11-29,2.0984296798706055,2.3499999046325684,2.3499999046325684,2.319999933242798,2.3499999046325684,14468
2019-12-02,2.0627119541168213,2.309999942779541,2.3399999141693115,2.2899999618530273,2.3399999141693115,23586
2019-12-03,2.0359232425689697,2.2799999713897705,2.309999942779541,2.2799999713897705,2.309999942779541,3767
2019-12-04,2.0537824630737305,2.299999952316284,2.309999942779541,2.299999952316284,2.299999952316284,20671
2019-12-05,2.0805704593658447,2.3299999237060547,2.3299999237060547,2.299999952316284,2.299999952316284,3727
2019-12-09,2.026993751525879,2.2699999809265137,2.3299999237060547,2.2699999809265137,2.3299999237060547,6372
2019-12-10,2.0627119541168213,2.309999942779541,2.309999942779541,2.2699999809265137,2.2699999809265137,861
2019-12-11,2.0537824630737305,2.299999952316284,2.319999933242798,2.259999990463257,2.259999990463257,4337
2019-12-12,2.0537824630737305,2.299999952316284,2.309999942779541,2.2699999809265137,2.2799999713897705,4140
2019-12-13,2.0359232425689697,2.2799999713897705,2.309999942779541,2.25,2.2899999618530273,22125
2019-12-16,2.026993751525879,2.2699999809265137,2.2799999713897705,2.240000009536743,2.2699999809265137,37867
2019-12-17,2.0537824630737305,2.299999952316284,2.319999933242798,2.2300000190734863,2.2699999809265137,102550
2019-12-18,2.0627119541168213,2.309999942779541,2.309999942779541,2.2799999713897705,2.2799999713897705,6060
2019-12-19,2.0627119541168213,2.309999942779541,2.309999942779541,2.259999990463257,2.259999990463257,5057
2019-12-20,2.0448524951934814,2.2899999618530273,2.319999933242798,2.2699999809265137,2.2899999618530273,10070
2019-12-23,2.0359232425689697,2.2799999713897705,2.309999942779541,2.2799999713897705,2.299999952316284,19832
2019-12-27,2.071641206741333,2.319999933242798,2.319999933242798,2.259999990463257,2.2699999809265137,27353
2019-12-30,2.0627119541168213,2.309999942779541,2.319999933242798,2.2799999713897705,2.2799999713897705,24695
2020-01-02,2.0895001888275146,2.3399999141693115,2.4100000858306885,2.3399999141693115,2.3399999141693115,16808
2020-01-03,2.125218391418457,2.380000114440918,2.390000104904175,2.3399999141693115,2.390000104904175,2268
2020-01-07,2.1073591709136963,2.359999895095825,2.4000000953674316,2.359999895095825,2.380000114440918,13237
2020-01-08,2.0895001888275146,2.3399999141693115,2.369999885559082,2.3399999141693115,2.359999895095825,4737
2020-01-09,2.1430773735046387,2.4000000953674316,2.4000000953674316,2.3399999141693115,2.3399999141693115,5920
2020-01-10,2.1341474056243896,2.390000104904175,2.4000000953674316,2.369999885559082,2.4000000953674316,2897
2020-01-13,2.125218391418457,2.380000114440918,2.4000000953674316,2.369999885559082,2.390000104904175,7566
2020-01-14,2.1520066261291504,2.4100000858306885,2.4100000858306885,2.369999885559082,2.4000000953674316,13791
2020-01-15,2.1430773735046387,2.4000000953674316,2.4100000858306885,2.369999885559082,2.4100000858306885,4942
2020-01-16,2.1430773735046387,2.4000000953674316,2.4100000858306885,2.380000114440918,2.380000114440918,22635
2020-01-17,2.1430773735046387,2.4000000953674316,2.4100000858306885,2.369999885559082,2.390000104904175,8171
2020-01-20,2.178795099258423,2.440000057220459,2.440000057220459,2.4000000953674316,2.4000000953674316,22687
2020-01-21,2.214513063430786,2.4800000190734863,2.5,2.4200000762939453,2.440000057220459,6900
2020-01-22,2.2948784828186035,2.569999933242798,2.569999933242798,2.4700000286102295,2.4800000190734863,7518
2020-01-23,2.2948784828186035,2.569999933242798,2.6500000953674316,2.5199999809265137,2.5799999237060547,17973
2020-01-24,2.3305962085723877,2.609999895095825,2.619999885559082,2.559999942779541,2.5999999046325684,5279
2020-01-27,2.2770192623138428,2.549999952316284,2.609999895095825,2.509999990463257,2.609999895095825,4130
2020-01-28,2.3484554290771484,2.630000114440918,2.630000114440918,2.5899999141693115,2.5999999046325684,6602
2020-01-29,2.214513063430786,2.4800000190734863,2.5999999046325684,2.430000066757202,2.5999999046325684,50838
2020-01-30,2.1520066261291504,2.4100000858306885,2.490000009536743,2.380000114440918,2.450000047683716,9310
2020-01-31,2.1430773735046387,2.4000000953674316,2.490000009536743,2.380000114440918,2.4000000953674316,5799
2020-02-03,2.0359232425689697,2.2799999713897705,2.4000000953674316,2.2799999713897705,2.4000000953674316,35225
2020-02-04,2.1073591709136963,2.359999895095825,2.390000104904175,2.3299999237060547,2.3299999237060547,9000
2020-02-05,2.0984296798706055,2.3499999046325684,2.390000104904175,2.299999952316284,2.359999895095825,32461
2020-02-06,2.116288661956787,2.369999885559082,2.390000104904175,2.369999885559082,2.390000104904175,2761
2020-02-07,2.125218391418457,2.380000114440918,2.4000000953674316,2.369999885559082,2.390000104904175,3251
2020-02-10,2.125218391418457,2.380000114440918,2.4000000953674316,2.3499999046325684,2.369999885559082,8315
2020-02-11,2.116288661956787,2.369999885559082,2.450000047683716,2.369999885559082,2.4000000953674316,3965
2020-02-12,2.116288661956787,2.369999885559082,2.450000047683716,2.369999885559082,2.369999885559082,3691
2020-02-13,2.1073591709136963,2.359999895095825,2.369999885559082,2.359999895095825,2.369999885559082,4883
2020-02-14,2.1877248287200928,2.450000047683716,2.5,2.3299999237060547,2.359999895095825,17343
2020-02-17,2.1341474056243896,2.390000104904175,2.450000047683716,2.3299999237060547,2.450000047683716,1896
2020-02-18,2.0984296798706055,2.3499999046325684,2.4200000762939453,2.3299999237060547,2.4000000953674316,30150
2020-02-19,2.1073591709136963,2.359999895095825,2.4000000953674316,2.359999895095825,2.359999895095825,5171
2020-02-20,2.0984296798706055,2.3499999046325684,2.4000000953674316,2.3499999046325684,2.4000000953674316,1713
2020-02-21,2.0984296798706055,2.3499999046325684,2.4000000953674316,2.3399999141693115,2.4000000953674316,6094
2020-02-24,2.018064260482788,2.259999990463257,2.3499999046325684,2.2100000381469727,2.3499999046325684,25759
2020-02-25,2.0984296798706055,2.3499999046325684,2.3499999046325684,2.2899999618530273,2.2899999618530273,2229
2020-02-26,2.0359232425689697,2.2799999713897705,2.3499999046325684,2.2100000381469727,2.2799999713897705,6374
2020-02-27,2.0359232425689697,2.2799999713897705,2.319999933242798,2.25,2.319999933242798,1196
2020-02-28,2.026993751525879,2.2699999809265137,2.2799999713897705,2.240000009536743,2.259999990463257,11090
2020-03-02,2.026993751525879,2.2699999809265137,2.2699999809265137,2.180000066757202,2.2100000381469727,17629
2020-03-03,2.0448524951934814,2.2899999618530273,2.2899999618530273,2.25,2.2799999713897705,28388
2020-03-04,2.0359232425689697,2.2799999713897705,2.2899999618530273,2.25,2.2899999618530273,6194
2020-03-05,2.0895001888275146,2.3399999141693115,2.3499999046325684,2.259999990463257,2.2799999713897705,326589
2020-03-06,2.0091350078582764,2.25,2.299999952316284,2.25,2.299999952316284,14688
2020-03-09,1.9912757873535156,2.2300000190734863,2.240000009536743,2.1600000858306885,2.240000009536743,19932
2020-03-10,1.9823462963104248,2.2200000286102295,2.319999933242798,2.2200000286102295,2.319999933242798,11380
2020-03-11,2.0091350078582764,2.25,2.299999952316284,2.25,2.2699999809265137,22819
2020-03-12,1.875192642211914,2.0999999046325684,2.259999990463257,2.0,2.259999990463257,20969
2020-03-13,1.9644871950149536,2.200000047683716,2.2899999618530273,2.0899999141693115,2.0899999141693115,13195
2020-03-16,1.8126860857009888,2.0299999713897705,2.200000047683716,2.0,2.0999999046325684,16745
2020-03-17,1.848404049873352,2.069999933242798,2.2200000286102295,1.9950000047683716,1.9950000047683716,235659
2020-03-18,1.9198399782180786,2.1500000953674316,2.1500000953674316,2.0899999141693115,2.0999999046325684,27691
2020-03-19,1.901981234550476,2.130000114440918,2.190000057220459,2.130000114440918,2.1500000953674316,25020
2020-03-20,1.903090238571167,2.0999999046325684,2.2300000190734863,2.0999999046325684,2.140000104904175,4765
2020-03-23,1.939339518547058,2.140000104904175,2.1500000953674316,2.0899999141693115,2.1500000953674316,23993
2020-03-24,1.948401927947998,2.1500000953674316,2.259999990463257,2.1500000953674316,2.259999990463257,10807
2020-03-25,2.1387109756469727,2.359999895095825,2.4100000858306885,2.240000009536743,2.240000009536743,65400
2020-03-26,2.102461576461792,2.319999933242798,2.390000104904175,2.200000047683716,2.390000104904175,13956
2020-03-27,2.1205861568450928,2.3399999141693115,2.4000000953674316,2.319999933242798,2.319999933242798,33930
2020-03-30,2.1840224266052246,2.4100000858306885,2.430000066757202,2.3499999046325684,2.4000000953674316,4128
2020-03-31,2.2202720642089844,2.450000047683716,2.450000047683716,2.4100000858306885,2.450000047683716,6556
2020-04-01,2.256521224975586,2.490000009536743,2.490000009536743,2.450000047683716,2.450000047683716,10805
2020-04-02,2.329019784927368,2.569999933242798,2.569999933242798,2.4800000190734863,2.490000009536743,30704
2020-04-03,2.2655835151672363,2.5,2.569999933242798,2.450000047683716,2.569999933242798,6056
2020-04-06,2.2655835151672363,2.5,2.5899999141693115,2.5,2.559999942779541,30332
2020-04-07,2.347144365310669,2.5899999141693115,2.5999999046325684,2.509999990463257,2.5399999618530273,46151
2020-04-08,2.365269184112549,2.609999895095825,2.609999895095825,2.5199999809265137,2.5899999141693115,43628
2020-04-09,2.546515941619873,2.809999942779541,2.930000066757202,2.6500000953674316,2.6500000953674316,126720
2020-04-14,2.673388719558716,2.950000047683716,3.049999952316284,2.869999885559082,2.869999885559082,151717
2020-04-15,2.5555782318115234,2.819999933242798,2.950000047683716,2.799999952316284,2.950000047683716,60620
2020-04-16,2.564640522003174,2.8299999237060547,2.9000000953674316,2.700000047683716,2.869999885559082,20248
2020-04-17,2.6008899211883545,2.869999885559082,3.0,2.799999952316284,2.8299999237060547,25323
2020-04-20,2.6190147399902344,2.890000104904175,2.9200000762939453,2.819999933242798,2.9200000762939453,10130
2020-04-21,2.5374534130096436,2.799999952316284,2.890000104904175,2.759999990463257,2.880000114440918,12585
2020-04-22,2.5555782318115234,2.819999933242798,2.819999933242798,2.799999952316284,2.819999933242798,7438
2020-04-23,2.7368249893188477,3.0199999809265137,3.4000000953674316,3.0199999809265137,3.130000114440918,171502
2020-04-24,2.77307391166687,3.059999942779541,3.1700000762939453,3.0,3.1500000953674316,47461
2020-04-27,2.9543211460113525,3.259999990463257,3.2899999618530273,3.0999999046325684,3.0999999046325684,92165
2020-04-28,2.945258617401123,3.25,3.3399999141693115,3.1700000762939453,3.259999990463257,59458
2020-04-29,2.963383197784424,3.2699999809265137,3.2799999713897705,3.200000047683716,3.2300000190734863,35727
2020-04-30,2.963383197784424,3.2699999809265137,3.299999952316284,3.2200000286102295,3.2799999713897705,22102
2020-05-04,2.854635238647461,3.1500000953674316,3.3399999141693115,3.069999933242798,3.299999952316284,43462
2020-05-05,2.8455731868743896,3.140000104904175,3.259999990463257,3.049999952316284,3.1500000953674316,27873
2020-05-06,2.7821364402770996,3.069999933242798,3.1600000858306885,3.009999990463257,3.1600000858306885,80038
2020-05-07,2.8636977672576904,3.1600000858306885,3.1600000858306885,3.069999933242798,3.0899999141693115,43114
2020-05-08,2.8636977672576904,3.1600000858306885,3.190000057220459,3.109999895095825,3.1600000858306885,12306
2020-05-11,2.8636977672576904,3.1600000858306885,3.190000057220459,3.140000104904175,3.1700000762939453,30896
2020-05-12,2.87276029586792,3.1700000762939453,3.180000066757202,3.0899999141693115,3.180000066757202,16835
2020-05-13,2.854635238647461,3.1500000953674316,3.240000009536743,3.1500000953674316,3.200000047683716,50492
2020-05-14,2.899947166442871,3.200000047683716,3.240000009536743,3.0999999046325684,3.200000047683716,30934
2020-05-15,2.9543211460113525,3.259999990463257,3.2699999809265137,3.2100000381469727,3.2100000381469727,35491
2020-05-18,2.881822347640991,3.180000066757202,3.2699999809265137,3.180000066757202,3.259999990463257,33185
2020-05-19,2.918071746826172,3.2200000286102295,3.259999990463257,3.180000066757202,3.259999990463257,17417
2020-05-20,2.9090092182159424,3.2100000381469727,3.2200000286102295,3.1500000953674316,3.200000047683716,28077
2020-05-22,2.9543211460113525,3.259999990463257,3.259999990463257,3.2100000381469727,3.2100000381469727,12241
2020-05-25,3.035881996154785,3.3499999046325684,3.3499999046325684,3.2200000286102295,3.2699999809265137,32966
2020-05-26,3.126505136489868,3.450000047683716,3.4600000381469727,3.3499999046325684,3.3499999046325684,28317
2020-05-27,3.126505136489868,3.450000047683716,3.490000009536743,3.4000000953674316,3.450000047683716,32253
2020-05-28,3.1718170642852783,3.5,3.549999952316284,3.450000047683716,3.450000047683716,18577
2020-05-29,3.162754535675049,3.490000009536743,3.490000009536743,3.4200000762939453,3.490000009536743,16717
2020-06-01,3.144629955291748,3.4700000286102295,3.509999990463257,3.4200000762939453,3.490000009536743,9199
2020-06-02,3.1536922454833984,3.4800000190734863,3.5,3.430000066757202,3.5,10951
2020-06-03,3.1083807945251465,3.430000066757202,3.5299999713897705,3.4000000953674316,3.5,16588
2020-06-04,3.099318504333496,3.4200000762939453,3.4800000190734863,3.4200000762939453,3.4200000762939453,8612
2020-06-05,3.126505136489868,3.450000047683716,3.4800000190734863,3.4000000953674316,3.4200000762939453,11765
2020-06-08,3.081193685531616,3.4000000953674316,3.5,3.369999885559082,3.4700000286102295,5674
2020-06-09,3.126505136489868,3.450000047683716,3.5399999618530273,3.390000104904175,3.450000047683716,10511
2020-06-10,3.144629955291748,3.4700000286102295,3.4700000286102295,3.3499999046325684,3.450000047683716,11234
2020-06-11,2.990570306777954,3.299999952316284,3.5,3.2200000286102295,3.359999895095825,19556
2020-06-12,3.0268197059631348,3.3399999141693115,3.359999895095825,3.2699999809265137,3.359999895095825,25531
2020-06-15,2.945258617401123,3.25,3.309999942779541,3.240000009536743,3.25,10499
2020-06-16,2.9815080165863037,3.2899999618530273,3.319999933242798,3.25,3.25,19628
2020-06-17,3.344001531600952,3.690000057220459,3.7899999618530273,3.630000114440918,3.7200000286102295,104447
2020-06-18,3.4436869621276855,3.799999952316284,3.9100000858306885,3.740000009536743,3.740000009536743,93188
2020-06-22,3.543372869491577,3.9100000858306885,3.990000009536743,3.809999942779541,3.9000000953674316,55331
2020-06-23,3.498060941696167,3.859999895095825,3.9200000762939453,3.809999942779541,3.9000000953674316,82236
2020-06-24,3.452749252319336,3.809999942779541,3.9000000953674316,3.809999942779541,3.9000000953674316,13343
2020-06-25,3.479936122894287,3.8399999141693115,3.8499999046325684,3.7899999618530273,3.8399999141693115,26711
2020-06-26,3.4889986515045166,3.8499999046325684,3.880000114440918,3.809999942779541,3.880000114440918,16448
2020-06-29,3.4889986515045166,3.8499999046325684,3.880000114440918,3.819999933242798,3.880000114440918,11032
2020-06-30,3.5071232318878174,3.869999885559082,3.890000104904175,3.7300000190734863,3.740000009536743,4186
2020-07-01,3.5071232318878174,3.869999885559082,3.9000000953674316,3.869999885559082,3.9000000953674316,22677
2020-07-02,3.4889986515045166,3.8499999046325684,3.890000104904175,3.799999952316284,3.890000104904175,6570
2020-07-03,3.470874071121216,3.8299999237060547,3.890000104904175,3.8299999237060547,3.8499999046325684,11120
2020-07-06,3.498060941696167,3.859999895095825,3.9000000953674316,3.8299999237060547,3.8299999237060547,37187
2020-07-07,3.5252482891082764,3.890000104904175,3.9000000953674316,3.859999895095825,3.9000000953674316,35945
2020-07-08,3.516185760498047,3.880000114440918,3.930000066757202,3.869999885559082,3.9000000953674316,35718
2020-07-09,3.5705597400665283,3.940000057220459,3.9600000381469727,3.859999895095825,3.859999895095825,30744
2020-07-10,3.5343101024627686,3.9000000953674316,3.950000047683716,3.859999895095825,3.940000057220459,16508
2020-07-13,3.579622268676758,3.950000047683716,3.9700000286102295,3.890000104904175,3.930000066757202,20833
2020-07-14,3.561497449874878,3.930000066757202,3.9800000190734863,3.9000000953674316,3.950000047683716,13271
2020-07-15,3.715557098388672,4.099999904632568,4.099999904632568,3.930000066757202,3.950000047683716,20023
2020-07-16,3.58868408203125,3.9600000381469727,4.099999904632568,3.940000057220459,4.099999904632568,31501
2020-07-17,3.60680890083313,3.9800000190734863,4.099999904632568,3.9700000286102295,3.9700000286102295,15100
2020-07-20,3.58868408203125,3.9600000381469727,4.019999980926514,3.9600000381469727,3.9700000286102295,16160
2020-07-21,3.6430585384368896,4.019999980926514,4.03000020980835,3.9600000381469727,3.9700000286102295,23757
2020-07-22,3.6249337196350098,4.0,4.019999980926514,3.9800000190734863,4.019999980926514,12142
2020-07-23,3.670245409011841,4.050000190734863,4.050000190734863,3.9700000286102295,4.0,29034
2020-07-24,3.65212082862854,4.03000020980835,4.059999942779541,3.9800000190734863,4.059999942779541,10899
2020-07-27,3.6611831188201904,4.039999961853027,4.059999942779541,3.9700000286102295,3.9800000190734863,20081
2020-07-28,3.6430585384368896,4.019999980926514,4.050000190734863,3.9800000190734863,4.050000190734863,12955
2020-07-29,3.6339964866638184,4.010000228881836,4.050000190734863,4.010000228881836,4.039999961853027,17476
2020-07-30,3.6158711910247803,3.990000009536743,4.050000190734863,3.990000009536743,4.0,19747
2020-07-31,3.65212082862854,4.03000020980835,4.039999961853027,3.950000047683716,3.9800000190734863,13782
2020-08-03,3.7064948081970215,4.090000152587891,4.099999904632568,4.03000020980835,4.039999961853027,29728
2020-08-04,3.7246193885803223,4.110000133514404,4.190000057220459,4.079999923706055,4.090000152587891,53688
2020-08-05,3.851492404937744,4.25,4.28000020980835,4.170000076293945,4.190000057220459,129557
2020-08-06,3.851492404937744,4.25,4.329999923706055,4.210000038146973,4.260000228881836,73395
2020-08-07,3.960240125656128,4.369999885559082,4.400000095367432,4.289999961853027,4.289999961853027,50608
2020-08-10,4.141487121582031,4.570000171661377,4.579999923706055,4.420000076293945,4.440000057220459,79168
2020-08-11,4.259296894073486,4.699999809265137,4.78000020980835,4.650000095367432,4.670000076293945,94185
2020-08-12,4.531167030334473,5.0,5.360000133514404,4.940000057220459,5.099999904632568,199706
2020-08-13,4.549292087554932,5.019999980926514,5.159999847412109,5.0,5.119999885559082,144535
2020-08-14,4.513042449951172,4.980000019073486,5.099999904632568,4.96999979019165,5.099999904632568,48257
2020-08-17,4.476792812347412,4.940000057220459,4.980000019073486,4.920000076293945,4.980000019073486,26625
2020-08-18,4.467730522155762,4.929999828338623,4.960000038146973,4.849999904632568,4.940000057220459,22619
2020-08-19,4.340857982635498,4.789999961853027,4.949999809265137,4.789999961853027,4.909999847412109,51325
2020-08-20,4.43148136138916,4.889999866485596,5.0,4.710000038146973,4.78000020980835,65150
2020-08-21,4.358982563018799,4.809999942779541,4.96999979019165,4.78000020980835,4.869999885559082,38783
2020-08-24,4.485855579376221,4.949999809265137,4.989999771118164,4.849999904632568,4.849999904632568,40940
2020-08-25,4.358982563018799,4.809999942779541,4.960000038146973,4.800000190734863,4.960000038146973,45396
2020-08-26,4.422419548034668,4.880000114440918,4.889999866485596,4.800000190734863,4.809999942779541,24740
2020-08-27,4.349920749664307,4.800000190734863,4.880000114440918,4.769999980926514,4.880000114440918,31097
2020-08-28,4.304608345031738,4.75,4.860000133514404,4.75,4.800000190734863,41991
2020-08-31,4.304608345031738,4.75,4.849999904632568,4.739999771118164,4.75,49856
2020-09-01,4.358982563018799,4.809999942779541,4.809999942779541,4.739999771118164,4.75,43512
2020-09-02,4.259296894073486,4.699999809265137,4.809999942779541,4.619999885559082,4.809999942779541,35485
2020-09-03,4.331795692443848,4.78000020980835,4.840000152587891,4.699999809265137,4.809999942779541,53633
2020-09-04,4.250234603881836,4.690000057220459,4.800000190734863,4.630000114440918,4.699999809265137,36051
2020-09-07,4.413356304168701,4.869999885559082,4.880000114440918,4.690000057220459,4.690000057220459,49965
2020-09-08,4.3771071434021,4.829999923706055,4.920000076293945,4.769999980926514,4.900000095367432,42914
2020-09-09,4.3952317237854,4.849999904632568,4.869999885559082,4.800000190734863,4.829999923706055,89549
2020-09-10,4.349920749664307,4.800000190734863,4.809999942779541,4.78000020980835,4.800000190734863,49370
2020-09-11,4.340857982635498,4.789999961853027,4.829999923706055,4.769999980926514,4.829999923706055,42895
2020-09-14,4.43148136138916,4.889999866485596,4.889999866485596,4.800000190734863,4.800000190734863,100028
2020-09-15,4.5039801597595215,4.96999979019165,5.0,4.880000114440918,4.900000095367432,66251
2020-09-16,4.531167030334473,5.0,5.019999980926514,4.949999809265137,4.96999979019165,54451
2020-09-17,4.531167030334473,5.0,5.0,4.900000095367432,4.980000019073486,41641
2020-09-18,4.522104263305664,4.989999771118164,5.019999980926514,4.949999809265137,5.019999980926514,25332
2020-09-21,4.349920749664307,4.800000190734863,5.0,4.78000020980835,5.0,40751
2020-09-22,4.476792812347412,4.940000057220459,4.949999809265137,4.75,4.75,32637
2020-09-23,4.449606418609619,4.909999847412109,4.989999771118164,4.900000095367432,4.960000038146973,9958
2020-09-24,4.43148136138916,4.889999866485596,4.980000019073486,4.869999885559082,4.909999847412109,30677
2020-09-25,4.440544128417969,4.900000095367432,4.949999809265137,4.869999885559082,4.949999809265137,35097
2020-09-28,4.513042449951172,4.980000019073486,5.039999961853027,4.949999809265137,4.949999809265137,87278
2020-09-29,4.485855579376221,4.949999809265137,5.039999961853027,4.940000057220459,5.039999961853027,53215
2020-09-30,4.485855579376221,4.949999809265137,5.039999961853027,4.940000057220459,4.980000019073486,74562
2020-10-01,4.476792812347412,4.940000057220459,4.989999771118164,4.929999828338623,4.96999979019165,29537
2020-10-02,4.531167030334473,5.0,5.0,4.940000057220459,5.0,42875
2020-10-05,4.485855579376221,4.949999809265137,5.039999961853027,4.940000057220459,5.0,138568
2020-10-06,4.467730522155762,4.929999828338623,5.0,4.929999828338623,4.949999809265137,29225
2020-10-07,4.422419548034668,4.880000114440918,4.96999979019165,4.880000114440918,4.960000038146973,64312
2020-10-08,4.422419548034668,4.880000114440918,4.929999828338623,4.849999904632568,4.929999828338623,37494
2020-10-09,4.43148136138916,4.889999866485596,4.960000038146973,4.889999866485596,4.920000076293945,210800
2020-10-12,4.4586687088012695,4.920000076293945,4.960000038146973,4.900000095367432,4.949999809265137,51341
2020-10-13,4.43148136138916,4.889999866485596,4.960000038146973,4.889999866485596,4.909999847412109,71345
2020-10-14,4.422419548034668,4.880000114440918,4.929999828338623,4.849999904632568,4.849999904632568,100083
2020-10-15,4.43148136138916,4.889999866485596,4.949999809265137,4.880000114440918,4.900000095367432,106892
2020-10-16,4.440544128417969,4.900000095367432,4.920000076293945,4.880000114440918,4.900000095367432,86394
2020-10-19,4.422419548034668,4.880000114440918,4.960000038146973,4.880000114440918,4.909999847412109,82282
2020-10-20,4.440544128417969,4.900000095367432,4.920000076293945,4.880000114440918,4.889999866485596,35963
2020-10-21,4.368044853210449,4.820000171661377,4.889999866485596,4.820000171661377,4.869999885559082,35504
2020-10-22,4.3771071434021,4.829999923706055,4.889999866485596,4.789999961853027,4.869999885559082,58240
2020-10-23,4.358982563018799,4.809999942779541,4.860000133514404,4.789999961853027,4.849999904632568,97755
2020-10-26,4.422419548034668,4.880000114440918,4.900000095367432,4.800000190734863,4.829999923706055,322071
2020-10-27,4.585540771484375,5.059999942779541,5.320000171661377,4.960000038146973,5.260000228881836,746257
2020-10-28,4.322733402252197,4.769999980926514,4.989999771118164,4.760000228881836,4.989999771118164,369042
2020-10-29,4.368044853210449,4.820000171661377,4.849999904632568,4.75,4.75,127597
2020-10-30,4.386169910430908,4.840000152587891,4.909999847412109,4.78000020980835,4.800000190734863,88029
2020-11-02,4.404294967651367,4.860000133514404,4.929999828338623,4.840000152587891,4.909999847412109,62983
2020-11-03,4.3771071434021,4.829999923706055,4.920000076293945,4.800000190734863,4.860000133514404,88020
2020-11-04,4.349920749664307,4.800000190734863,4.860000133514404,4.760000228881836,4.809999942779541,100966
2020-11-05,4.4586687088012695,4.920000076293945,4.920000076293945,4.800000190734863,4.840000152587891,54202
2020-11-06,4.3952317237854,4.849999904632568,4.909999847412109,4.829999923706055,4.909999847412109,176453
2020-11-09,4.195860385894775,4.630000114440918,4.980000019073486,4.579999923706055,4.889999866485596,435222
2020-11-10,4.277421951293945,4.71999979019165,4.769999980926514,4.570000171661377,4.630000114440918,138326
2020-11-11,4.331795692443848,4.78000020980835,4.78000020980835,4.670000076293945,4.71999979019165,77200
2020-11-12,4.313671588897705,4.760000228881836,4.809999942779541,4.75,4.800000190734863,73056
2020-11-13,4.313671588897705,4.760000228881836,4.78000020980835,4.710000038146973,4.71999979019165,29940
2020-11-16,4.322733402252197,4.769999980926514,4.800000190734863,4.730000019073486,4.75,35345
2020-11-17,4.4586687088012695,4.920000076293945,4.929999828338623,4.78000020980835,4.78000020980835,89752
2020-11-18,4.531167030334473,5.0,5.039999961853027,4.920000076293945,4.920000076293945,103012
2020-11-19,4.413356304168701,4.869999885559082,4.980000019073486,4.869999885559082,4.940000057220459,89515
2020-11-20,4.413356304168701,4.869999885559082,4.900000095367432,4.840000152587891,4.900000095367432,54559
2020-11-23,4.43148136138916,4.889999866485596,4.920000076293945,4.860000133514404,4.869999885559082,100164
2020-11-24,4.485855579376221,4.949999809265137,4.96999979019165,4.869999885559082,4.900000095367432,123392
2020-11-25,4.522104263305664,4.989999771118164,5.019999980926514,4.960000038146973,4.96999979019165,94582
2020-11-26,4.549292087554932,5.019999980926514,5.099999904632568,4.949999809265137,5.0,164114
2020-11-27,4.513042449951172,4.980000019073486,5.059999942779541,4.960000038146973,5.039999961853027,78124
2020-11-30,4.531167030334473,5.0,5.059999942779541,4.960000038146973,5.059999942779541,147746
2020-12-01,4.494917869567871,4.960000038146973,5.019999980926514,4.940000057220459,5.019999980926514,57638
2020-12-02,4.476792812347412,4.940000057220459,5.019999980926514,4.929999828338623,4.960000038146973,51961
2020-12-03,4.467730522155762,4.929999828338623,4.989999771118164,4.920000076293945,4.96999979019165,49911
2020-12-04,4.422419548034668,4.880000114440918,4.960000038146973,4.860000133514404,4.929999828338623,75255
2020-12-07,4.43148136138916,4.889999866485596,4.909999847412109,4.840000152587891,4.900000095367432,23739
2020-12-08,4.449606418609619,4.909999847412109,4.980000019073486,4.849999904632568,4.849999904632568,41823
2020-12-09,4.449606418609619,4.909999847412109,4.929999828338623,4.860000133514404,4.909999847412109,27268
2020-12-10,4.422419548034668,4.880000114440918,4.929999828338623,4.809999942779541,4.900000095367432,25848
2020-12-11,4.413356304168701,4.869999885559082,4.909999847412109,4.840000152587891,4.880000114440918,31028
2020-12-14,4.3952317237854,4.849999904632568,4.909999847412109,4.829999923706055,4.880000114440918,61371
2020-12-15,4.440544128417969,4.900000095367432,4.920000076293945,4.840000152587891,4.889999866485596,25307
2020-12-16,4.485855579376221,4.949999809265137,4.949999809265137,4.889999866485596,4.949999809265137,34801
2020-12-17,4.522104263305664,4.989999771118164,5.0,4.900000095367432,4.96999979019165,71863
2020-12-18,4.549292087554932,5.019999980926514,5.119999885559082,4.989999771118164,4.989999771118164,84885
2020-12-21,4.467730522155762,4.929999828338623,5.059999942779541,4.900000095367432,5.059999942779541,76769
2020-12-22,4.603665828704834,5.079999923706055,5.079999923706055,4.960000038146973,4.960000038146973,34950
2020-12-23,4.6399149894714355,5.119999885559082,5.139999866485596,5.059999942779541,5.059999942779541,25672
2020-12-28,4.549292087554932,5.019999980926514,5.159999847412109,5.019999980926514,5.139999866485596,105333
2020-12-29,4.567416667938232,5.039999961853027,5.139999866485596,5.0,5.119999885559082,116888
2020-12-30,4.603665828704834,5.079999923706055,5.119999885559082,4.989999771118164,5.099999904632568,183715
2021-01-04,4.585540771484375,5.059999942779541,5.119999885559082,5.039999961853027,5.059999942779541,44774
2021-01-05,4.549292087554932,5.019999980926514,5.079999923706055,5.0,5.059999942779541,44119
2021-01-07,4.6399149894714355,5.119999885559082,5.239999771118164,5.079999923706055,5.119999885559082,204844
2021-01-08,4.766788005828857,5.260000228881836,5.340000152587891,5.119999885559082,5.199999809265137,94076
2021-01-11,4.694288730621338,5.179999828338623,5.260000228881836,5.179999828338623,5.260000228881836,47474
2021-01-12,4.694288730621338,5.179999828338623,5.260000228881836,5.179999828338623,5.199999809265137,48578
2021-01-13,4.748662948608398,5.239999771118164,5.239999771118164,5.159999847412109,5.179999828338623,53570
2021-01-14,4.712413787841797,5.199999809265137,5.239999771118164,5.139999866485596,5.199999809265137,41105
2021-01-15,4.730538368225098,5.21999979019165,5.300000190734863,5.159999847412109,5.239999771118164,577281
2021-01-18,4.893661022186279,5.400000095367432,5.420000076293945,5.21999979019165,5.300000190734863,130563
2021-01-19,5.0567827224731445,5.579999923706055,5.579999923706055,5.380000114440918,5.420000076293945,189756
2021-01-20,5.002408981323242,5.519999980926514,5.559999942779541,5.440000057220459,5.539999961853027,60176
2021-01-21,5.002408981323242,5.519999980926514,5.559999942779541,5.440000057220459,5.559999942779541,33454
2021-01-22,4.984283924102783,5.5,5.519999980926514,5.440000057220459,5.519999980926514,30215
2021-01-25,4.948034763336182,5.460000038146973,5.559999942779541,5.440000057220459,5.5,61395
2021-01-26,4.966158866882324,5.480000019073486,5.519999980926514,5.440000057220459,5.460000038146973,87655
2021-01-27,4.91178560256958,5.420000076293945,5.5,5.320000171661377,5.480000019073486,85725
2021-01-28,4.8392863273620605,5.340000152587891,5.440000057220459,5.179999828338623,5.440000057220459,133086
2021-01-29,4.948034763336182,5.460000038146973,5.5,5.260000228881836,5.260000228881836,795877
2021-02-01,5.129281044006348,5.659999847412109,5.679999828338623,5.440000057220459,5.480000019073486,126693
2021-02-02,5.18365478515625,5.71999979019165,5.760000228881836,5.599999904632568,5.679999828338623,106431
2021-02-03,5.201779842376709,5.739999771118164,5.739999771118164,5.579999923706055,5.71999979019165,207794
2021-02-04,5.201779842376709,5.739999771118164,5.880000114440918,5.5,5.78000020980835,639528
2021-02-05,5.31052827835083,5.860000133514404,5.900000095367432,5.699999809265137,5.760000228881836,320847
2021-02-08,5.5823974609375,6.159999847412109,6.159999847412109,5.860000133514404,5.860000133514404,195208
2021-02-09,5.4374003410339355,6.0,6.199999809265137,5.980000019073486,6.179999828338623,60597
2021-02-10,5.401150703430176,5.960000038146973,6.019999980926514,5.860000133514404,6.0,77655
2021-02-11,5.473649978637695,6.039999961853027,6.039999961853027,5.900000095367432,5.940000057220459,452282
2021-02-12,5.600522518157959,6.179999828338623,6.239999771118164,6.039999961853027,6.039999961853027,123258
2021-02-15,5.528023719787598,6.099999904632568,6.239999771118164,6.059999942779541,6.179999828338623,83065
2021-02-16,5.401150703430176,5.960000038146973,6.099999904632568,5.960000038146973,6.099999904632568,80534
2021-02-17,5.328652858734131,5.880000114440918,6.0,5.880000114440918,5.960000038146973,63154
2021-02-18,5.292402744293213,5.840000152587891,5.960000038146973,5.800000190734863,5.880000114440918,49317
2021-02-19,5.383027076721191,5.940000057220459,5.980000019073486,5.739999771118164,5.820000171661377,65133
2021-02-22,5.27427864074707,5.820000171661377,5.940000057220459,5.78000020980835,5.920000076293945,49974
2021-02-23,5.129281044006348,5.659999847412109,5.840000152587891,5.559999942779541,5.840000152587891,109997
2021-02-24,5.165530681610107,5.699999809265137,5.739999771118164,5.579999923706055,5.659999847412109,40296
2021-02-25,5.165530681610107,5.699999809265137,5.71999979019165,5.619999885559082,5.699999809265137,57700
2021-02-26,5.129281044006348,5.659999847412109,5.679999828338623,5.579999923706055,5.679999828338623,67298
2021-03-01,5.219904899597168,5.760000228881836,5.800000190734863,5.639999866485596,5.639999866485596,34262
2021-03-02,5.2561540603637695,5.800000190734863,5.840000152587891,5.659999847412109,5.71999979019165,63533
2021-03-03,5.18365478515625,5.71999979019165,5.820000171661377,5.679999828338623,5.820000171661377,42468
2021-03-04,5.093031883239746,5.619999885559082,5.800000190734863,5.559999942779541,5.71999979019165,51876
2021-03-05,4.966158866882324,5.480000019073486,5.619999885559082,5.420000076293945,5.619999885559082,113548
2021-03-08,5.165530681610107,5.699999809265137,5.699999809265137,5.440000057220459,5.5,67577
2021-03-09,5.093031883239746,5.619999885559082,5.679999828338623,5.519999980926514,5.519999980926514,35177
2021-03-10,5.111156463623047,5.639999866485596,5.699999809265137,5.599999904632568,5.699999809265137,29280
2021-03-11,5.165530681610107,5.699999809265137,5.71999979019165,5.619999885559082,5.699999809265137,41121
2021-03-12,5.18365478515625,5.71999979019165,5.739999771118164,5.659999847412109,5.699999809265137,41664
2021-03-15,5.147406101226807,5.679999828338623,5.78000020980835,5.679999828338623,5.71999979019165,29888
2021-03-16,5.074906826019287,5.599999904632568,5.739999771118164,5.599999904632568,5.699999809265137,26112
2021-03-17,5.129281044006348,5.659999847412109,5.659999847412109,5.579999923706055,5.599999904632568,33267
2021-03-18,5.0567827224731445,5.579999923706055,5.679999828338623,5.579999923706055,5.679999828338623,43333
2021-03-19,5.201779842376709,5.739999771118164,5.739999771118164,5.5,5.579999923706055,58217
2021-03-22,5.401150703430176,5.960000038146973,6.019999980926514,5.760000228881836,5.760000228881836,127507
2021-03-23,5.401150703430176,5.960000038146973,5.980000019073486,5.880000114440918,5.920000076293945,54139
2021-03-24,5.346777439117432,5.900000095367432,5.960000038146973,5.880000114440918,5.940000057220459,46833
2021-03-25,5.401150703430176,5.960000038146973,5.980000019073486,5.840000152587891,5.900000095367432,68880
2021-03-26,5.350147247314453,5.78000020980835,5.860000133514404,5.71999979019165,5.760000228881836,32833
2021-03-29,5.368659973144531,5.800000190734863,5.800000190734863,5.659999847412109,5.78000020980835,63077
2021-03-30,5.350147247314453,5.78000020980835,5.840000152587891,5.71999979019165,5.739999771118164,37079
2021-03-31,5.313121795654297,5.739999771118164,5.840000152587891,5.71999979019165,5.840000152587891,54867
2021-04-01,5.313121795654297,5.739999771118164,5.800000190734863,5.730000019073486,5.760000228881836,14557
2021-04-06,5.313121795654297,5.739999771118164,5.789999961853027,5.679999828338623,5.739999771118164,45328
2021-04-07,5.322378158569336,5.75,5.789999961853027,5.650000095367432,5.739999771118164,46455
2021-04-08,5.340890407562256,5.769999980926514,5.840000152587891,5.710000038146973,5.760000228881836,31695
2021-04-09,5.276096820831299,5.699999809265137,5.800000190734863,5.670000076293945,5.78000020980835,41089
2021-04-12,5.331634521484375,5.760000228881836,5.760000228881836,5.630000114440918,5.71999979019165,53455
2021-04-13,5.285353183746338,5.710000038146973,5.78000020980835,5.699999809265137,5.760000228881836,31333
2021-04-14,5.294609069824219,5.71999979019165,5.760000228881836,5.679999828338623,5.760000228881836,21463
2021-04-15,5.276096820831299,5.699999809265137,5.730000019073486,5.670000076293945,5.71999979019165,32231
2021-04-16,5.276096820831299,5.699999809265137,5.71999979019165,5.570000171661377,5.699999809265137,143110
2021-04-19,5.239071369171143,5.659999847412109,5.78000020980835,5.619999885559082,5.650000095367432,178745
2021-04-20,5.211302757263184,5.630000114440918,5.659999847412109,5.610000133514404,5.659999847412109,29080
2021-04-21,5.239071369171143,5.659999847412109,5.679999828338623,5.519999980926514,5.599999904632568,42986
2021-04-22,5.322378158569336,5.75,5.75,5.610000133514404,5.679999828338623,45725
2021-04-23,5.39642858505249,5.829999923706055,5.880000114440918,5.659999847412109,5.75,59588
2021-04-26,5.414941310882568,5.849999904632568,5.889999866485596,5.789999961853027,5.840000152587891,52897
2021-04-27,5.451966285705566,5.889999866485596,5.920000076293945,5.800000190734863,5.849999904632568,55121
2021-04-28,5.4334540367126465,5.869999885559082,6.070000171661377,5.840000152587891,6.050000190734863,2800437
2021-04-29,5.461223125457764,5.900000095367432,5.949999809265137,5.820000171661377,5.900000095367432,98007
2021-04-30,5.4427103996276855,5.880000114440918,5.909999847412109,5.820000171661377,5.900000095367432,26628
2021-05-03,5.303865909576416,5.730000019073486,5.880000114440918,5.699999809265137,5.880000114440918,42538
2021-05-04,5.39642858505249,5.829999923706055,5.849999904632568,5.75,5.829999923706055,46195
2021-05-05,5.340890407562256,5.769999980926514,5.820000171661377,5.710000038146973,5.800000190734863,28423
2021-05-06,5.313121795654297,5.739999771118164,5.769999980926514,5.699999809265137,5.769999980926514,33706
2021-05-07,5.359403133392334,5.789999961853027,5.820000171661377,5.710000038146973,5.78000020980835,105280
2021-05-10,5.461223125457764,5.900000095367432,5.949999809265137,5.809999942779541,5.840000152587891,69456
2021-05-11,5.285353183746338,5.710000038146973,5.900000095367432,5.679999828338623,5.889999866485596,34808
2021-05-12,5.303865909576416,5.730000019073486,5.789999961853027,5.710000038146973,5.710000038146973,30634
2021-05-14,5.322378158569336,5.75,5.75,5.730000019073486,5.739999771118164,37481
2021-05-17,5.303865909576416,5.730000019073486,5.75,5.639999866485596,5.699999809265137,41473
2021-05-18,5.322378158569336,5.75,5.760000228881836,5.699999809265137,5.730000019073486,17713
2021-05-19,5.248327732086182,5.670000076293945,5.730000019073486,5.639999866485596,5.730000019073486,18212
2021-05-20,5.257584095001221,5.679999828338623,5.739999771118164,5.650000095367432,5.659999847412109,23938
2021-05-21,5.248327732086182,5.670000076293945,5.739999771118164,5.650000095367432,5.690000057220459,22603
2021-05-24,5.303865909576416,5.730000019073486,5.730000019073486,5.610000133514404,5.710000038146973,29058
2021-05-25,5.248327732086182,5.670000076293945,5.739999771118164,5.650000095367432,5.739999771118164,15719
2021-05-26,5.202045917510986,5.619999885559082,5.699999809265137,5.610000133514404,5.690000057220459,20112
2021-05-27,5.183533191680908,5.599999904632568,5.659999847412109,5.53000020980835,5.650000095367432,36386
2021-05-28,5.183533191680908,5.599999904632568,5.610000133514404,5.550000190734863,5.579999923706055,41405
2021-05-31,5.183533191680908,5.599999904632568,5.679999828338623,5.570000171661377,5.599999904632568,32471
2021-06-01,5.202045917510986,5.619999885559082,5.630000114440918,5.570000171661377,5.630000114440918,10368
2021-06-02,5.202045917510986,5.619999885559082,5.690000057220459,5.579999923706055,5.619999885559082,30174
2021-06-03,5.183533191680908,5.599999904632568,5.650000095367432,5.599999904632568,5.619999885559082,10177
2021-06-04,5.183533191680908,5.599999904632568,5.699999809265137,5.599999904632568,5.599999904632568,24284
2021-06-07,5.2205586433410645,5.639999866485596,5.679999828338623,5.619999885559082,5.619999885559082,19151
2021-06-08,5.276096820831299,5.699999809265137,5.699999809265137,5.619999885559082,5.639999866485596,5799
2021-06-09,5.202045917510986,5.619999885559082,5.639999866485596,5.599999904632568,5.630000114440918,9635
2021-06-10,5.165020942687988,5.579999923706055,5.619999885559082,5.579999923706055,5.619999885559082,5856
2021-06-11,5.202045917510986,5.619999885559082,5.630000114440918,5.579999923706055,5.610000133514404,10134
2021-06-14,5.174276828765869,5.590000152587891,5.650000095367432,5.550000190734863,5.599999904632568,15270
2021-06-15,5.12799596786499,5.539999961853027,5.630000114440918,5.539999961853027,5.599999904632568,15046
2021-06-16,5.137251853942871,5.550000190734863,5.630000114440918,5.510000228881836,5.550000190734863,15901
2021-06-17,5.137251853942871,5.550000190734863,5.570000171661377,5.53000020980835,5.539999961853027,7270
2021-06-18,5.044688701629639,5.449999809265137,5.619999885559082,5.449999809265137,5.550000190734863,45985
2021-06-21,5.072457790374756,5.480000019073486,5.570000171661377,5.409999847412109,5.449999809265137,28950
2021-06-22,5.063200950622559,5.46999979019165,5.519999980926514,5.429999828338623,5.519999980926514,6626
2021-06-23,5.044688701629639,5.449999809265137,5.550000190734863,5.449999809265137,5.480000019073486,14672
2021-06-24,5.109483242034912,5.519999980926514,5.619999885559082,5.460000038146973,5.559999942779541,18458
2021-06-28,5.100227355957031,5.510000228881836,5.650000095367432,5.510000228881836,5.619999885559082,23423
2021-06-29,5.14650821685791,5.559999942779541,5.630000114440918,5.519999980926514,5.519999980926514,26183
2021-06-30,5.155764579772949,5.570000171661377,5.639999866485596,5.559999942779541,5.639999866485596,16857
2021-07-01,5.174276828765869,5.590000152587891,5.650000095367432,5.559999942779541,5.559999942779541,23568
2021-07-02,5.257584095001221,5.679999828338623,5.71999979019165,5.579999923706055,5.650000095367432,32068
2021-07-05,5.322378158569336,5.75,5.760000228881836,5.650000095367432,5.690000057220459,49540
2021-07-06,5.285353183746338,5.710000038146973,5.75,5.710000038146973,5.710000038146973,29460
2021-07-07,5.39642858505249,5.829999923706055,5.829999923706055,5.710000038146973,5.710000038146973,430667
2021-07-08,5.516760349273682,5.960000038146973,6.059999942779541,5.820000171661377,5.829999923706055,47500
2021-07-09,5.544529438018799,5.989999771118164,6.03000020980835,5.960000038146973,6.03000020980835,22799
2021-07-12,5.544529438018799,5.989999771118164,6.050000190734863,5.929999828338623,6.019999980926514,16576
2021-07-13,5.461223125457764,5.900000095367432,6.019999980926514,5.900000095367432,5.989999771118164,15078
2021-07-14,5.488991737365723,5.929999828338623,6.039999961853027,5.900000095367432,5.900000095367432,19171
2021-07-15,5.4704790115356445,5.909999847412109,6.050000190734863,5.900000095367432,6.050000190734863,10850
2021-07-16,5.488991737365723,5.929999828338623,6.0,5.929999828338623,5.980000019073486,12216
2021-07-19,5.461223125457764,5.900000095367432,5.96999979019165,5.900000095367432,5.929999828338623,23246
2021-07-20,5.507504463195801,5.949999809265137,5.980000019073486,5.900000095367432,5.929999828338623,16608
2021-07-21,5.4704790115356445,5.909999847412109,5.989999771118164,5.909999847412109,5.989999771118164,9985
2021-07-22,5.526016712188721,5.96999979019165,5.96999979019165,5.900000095367432,5.920000076293945,13598
2021-07-23,5.49824857711792,5.940000057220459,6.0,5.920000076293945,5.989999771118164,17191
2021-07-26,5.526016712188721,5.96999979019165,6.050000190734863,5.940000057220459,5.949999809265137,28218
2021-07-27,5.590811252593994,6.039999961853027,6.070000171661377,5.960000038146973,5.980000019073486,33928
2021-07-28,5.627836227416992,6.079999923706055,6.079999923706055,5.96999979019165,5.96999979019165,24830
2021-07-29,5.600067615509033,6.050000190734863,6.099999904632568,6.010000228881836,6.070000171661377,16027
2021-07-30,5.64634895324707,6.099999904632568,6.099999904632568,6.0,6.050000190734863,13204
2021-08-02,5.590811252593994,6.039999961853027,6.110000133514404,6.019999980926514,6.099999904632568,11679
2021-08-03,5.600067615509033,6.050000190734863,6.099999904632568,6.03000020980835,6.03000020980835,16134
2021-08-04,5.7111430168151855,6.170000076293945,6.170000076293945,6.070000171661377,6.099999904632568,22346
2021-08-05,5.720398902893066,6.179999828338623,6.230000019073486,6.119999885559082,6.199999809265137,25617
2021-08-06,5.7018866539001465,6.159999847412109,6.269999980926514,6.159999847412109,6.190000057220459,18543
2021-08-09,5.76668119430542,6.230000019073486,6.300000190734863,6.179999828338623,6.21999979019165,21551
2021-08-10,5.78519344329834,6.25,6.28000020980835,6.230000019073486,6.260000228881836,18568
2021-08-11,5.748168468475342,6.210000038146973,6.409999847412109,6.199999809265137,6.400000095367432,31479
2021-08-12,5.072457790374756,5.480000019073486,6.329999923706055,4.925000190734863,6.230000019073486,284876
2021-08-13,4.87807559967041,5.269999980926514,5.400000095367432,5.150000095367432,5.369999885559082,258426
2021-08-16,4.74848747253418,5.130000114440918,5.239999771118164,5.079999923706055,5.239999771118164,148591
2021-08-17,4.7577433586120605,5.139999866485596,5.239999771118164,5.099999904632568,5.130000114440918,91797
2021-08-18,4.822537422180176,5.210000038146973,5.329999923706055,5.119999885559082,5.239999771118164,107540
2021-08-19,4.702205657958984,5.079999923706055,5.210000038146973,5.070000171661377,5.210000038146973,90845
2021-08-20,4.655924320220947,5.03000020980835,5.139999866485596,4.965000152587891,5.070000171661377,57639
2021-08-23,4.6142706871032715,4.985000133514404,5.059999942779541,4.949999809265137,5.010000228881836,92316
2021-08-24,4.595757484436035,4.965000152587891,5.050000190734863,4.940000057220459,4.980000019073486,69783
2021-08-25,4.512451171875,4.875,5.010000228881836,4.860000133514404,5.010000228881836,78623
2021-08-26,4.4800543785095215,4.840000152587891,4.940000057220459,4.840000152587891,4.900000095367432,55817
2021-08-27,4.4800543785095215,4.840000152587891,4.869999885559082,4.789999961853027,4.840000152587891,56913
2021-08-30,4.443028926849365,4.800000190734863,4.985000133514404,4.800000190734863,4.840000152587891,70028
2021-08-31,4.6142706871032715,4.985000133514404,5.050000190734863,4.800000190734863,4.824999809265137,106213
2021-09-01,4.5263352394104,4.889999866485596,5.079999923706055,4.885000228881836,5.050000190734863,78349
2021-09-02,4.521708011627197,4.885000228881836,4.934999942779541,4.855000019073486,4.894999980926514,34435
2021-09-03,4.4985671043396,4.860000133514404,4.934999942779541,4.860000133514404,4.900000095367432,29603
2021-09-06,4.5170793533325195,4.880000114440918,4.894999980926514,4.820000171661377,4.894999980926514,69837
2021-09-07,4.484681606292725,4.84499979019165,4.90500020980835,4.829999923706055,4.894999980926514,30501
2021-09-08,4.456913471221924,4.815000057220459,4.889999866485596,4.800000190734863,4.84499979019165,35010
2021-09-09,4.443028926849365,4.800000190734863,4.885000228881836,4.760000228881836,4.815000057220459,44489
2021-09-10,4.429143905639648,4.784999847412109,4.860000133514404,4.760000228881836,4.860000133514404,44824
2021-09-13,4.387490749359131,4.739999771118164,4.789999961853027,4.710000038146973,4.789999961853027,40324
2021-09-14,4.387490749359131,4.739999771118164,4.820000171661377,4.710000038146973,4.739999771118164,55640
2021-09-15,4.331953048706055,4.679999828338623,4.764999866485596,4.670000076293945,4.735000133514404,44621
2021-09-16,4.313440322875977,4.659999847412109,4.744999885559082,4.635000228881836,4.679999828338623,42414
2021-09-17,4.285671234130859,4.630000114440918,4.690000057220459,4.619999885559082,4.659999847412109,34922
2021-09-20,4.257902145385742,4.599999904632568,4.630000114440918,4.420000076293945,4.630000114440918,94303
2021-09-21,4.174595832824707,4.510000228881836,4.599999904632568,4.505000114440918,4.505000114440918,32018
2021-09-22,4.225505352020264,4.565000057220459,4.599999904632568,4.53000020980835,4.53000020980835,17651
2021-09-23,4.193108558654785,4.53000020980835,4.695000171661377,4.53000020980835,4.565000057220459,21139
2021-09-24,4.220877170562744,4.559999942779541,4.625,4.534999847412109,4.534999847412109,27195
2021-09-27,4.2069926261901855,4.545000076293945,4.650000095367432,4.545000076293945,4.619999885559082,27327
2021-09-28,4.100545406341553,4.429999828338623,4.605000019073486,4.420000076293945,4.539999961853027,81670
2021-09-29,4.100545406341553,4.429999828338623,4.494999885559082,4.409999847412109,4.425000190734863,32807
2021-09-30,4.082032203674316,4.409999847412109,4.505000114440918,4.369999885559082,4.460000038146973,29649
2021-10-01,4.082032203674316,4.409999847412109,4.5,4.329999923706055,4.5,37179
2021-10-04,4.021866321563721,4.34499979019165,4.445000171661377,4.340000152587891,4.349999904632568,13514
2021-10-05,4.0727763175964355,4.400000095367432,4.514999866485596,4.34499979019165,4.420000076293945,26639
2021-10-06,4.054264068603516,4.380000114440918,4.449999809265137,4.355000019073486,4.400000095367432,13566
2021-10-07,4.045007228851318,4.369999885559082,4.454999923706055,4.369999885559082,4.380000114440918,16202
2021-10-08,4.156083106994629,4.489999771118164,4.489999771118164,4.385000228881836,4.400000095367432,18067
2021-10-11,4.105173110961914,4.434999942779541,4.510000228881836,4.400000095367432,4.5,7834
2021-10-12,4.165339946746826,4.5,4.5,4.434999942779541,4.434999942779541,13203
2021-10-13,4.183852195739746,4.519999980926514,4.550000190734863,4.485000133514404,4.5,17620
2021-10-14,4.248646259307861,4.590000152587891,4.635000228881836,4.519999980926514,4.550000190734863,51008
2021-10-15,4.2069926261901855,4.545000076293945,4.610000133514404,4.53000020980835,4.599999904632568,14531
2021-10-18,4.248646259307861,4.590000152587891,4.614999771118164,4.5,4.545000076293945,9759
2021-10-19,4.299556255340576,4.644999980926514,4.659999847412109,4.554999828338623,4.570000171661377,23332
2021-10-20,4.359722137451172,4.710000038146973,4.75,4.605000019073486,4.690000057220459,25922
2021-10-21,4.331953048706055,4.679999828338623,4.699999809265137,4.605000019073486,4.664999961853027,26300
2021-10-22,4.322697162628174,4.670000076293945,4.710000038146973,4.644999980926514,4.679999828338623,14243
2021-10-25,4.406003475189209,4.760000228881836,4.800000190734863,4.675000190734863,4.75,29875
2021-10-26,4.443028926849365,4.800000190734863,4.864999771118164,4.71999979019165,4.760000228881836,17710
2021-10-27,4.424516201019287,4.78000020980835,4.835000038146973,4.710000038146973,4.835000038146973,28071
2021-10-28,4.368978500366211,4.71999979019165,4.739999771118164,4.25,4.599999904632568,145723
2021-10-29,4.368978500366211,4.71999979019165,4.769999980926514,4.534999847412109,4.71999979019165,34004
2021-11-01,4.628154754638672,5.0,5.0,4.724999904632568,4.724999904632568,91825
2021-11-02,4.609642505645752,4.980000019073486,5.0,4.90500020980835,5.0,53988
2021-11-03,4.600385665893555,4.96999979019165,4.994999885559082,4.900000095367432,4.90500020980835,37151
2021-11-04,4.4384002685546875,4.795000076293945,4.989999771118164,4.65500020980835,4.989999771118164,87872
2021-11-05,4.5263352394104,4.889999866485596,4.909999847412109,4.795000076293945,4.795000076293945,16445
2021-11-08,4.586501598358154,4.954999923706055,4.980000019073486,4.894999980926514,4.894999980926514,38118
2021-11-09,4.600385665893555,4.96999979019165,4.985000133514404,4.90500020980835,4.980000019073486,36811
2021-11-10,4.702205657958984,5.079999923706055,5.079999923706055,4.920000076293945,4.960000038146973,59775
2021-11-11,4.628154754638672,5.0,5.099999904632568,5.0,5.079999923706055,24584
2021-11-12,4.674436569213867,5.050000190734863,5.099999904632568,4.920000076293945,5.099999904632568,18579
2021-11-15,4.637411594390869,5.010000228881836,5.059999942779541,4.920000076293945,4.920000076293945,17695
2021-11-16,4.572617053985596,4.940000057220459,5.039999961853027,4.880000114440918,5.019999980926514,19904
2021-11-17,4.605013847351074,4.974999904632568,4.985000133514404,4.849999904632568,4.900000095367432,25474
2021-11-18,4.507822513580322,4.869999885559082,4.949999809265137,4.869999885559082,4.885000228881836,18387
2021-11-19,4.540220260620117,4.90500020980835,4.934999942779541,4.880000114440918,4.880000114440918,25588
2021-11-22,4.535592079162598,4.900000095367432,4.974999904632568,4.835000038146973,4.940000057220459,18211
2021-11-23,4.443028926849365,4.800000190734863,4.900000095367432,4.735000133514404,4.900000095367432,77413
2021-11-24,4.37823486328125,4.730000019073486,4.949999809265137,4.724999904632568,4.949999809265137,102379
2021-11-25,4.470797538757324,4.829999923706055,4.889999866485596,4.769999980926514,4.889999866485596,32366
2021-11-26,4.4384002685546875,4.795000076293945,4.809999942779541,4.704999923706055,4.704999923706055,274800
2021-11-29,4.489310264587402,4.849999904632568,4.909999847412109,4.75,4.75,33240
2021-11-30,4.443028926849365,4.800000190734863,4.894999980926514,4.769999980926514,4.894999980926514,17257
2021-12-01,4.392118453979492,4.744999885559082,4.840000152587891,4.744999885559082,4.800000190734863,20221
2021-12-02,4.554104804992676,4.920000076293945,4.925000190734863,4.755000114440918,4.755000114440918,22078
2021-12-03,4.507822513580322,4.869999885559082,4.920000076293945,4.820000171661377,4.920000076293945,14402
2021-12-07,4.549476146697998,4.914999961853027,4.929999828338623,4.869999885559082,4.869999885559082,7647
2021-12-08,4.558732986450195,4.925000190734863,4.925000190734863,4.914999961853027,4.914999961853027,9818
2021-12-09,4.554104804992676,4.920000076293945,4.929999828338623,4.900000095367432,4.929999828338623,7619
2021-12-10,4.711462020874023,5.090000152587891,5.090000152587891,4.920000076293945,4.929999828338623,35927
2021-12-13,4.544848442077637,4.909999847412109,5.099999904632568,4.909999847412109,5.099999904632568,14880
2021-12-14,4.521708011627197,4.885000228881836,4.994999885559082,4.885000228881836,4.925000190734863,14033
2021-12-15,4.554104804992676,4.920000076293945,4.934999942779541,4.900000095367432,4.900000095367432,11841
2021-12-16,4.637411594390869,5.010000228881836,5.079999923706055,4.925000190734863,4.929999828338623,29806
2021-12-17,4.628154754638672,5.0,5.050000190734863,5.0,5.010000228881836,22441
2021-12-20,4.535592079162598,4.900000095367432,5.010000228881836,4.900000095367432,5.010000228881836,15129
2021-12-21,4.535592079162598,4.900000095367432,4.980000019073486,4.849999904632568,4.900000095367432,16564
2021-12-22,4.5170793533325195,4.880000114440918,4.929999828338623,4.864999771118164,4.900000095367432,23862
2021-12-23,4.623526573181152,4.994999885559082,5.070000171661377,4.885000228881836,4.889999866485596,59853
2021-12-27,4.7855119705200195,5.170000076293945,5.210000038146973,5.03000020980835,5.090000152587891,38086
2021-12-28,4.7947678565979,5.179999828338623,5.230000019073486,5.079999923706055,5.170000076293945,24801
2021-12-29,4.7207183837890625,5.099999904632568,5.179999828338623,5.099999904632568,5.110000133514404,14423
2021-12-30,4.7947678565979,5.179999828338623,5.179999828338623,5.050000190734863,5.099999904632568,21555
2022-01-03,4.711462020874023,5.090000152587891,5.269999980926514,5.090000152587891,5.190000057220459,24090
2022-01-04,4.7855119705200195,5.170000076293945,5.210000038146973,5.090000152587891,5.090000152587891,28596
2022-01-05,4.868819236755371,5.260000228881836,5.269999980926514,5.139999866485596,5.139999866485596,29316
2022-01-07,4.74848747253418,5.130000114440918,5.25,5.119999885559082,5.25,19641
2022-01-10,4.637411594390869,5.010000228881836,5.139999866485596,4.989999771118164,5.099999904632568,21187
2022-01-11,4.7577433586120605,5.139999866485596,5.139999866485596,5.070000171661377,5.139999866485596,12063
2022-01-12,4.74848747253418,5.130000114440918,5.150000095367432,4.96999979019165,4.96999979019165,15678
2022-01-13,4.739230632781982,5.119999885559082,5.150000095367432,4.960000038146973,4.960000038146973,11173
2022-01-14,4.7207183837890625,5.099999904632568,5.119999885559082,5.019999980926514,5.119999885559082,13948
2022-01-17,4.7207183837890625,5.099999904632568,5.099999904632568,4.980000019073486,4.980000019073486,62279
2022-01-18,4.702205657958984,5.079999923706055,5.099999904632568,5.050000190734863,5.099999904632568,135006
2022-01-19,4.692949295043945,5.070000171661377,5.130000114440918,5.050000190734863,5.050000190734863,439763
2022-01-20,4.7762556076049805,5.159999847412109,5.190000057220459,5.070000171661377,5.119999885559082,254740
2022-01-21,4.567989349365234,4.934999942779541,5.070000171661377,4.900000095367432,4.954999923706055,20460
2022-01-24,4.211621284484863,4.550000190734863,4.840000152587891,4.465000152587891,4.715000152587891,45564
2022-01-25,4.2764153480529785,4.619999885559082,4.760000228881836,4.46999979019165,4.46999979019165,24300
2022-01-26,4.368978500366211,4.71999979019165,4.795000076293945,4.630000114440918,4.630000114440918,13848
2022-01-27,4.4800543785095215,4.840000152587891,4.840000152587891,4.599999904632568,4.75,13014
2022-01-28,4.2671589851379395,4.610000133514404,4.804999828338623,4.579999923706055,4.804999828338623,41884
2022-01-31,4.341209411621094,4.690000057220459,4.715000152587891,4.650000095367432,4.650000095367432,235979
2022-02-01,4.484681606292725,4.84499979019165,4.864999771118164,4.704999923706055,4.800000190734863,23096
2022-02-02,4.489310264587402,4.849999904632568,4.894999980926514,4.699999809265137,4.699999809265137,10413
2022-02-03,4.00798225402832,4.329999923706055,4.5,4.260000228881836,4.5,263230
2022-02-04,3.8228561878204346,4.130000114440918,4.315000057220459,4.099999904632568,4.315000057220459,119868
2022-02-07,3.656242609024048,3.950000047683716,4.15500020980835,3.9000000953674316,4.130000114440918,113741
2022-02-08,3.5914485454559326,3.880000114440918,3.9749999046325684,3.880000114440918,3.9649999141693115,123433
2022-02-09,3.6192171573638916,3.9100000858306885,3.944999933242798,3.880000114440918,3.9000000953674316,61034
2022-02-10,3.6192171573638916,3.9100000858306885,3.994999885559082,3.890000104904175,3.994999885559082,29755
2022-02-11,3.7256648540496826,4.025000095367432,4.034999847412109,3.890000104904175,3.9100000858306885,29733
2022-02-14,3.614588975906372,3.9049999713897705,4.119999885559082,3.9000000953674316,4.099999904632568,58808
2022-02-15,3.6192171573638916,3.9100000858306885,3.9549999237060547,3.9000000953674316,3.9000000953674316,15195
2022-02-16,3.6192171573638916,3.9100000858306885,3.9649999141693115,3.9049999713897705,3.9100000858306885,12040
2022-02-17,3.480372667312622,3.759999990463257,3.9200000762939453,3.759999990463257,3.9100000858306885,36223
2022-02-18,3.4850008487701416,3.765000104904175,3.9100000858306885,3.7200000286102295,3.9100000858306885,23507
2022-02-21,3.4063220024108887,3.680000066757202,3.7799999713897705,3.5999999046325684,3.7799999713897705,21283
2022-02-22,3.424834728240967,3.700000047683716,3.809999942779541,3.5999999046325684,3.680000066757202,39240
2022-02-23,3.3600404262542725,3.630000114440918,3.875,3.630000114440918,3.875,19929
2022-02-24,3.2350802421569824,3.494999885559082,3.5950000286102295,3.4100000858306885,3.5950000286102295,49518
2022-02-25,3.452603578567505,3.7300000190734863,3.7899999618530273,3.5399999618530273,3.5999999046325684,1769609
2022-02-28,3.51739764213562,3.799999952316284,3.880000114440918,3.609999895095825,3.700000047683716,47955
2022-03-01,3.2258236408233643,3.484999895095825,3.7950000762939453,3.440000057220459,3.7950000762939453,47482
2022-03-02,3.3322713375091553,3.5999999046325684,3.6050000190734863,3.3550000190734863,3.5,56406
2022-03-03,3.1286327838897705,3.380000114440918,3.6050000190734863,3.369999885559082,3.6050000190734863,47266
2022-03-04,3.00830078125,3.25,3.5,3.2200000286102295,3.5,62802
2022-03-07,3.017557144165039,3.259999990463257,3.3350000381469727,3.0199999809265137,3.299999952316284,1292185
2022-03-08,3.1378889083862305,3.390000104904175,3.4549999237060547,3.0999999046325684,3.0999999046325684,61909
2022-03-09,3.2443368434906006,3.505000114440918,3.509999990463257,3.390000104904175,3.424999952316284,55908
2022-03-10,3.258220911026001,3.5199999809265137,3.5999999046325684,3.4749999046325684,3.5350000858306885,32106
2022-03-11,3.2443368434906006,3.505000114440918,3.5999999046325684,3.505000114440918,3.5799999237060547,33724
2022-03-14,3.4294626712799072,3.7049999237060547,3.7200000286102295,3.549999952316284,3.7200000286102295,27465
2022-03-15,3.327643394470215,3.5950000286102295,3.744999885559082,3.5399999618530273,3.744999885559082,40978
2022-03-16,3.410950183868408,3.684999942779541,3.7049999237060547,3.615000009536743,3.700000047683716,17595
2022-03-17,3.4387190341949463,3.7149999141693115,3.859999895095825,3.690000057220459,3.859999895095825,36279
2022-03-18,3.346156120300293,3.615000009536743,3.7149999141693115,3.6050000190734863,3.7149999141693115,18789
2022-03-21,3.4016940593719482,3.674999952316284,3.7149999141693115,3.619999885559082,3.619999885559082,25102
2022-03-22,3.452603578567505,3.7300000190734863,3.75,3.674999952316284,3.674999952316284,16938
2022-03-23,3.434091091156006,3.7100000381469727,3.8399999141693115,3.625,3.75,16893
2022-03-24,3.4479751586914062,3.7249999046325684,3.740000009536743,3.625,3.7100000381469727,61488
2022-03-25,3.304216146469116,3.450000047683716,3.694999933242798,3.369999885559082,3.694999933242798,41452
2022-03-28,3.2180190086364746,3.359999895095825,3.494999885559082,3.305000066757202,3.494999885559082,35260
2022-03-29,3.3568921089172363,3.505000114440918,3.549999952316284,3.299999952316284,3.365000009536743,30062
2022-03-30,3.361680746078491,3.509999990463257,3.5450000762939453,3.4800000190734863,3.5450000762939453,5559
2022-03-31,3.3952019214630127,3.5450000762939453,3.5999999046325684,3.490000009536743,3.509999990463257,777631
2022-04-01,3.304216146469116,3.450000047683716,3.5950000286102295,3.450000047683716,3.559999942779541,14102
2022-04-04,3.2754838466644287,3.4200000762939453,3.4600000381469727,3.375,3.4600000381469727,9040
2022-04-05,3.2132303714752197,3.3550000190734863,3.4800000190734863,3.3499999046325684,3.4200000762939453,13538
2022-04-06,3.25632905960083,3.4000000953674316,3.4100000858306885,3.255000114440918,3.309999942779541,24091
2022-04-07,3.3521032333374023,3.5,3.5,3.4100000858306885,3.5,15599
2022-04-08,3.419145345687866,3.569999933242798,3.7300000190734863,3.3450000286102295,3.5,48009
2022-04-11,3.4143567085266113,3.565000057220459,3.5999999046325684,3.515000104904175,3.569999933242798,16271
2022-04-12,3.543652057647705,3.700000047683716,3.7049999237060547,3.565000057220459,3.565000057220459,17142
2022-04-13,3.4670324325561523,3.619999885559082,3.700000047683716,3.5399999618530273,3.700000047683716,13872
2022-04-14,3.543652057647705,3.700000047683716,3.700000047683716,3.5799999237060547,3.5950000286102295,6025
2022-04-19,3.5292856693267822,3.684999942779541,3.700000047683716,3.5999999046325684,3.700000047683716,6624
2022-04-20,3.428722858428955,3.5799999237060547,3.6600000858306885,3.555000066757202,3.640000104904175,8991
2022-04-21,3.4718213081359863,3.625,3.6449999809265137,3.5899999141693115,3.5999999046325684,10115
2022-04-22,3.476609945297241,3.630000114440918,3.640000104904175,3.5899999141693115,3.630000114440918,4008
2022-04-25,3.4670324325561523,3.619999885559082,3.619999885559082,3.4800000190734863,3.549999952316284,12762
2022-04-26,3.3377368450164795,3.484999895095825,3.6649999618530273,3.259999990463257,3.619999885559082,12230
2022-04-27,3.3999903202056885,3.549999952316284,3.569999933242798,3.325000047683716,3.4700000286102295,14986
2022-04-28,3.309004783630371,3.4549999237060547,3.5399999618530273,3.365000009536743,3.5399999618530273,3550
2022-04-29,3.3999903202056885,3.549999952316284,3.549999952316284,3.375,3.384999990463257,7454
2022-05-02,3.3904128074645996,3.5399999618530273,3.5399999618530273,3.365000009536743,3.4100000858306885,11605
2022-05-03,3.141399383544922,3.2799999713897705,3.674999952316284,3.259999990463257,3.565000057220459,13562
2022-05-04,2.9833719730377197,3.115000009536743,3.200000047683716,3.059999942779541,3.200000047683716,40938
2022-05-05,2.9833719730377197,3.115000009536743,3.2200000286102295,3.0899999141693115,3.115000009536743,80361
2022-05-06,2.9402732849121094,3.069999933242798,3.109999895095825,3.015000104904175,3.0999999046325684,9297
2022-05-09,2.7774569988250732,2.9000000953674316,3.0899999141693115,2.890000104904175,3.069999933242798,19631
2022-05-10,2.9306960105895996,3.059999942779541,3.059999942779541,2.9100000858306885,2.9100000858306885,18345
2022-05-11,3.0647802352905273,3.200000047683716,3.200000047683716,3.0899999141693115,3.0950000286102295,12313
2022-05-12,2.969005584716797,3.0999999046325684,3.200000047683716,3.0999999046325684,3.0999999046325684,10152
2022-05-13,3.1557657718658447,3.2950000762939453,3.299999952316284,3.0999999046325684,3.0999999046325684,21833
2022-05-16,3.198864221572876,3.3399999141693115,3.3399999141693115,3.255000114440918,3.299999952316284,3836
2022-05-17,3.2371742725372314,3.380000114440918,3.450000047683716,3.2100000381469727,3.2100000381469727,6607
2022-05-18,3.016893148422241,3.1500000953674316,3.4000000953674316,3.1500000953674316,3.4000000953674316,2261
2022-05-19,3.2371742725372314,3.380000114440918,3.440000057220459,3.1600000858306885,3.299999952316284,2318
2022-05-20,3.1126673221588135,3.25,3.4000000953674316,3.2200000286102295,3.369999885559082,3134
2022-05-23,3.2323853969573975,3.375,3.450000047683716,3.2249999046325684,3.25,12771
2022-05-24,3.1557657718658447,3.2950000762939453,3.434999942779541,3.240000009536743,3.240000009536743,15606
2022-05-25,3.2275962829589844,3.369999885559082,3.4000000953674316,3.119999885559082,3.305000066757202,16565
2022-05-27,3.1605546474456787,3.299999952316284,3.305000066757202,3.1500000953674316,3.1500000953674316,15033
2022-05-30,3.2084414958953857,3.3499999046325684,3.380000114440918,3.25,3.3299999237060547,116211
2022-05-31,3.2275962829589844,3.369999885559082,3.430000066757202,3.1649999618530273,3.1700000762939453,106487
2022-06-01,3.2323853969573975,3.375,3.375,3.184999942779541,3.3499999046325684,14036
2022-06-02,3.136610984802246,3.2750000953674316,3.369999885559082,3.194999933242798,3.305000066757202,11215
2022-06-03,3.1797094345092773,3.319999933242798,3.3299999237060547,3.180000066757202,3.2799999713897705,12178
2022-06-06,3.1844980716705322,3.325000047683716,3.325000047683716,3.2249999046325684,3.309999942779541,1466
2022-06-07,3.1557657718658447,3.2950000762939453,3.319999933242798,3.244999885559082,3.255000114440918,5401
2022-06-08,3.0552027225494385,3.190000057220459,3.2950000762939453,3.184999942779541,3.2149999141693115,22100
2022-06-09,3.1270337104797363,3.265000104904175,3.265000104904175,3.115000009536743,3.190000057220459,7577
2022-06-10,2.9498507976531982,3.0799999237060547,3.180000066757202,3.055000066757202,3.119999885559082,29079
2022-06-13,2.686471462249756,2.805000066757202,3.184999942779541,2.799999952316284,3.059999942779541,64082
2022-06-14,2.6625277996063232,2.7799999713897705,2.9600000381469727,2.7799999713897705,2.9000000953674316,14300
2022-06-15,2.6577389240264893,2.7750000953674316,2.7850000858306885,2.75,2.7850000858306885,19622
2022-06-16,2.7487246990203857,2.869999885559082,2.9600000381469727,2.799999952316284,2.799999952316284,2901
2022-06-17,2.7535133361816406,2.875,2.8949999809265137,2.8299999237060547,2.865000009536743,10894
2022-06-20,2.729569673538208,2.8499999046325684,2.9000000953674316,2.815000057220459,2.869999885559082,5620
2022-06-21,2.7630908489227295,2.884999990463257,3.0450000762939453,2.880000114440918,2.9000000953674316,5328
2022-06-22,2.8157668113708496,2.940000057220459,2.940000057220459,2.8399999141693115,2.9049999713897705,3522
2022-06-23,2.791823148727417,2.9149999618530273,2.934999942779541,2.8499999046325684,2.9200000762939453,5889
2022-06-27,2.7152037620544434,2.8350000381469727,2.8949999809265137,2.809999942779541,2.8499999046325684,12727
2022-06-28,2.8014004230499268,2.924999952316284,3.0,2.8350000381469727,2.9000000953674316,3979
2022-06-29,2.80618953704834,2.930000066757202,3.0299999713897705,2.930000066757202,3.0299999713897705,2980
2022-06-30,2.8636538982391357,2.990000009536743,3.0,2.930000066757202,3.0,1148517
2022-07-01,2.7630908489227295,2.884999990463257,2.990000009536743,2.884999990463257,2.990000009536743,4219
2022-07-04,2.791823148727417,2.9149999618530273,2.990000009536743,2.9049999713897705,2.950000047683716,1237
2022-07-05,2.858865261077881,2.984999895095825,2.990000009536743,2.890000104904175,2.9800000190734863,3596
2022-07-06,2.849287748336792,2.9749999046325684,2.994999885559082,2.890000104904175,2.984999895095825,3278
2022-07-07,2.8684425354003906,2.994999885559082,3.0,2.9700000286102295,2.9800000190734863,4652
2022-07-08,2.911541223526001,3.0399999618530273,3.0999999046325684,3.0,3.0,9796
2022-07-11,2.911541223526001,3.0399999618530273,3.0950000286102295,3.0399999618530273,3.0399999618530273,3467
2022-07-12,2.8636538982391357,2.990000009536743,3.109999895095825,2.990000009536743,3.069999933242798,5158
2022-07-13,2.969005584716797,3.0999999046325684,3.1500000953674316,3.0899999141693115,3.1449999809265137,8223
2022-07-14,3.0073156356811523,3.140000104904175,3.190000057220459,3.0999999046325684,3.190000057220459,3841
2022-07-15,2.9354848861694336,3.065000057220459,3.180000066757202,3.009999990463257,3.015000104904175,4167
2022-07-18,2.969005584716797,3.0999999046325684,3.1500000953674316,3.0950000286102295,3.109999895095825,5398
2022-07-19,2.9929492473602295,3.125,3.1449999809265137,3.0299999713897705,3.0299999713897705,5290
2022-07-20,2.906752347946167,3.0350000858306885,3.190000057220459,3.0199999809265137,3.0199999809265137,7508
2022-07-21,2.969005584716797,3.0999999046325684,3.0999999046325684,3.0199999809265137,3.049999952316284,3997
2022-07-22,3.03604793548584,3.1700000762939453,3.1700000762939453,2.9600000381469727,3.0950000286102295,16926
2022-07-25,3.0456252098083496,3.180000066757202,3.184999942779541,2.9000000953674316,3.1700000762939453,3013
2022-07-26,2.8875975608825684,3.015000104904175,3.180000066757202,2.9700000286102295,3.180000066757202,4368
2022-07-27,2.8923864364624023,3.0199999809265137,3.1050000190734863,2.950000047683716,3.015000104904175,5749
2022-07-28,3.012104034423828,3.1449999809265137,3.1449999809265137,3.1449999809265137,3.1449999809265137,33
2022-07-29,3.0408365726470947,3.174999952316284,3.174999952316284,3.130000114440918,3.134999990463257,1345
2022-08-01,3.016893148422241,3.1500000953674316,3.1700000762939453,3.055000066757202,3.1600000858306885,8448
2022-08-02,3.012104034423828,3.1449999809265137,3.1600000858306885,3.0999999046325684,3.1500000953674316,772
2022-08-03,2.959428071975708,3.0899999141693115,3.1500000953674316,3.0350000858306885,3.0399999618530273,1981
2022-08-04,3.1078786849975586,3.244999885559082,3.25,3.0899999141693115,3.190000057220459,22081
2022-08-05,3.0504138469696045,3.184999942779541,3.25,3.1500000953674316,3.25,4640
2022-08-08,3.0647802352905273,3.200000047683716,3.200000047683716,3.065000057220459,3.184999942779541,6456
2022-08-09,3.0408365726470947,3.174999952316284,3.174999952316284,3.0,3.1500000953674316,8528
2022-08-10,3.026470422744751,3.1600000858306885,3.1600000858306885,3.065000057220459,3.0899999141693115,4187
2022-08-11,2.9785830974578857,3.109999895095825,3.1600000858306885,3.0399999618530273,3.1549999713897705,5889
2022-08-12,3.012104034423828,3.1449999809265137,3.1600000858306885,3.0399999618530273,3.1600000858306885,2399
2022-08-15,2.9929492473602295,3.125,3.2200000286102295,2.934999942779541,3.1449999809265137,2396
2022-08-16,2.9881606101989746,3.119999885559082,3.200000047683716,3.119999885559082,3.180000066757202,4106
2022-08-17,2.906752347946167,3.0350000858306885,3.200000047683716,3.015000104904175,3.200000047683716,6955
2022-08-18,3.016893148422241,3.1500000953674316,3.2200000286102295,3.0,3.0,726
2022-08-19,2.9881606101989746,3.119999885559082,3.1649999618530273,3.009999990463257,3.009999990463257,1385
2022-08-22,3.021681785583496,3.1549999713897705,3.1600000858306885,3.0,3.0950000286102295,5954
2022-08-23,2.8875975608825684,3.015000104904175,3.0799999237060547,3.015000104904175,3.0199999809265137,720
2022-08-24,2.8349215984344482,2.9600000381469727,3.055000066757202,2.924999952316284,3.015000104904175,4117
2022-08-25,2.844499111175537,2.9700000286102295,3.075000047683716,2.950000047683716,2.950000047683716,1621
2022-08-26,2.787034511566162,2.9100000858306885,2.9800000190734863,2.8550000190734863,2.9700000286102295,4128
2022-08-29,2.734358549118042,2.8550000190734863,3.0,2.8550000190734863,2.9100000858306885,3801
2022-08-30,2.6529502868652344,2.7699999809265137,2.994999885559082,2.7699999809265137,2.994999885559082,3603
2022-08-31,2.7726683616638184,2.8949999809265137,2.994999885559082,2.799999952316284,2.994999885559082,1880
2022-09-01,2.7056262493133545,2.825000047683716,2.8949999809265137,2.755000114440918,2.8949999809265137,4551
2022-09-02,2.667316436767578,2.7850000858306885,2.8450000286102295,2.7049999237060547,2.7950000762939453,4224
2022-09-05,2.566753387451172,2.680000066757202,2.799999952316284,2.6600000858306885,2.674999952316284,14656
2022-09-06,2.5236549377441406,2.634999990463257,2.680000066757202,2.5999999046325684,2.680000066757202,7460
2022-09-07,2.499711275100708,2.609999895095825,2.8949999809265137,2.549999952316284,2.625,4892
2022-09-08,2.5954856872558594,2.7100000381469727,2.8949999809265137,2.609999895095825,2.609999895095825,6449
2022-09-09,2.494922399520874,2.6050000190734863,2.7950000762939453,2.6050000190734863,2.630000114440918,5347
2022-09-12,2.561964511871338,2.674999952316284,2.8499999046325684,2.6500000953674316,2.6500000953674316,14546
2022-09-13,2.6337954998016357,2.75,2.9800000190734863,2.700000047683716,2.700000047683716,14079
2022-09-14,2.6337954998016357,2.75,2.799999952316284,2.75,2.75,1191
2022-09-15,2.5906970500946045,2.7049999237060547,2.7950000762939453,2.7049999237060547,2.75,1439
2022-09-16,2.4518239498138428,2.559999942779541,2.7950000762939453,2.515000104904175,2.7200000286102295,38670
2022-09-19,2.5428097248077393,2.6549999713897705,2.6700000762939453,2.549999952316284,2.5999999046325684,4187
2022-09-20,2.6433730125427246,2.759999990463257,2.7850000858306885,2.6050000190734863,2.680000066757202,7436
2022-09-21,2.442246437072754,2.549999952316284,2.7699999809265137,2.549999952316284,2.759999990463257,19624
2022-09-22,2.5284435749053955,2.640000104904175,2.7699999809265137,2.5999999046325684,2.75,5812
2022-09-23,2.5236549377441406,2.634999990463257,2.680000066757202,2.5,2.640000104904175,3900
2022-09-26,2.4230916500091553,2.5299999713897705,2.680000066757202,2.5,2.5,4127
2022-09-27,2.4805564880371094,2.5899999141693115,2.6549999713897705,2.4800000190734863,2.4800000190734863,12117
2022-09-28,2.4039368629455566,2.509999990463257,2.609999895095825,2.4549999237060547,2.5899999141693115,6382
2022-09-29,2.442246437072754,2.549999952316284,2.6500000953674316,2.509999990463257,2.509999990463257,4671
2022-09-30,2.5236549377441406,2.634999990463257,2.680000066757202,2.549999952316284,2.549999952316284,5721
2022-10-03,2.4853451251983643,2.5950000286102295,2.740000009536743,2.515000104904175,2.740000009536743,7299
2022-10-04,2.5092885494232178,2.619999885559082,2.690000057220459,2.509999990463257,2.509999990463257,19248
2022-10-05,2.3081626892089844,2.4100000858306885,2.615000009536743,2.380000114440918,2.615000009536743,63698
2022-10-06,2.327317476272583,2.430000066757202,2.5199999809265137,2.380000114440918,2.4649999141693115,23382
2022-10-07,2.3608384132385254,2.4649999141693115,2.5250000953674316,2.4200000762939453,2.5250000953674316,20978
2022-10-10,2.432669162750244,2.5399999618530273,2.5999999046325684,2.4700000286102295,2.559999942779541,14982
2022-10-11,2.3752048015594482,2.4800000190734863,2.5250000953674316,2.4000000953674316,2.440000057220459,17793
2022-10-12,2.322528600692749,2.424999952316284,2.490000009536743,2.369999885559082,2.490000009536743,6887
2022-10-13,2.4614017009735107,2.569999933242798,2.569999933242798,2.4049999713897705,2.4049999713897705,184
2022-10-14,2.3464722633361816,2.450000047683716,2.549999952316284,2.4200000762939453,2.4800000190734863,9383
2022-10-17,2.3464722633361816,2.450000047683716,2.4549999237060547,2.430000066757202,2.444999933242798,5844
2022-10-18,2.327317476272583,2.430000066757202,2.484999895095825,2.359999895095825,2.4049999713897705,4280
2022-10-19,2.322528600692749,2.424999952316284,2.505000114440918,2.424999952316284,2.5,6170
2022-10-20,2.336894989013672,2.440000057220459,2.5,2.424999952316284,2.424999952316284,9953
2022-10-21,2.322528600692749,2.424999952316284,2.5399999618530273,2.424999952316284,2.5350000858306885,3000
2022-10-24,2.3752048015594482,2.4800000190734863,2.5250000953674316,2.4800000190734863,2.5250000953674316,1059
2022-10-25,2.4230916500091553,2.5299999713897705,2.5450000762939453,2.5,2.5350000858306885,7165
2022-10-26,2.3752048015594482,2.4800000190734863,2.549999952316284,2.430000066757202,2.549999952316284,8313
2022-10-27,2.3991482257843018,2.505000114440918,2.569999933242798,2.380000114440918,2.5299999713897705,34617
2022-10-28,2.552387237548828,2.6649999618530273,2.6700000762939453,2.4700000286102295,2.505000114440918,14873
2022-10-31,2.667316436767578,2.7850000858306885,2.950000047683716,2.6649999618530273,2.674999952316284,15892
2022-11-01,2.7104146480560303,2.8299999237060547,2.950000047683716,2.6649999618530273,2.8399999141693115,19946
2022-11-02,2.681682586669922,2.799999952316284,2.890000104904175,2.799999952316284,2.869999885559082,62558
2022-11-03,2.7487246990203857,2.869999885559082,2.924999952316284,2.700000047683716,2.799999952316284,31422
2022-11-04,2.7678797245025635,2.890000104904175,2.9649999141693115,2.875,2.9100000858306885,4111
2022-11-07,2.8109779357910156,2.934999942779541,2.940000057220459,2.9000000953674316,2.9000000953674316,7098
2022-11-08,2.8205554485321045,2.944999933242798,2.9600000381469727,2.940000057220459,2.940000057220459,3728
2022-11-09,2.8253443241119385,2.950000047683716,2.9800000190734863,2.950000047683716,2.950000047683716,15095
2022-11-10,2.8157668113708496,2.940000057220459,2.990000009536743,2.9200000762939453,2.990000009536743,19515
2022-11-11,2.8157668113708496,2.940000057220459,2.984999895095825,2.940000057220459,2.9700000286102295,5479
2022-11-14,2.8205554485321045,2.944999933242798,2.9800000190734863,2.940000057220459,2.940000057220459,7615
2022-11-15,2.8157668113708496,2.940000057220459,2.9700000286102295,2.940000057220459,2.950000047683716,5803
2022-11-16,2.7774569988250732,2.9000000953674316,2.9600000381469727,2.825000047683716,2.9600000381469727,8198
2022-11-17,2.839710235595703,2.9649999141693115,2.984999895095825,2.8499999046325684,2.9000000953674316,13653
2022-11-18,2.8253443241119385,2.950000047683716,2.9700000286102295,2.9200000762939453,2.9700000286102295,2993
2022-11-21,2.9833719730377197,3.115000009536743,3.1600000858306885,2.9600000381469727,2.9600000381469727,24335
2022-11-22,3.0552027225494385,3.190000057220459,3.5999999046325684,3.119999885559082,3.119999885559082,31347
2022-11-23,2.9977381229400635,3.130000114440918,3.299999952316284,3.0950000286102295,3.190000057220459,48015
2022-11-24,3.1222445964813232,3.259999990463257,3.299999952316284,3.059999942779541,3.059999942779541,979
2022-11-25,3.0552027225494385,3.190000057220459,3.3299999237060547,3.1649999618530273,3.3299999237060547,2552
2022-11-28,2.969005584716797,3.0999999046325684,3.200000047683716,3.0999999046325684,3.190000057220459,12841
2022-11-29,2.9785830974578857,3.109999895095825,3.190000057220459,3.0999999046325684,3.190000057220459,4638
2022-11-30,2.9785830974578857,3.109999895095825,3.190000057220459,3.109999895095825,3.109999895095825,2361
2022-12-01,2.969005584716797,3.0999999046325684,3.190000057220459,3.0999999046325684,3.190000057220459,4616
2022-12-02,3.03604793548584,3.1700000762939453,3.180000066757202,3.055000066757202,3.140000104904175,1640
2022-12-05,3.03604793548584,3.1700000762939453,3.2300000190734863,3.1700000762939453,3.1700000762939453,1331
2022-12-07,2.969005584716797,3.0999999046325684,3.194999933242798,3.0999999046325684,3.0999999046325684,3346
2022-12-08,2.969005584716797,3.0999999046325684,3.200000047683716,3.0999999046325684,3.109999895095825,5308
2022-12-09,2.969005584716797,3.0999999046325684,3.109999895095825,3.0999999046325684,3.0999999046325684,4275
2022-12-12,2.9785830974578857,3.109999895095825,3.1500000953674316,3.0999999046325684,3.0999999046325684,6437
2022-12-13,2.969005584716797,3.0999999046325684,3.140000104904175,3.0999999046325684,3.109999895095825,17365
2022-12-14,2.969005584716797,3.0999999046325684,3.119999885559082,3.0999999046325684,3.0999999046325684,11577
2022-12-15,2.969005584716797,3.0999999046325684,3.0999999046325684,3.0999999046325684,3.0999999046325684,18738
2022-12-16,2.906752347946167,3.0350000858306885,3.115000009536743,3.009999990463257,3.0999999046325684,16564
2022-12-19,2.9402732849121094,3.069999933242798,3.0999999046325684,2.9000000953674316,3.049999952316284,4458
2022-12-20,2.901963710784912,3.0299999713897705,3.049999952316284,2.8350000381469727,3.049999952316284,4645
2022-12-21,2.8684425354003906,2.994999885559082,3.0999999046325684,2.9000000953674316,3.0299999713897705,12357
2022-12-22,2.9211184978485107,3.049999952316284,3.049999952316284,2.9100000858306885,2.9100000858306885,285639
2022-12-23,2.8684425354003906,2.994999885559082,3.0899999141693115,2.950000047683716,3.049999952316284,19287
2022-12-27,2.7630908489227295,2.884999990463257,2.994999885559082,2.884999990463257,2.9200000762939453,5079
2022-12-28,2.964217185974121,3.0950000286102295,3.0950000286102295,2.8499999046325684,2.884999990463257,31851
2022-12-29,2.8780202865600586,3.005000114440918,3.0999999046325684,2.9000000953674316,3.0,12943
2022-12-30,2.8684425354003906,2.994999885559082,3.0799999237060547,2.9200000762939453,3.005000114440918,4511
2023-01-02,2.9306960105895996,3.059999942779541,3.200000047683716,3.0,3.005000114440918,6556
2023-01-03,3.074357748031616,3.2100000381469727,3.2200000286102295,3.059999942779541,3.200000047683716,87
2023-01-04,3.131822109222412,3.2699999809265137,3.2699999809265137,3.200000047683716,3.200000047683716,2043
2023-01-05,3.1126673221588135,3.25,3.265000104904175,3.1600000858306885,3.2200000286102295,5088
2023-01-09,3.1126673221588135,3.25,3.25,3.109999895095825,3.109999895095825,8803
2023-01-10,2.8732311725616455,3.0,3.244999885559082,3.0,3.200000047683716,6832
2023-01-11,2.9929492473602295,3.125,3.134999990463257,3.005000114440918,3.005000114440918,3967
2023-01-12,2.9881606101989746,3.119999885559082,3.130000114440918,3.0299999713897705,3.130000114440918,2905
2023-01-13,3.0647802352905273,3.200000047683716,3.200000047683716,3.0299999713897705,3.125,4139
2023-01-16,3.0647802352905273,3.200000047683716,3.200000047683716,3.140000104904175,3.200000047683716,3844
2023-01-17,3.1030898094177246,3.240000009536743,3.25,3.140000104904175,3.1549999713897705,6600
2023-01-18,3.1126673221588135,3.25,3.25,3.244999885559082,3.244999885559082,7041
2023-01-19,3.1126673221588135,3.25,3.299999952316284,3.25,3.25,5019
2023-01-20,3.15097713470459,3.2899999618530273,3.299999952316284,3.240000009536743,3.25,7600
2023-01-23,3.1030898094177246,3.240000009536743,3.319999933242798,3.240000009536743,3.2899999618530273,12863
2023-01-24,3.131822109222412,3.2699999809265137,3.2699999809265137,3.265000104904175,3.2699999809265137,937
2023-01-25,3.1749205589294434,3.315000057220459,3.4800000190734863,3.259999990463257,3.3499999046325684,1367
2023-01-26,3.194075584411621,3.3350000381469727,3.359999895095825,3.1700000762939453,3.259999990463257,2109
2023-01-27,3.074357748031616,3.2100000381469727,3.2950000762939453,3.2100000381469727,3.25,1932
2023-01-30,3.0504138469696045,3.184999942779541,3.2149999141693115,3.1500000953674316,3.2100000381469727,6058
2023-01-31,3.1844980716705322,3.325000047683716,3.325000047683716,3.059999942779541,3.184999942779541,5015
2023-02-01,3.0456252098083496,3.180000066757202,3.325000047683716,3.1700000762939453,3.325000047683716,6201
2023-02-02,3.0408365726470947,3.174999952316284,3.2950000762939453,3.174999952316284,3.180000066757202,15334
2023-02-03,2.9546396732330322,3.0850000381469727,3.2100000381469727,3.0,3.190000057220459,16180
2023-02-06,3.03604793548584,3.1700000762939453,3.1700000762939453,2.990000009536743,3.0799999237060547,4331
2023-02-07,2.8828086853027344,3.009999990463257,3.180000066757202,3.0,3.1700000762939453,5756
2023-02-08,2.8636538982391357,2.990000009536743,3.0950000286102295,2.990000009536743,3.015000104904175,23149
2023-02-09,2.8971750736236572,3.0250000953674316,3.075000047683716,2.9549999237060547,2.990000009536743,3924
2023-02-10,2.959428071975708,3.0899999141693115,3.109999895095825,3.065000057220459,3.0999999046325684,2867
2023-02-13,2.964217185974121,3.0950000286102295,3.0999999046325684,3.0899999141693115,3.0950000286102295,8058
2023-02-14,2.9546396732330322,3.0850000381469727,3.0950000286102295,2.990000009536743,3.0950000286102295,2243
2023-02-15,2.964217185974121,3.0950000286102295,3.0999999046325684,3.0899999141693115,3.0999999046325684,6768
2023-02-16,2.9833719730377197,3.115000009536743,3.115000009536743,3.0,3.0999999046325684,3437
2023-02-17,3.0025267601013184,3.134999990463257,3.134999990463257,3.134999990463257,3.134999990463257,41
2023-02-20,2.964217185974121,3.0950000286102295,3.130000114440918,3.0,3.130000114440918,4966
2023-02-21,2.9929492473602295,3.125,3.140000104904175,2.990000009536743,2.994999885559082,991
2023-02-22,2.964217185974121,3.0950000286102295,3.130000114440918,3.0450000762939453,3.130000114440918,11195
2023-02-23,2.8732311725616455,3.0,3.140000104904175,3.0,3.140000104904175,746
2023-02-24,2.9498507976531982,3.0799999237060547,3.130000114440918,3.0,3.130000114440918,6330
2023-02-27,2.9306960105895996,3.059999942779541,3.119999885559082,3.009999990463257,3.0999999046325684,3903
2023-02-28,2.9211184978485107,3.049999952316284,3.0999999046325684,2.9700000286102295,3.0,1611
2023-03-01,2.964217185974121,3.0950000286102295,3.0999999046325684,2.9800000190734863,2.9800000190734863,61150
2023-03-02,2.858865261077881,2.984999895095825,3.0999999046325684,2.9749999046325684,3.0999999046325684,3616
2023-03-03,2.9546396732330322,3.0850000381469727,3.0999999046325684,3.0850000381469727,3.0999999046325684,105
2023-03-06,2.901963710784912,3.0299999713897705,3.0850000381469727,3.0299999713897705,3.0850000381469727,7600
2023-03-07,2.9306960105895996,3.059999942779541,3.0799999237060547,3.0399999618530273,3.0799999237060547,796
2023-03-08,2.969005584716797,3.0999999046325684,3.0999999046325684,3.059999942779541,3.059999942779541,4722
2023-03-09,2.8828086853027344,3.009999990463257,3.109999895095825,3.009999990463257,3.0299999713897705,5521
2023-03-10,2.8732311725616455,3.0,3.0850000381469727,2.890000104904175,3.0850000381469727,10906
2023-03-13,2.9498507976531982,3.0799999237060547,3.0850000381469727,2.890000104904175,2.890000104904175,2322
2023-03-14,2.911541223526001,3.0399999618530273,3.049999952316284,2.890000104904175,3.049999952316284,110
2023-03-15,2.854076385498047,2.9800000190734863,3.0399999618530273,2.9749999046325684,3.0399999618530273,6704
2023-03-16,2.7535133361816406,2.875,2.9800000190734863,2.7799999713897705,2.9800000190734863,3858
2023-03-17,2.844499111175537,2.9700000286102295,2.9700000286102295,2.809999942779541,2.8299999237060547,4076
2023-03-20,2.729569673538208,2.8499999046325684,2.9700000286102295,2.8499999046325684,2.9700000286102295,1977
2023-03-21,2.7774569988250732,2.9000000953674316,2.9049999713897705,2.9000000953674316,2.9000000953674316,1227
2023-03-22,2.7056262493133545,2.825000047683716,2.9749999046325684,2.809999942779541,2.9749999046325684,465
2023-03-23,2.729569673538208,2.8499999046325684,2.8499999046325684,2.825000047683716,2.825000047683716,130
2023-03-24,2.8253443241119385,2.950000047683716,2.950000047683716,2.8399999141693115,2.9000000953674316,186
2023-03-27,2.8014004230499268,2.924999952316284,2.930000066757202,2.8550000190734863,2.930000066757202,844
2023-03-28,2.9211184978485107,3.049999952316284,3.049999952316284,2.9549999237060547,2.9800000190734863,222
2023-03-29,2.9211184978485107,3.049999952316284,3.049999952316284,3.049999952316284,3.049999952316284,4
2023-03-30,2.8971750736236572,3.0250000953674316,3.0299999713897705,2.9000000953674316,2.9000000953674316,1257
2023-03-31,2.8971750736236572,3.0250000953674316,3.055000066757202,3.0250000953674316,3.0250000953674316,33
2023-04-03,2.9306960105895996,3.059999942779541,3.059999942779541,2.990000009536743,3.009999990463257,2420
2023-04-04,2.9330902099609375,3.0,3.059999942779541,3.0,3.059999942779541,622
2023-04-05,2.796212673187256,2.859999895095825,3.0,2.859999895095825,2.9200000762939453,1681
2023-04-06,2.9330902099609375,3.0,3.0,2.7799999713897705,2.869999885559082,505
2023-04-11,2.9233133792877197,2.990000009536743,3.0,2.869999885559082,3.0,1264
2023-04-12,2.9233133792877197,2.990000009536743,2.990000009536743,2.990000009536743,2.990000009536743,0
2023-04-13,2.893982410430908,2.9600000381469727,2.9600000381469727,2.9000000953674316,2.9200000762939453,1212
2023-04-14,2.8353207111358643,2.9000000953674316,2.990000009536743,2.9000000953674316,2.940000057220459,2008
2023-04-17,2.8157668113708496,2.880000114440918,2.930000066757202,2.859999895095825,2.930000066757202,1668
2023-04-18,2.7571048736572266,2.819999933242798,2.930000066757202,2.799999952316284,2.880000114440918,3341
2023-04-19,2.776658773422241,2.8399999141693115,2.890000104904175,2.75,2.799999952316284,8530
2023-04-20,2.737550973892212,2.799999952316284,2.869999885559082,2.759999990463257,2.799999952316284,2106
2023-04-21,2.7179970741271973,2.7799999713897705,2.799999952316284,2.7799999713897705,2.799999952316284,1168
2023-04-24,2.737550973892212,2.799999952316284,2.799999952316284,2.75,2.7799999713897705,2149
2023-04-25,2.737550973892212,2.799999952316284,2.8499999046325684,2.75,2.8499999046325684,846
2023-04-26,2.7668817043304443,2.8299999237060547,2.8499999046325684,2.740000009536743,2.799999952316284,1316
2023-04-27,2.737550973892212,2.799999952316284,2.799999952316284,2.7200000286102295,2.740000009536743,1863
2023-04-28,2.6397812366485596,2.700000047683716,2.8399999141693115,2.700000047683716,2.799999952316284,4077
2023-05-02,2.737550973892212,2.799999952316284,2.8499999046325684,2.700000047683716,2.700000047683716,3632
2023-05-03,2.7571048736572266,2.819999933242798,2.890000104904175,2.799999952316284,2.799999952316284,11340
2023-05-04,2.8157668113708496,2.880000114440918,2.880000114440918,2.7799999713897705,2.799999952316284,3270
2023-05-05,2.727773904800415,2.7899999618530273,2.890000104904175,2.759999990463257,2.7699999809265137,2178
2023-05-08,2.678889274597168,2.740000009536743,2.9100000858306885,2.740000009536743,2.7899999618530273,26485
2023-05-09,2.669112205505371,2.7300000190734863,2.869999885559082,2.7300000190734863,2.740000009536743,9800
2023-05-10,2.6886661052703857,2.75,2.8299999237060547,2.740000009536743,2.8299999237060547,2437
2023-05-11,2.678889274597168,2.740000009536743,2.75,2.700000047683716,2.75,1107
2023-05-12,2.727773904800415,2.7899999618530273,2.809999942779541,2.7899999618530273,2.809999942779541,720
2023-05-15,2.6984431743621826,2.759999990463257,2.809999942779541,2.759999990463257,2.799999952316284,424
2023-05-16,2.7668817043304443,2.8299999237060547,2.8299999237060547,2.7300000190734863,2.759999990463257,3578
2023-05-17,2.669112205505371,2.7300000190734863,2.8299999237060547,2.7100000381469727,2.8299999237060547,2164
2023-05-19,2.6495583057403564,2.7100000381469727,2.7899999618530273,2.700000047683716,2.7300000190734863,185
2023-05-22,2.737550973892212,2.799999952316284,2.799999952316284,2.7100000381469727,2.7100000381469727,2364
2023-05-23,2.6397812366485596,2.700000047683716,2.75,2.680000066757202,2.75,2485
2023-05-24,2.6006734371185303,2.6600000858306885,2.75,2.6600000858306885,2.75,1179
2023-05-25,2.5224575996398926,2.5799999237060547,2.6700000762939453,2.5799999237060547,2.6700000762939453,2130
2023-05-26,2.571342706680298,2.630000114440918,2.630000114440918,2.5799999237060547,2.5799999237060547,947
2023-05-29,2.7473278045654297,2.809999942779541,2.880000114440918,2.5799999237060547,2.619999885559082,540
2023-05-30,2.571342706680298,2.630000114440918,2.859999895095825,2.569999933242798,2.859999895095825,1293
2023-05-31,2.512680768966675,2.569999933242798,2.700000047683716,2.569999933242798,2.630000114440918,4790
2023-06-01,2.5811195373535156,2.640000104904175,2.75,2.509999990463257,2.5799999237060547,3515
2023-06-02,2.6397812366485596,2.700000047683716,2.7200000286102295,2.549999952316284,2.680000066757202,3935
2023-06-05,2.5908966064453125,2.6500000953674316,2.6500000953674316,2.549999952316284,2.6500000953674316,632
2023-06-06,2.727773904800415,2.7899999618530273,2.7899999618530273,2.5899999141693115,2.5999999046325684,3208
2023-06-07,2.7082200050354004,2.7699999809265137,2.7899999618530273,2.619999885559082,2.7899999618530273,1847
2023-06-08,2.620227336883545,2.680000066757202,2.7899999618530273,2.6700000762939453,2.6700000762939453,2179
2023-06-09,2.6886661052703857,2.75,2.809999942779541,2.75,2.7899999618530273,2006
2023-06-12,2.786435604095459,2.8499999046325684,2.8499999046325684,2.75,2.75,4120
2023-06-13,2.7473278045654297,2.809999942779541,2.809999942779541,2.6700000762939453,2.6700000762939453,12588
2023-06-14,2.786435604095459,2.8499999046325684,2.8499999046325684,2.799999952316284,2.809999942779541,5703
2023-06-15,2.786435604095459,2.8499999046325684,2.8499999046325684,2.799999952316284,2.8399999141693115,2925
2023-06-16,2.7473278045654297,2.809999942779541,2.859999895095825,2.809999942779541,2.8499999046325684,1503056
2023-06-19,2.7571048736572266,2.819999933242798,2.859999895095825,2.799999952316284,2.809999942779541,2417
2023-06-20,2.8059897422790527,2.869999885559082,2.869999885559082,2.799999952316284,2.819999933242798,1206
2023-06-21,2.796212673187256,2.859999895095825,2.859999895095825,2.859999895095825,2.859999895095825,75
2023-06-22,2.786435604095459,2.8499999046325684,2.9000000953674316,2.8499999046325684,2.859999895095825,8892
2023-06-26,2.737550973892212,2.799999952316284,2.8499999046325684,2.799999952316284,2.8499999046325684,1327
2023-06-27,2.6593353748321533,2.7200000286102295,2.740000009536743,2.7200000286102295,2.7200000286102295,1084
2023-06-28,2.786435604095459,2.8499999046325684,2.880000114440918,2.740000009536743,2.740000009536743,3993
2023-06-29,2.8353207111358643,2.9000000953674316,2.9000000953674316,2.9000000953674316,2.9000000953674316,6127
2023-06-30,2.8353207111358643,2.9000000953674316,2.950000047683716,2.869999885559082,2.9000000953674316,3665
2023-07-03,2.854874610900879,2.9200000762939453,2.9600000381469727,2.880000114440918,2.940000057220459,5755
2023-07-04,2.9526443481445312,3.0199999809265137,3.0199999809265137,2.9200000762939453,2.9200000762939453,4633
2023-07-05,2.8744285106658936,2.940000057220459,3.009999990463257,2.9100000858306885,3.009999990463257,1589
2023-07-06,2.845097780227661,2.9100000858306885,2.930000066757202,2.9000000953674316,2.9100000858306885,1635
2023-07-07,2.845097780227661,2.9100000858306885,2.9100000858306885,2.9000000953674316,2.9100000858306885,511
2023-07-10,2.6593353748321533,2.7200000286102295,2.809999942779541,2.7200000286102295,2.809999942779541,731
2023-07-11,2.678889274597168,2.740000009536743,2.9800000190734863,2.740000009536743,2.75,1998
2023-07-12,2.737550973892212,2.799999952316284,2.809999942779541,2.740000009536743,2.740000009536743,3732
2023-07-13,2.6886661052703857,2.75,2.759999990463257,2.75,2.759999990463257,750
2023-07-14,2.864651679992676,2.930000066757202,2.940000057220459,2.759999990463257,2.759999990463257,2931
2023-07-17,2.8353207111358643,2.9000000953674316,2.9000000953674316,2.9000000953674316,2.9000000953674316,382
2023-07-18,2.776658773422241,2.8399999141693115,2.859999895095825,2.7699999809265137,2.8499999046325684,1078
2023-07-19,2.7571048736572266,2.819999933242798,2.8399999141693115,2.799999952316284,2.8399999141693115,3031
2023-07-20,2.786435604095459,2.8499999046325684,2.8499999046325684,2.809999942779541,2.809999942779541,2245
2023-07-21,2.727773904800415,2.7899999618530273,2.809999942779541,2.75,2.809999942779541,6812
2023-07-24,2.6984431743621826,2.759999990463257,2.759999990463257,2.75,2.759999990463257,861
2023-07-25,2.737550973892212,2.799999952316284,2.799999952316284,2.759999990463257,2.759999990463257,3988
2023-07-26,2.7179970741271973,2.7799999713897705,2.8499999046325684,2.7799999713897705,2.8499999046325684,263
2023-07-27,2.7571048736572266,2.819999933242798,2.8299999237060547,2.75,2.8299999237060547,700
2023-07-28,2.7179970741271973,2.7799999713897705,2.819999933242798,2.7799999713897705,2.819999933242798,85
2023-07-31,2.786435604095459,2.8499999046325684,2.859999895095825,2.7799999713897705,2.7799999713897705,2004
2023-08-01,2.727773904800415,2.7899999618530273,2.819999933242798,2.759999990463257,2.759999990463257,1651
2023-08-02,2.8353207111358643,2.9000000953674316,2.9000000953674316,2.799999952316284,2.8499999046325684,3329
2023-08-03,2.7571048736572266,2.819999933242798,2.890000104904175,2.799999952316284,2.859999895095825,2344
2023-08-04,2.8255438804626465,2.890000104904175,2.890000104904175,2.740000009536743,2.740000009536743,253
2023-08-07,2.7179970741271973,2.7799999713897705,2.9100000858306885,2.7799999713897705,2.9100000858306885,351
2023-08-08,2.786435604095459,2.8499999046325684,2.9000000953674316,2.799999952316284,2.9000000953674316,6563
2023-08-09,2.8744285106658936,2.940000057220459,2.940000057220459,2.549999952316284,2.759999990463257,17601
2023-08-10,2.7668817043304443,2.8299999237060547,2.8299999237060547,2.700000047683716,2.7200000286102295,31243
2023-08-11,2.6984431743621826,2.759999990463257,2.890000104904175,2.75,2.8299999237060547,2953
2023-08-14,2.7179970741271973,2.7799999713897705,2.799999952316284,2.5799999237060547,2.759999990463257,2942
2023-08-15,2.6397812366485596,2.700000047683716,2.7699999809265137,2.5799999237060547,2.700000047683716,9466
2023-08-16,2.630004405975342,2.690000057220459,2.75,2.6700000762939453,2.75,729
2023-08-17,2.620227336883545,2.680000066757202,2.809999942779541,2.680000066757202,2.690000057220459,8930
2023-08-18,2.620227336883545,2.680000066757202,2.809999942779541,2.5999999046325684,2.680000066757202,9206
2023-08-21,2.727773904800415,2.7899999618530273,2.7899999618530273,2.690000057220459,2.690000057220459,1561
2023-08-22,2.8157668113708496,2.880000114440918,2.880000114440918,2.700000047683716,2.7899999618530273,14048
2023-08-23,2.8255438804626465,2.890000104904175,2.890000104904175,2.609999895095825,2.880000114440918,176
2023-08-24,2.737550973892212,2.799999952316284,2.8299999237060547,2.680000066757202,2.799999952316284,2123
2023-08-25,2.737550973892212,2.799999952316284,2.799999952316284,2.75,2.75,528
2023-08-28,2.6984431743621826,2.759999990463257,2.7699999809265137,2.630000114440918,2.7100000381469727,4409
2023-08-29,2.737550973892212,2.799999952316284,2.799999952316284,2.6700000762939453,2.6700000762939453,1993
2023-08-30,2.8157668113708496,2.880000114440918,2.880000114440918,2.680000066757202,2.799999952316284,16050
2023-08-31,2.727773904800415,2.7899999618530273,2.799999952316284,2.7899999618530273,2.799999952316284,4105
2023-09-01,2.6593353748321533,2.7200000286102295,2.8499999046325684,2.680000066757202,2.7699999809265137,4038
2023-09-04,2.737550973892212,2.799999952316284,2.809999942779541,2.7200000286102295,2.7200000286102295,3809
2023-09-05,2.6984431743621826,2.759999990463257,2.799999952316284,2.740000009536743,2.799999952316284,2822
2023-09-06,2.737550973892212,2.799999952316284,2.799999952316284,2.740000009536743,2.7799999713897705,13871
2023-09-07,2.6984431743621826,2.759999990463257,2.7799999713897705,2.75,2.75,5681
2023-09-08,2.737550973892212,2.799999952316284,2.799999952316284,2.759999990463257,2.7899999618530273,3385
2023-09-11,2.737550973892212,2.799999952316284,2.799999952316284,2.7200000286102295,2.7899999618530273,4995
2023-09-12,2.6886661052703857,2.75,2.799999952316284,2.740000009536743,2.799999952316284,143
2023-09-13,2.6593353748321533,2.7200000286102295,2.799999952316284,2.7100000381469727,2.7100000381469727,13034
2023-09-14,2.669112205505371,2.7300000190734863,2.7300000190734863,2.7300000190734863,2.7300000190734863,35
2023-09-15,2.796212673187256,2.859999895095825,2.859999895095825,2.740000009536743,2.7899999618530273,2481
2023-09-18,2.776658773422241,2.8399999141693115,2.8399999141693115,2.740000009536743,2.7899999618530273,3459
2023-09-19,2.737550973892212,2.799999952316284,2.8499999046325684,2.7699999809265137,2.8399999141693115,663
2023-09-20,2.776658773422241,2.8399999141693115,2.8399999141693115,2.759999990463257,2.799999952316284,1405
2023-09-21,2.6984431743621826,2.759999990463257,2.7699999809265137,2.740000009536743,2.7699999809265137,1137
2023-09-22,2.6984431743621826,2.759999990463257,2.759999990463257,2.759999990463257,2.759999990463257,0
2023-09-25,2.6593353748321533,2.7200000286102295,2.7200000286102295,2.7200000286102295,2.7200000286102295,182
2023-09-26,2.620227336883545,2.680000066757202,2.680000066757202,2.6700000762939453,2.680000066757202,649
2023-09-27,2.7571048736572266,2.819999933242798,2.819999933242798,2.619999885559082,2.619999885559082,18907
2023-09-28,2.7473278045654297,2.809999942779541,2.809999942779541,2.5999999046325684,2.5999999046325684,92
2023-09-29,2.786435604095459,2.8499999046325684,2.8499999046325684,2.809999942779541,2.809999942779541,2859
2023-10-02,2.737550973892212,2.799999952316284,2.799999952316284,2.640000104904175,2.6600000858306885,9181
2023-10-03,2.737550973892212,2.799999952316284,2.8499999046325684,2.799999952316284,2.819999933242798,7608
2023-10-04,2.727773904800415,2.7899999618530273,2.799999952316284,2.5999999046325684,2.5999999046325684,2383
2023-10-05,2.7668817043304443,2.8299999237060547,2.8499999046325684,2.7899999618530273,2.7899999618530273,1556
2023-10-06,2.737550973892212,2.799999952316284,2.799999952316284,2.7899999618530273,2.799999952316284,1730
2023-10-09,2.737550973892212,2.799999952316284,2.8499999046325684,2.799999952316284,2.799999952316284,4367
2023-10-10,2.7179970741271973,2.7799999713897705,2.7799999713897705,2.6500000953674316,2.700000047683716,2370
2023-10-11,2.727773904800415,2.7899999618530273,2.7899999618530273,2.700000047683716,2.7799999713897705,1616
2023-10-12,2.6397812366485596,2.700000047683716,2.819999933242798,2.700000047683716,2.799999952316284,4165
2023-10-13,2.6397812366485596,2.700000047683716,2.819999933242798,2.700000047683716,2.7300000190734863,2909
2023-10-16,2.669112205505371,2.7300000190734863,2.7799999713897705,2.700000047683716,2.700000047683716,6870
2023-10-17,2.7082200050354004,2.7699999809265137,2.7799999713897705,2.7300000190734863,2.7300000190734863,3042
2023-10-18,2.6495583057403564,2.7100000381469727,2.7100000381469727,2.700000047683716,2.700000047683716,653
2023-10-19,2.551788568496704,2.609999895095825,2.740000009536743,2.5999999046325684,2.700000047683716,2144
2023-10-20,2.678889274597168,2.740000009536743,2.740000009536743,2.609999895095825,2.609999895095825,2726
2023-10-23,2.620227336883545,2.680000066757202,2.680000066757202,2.6600000858306885,2.6700000762939453,5421
2023-10-24,2.6397812366485596,2.700000047683716,2.759999990463257,2.700000047683716,2.75,6471
2023-10-25,2.5420114994049072,2.5999999046325684,2.740000009536743,2.509999990463257,2.680000066757202,10722
2023-10-26,2.620227336883545,2.680000066757202,2.680000066757202,2.6600000858306885,2.6700000762939453,241
2023-10-27,2.6006734371185303,2.6600000858306885,2.7300000190734863,2.619999885559082,2.680000066757202,17624
2023-10-30,2.630004405975342,2.690000057220459,2.8399999141693115,2.6600000858306885,2.799999952316284,17322
2023-10-31,2.620227336883545,2.680000066757202,2.7899999618530273,2.5999999046325684,2.680000066757202,1548
2023-11-01,2.610450506210327,2.6700000762939453,2.680000066757202,2.6600000858306885,2.6700000762939453,5578
2023-11-02,2.630004405975342,2.690000057220459,2.7300000190734863,2.6500000953674316,2.7300000190734863,991
2023-11-03,2.5908966064453125,2.6500000953674316,2.6600000858306885,2.609999895095825,2.6600000858306885,5469
2023-11-06,2.669112205505371,2.7300000190734863,2.7300000190734863,2.640000104904175,2.6500000953674316,5621
2023-11-07,2.6006734371185303,2.6600000858306885,2.7300000190734863,2.6500000953674316,2.7200000286102295,1442
2023-11-08,2.6397812366485596,2.700000047683716,2.700000047683716,2.6600000858306885,2.6700000762939453,2322
2023-11-09,2.669112205505371,2.7300000190734863,2.7799999713897705,2.6500000953674316,2.700000047683716,21940
2023-11-10,2.561565399169922,2.619999885559082,2.700000047683716,2.609999895095825,2.609999895095825,1766
2023-11-13,2.6397812366485596,2.700000047683716,2.740000009536743,2.619999885559082,2.619999885559082,9701
2023-11-14,2.6397812366485596,2.700000047683716,2.7100000381469727,2.640000104904175,2.640000104904175,3713
2023-11-15,2.6593353748321533,2.7200000286102295,2.7200000286102295,2.700000047683716,2.7200000286102295,2531
2023-11-16,2.845097780227661,2.9100000858306885,2.9100000858306885,2.700000047683716,2.7200000286102295,45940
2023-11-17,2.678889274597168,2.740000009536743,2.890000104904175,2.7200000286102295,2.75,2602
2023-11-20,2.6495583057403564,2.7100000381469727,2.7100000381469727,2.7100000381469727,2.7100000381469727,600
2023-11-21,2.5908966064453125,2.6500000953674316,2.7300000190734863,2.619999885559082,2.700000047683716,2072
2023-11-22,2.551788568496704,2.609999895095825,2.7100000381469727,2.609999895095825,2.700000047683716,3246
2023-11-23,2.5811195373535156,2.640000104904175,2.6700000762939453,2.5899999141693115,2.6500000953674316,1598
2023-11-24,2.5420114994049072,2.5999999046325684,2.5999999046325684,2.5999999046325684,2.5999999046325684,100
2023-11-27,2.512680768966675,2.569999933242798,2.630000114440918,2.569999933242798,2.5999999046325684,8904
2023-11-28,2.561565399169922,2.619999885559082,2.619999885559082,2.4800000190734863,2.569999933242798,6767
2023-11-29,2.6397812366485596,2.700000047683716,2.700000047683716,2.630000114440918,2.630000114440918,9614
2023-11-30,2.6397812366485596,2.700000047683716,2.7100000381469727,2.700000047683716,2.700000047683716,4290
2023-12-01,2.561565399169922,2.619999885559082,2.700000047683716,2.609999895095825,2.700000047683716,1913
2023-12-04,2.571342706680298,2.630000114440918,2.7200000286102295,2.549999952316284,2.619999885559082,24933
2023-12-05,2.5908966064453125,2.6500000953674316,2.6500000953674316,2.509999990463257,2.619999885559082,3037
2023-12-07,2.6495583057403564,2.7100000381469727,2.7100000381469727,2.630000114440918,2.630000114440918,5441
2023-12-08,2.6397812366485596,2.700000047683716,2.75,2.6500000953674316,2.6500000953674316,13717
2023-12-11,2.669112205505371,2.7300000190734863,2.7300000190734863,2.690000057220459,2.690000057220459,368
2023-12-12,2.6593353748321533,2.7200000286102295,2.7300000190734863,2.700000047683716,2.7300000190734863,2620
2023-12-13,2.571342706680298,2.630000114440918,2.6600000858306885,2.630000114440918,2.6600000858306885,521
2023-12-14,2.6397812366485596,2.700000047683716,2.700000047683716,2.690000057220459,2.700000047683716,4509
2023-12-15,2.6397812366485596,2.700000047683716,2.7100000381469727,2.6700000762939453,2.690000057220459,19553
2023-12-18,2.6593353748321533,2.7200000286102295,2.7200000286102295,2.6600000858306885,2.700000047683716,5942
2023-12-19,2.6495583057403564,2.7100000381469727,2.7799999713897705,2.700000047683716,2.7100000381469727,14503
2023-12-20,2.6397812366485596,2.700000047683716,2.7699999809265137,2.6700000762939453,2.700000047683716,8118
2023-12-21,2.630004405975342,2.690000057220459,2.7100000381469727,2.680000066757202,2.7100000381469727,3294
2023-12-22,2.610450506210327,2.6700000762939453,2.700000047683716,2.6700000762939453,2.690000057220459,6516
2023-12-27,2.6397812366485596,2.700000047683716,2.700000047683716,2.609999895095825,2.6500000953674316,20005
2023-12-28,2.6495583057403564,2.7100000381469727,2.7100000381469727,2.6500000953674316,2.6500000953674316,5979
2023-12-29,2.7571048736572266,2.819999933242798,2.819999933242798,2.6600000858306885,2.700000047683716,28189
2024-01-02,2.7179970741271973,2.7799999713897705,2.8399999141693115,2.680000066757202,2.8299999237060547,4048
2024-01-03,2.7082200050354004,2.7699999809265137,2.7699999809265137,2.6700000762939453,2.680000066757202,6882
2024-01-04,2.8059897422790527,2.869999885559082,2.869999885559082,2.7699999809265137,2.7699999809265137,8602
2024-01-05,2.8255438804626465,2.890000104904175,2.890000104904175,2.859999895095825,2.869999885559082,3719
2024-01-08,2.6397812366485596,2.700000047683716,2.9200000762939453,2.690000057220459,2.890000104904175,1737
2024-01-09,2.737550973892212,2.799999952316284,2.890000104904175,2.75,2.890000104904175,150
2024-01-10,2.737550973892212,2.799999952316284,2.799999952316284,2.7100000381469727,2.799999952316284,761
2024-01-11,2.737550973892212,2.799999952316284,2.8399999141693115,2.799999952316284,2.799999952316284,2612
2024-01-12,2.737550973892212,2.799999952316284,2.809999942779541,2.7200000286102295,2.799999952316284,28658
2024-01-15,2.737550973892212,2.799999952316284,2.799999952316284,2.75,2.75,128
2024-01-16,2.737550973892212,2.799999952316284,2.8399999141693115,2.799999952316284,2.8399999141693115,2973
2024-01-17,2.727773904800415,2.7899999618530273,2.799999952316284,2.75,2.799999952316284,4138
2024-01-18,2.7179970741271973,2.7799999713897705,2.7799999713897705,2.740000009536743,2.740000009536743,2788
2024-01-19,2.6593353748321533,2.7200000286102295,2.759999990463257,2.7200000286102295,2.759999990463257,401
2024-01-22,2.7179970741271973,2.7799999713897705,2.819999933242798,2.7799999713897705,2.7799999713897705,5411
2024-01-23,2.7179970741271973,2.7799999713897705,2.7799999713897705,2.7799999713897705,2.7799999713897705,0
2024-01-24,2.737550973892212,2.799999952316284,2.799999952316284,2.75,2.7799999713897705,2166
2024-01-25,2.7571048736572266,2.819999933242798,2.819999933242798,2.809999942779541,2.819999933242798,3000
2024-01-26,2.727773904800415,2.7899999618530273,2.7899999618530273,2.7899999618530273,2.7899999618530273,2185
2024-01-29,2.6593353748321533,2.7200000286102295,2.7899999618530273,2.7200000286102295,2.7899999618530273,321
2024-01-30,2.6397812366485596,2.700000047683716,2.7300000190734863,2.700000047683716,2.7300000190734863,6853
2024-01-31,2.6397812366485596,2.700000047683716,2.809999942779541,2.700000047683716,2.700000047683716,343
2024-02-01,2.6397812366485596,2.700000047683716,2.75,2.700000047683716,2.700000047683716,566
2024-02-02,2.6495583057403564,2.7100000381469727,2.7200000286102295,2.700000047683716,2.700000047683716,225
2024-02-05,2.6593353748321533,2.7200000286102295,2.740000009536743,2.680000066757202,2.7200000286102295,6085
2024-02-06,2.5908966064453125,2.6500000953674316,2.7699999809265137,2.5999999046325684,2.680000066757202,18198
2024-02-07,2.5908966064453125,2.6500000953674316,2.700000047683716,2.6500000953674316,2.6600000858306885,8786
2024-02-08,2.6006734371185303,2.6600000858306885,2.7899999618530273,2.6600000858306885,2.6600000858306885,955
2024-02-09,2.610450506210327,2.6700000762939453,2.7100000381469727,2.630000114440918,2.6600000858306885,3304
2024-02-12,2.571342706680298,2.630000114440918,2.7200000286102295,2.619999885559082,2.7100000381469727,1338
2024-02-13,2.561565399169922,2.619999885559082,2.6700000762939453,2.619999885559082,2.640000104904175,1246
2024-02-14,2.6886661052703857,2.75,2.75,2.5999999046325684,2.5999999046325684,2640
2024-02-15,2.610450506210327,2.6700000762939453,2.740000009536743,2.6700000762939453,2.700000047683716,396
2024-02-16,2.620227336883545,2.680000066757202,2.680000066757202,2.680000066757202,2.680000066757202,387
2024-02-19,2.6397812366485596,2.700000047683716,2.7200000286102295,2.680000066757202,2.680000066757202,7188
2024-02-20,2.6495583057403564,2.7100000381469727,2.7300000190734863,2.700000047683716,2.700000047683716,10956
2024-02-21,2.669112205505371,2.7300000190734863,2.7300000190734863,2.700000047683716,2.700000047683716,5034
2024-02-22,2.6593353748321533,2.7200000286102295,2.7200000286102295,2.7100000381469727,2.7100000381469727,2455
2024-02-23,2.6593353748321533,2.7200000286102295,2.7300000190734863,2.7200000286102295,2.7200000286102295,4633
2024-02-26,2.6593353748321533,2.7200000286102295,2.7200000286102295,2.7200000286102295,2.7200000286102295,460
2024-02-27,2.6593353748321533,2.7200000286102295,2.740000009536743,2.7200000286102295,2.740000009536743,6882
2024-02-28,2.678889274597168,2.740000009536743,2.740000009536743,2.740000009536743,2.740000009536743,402
2024-02-29,2.6593353748321533,2.7200000286102295,2.7200000286102295,2.7200000286102295,2.7200000286102295,670
2024-03-01,2.6495583057403564,2.7100000381469727,2.740000009536743,2.7100000381469727,2.7200000286102295,1706
2024-03-04,2.678889274597168,2.740000009536743,2.740000009536743,2.740000009536743,2.740000009536743,16947
2024-03-05,2.6495583057403564,2.7100000381469727,2.740000009536743,2.7100000381469727,2.740000009536743,4082
2024-03-06,2.737550973892212,2.799999952316284,2.799999952316284,2.740000009536743,2.740000009536743,5000
2024-03-07,2.6495583057403564,2.7100000381469727,2.7200000286102295,2.7100000381469727,2.7200000286102295,497
2024-03-08,2.6495583057403564,2.7100000381469727,2.7300000190734863,2.7100000381469727,2.7100000381469727,345
2024-03-11,2.6495583057403564,2.7100000381469727,2.7100000381469727,2.700000047683716,2.7100000381469727,8510
2024-03-12,2.7571048736572266,2.819999933242798,2.819999933242798,2.7100000381469727,2.7100000381469727,6622
2024-03-13,2.6593353748321533,2.7200000286102295,2.819999933242798,2.7200000286102295,2.819999933242798,1052
2024-03-14,2.669112205505371,2.7300000190734863,2.7799999713897705,2.7300000190734863,2.7300000190734863,465
2024-03-15,2.669112205505371,2.7300000190734863,2.740000009536743,2.7300000190734863,2.7300000190734863,820
2024-03-18,2.6593353748321533,2.7200000286102295,2.7300000190734863,2.7200000286102295,2.7300000190734863,1740
2024-03-19,2.6593353748321533,2.7200000286102295,2.7200000286102295,2.7200000286102295,2.7200000286102295,2003
2024-03-20,2.6593353748321533,2.7200000286102295,2.7899999618530273,2.7200000286102295,2.75,4745
2024-03-21,2.6593353748321533,2.7200000286102295,2.7300000190734863,2.7200000286102295,2.7200000286102295,2874
2024-03-22,2.669112205505371,2.7300000190734863,2.7300000190734863,2.7300000190734863,2.7300000190734863,50
2024-03-25,2.669112205505371,2.7300000190734863,2.7300000190734863,2.7200000286102295,2.7200000286102295,646
2024-03-26,2.678889274597168,2.740000009536743,2.799999952316284,2.7300000190734863,2.7300000190734863,1444
2024-03-27,2.678889274597168,2.740000009536743,2.740000009536743,2.740000009536743,2.740000009536743,0
2024-03-28,2.737550973892212,2.799999952316284,2.799999952316284,2.7300000190734863,2.799999952316284,818
2024-04-02,2.7473278045654297,2.809999942779541,2.809999942779541,2.75,2.75,1630
2024-04-03,2.796212673187256,2.859999895095825,2.859999895095825,2.809999942779541,2.809999942779541,4816
2024-04-04,2.737550973892212,2.799999952316284,2.930000066757202,2.759999990463257,2.9200000762939453,5577
2024-04-05,2.759999990463257,2.759999990463257,2.890000104904175,2.759999990463257,2.809999942779541,1029
2024-04-08,2.75,2.75,2.759999990463257,2.700000047683716,2.759999990463257,3910
2024-04-09,2.75,2.75,2.75,2.700000047683716,2.75,875
2024-04-10,2.700000047683716,2.700000047683716,2.7300000190734863,2.6500000953674316,2.690000057220459,4040
2024-04-11,2.7699999809265137,2.7699999809265137,2.7699999809265137,2.680000066757202,2.680000066757202,1514
2024-04-12,2.7699999809265137,2.7699999809265137,2.7699999809265137,2.6700000762939453,2.6700000762939453,451
2024-04-15,2.7200000286102295,2.7200000286102295,2.7699999809265137,2.7200000286102295,2.7699999809265137,1131
2024-04-16,2.7300000190734863,2.7300000190734863,2.740000009536743,2.5899999141693115,2.740000009536743,779
2024-04-17,2.700000047683716,2.700000047683716,2.700000047683716,2.5999999046325684,2.6500000953674316,209
2024-04-18,2.7200000286102295,2.7200000286102295,2.740000009536743,2.700000047683716,2.700000047683716,971
2024-04-19,2.690000057220459,2.690000057220459,2.740000009536743,2.559999942779541,2.740000009536743,2276
2024-04-22,2.6500000953674316,2.6500000953674316,2.690000057220459,2.5799999237060547,2.5799999237060547,1938
2024-04-23,2.700000047683716,2.700000047683716,2.700000047683716,2.5999999046325684,2.680000066757202,4647
2024-04-24,2.690000057220459,2.690000057220459,2.700000047683716,2.5999999046325684,2.700000047683716,1903
2024-04-25,2.5999999046325684,2.5999999046325684,2.630000114440918,2.5999999046325684,2.619999885559082,2480
2024-04-26,2.609999895095825,2.609999895095825,2.609999895095825,2.609999895095825,2.609999895095825,330
2024-04-29,2.5899999141693115,2.5899999141693115,2.609999895095825,2.569999933242798,2.609999895095825,4901
2024-04-30,2.609999895095825,2.609999895095825,2.609999895095825,2.569999933242798,2.5999999046325684,2292
2024-05-02,2.5,2.5,2.6500000953674316,2.5,2.559999942779541,1574
2024-05-03,2.559999942779541,2.559999942779541,2.700000047683716,2.509999990463257,2.700000047683716,1950
2024-05-06,2.5799999237060547,2.5799999237060547,2.5999999046325684,2.559999942779541,2.559999942779541,2749
2024-05-07,2.559999942779541,2.559999942779541,2.5799999237060547,2.5,2.5799999237060547,2444
2024-05-08,2.609999895095825,2.609999895095825,2.6600000858306885,2.5999999046325684,2.5999999046325684,3702
2024-05-10,2.680000066757202,2.680000066757202,2.680000066757202,2.5999999046325684,2.619999885559082,3521
2024-05-13,2.680000066757202,2.680000066757202,2.680000066757202,2.6700000762939453,2.6700000762939453,598
2024-05-14,2.6500000953674316,2.6500000953674316,2.6700000762939453,2.630000114440918,2.630000114440918,750
2024-05-15,2.6700000762939453,2.6700000762939453,2.700000047683716,2.619999885559082,2.680000066757202,886
2024-05-16,2.690000057220459,2.690000057220459,2.690000057220459,2.630000114440918,2.680000066757202,3562
2024-05-17,2.680000066757202,2.680000066757202,2.690000057220459,2.680000066757202,2.680000066757202,749
2024-05-20,2.690000057220459,2.690000057220459,2.690000057220459,2.619999885559082,2.680000066757202,1717
2024-05-21,2.700000047683716,2.700000047683716,2.700000047683716,2.6500000953674316,2.6500000953674316,3958
2024-05-22,2.6600000858306885,2.6600000858306885,2.700000047683716,2.6600000858306885,2.700000047683716,5710
2024-05-23,2.690000057220459,2.690000057220459,2.690000057220459,2.6600000858306885,2.6600000858306885,20
2024-05-24,2.690000057220459,2.690000057220459,2.690000057220459,2.6600000858306885,2.6600000858306885,1350
2024-05-27,2.7200000286102295,2.7200000286102295,2.75,2.6600000858306885,2.690000057220459,29798
2024-05-28,2.700000047683716,2.700000047683716,2.7200000286102295,2.700000047683716,2.7200000286102295,1160
2024-05-29,2.7100000381469727,2.7100000381469727,2.7100000381469727,2.700000047683716,2.700000047683716,336
2024-05-30,2.740000009536743,2.740000009536743,2.740000009536743,2.700000047683716,2.7100000381469727,1633
2024-05-31,2.7300000190734863,2.7300000190734863,2.740000009536743,2.700000047683716,2.740000009536743,4058
2024-06-03,2.700000047683716,2.700000047683716,2.740000009536743,2.700000047683716,2.740000009536743,2045
2024-06-04,2.700000047683716,2.700000047683716,2.700000047683716,2.680000066757202,2.700000047683716,3381
2024-06-05,2.700000047683716,2.700000047683716,2.700000047683716,2.700000047683716,2.700000047683716,560
2024-06-06,2.700000047683716,2.700000047683716,2.740000009536743,2.700000047683716,2.700000047683716,7109
2024-06-07,2.700000047683716,2.700000047683716,2.75,2.700000047683716,2.75,1860
2024-06-10,2.700000047683716,2.700000047683716,2.700000047683716,2.700000047683716,2.700000047683716,16
2024-06-11,2.700000047683716,2.700000047683716,2.700000047683716,2.700000047683716,2.700000047683716,350
2024-06-12,2.7100000381469727,2.7100000381469727,2.7100000381469727,2.7100000381469727,2.7100000381469727,6
2024-06-13,2.7100000381469727,2.7100000381469727,2.7100000381469727,2.700000047683716,2.7100000381469727,4085
2024-06-14,2.759999990463257,2.759999990463257,2.759999990463257,2.700000047683716,2.700000047683716,1422
2024-06-17,2.7799999713897705,2.7799999713897705,2.7799999713897705,2.680000066757202,2.680000066757202,2365
2024-06-18,2.759999990463257,2.759999990463257,2.7799999713897705,2.740000009536743,2.7799999713897705,9766
2024-06-19,2.759999990463257,2.759999990463257,2.7899999618530273,2.700000047683716,2.700000047683716,2307
2024-06-20,2.7799999713897705,2.7799999713897705,2.7799999713897705,2.700000047683716,2.700000047683716,7335
2024-06-24,2.700000047683716,2.700000047683716,2.700000047683716,2.700000047683716,2.700000047683716,1189
2024-06-25,2.75,2.75,2.75,2.700000047683716,2.700000047683716,148
2024-06-26,2.75,2.75,2.75,2.700000047683716,2.7100000381469727,185
2024-06-27,2.75,2.75,2.75,2.700000047683716,2.75,5830
2024-06-28,2.740000009536743,2.740000009536743,2.740000009536743,2.7200000286102295,2.7200000286102295,45
2024-07-01,2.75,2.75,2.75,2.700000047683716,2.740000009536743,2553
2024-07-02,2.75,2.75,2.75,2.7300000190734863,2.7300000190734863,1233
2024-07-03,2.700000047683716,2.700000047683716,2.75,2.700000047683716,2.75,5342
2024-07-04,2.7100000381469727,2.7100000381469727,2.7799999713897705,2.700000047683716,2.700000047683716,6124
2024-07-05,2.7699999809265137,2.7699999809265137,2.7699999809265137,2.7699999809265137,2.7699999809265137,10
2024-07-08,2.700000047683716,2.700000047683716,2.7699999809265137,2.700000047683716,2.7699999809265137,303
2024-07-09,2.5899999141693115,2.5899999141693115,2.700000047683716,2.5799999237060547,2.5799999237060547,1443
2024-07-10,2.700000047683716,2.700000047683716,2.700000047683716,2.5899999141693115,2.700000047683716,79
2024-07-11,2.690000057220459,2.690000057220459,2.690000057220459,2.569999933242798,2.5799999237060547,711
2024-07-12,2.569999933242798,2.569999933242798,2.5799999237060547,2.569999933242798,2.5799999237060547,25
2024-07-15,2.640000104904175,2.640000104904175,2.740000009536743,2.569999933242798,2.569999933242798,842
2024-07-16,2.690000057220459,2.690000057220459,2.690000057220459,2.5799999237060547,2.690000057220459,765
2024-07-17,2.690000057220459,2.690000057220459,2.700000047683716,2.5899999141693115,2.5899999141693115,1389
2024-07-18,2.690000057220459,2.690000057220459,2.690000057220459,2.690000057220459,2.690000057220459,969
2024-07-19,2.680000066757202,2.680000066757202,2.700000047683716,2.5999999046325684,2.700000047683716,1872
2024-07-22,2.6600000858306885,2.6600000858306885,2.6700000762939453,2.6600000858306885,2.6700000762939453,59
2024-07-23,2.6500000953674316,2.6500000953674316,2.7100000381469727,2.6500000953674316,2.6600000858306885,10393
2024-07-24,2.6600000858306885,2.6600000858306885,2.690000057220459,2.6500000953674316,2.6500000953674316,1131
2024-07-25,2.6600000858306885,2.6600000858306885,2.680000066757202,2.630000114440918,2.6700000762939453,820
2024-07-26,2.700000047683716,2.700000047683716,2.7100000381469727,2.6600000858306885,2.6600000858306885,224
2024-07-29,2.759999990463257,2.759999990463257,2.759999990463257,2.7100000381469727,2.7100000381469727,3857
2024-07-30,2.7200000286102295,2.7200000286102295,2.759999990463257,2.7100000381469727,2.75,1279
2024-07-31,2.799999952316284,2.799999952316284,2.799999952316284,2.759999990463257,2.759999990463257,10643
2024-08-01,2.6500000953674316,2.6500000953674316,2.7899999618530273,2.6500000953674316,2.680000066757202,1004
2024-08-02,2.700000047683716,2.700000047683716,2.819999933242798,2.6500000953674316,2.6500000953674316,8714
2024-08-05,2.680000066757202,2.680000066757202,2.700000047683716,2.6600000858306885,2.700000047683716,1220
2024-08-06,2.680000066757202,2.680000066757202,2.700000047683716,2.6500000953674316,2.6600000858306885,5541
2024-08-07,2.7899999618530273,2.7899999618530273,2.7899999618530273,2.7799999713897705,2.7799999713897705,200
2024-08-08,2.6600000858306885,2.6600000858306885,2.7699999809265137,2.6600000858306885,2.680000066757202,1246
2024-08-09,2.680000066757202,2.680000066757202,2.680000066757202,2.6500000953674316,2.6500000953674316,1927
2024-08-12,2.680000066757202,2.680000066757202,2.680000066757202,2.680000066757202,2.680000066757202,157
2024-08-13,2.759999990463257,2.759999990463257,2.759999990463257,2.6600000858306885,2.6600000858306885,2985
2024-08-14,2.690000057220459,2.690000057220459,2.700000047683716,2.690000057220459,2.700000047683716,1298
2024-08-15,2.740000009536743,2.740000009536743,2.740000009536743,2.700000047683716,2.740000009536743,1218
2024-08-16,2.6600000858306885,2.6600000858306885,2.700000047683716,2.6600000858306885,2.700000047683716,5642
2024-08-19,2.619999885559082,2.619999885559082,2.6500000953674316,2.5999999046325684,2.5999999046325684,3993
2024-08-20,2.6500000953674316,2.6500000953674316,2.690000057220459,2.609999895095825,2.690000057220459,350
2024-08-21,2.5999999046325684,2.5999999046325684,2.6500000953674316,2.5999999046325684,2.6500000953674316,1872
2024-08-22,2.690000057220459,2.690000057220459,2.690000057220459,2.609999895095825,2.609999895095825,600
2024-08-23,2.690000057220459,2.690000057220459,2.690000057220459,2.5999999046325684,2.609999895095825,2322
2024-08-26,2.680000066757202,2.680000066757202,2.680000066757202,2.680000066757202,2.680000066757202,158
2024-08-27,2.5999999046325684,2.5999999046325684,2.6700000762939453,2.5999999046325684,2.609999895095825,2521
2024-08-28,2.609999895095825,2.609999895095825,2.619999885559082,2.5999999046325684,2.609999895095825,8233
2024-08-29,2.6500000953674316,2.6500000953674316,2.7200000286102295,2.4800000190734863,2.609999895095825,42232
2024-08-30,2.680000066757202,2.680000066757202,2.7300000190734863,2.569999933242798,2.7300000190734863,4808
2024-09-02,2.609999895095825,2.609999895095825,2.680000066757202,2.559999942779541,2.680000066757202,1261
2024-09-03,2.5199999809265137,2.5199999809265137,2.619999885559082,2.5199999809265137,2.619999885559082,493
2024-09-04,2.619999885559082,2.619999885559082,2.6500000953674316,2.5299999713897705,2.619999885559082,1318
2024-09-05,2.5399999618530273,2.5399999618530273,2.559999942779541,2.5299999713897705,2.559999942779541,1542
2024-09-06,2.5799999237060547,2.5799999237060547,2.6500000953674316,2.5,2.5399999618530273,2873
2024-09-09,2.549999952316284,2.549999952316284,2.640000104904175,2.369999885559082,2.640000104904175,5944
2024-09-10,2.5899999141693115,2.5899999141693115,2.5899999141693115,2.450000047683716,2.450000047683716,3523
2024-09-11,2.5399999618530273,2.5399999618530273,2.5899999141693115,2.5299999713897705,2.5899999141693115,273
2024-09-12,2.609999895095825,2.609999895095825,2.640000104904175,2.4700000286102295,2.5299999713897705,8825
2024-09-13,2.630000114440918,2.630000114440918,2.630000114440918,2.549999952316284,2.630000114440918,3669
2024-09-16,2.569999933242798,2.569999933242798,2.630000114440918,2.569999933242798,2.630000114440918,138
2024-09-17,2.569999933242798,2.569999933242798,2.569999933242798,2.5299999713897705,2.559999942779541,860
2024-09-18,2.5999999046325684,2.5999999046325684,2.5999999046325684,2.5399999618530273,2.5999999046325684,102
2024-09-19,2.5999999046325684,2.5999999046325684,2.619999885559082,2.5399999618530273,2.569999933242798,20909
2024-09-20,2.619999885559082,2.619999885559082,2.630000114440918,2.5899999141693115,2.630000114440918,3727
2024-09-23,2.5799999237060547,2.5799999237060547,2.5999999046325684,2.5399999618530273,2.5999999046325684,1713
2024-09-24,2.5999999046325684,2.5999999046325684,2.5999999046325684,2.5299999713897705,2.5999999046325684,1467
2024-09-25,2.609999895095825,2.609999895095825,2.609999895095825,2.5799999237060547,2.5899999141693115,219
2024-09-26,2.5799999237060547,2.5799999237060547,2.609999895095825,2.5799999237060547,2.5999999046325684,2572
2024-09-27,2.5799999237060547,2.5799999237060547,2.609999895095825,2.5799999237060547,2.5899999141693115,2767
2024-09-30,2.5799999237060547,2.5799999237060547,2.640000104904175,2.5799999237060547,2.5899999141693115,2263
2024-10-01,2.5799999237060547,2.5799999237060547,2.640000104904175,2.5799999237060547,2.5799999237060547,1600
2024-10-02,2.5799999237060547,2.5799999237060547,2.619999885559082,2.5799999237060547,2.5999999046325684,474
2024-10-03,2.640000104904175,2.640000104904175,2.640000104904175,2.619999885559082,2.619999885559082,211
2024-10-04,2.5999999046325684,2.5999999046325684,2.630000114440918,2.5799999237060547,2.5799999237060547,2283
2024-10-07,2.5999999046325684,2.5999999046325684,2.6500000953674316,2.5999999046325684,2.5999999046325684,9645
2024-10-08,2.640000104904175,2.640000104904175,2.640000104904175,2.630000114440918,2.630000114440918,1000
2024-10-09,2.6500000953674316,2.6500000953674316,2.6500000953674316,2.5799999237060547,2.6500000953674316,3500
2024-10-10,2.640000104904175,2.640000104904175,2.6500000953674316,2.5799999237060547,2.6500000953674316,302
2024-10-11,2.619999885559082,2.619999885559082,2.619999885559082,2.5799999237060547,2.5999999046325684,334
2024-10-14,2.640000104904175,2.640000104904175,2.6500000953674316,2.619999885559082,2.619999885559082,191
2024-10-15,2.640000104904175,2.640000104904175,2.640000104904175,2.5899999141693115,2.5899999141693115,1764
2024-10-16,2.640000104904175,2.640000104904175,2.640000104904175,2.5799999237060547,2.5799999237060547,237
2024-10-17,2.640000104904175,2.640000104904175,2.640000104904175,2.640000104904175,2.640000104904175,0
2024-10-18,2.640000104904175,2.640000104904175,2.6500000953674316,2.5799999237060547,2.6500000953674316,954
2024-10-21,2.640000104904175,2.640000104904175,2.640000104904175,2.640000104904175,2.640000104904175,70
2024-10-22,2.5799999237060547,2.5799999237060547,2.630000114440918,2.5799999237060547,2.619999885559082,4763
2024-10-23,2.5799999237060547,2.5799999237060547,2.5899999141693115,2.5799999237060547,2.5899999141693115,390
2024-10-24,2.509999990463257,2.509999990463257,2.5999999046325684,2.509999990463257,2.5799999237060547,3961
2024-10-25,2.450000047683716,2.450000047683716,2.5,2.359999895095825,2.5,8093
2024-10-28,2.5,2.5,2.5,2.3399999141693115,2.450000047683716,8320
2024-10-29,2.4800000190734863,2.4800000190734863,2.4800000190734863,2.380000114440918,2.380000114440918,71
2024-10-30,2.490000009536743,2.490000009536743,2.490000009536743,2.4000000953674316,2.430000066757202,1103
2024-10-31,2.4200000762939453,2.4200000762939453,2.5199999809265137,2.380000114440918,2.4100000858306885,868
2024-11-01,2.5,2.5,2.5,2.4200000762939453,2.4200000762939453,3872
2024-11-04,2.4800000190734863,2.4800000190734863,2.5,2.450000047683716,2.450000047683716,208
2024-11-05,2.5,2.5,2.5399999618530273,2.4600000381469727,2.4800000190734863,2974
2024-11-06,2.4800000190734863,2.4800000190734863,2.5,2.309999942779541,2.5,29702
2024-11-07,2.450000047683716,2.450000047683716,2.4600000381469727,2.380000114440918,2.440000057220459,4437
2024-11-08,2.3499999046325684,2.3499999046325684,2.4200000762939453,2.3499999046325684,2.4000000953674316,3281
2024-11-11,2.3499999046325684,2.3499999046325684,2.450000047683716,2.3499999046325684,2.4000000953674316,1788
2024-11-12,2.440000057220459,2.440000057220459,2.440000057220459,2.3499999046325684,2.3499999046325684,2360
2024-11-13,2.359999895095825,2.359999895095825,2.440000057220459,2.359999895095825,2.440000057220459,626
2024-11-14,2.4200000762939453,2.4200000762939453,2.430000066757202,2.3499999046325684,2.430000066757202,394
2024-11-15,2.3299999237060547,2.3299999237060547,2.440000057220459,2.3299999237060547,2.440000057220459,1890
2024-11-18,2.319999933242798,2.319999933242798,2.3299999237060547,2.309999942779541,2.3299999237060547,2747
2024-11-19,2.4000000953674316,2.4000000953674316,2.4000000953674316,2.259999990463257,2.359999895095825,6319
2024-11-20,2.4700000286102295,2.4700000286102295,2.4800000190734863,2.3499999046325684,2.4000000953674316,5181
2024-11-21,2.380000114440918,2.380000114440918,2.4600000381469727,2.359999895095825,2.4600000381469727,2295
2024-11-22,2.3299999237060547,2.3299999237060547,2.440000057220459,2.309999942779541,2.440000057220459,2192
2024-11-25,2.3399999141693115,2.3399999141693115,2.3499999046325684,2.299999952316284,2.3299999237060547,2256
2024-11-26,2.3399999141693115,2.3399999141693115,2.3499999046325684,2.319999933242798,2.3499999046325684,795
2024-11-27,2.3299999237060547,2.3299999237060547,2.3299999237060547,2.2699999809265137,2.2699999809265137,301
2024-11-28,2.3399999141693115,2.3399999141693115,2.3399999141693115,2.2899999618530273,2.2899999618530273,79
2024-11-29,2.240000009536743,2.240000009536743,2.3499999046325684,2.240000009536743,2.3399999141693115,7422
2024-12-02,2.0999999046325684,2.0999999046325684,2.25,2.0999999046325684,2.240000009536743,8145
2024-12-03,2.059999942779541,2.059999942779541,2.1500000953674316,2.059999942779541,2.0999999046325684,6215
2024-12-04,2.069999933242798,2.069999933242798,2.130000114440918,2.049999952316284,2.130000114440918,5565
2024-12-05,2.0899999141693115,2.0899999141693115,2.0999999046325684,2.049999952316284,2.069999933242798,8572
2024-12-09,2.1500000953674316,2.1500000953674316,2.240000009536743,2.069999933242798,2.0899999141693115,7300
2024-12-10,2.069999933242798,2.069999933242798,2.140000104904175,2.069999933242798,2.140000104904175,4603
2024-12-11,2.0999999046325684,2.0999999046325684,2.0999999046325684,2.049999952316284,2.0799999237060547,4447
2024-12-12,2.0199999809265137,2.0199999809265137,2.0799999237060547,2.0199999809265137,2.059999942779541,2530
2024-12-13,2.059999942779541,2.059999942779541,2.059999942779541,2.009999990463257,2.0199999809265137,6857
2024-12-16,2.049999952316284,2.049999952316284,2.059999942779541,1.9550000429153442,2.059999942779541,9935
2024-12-17,2.069999933242798,2.069999933242798,2.0999999046325684,2.049999952316284,2.049999952316284,36858
2024-12-18,2.119999885559082,2.119999885559082,2.119999885559082,2.0999999046325684,2.0999999046325684,18269
2024-12-19,2.0999999046325684,2.0999999046325684,2.119999885559082,2.0999999046325684,2.0999999046325684,5918
2024-12-20,2.119999885559082,2.119999885559082,2.119999885559082,2.0799999237060547,2.0999999046325684,9600
2024-12-23,2.049999952316284,2.049999952316284,2.1500000953674316,2.049999952316284,2.119999885559082,16721
2024-12-27,2.0999999046325684,2.0999999046325684,2.2100000381469727,2.049999952316284,2.049999952316284,22595
2024-12-30,2.2799999713897705,2.2799999713897705,2.2799999713897705,2.069999933242798,2.069999933242798,26222
2025-01-02,2.3399999141693115,2.3399999141693115,2.3499999046325684,2.2799999713897705,2.2799999713897705,2307
2025-01-03,2.3499999046325684,2.3499999046325684,2.380000114440918,2.3399999141693115,2.3399999141693115,1707
2025-01-07,2.3399999141693115,2.3399999141693115,2.380000114440918,2.299999952316284,2.3499999046325684,4787
2025-01-08,2.380000114440918,2.380000114440918,2.380000114440918,2.3399999141693115,2.3499999046325684,300
2025-01-09,2.4800000190734863,2.4800000190734863,2.509999990463257,2.4000000953674316,2.4000000953674316,8387
2025-01-10,2.4800000190734863,2.4800000190734863,2.5799999237060547,2.4800000190734863,2.4800000190734863,2229
2025-01-13,2.490000009536743,2.490000009536743,2.490000009536743,2.4600000381469727,2.4700000286102295,2223
2025-01-14,2.4800000190734863,2.4800000190734863,2.5,2.4600000381469727,2.5,2035
2025-01-15,2.5299999713897705,2.5299999713897705,2.619999885559082,2.5,2.5999999046325684,692
2025-01-16,2.5999999046325684,2.5999999046325684,2.7300000190734863,2.5999999046325684,2.7300000190734863,759
2025-01-17,2.569999933242798,2.569999933242798,2.5899999141693115,2.359999895095825,2.4700000286102295,1253
2025-01-20,2.5,2.5,2.5999999046325684,2.5,2.569999933242798,506
2025-01-21,2.5,2.5,2.5,2.5,2.5,525
2025-01-22,2.4000000953674316,2.4000000953674316,2.5,2.369999885559082,2.5,1511
2025-01-23,2.440000057220459,2.440000057220459,2.450000047683716,2.440000057220459,2.450000047683716,106
2025-01-24,2.4000000953674316,2.4000000953674316,2.440000057220459,2.4000000953674316,2.440000057220459,105
2025-01-27,2.359999895095825,2.359999895095825,2.359999895095825,2.3499999046325684,2.359999895095825,1912
2025-01-28,2.4200000762939453,2.4200000762939453,2.4200000762939453,2.3499999046325684,2.359999895095825,535
2025-01-29,2.369999885559082,2.369999885559082,2.450000047683716,2.369999885559082,2.450000047683716,364
2025-01-30,2.380000114440918,2.380000114440918,2.380000114440918,2.3499999046325684,2.369999885559082,1113
2025-01-31,2.3499999046325684,2.3499999046325684,2.369999885559082,2.3499999046325684,2.369999885559082,335
2025-02-03,2.299999952316284,2.299999952316284,2.299999952316284,2.25,2.25,297
2025-02-04,2.25,2.25,2.490000009536743,2.25,2.490000009536743,1043
2025-02-05,2.299999952316284,2.299999952316284,2.299999952316284,2.259999990463257,2.299999952316284,1394
2025-02-06,2.240000009536743,2.240000009536743,2.299999952316284,2.1600000858306885,2.2899999618530273,3910
2025-02-07,2.1700000762939453,2.1700000762939453,2.2799999713897705,2.1500000953674316,2.1600000858306885,5413
2025-02-10,2.25,2.25,2.2899999618530273,2.140000104904175,2.2699999809265137,195
2025-02-11,2.25,2.25,2.25,2.25,2.25,0
2025-02-12,2.190000057220459,2.190000057220459,2.200000047683716,2.1500000953674316,2.1600000858306885,50077
2025-02-13,2.200000047683716,2.200000047683716,2.299999952316284,2.1600000858306885,2.190000057220459,3069
2025-02-14,2.2799999713897705,2.2799999713897705,2.2799999713897705,2.25,2.2799999713897705,178
2025-02-17,2.2699999809265137,2.2699999809265137,2.2799999713897705,2.130000114440918,2.2799999713897705,1778
2025-02-18,2.2100000381469727,2.2100000381469727,2.2100000381469727,2.119999885559082,2.119999885559082,9491
2025-02-19,2.259999990463257,2.259999990463257,2.2699999809265137,2.1600000858306885,2.1600000858306885,2766
2025-02-20,2.1500000953674316,2.1500000953674316,2.25,2.0799999237060547,2.200000047683716,14826
2025-02-21,2.109999895095825,2.109999895095825,2.2300000190734863,2.0899999141693115,2.0899999141693115,1155
2025-02-24,2.109999895095825,2.109999895095825,2.200000047683716,2.109999895095825,2.200000047683716,576
2025-02-25,2.109999895095825,2.109999895095825,2.130000114440918,2.0999999046325684,2.0999999046325684,1283
2025-02-26,2.130000114440918,2.130000114440918,2.130000114440918,2.059999942779541,2.109999895095825,2968
2025-02-27,2.1500000953674316,2.1500000953674316,2.190000057220459,2.130000114440918,2.130000114440918,2444
2025-02-28,2.1500000953674316,2.1500000953674316,2.190000057220459,2.140000104904175,2.190000057220459,3789
2025-03-03,2.130000114440918,2.130000114440918,2.1500000953674316,2.130000114440918,2.130000114440918,2021
2025-03-04,2.1500000953674316,2.1500000953674316,2.2300000190734863,2.1500000953674316,2.190000057220459,1289
2025-03-05,2.0999999046325684,2.0999999046325684,2.1500000953674316,1.9049999713897705,2.1500000953674316,6348
2025-03-06,2.0899999141693115,2.0899999141693115,2.130000114440918,2.0199999809265137,2.130000114440918,5792
2025-03-07,2.0999999046325684,2.0999999046325684,2.0999999046325684,2.0199999809265137,2.0899999141693115,2913
2025-03-10,2.049999952316284,2.049999952316284,2.0899999141693115,2.049999952316284,2.0899999141693115,1374
2025-03-11,2.0299999713897705,2.0299999713897705,2.0899999141693115,2.0299999713897705,2.0899999141693115,12660
2025-03-12,2.0299999713897705,2.0299999713897705,2.0399999618530273,2.0,2.0199999809265137,5328
2025-03-13,2.0299999713897705,2.0299999713897705,2.0299999713897705,2.009999990463257,2.009999990463257,451
2025-03-14,2.0899999141693115,2.0899999141693115,2.0899999141693115,2.009999990463257,2.0399999618530273,6202
2025-03-17,2.069999933242798,2.069999933242798,2.0799999237060547,2.0,2.0799999237060547,4768
2025-03-18,2.0899999141693115,2.0899999141693115,2.0899999141693115,2.0199999809265137,2.0199999809265137,3336
2025-03-19,2.049999952316284,2.049999952316284,2.0899999141693115,2.0199999809265137,2.0899999141693115,1224
2025-03-20,2.0399999618530273,2.0399999618530273,2.0399999618530273,2.009999990463257,2.0299999713897705,3429
2025-03-21,2.0799999237060547,2.0799999237060547,2.0799999237060547,2.009999990463257,2.0199999809265137,2202
2025-03-24,2.049999952316284,2.049999952316284,2.049999952316284,2.049999952316284,2.049999952316284,40
2025-03-25,2.0199999809265137,2.0199999809265137,2.049999952316284,2.0199999809265137,2.049999952316284,140
2025-03-26,2.0199999809265137,2.0199999809265137,2.049999952316284,2.009999990463257,2.0199999809265137,1471
2025-03-27,2.0299999713897705,2.0299999713897705,2.0399999618530273,2.0,2.0,3145
2025-03-28,2.0399999618530273,2.0399999618530273,2.049999952316284,2.0399999618530273,2.049999952316284,122
2025-03-31,2.0299999713897705,2.0299999713897705,2.049999952316284,2.0299999713897705,2.0399999618530273,3860
2025-04-01,2.180000066757202,2.180000066757202,2.180000066757202,2.049999952316284,2.049999952316284,1121
2025-04-02,2.1500000953674316,2.1500000953674316,2.180000066757202,2.0999999046325684,2.180000066757202,458
2025-04-03,2.119999885559082,2.119999885559082,2.1600000858306885,2.069999933242798,2.140000104904175,1859
2025-04-04,2.0299999713897705,2.0299999713897705,2.119999885559082,2.0299999713897705,2.059999942779541,3322
2025-04-07,2.0399999618530273,2.0399999618530273,2.049999952316284,2.0,2.049999952316284,3793
2025-04-08,2.119999885559082,2.119999885559082,2.140000104904175,2.049999952316284,2.049999952316284,220
2025-04-09,2.0999999046325684,2.0999999046325684,2.0999999046325684,2.049999952316284,2.049999952316284,1412
2025-04-10,2.130000114440918,2.130000114440918,2.130000114440918,2.049999952316284,2.049999952316284,174
2025-04-11,2.0999999046325684,2.0999999046325684,2.0999999046325684,2.049999952316284,2.049999952316284,1335
2025-04-14,2.0899999141693115,2.0899999141693115,2.0999999046325684,2.049999952316284,2.0999999046325684,982
2025-04-15,2.059999942779541,2.059999942779541,2.0899999141693115,2.049999952316284,2.0899999141693115,1275
2025-04-16,2.0999999046325684,2.0999999046325684,2.0999999046325684,2.049999952316284,2.0999999046325684,2187
2025-04-17,2.119999885559082,2.119999885559082,2.119999885559082,2.049999952316284,2.059999942779541,1875
2025-04-22,2.109999895095825,2.109999895095825,2.130000114440918,2.059999942779541,2.109999895095825,2575
2025-04-23,2.109999895095825,2.109999895095825,2.109999895095825,2.0199999809265137,2.0199999809265137,1710
2025-04-24,2.109999895095825,2.109999895095825,2.109999895095825,2.0199999809265137,2.0199999809265137,1885
2025-04-25,2.0999999046325684,2.0999999046325684,2.0999999046325684,2.0399999618530273,2.049999952316284,410
2025-04-28,2.0,2.0,2.0999999046325684,1.9600000381469727,2.0999999046325684,7604
2025-04-29,2.049999952316284,2.049999952316284,2.0899999141693115,1.899999976158142,2.0799999237060547,5862
2025-04-30,2.009999990463257,2.009999990463257,2.059999942779541,2.0,2.0,4970
2025-05-02,2.059999942779541,2.059999942779541,2.0799999237060547,2.009999990463257,2.009999990463257,3010
2025-05-05,2.069999933242798,2.069999933242798,2.069999933242798,2.049999952316284,2.059999942779541,3633
2025-05-06,2.009999990463257,2.009999990463257,2.069999933242798,2.0,2.069999933242798,1876
2025-05-07,2.009999990463257,2.009999990463257,2.0999999046325684,2.009999990463257,2.069999933242798,6435
2025-05-08,2.109999895095825,2.109999895095825,2.109999895095825,2.009999990463257,2.009999990463257,1732
2025-05-09,2.069999933242798,2.069999933242798,2.109999895095825,2.069999933242798,2.109999895095825,308
2025-05-12,1.909999966621399,1.909999966621399,2.109999895095825,1.909999966621399,2.0999999046325684,2389
2025-05-13,2.0,2.0,2.0999999046325684,1.9950000047683716,2.0,5296
2025-05-14,2.0899999141693115,2.0899999141693115,2.0999999046325684,2.059999942779541,2.0799999237060547,482
2025-05-15,2.0999999046325684,2.0999999046325684,2.0999999046325684,2.0799999237060547,2.0999999046325684,2860
2025-05-16,2.0999999046325684,2.0999999046325684,2.109999895095825,2.009999990463257,2.0999999046325684,6361
2025-05-19,2.119999885559082,2.119999885559082,2.119999885559082,2.0899999141693115,2.0999999046325684,2042
2025-05-20,2.0999999046325684,2.0999999046325684,2.119999885559082,2.059999942779541,2.059999942779541,2649
2025-05-21,2.109999895095825,2.109999895095825,2.119999885559082,2.0899999141693115,2.119999885559082,393
2025-05-22,2.109999895095825,2.109999895095825,2.119999885559082,2.0999999046325684,2.0999999046325684,2947
2025-05-23,2.119999885559082,2.119999885559082,2.119999885559082,2.0999999046325684,2.119999885559082,2337
2025-05-26,2.119999885559082,2.119999885559082,2.130000114440918,2.119999885559082,2.119999885559082,1171
2025-05-27,2.1500000953674316,2.1500000953674316,2.1600000858306885,2.119999885559082,2.1600000858306885,1223
2025-05-28,2.1600000858306885,2.1600000858306885,2.1600000858306885,2.1600000858306885,2.1600000858306885,92
2025-05-30,2.1600000858306885,2.1600000858306885,2.1600000858306885,2.1500000953674316,2.1500000953674316,108
2025-06-02,2.0299999713897705,2.0299999713897705,2.1600000858306885,2.0299999713897705,2.1600000858306885,5601
2025-06-03,2.0799999237060547,2.0799999237060547,2.1500000953674316,2.059999942779541,2.0999999046325684,4482
2025-06-04,2.0899999141693115,2.0899999141693115,2.1500000953674316,2.0799999237060547,2.0799999237060547,16838
2025-06-05,2.0799999237060547,2.0799999237060547,2.1500000953674316,2.0799999237060547,2.1500000953674316,500
2025-06-06,2.059999942779541,2.059999942779541,2.1700000762939453,2.059999942779541,2.0799999237060547,7862
2025-06-09,2.119999885559082,2.119999885559082,2.119999885559082,2.0299999713897705,2.0399999618530273,1251
2025-06-10,2.0999999046325684,2.0999999046325684,2.119999885559082,2.0299999713897705,2.119999885559082,530
2025-06-11,2.0399999618530273,2.0399999618530273,2.0399999618530273,2.0299999713897705,2.0299999713897705,102
2025-06-12,2.0399999618530273,2.0399999618530273,2.0399999618530273,2.0299999713897705,2.0399999618530273,478
2025-06-13,2.0399999618530273,2.0399999618530273,2.0999999046325684,2.0299999713897705,2.0399999618530273,1940
2025-06-16,1.9600000381469727,1.9600000381469727,2.0399999618530273,1.9600000381469727,2.0399999618530273,559
2025-06-17,1.9500000476837158,1.9500000476837158,1.9900000095367432,1.8899999856948853,1.9900000095367432,5202
2025-06-18,1.9700000286102295,1.9700000286102295,1.975000023841858,1.899999976158142,1.9199999570846558,1226
2025-06-19,1.9700000286102295,1.9700000286102295,1.9800000190734863,1.965000033378601,1.9800000190734863,1072
2025-06-23,1.9700000286102295,1.9700000286102295,1.9700000286102295,1.909999966621399,1.9700000286102295,113
2025-06-24,1.9500000476837158,1.9500000476837158,2.009999990463257,1.9149999618530273,1.9800000190734863,1940
2025-06-25,1.9950000047683716,1.9950000047683716,1.9950000047683716,1.9199999570846558,1.9199999570846558,21
2025-06-26,1.9199999570846558,1.9199999570846558,1.9800000190734863,1.9149999618530273,1.9800000190734863,218
2025-06-27,1.9199999570846558,1.9199999570846558,2.0,1.9149999618530273,1.9500000476837158,2921
2025-06-30,1.975000023841858,1.975000023841858,1.9950000047683716,1.9199999570846558,1.9199999570846558,834
2025-07-01,1.9199999570846558,1.9199999570846558,1.9800000190734863,1.9149999618530273,1.9800000190734863,2163
2025-07-02,1.940000057220459,1.940000057220459,1.9500000476837158,1.9199999570846558,1.9199999570846558,1153
2025-07-03,1.9199999570846558,1.9199999570846558,1.9199999570846558,1.9149999618530273,1.9199999570846558,834
2025-07-04,1.9199999570846558,1.9199999570846558,1.9199999570846558,1.9199999570846558,1.9199999570846558,1031
2025-07-07,1.8899999856948853,1.8899999856948853,1.9199999570846558,1.8899999856948853,1.8899999856948853,727
2025-07-08,1.9199999570846558,1.9199999570846558,1.9199999570846558,1.8799999952316284,1.8899999856948853,900
2025-07-09,1.9199999570846558,1.9199999570846558,1.9199999570846558,1.9199999570846558,1.9199999570846558,1
2025-07-10,1.8899999856948853,1.8899999856948853,1.899999976158142,1.8799999952316284,1.899999976158142,2583
2025-07-11,1.899999976158142,1.899999976158142,1.899999976158142,1.8899999856948853,1.8899999856948853,252
2025-07-14,2.009999990463257,2.009999990463257,2.009999990463257,1.8799999952316284,1.899999976158142,140199
2025-07-15,2.0899999141693115,2.0899999141693115,2.0899999141693115,2.009999990463257,2.0199999809265137,2087
2025-07-16,2.0,2.0,2.009999990463257,1.9299999475479126,2.009999990463257,813
2025-07-17,1.9299999475479126,1.9299999475479126,2.0,1.9299999475479126,2.0,342
2025-07-18,2.0,2.0,2.0,1.9299999475479126,1.9299999475479126,23
2025-07-21,1.9500000476837158,1.9500000476837158,2.0,1.9500000476837158,2.0,997
2025-07-22,1.9600000381469727,1.9600000381469727,1.9600000381469727,1.9500000476837158,1.9600000381469727,260
2025-07-23,1.9900000095367432,1.9900000095367432,1.9900000095367432,1.9450000524520874,1.9450000524520874,2699
2025-07-24,1.9700000286102295,1.9700000286102295,1.9900000095367432,1.940000057220459,1.9900000095367432,433
2025-07-25,2.0,2.0,2.049999952316284,1.909999966621399,1.9800000190734863,7119
2025-07-28,1.975000023841858,1.975000023841858,2.0,1.8899999856948853,2.0,2917
2025-07-29,1.9199999570846558,1.9199999570846558,1.9600000381469727,1.9199999570846558,1.9199999570846558,1240
2025-07-30,1.9249999523162842,1.9249999523162842,1.9249999523162842,1.9249999523162842,1.9249999523162842,35
2025-07-31,1.9249999523162842,1.9249999523162842,1.9800000190734863,1.9249999523162842,1.934999942779541,1729
2025-08-01,1.9049999713897705,1.9049999713897705,1.9550000429153442,1.899999976158142,1.9249999523162842,866
2025-08-04,1.8600000143051147,1.8600000143051147,1.909999966621399,1.8600000143051147,1.9049999713897705,1096
2025-08-05,1.8899999856948853,1.8899999856948853,1.934999942779541,1.8700000047683716,1.9249999523162842,394
2025-08-06,1.899999976158142,1.899999976158142,1.899999976158142,1.8899999856948853,1.899999976158142,1894
2025-08-07,1.8799999952316284,1.8799999952316284,1.899999976158142,1.8799999952316284,1.899999976158142,800
2025-08-08,1.6950000524520874,1.6950000524520874,1.9800000190734863,1.6950000524520874,1.8899999856948853,14191
2025-08-11,1.8200000524520874,1.8200000524520874,1.9199999570846558,1.7999999523162842,1.7999999523162842,11741
2025-08-12,1.850000023841858,1.850000023841858,1.850000023841858,1.840000033378601,1.840000033378601,1917
2025-08-13,1.840000033378601,1.840000033378601,1.850000023841858,1.8250000476837158,1.850000023841858,7541
2025-08-14,1.8799999952316284,1.8799999952316284,1.8799999952316284,1.8300000429153442,1.8450000286102295,837
2025-08-15,1.8200000524520874,1.8200000524520874,1.8899999856948853,1.7450000047683716,1.8899999856948853,5953
2025-08-18,1.7899999618530273,1.7899999618530273,1.840000033378601,1.7649999856948853,1.8200000524520874,3640
2025-08-19,1.8300000429153442,1.8300000429153442,1.8849999904632568,1.7899999618530273,1.7899999618530273,3495
2025-08-20,1.809999942779541,1.809999942779541,1.8600000143051147,1.809999942779541,1.8600000143051147,1151
2025-08-21,1.7899999618530273,1.7899999618530273,1.8200000524520874,1.784999966621399,1.8200000524520874,1978
2025-08-22,1.7999999523162842,1.7999999523162842,1.8550000190734863,1.7799999713897705,1.7899999618530273,2195
2025-08-25,1.840000033378601,1.840000033378601,1.8650000095367432,1.840000033378601,1.8650000095367432,1037
2025-08-26,1.7999999523162842,1.7999999523162842,1.899999976158142,1.7899999618530273,1.899999976158142,3586
2025-08-27,1.8849999904632568,1.8849999904632568,1.9700000286102295,1.7799999713897705,1.7999999523162842,4943
2025-08-28,1.875,1.875,1.8849999904632568,1.815000057220459,1.8849999904632568,822
2025-08-29,1.8700000047683716,1.8700000047683716,1.8700000047683716,1.7999999523162842,1.8200000524520874,568
2025-09-01,1.8600000143051147,1.8600000143051147,1.8650000095367432,1.7949999570846558,1.7949999570846558,2905
2025-09-02,1.899999976158142,1.899999976158142,1.909999966621399,1.8849999904632568,1.8899999856948853,17423
2025-09-03,1.8899999856948853,1.8899999856948853,1.909999966621399,1.8650000095367432,1.899999976158142,1511
2025-09-04,1.909999966621399,1.909999966621399,1.909999966621399,1.8600000143051147,1.8600000143051147,386
2025-09-05,1.8949999809265137,1.8949999809265137,1.8949999809265137,1.8700000047683716,1.8899999856948853,1760
2025-09-08,1.965000033378601,1.965000033378601,1.965000033378601,1.8849999904632568,1.909999966621399,6684
2025-09-09,1.9450000524520874,1.9450000524520874,1.9450000524520874,1.899999976158142,1.9049999713897705,367
2025-09-10,1.8799999952316284,1.8799999952316284,1.899999976158142,1.8799999952316284,1.899999976158142,711
2025-09-11,1.8650000095367432,1.8650000095367432,1.8799999952316284,1.815000057220459,1.8700000047683716,14499
2025-09-12,1.8700000047683716,1.8700000047683716,1.899999976158142,1.8700000047683716,1.8700000047683716,2704
2025-09-15,1.8799999952316284,1.8799999952316284,1.8799999952316284,1.8450000286102295,1.8700000047683716,1579
2025-09-16,1.8799999952316284,1.8799999952316284,1.8799999952316284,1.8600000143051147,1.8650000095367432,210
2025-09-17,1.850000023841858,1.850000023841858,1.8799999952316284,1.8300000429153442,1.875,264
2025-09-18,1.850000023841858,1.850000023841858,1.850000023841858,1.850000023841858,1.850000023841858,535
2025-09-19,1.8949999809265137,1.8949999809265137,1.8949999809265137,1.8200000524520874,1.8799999952316284,851
2025-09-22,1.8899999856948853,1.8899999856948853,1.8949999809265137,1.809999942779541,1.8949999809265137,3334
2025-09-23,1.850000023841858,1.850000023841858,1.899999976158142,1.8450000286102295,1.899999976158142,1926
2025-09-24,1.8899999856948853,1.8899999856948853,1.8949999809265137,1.850000023841858,1.850000023841858,766
2025-09-25,1.875,1.875,1.875,1.815000057220459,1.815000057220459,850
2025-09-26,1.8849999904632568,1.8849999904632568,1.8899999856948853,1.7949999570846558,1.840000033378601,5287
2025-09-29,1.7999999523162842,1.7999999523162842,1.8899999856948853,1.7999999523162842,1.8849999904632568,2873
2025-09-30,1.809999942779541,1.809999942779541,1.850000023841858,1.809999942779541,1.850000023841858,1602
2025-10-01,1.8700000047683716,1.8700000047683716,1.8799999952316284,1.8350000381469727,1.8799999952316284,363
2025-10-02,1.8849999904632568,1.8849999904632568,1.8849999904632568,1.8350000381469727,1.8700000047683716,5532
2025-10-03,1.8799999952316284,1.8799999952316284,1.8849999904632568,1.8350000381469727,1.8700000047683716,3786
2025-10-06,1.850000023841858,1.850000023841858,1.8600000143051147,1.8200000524520874,1.8600000143051147,5607
2025-10-07,1.875,1.875,1.8799999952316284,1.8200000524520874,1.840000033378601,2705
2025-10-08,1.8849999904632568,1.8849999904632568,1.8849999904632568,1.8250000476837158,1.875,2952
2025-10-09,1.8899999856948853,1.8899999856948853,1.8899999856948853,1.8300000429153442,1.8899999856948853,1891
2025-10-10,1.8650000095367432,1.8650000095367432,1.8899999856948853,1.8550000190734863,1.8899999856948853,5035
2025-10-13,1.8949999809265137,1.8949999809265137,1.8949999809265137,1.840000033378601,1.850000023841858,1445
2025-10-14,1.8949999809265137,1.8949999809265137,1.8949999809265137,1.8899999856948853,1.8899999856948853,1721
2025-10-15,1.6649999618530273,1.6649999618530273,1.8899999856948853,1.6649999618530273,1.8899999856948853,11034
2025-10-16,1.7350000143051147,1.7350000143051147,1.7350000143051147,1.6649999618530273,1.6649999618530273,1935
2025-10-17,1.6799999475479126,1.6799999475479126,1.7350000143051147,1.6799999475479126,1.7350000143051147,1249
2025-10-20,1.7000000476837158,1.7000000476837158,1.7000000476837158,1.6799999475479126,1.684999942779541,6350
2025-10-21,1.7000000476837158,1.7000000476837158,1.7000000476837158,1.7000000476837158,1.7000000476837158,0
2025-10-22,1.6699999570846558,1.6699999570846558,1.6950000524520874,1.6699999570846558,1.6950000524520874,1123
2025-10-23,1.6699999570846558,1.6699999570846558,1.7000000476837158,1.6699999570846558,1.6749999523162842,4773
2025-10-24,1.6649999618530273,1.6649999618530273,1.7000000476837158,1.6649999618530273,1.6950000524520874,9461
2025-10-27,1.649999976158142,1.649999976158142,1.7000000476837158,1.649999976158142,1.6649999618530273,4476
2025-10-28,1.6399999856948853,1.6399999856948853,1.6749999523162842,1.6399999856948853,1.649999976158142,1296
2025-10-29,1.6799999475479126,1.6799999475479126,1.7400000095367432,1.625,1.6399999856948853,7962
2025-10-30,1.7400000095367432,1.7400000095367432,1.7400000095367432,1.6299999952316284,1.6799999475479126,4756
2025-10-31,1.6699999570846558,1.6699999570846558,1.7549999952316284,1.6349999904632568,1.6749999523162842,7013
2025-11-03,1.7799999713897705,1.7799999713897705,1.7899999618530273,1.6699999570846558,1.6699999570846558,11075
2025-11-04,1.7699999809265137,1.7699999809265137,1.7799999713897705,1.7300000190734863,1.7799999713897705,3272
2025-11-05,1.7999999523162842,1.7999999523162842,1.7999999523162842,1.715000033378601,1.715000033378601,1763
2025-11-06,1.7899999618530273,1.7899999618530273,1.7999999523162842,1.7300000190734863,1.7899999618530273,11813
2025-11-07,1.7899999618530273,1.7899999618530273,1.7899999618530273,1.7050000429153442,1.7899999618530273,496
2025-11-10,1.7699999809265137,1.7699999809265137,1.7699999809265137,1.7000000476837158,1.7000000476837158,5099
2025-11-11,1.7899999618530273,1.7899999618530273,1.7899999618530273,1.7100000381469727,1.7100000381469727,2209
2025-11-12,1.725000023841858,1.725000023841858,1.784999966621399,1.7100000381469727,1.7100000381469727,663
2025-11-13,1.7200000286102295,1.7200000286102295,1.725000023841858,1.7200000286102295,1.725000023841858,399
2025-11-14,1.7050000429153442,1.7050000429153442,1.7300000190734863,1.7000000476837158,1.7200000286102295,4533
2025-11-17,1.6799999475479126,1.6799999475479126,1.7050000429153442,1.6399999856948853,1.7050000429153442,4612
2025-11-18,1.6549999713897705,1.6549999713897705,1.6799999475479126,1.625,1.6749999523162842,4824
2025-11-19,1.600000023841858,1.600000023841858,1.659999966621399,1.600000023841858,1.6549999713897705,6960
2025-11-20,1.6150000095367432,1.6150000095367432,1.6200000047683716,1.5750000476837158,1.600000023841858,6519
2025-11-21,1.6299999952316284,1.6299999952316284,1.6299999952316284,1.5950000286102295,1.6150000095367432,2599
2025-11-24,1.649999976158142,1.649999976158142,1.649999976158142,1.6299999952316284,1.6299999952316284,575
2025-11-25,1.6150000095367432,1.6150000095367432,1.649999976158142,1.6150000095367432,1.649999976158142,256
2025-11-26,1.600000023841858,1.600000023841858,1.659999966621399,1.600000023841858,1.6150000095367432,3428
2025-11-27,1.600000023841858,1.600000023841858,1.6100000143051147,1.600000023841858,1.6100000143051147,792
2025-11-28,1.649999976158142,1.649999976158142,1.649999976158142,1.600000023841858,1.600000023841858,1547
2025-12-01,1.6399999856948853,1.6399999856948853,1.6449999809265137,1.600000023841858,1.6150000095367432,2741
2025-12-02,1.6150000095367432,1.6150000095367432,1.649999976158142,1.5750000476837158,1.6399999856948853,15464
2025-12-03,1.6449999809265137,1.6449999809265137,1.649999976158142,1.5549999475479126,1.6100000143051147,20601
2025-12-04,1.6200000047683716,1.6200000047683716,1.6299999952316284,1.6050000190734863,1.6299999952316284,8035
2025-12-05,1.6299999952316284,1.6299999952316284,1.6349999904632568,1.600000023841858,1.6200000047683716,11525
2025-12-08,1.7000000476837158,1.7000000476837158,1.7000000476837158,1.565000057220459,1.565000057220459,34858
2025-12-09,1.7100000381469727,1.7100000381469727,1.75,1.7000000476837158,1.7200000286102295,9903
2025-12-10,1.7000000476837158,1.7000000476837158,1.7050000429153442,1.7000000476837158,1.7000000476837158,3265
2025-12-11,1.7050000429153442,1.7050000429153442,1.7050000429153442,1.6549999713897705,1.659999966621399,6334
2025-12-12,1.7000000476837158,1.7000000476837158,1.7000000476837158,1.649999976158142,1.6950000524520874,5950
2025-12-15,1.6449999809265137,1.6449999809265137,1.784999966621399,1.6449999809265137,1.6449999809265137,11859
2025-12-16,1.649999976158142,1.649999976158142,1.7599999904632568,1.649999976158142,1.7200000286102295,7848
2025-12-17,1.7400000095367432,1.7400000095367432,1.7400000095367432,1.6799999475479126,1.725000023841858,9900
2025-12-18,1.7200000286102295,1.7200000286102295,1.7450000047683716,1.690000057220459,1.7400000095367432,19590
2025-12-19,1.6549999713897705,1.6549999713897705,1.7699999809265137,1.6549999713897705,1.7450000047683716,13672
2025-12-22,1.7200000286102295,1.7200000286102295,1.7350000143051147,1.6549999713897705,1.6549999713897705,14577
2025-12-23,1.6950000524520874,1.6950000524520874,1.7200000286102295,1.659999966621399,1.7200000286102295,10256
2025-12-29,1.7000000476837158,1.7000000476837158,1.7000000476837158,1.649999976158142,1.6950000524520874,33995
2025-12-30,1.7899999618530273,1.7899999618530273,1.7899999618530273,1.6749999523162842,1.7000000476837158,24758
2026-01-02,1.8899999856948853,1.8899999856948853,1.9600000381469727,1.7899999618530273,1.7899999618530273,18192
2026-01-05,1.850000023841858,1.850000023841858,1.8849999904632568,1.8049999475479126,1.8849999904632568,1767
2026-01-07,1.7599999904632568,1.7599999904632568,1.850000023841858,1.7050000429153442,1.850000023841858,4524
2026-01-08,1.8350000381469727,1.8350000381469727,1.8350000381469727,1.7599999904632568,1.7599999904632568,2843
2026-01-09,1.7899999618530273,1.7899999618530273,1.840000033378601,1.774999976158142,1.8350000381469727,698
2026-01-12,1.7999999523162842,1.7999999523162842,1.7999999523162842,1.7999999523162842,1.7999999523162842,1000
2026-01-13,1.7799999713897705,1.7799999713897705,1.7899999618530273,1.7599999904632568,1.7899999618530273,1305
2026-01-14,1.7599999904632568,1.7599999904632568,1.7799999713897705,1.7599999904632568,1.7599999904632568,2663
2026-01-15,1.7999999523162842,1.7999999523162842,1.7999999523162842,1.7599999904632568,1.7649999856948853,3063
2026-01-16,1.7899999618530273,1.7899999618530273,1.7899999618530273,1.7599999904632568,1.7899999618530273,1338
2026-01-19,1.7300000190734863,1.7300000190734863,1.7300000190734863,1.715000033378601,1.715000033378601,1552
2026-01-20,1.684999942779541,1.684999942779541,1.725000023841858,1.684999942779541,1.725000023841858,7255
2026-01-21,1.6950000524520874,1.6950000524520874,1.7200000286102295,1.684999942779541,1.690000057220459,4484
2026-01-22,1.7350000143051147,1.7350000143051147,1.75,1.684999942779541,1.684999942779541,3275
2026-01-23,1.7050000429153442,1.7050000429153442,1.7300000190734863,1.684999942779541,1.7300000190734863,4330
2026-01-26,1.690000057220459,1.690000057220459,1.7699999809265137,1.684999942779541,1.7400000095367432,2927
2026-01-27,1.7000000476837158,1.7000000476837158,1.7599999904632568,1.7000000476837158,1.7599999904632568,171
2026-01-28,1.6200000047683716,1.6200000047683716,1.7949999570846558,1.6100000143051147,1.7649999856948853,22298
2026-01-29,1.6349999904632568,1.6349999904632568,1.7000000476837158,1.4950000047683716,1.600000023841858,27425
2026-01-30,1.5499999523162842,1.5499999523162842,1.6200000047683716,1.5199999809265137,1.6200000047683716,13936
2026-02-02,1.600000023841858,1.600000023841858,1.600000023841858,1.5950000286102295,1.600000023841858,13031
2026-02-03,1.600000023841858,1.600000023841858,1.6050000190734863,1.600000023841858,1.6050000190734863,10074
2026-02-04,1.559999942779541,1.559999942779541,1.659999966621399,1.5149999856948853,1.600000023841858,2407
2026-02-05,1.5499999523162842,1.5499999523162842,1.6150000095367432,1.5499999523162842,1.600000023841858,710
2026-02-06,1.5449999570846558,1.5449999570846558,1.5549999475479126,1.5449999570846558,1.5499999523162842,5433
2026-02-09,1.5499999523162842,1.5499999523162842,1.5800000429153442,1.5499999523162842,1.5499999523162842,2276
2026-02-10,1.5499999523162842,1.5499999523162842,1.5850000381469727,1.5299999713897705,1.5299999713897705,2967
2026-02-11,1.524999976158142,1.524999976158142,1.534999966621399,1.524999976158142,1.534999966621399,1896
2026-02-12,1.5099999904632568,1.5099999904632568,1.524999976158142,1.5099999904632568,1.5099999904632568,1989
2026-02-13,1.565000057220459,1.565000057220459,1.5750000476837158,1.5,1.5,754
2026-02-16,1.559999942779541,1.559999942779541,1.649999976158142,1.524999976158142,1.649999976158142,2291
2026-02-17,1.6100000143051147,1.6100000143051147,1.6100000143051147,1.5199999809265137,1.5399999618530273,1526
2026-02-18,1.600000023841858,1.600000023841858,1.649999976158142,1.600000023841858,1.649999976158142,2153
2026-02-19,1.649999976158142,1.649999976158142,1.649999976158142,1.600000023841858,1.600000023841858,1791
2026-02-20,1.534999966621399,1.534999966621399,1.649999976158142,1.534999966621399,1.6449999809265137,3882
2026-02-23,1.5299999713897705,1.5299999713897705,1.5950000286102295,1.5299999713897705,1.5299999713897705,5431
2026-02-24,1.5700000524520874,1.5700000524520874,1.590000033378601,1.5449999570846558,1.5449999570846558,2630
2026-02-25,1.5499999523162842,1.5499999523162842,1.590000033378601,1.534999966621399,1.534999966621399,1063
2026-02-26,1.5199999809265137,1.5199999809265137,1.5499999523162842,1.5199999809265137,1.5399999618530273,8199
2026-02-27,1.5499999523162842,1.5499999523162842,1.559999942779541,1.5199999809265137,1.5499999523162842,3577
2026-03-02,1.5199999809265137,1.5199999809265137,1.5299999713897705,1.5099999904632568,1.5299999713897705,2040
2026-03-03,1.4900000095367432,1.4900000095367432,1.5099999904632568,1.4800000190734863,1.5099999904632568,12111
2026-03-04,1.440000057220459,1.440000057220459,1.5,1.4199999570846558,1.5,7606
2026-03-05,1.4700000286102295,1.4700000286102295,1.5,1.4249999523162842,1.440000057220459,890
2026-03-06,1.4950000047683716,1.4950000047683716,1.5,1.4500000476837158,1.4850000143051147,2907
2026-03-09,1.4700000286102295,1.4700000286102295,1.4950000047683716,1.4550000429153442,1.4950000047683716,1035
2026-03-10,1.4600000381469727,1.4600000381469727,1.4800000190734863,1.4600000381469727,1.4800000190734863,252
2026-03-11,1.4500000476837158,1.4500000476837158,1.4500000476837158,1.399999976158142,1.4500000476837158,4291
2026-03-12,1.2949999570846558,1.2949999570846558,1.4299999475479126,1.2450000047683716,1.4299999475479126,25616
2026-03-13,1.2799999713897705,1.2799999713897705,1.3899999856948853,1.2599999904632568,1.3899999856948853,10626
2026-03-16,1.2699999809265137,1.2699999809265137,1.2999999523162842,1.2100000381469727,1.2799999713897705,5984
2026-03-17,1.274999976158142,1.274999976158142,1.2899999618530273,1.25,1.2799999713897705,3577
2026-03-18,1.25,1.25,1.2899999618530273,1.25,1.2899999618530273,6844
2026-03-19,1.2300000190734863,1.2300000190734863,1.2999999523162842,1.2200000286102295,1.25,1591
2026-03-20,1.2200000286102295,1.2200000286102295,1.2699999809265137,1.2200000286102295,1.25,2572
2026-03-23,1.1950000524520874,1.1950000524520874,1.2200000286102295,1.190000057220459,1.215000033378601,4309
2026-03-24,1.149999976158142,1.149999976158142,1.2050000429153442,1.1399999856948853,1.2000000476837158,23507
2026-03-25,1.184999942779541,1.184999942779541,1.2000000476837158,1.149999976158142,1.149999976158142,3957
2026-03-26,1.159999966621399,1.159999966621399,1.1749999523162842,1.1200000047683716,1.149999976158142,3588
2026-03-27,1.1649999618530273,1.1649999618530273,1.2000000476837158,1.159999966621399,1.2000000476837158,300
2026-03-30,1.1549999713897705,1.1549999713897705,1.159999966621399,1.100000023841858,1.1150000095367432,5429
2026-03-31,1.149999976158142,1.149999976158142,1.1549999713897705,1.1100000143051147,1.149999976158142,4740
2026-04-01,1.1200000047683716,1.1200000047683716,1.2000000476837158,1.1200000047683716,1.1649999618530273,2204
2026-04-02,1.149999976158142,1.149999976158142,1.1649999618530273,1.149999976158142,1.1649999618530273,1060
2026-04-07,1.159999966621399,1.159999966621399,1.2000000476837158,1.149999976158142,1.149999976158142,8477
2026-04-08,1.2000000476837158,1.2000000476837158,1.2000000476837158,1.1549999713897705,1.1549999713897705,11635
2026-04-09,1.1699999570846558,1.1699999570846558,1.2799999713897705,1.1699999570846558,1.2799999713897705,11358
2026-04-10,1.1799999475479126,1.1799999475479126,1.1799999475479126,1.1699999570846558,1.1699999570846558,1099
2026-04-13,1.1799999475479126,1.1799999475479126,1.184999942779541,1.1649999618530273,1.184999942779541,5052
2026-04-14,1.149999976158142,1.149999976158142,1.1799999475479126,1.149999976158142,1.1799999475479126,1484
2026-04-15,1.1449999809265137,1.1449999809265137,1.149999976158142,1.1449999809265137,1.149999976158142,3288
2026-04-16,1.1549999713897705,1.1549999713897705,1.1749999523162842,1.1299999952316284,1.1749999523162842,10676
2026-04-17,1.184999942779541,1.184999942779541,1.184999942779541,1.1549999713897705,1.1549999713897705,3835
2026-04-20,1.1799999475479126,1.1799999475479126,1.184999942779541,1.1699999570846558,1.184999942779541,433
2026-04-21,1.1699999570846558,1.1699999570846558,1.2300000190734863,1.1699999570846558,1.2300000190734863,3387
2026-04-22,1.1950000524520874,1.1950000524520874,1.1950000524520874,1.159999966621399,1.1699999570846558,527
2026-04-23,1.2300000190734863,1.2300000190734863,1.2300000190734863,1.1799999475479126,1.2000000476837158,2033
2026-04-24,1.2300000190734863,1.2300000190734863,1.2450000047683716,1.149999976158142,1.2400000095367432,4185
2026-04-27,1.1649999618530273,1.1649999618530273,1.1799999475479126,1.1649999618530273,1.1799999475479126,480
2026-04-28,1.2000000476837158,1.2000000476837158,1.225000023841858,1.1549999713897705,1.225000023841858,1153
2026-04-29,1.1749999523162842,1.1749999523162842,1.1799999475479126,1.149999976158142,1.1699999570846558,3677
2026-04-30,1.1100000143051147,1.1100000143051147,1.1699999570846558,1.100000023841858,1.1699999570846558,8648
2026-05-04,1.149999976158142,1.149999976158142,1.1549999713897705,1.0850000381469727,1.1100000143051147,10454
2026-05-05,1.0950000286102295,1.0950000286102295,1.1100000143051147,1.0499999523162842,1.100000023841858,11549
2026-05-06,1.0499999523162842,1.0499999523162842,1.090000033378601,1.0399999618530273,1.0499999523162842,8561
2026-05-07,1.0750000476837158,1.0750000476837158,1.0800000429153442,1.0099999904632568,1.0099999904632568,15187
2026-05-08,0.9819999933242798,0.9819999933242798,1.0750000476837158,0.9800000190734863,1.0750000476837158,18910
2026-05-11,1.0099999904632568,1.0099999904632568,1.0750000476837158,0.9819999933242798,1.0199999809265137,7192
2026-05-12,1.0,1.0,1.0299999713897705,0.9900000095367432,1.0099999904632568,3652
2026-05-13,1.0499999523162842,1.0499999523162842,1.0499999523162842,0.9800000190734863,1.0,1114
2026-05-15,1.0199999809265137,1.0199999809265137,1.0499999523162842,1.0049999952316284,1.0499999523162842,1329
2026-05-18,0.9800000190734863,0.9800000190734863,1.059999942779541,0.9800000190734863,1.059999942779541,22085
2026-05-19,0.9779999852180481,0.9779999852180481,0.9800000190734863,0.9639999866485596,0.9739999771118164,15808
2026-05-20,0.9580000042915344,0.9580000042915344,0.9959999918937683,0.9539999961853027,0.9779999852180481,19594
2026-05-21,0.9700000286102295,0.9700000286102295,0.972000002861023,0.9580000042915344,0.9599999785423279,53277
2026-05-22,0.9919999837875366,0.9919999837875366,0.9919999837875366,0.9819999933242798,0.9819999933242798,186430
2026-05-25,0.9900000095367432,0.9900000095367432,0.9940000176429749,0.9900000095367432,0.9919999837875366,2447
2026-05-26,1.0049999952316284,1.0049999952316284,1.0399999618530273,1.0,1.0099999904632568,7256
2026-05-27,1.0199999809265137,1.0199999809265137,1.0449999570846558,1.0099999904632568,1.0099999904632568,973
2026-05-28,1.0399999618530273,1.0399999618530273,1.0399999618530273,1.0049999952316284,1.0399999618530273,508
2026-05-29,1.034999966621399,1.034999966621399,1.0449999570846558,1.0099999904632568,1.0399999618530273,2589
2026-06-01,0.6244890093803406,0.6244890093803406,0.6463469862937927,0.6194930076599121,0.6463469862937927,6398
2026-06-02,0.6557139754295349,0.6557139754295349,0.6557139754295349,0.6132490038871765,0.6494690179824829,9434
2026-06-03,0.6806929707527161,0.6806929707527161,0.6806929707527161,0.6432240009307861,0.6432240009307861,19503
2026-06-04,0.6588360071182251,0.6588360071182251,0.6806929707527161,0.6463469862937927,0.6806929707527161,2614
2026-06-05,0.6682040095329285,0.6682040095329285,0.6806929707527161,0.6557139754295349,0.6806929707527161,6328
2026-06-08,0.6557139754295349,0.6557139754295349,0.6744490265846252,0.6557139754295349,0.6557139754295349,15002
2026-06-09,0.6100000143051147,0.6100000143051147,0.8500000238418579,0.6100000143051147,0.8479999899864197,12729
2026-06-10,0.6399999856948853,0.6399999856948853,0.6399999856948853,0.5799999833106995,0.6399999856948853,8992
2026-06-11,0.6399999856948853,0.6399999856948853,0.6399999856948853,0.6399999856948853,0.6399999856948853,1843
2026-06-12,0.6200000047683716,0.6200000047683716,0.6200000047683716,0.6179999709129333,0.6179999709129333,3189
2026-06-15,0.5740000009536743,0.5740000009536743,0.6200000047683716,0.49000000953674316,0.6200000047683716,77671
2026-06-16,0.5960000157356262,0.5960000157356262,0.6000000238418579,0.5799999833106995,0.5979999899864197,42470
2026-06-17,0.5960000157356262,0.5960000157356262,0.5960000157356262,0.5899999737739563,0.5960000157356262,50662
2026-06-18,0.5899999737739563,0.5899999737739563,0.593999981880188,0.5899999737739563,0.5899999737739563,16447
2026-06-22,0.5920000076293945,0.5920000076293945,0.5920000076293945,0.5879999995231628,0.5899999737739563,44793
2026-06-23,0.5879999995231628,0.5879999995231628,0.593999981880188,0.5879999995231628,0.593999981880188,8294
2026-06-24,0.5860000252723694,0.5860000252723694,0.5879999995231628,0.5820000171661377,0.5879999995231628,9415
2026-06-25,0.5899999737739563,0.5899999737739563,0.5899999737739563,0.5600000023841858,0.5860000252723694,4592
2026-06-26,0.5879999995231628,0.5879999995231628,0.6000000238418579,0.5799999833106995,0.5899999737739563,5236
2026-06-29,0.5199999809265137,0.5199999809265137,0.6000000238418579,0.5199999809265137,0.5879999995231628,42070
2026-06-30,0.5460000038146973,0.5460000038146973,0.5460000038146973,0.5099999904632568,0.5199999809265137,35749
2026-07-01,0.5400000214576721,0.5400000214576721,0.5400000214576721,0.5,0.5400000214576721,125504
2026-07-02,0.5260000228881836,0.5260000228881836,0.550000011920929,0.49000000953674316,0.5400000214576721,32498
2026-07-03,0.47999998927116394,0.47999998927116394,0.578000009059906,0.4740000069141388,0.5720000267028809,171032
2026-07-06,0.4580000042915344,0.4580000042915344,0.48100000619888306,0.4350000023841858,0.47999998927116394,778900
2026-07-07,0.4779999852180481,0.4779999852180481,0.4779999852180481,0.4580000042915344,0.4580000042915344,246061
2026-07-08,0.492000013589859,0.492000013589859,0.492000013589859,0.46799999475479126,0.4740000069141388,126980
2026-07-09,0.5059999823570251,0.5059999823570251,0.5099999904632568,0.48399999737739563,0.5099999904632568,148574
2026-07-10,0.5379999876022339,0.5379999876022339,0.5400000214576721,0.515999972820282,0.5199999809265137,114161
2026-07-13,0.5360000133514404,0.5360000133514404,0.5479999780654907,0.5120000243186951,0.5299999713897705,132015
2026-07-14,0.5419999957084656,0.5419999957084656,0.5440000295639038,0.5180000066757202,0.5360000133514404,61772
2026-07-15,0.5479999780654907,0.5479999780654907,0.550000011920929,0.5360000133514404,0.5460000038146973,84954
2026-07-16,0.5720000267028809,0.5720000267028809,0.5720000267028809,0.5460000038146973,0.5479999780654907,167144
2026-07-17,0.5759999752044678,0.5759999752044678,0.5759999752044678,0.550000011920929,0.550000011920929,23508
2026-07-20,0.6159999966621399,0.6159999966621399,0.621999979019165,0.5759999752044678,0.5759999752044678,21997
2026-07-21,0.6200000047683716,0.6200000047683716,0.6620000004768372,0.6100000143051147,0.6200000047683716,127956
2026-07-22,0.6499999761581421,0.6499999761581421,0.6639999747276306,0.6200000047683716,0.6480000019073486,40727
2026-07-23,0.6959999799728394,0.6959999799728394,0.699999988079071,0.6600000262260437,0.6600000262260437,80157
2026-07-24,0.7300000190734863,0.7300000190734863,0.7440000176429749,0.6959999799728394,0.6959999799728394,109872
2026-07-27,0.6919999718666077,0.6919999718666077,0.7239999771118164,0.6740000247955322,0.699999988079071,40618
2026-07-28,0.7139999866485596,0.7139999866485596,0.7200000286102295,0.6520000100135803,0.6919999718666077,9915
2026-07-29,0.7160000205039978,0.7160000205039978,0.7160000205039978,0.6579999923706055,0.7139999866485596,51689
2026-07-30,0.6700000166893005,0.6700000166893005,0.7360000014305115,0.6700000166893005,0.7139999866485596,36753
2026-07-31,0.722000002861023,0.722000002861023,0.7319999933242798,0.671999990940094,0.671999990940094,20216
2026-08-03,0.7319999933242798,0.7319999933242798,0.734000027179718,0.7059999704360962,0.722000002861023,30426
2026-08-04,0.7020000219345093,0.7020000219345093,0.7319999933242798,0.6919999718666077,0.7300000190734863,21241
2026-08-05,0.7200000286102295,0.7200000286102295,0.722000002861023,0.6959999799728394,0.699999988079071,6871
2026-08-06,0.699999988079071,0.699999988079071,0.7200000286102295,0.6980000138282776,0.7200000286102295,9585
2026-08-07,0.6959999799728394,0.6959999799728394,0.7279999852180481,0.6899999976158142,0.699999988079071,5404
2026-08-10,0.6959999799728394,0.6959999799728394,0.7260000109672546,0.6959999799728394,0.7260000109672546,4551
2026-08-11,0.6959999799728394,0.6959999799728394,0.7160000205039978,0.6959999799728394,0.7160000205039978,13388
2026-08-12,0.7139999866485596,0.7139999866485596,0.7139999866485596,0.6959999799728394,0.6959999799728394,933
2026-08-13,0.7059999704360962,0.7059999704360962,0.7120000123977661,0.699999988079071,0.7120000123977661,6244
2026-08-14,0.699999988079071,0.699999988079071,0.7059999704360962,0.6959999799728394,0.7059999704360962,4460
2026-08-17,0.6959999799728394,0.6959999799728394,0.699999988079071,0.6940000057220459,0.6940000057220459,1836
2026-08-18,0.6700000166893005,0.6700000166893005,0.6959999799728394,0.6700000166893005,0.6959999799728394,11947
2026-08-19,0.6779999732971191,0.6779999732971191,0.6899999976158142,0.671999990940094,0.6899999976158142,1580
2026-08-20,0.6980000138282776,0.6980000138282776,0.6980000138282776,0.6779999732971191,0.6779999732971191,1793
2026-08-21,0.6940000057220459,0.6940000057220459,0.6980000138282776,0.6759999990463257,0.6980000138282776,5607
2026-08-24,0.6819999814033508,0.6819999814033508,0.6819999814033508,0.6759999990463257,0.6819999814033508,10936
2026-08-25,0.6899999976158142,0.6899999976158142,0.6899999976158142,0.6819999814033508,0.6819999814033508,9194
2026-08-26,0.6880000233650208,0.6880000233650208,0.6919999718666077,0.671999990940094,0.6899999976158142,13541
2026-08-27,0.6740000247955322,0.6740000247955322,0.6880000233650208,0.6740000247955322,0.6819999814033508,7995
2026-08-28,0.6759999990463257,0.6759999990463257,0.6880000233650208,0.6759999990463257,0.6859999895095825,8694
2026-08-31,0.6940000057220459,0.6940000057220459,0.6980000138282776,0.6779999732971191,0.6980000138282776,1411
2026-09-01,0.6899999976158142,0.6899999976158142,0.6899999976158142,0.6759999990463257,0.6800000071525574,1706
2026-09-02,0.6679999828338623,0.6679999828338623,0.6899999976158142,0.6679999828338623,0.6899999976158142,34474
2026-09-03,0.6859999895095825,0.6859999895095825,0.6859999895095825,0.6439999938011169,0.6499999761581421,10359
2026-09-04,0.6880000233650208,0.6880000233650208,0.6959999799728394,0.6539999842643738,0.6859999895095825,12447
2026-09-08,0.6639999747276306,0.6639999747276306,0.6859999895095825,0.6620000004768372,0.6639999747276306,1657
2026-09-09,0.6620000004768372,0.6620000004768372,0.6639999747276306,0.6600000262260437,0.6620000004768372,7367
2026-09-10,0.6620000004768372,0.6620000004768372,0.6639999747276306,0.6600000262260437,0.6639999747276306,3109
2026-09-11,0.6600000262260437,0.6600000262260437,0.6620000004768372,0.6600000262260437,0.6620000004768372,9068
2026-09-14,0.6600000262260437,0.6600000262260437,0.6600000262260437,0.6600000262260437,0.6600000262260437,14195
2026-09-15,0.6700000166893005,0.6700000166893005,0.6700000166893005,0.6499999761581421,0.6520000100135803,3506
2026-09-16,0.6700000166893005,0.6700000166893005,0.6980000138282776,0.6499999761581421,0.6980000138282776,28734
