Price,Adj Close,Close,High,Low,Open,Volume
Ticker,TELIA1.HE,TELIA1.HE,TELIA1.HE,TELIA1.HE,TELIA1.HE,TELIA1.HE
Date,,,,,,
2016-01-04,0.001805917825549841,4.581999778747559,4.665999889373779,4.570000171661377,4.630000114440918,962951
2016-01-05,0.001722361659631133,4.369999885559082,4.420000076293945,4.323999881744385,4.420000076293945,2047906
2016-01-07,0.0016845250502228737,4.27400016784668,4.303999900817871,4.124000072479248,4.25600004196167,4150528
2016-01-08,0.001705807982943952,4.328000068664551,4.426000118255615,4.300000190734863,4.331999778747559,1109210
2016-01-11,0.0017034432385116816,4.322000026702881,4.368000030517578,4.303999900817871,4.349999904632568,1354831
2016-01-12,0.001691619516350329,4.291999816894531,4.374000072479248,4.28000020980835,4.320000171661377,1825036
2016-01-13,0.001712902681902051,4.3460001945495605,4.3979997634887695,4.329999923706055,4.3379998207092285,1093815
2016-01-14,0.0016695483354851604,4.236000061035156,4.315999984741211,4.173999786376953,4.315999984741211,2175045
2016-01-15,0.0016159455990418792,4.099999904632568,4.242000102996826,4.03000020980835,4.230000019073486,2800920
2016-01-18,0.0016088513657450676,4.081999778747559,4.179999828338623,4.081999778747559,4.119999885559082,1355718
2016-01-19,0.0016545706894248724,4.197999954223633,4.2220001220703125,4.130000114440918,4.150000095367432,1534455
2016-01-20,0.0015922979218885303,4.039999961853027,4.150000095367432,4.010000228881836,4.150000095367432,1967858
2016-01-21,0.001621463568881154,4.113999843597412,4.130000114440918,4.010000228881836,4.050000190734863,1923744
2016-01-22,0.0016829484375193715,4.269999980926514,4.269999980926514,4.188000202178955,4.199999809265137,1171761
2016-01-25,0.0016663946444168687,4.228000164031982,4.311999797821045,4.211999893188477,4.300000190734863,695709
2016-01-26,0.0016632417682558298,4.21999979019165,4.22599983215332,4.113999843597412,4.1620001792907715,1566505
2016-01-27,0.0016711247153580189,4.239999771118164,4.245999813079834,4.188000202178955,4.21999979019165,754994
2016-01-28,0.0016427467344328761,4.168000221252441,4.260000228881836,4.136000156402588,4.239999771118164,1535758
2016-01-29,0.0017073845956474543,4.331999778747559,4.334000110626221,4.156000137329102,4.300000190734863,2576833
2016-02-01,0.001682160422205925,4.26800012588501,4.369999885559082,4.236000061035156,4.361999988555908,1363202
2016-02-02,0.0016238284297287464,4.119999885559082,4.25,4.105999946594238,4.25,1448342
2016-02-03,0.0016017575981095433,4.064000129699707,4.150000095367432,4.035999774932861,4.150000095367432,2057038
2016-02-04,0.0016159455990418792,4.099999904632568,4.131999969482422,4.01800012588501,4.124000072479248,1781719
2016-02-05,0.0016395938582718372,4.159999847412109,4.223999977111816,4.090000152587891,4.1020002365112305,1303665
2016-02-08,0.0015954507980495691,4.047999858856201,4.214000225067139,4.0320000648498535,4.199999809265137,1145257
2016-02-09,0.0015922979218885303,4.039999961853027,4.0960001945495605,3.9800000190734863,4.046000003814697,2411381
2016-02-10,0.0016041221097111702,4.070000171661377,4.090000152587891,4.010000228881836,4.052000045776367,1604727
2016-02-11,0.001544213853776455,3.9179999828338623,4.079999923706055,3.888000011444092,4.079999923706055,2584864
2016-02-12,0.0015781086403876543,4.004000186920166,4.013999938964844,3.937999963760376,3.937999963760376,1419053
2016-02-15,0.0016348641365766525,4.1479997634887695,4.1539998054504395,4.099999904632568,4.099999904632568,1082509
2016-02-16,0.001616734080016613,4.1020002365112305,4.193999767303467,4.090000152587891,4.177999973297119,1108441
2016-02-17,0.001660877256654203,4.214000225067139,4.216000080108643,4.113999843597412,4.145999908447266,1165486
2016-02-18,0.0016797952121123672,4.26200008392334,4.303999900817871,4.216000080108643,4.242000102996826,1263502
2016-02-19,0.0016474759904667735,4.179999828338623,4.285999774932861,4.144000053405762,4.26200008392334,1143575
2016-02-22,0.0016805834602564573,4.263999938964844,4.263999938964844,4.210000038146973,4.236000061035156,978076
2016-02-23,0.0016624537529423833,4.2179999351501465,4.263999938964844,4.211999893188477,4.263999938964844,519466
2016-02-24,0.0016183106927201152,4.105999946594238,4.223999977111816,4.0960001945495605,4.211999893188477,902983
2016-02-25,0.0016529940767213702,4.193999767303467,4.208000183105469,4.127999782562256,4.150000095367432,660071
2016-02-26,0.0016671828925609589,4.230000019073486,4.25600004196167,4.191999912261963,4.245999813079834,587530
2016-02-29,0.0016671828925609589,4.230000019073486,4.24399995803833,4.1620001792907715,4.2220001220703125,1009497
2016-03-01,0.0016979252686724067,4.308000087738037,4.311999797821045,4.193999767303467,4.230000019073486,957337
2016-03-02,0.0016837366856634617,4.271999835968018,4.334000110626221,4.251999855041504,4.323999881744385,875506
2016-03-03,0.0016987138660624623,4.309999942779541,4.314000129699707,4.263999938964844,4.276000022888184,514738
2016-03-04,0.0017255150014534593,4.377999782562256,4.4039998054504395,4.322000026702881,4.329999923706055,1062175
2016-03-07,0.001724726869724691,4.375999927520752,4.388000011444092,4.3520002365112305,4.388000011444092,537395
2016-03-08,0.0017381272045895457,4.409999847412109,4.429999828338623,4.335999965667725,4.357999801635742,1136330
2016-03-09,0.0017625633627176285,4.4720001220703125,4.48199987411499,4.414000034332275,4.414000034332275,1402976
2016-03-10,0.0017436447087675333,4.423999786376953,4.567999839782715,4.423999786376953,4.480000019073486,1615202
2016-03-11,0.0017996117239817977,4.565999984741211,4.576000213623047,4.480000019073486,4.498000144958496,875849
2016-03-14,0.0018019770504906774,4.572000026702881,4.622000217437744,4.550000190734863,4.5920000076293945,1113183
2016-03-15,0.0017869995208457112,4.533999919891357,4.573999881744385,4.533999919891357,4.556000232696533,833307
2016-03-16,0.001779905054718256,4.515999794006348,4.552000045776367,4.495999813079834,4.550000190734863,608376
2016-03-17,0.0017806936521083117,4.51800012588501,4.552000045776367,4.434000015258789,4.546000003814697,693990
2016-03-18,0.0018090711673721671,4.590000152587891,4.5980000495910645,4.53000020980835,4.550000190734863,807795
2016-03-21,0.001827989355660975,4.638000011444092,4.659999847412109,4.570000171661377,4.599999904632568,893990
2016-03-22,0.0018484843894839287,4.690000057220459,4.696000099182129,4.5960001945495605,4.636000156402588,939159
2016-03-23,0.0018248368287459016,4.630000114440918,4.703999996185303,4.607999801635742,4.699999809265137,1061296
2016-03-24,0.0017925172578543425,4.547999858856201,4.619999885559082,4.5279998779296875,4.613999843597412,549249
2016-03-29,0.0017854234902188182,4.53000020980835,4.584000110626221,4.504000186920166,4.550000190734863,484453
2016-03-30,0.0018098594155162573,4.5920000076293945,4.6020002365112305,4.553999900817871,4.579999923706055,738573
2016-03-31,0.001798035460524261,4.561999797821045,4.5879998207092285,4.539999961853027,4.5879998207092285,489258
2016-04-01,0.0017806936521083117,4.51800012588501,4.547999858856201,4.480000019073486,4.547999858856201,564962
2016-04-04,0.0017625633627176285,4.4720001220703125,4.504000186920166,4.455999851226807,4.501999855041504,761519
2016-04-05,0.0017160552088171244,4.354000091552734,4.455999851226807,4.3460001945495605,4.453999996185303,1041995
2016-04-06,0.001748374430462718,4.435999870300293,4.435999870300293,4.3379998207092285,4.400000095367432,905218
2016-04-07,0.0017278798623010516,4.383999824523926,4.452000141143799,4.374000072479248,4.449999809265137,488770
2016-04-08,0.0017570456257089972,4.458000183105469,4.458000183105469,4.400000095367432,4.400000095367432,667949
2016-04-11,0.0017617748817428946,4.46999979019165,4.513999938964844,4.441999912261963,4.460000038146973,670849
2016-04-12,0.0017893644981086254,4.539999961853027,4.541999816894531,4.46999979019165,4.495999813079834,1714535
2016-04-13,0.002552199410274625,4.335999965667725,4.544000148773193,4.320000171661377,4.4039998054504395,1420100
2016-04-14,0.002525122370570898,4.289999961853027,4.349999904632568,4.254000186920166,4.349999904632568,1464467
2016-04-15,0.0025121739599853754,4.26800012588501,4.309999942779541,4.260000228881836,4.289999961853027,795177
2016-04-18,0.0025121739599853754,4.26800012588501,4.26800012588501,4.26800012588501,4.26800012588501,0
2016-04-19,0.002543958369642496,4.322000026702881,4.335999965667725,4.228000164031982,4.236000061035156,959984
2016-04-20,0.002567502437159419,4.361999988555908,4.466000080108643,4.340000152587891,4.392000198364258,1885653
2016-04-21,0.002571034012362361,4.368000030517578,4.389999866485596,4.314000129699707,4.360000133514404,859239
2016-04-22,0.00255102152004838,4.334000110626221,4.369999885559082,4.296000003814697,4.369999885559082,468874
2016-04-25,0.002523945178836584,4.288000106811523,4.335999965667725,4.271999835968018,4.329999923706055,561207
2016-04-26,0.0025345408357679844,4.306000232696533,4.3480000495910645,4.28000020980835,4.289999961853027,560302
2016-04-27,0.002518059452995658,4.2779998779296875,4.306000232696533,4.24399995803833,4.300000190734863,651142
2016-04-28,0.0025157048366963863,4.27400016784668,4.276000022888184,4.205999851226807,4.276000022888184,610595
2016-04-29,0.002461553318426013,4.182000160217285,4.260000228881836,4.170000076293945,4.260000228881836,935701
2016-05-02,0.00244389520958066,4.1519999504089355,4.193999767303467,4.139999866485596,4.179999828338623,829560
2016-05-03,0.002415642375126481,4.104000091552734,4.1579999923706055,4.072000026702881,4.142000198364258,1531258
2016-05-04,0.0023862121161073446,4.053999900817871,4.124000072479248,4.01800012588501,4.124000072479248,1158831
2016-05-06,0.0023344142828136683,3.9660000801086426,4.021999835968018,3.950000047683716,4.021999835968018,1613921
2016-05-09,0.0023638438433408737,4.015999794006348,4.061999797821045,3.9739999771118164,3.997999906539917,1247497
2016-05-10,0.0023956289514899254,4.070000171661377,4.0980000495910645,4.03000020980835,4.03000020980835,957563
2016-05-11,0.002381502650678158,4.046000003814697,4.099999904632568,4.038000106811523,4.059999942779541,671605
2016-05-12,0.0023673763498663902,4.021999835968018,4.105999946594238,3.98799991607666,4.03000020980835,829697
2016-05-13,0.0023838570341467857,4.050000190734863,4.053999900817871,3.992000102996826,4.019999980926514,652300
2016-05-16,0.002402692101895809,4.081999778747559,4.090000152587891,4.015999794006348,4.050000190734863,477816
2016-05-17,0.002401514910161495,4.079999923706055,4.136000156402588,4.070000171661377,4.079999923706055,647543
2016-05-18,0.002423882484436035,4.118000030517578,4.118000030517578,4.065999984741211,4.099999904632568,367794
2016-05-19,0.0023791478015482426,4.041999816894531,4.107999801635742,4.033999919891357,4.107999801635742,1360495
2016-05-20,0.0024262373335659504,4.122000217437744,4.122000217437744,4.061999797821045,4.076000213623047,701344
2016-05-23,0.0024203509092330933,4.111999988555908,4.170000076293945,4.110000133514404,4.156000137329102,610893
2016-05-24,0.002454489702358842,4.170000076293945,4.179999828338623,4.059999942779541,4.099999904632568,722141
2016-05-25,0.0024850976187735796,4.2220001220703125,4.254000186920166,4.190000057220459,4.190000057220459,1028642
2016-05-26,0.0025062873028218746,4.257999897003174,4.2779998779296875,4.216000080108643,4.242000102996826,716048
2016-05-27,0.0025051096454262733,4.25600004196167,4.28000020980835,4.245999813079834,4.257999897003174,424184
2016-05-30,0.002522768685594201,4.285999774932861,4.294000148773193,4.251999855041504,4.254000186920166,640736
2016-05-31,0.0024792116601020098,4.211999893188477,4.300000190734863,4.205999851226807,4.285999774932861,782095
2016-06-01,0.002472148509696126,4.199999809265137,4.251999855041504,4.170000076293945,4.208000183105469,503165
2016-06-02,0.002483920194208622,4.21999979019165,4.23199987411499,4.179999828338623,4.196000099182129,398431
2016-06-03,0.002468616236001253,4.193999767303467,4.254000186920166,4.176000118255615,4.21999979019165,823433
2016-06-06,0.0024909835774451494,4.23199987411499,4.245999813079834,4.190000057220459,4.190000057220459,429208
2016-06-07,0.0025039336178451777,4.254000186920166,4.26200008392334,4.23199987411499,4.25600004196167,628532
2016-06-08,0.0024745026603341103,4.203999996185303,4.239999771118164,4.191999912261963,4.239999771118164,727556
2016-06-09,0.0024356546346098185,4.138000011444092,4.199999809265137,4.131999969482422,4.199999809265137,587892
2016-06-10,0.0023579588159918785,4.00600004196167,4.119999885559082,3.9820001125335693,4.119999885559082,3021942
2016-06-13,0.002323819324374199,3.947999954223633,3.9719998836517334,3.9240000247955322,3.9719998836517334,1265989
2016-06-14,0.0022908570244908333,3.8919999599456787,3.930000066757202,3.880000114440918,3.930000066757202,1360248
2016-06-15,0.0023144010920077562,3.931999921798706,3.950000047683716,3.890000104904175,3.8959999084472656,763592
2016-06-16,0.0022849715314805508,3.881999969482422,3.921999931335449,3.861999988555908,3.921999931335449,889564
2016-06-17,0.002272021723911166,3.859999895095825,3.941999912261963,3.8559999465942383,3.9040000438690186,1244877
2016-06-20,0.0023332375567406416,3.9639999866485596,3.9739999771118164,3.9260001182556152,3.930000066757202,1134311
2016-06-21,0.002347363857552409,3.98799991607666,4.0279998779296875,3.944000005722046,3.992000102996826,1043270
2016-06-22,0.0023744399659335613,4.033999919891357,4.047999858856201,3.9539999961853027,3.99399995803833,914107
2016-06-23,0.002421526936814189,4.113999843597412,4.131999969482422,4.0279998779296875,4.047999858856201,1187740
2016-06-27,0.0022284649312496185,3.7860000133514404,3.9539999961853027,3.7780001163482666,3.8499999046325684,3064535
2016-06-28,0.002336768666282296,3.9700000286102295,4.013999938964844,3.8499999046325684,3.890000104904175,1490943
2016-06-29,0.0024262373335659504,4.122000217437744,4.125999927520752,4.00600004196167,4.0279998779296875,886320
2016-06-30,0.0024756798520684242,4.205999851226807,4.2179999351501465,4.110000133514404,4.127999782562256,1251843
2016-07-01,0.0025027550291270018,4.251999855041504,4.289999961853027,4.199999809265137,4.208000183105469,1239518
2016-07-04,0.002476856578141451,4.208000183105469,4.28000020980835,4.208000183105469,4.263999938964844,458893
2016-07-05,0.002436832059174776,4.139999866485596,4.230000019073486,4.133999824523926,4.202000141143799,665139
2016-07-06,0.002419173950329423,4.110000133514404,4.1620001792907715,4.070000171661377,4.119999885559082,740610
2016-07-07,0.0024474274832755327,4.1579999923706055,4.202000141143799,4.118000030517578,4.119999885559082,439192
2016-07-08,0.0024745026603341103,4.203999996185303,4.21999979019165,4.1579999923706055,4.1579999923706055,313194
2016-07-11,0.0025015785358846188,4.25,4.260000228881836,4.2220001220703125,4.23799991607666,471315
2016-07-12,0.0025263000279664993,4.291999816894531,4.296000003814697,4.24399995803833,4.251999855041504,549464
2016-07-13,0.002540426328778267,4.315999984741211,4.328000068664551,4.28000020980835,4.288000106811523,707877
2016-07-14,0.0025580849032849073,4.3460001945495605,4.3480000495910645,4.309999942779541,4.320000171661377,448798
2016-07-15,0.0025592618621885777,4.3480000495910645,4.357999801635742,4.303999900817871,4.329999923706055,786911
2016-07-18,0.0025380724109709263,4.311999797821045,4.369999885559082,4.288000106811523,4.320000171661377,735613
2016-07-19,0.00253218668513,4.302000045776367,4.322000026702881,4.257999897003174,4.288000106811523,495968
2016-07-20,0.00243094633333385,4.130000114440918,4.289999961853027,4.081999778747559,4.289999961853027,2325760
2016-07-21,0.002446250058710575,4.156000137329102,4.159999847412109,4.110000133514404,4.142000198364258,1032099
2016-07-22,0.002454489702358842,4.170000076293945,4.203999996185303,4.1479997634887695,4.164000034332275,700958
2016-07-25,0.002460376126691699,4.179999828338623,4.242000102996826,4.168000221252441,4.190000057220459,819405
2016-07-26,0.0024497814010828733,4.1620001792907715,4.199999809265137,4.150000095367432,4.179999828338623,470741
2016-07-27,0.0024344774428755045,4.136000156402588,4.190000057220459,4.131999969482422,4.170000076293945,488988
2016-07-28,0.0024132870603352785,4.099999904632568,4.159999847412109,4.090000152587891,4.159999847412109,804890
2016-07-29,0.002415642375126481,4.104000091552734,4.104000091552734,4.073999881744385,4.099999904632568,888064
2016-08-01,0.0024050474166870117,4.085999965667725,4.127999782562256,4.061999797821045,4.116000175476074,779823
2016-08-02,0.0023791478015482426,4.041999816894531,4.081999778747559,4.035999774932861,4.070000171661377,991701
2016-08-03,0.002389743225648999,4.059999942779541,4.059999942779541,4.00600004196167,4.050000190734863,1111970
2016-08-04,0.002407401567324996,4.090000152587891,4.090000152587891,4.047999858856201,4.059999942779541,635803
2016-08-05,0.0024062246084213257,4.0879998207092285,4.110000133514404,4.064000129699707,4.0960001945495605,595318
2016-08-08,0.002401514910161495,4.079999923706055,4.110000133514404,4.070000171661377,4.099999904632568,496837
2016-08-09,0.002450958825647831,4.164000034332275,4.164000034332275,4.070000171661377,4.081999778747559,1136167
2016-08-10,0.0024450726341456175,4.1539998054504395,4.164000034332275,4.122000217437744,4.159999847412109,476555
2016-08-11,0.002465085359290242,4.188000202178955,4.193999767303467,4.138000011444092,4.1579999923706055,869029
2016-08-12,0.0024533134419471025,4.168000221252441,4.196000099182129,4.1579999923706055,4.188000202178955,583833
2016-08-15,0.002429767744615674,4.127999782562256,4.164000034332275,4.118000030517578,4.164000034332275,679817
2016-08-16,0.002402692101895809,4.081999778747559,4.125999927520752,4.076000213623047,4.124000072479248,797384
2016-08-17,0.0023720846511423588,4.03000020980835,4.090000152587891,4.010000228881836,4.081999778747559,873782
2016-08-18,0.0023991609923541546,4.076000213623047,4.085999965667725,4.052000045776367,4.052000045776367,466735
2016-08-19,0.002385033993050456,4.052000045776367,4.081999778747559,4.02400016784668,4.081999778747559,607244
2016-08-22,0.002385033993050456,4.052000045776367,4.119999885559082,4.041999816894531,4.052000045776367,508012
2016-08-23,0.002401514910161495,4.079999923706055,4.1020002365112305,4.067999839782715,4.081999778747559,1283256
2016-08-24,0.002392097841948271,4.064000129699707,4.099999904632568,4.059999942779541,4.081999778747559,731196
2016-08-25,0.002390920417383313,4.061999797821045,4.076000213623047,4.041999816894531,4.072000026702881,1589647
2016-08-26,0.002407401567324996,4.090000152587891,4.105999946594238,4.046000003814697,4.053999900817871,719050
2016-08-29,0.002407401567324996,4.090000152587891,4.090000152587891,4.056000232696533,4.084000110626221,444985
2016-08-30,0.002401514910161495,4.079999923706055,4.110000133514404,4.070000171661377,4.0879998207092285,932091
2016-08-31,0.002385033993050456,4.052000045776367,4.0980000495910645,4.050000190734863,4.079999923706055,965984
2016-09-01,0.0023461864329874516,3.9860000610351562,4.053999900817871,3.9779999256134033,4.053999900817871,3062013
2016-09-02,0.0023744399659335613,4.033999919891357,4.033999919891357,3.9639999866485596,4.0,1481289
2016-09-05,0.002393274800851941,4.065999984741211,4.078000068664551,4.047999858856201,4.047999858856201,1405061
2016-09-06,0.0023968066088855267,4.072000026702881,4.085999965667725,4.061999797821045,4.070000171661377,863301
2016-09-07,0.002397983567789197,4.073999881744385,4.079999923706055,4.053999900817871,4.078000068664551,920230
2016-09-08,0.002407401567324996,4.090000152587891,4.107999801635742,4.064000129699707,4.079999923706055,949100
2016-09-09,0.0023791478015482426,4.041999816894531,4.081999778747559,4.026000022888184,4.078000068664551,1511032
2016-09-12,0.0023661991581320763,4.019999980926514,4.019999980926514,3.9560000896453857,4.019999980926514,1769038
2016-09-13,0.0023214647080749273,3.944000005722046,4.033999919891357,3.941999912261963,4.021999835968018,1803093
2016-09-14,0.0023132245987653732,3.930000066757202,3.9600000381469727,3.9059998989105225,3.9600000381469727,1943297
2016-09-15,0.0023002750240266323,3.9079999923706055,3.921999931335449,3.8440001010894775,3.8559999465942383,2340873
2016-09-16,0.0023014522157609463,3.9100000858306885,3.9260001182556152,3.890000104904175,3.9100000858306885,905156
2016-09-19,0.0023249962832778692,3.950000047683716,3.9679999351501465,3.9200000762939453,3.9200000762939453,899206
2016-09-20,0.0023308827076107264,3.9600000381469727,3.990000009536743,3.940000057220459,3.9560000896453857,998727
2016-09-21,0.0023273511324077845,3.9539999961853027,4.013999938964844,3.9539999961853027,3.9860000610351562,733968
2016-09-22,0.0023661991581320763,4.019999980926514,4.0279998779296875,3.9619998931884766,3.9619998931884766,1145105
2016-09-23,0.0023638438433408737,4.015999794006348,4.035999774932861,4.0,4.01800012588501,921251
2016-09-26,0.0023508951999247074,3.99399995803833,4.01200008392334,3.9600000381469727,4.01200008392334,1124510
2016-09-27,0.0023426543921232224,3.9800000190734863,4.015999794006348,3.936000108718872,4.007999897003174,1171298
2016-09-28,0.0023485408164560795,3.990000009536743,4.02400016784668,3.9739999771118164,3.9839999675750732,1136930
2016-09-29,0.0023450092412531376,3.9839999675750732,4.015999794006348,3.9700000286102295,4.0,1265541
2016-09-30,0.0023508951999247074,3.99399995803833,3.99399995803833,3.9140000343322754,3.9600000381469727,1609647
2016-10-03,0.002375616692006588,4.035999774932861,4.038000106811523,3.98799991607666,3.997999906539917,1202987
2016-10-04,0.0023744399659335613,4.033999919891357,4.050000190734863,4.015999794006348,4.03000020980835,1250226
2016-10-05,0.0023556044325232506,4.001999855041504,4.013999938964844,3.98799991607666,4.013999938964844,1086991
2016-10-06,0.002329705050215125,3.9579999446868896,4.03000020980835,3.946000099182129,4.03000020980835,2196099
2016-10-07,0.002287325682118535,3.885999917984009,3.9760000705718994,3.878000020980835,3.9760000705718994,2945892
2016-10-10,0.0023226423654705286,3.946000099182129,3.947999954223633,3.881999969482422,3.9100000858306885,1681865
2016-10-11,0.0023226423654705286,3.946000099182129,3.9860000610351562,3.927999973297119,3.944000005722046,1245088
2016-10-12,0.002315579215064645,3.934000015258789,3.9660000801086426,3.9240000247955322,3.940000057220459,1112966
2016-10-13,0.0022943890653550625,3.8980000019073486,3.921999931335449,3.884000062942505,3.9179999828338623,1581632
2016-10-14,0.0023414778988808393,3.9779999256134033,3.9800000190734863,3.9140000343322754,3.9140000343322754,966725
2016-10-17,0.0023226423654705286,3.946000099182129,3.9700000286102295,3.941999912261963,3.9700000286102295,825520
2016-10-18,0.0023508951999247074,3.99399995803833,4.004000186920166,3.9639999866485596,3.9660000801086426,864321
2016-10-19,0.0023403000086545944,3.9760000705718994,4.00600004196167,3.9679999351501465,3.996000051498413,1116730
2016-10-20,0.002370907925069332,4.0279998779296875,4.0279998779296875,3.9860000610351562,3.997999906539917,1821784
2016-10-21,0.0023685540072619915,4.02400016784668,4.059999942779541,3.937999963760376,3.990000009536743,3256871
2016-10-24,0.0035941200330853462,3.8299999237060547,3.9579999446868896,3.822000026702881,3.9100000858306885,4550641
2016-10-25,0.0035828598774969578,3.818000078201294,3.8480000495910645,3.805999994277954,3.8380000591278076,1865465
2016-10-26,0.0035209241323173046,3.752000093460083,3.818000078201294,3.7320001125335693,3.818000078201294,3473711
2016-10-27,0.003490894101560116,3.7200000286102295,3.7920000553131104,3.7119998931884766,3.757999897003174,2551798
2016-10-28,0.0034683735575526953,3.696000099182129,3.7239999771118164,3.687999963760376,3.7239999771118164,2004103
2016-10-31,0.003428959520533681,3.6540000438690186,3.7039999961853027,3.6459999084472656,3.700000047683716,1848854
2016-11-01,0.00336890178732574,3.5899999141693115,3.671999931335449,3.5899999141693115,3.6559998989105225,2176541
2016-11-02,0.003361393930390477,3.5820000171661377,3.628000020980835,3.559999942779541,3.5820000171661377,2051919
2016-11-03,0.0033369953744113445,3.555999994277954,3.5840001106262207,3.5460000038146973,3.5759999752044678,2389593
2016-11-04,0.003301334800198674,3.5179998874664307,3.5439999103546143,3.4820001125335693,3.5439999103546143,2233564
2016-11-07,0.0032994593493640423,3.5160000324249268,3.558000087738037,3.5,3.5420000553131104,2500760
2016-11-08,0.00332198035903275,3.5399999618530273,3.5399999618530273,3.503999948501587,3.5280001163482666,1409092
2016-11-09,0.0033313643652945757,3.549999952316284,3.549999952316284,3.4119999408721924,3.440000057220459,4670549
2016-11-10,0.003263798775151372,3.4779999256134033,3.569999933242798,3.450000047683716,3.568000078201294,5744903
2016-11-11,0.0033388719893991947,3.558000087738037,3.5940001010894775,3.4839999675750732,3.5,5721365
2016-11-14,0.0032713068649172783,3.4860000610351562,3.5820000171661377,3.4839999675750732,3.5820000171661377,3327476
2016-11-15,0.003310719970613718,3.5280001163482666,3.5320000648498535,3.4860000610351562,3.5,1636136
2016-11-16,0.0032994593493640423,3.5160000324249268,3.5439999103546143,3.502000093460083,3.5339999198913574,1278709
2016-11-17,0.0033445025328546762,3.563999891281128,3.565999984741211,3.5139999389648438,3.5199999809265137,1347301
2016-11-18,0.0033351185265928507,3.553999900817871,3.5759999752044678,3.5420000553131104,3.565999984741211,1813530
2016-11-21,0.0033163493499159813,3.5339999198913574,3.565999984741211,3.5199999809265137,3.559999942779541,1652752
2016-11-22,0.0033369953744113445,3.555999994277954,3.563999891281128,3.5339999198913574,3.5439999103546143,1540182
2016-11-23,0.0033369953744113445,3.555999994277954,3.5940001010894775,3.5399999618530273,3.559999942779541,1688168
2016-11-24,0.0033332412131130695,3.552000045776367,3.559999942779541,3.5299999713897705,3.559999942779541,1130673
2016-11-25,0.003342625917866826,3.562000036239624,3.569999933242798,3.5420000553131104,3.555999994277954,1210979
2016-11-28,0.003327611368149519,3.5460000038146973,3.5799999237060547,3.5239999294281006,3.568000078201294,1152249
2016-11-29,0.003327611368149519,3.5460000038146973,3.572000026702881,3.5339999198913574,3.549999952316284,1210179
2016-11-30,0.0033238569740206003,3.5420000553131104,3.569999933242798,3.5299999713897705,3.549999952316284,1604143
2016-12-01,0.003284444333985448,3.5,3.5380001068115234,3.492000102996826,3.5260000228881836,1977068
2016-12-02,0.0032788137905299664,3.49399995803833,3.51200008392334,3.4760000705718994,3.49399995803833,1803460
2016-12-05,0.0032750607933849096,3.490000009536743,3.5420000553131104,3.4800000190734863,3.490000009536743,1834930
2016-12-07,0.0034139445051550865,3.638000011444092,3.6480000019073486,3.5139999389648438,3.5139999389648438,3307349
2016-12-08,0.0034721270203590393,3.700000047683716,3.7060000896453857,3.634000062942505,3.6459999084472656,2095033
2016-12-09,0.0035134158097207546,3.74399995803833,3.74399995803833,3.7019999027252197,3.7100000381469727,2260388
2016-12-12,0.0034833878744393587,3.7119998931884766,3.742000102996826,3.7019999027252197,3.7360000610351562,2503308
2016-12-13,0.003554707393050194,3.7880001068115234,3.7880001068115234,3.7119998931884766,3.7119998931884766,2442574
2016-12-14,0.0035415689926594496,3.7739999294281006,3.799999952316284,3.742000102996826,3.7899999618530273,1994825
2016-12-15,0.003534061834216118,3.7660000324249268,3.799999952316284,3.7179999351501465,3.7699999809265137,2659835
2016-12-16,0.003511540126055479,3.742000102996826,3.7739999294281006,3.742000102996826,3.759999990463257,1698600
2016-12-19,0.0035809827968478203,3.815999984741211,3.8399999141693115,3.75,3.75,3100092
2016-12-20,0.0035697217099368572,3.803999900817871,3.8499999046325684,3.7899999618530273,3.8299999237060547,1987758
2016-12-21,0.0035697217099368572,3.803999900817871,3.818000078201294,3.7860000133514404,3.803999900817871,2621664
2016-12-22,0.0035472000017762184,3.7799999713897705,3.803999900817871,3.7760000228881836,3.799999952316284,1478531
2016-12-23,0.003597873728722334,3.8340001106262207,3.8340001106262207,3.7780001163482666,3.7820000648498535,2395723
2016-12-27,0.0035922436509281397,3.828000068664551,3.8399999141693115,3.813999891281128,3.8259999752044678,1793593
2016-12-28,0.0035884894896298647,3.8239998817443848,3.8399999141693115,3.813999891281128,3.8299999237060547,2023749
2016-12-29,0.0035941200330853462,3.8299999237060547,3.8459999561309814,3.7939999103546143,3.819999933242798,2197719
2016-12-30,0.003597873728722334,3.8340001106262207,3.8480000495910645,3.819999933242798,3.8299999237060547,2201902
2017-01-02,0.0036429171450436115,3.881999969482422,3.8959999084472656,3.8340001106262207,3.8559999465942383,1970264
2017-01-03,0.0036335336044430733,3.871999979019165,3.9040000438690186,3.8580000400543213,3.9000000953674316,2306182
2017-01-04,0.003667315701022744,3.9079999923706055,3.9179999828338623,3.874000072479248,3.890000104904175,1259518
2017-01-05,0.00370485195890069,3.947999954223633,3.9579999446868896,3.885999917984009,3.9079999923706055,2930423
2017-01-09,0.003659808775410056,3.9000000953674316,3.940000057220459,3.874000072479248,3.940000057220459,2500683
2017-01-10,0.0036429171450436115,3.881999969482422,3.9019999504089355,3.8580000400543213,3.9019999504089355,1823835
2017-01-11,0.003663562936708331,3.9040000438690186,3.9159998893737793,3.8480000495910645,3.8980000019073486,2401007
2017-01-12,0.0036560555454343557,3.8959999084472656,3.9100000858306885,3.869999885559082,3.9000000953674316,1745353
2017-01-13,0.003684207797050476,3.9260001182556152,3.927999973297119,3.890000104904175,3.9000000953674316,1033491
2017-01-16,0.0036560555454343557,3.8959999084472656,3.9200000762939453,3.8959999084472656,3.9200000762939453,926397
2017-01-17,0.0036485479213297367,3.888000011444092,3.9000000953674316,3.865999937057495,3.9000000953674316,1829654
2017-01-18,0.0036241495981812477,3.861999988555908,3.8919999599456787,3.8359999656677246,3.888000011444092,2008784
2017-01-19,0.0036035047378391027,3.8399999141693115,3.869999885559082,3.819999933242798,3.869999885559082,2534430
2017-01-20,0.0035922436509281397,3.828000068664551,3.8440001010894775,3.799999952316284,3.8440001010894775,1949462
2017-01-23,0.0035415689926594496,3.7739999294281006,3.809999942779541,3.7699999809265137,3.808000087738037,2446546
2017-01-24,0.0035565837752074003,3.7899999618530273,3.803999900817871,3.74399995803833,3.7760000228881836,2310611
2017-01-25,0.003597873728722334,3.8340001106262207,3.8399999141693115,3.7739999294281006,3.812000036239624,2275561
2017-01-26,0.0036372870672494173,3.875999927520752,3.878000020980835,3.8420000076293945,3.8499999046325684,2966164
2017-01-27,0.0035528310108929873,3.7860000133514404,3.921999931335449,3.7720000743865967,3.9000000953674316,2974545
2017-01-30,0.0034890177194029093,3.7179999351501465,3.7880001068115234,3.7079999446868896,3.7880001068115234,2645932
2017-01-31,0.0035209241323173046,3.752000093460083,3.7639999389648438,3.7100000381469727,3.7139999866485596,2381632
2017-02-01,0.0034965251106768847,3.7260000705718994,3.7820000648498535,3.7179999351501465,3.7360000610351562,2435305
2017-02-02,0.003494648030027747,3.7239999771118164,3.73799991607666,3.7100000381469727,3.73799991607666,2522143
2017-02-03,0.0034852654207497835,3.7139999866485596,3.73799991607666,3.7019999027252197,3.73799991607666,1983347
2017-02-06,0.0034552353899925947,3.681999921798706,3.7200000286102295,3.6700000762939453,3.7200000286102295,1864380
2017-02-07,0.003442097455263138,3.6679999828338623,3.680000066757202,3.6600000858306885,3.671999931335449,1292223
2017-02-08,0.003453358542174101,3.680000066757202,3.687999963760376,3.6440000534057617,3.6740000247955322,2984915
2017-02-09,0.003458989318460226,3.686000108718872,3.700000047683716,3.6659998893737793,3.680000066757202,2903103
2017-02-10,0.003453358542174101,3.680000066757202,3.7019999027252197,3.6700000762939453,3.700000047683716,4886493
2017-02-13,0.003462742315605283,3.690000057220459,3.700000047683716,3.680000066757202,3.687999963760376,3343360
2017-02-14,0.003470249706879258,3.697999954223633,3.7060000896453857,3.6679999828338623,3.690000057220459,1425483
2017-02-15,0.003462742315605283,3.690000057220459,3.7100000381469727,3.677999973297119,3.7100000381469727,1348401
2017-02-16,0.0035134158097207546,3.74399995803833,3.757999897003174,3.691999912261963,3.700000047683716,2183600
2017-02-17,0.0035096625797450542,3.740000009536743,3.75,3.7239999771118164,3.75,1935928
2017-02-20,0.00352843152359128,3.759999990463257,3.7820000648498535,3.753999948501587,3.753999948501587,1330022
2017-02-21,0.003554707393050194,3.7880001068115234,3.7899999618530273,3.74399995803833,3.75600004196167,1128200
2017-02-22,0.003550953231751919,3.7839999198913574,3.818000078201294,3.7760000228881836,3.7960000038146973,1329574
2017-02-23,0.0035697217099368572,3.803999900817871,3.815999984741211,3.7860000133514404,3.7860000133514404,1167909
2017-02-24,0.003560337470844388,3.7939999103546143,3.8399999141693115,3.7839999198913574,3.803999900817871,1518048
2017-02-27,0.003535938449203968,3.7679998874664307,3.805999994277954,3.752000093460083,3.7960000038146973,1443494
2017-02-28,0.003558460157364607,3.7920000553131104,3.799999952316284,3.76200008392334,3.7760000228881836,1166084
2017-03-01,0.0035884894896298647,3.8239998817443848,3.8359999656677246,3.805999994277954,3.809999942779541,1520608
2017-03-02,0.0035884894896298647,3.8239998817443848,3.8420000076293945,3.812000036239624,3.8299999237060547,1301899
2017-03-03,0.0035809827968478203,3.815999984741211,3.8519999980926514,3.808000087738037,3.818000078201294,2066982
2017-03-06,0.0035772293340414762,3.812000036239624,3.819999933242798,3.799999952316284,3.819999933242798,1067604
2017-03-07,0.003597873728722334,3.8340001106262207,3.8380000591278076,3.802000045776367,3.819999933242798,900458
2017-03-08,0.0035678448621183634,3.802000045776367,3.8359999656677246,3.7739999294281006,3.8359999656677246,1794353
2017-03-09,0.0035809827968478203,3.815999984741211,3.822000026702881,3.7780001163482666,3.7980000972747803,1621189
2017-03-10,0.003584735793992877,3.819999933242798,3.8499999046325684,3.809999942779541,3.818000078201294,1601904
2017-03-13,0.0035791064146906137,3.813999891281128,3.828000068664551,3.7880001068115234,3.8259999752044678,1617023
2017-03-14,0.003554707393050194,3.7880001068115234,3.813999891281128,3.7699999809265137,3.813999891281128,1742631
2017-03-15,0.003549076383933425,3.7820000648498535,3.7920000553131104,3.7699999809265137,3.7880001068115234,1079815
2017-03-16,0.0035809827968478203,3.815999984741211,3.8340001106262207,3.799999952316284,3.799999952316284,1452024
2017-03-17,0.00363540998660028,3.874000072479248,3.888000011444092,3.809999942779541,3.819999933242798,2828854
2017-03-20,0.0036335336044430733,3.871999979019165,3.8959999084472656,3.861999988555908,3.874000072479248,1206151
2017-03-21,0.003631656290963292,3.869999885559082,3.9079999923706055,3.8580000400543213,3.880000114440918,1665194
2017-03-22,0.003614765591919422,3.8519999980926514,3.859999895095825,3.8299999237060547,3.859999895095825,1260153
2017-03-23,0.0036523013841360807,3.8919999599456787,3.9000000953674316,3.8359999656677246,3.865999937057495,937150
2017-03-24,0.0036504254676401615,3.890000104904175,3.9079999923706055,3.874000072479248,3.8919999599456787,1121678
2017-03-27,0.0036560555454343557,3.8959999084472656,3.8959999084472656,3.8440001010894775,3.885999917984009,1115755
2017-03-28,0.0036616860888898373,3.9019999504089355,3.9059998989105225,3.878000020980835,3.9000000953674316,841236
2017-03-29,0.003663562936708331,3.9040000438690186,3.9140000343322754,3.885999917984009,3.9040000438690186,779883
2017-03-30,0.003678577486425638,3.9200000762939453,3.9200000762939453,3.888000011444092,3.9000000953674316,708647
2017-03-31,0.003691714722663164,3.934000015258789,3.946000099182129,3.9000000953674316,3.9200000762939453,1260893
2017-04-03,0.0036691934801638126,3.9100000858306885,3.9560000896453857,3.9100000858306885,3.9560000896453857,1464580
2017-04-04,0.0036035047378391027,3.8399999141693115,3.930000066757202,3.8299999237060547,3.9200000762939453,2047841
2017-04-05,0.0035659673158079386,3.799999952316284,3.859999895095825,3.799999952316284,3.859999895095825,2435115
2017-04-06,0.0047325496561825275,3.7160000801086426,3.7320001125335693,3.681999921798706,3.700000047683716,2318582
2017-04-07,0.00470198318362236,3.691999912261963,3.7019999027252197,3.6760001182556152,3.694000005722046,1410930
2017-04-10,0.004714719485491514,3.7019999027252197,3.7119998931884766,3.684000015258789,3.700000047683716,1170871
2017-04-11,0.004773302469402552,3.747999906539917,3.76200008392334,3.684000015258789,3.7019999027252197,2240365
2017-04-12,0.004791132174432278,3.76200008392334,3.7780001163482666,3.740000009536743,3.747999906539917,1135637
2017-04-13,0.004752924665808678,3.7320001125335693,3.76200008392334,3.7320001125335693,3.757999897003174,695103
2017-04-18,0.004752924665808678,3.7320001125335693,3.746000051498413,3.7160000801086426,3.742000102996826,1253108
2017-04-19,0.004780943505465984,3.753999948501587,3.76200008392334,3.7179999351501465,3.7279999256134033,978957
2017-04-20,0.004796226508915424,3.7660000324249268,3.7780001163482666,3.74399995803833,3.759999990463257,1575540
2017-04-21,0.004773302469402552,3.747999906539917,3.7699999809265137,3.746000051498413,3.7699999809265137,1100285
2017-04-24,0.004867545794695616,3.822000026702881,3.8380000591278076,3.7799999713897705,3.7799999713897705,1481821
2017-04-25,0.004877734463661909,3.8299999237060547,3.8559999465942383,3.7899999618530273,3.8239998817443848,2125547
2017-04-26,0.004890470299869776,3.8399999141693115,3.8940000534057617,3.8340001106262207,3.859999895095825,2797990
2017-04-27,0.004826792050153017,3.7899999618530273,3.8420000076293945,3.7820000648498535,3.8399999141693115,2203788
2017-04-28,0.004770755302160978,3.746000051498413,3.7899999618530273,3.7279999256134033,3.7899999618530273,1739782
2017-05-02,0.004824244882911444,3.7880001068115234,3.7880001068115234,3.740000009536743,3.752000093460083,1101123
2017-05-03,0.00484462222084403,3.803999900817871,3.8359999656677246,3.7960000038146973,3.7960000038146973,1435966
2017-05-04,0.004882828798145056,3.8340001106262207,3.8340001106262207,3.7920000553131104,3.819999933242798,2045925
2017-05-05,0.004915941506624222,3.859999895095825,3.861999988555908,3.808000087738037,3.828000068664551,1627528
2017-05-08,0.004954148083925247,3.890000104904175,3.890000104904175,3.8459999561309814,3.869999885559082,1253926
2017-05-09,0.00498471362516284,3.9140000343322754,3.9200000762939453,3.888000011444092,3.890000104904175,2096450
2017-05-10,0.0049592419527471066,3.8940000534057617,3.9179999828338623,3.874000072479248,3.9159998893737793,1381255
2017-05-11,0.00499235512688756,3.9200000762939453,3.930000066757202,3.878000020980835,3.9000000953674316,1964984
2017-05-12,0.005045844241976738,3.9619998931884766,3.9700000286102295,3.9119999408721924,3.9200000762939453,1931001
2017-05-15,0.005050939507782459,3.9660000801086426,3.9820001125335693,3.947999954223633,3.9639999866485596,735936
2017-05-16,0.005050939507782459,3.9660000801086426,3.990000009536743,3.9579999446868896,3.9700000286102295,1250811
2017-05-17,0.005028013605624437,3.947999954223633,3.9700000286102295,3.941999912261963,3.9579999446868896,1799181
2017-05-18,0.004997449927031994,3.9240000247955322,3.9619998931884766,3.885999917984009,3.940000057220459,2023329
2017-05-19,0.004997449927031994,3.9240000247955322,3.934000015258789,3.9000000953674316,3.9200000762939453,1429202
2017-05-22,0.005106976255774498,4.010000228881836,4.010000228881836,3.936000108718872,3.936000108718872,1991336
2017-05-23,0.005122257862240076,4.021999835968018,4.021999835968018,3.98799991607666,4.010000228881836,1241981
2017-05-24,0.005191031377762556,4.076000213623047,4.076000213623047,4.010000228881836,4.021999835968018,1587515
2017-05-26,0.0052088601514697075,4.090000152587891,4.107999801635742,4.058000087738037,4.059999942779541,1935534
2017-05-29,0.005213954485952854,4.093999862670898,4.125999927520752,4.081999778747559,4.090000152587891,1283729
2017-05-30,0.005196123383939266,4.079999923706055,4.116000175476074,4.067999839782715,4.0879998207092285,1694277
2017-05-31,0.005196123383939266,4.079999923706055,4.0980000495910645,4.067999839782715,4.067999839782715,1307134
2017-06-01,0.005236879922449589,4.111999988555908,4.118000030517578,4.070000171661377,4.079999923706055,1156104
2017-06-02,0.0052012186497449875,4.084000110626221,4.136000156402588,4.079999923706055,4.119999885559082,1530911
2017-06-05,0.005155371036380529,4.047999858856201,4.0980000495910645,4.047999858856201,4.084000110626221,886663
2017-06-06,0.005142634734511375,4.038000106811523,4.052000045776367,4.033999919891357,4.050000190734863,539185
2017-06-07,0.005124805960804224,4.02400016784668,4.046000003814697,4.01200008392334,4.039999961853027,1154435
2017-06-08,0.005091692321002483,3.997999906539917,4.033999919891357,3.997999906539917,4.02400016784668,747344
2017-06-09,0.005109522026032209,4.01200008392334,4.03000020980835,4.0,4.0,647946
2017-06-12,0.005101881921291351,4.00600004196167,4.007999897003174,3.9779999256134033,4.0,976797
2017-06-13,0.005129898898303509,4.0279998779296875,4.047999858856201,4.0,4.0,813515
2017-06-14,0.005137541797012091,4.033999919891357,4.065999984741211,4.026000022888184,4.0279998779296875,861687
2017-06-15,0.005071315448731184,3.9820001125335693,4.033999919891357,3.9660000801086426,4.033999919891357,1026320
2017-06-16,0.005119710229337215,4.019999980926514,4.019999980926514,3.9839999675750732,3.9860000610351562,725125
2017-06-19,0.005134993698447943,4.0320000648498535,4.046000003814697,4.01800012588501,4.026000022888184,688322
2017-06-20,0.005109522026032209,4.01200008392334,4.073999881744385,4.00600004196167,4.0320000648498535,1736268
2017-06-21,0.00507386215031147,3.9839999675750732,4.01200008392334,3.9240000247955322,4.007999897003174,1968239
2017-06-22,0.005101881921291351,4.00600004196167,4.02400016784668,3.9600000381469727,3.9800000190734863,1351531
2017-06-26,0.005091692321002483,3.997999906539917,4.02400016784668,3.99399995803833,4.0,1259443
2017-06-27,0.005050939507782459,3.9660000801086426,3.997999906539917,3.9539999961853027,3.997999906539917,1438015
2017-06-28,0.005043297540396452,3.9600000381469727,3.9860000610351562,3.9240000247955322,3.9600000381469727,1160681
2017-06-29,0.005129898898303509,4.0279998779296875,4.078000068664551,4.019999980926514,4.026000022888184,2953262
2017-06-30,0.005127353593707085,4.026000022888184,4.058000087738037,4.01200008392334,4.044000148773193,969812
2017-07-03,0.005140087567269802,4.035999774932861,4.067999839782715,4.03000020980835,4.039999961853027,995917
2017-07-04,0.005114616826176643,4.015999794006348,4.033999919891357,4.001999855041504,4.033999919891357,1443183
2017-07-05,0.005084051750600338,3.992000102996826,4.026000022888184,3.9839999675750732,4.026000022888184,1015600
2017-07-06,0.005061126779764891,3.9739999771118164,4.001999855041504,3.9619998931884766,3.992000102996826,854655
2017-07-07,0.005066221114248037,3.9779999256134033,4.0,3.9660000801086426,3.9700000286102295,647428
2017-07-10,0.005096788983792067,4.001999855041504,4.004000186920166,3.9719998836517334,3.9820001125335693,548268
2017-07-11,0.005038203671574593,3.9560000896453857,4.010000228881836,3.9560000896453857,4.001999855041504,868511
2017-07-12,0.005101881921291351,4.00600004196167,4.015999794006348,3.9539999961853027,3.9760000705718994,1111748
2017-07-13,0.005203766282647848,4.085999965667725,4.105999946594238,4.00600004196167,4.010000228881836,2103805
2017-07-14,0.005170653574168682,4.059999942779541,4.0960001945495605,4.058000087738037,4.085999965667725,789099
2017-07-17,0.005257254466414452,4.127999782562256,4.138000011444092,4.078000068664551,4.078000068664551,1791796
2017-07-18,0.0052419728599488735,4.116000175476074,4.159999847412109,4.116000175476074,4.130000114440918,2025244
2017-07-19,0.00534895109012723,4.199999809265137,4.205999851226807,4.113999843597412,4.124000072479248,2296188
2017-07-20,0.005170653574168682,4.059999942779541,4.085999965667725,4.004000186920166,4.085999965667725,3156059
2017-07-21,0.005127353593707085,4.026000022888184,4.0920000076293945,4.01800012588501,4.065999984741211,1361962
2017-07-24,0.005084051750600338,3.992000102996826,4.052000045776367,3.992000102996826,4.0320000648498535,1117859
2017-07-25,0.005045844241976738,3.9619998931884766,4.007999897003174,3.9619998931884766,3.996000051498413,1579052
2017-07-26,0.005071315448731184,3.9820001125335693,3.996000051498413,3.941999912261963,3.9660000801086426,552204
2017-07-27,0.005078958347439766,3.98799991607666,4.03000020980835,3.9739999771118164,3.9820001125335693,844711
2017-07-28,0.005061126779764891,3.9739999771118164,4.00600004196167,3.9660000801086426,3.992000102996826,852982
2017-07-31,0.005066221114248037,3.9779999256134033,4.01800012588501,3.9760000705718994,3.9760000705718994,754625
2017-08-01,0.005106976255774498,4.010000228881836,4.0320000648498535,3.9779999256134033,3.9800000190734863,729365
2017-08-02,0.005084051750600338,3.992000102996826,4.0279998779296875,3.990000009536743,4.013999938964844,430386
2017-08-03,0.005081504117697477,3.990000009536743,4.00600004196167,3.9619998931884766,3.990000009536743,682574
2017-08-04,0.005096788983792067,4.001999855041504,4.007999897003174,3.9779999256134033,3.990000009536743,598645
2017-08-07,0.005094239488244057,4.0,4.01800012588501,3.9839999675750732,3.997999906539917,735900
2017-08-08,0.005099333822727203,4.004000186920166,4.013999938964844,3.99399995803833,4.0,410895
2017-08-09,0.005078958347439766,3.98799991607666,4.0,3.9760000705718994,4.0,798257
2017-08-10,0.005048391409218311,3.9639999866485596,4.010000228881836,3.9619998931884766,3.98799991607666,706994
2017-08-11,0.0049949027597904205,3.921999931335449,3.9539999961853027,3.9000000953674316,3.950000047683716,1420497
2017-08-14,0.005066221114248037,3.9779999256134033,3.9839999675750732,3.934000015258789,3.950000047683716,461342
2017-08-15,0.005056032910943031,3.9700000286102295,4.001999855041504,3.9700000286102295,3.9800000190734863,606956
2017-08-16,0.005056032910943031,3.9700000286102295,3.992000102996826,3.9639999866485596,3.9860000610351562,437401
2017-08-17,0.005012731533497572,3.936000108718872,3.9700000286102295,3.921999931335449,3.9600000381469727,872297
2017-08-18,0.004951600916683674,3.888000011444092,3.9140000343322754,3.875999927520752,3.9140000343322754,1015741
2017-08-21,0.0049439589492976665,3.881999969482422,3.9100000858306885,3.880000114440918,3.888000011444092,663851
2017-08-22,0.0049821664579212666,3.9119999408721924,3.9140000343322754,3.884000062942505,3.890000104904175,551759
2017-08-23,0.004931223578751087,3.871999979019165,3.9200000762939453,3.865999937057495,3.9200000762939453,925050
2017-08-24,0.004951600916683674,3.888000011444092,3.9100000858306885,3.868000030517578,3.878000020980835,664814
2017-08-25,0.004905753303319216,3.8519999980926514,3.890000104904175,3.8420000076293945,3.890000104904175,1520526
2017-08-28,0.004941413179039955,3.880000114440918,3.9019999504089355,3.8399999141693115,3.8480000495910645,754990
2017-08-29,0.004949054680764675,3.885999917984009,3.9019999504089355,3.8299999237060547,3.861999988555908,971163
2017-08-30,0.005033109337091446,3.9519999027252197,3.9639999866485596,3.9119999408721924,3.9119999408721924,1010259
2017-08-31,0.005089144688099623,3.996000051498413,4.007999897003174,3.9519999027252197,3.9519999027252197,1112002
2017-09-01,0.005084051750600338,3.992000102996826,4.035999774932861,3.990000009536743,4.004000186920166,1262607
2017-09-04,0.005081504117697477,3.990000009536743,3.997999906539917,3.9700000286102295,3.9760000705718994,474654
2017-09-05,0.005040749907493591,3.9579999446868896,4.010000228881836,3.9519999027252197,3.9820001125335693,859960
2017-09-06,0.005033109337091446,3.9519999027252197,3.9760000705718994,3.934000015258789,3.9539999961853027,667515
2017-09-07,0.005053486209362745,3.9679999351501465,3.9860000610351562,3.941999912261963,3.9779999256134033,1050416
2017-09-08,0.005056032910943031,3.9700000286102295,3.9839999675750732,3.9519999027252197,3.9660000801086426,559220
2017-09-11,0.005094239488244057,4.0,4.01800012588501,3.9800000190734863,3.9860000610351562,732468
2017-09-12,0.005094239488244057,4.0,4.03000020980835,3.98799991607666,4.01200008392334,620609
2017-09-13,0.005099333822727203,4.004000186920166,4.013999938964844,3.9839999675750732,4.0,382572
2017-09-14,0.005119710229337215,4.019999980926514,4.019999980926514,3.997999906539917,4.00600004196167,1186701
2017-09-15,0.005129898898303509,4.0279998779296875,4.056000232696533,4.01200008392334,4.019999980926514,820502
2017-09-18,0.005050939507782459,3.9660000801086426,4.019999980926514,3.940000057220459,4.019999980926514,1884776
2017-09-19,0.005168105009943247,4.058000087738037,4.061999797821045,3.9820001125335693,3.992000102996826,1240753
2017-09-20,0.005134993698447943,4.0320000648498535,4.072000026702881,4.02400016784668,4.052000045776367,882229
2017-09-21,0.005150276236236095,4.044000148773193,4.079999923706055,3.990000009536743,4.033999919891357,1748351
2017-09-22,0.005122257862240076,4.021999835968018,4.047999858856201,4.00600004196167,4.035999774932861,748952
2017-09-25,0.005137541797012091,4.033999919891357,4.035999774932861,4.004000186920166,4.015999794006348,746288
2017-09-26,0.005117163527756929,4.01800012588501,4.046000003814697,4.015999794006348,4.026000022888184,596912
2017-09-27,0.005114616826176643,4.015999794006348,4.03000020980835,3.992000102996826,4.021999835968018,821866
2017-09-28,0.00507386215031147,3.9839999675750732,4.021999835968018,3.9739999771118164,4.019999980926514,959526
2017-09-29,0.005078958347439766,3.98799991607666,3.98799991607666,3.9639999866485596,3.9820001125335693,946855
2017-10-02,0.005119710229337215,4.019999980926514,4.019999980926514,3.990000009536743,3.99399995803833,508299
2017-10-03,0.005157917737960815,4.050000190734863,4.050000190734863,4.01800012588501,4.02400016784668,921726
2017-10-04,0.005137541797012091,4.033999919891357,4.078000068664551,4.026000022888184,4.050000190734863,1471182
2017-10-05,0.0052012186497449875,4.084000110626221,4.084000110626221,4.0279998779296875,4.033999919891357,1213646
2017-10-06,0.005175747908651829,4.064000129699707,4.0879998207092285,4.050000190734863,4.084000110626221,495460
2017-10-09,0.005219048820436001,4.0980000495910645,4.0980000495910645,4.067999839782715,4.070000171661377,1004929
2017-10-10,0.005239426624029875,4.113999843597412,4.142000198364258,4.0980000495910645,4.099999904632568,1365533
2017-10-11,0.005236879922449589,4.111999988555908,4.133999824523926,4.105999946594238,4.122000217437744,830872
2017-10-12,0.005221595987677574,4.099999904632568,4.122000217437744,4.0920000076293945,4.122000217437744,1001611
2017-10-13,0.005257254466414452,4.127999782562256,4.130000114440918,4.099999904632568,4.099999904632568,710773
2017-10-16,0.005239426624029875,4.113999843597412,4.136000156402588,4.090000152587891,4.130000114440918,695398
2017-10-17,0.005231783725321293,4.107999801635742,4.124000072479248,4.0960001945495605,4.113999843597412,540814
2017-10-18,0.005196123383939266,4.079999923706055,4.113999843597412,4.076000213623047,4.113999843597412,884652
2017-10-19,0.005145183298736811,4.039999961853027,4.0980000495910645,4.01200008392334,4.079999923706055,1206270
2017-10-20,0.005170653574168682,4.059999942779541,4.076000213623047,4.035999774932861,4.050000190734863,1179516
2017-10-23,0.006590047851204872,3.9000000953674316,3.9739999771118164,3.890000104904175,3.9739999771118164,4827776
2017-10-24,0.006613704841583967,3.9140000343322754,3.927999973297119,3.8940000534057617,3.9019999504089355,1038456
2017-10-25,0.006579909473657608,3.8940000534057617,3.946000099182129,3.8940000534057617,3.9100000858306885,1195393
2017-10-26,0.006563012022525072,3.884000062942505,3.9119999408721924,3.878000020980835,3.8940000534057617,1585718
2017-10-27,0.006606947164982557,3.9100000858306885,3.927999973297119,3.8980000019073486,3.8980000019073486,864402
2017-10-30,0.0065832887776196,3.8959999084472656,3.9240000247955322,3.8940000534057617,3.9200000762939453,880162
2017-10-31,0.006708330940455198,3.9700000286102295,4.004000186920166,3.9100000858306885,3.9100000858306885,1859875
2017-11-01,0.006691433489322662,3.9600000381469727,4.0,3.9560000896453857,4.0,903622
2017-11-02,0.006691433489322662,3.9600000381469727,3.9700000286102295,3.937999963760376,3.9600000381469727,798122
2017-11-03,0.00663736229762435,3.927999973297119,3.9519999027252197,3.9159998893737793,3.9519999027252197,655245
2017-11-06,0.006650879513472319,3.936000108718872,3.940000057220459,3.9079999923706055,3.9200000762939453,569225
2017-11-07,0.00663736229762435,3.927999973297119,3.947999954223633,3.9179999828338623,3.936000108718872,463617
2017-11-08,0.006590047851204872,3.9000000953674316,3.934000015258789,3.885999917984009,3.9260001182556152,778106
2017-11-09,0.006566391792148352,3.885999917984009,3.9240000247955322,3.884000062942505,3.9019999504089355,536714
2017-11-10,0.00653259688988328,3.865999937057495,3.9000000953674316,3.859999895095825,3.884000062942505,604332
2017-11-13,0.006468386389315128,3.828000068664551,3.874000072479248,3.818000078201294,3.874000072479248,1206256
2017-11-14,0.006373760290443897,3.7720000743865967,3.8299999237060547,3.759999990463257,3.8259999752044678,1610532
2017-11-15,0.006451490335166454,3.818000078201294,3.818000078201294,3.75600004196167,3.76200008392334,1375090
2017-11-16,0.006475144997239113,3.8320000171661377,3.8580000400543213,3.8239998817443848,3.8259999752044678,674542
2017-11-17,0.006353482604026794,3.759999990463257,3.8399999141693115,3.74399995803833,3.8359999656677246,1439895
2017-11-20,0.006383898667991161,3.7780001163482666,3.805999994277954,3.76200008392334,3.7699999809265137,835645
2017-11-21,0.006414314731955528,3.7960000038146973,3.812000036239624,3.753999948501587,3.7799999713897705,800883
2017-11-22,0.0063906568102538586,3.7820000648498535,3.799999952316284,3.7639999389648438,3.7880001068115234,992165
2017-11-23,0.006373760290443897,3.7720000743865967,3.7839999198913574,3.75600004196167,3.7820000648498535,666796
2017-11-24,0.006373760290443897,3.7720000743865967,3.7799999713897705,3.742000102996826,3.7720000743865967,817038
2017-11-27,0.006356861442327499,3.76200008392334,3.7880001068115234,3.752000093460083,3.759999990463257,605323
2017-11-28,0.006218301132321358,3.680000066757202,3.7139999866485596,3.6600000858306885,3.7100000381469727,2815816
2017-11-29,0.006241958122700453,3.694000005722046,3.747999906539917,3.681999921798706,3.7279999256134033,2473022
2017-11-30,0.006245339754968882,3.696000099182129,3.753999948501587,3.686000108718872,3.7019999027252197,1715247
2017-12-01,0.006231820210814476,3.687999963760376,3.7239999771118164,3.6740000247955322,3.700000047683716,1340060
2017-12-04,0.006387277506291866,3.7799999713897705,3.7799999713897705,3.690000057220459,3.7060000896453857,1866495
2017-12-05,0.006343343760818243,3.753999948501587,3.7780001163482666,3.7320001125335693,3.7699999809265137,1708163
2017-12-07,0.006380518898367882,3.7760000228881836,3.7960000038146973,3.7360000610351562,3.75,1990596
2017-12-08,0.006336585618555546,3.75,3.803999900817871,3.746000051498413,3.7760000228881836,1359444
2017-12-11,0.0063230679370462894,3.742000102996826,3.753999948501587,3.7219998836517334,3.74399995803833,955350
2017-12-12,0.00639741588383913,3.7860000133514404,3.808000087738037,3.742000102996826,3.742000102996826,1490638
2017-12-13,0.006360241677612066,3.7639999389648438,3.7960000038146973,3.753999948501587,3.7760000228881836,816527
2017-12-14,0.0063230679370462894,3.742000102996826,3.7899999618530273,3.742000102996826,3.7639999389648438,1123761
2017-12-15,0.006312928162515163,3.7360000610351562,3.76200008392334,3.7320001125335693,3.75,953469
2017-12-18,0.006356861442327499,3.76200008392334,3.7820000648498535,3.747999906539917,3.747999906539917,1119602
2017-12-19,0.006343343760818243,3.753999948501587,3.7799999713897705,3.752000093460083,3.76200008392334,1220585
2017-12-20,0.0062926518730819225,3.7239999771118164,3.7920000553131104,3.7239999771118164,3.7679998874664307,1724350
2017-12-21,0.0063230679370462894,3.742000102996826,3.74399995803833,3.697999954223633,3.7219998836517334,2161498
2017-12-22,0.006343343760818243,3.753999948501587,3.76200008392334,3.7279999256134033,3.740000009536743,2060035
2017-12-27,0.006339964922517538,3.752000093460083,3.7639999389648438,3.7239999771118164,3.75,2237297
2017-12-28,0.0062926518730819225,3.7239999771118164,3.75,3.7239999771118164,3.746000051498413,1508155
2017-12-29,0.0062926518730819225,3.7239999771118164,3.73799991607666,3.7200000286102295,3.7200000286102295,1845288
2018-01-02,0.006301099434494972,3.7290000915527344,3.752000093460083,3.7179999351501465,3.75,1717521
2018-01-03,0.006345034576952457,3.755000114440918,3.757999897003174,3.7300000190734863,3.757999897003174,1823437
2018-01-04,0.006387277506291866,3.7799999713897705,3.7860000133514404,3.75600004196167,3.759999990463257,1540541
2018-01-05,0.00650556106120348,3.8499999046325684,3.8499999046325684,3.7769999504089355,3.7799999713897705,1306020
2018-01-08,0.006497110705822706,3.8450000286102295,3.859999895095825,3.8239998817443848,3.8499999046325684,2151101
2018-01-09,0.006622154265642166,3.9189999103546143,3.921999931335449,3.864000082015991,3.874000072479248,1970062
2018-01-10,0.006541046779602766,3.871000051498413,3.9200000762939453,3.8570001125335693,3.9200000762939453,2070130
2018-01-11,0.006527527701109648,3.86299991607666,3.8949999809265137,3.815999984741211,3.8949999809265137,2735266
2018-01-12,0.006466696970164776,3.8269999027252197,3.874000072479248,3.812999963760376,3.874000072479248,2671044
2018-01-15,0.006459938827902079,3.822999954223633,3.8350000381469727,3.812000036239624,3.8310000896453857,972911
2018-01-16,0.006459938827902079,3.822999954223633,3.8389999866485596,3.818000078201294,3.822999954223633,1246929
2018-01-17,0.0064075542613863945,3.7920000553131104,3.8289999961853027,3.7920000553131104,3.8269999027252197,3083590
2018-01-18,0.006432901136577129,3.806999921798706,3.809000015258789,3.7679998874664307,3.8010001182556152,1465163
2018-01-19,0.00639741588383913,3.7860000133514404,3.805999994277954,3.7709999084472656,3.805999994277954,2224656
2018-01-22,0.0064244517125189304,3.802000045776367,3.8269999027252197,3.7769999504089355,3.7899999618530273,2443845
2018-01-23,0.006466696970164776,3.8269999027252197,3.8299999237060547,3.802000045776367,3.815999984741211,2535146
2018-01-24,0.006443040445446968,3.812999963760376,3.8320000171661377,3.802999973297119,3.828000068664551,2908405
2018-01-25,0.006387277506291866,3.7799999713897705,3.828000068664551,3.7799999713897705,3.809999942779541,2323009
2018-01-26,0.006672847084701061,3.9489998817443848,3.9579999446868896,3.8320000171661377,3.880000114440918,4987597
2018-01-29,0.0068147871643304825,4.0329999923706055,4.065000057220459,3.9579999446868896,3.9679999351501465,3450098
2018-01-30,0.0067336782813072205,3.984999895095825,4.056000232696533,3.9809999465942383,4.01800012588501,2203035
2018-01-31,0.006823234260082245,4.038000106811523,4.058000087738037,3.9820001125335693,3.990000009536743,2053672
2018-02-01,0.006848580203950405,4.052999973297119,4.0920000076293945,4.038000106811523,4.047999858856201,2908237
2018-02-02,0.0067505743354558945,3.994999885559082,4.057000160217285,3.9779999256134033,4.057000160217285,2416846
2018-02-05,0.006581600289791822,3.8949999809265137,3.9730000495910645,3.8949999809265137,3.9670000076293945,2153055
2018-02-06,0.006355170626193285,3.760999917984009,3.828000068664551,3.753999948501587,3.7690000534057617,4683421
2018-02-07,0.006444728933274746,3.813999891281128,3.8259999752044678,3.76200008392334,3.809000015258789,3052444
2018-02-08,0.006204783450812101,3.671999931335449,3.8010001182556152,3.6619999408721924,3.8010001182556152,7977900
2018-02-09,0.006154092028737068,3.6419999599456787,3.7139999866485596,3.6410000324249268,3.6700000762939453,3614887
2018-02-12,0.006353482604026794,3.759999990463257,3.7790000438690186,3.572999954223633,3.690000057220459,6642300
2018-02-13,0.006324756890535355,3.743000030517578,3.7679998874664307,3.7200000286102295,3.7679998874664307,1592478
2018-02-14,0.0063179973512887955,3.739000082015991,3.7920000553131104,3.7149999141693115,3.7639999389648438,2698262
2018-02-15,0.0063669998198747635,3.7679998874664307,3.808000087738037,3.753999948501587,3.7699999809265137,2766480
2018-02-16,0.006448109168559313,3.815999984741211,3.8340001106262207,3.7839999198913574,3.7929999828338623,2123200
2018-02-19,0.006380518898367882,3.7760000228881836,3.828000068664551,3.76200008392334,3.828000068664551,1679743
2018-02-20,0.006338274572044611,3.750999927520752,3.7960000038146973,3.7300000190734863,3.7780001163482666,2174776
2018-02-21,0.006410934962332249,3.7939999103546143,3.813999891281128,3.753000020980835,3.755000114440918,2226652
2018-02-22,0.006437970325350761,3.809999942779541,3.819999933242798,3.7639999389648438,3.799999952316284,1426641
2018-02-23,0.006514009553939104,3.8550000190734863,3.869999885559082,3.813999891281128,3.819999933242798,1684286
2018-02-26,0.006632292177528143,3.924999952316284,3.9260001182556152,3.875,3.884999990463257,1799881
2018-02-27,0.006584980525076389,3.8970000743865967,3.944000005722046,3.86899995803833,3.934000015258789,1190339
2018-02-28,0.006573150400072336,3.890000104904175,3.8970000743865967,3.861999988555908,3.871000051498413,1359182
2018-03-01,0.006527527701109648,3.86299991607666,3.9100000858306885,3.8589999675750732,3.888000011444092,4054716
2018-03-02,0.006454868242144585,3.819999933242798,3.88700008392334,3.815000057220459,3.8489999771118164,1844182
2018-03-05,0.0065376670099794865,3.86899995803833,3.888000011444092,3.8259999752044678,3.8259999752044678,1736729
2018-03-06,0.0066170827485620975,3.9159998893737793,3.927999973297119,3.882999897003174,3.9010000228881836,2028360
2018-03-07,0.006571460980921984,3.8889999389648438,3.927999973297119,3.872999906539917,3.9000000953674316,1580530
2018-03-08,0.006600186228752136,3.9059998989105225,3.9130001068115234,3.871999979019165,3.8989999294281006,1198865
2018-03-09,0.006633981596678495,3.9260001182556152,3.930000066757202,3.888000011444092,3.9119999408721924,935281
2018-03-12,0.0066407425329089165,3.930000066757202,3.944999933242798,3.9200000762939453,3.934000015258789,1118589
2018-03-13,0.006588357035070658,3.8989999294281006,3.940999984741211,3.884999990463257,3.936000108718872,690453
2018-03-14,0.006620464380830526,3.9179999828338623,3.940000057220459,3.8940000534057617,3.9000000953674316,931150
2018-03-15,0.006664398591965437,3.944000005722046,3.946000099182129,3.9100000858306885,3.9260001182556152,1029893
2018-03-16,0.0066711558029055595,3.947999954223633,3.9570000171661377,3.928999900817871,3.944000005722046,2285946
2018-03-19,0.006610325071960688,3.9119999408721924,3.950000047683716,3.8929998874664307,3.950000047683716,1197129
2018-03-20,0.006517388857901096,3.8570001125335693,3.9159998893737793,3.8389999866485596,3.9110000133514404,1553077
2018-03-21,0.006498801056295633,3.8459999561309814,3.86899995803833,3.8359999656677246,3.859999895095825,921903
2018-03-22,0.006400794722139835,3.7880001068115234,3.8459999561309814,3.7739999294281006,3.8459999561309814,1634611
2018-03-23,0.006454868242144585,3.819999933242798,3.8310000896453857,3.749000072479248,3.75600004196167,2107920
2018-03-26,0.006321377120912075,3.740999937057495,3.8320000171661377,3.73799991607666,3.828000068664551,3001886
2018-03-27,0.0063906568102538586,3.7820000648498535,3.7920000553131104,3.75,3.7890000343322754,2675020
2018-03-28,0.006458246614784002,3.822000026702881,3.8289999961853027,3.7219998836517334,3.750999927520752,2088609
2018-03-29,0.006473454646766186,3.8310000896453857,3.8469998836517334,3.7869999408721924,3.8259999752044678,1319319
2018-04-03,0.006431210786104202,3.805999994277954,3.812999963760376,3.7699999809265137,3.805000066757202,2456364
2018-04-04,0.006400794722139835,3.7880001068115234,3.815000057220459,3.753000020980835,3.815000057220459,2547242
2018-04-05,0.0065376670099794865,3.86899995803833,3.872999906539917,3.815000057220459,3.825000047683716,2691190
2018-04-06,0.006541046779602766,3.871000051498413,3.9049999713897705,3.8440001010894775,3.86299991607666,1681901
2018-04-09,0.006510631181299686,3.8529999256134033,3.8929998874664307,3.8369998931884766,3.882999897003174,1901362
2018-04-10,0.00645655719563365,3.821000099182129,3.878000020980835,3.812999963760376,3.878000020980835,3754906
2018-04-11,0.008825493976473808,3.6510000228881836,3.7190001010894775,3.6480000019073486,3.7100000381469727,4191830
2018-04-12,0.008798903785645962,3.640000104904175,3.6710000038146973,3.621000051498413,3.6589999198913574,2217453
2018-04-13,0.008762643672525883,3.625,3.6679999828338623,3.6080000400543213,3.6579999923706055,2336767
2018-04-16,0.008748139254748821,3.61899995803833,3.634000062942505,3.6019999980926514,3.630000114440918,1704126
2018-04-17,0.008900430053472519,3.681999921798706,3.681999921798706,3.6510000228881836,3.6649999618530273,1897480
2018-04-18,0.008866585791110992,3.6679999828338623,3.687999963760376,3.6530001163482666,3.680000066757202,334571
2018-04-19,0.008900430053472519,3.681999921798706,3.690000057220459,3.6500000953674316,3.6630001068115234,2005425
2018-04-20,0.009640119038522243,3.98799991607666,4.019999980926514,3.8499999046325684,3.8499999046325684,9704458
2018-04-23,0.009922938421368599,4.105000019073486,4.123000144958496,3.9830000400543213,3.996999979019165,7701410
2018-04-24,0.00985525269061327,4.077000141143799,4.11299991607666,4.057000160217285,4.105000019073486,3744045
2018-04-25,0.009908432140946388,4.098999977111816,4.145999908447266,4.052000045776367,4.052000045776367,3083155
2018-04-26,0.009993038140237331,4.133999824523926,4.1479997634887695,4.0980000495910645,4.099999904632568,2590668
2018-04-27,0.009954363107681274,4.118000030517578,4.132999897003174,4.0980000495910645,4.132999897003174,2318623
2018-04-30,0.00996161438524723,4.120999813079834,4.133999824523926,4.107999801635742,4.111999988555908,1437712
2018-05-02,0.009814159944653511,4.059999942779541,4.078000068664551,4.040999889373779,4.056000232696533,2017272
2018-05-03,0.009768231771886349,4.040999889373779,4.067999839782715,4.019999980926514,4.050000190734863,1997036
2018-05-04,0.009831080213189125,4.066999912261963,4.073999881744385,4.0289998054504395,4.050000190734863,1482165
2018-05-07,0.00996161438524723,4.120999813079834,4.130000114440918,4.059999942779541,4.059999942779541,897558
2018-05-08,0.010135657154023647,4.192999839782715,4.203000068664551,4.119999885559082,4.122000217437744,1752447
2018-05-09,0.01015258114784956,4.199999809265137,4.238999843597412,4.158999919891357,4.188000202178955,1715672
2018-05-11,0.010229932144284248,4.23199987411499,4.251999855041504,4.199999809265137,4.199999809265137,1604845
2018-05-14,0.01015258114784956,4.199999809265137,4.257999897003174,4.184999942779541,4.229000091552734,908945
2018-05-15,0.010094564408063889,4.176000118255615,4.210999965667725,4.1529998779296875,4.198999881744385,1353698
2018-05-16,0.01012115553021431,4.186999797821045,4.21999979019165,4.144999980926514,4.170000076293945,776073
2018-05-17,0.010154998861253262,4.201000213623047,4.215000152587891,4.179999828338623,4.186999797821045,936745
2018-05-18,0.010198507457971573,4.218999862670898,4.255000114440918,4.203999996185303,4.209000110626221,1197787
2018-05-21,0.01027586217969656,4.250999927520752,4.270999908447266,4.2210001945495605,4.2210001945495605,754018
2018-05-22,0.010283113457262516,4.254000186920166,4.271999835968018,4.224999904632568,4.26800012588501,1150716
2018-05-23,0.010118740610778332,4.185999870300293,4.22599983215332,4.1620001792907715,4.22599983215332,894985
2018-05-24,0.010159831494092941,4.203000068664551,4.2220001220703125,4.176000118255615,4.185999870300293,774365
2018-05-25,0.009937440976500511,4.111000061035156,4.245999813079834,4.070000171661377,4.203999996185303,3139521
2018-05-28,0.009748895652592182,4.0329999923706055,4.125,4.013999938964844,4.107999801635742,1733659
2018-05-29,0.009652200154960155,3.993000030517578,4.033999919891357,3.9649999141693115,4.0320000648498535,1586987
2018-05-30,0.009833497926592827,4.067999839782715,4.0960001945495605,3.993000030517578,3.993000030517578,1555698
2018-05-31,0.00970779825001955,4.015999794006348,4.079999923706055,4.008999824523926,4.079999923706055,1082805
2018-06-01,0.009787572547793388,4.048999786376953,4.052999973297119,4.006999969482422,4.017000198364258,649811
2018-06-04,0.009864923544228077,4.080999851226807,4.123000144958496,4.046999931335449,4.054999828338623,855636
2018-06-05,0.009891514666378498,4.0920000076293945,4.119999885559082,4.083000183105469,4.083000183105469,769598
2018-06-06,0.009782735258340836,4.046999931335449,4.098999977111816,4.040999889373779,4.09499979019165,882691
2018-06-07,0.00987459346652031,4.085000038146973,4.11899995803833,4.050000190734863,4.086999893188477,950167
2018-06-08,0.00996161438524723,4.120999813079834,4.144000053405762,4.084000110626221,4.119999885559082,1694475
2018-06-11,0.010123571380972862,4.188000202178955,4.195000171661377,4.119999885559082,4.139999866485596,847193
2018-06-12,0.010092146694660187,4.175000190734863,4.188000202178955,4.140999794006348,4.188000202178955,807670
2018-06-13,0.010036548599600792,4.1519999504089355,4.176000118255615,4.139999866485596,4.169000148773193,1899850
2018-06-14,0.010256522335112095,4.243000030517578,4.244999885559082,4.125,4.140999794006348,1156840
2018-06-15,0.01006072387099266,4.1620001792907715,4.245999813079834,4.1570000648498535,4.243000030517578,1113444
2018-06-18,0.009922938421368599,4.105000019073486,4.145999908447266,4.085000038146973,4.138999938964844,1000271
2018-06-19,0.00986250676214695,4.079999923706055,4.098999977111816,4.059999942779541,4.078000068664551,1003236
2018-06-20,0.009896346367895603,4.093999862670898,4.126999855041504,4.078999996185303,4.078999996185303,732757
2018-06-21,0.00973197165876627,4.026000022888184,4.103000164031982,4.021999835968018,4.090000152587891,1035685
2018-06-25,0.00968846119940281,4.007999897003174,4.041999816894531,4.0,4.041999816894531,698688
2018-06-26,0.009724720381200314,4.0229997634887695,4.038000106811523,4.006999969482422,4.011000156402588,557051
2018-06-27,0.009698131121695042,4.01200008392334,4.031000137329102,3.9619998931884766,4.0,944662
2018-06-28,0.009395970031619072,3.88700008392334,3.9670000076293945,3.878999948501587,3.9660000801086426,2072806
2018-06-29,0.009475739672780037,3.9200000762939453,3.9579999446868896,3.9070000648498535,3.927000045776367,992062
2018-07-02,0.009427395649254322,3.9000000953674316,3.9200000762939453,3.888000011444092,3.9089999198913574,839747
2018-07-03,0.009596604853868484,3.9700000286102295,3.9800000190734863,3.9159998893737793,3.9159998893737793,1116989
2018-07-04,0.009715049527585506,4.019000053405762,4.039000034332275,3.9719998836517334,3.9800000190734863,786957
2018-07-05,0.009717469103634357,4.019999980926514,4.054999828338623,3.999000072479248,4.019000053405762,971580
2018-07-06,0.009840749204158783,4.071000099182129,4.071000099182129,4.020999908447266,4.0279998779296875,1027127
2018-07-09,0.00989393051713705,4.0929999351501465,4.0929999351501465,4.059999942779541,4.071000099182129,672426
2018-07-10,0.009835917502641678,4.068999767303467,4.0929999351501465,4.052999973297119,4.0929999351501465,713481
2018-07-11,0.009693297557532787,4.010000228881836,4.057000160217285,4.007999897003174,4.046000003814697,835573
2018-07-12,0.009715049527585506,4.019000053405762,4.0320000648498535,3.994999885559082,4.010000228881836,667404
2018-07-13,0.009623194113373756,3.9809999465942383,4.034999847412109,3.9809999465942383,4.020999908447266,848786
2018-07-16,0.00959177128970623,3.9679999351501465,4.004000186920166,3.9519999027252197,3.986999988555908,820467
2018-07-17,0.009231596253812313,3.819000005722046,3.986999988555908,3.809999942779541,3.9709999561309814,3241161
2018-07-18,0.009323451668024063,3.8570001125335693,3.8989999294281006,3.825000047683716,3.8259999752044678,1417511
2018-07-19,0.009258185513317585,3.8299999237060547,3.875,3.816999912261963,3.865000009536743,1480549
2018-07-20,0.009108313359320164,3.7679998874664307,3.884999990463257,3.693000078201294,3.8399999141693115,4204622
2018-07-23,0.009439482353627682,3.9049999713897705,3.9170000553131104,3.799999952316284,3.806999921798706,2846876
2018-07-24,0.009526504203677177,3.940999984741211,3.947999954223633,3.9110000133514404,3.9200000762939453,1751879
2018-07-25,0.009673956781625748,4.001999855041504,4.019000053405762,3.940999984741211,3.947999954223633,2023100
2018-07-26,0.009763398207724094,4.039000034332275,4.040999889373779,4.007999897003174,4.02400016784668,1585315
2018-07-27,0.009910850785672665,4.099999904632568,4.107999801635742,4.044000148773193,4.044000148773193,1564802
2018-07-30,0.009944695979356766,4.113999843597412,4.119999885559082,4.091000080108643,4.103000164031982,1110079
2018-07-31,0.00993502326309681,4.110000133514404,4.144000053405762,4.0970001220703125,4.110000133514404,1478589
2018-08-01,0.009959198534488678,4.119999885559082,4.13100004196167,4.098999977111816,4.110000133514404,779872
2018-08-02,0.009966449812054634,4.123000144958496,4.144999980926514,4.10699987411499,4.114999771118164,930402
2018-08-03,0.010118740610778332,4.185999870300293,4.185999870300293,4.131999969482422,4.138999938964844,947464
2018-08-06,0.010101815685629845,4.178999900817871,4.190999984741211,4.151000022888184,4.178999900817871,813178
2018-08-07,0.010063142515718937,4.163000106811523,4.182000160217285,4.158999919891357,4.172999858856201,875177
2018-08-08,0.009976117871701717,4.126999855041504,4.163000106811523,4.081999778747559,4.113999843597412,977137
2018-08-09,0.00997853558510542,4.127999782562256,4.129000186920166,4.0980000495910645,4.120999813079834,666009
2018-08-10,0.009833497926592827,4.067999839782715,4.130000114440918,4.066999912261963,4.111999988555908,1097713
2018-08-13,0.009768231771886349,4.040999889373779,4.052000045776367,4.011000156402588,4.052000045776367,2011011
2018-08-14,0.009780320338904858,4.046000003814697,4.071000099182129,4.039999961853027,4.052000045776367,1134671
2018-08-15,0.00967637449502945,4.002999782562256,4.065000057220459,4.0,4.050000190734863,886916
2018-08-16,0.009787572547793388,4.048999786376953,4.048999786376953,4.004000186920166,4.004000186920166,742944
2018-08-17,0.00973439123481512,4.0269999504089355,4.061999797821045,4.005000114440918,4.050000190734863,907387
2018-08-20,0.00970296747982502,4.013999938964844,4.046000003814697,4.00600004196167,4.039999961853027,2485989
2018-08-21,0.009690877981483936,4.008999824523926,4.020999908447266,4.004000186920166,4.013999938964844,1359286
2018-08-22,0.009729552082717419,4.025000095367432,4.052000045776367,4.006999969482422,4.010000228881836,774364
2018-08-23,0.009727136231958866,4.02400016784668,4.056000232696533,4.015999794006348,4.0320000648498535,2162015
2018-08-24,0.009657034650444984,3.994999885559082,4.026000022888184,3.986999988555908,4.02400016784668,1739110
2018-08-27,0.009475739672780037,3.9200000762939453,3.99399995803833,3.9149999618530273,3.99399995803833,2865983
2018-08-28,0.009364545345306396,3.874000072479248,3.930000066757202,3.8499999046325684,3.924999952316284,3031020
2018-08-29,0.009417726658284664,3.8959999084472656,3.9089999198913574,3.868000030517578,3.878000020980835,1464335
2018-08-30,0.009301697835326195,3.8480000495910645,3.8959999084472656,3.8420000076293945,3.885999917984009,2459350
2018-08-31,0.009265437722206116,3.8329999446868896,3.8589999675750732,3.828000068664551,3.8499999046325684,1277148
2018-09-03,0.00946123618632555,3.9140000343322754,3.9210000038146973,3.8440001010894775,3.8440001010894775,2526067
2018-09-04,0.00926301907747984,3.8320000171661377,3.9200000762939453,3.816999912261963,3.9200000762939453,2701309
2018-09-05,0.009171164594590664,3.7939999103546143,3.8399999141693115,3.7829999923706055,3.8399999141693115,2027115
2018-09-06,0.00913973804563284,3.7809998989105225,3.812000036239624,3.76200008392334,3.7939999103546143,1835591
2018-09-07,0.009190501645207405,3.802000045776367,3.815000057220459,3.7739999294281006,3.7950000762939453,1789275
2018-09-10,0.009292026050388813,3.8440001010894775,3.871999979019165,3.815000057220459,3.825000047683716,1442585
2018-09-11,0.009340372867882252,3.864000082015991,3.871000051498413,3.8269999027252197,3.8499999046325684,1273869
2018-09-12,0.009383885189890862,3.881999969482422,3.8919999599456787,3.8499999046325684,3.869999885559082,1205024
2018-09-13,0.009395970031619072,3.88700008392334,3.9170000553131104,3.872999906539917,3.882999897003174,1250819
2018-09-14,0.009415309876203537,3.8949999809265137,3.9040000438690186,3.875999927520752,3.9040000438690186,814670
2018-09-17,0.00950474664568901,3.931999921798706,3.934000015258789,3.880000114440918,3.8949999809265137,1109025
2018-09-18,0.009519251994788647,3.937999963760376,3.9539999961853027,3.9210000038146973,3.934000015258789,1103597
2018-09-19,0.009582100436091423,3.9639999866485596,3.9769999980926514,3.947999954223633,3.947999954223633,3130653
2018-09-20,0.009596604853868484,3.9700000286102295,3.9860000610351562,3.953000068664551,3.9630000591278076,1468863
2018-09-21,0.009640119038522243,3.98799991607666,4.0,3.9730000495910645,3.9760000705718994,1537272
2018-09-24,0.009579683654010296,3.9630000591278076,3.98799991607666,3.9560000896453857,3.9800000190734863,811606
2018-09-25,0.009625611826777458,3.9820001125335693,3.993000030517578,3.9660000801086426,3.9660000801086426,1056116
2018-09-26,0.009606273844838142,3.9739999771118164,3.990999937057495,3.9560000896453857,3.990999937057495,965014
2018-09-27,0.009710217826068401,4.017000198364258,4.0229997634887695,3.9639999866485596,3.9739999771118164,1325288
2018-09-28,0.009572436101734638,3.9600000381469727,4.019999980926514,3.9489998817443848,4.019999980926514,1751996
2018-10-01,0.009403222240507603,3.890000104904175,3.9679999351501465,3.888000011444092,3.9609999656677246,4230211
2018-10-02,0.00942497793585062,3.8989999294281006,3.9149999618530273,3.88100004196167,3.9000000953674316,1922147
2018-10-03,0.009538590908050537,3.946000099182129,3.9630000591278076,3.8989999294281006,3.9000000953674316,1290707
2018-10-04,0.009507169015705585,3.933000087738037,3.9590001106262207,3.9119999408721924,3.9590001106262207,987025
2018-10-05,0.009490244090557098,3.9260001182556152,3.9519999027252197,3.9130001068115234,3.928999900817871,383337
2018-10-08,0.009458821266889572,3.9130001068115234,3.943000078201294,3.9100000858306885,3.927000045776367,826571
2018-10-09,0.009514418430626392,3.936000108718872,3.943000078201294,3.9130001068115234,3.9260001182556152,834929
2018-10-10,0.00967153999954462,4.000999927520752,4.053999900817871,3.930000066757202,3.930000066757202,2244841
2018-10-11,0.009533756412565708,3.944000005722046,4.046000003814697,3.9210000038146973,3.9210000038146973,2887084
2018-10-12,0.009415309876203537,3.8949999809265137,3.9839999675750732,3.888000011444092,3.9690001010894775,1507473
2018-10-15,0.009601438418030739,3.9719998836517334,3.9760000705718994,3.875999927520752,3.890000104904175,984504
2018-10-16,0.009712635539472103,4.01800012588501,4.01800012588501,3.940000057220459,3.9800000190734863,1214904
2018-10-17,0.009741643443703651,4.03000020980835,4.060999870300293,4.0,4.010000228881836,1895416
2018-10-18,0.009736807085573673,4.0279998779296875,4.110000133514404,4.0279998779296875,4.0320000648498535,3013459
2018-10-19,0.013197803869843483,3.9010000228881836,3.98799991607666,3.7660000324249268,3.98799991607666,5104780
2018-10-22,0.013326364569365978,3.938999891281128,3.950000047683716,3.867000102996826,3.9000000953674316,1078961
2018-10-23,0.013197803869843483,3.9010000228881836,3.9730000495910645,3.8959999084472656,3.921999931335449,2055695
2018-10-24,0.01338388305157423,3.9560000896453857,4.021999835968018,3.9079999923706055,3.9140000343322754,1509959
2018-10-25,0.013265470042824745,3.9210000038146973,3.927999973297119,3.869999885559082,3.880000114440918,1276606
2018-10-26,0.012906852178275585,3.815000057220459,3.9010000228881836,3.7860000133514404,3.9010000228881836,1546513
2018-10-29,0.013194423168897629,3.9000000953674316,3.9159998893737793,3.802000045776367,3.8299999237060547,1642556
2018-10-30,0.013336515054106712,3.941999912261963,3.9509999752044678,3.8980000019073486,3.9079999923706055,964234
2018-10-31,0.013492143712937832,3.98799991607666,3.98799991607666,3.927000045776367,3.9590001106262207,852114
2018-11-01,0.01354965753853321,4.005000114440918,4.047999858856201,3.9769999980926514,3.99399995803833,1007043
2018-11-02,0.013573339208960533,4.01200008392334,4.046000003814697,4.00600004196167,4.03000020980835,457877
2018-11-05,0.013769564218819141,4.070000171661377,4.073999881744385,4.019999980926514,4.019999980926514,1375581
2018-11-06,0.013661299832165241,4.038000106811523,4.090000152587891,4.031000137329102,4.079999923706055,437313
2018-11-07,0.013789866119623184,4.076000213623047,4.093999862670898,4.044000148773193,4.044000148773193,671738
2018-11-08,0.013887973502278328,4.105000019073486,4.107999801635742,4.080999851226807,4.0879998207092285,497777
2018-11-09,0.013850760646164417,4.093999862670898,4.11299991607666,4.080999851226807,4.085999965667725,414456
2018-11-12,0.013830459676682949,4.0879998207092285,4.105999946594238,4.074999809265137,4.0929999351501465,575526
2018-11-13,0.013840612955391407,4.091000080108643,4.105999946594238,4.070000171661377,4.086999893188477,651722
2018-11-14,0.01363423652946949,4.03000020980835,4.079999923706055,4.02400016784668,4.079999923706055,635108
2018-11-15,0.013583490625023842,4.014999866485596,4.064000129699707,3.994999885559082,4.031000137329102,753274
2018-11-16,0.013566573150455952,4.010000228881836,4.033999919891357,3.9820001125335693,4.014999866485596,1056231
2018-11-19,0.013468458317220211,3.9809999465942383,4.0329999923706055,3.9809999465942383,4.010000228881836,882521
2018-11-20,0.01312675978988409,3.880000114440918,3.9800000190734863,3.880000114440918,3.9800000190734863,813711
2018-11-21,0.01328576635569334,3.927000045776367,3.936000108718872,3.878000020980835,3.9000000953674316,486237
2018-11-22,0.013167357072234154,3.8919999599456787,3.930000066757202,3.8919999599456787,3.927000045776367,364323
2018-11-23,0.013255319558084011,3.9179999828338623,3.933000087738037,3.88700008392334,3.8989999294281006,325507
2018-11-26,0.01358687225729227,4.015999794006348,4.040999889373779,3.930000066757202,3.930000066757202,506090
2018-11-27,0.013735732063651085,4.059999942779541,4.080999851226807,4.000999927520752,4.000999927520752,1284794
2018-11-28,0.013823695480823517,4.085999965667725,4.1529998779296875,4.079999923706055,4.079999923706055,1074775
2018-11-29,0.013749266043305397,4.064000129699707,4.11899995803833,4.061999797821045,4.105000019073486,451447
2018-11-30,0.013766179792582989,4.068999767303467,4.093999862670898,4.044000148773193,4.063000202178955,609443
2018-12-03,0.013867676258087158,4.098999977111816,4.127999782562256,4.072000026702881,4.110000133514404,732626
2018-12-04,0.01388121023774147,4.103000164031982,4.127999782562256,4.0879998207092285,4.0879998207092285,670872
2018-12-05,0.013796632178127766,4.078000068664551,4.113999843597412,4.050000190734863,4.090000152587891,457411
2018-12-07,0.0136985182762146,4.048999786376953,4.107999801635742,4.0320000648498535,4.050000190734863,1090547
2018-12-10,0.013573339208960533,4.01200008392334,4.070000171661377,4.01200008392334,4.020999908447266,1208243
2018-12-11,0.013935339637100697,4.11899995803833,4.139999866485596,4.02400016784668,4.02400016784668,1115929
2018-12-12,0.014070665463805199,4.158999919891357,4.160999774932861,4.110000133514404,4.132999897003174,1039813
2018-12-13,0.014050369150936604,4.1529998779296875,4.203999996185303,4.1529998779296875,4.164000034332275,1134391
2018-12-14,0.01429733820259571,4.22599983215332,4.239999771118164,4.142000198364258,4.142000198364258,917571
2018-12-17,0.014348087832331657,4.241000175476074,4.269999980926514,4.224999904632568,4.229000091552734,807813
2018-12-18,0.01411126647144556,4.171000003814697,4.26800012588501,4.165999889373779,4.239999771118164,964258
2018-12-19,0.014141714200377464,4.179999828338623,4.2129998207092285,4.170000076293945,4.170000076293945,651864
2018-12-20,0.01408420316874981,4.163000106811523,4.185999870300293,4.11899995803833,4.151000022888184,941170
2018-12-21,0.01394549012184143,4.122000217437744,4.14300012588501,4.043000221252441,4.119999885559082,919570
2018-12-27,0.013515823520720005,3.994999885559082,4.111999988555908,3.990000009536743,4.086999893188477,1195487
2018-12-28,0.013789866119623184,4.076000213623047,4.117000102996826,3.994999885559082,4.0,988115
2019-01-02,0.013996236026287079,4.13700008392334,4.144999980926514,4.053999900817871,4.080999851226807,537882
2019-01-03,0.01410449855029583,4.169000148773193,4.181000232696533,4.099999904632568,4.117000102996826,685749
2019-01-04,0.014212762005627155,4.201000213623047,4.211999893188477,4.160999774932861,4.160999774932861,666164
2019-01-07,0.014182313345372677,4.191999912261963,4.21999979019165,4.171999931335449,4.209000110626221,1265441
2019-01-08,0.014219528064131737,4.203000068664551,4.232999801635742,4.14900016784668,4.14900016784668,1743176
2019-01-09,0.014168779365718365,4.188000202178955,4.208000183105469,4.158999919891357,4.203000068664551,1804925
2019-01-10,0.01415186282247305,4.183000087738037,4.197999954223633,4.1620001792907715,4.181000232696533,514309
2019-01-11,0.014087582007050514,4.164000034332275,4.184000015258789,4.1529998779296875,4.160999774932861,813345
2019-01-14,0.013931958004832268,4.118000030517578,4.164000034332275,4.114999771118164,4.151000022888184,420503
2019-01-15,0.013877827674150467,4.1020002365112305,4.1479997634887695,4.081999778747559,4.13100004196167,874553
2019-01-16,0.013779714703559875,4.072999954223633,4.119999885559082,4.048999786376953,4.103000164031982,1091456
2019-01-17,0.013756033033132553,4.065999984741211,4.074999809265137,4.0370001792907715,4.074999809265137,937884
2019-01-18,0.013904890045523643,4.110000133514404,4.110000133514404,4.051000118255615,4.071000099182129,1244639
2019-01-21,0.0138609129935503,4.0970001220703125,4.119999885559082,4.077000141143799,4.10099983215332,607816
2019-01-22,0.01377294585108757,4.071000099182129,4.110000133514404,4.052999973297119,4.081999778747559,512273
2019-01-23,0.01377294585108757,4.071000099182129,4.099999904632568,4.039999961853027,4.068999767303467,446733
2019-01-24,0.013722200877964497,4.056000232696533,4.080999851226807,4.0269999504089355,4.076000213623047,1130389
2019-01-25,0.013028648681938648,3.8510000705718994,3.9820001125335693,3.8420000076293945,3.9800000190734863,5561451
2019-01-28,0.012994813732802868,3.8410000801086426,3.865000009536743,3.805999994277954,3.865000009536743,3985330
2019-01-29,0.013052328489720821,3.8580000400543213,3.871999979019165,3.8359999656677246,3.8429999351501465,3611750
2019-01-30,0.012944064103066921,3.8259999752044678,3.8580000400543213,3.7869999408721924,3.8580000400543213,2084413
2019-01-31,0.012835804373025894,3.7939999103546143,3.8429999351501465,3.7839999198913574,3.8259999752044678,3012180
2019-02-01,0.012849340215325356,3.7980000972747803,3.822999954223633,3.7780001163482666,3.811000108718872,1715462
2019-02-04,0.012751225382089615,3.7690000534057617,3.8299999237060547,3.750999927520752,3.8299999237060547,1879843
2019-02-05,0.01292715035378933,3.821000099182129,3.821000099182129,3.7699999809265137,3.7750000953674316,1227383
2019-02-06,0.012862874194979668,3.802000045776367,3.8450000286102295,3.7950000762939453,3.808000087738037,1582086
2019-02-07,0.012747841887176037,3.7679998874664307,3.802000045776367,3.75,3.799999952316284,1799140
2019-02-08,0.012588833458721638,3.7209999561309814,3.760999917984009,3.7079999446868896,3.75,1916789
2019-02-11,0.012781673111021519,3.7780001163482666,3.7780001163482666,3.7330000400543213,3.734999895095825,759809
2019-02-12,0.012700476683676243,3.753999948501587,3.802999973297119,3.750999927520752,3.7950000762939453,706413
2019-02-13,0.012795205228030682,3.7820000648498535,3.7980000972747803,3.746000051498413,3.765000104904175,1152192
2019-02-14,0.012690328061580658,3.750999927520752,3.7909998893737793,3.7330000400543213,3.7909998893737793,996673
2019-02-15,0.012815504334867,3.7880001068115234,3.7980000972747803,3.750999927520752,3.750999927520752,1012480
2019-02-18,0.012869637459516525,3.803999900817871,3.803999900817871,3.7750000953674316,3.7899999618530273,588491
2019-02-19,0.012768140994012356,3.7739999294281006,3.8239998817443848,3.753000020980835,3.805000066757202,1063530
2019-02-20,0.012859487906098366,3.8010001182556152,3.808000087738037,3.765000104904175,3.7860000133514404,791636
2019-02-21,0.012886551208794117,3.809000015258789,3.8350000381469727,3.7850000858306885,3.799999952316284,1073860
2019-02-22,0.012944064103066921,3.8259999752044678,3.8489999771118164,3.7790000438690186,3.805000066757202,1030631
2019-02-25,0.01296436507254839,3.8320000171661377,3.8580000400543213,3.809999942779541,3.8480000495910645,565059
2019-02-26,0.012967751361429691,3.8329999446868896,3.8380000591278076,3.7990000247955322,3.8310000896453857,718940
2019-02-27,0.0129237687215209,3.819999933242798,3.8359999656677246,3.809000015258789,3.8329999446868896,1112436
2019-02-28,0.012903468683362007,3.813999891281128,3.8369998931884766,3.799999952316284,3.815000057220459,1646651
2019-03-01,0.012835804373025894,3.7939999103546143,3.818000078201294,3.7780001163482666,3.818000078201294,2593937
2019-03-04,0.012903468683362007,3.813999891281128,3.821000099182129,3.796999931335449,3.7990000247955322,1406033
2019-03-05,0.012984665110707283,3.8380000591278076,3.8459999561309814,3.796999931335449,3.809999942779541,1189681
2019-03-06,0.01296436507254839,3.8320000171661377,3.8570001125335693,3.816999912261963,3.8410000801086426,606038
2019-03-07,0.01303541287779808,3.8529999256134033,3.881999969482422,3.8359999656677246,3.8489999771118164,755216
2019-03-08,0.013170737773180008,3.8929998874664307,3.8980000019073486,3.819999933242798,3.8310000896453857,1204533
2019-03-11,0.01328238658607006,3.9260001182556152,3.934999942779541,3.9030001163482666,3.9030001163482666,1201398
2019-03-12,0.013350049965083599,3.946000099182129,3.9590001106262207,3.930000066757202,3.940999984741211,1271962
2019-03-13,0.013421094045042992,3.9670000076293945,3.9760000705718994,3.934000015258789,3.944000005722046,770077
2019-03-14,0.013600400649011135,4.019999980926514,4.026000022888184,3.9670000076293945,3.9670000076293945,1238669
2019-03-15,0.0136985182762146,4.048999786376953,4.066999912261963,4.006999969482422,4.025000095367432,1226675
2019-03-18,0.013813547790050507,4.083000183105469,4.0960001945495605,4.050000190734863,4.060999870300293,1888343
2019-03-19,0.013864291831851006,4.0980000495910645,4.135000228881836,4.074999809265137,4.085999965667725,1543179
2019-03-20,0.013904890045523643,4.110000133514404,4.129000186920166,4.0879998207092285,4.098999977111816,1262651
2019-03-21,0.013877827674150467,4.1020002365112305,4.126999855041504,4.056000232696533,4.1020002365112305,1273744
2019-03-22,0.013593637384474277,4.01800012588501,4.105000019073486,4.01800012588501,4.1020002365112305,2173012
2019-03-25,0.013546274974942207,4.004000186920166,4.063000202178955,4.004000186920166,4.01800012588501,829570
2019-03-26,0.013485375791788101,3.9860000610351562,4.008999824523926,3.9230000972747803,3.940000057220459,1918466
2019-03-27,0.013651153072714806,4.034999847412109,4.052000045776367,3.9670000076293945,3.9839999675750732,1704933
2019-03-28,0.013556423597037792,4.006999969482422,4.039999961853027,3.993000030517578,4.034999847412109,588801
2019-03-29,0.013644387014210224,4.0329999923706055,4.067999839782715,3.99399995803833,4.051000118255615,848069
2019-04-01,0.013769564218819141,4.070000171661377,4.070000171661377,4.019499778747559,4.050000190734863,823961
2019-04-02,0.01363423652946949,4.03000020980835,4.072000026702881,4.006999969482422,4.070000171661377,2090587
2019-04-03,0.013803397305309772,4.079999923706055,4.089000225067139,4.020999908447266,4.031000137329102,1732737
2019-04-04,0.013695135712623596,4.047999858856201,4.076000213623047,4.025000095367432,4.066999912261963,2516752
2019-04-05,0.013756033033132553,4.065999984741211,4.076000213623047,4.040999889373779,4.050000190734863,627237
2019-04-08,0.013715432025492191,4.053999900817871,4.066999912261963,4.039999961853027,4.065999984741211,1140621
2019-04-09,0.0137526486068964,4.065000057220459,4.081999778747559,4.040999889373779,4.056000232696533,1794774
2019-04-10,0.013867676258087158,4.098999977111816,4.105000019073486,4.065999984741211,4.071000099182129,1980865
2019-04-11,0.018784785643219948,3.9539999961853027,4.0,3.946000099182129,4.0,1534346
2019-04-12,0.018699271604418755,3.936000108718872,3.9539999961853027,3.9179999828338623,3.941999912261963,781833
2019-04-15,0.018784785643219948,3.9539999961853027,3.9570000171661377,3.934999942779541,3.936000108718872,449874
2019-04-16,0.018765784800052643,3.950000047683716,3.9749999046325684,3.9489998817443848,3.9519999027252197,597541
2019-04-17,0.01864701136946678,3.924999952316284,3.9489998817443848,3.9079999923706055,3.9489998817443848,822564
2019-04-18,0.01862325519323349,3.9200000762939453,3.940000057220459,3.9119999408721924,3.9260001182556152,390712
2019-04-23,0.018613755702972412,3.9179999828338623,3.9260001182556152,3.9010000228881836,3.9200000762939453,690703
2019-04-24,0.018376216292381287,3.868000030517578,3.9200000762939453,3.867000102996826,3.9200000762939453,695660
2019-04-25,0.018328705802559853,3.8580000400543213,3.8980000019073486,3.821000099182129,3.868000030517578,1259635
2019-04-26,0.01830494962632656,3.8529999256134033,3.875,3.8259999752044678,3.8519999980926514,588889
2019-04-29,0.018224190920591354,3.8359999656677246,3.8459999561309814,3.821000099182129,3.8450000286102295,980843
2019-04-30,0.018138673156499863,3.818000078201294,3.8399999141693115,3.805000066757202,3.828000068664551,923156
2019-05-02,0.017939135432243347,3.7760000228881836,3.816999912261963,3.7669999599456787,3.7899999618530273,817781
2019-05-03,0.01811016909778118,3.812000036239624,3.816999912261963,3.7699999809265137,3.7699999809265137,630587
2019-05-06,0.017934387549757957,3.7750000953674316,3.7829999923706055,3.760999917984009,3.7829999923706055,689049
2019-05-07,0.017882125452160835,3.7639999389648438,3.811000108718872,3.759999990463257,3.7760000228881836,654460
2019-05-08,0.017929639667272568,3.7739999294281006,3.7869999408721924,3.763000011444092,3.7660000324249268,426393
2019-05-09,0.017625587061047554,3.7100000381469727,3.765000104904175,3.7100000381469727,3.759999990463257,971069
2019-05-10,0.017787110060453415,3.74399995803833,3.759999990463257,3.7190001010894775,3.7260000705718994,626964
2019-05-13,0.0175258107483387,3.688999891281128,3.743000030517578,3.678999900817871,3.743000030517578,749337
2019-05-14,0.017730101943016052,3.7320001125335693,3.744999885559082,3.690000057220459,3.697999954223633,826943
2019-05-15,0.01780136302113533,3.746999979019165,3.746999979019165,3.7079999446868896,3.739000082015991,325065
2019-05-16,0.017948638647794724,3.7780001163482666,3.7780001163482666,3.736999988555908,3.746999979019165,660551
2019-05-17,0.01799614727497101,3.7880001068115234,3.7880001068115234,3.75,3.765000104904175,504934
2019-05-20,0.01802465133368969,3.7939999103546143,3.809999942779541,3.7780001163482666,3.7880001068115234,277363
2019-05-21,0.01792488805949688,3.7730000019073486,3.809999942779541,3.7660000324249268,3.7799999713897705,587041
2019-05-22,0.017872624099254608,3.76200008392334,3.7869999408721924,3.755000114440918,3.7809998989105225,278560
2019-05-23,0.01774435117840767,3.734999895095825,3.7699999809265137,3.7279999256134033,3.759999990463257,341544
2019-05-24,0.01790113002061844,3.7679998874664307,3.7899999618530273,3.7290000915527344,3.742000102996826,507385
2019-05-27,0.01795814000070095,3.7799999713897705,3.809999942779541,3.7720000743865967,3.7720000743865967,280558
2019-05-28,0.01796763949096203,3.7820000648498535,3.806999921798706,3.747999906539917,3.806999921798706,1032812
2019-05-29,0.017682591453194618,3.7219998836517334,3.7750000953674316,3.7219998836517334,3.759999990463257,774425
2019-05-31,0.017825115472078323,3.752000093460083,3.755000114440918,3.7179999351501465,3.753999948501587,2447758
2019-06-03,0.017877375707030296,3.763000011444092,3.763000011444092,3.7160000801086426,3.7360000610351562,1740357
2019-06-04,0.017844121903181076,3.75600004196167,3.7709999084472656,3.734999895095825,3.756999969482422,659181
2019-06-05,0.017943892627954483,3.7769999504089355,3.7939999103546143,3.750999927520752,3.756999969482422,381188
2019-06-06,0.018005652353167534,3.7899999618530273,3.813999891281128,3.7799999713897705,3.7799999713897705,346895
2019-06-07,0.018152926117181778,3.821000099182129,3.821000099182129,3.7699999809265137,3.7899999618530273,583950
2019-06-10,0.01818617805838585,3.828000068664551,3.8399999141693115,3.812000036239624,3.821000099182129,274048
2019-06-11,0.018190935254096985,3.8289999961853027,3.8369998931884766,3.819999933242798,3.8289999961853027,273314
2019-06-12,0.018214689567685127,3.8340001106262207,3.8440001010894775,3.803999900817871,3.818000078201294,424294
2019-06-13,0.018285946920514107,3.8489999771118164,3.869999885559082,3.8269999027252197,3.8269999027252197,635503
2019-06-14,0.01847122795879841,3.888000011444092,3.8940000534057617,3.8320000171661377,3.8459999561309814,718939
2019-06-17,0.018385712057352066,3.869999885559082,3.9000000953674316,3.86899995803833,3.882999897003174,235669
2019-06-18,0.01874678023159504,3.946000099182129,3.9489998817443848,3.871000051498413,3.871999979019165,587425
2019-06-19,0.01851399429142475,3.8970000743865967,3.938999891281128,3.8929998874664307,3.938999891281128,520808
2019-06-20,0.018613755702972412,3.9179999828338623,3.950000047683716,3.9110000133514404,3.927000045776367,838562
2019-06-24,0.018542494624853134,3.9030001163482666,3.927999973297119,3.88700008392334,3.9100000858306885,276333
2019-06-25,0.018694519996643066,3.934999942779541,3.941999912261963,3.8919999599456787,3.9049999713897705,628022
2019-06-26,0.018670769408345222,3.930000066757202,3.938999891281128,3.9149999618530273,3.937000036239624,370803
2019-06-27,0.018504489213228226,3.8949999809265137,3.930000066757202,3.890000104904175,3.930000066757202,392866
2019-06-28,0.018599504604935646,3.9149999618530273,3.934000015258789,3.8919999599456787,3.8919999599456787,693147
2019-07-01,0.019012823700904846,4.001999855041504,4.015999794006348,3.944999933242798,3.944999933242798,1228703
2019-07-02,0.01924561709165573,4.051000118255615,4.054999828338623,3.993000030517578,4.000999927520752,1136210
2019-07-03,0.01945940963923931,4.0960001945495605,4.111999988555908,4.041999816894531,4.047999858856201,851649
2019-07-04,0.019454652443528175,4.09499979019165,4.105999946594238,4.079999923706055,4.086999893188477,421242
2019-07-05,0.01943564973771572,4.091000080108643,4.117000102996826,4.073999881744385,4.099999904632568,647333
2019-07-08,0.01952592097222805,4.110000133514404,4.126999855041504,4.072999954223633,4.076000213623047,804273
2019-07-09,0.019454652443528175,4.09499979019165,4.111999988555908,4.071000099182129,4.098999977111816,616565
2019-07-10,0.019430894404649734,4.090000152587891,4.116000175476074,4.071000099182129,4.078000068664551,420416
2019-07-11,0.01953066885471344,4.111000061035156,4.131999969482422,4.1020002365112305,4.111999988555908,718043
2019-07-12,0.019506914541125298,4.105999946594238,4.14300012588501,4.1020002365112305,4.110000133514404,924409
2019-07-15,0.019478410482406616,4.099999904632568,4.126999855041504,4.066999912261963,4.099999904632568,537551
2019-07-16,0.01921236701309681,4.044000148773193,4.0929999351501465,4.031000137329102,4.079999923706055,553856
2019-07-17,0.019136350601911545,4.0279998779296875,4.058000087738037,4.019999980926514,4.034999847412109,434541
2019-07-18,0.019383393228054047,4.079999923706055,4.129000186920166,4.014999866485596,4.0279998779296875,1067964
2019-07-19,0.01924561709165573,4.051000118255615,4.09499979019165,4.033999919891357,4.080999851226807,733330
2019-07-22,0.01922660879790783,4.046999931335449,4.074999809265137,4.039999961853027,4.043000221252441,568523
2019-07-23,0.019335882738232613,4.070000171661377,4.070000171661377,4.03000020980835,4.050000190734863,505739
2019-07-24,0.01928837224841118,4.059999942779541,4.070000171661377,4.02400016784668,4.058000087738037,751862
2019-07-25,0.019145846366882324,4.03000020980835,4.090000152587891,4.019999980926514,4.063000202178955,249488
2019-07-26,0.019297877326607704,4.061999797821045,4.067999839782715,4.0320000648498535,4.0320000648498535,221539
2019-07-29,0.01949741132557392,4.104000091552734,4.13100004196167,4.044000148773193,4.056000232696533,458180
2019-07-30,0.019193356856703758,4.039999961853027,4.104000091552734,4.034999847412109,4.104000091552734,428884
2019-07-31,0.019164852797985077,4.033999919891357,4.046999931335449,4.01800012588501,4.039999961853027,257134
2019-08-01,0.01921711303293705,4.045000076293945,4.079999923706055,4.014999866485596,4.019999980926514,291149
2019-08-02,0.019041329622268677,4.007999897003174,4.040999889373779,3.986999988555908,4.0289998054504395,406478
2019-08-05,0.01845698058605194,3.884999990463257,3.992000102996826,3.878999948501587,3.9570000171661377,987695
2019-08-06,0.018376216292381287,3.868000030517578,3.9119999408721924,3.8540000915527344,3.884999990463257,619369
2019-08-07,0.018266946077346802,3.8450000286102295,3.9070000648498535,3.811000108718872,3.869999885559082,593811
2019-08-08,0.01839997060596943,3.872999906539917,3.884000062942505,3.8570001125335693,3.865000009536743,629735
2019-08-09,0.018300199881196022,3.8519999980926514,3.875,3.8450000286102295,3.859999895095825,453842
2019-08-12,0.018228938803076744,3.8369998931884766,3.880000114440918,3.8299999237060547,3.8519999980926514,619911
2019-08-13,0.018347710371017456,3.861999988555908,3.888000011444092,3.8310000896453857,3.8369998931884766,1589947
2019-08-14,0.01795814000070095,3.7799999713897705,3.884999990463257,3.7799999713897705,3.865999937057495,1046933
2019-08-15,0.017981890588998795,3.7850000858306885,3.808000087738037,3.759999990463257,3.7799999713897705,901876
2019-08-16,0.01824319176375866,3.8399999141693115,3.8440001010894775,3.7899999618530273,3.7899999618530273,372832
2019-08-19,0.018376216292381287,3.868000030517578,3.869999885559082,3.828000068664551,3.8499999046325684,473994
2019-08-20,0.01810542121529579,3.811000108718872,3.874000072479248,3.811000108718872,3.864000082015991,624212
2019-08-21,0.018281199038028717,3.8480000495910645,3.8589999675750732,3.811000108718872,3.811000108718872,300238
2019-08-22,0.01811016909778118,3.812000036239624,3.865000009536743,3.811000108718872,3.8570001125335693,432201
2019-08-23,0.01811966858804226,3.813999891281128,3.8469998836517334,3.811000108718872,3.8429999351501465,350283
2019-08-26,0.018252694979310036,3.8420000076293945,3.859999895095825,3.7920000553131104,3.799999952316284,528562
2019-08-27,0.018442729488015175,3.881999969482422,3.881999969482422,3.8420000076293945,3.8420000076293945,1219793
2019-08-28,0.018566248938441277,3.9079999923706055,3.9170000553131104,3.880000114440918,3.881999969482422,552294
2019-08-29,0.01881329156458378,3.9600000381469727,3.9739999771118164,3.9030001163482666,3.9079999923706055,539808
2019-08-30,0.018898803740739822,3.9779999256134033,3.9820001125335693,3.953000068664551,3.9639999866485596,437013
2019-09-02,0.019022328779101372,4.004000186920166,4.0370001792907715,3.9619998931884766,3.9619998931884766,468923
2019-09-03,0.018989071249961853,3.996999979019165,4.0289998054504395,3.992000102996826,4.0,384852
2019-09-04,0.01918860524892807,4.039000034332275,4.051000118255615,4.017000198364258,4.03000020980835,401739
2019-09-05,0.019046079367399216,4.008999824523926,4.061999797821045,4.001999855041504,4.050000190734863,530697
2019-09-06,0.01918385550379753,4.038000106811523,4.039999961853027,3.990000009536743,4.013999938964844,261874
2019-09-09,0.018951065838336945,3.989000082015991,4.052999973297119,3.98799991607666,4.038000106811523,488009
2019-09-10,0.01871827431023121,3.940000057220459,4.0,3.9119999408721924,3.9820001125335693,636219
2019-09-11,0.01887029968202114,3.9719998836517334,3.9779999256134033,3.9260001182556152,3.9519999027252197,620141
2019-09-12,0.019259868189692497,4.053999900817871,4.065999984741211,3.9700000286102295,3.9760000705718994,2088871
2019-09-13,0.019103091210126877,4.020999908447266,4.059999942779541,4.020999908447266,4.039999961853027,380893
2019-09-16,0.01925036683678627,4.052000045776367,4.064000129699707,4.00600004196167,4.00600004196167,435792
2019-09-17,0.01937389187514782,4.078000068664551,4.0879998207092285,4.048999786376953,4.070000171661377,724607
2019-09-18,0.01949741132557392,4.104000091552734,4.105000019073486,4.063000202178955,4.065999984741211,436127
2019-09-19,0.019701698794960976,4.146999835968018,4.146999835968018,4.0929999351501465,4.1020002365112305,1477293
2019-09-20,0.019734954461455345,4.1539998054504395,4.172999858856201,4.144999980926514,4.145999908447266,1652246
2019-09-23,0.01953066885471344,4.111000061035156,4.165999889373779,4.0920000076293945,4.150000095367432,649981
2019-09-24,0.01965893805027008,4.138000011444092,4.159999847412109,4.111000061035156,4.111000061035156,537299
2019-09-25,0.01946890354156494,4.0980000495910645,4.1539998054504395,4.061999797821045,4.130000114440918,339295
2019-09-26,0.01956392265856266,4.118000030517578,4.131999969482422,4.090000152587891,4.105000019073486,400185
2019-09-27,0.01960667595267296,4.126999855041504,4.140999794006348,4.109000205993652,4.11899995803833,381371
2019-09-30,0.01956392265856266,4.118000030517578,4.140999794006348,4.111000061035156,4.111999988555908,336132
2019-10-01,0.01937389187514782,4.078000068664551,4.126999855041504,4.078000068664551,4.1020002365112305,379266
2019-10-02,0.01909358985722065,4.019000053405762,4.089000225067139,4.019000053405762,4.077000141143799,550508
2019-10-03,0.01886555179953575,3.9709999561309814,4.025000095367432,3.9639999866485596,4.0,1577713
2019-10-04,0.018979569897055626,3.994999885559082,4.006999969482422,3.9630000591278076,3.9709999561309814,1908452
2019-10-07,0.01902707852423191,4.005000114440918,4.014999866485596,3.9730000495910645,3.9830000400543213,1468627
2019-10-08,0.01894156076014042,3.986999988555908,4.02400016784668,3.984999895095825,4.011000156402588,1739159
2019-10-09,0.01909358985722065,4.019000053405762,4.046999931335449,3.990000009536743,3.992000102996826,366112
2019-10-10,0.019392887130379677,4.081999778747559,4.081999778747559,4.006999969482422,4.019999980926514,372049
2019-10-11,0.01943564973771572,4.091000080108643,4.1020002365112305,4.064000129699707,4.084000110626221,493929
2019-10-14,0.019426150247454643,4.089000225067139,4.105999946594238,4.044000148773193,4.090000152587891,405838
2019-10-15,0.019668443128466606,4.139999866485596,4.145999908447266,4.0970001220703125,4.103000164031982,621658
2019-10-16,0.019578170031309128,4.120999813079834,4.145999908447266,4.113999843597412,4.145999908447266,239862
2019-10-17,0.018347710371017456,3.861999988555908,3.938999891281128,3.859999895095825,3.936000108718872,4750854
2019-10-18,0.018604254350066185,3.9159998893737793,3.924999952316284,3.86299991607666,3.869999885559082,1339652
2019-10-21,0.019046079367399216,4.008999824523926,4.054999828338623,3.938999891281128,3.9539999961853027,1598176
2019-10-22,0.019335882738232613,4.070000171661377,4.070000171661377,4.008999824523926,4.010000228881836,1789675
2019-10-23,0.02682267688214779,4.008999824523926,4.008999824523926,3.9200000762939453,3.9570000171661377,1354630
2019-10-24,0.026294128969311714,3.930000066757202,4.0,3.9230000972747803,3.9820001125335693,1785708
2019-10-25,0.02715720608830452,4.059000015258789,4.072999954223633,3.9100000858306885,3.9660000801086426,2309434
2019-10-28,0.027016712352633476,4.038000106811523,4.076000213623047,4.025000095367432,4.072999954223633,731765
2019-10-29,0.026521604508161545,3.9639999866485596,4.0279998779296875,3.947999954223633,4.015999794006348,856055
2019-10-30,0.02636772021651268,3.940999984741211,3.9700000286102295,3.9189999103546143,3.9609999656677246,558866
2019-10-31,0.026407867670059204,3.947000026702881,3.9630000591278076,3.9230000972747803,3.934999942779541,659403
2019-11-01,0.02648814767599106,3.9590001106262207,3.9719998836517334,3.934999942779541,3.9609999656677246,156031
2019-11-04,0.026521604508161545,3.9639999866485596,3.9820001125335693,3.9509999752044678,3.9760000705718994,513308
2019-11-05,0.026374410837888718,3.941999912261963,3.9790000915527344,3.938999891281128,3.9790000915527344,767146
2019-11-06,0.026494845747947693,3.9600000381469727,3.9769999980926514,3.940000057220459,3.943000078201294,1166825
2019-11-07,0.026581821963191032,3.9730000495910645,3.992000102996826,3.953000068664551,3.9639999866485596,402302
2019-11-08,0.026528295129537582,3.9649999141693115,3.9800000190734863,3.944999933242798,3.9649999141693115,1402798
2019-11-11,0.026468081399798393,3.9560000896453857,3.9700000286102295,3.944999933242798,3.9660000801086426,1148178
2019-11-12,0.02681598626077175,4.007999897003174,4.048999786376953,3.9649999141693115,3.9690001010894775,1617032
2019-11-13,0.02656174637377262,3.9700000286102295,4.0329999923706055,3.9660000801086426,4.011000156402588,1091918
2019-11-14,0.026454702019691467,3.9539999961853027,3.9820001125335693,3.944000005722046,3.9809999465942383,536279
2019-11-15,0.02662196010351181,3.9790000915527344,4.0,3.9709999561309814,3.9749999046325684,606870
2019-11-18,0.026601891964673996,3.9760000705718994,3.994999885559082,3.9630000591278076,3.990000009536743,651100
2019-11-19,0.026394488289952278,3.944999933242798,3.990000009536743,3.944999933242798,3.9820001125335693,349192
2019-11-20,0.02625397965312004,3.9240000247955322,3.943000078201294,3.9030001163482666,3.943000078201294,601246
2019-11-21,0.026053261011838913,3.8940000534057617,3.930000066757202,3.8940000534057617,3.927000045776367,813627
2019-11-22,0.02628074213862419,3.927999973297119,3.933000087738037,3.9000000953674316,3.9030001163482666,780074
2019-11-25,0.026320885866880417,3.934000015258789,3.9519999027252197,3.930999994277954,3.940000057220459,454030
2019-11-26,0.026374410837888718,3.941999912261963,3.941999912261963,3.9149999618530273,3.937999963760376,696654
2019-11-27,0.02656174637377262,3.9700000286102295,3.999000072479248,3.940000057220459,3.9489998817443848,1641690
2019-11-28,0.026494845747947693,3.9600000381469727,3.9800000190734863,3.940000057220459,3.9700000286102295,339353
2019-11-29,0.02630750834941864,3.931999921798706,3.9739999771118164,3.931999921798706,3.9590001106262207,586371
2019-12-02,0.025705354288220406,3.8420000076293945,3.944999933242798,3.8420000076293945,3.931999921798706,1418345
2019-12-03,0.02555815689265728,3.819999933242798,3.878999948501587,3.819999933242798,3.8519999980926514,1132133
2019-12-04,0.025799022987484932,3.8559999465942383,3.874000072479248,3.813999891281128,3.821000099182129,1164079
2019-12-05,0.025691965594887733,3.8399999141693115,3.888000011444092,3.8320000171661377,3.888000011444092,908338
2019-12-09,0.025879312306642532,3.868000030517578,3.884999990463257,3.8469998836517334,3.8469998836517334,845702
2019-12-10,0.025765568017959595,3.8510000705718994,3.864000082015991,3.806999921798706,3.864000082015991,696972
2019-12-11,0.02584584802389145,3.86299991607666,3.869999885559082,3.822999954223633,3.8550000190734863,747177
2019-12-12,0.025912754237651825,3.872999906539917,3.881999969482422,3.8540000915527344,3.871000051498413,626391
2019-12-13,0.0259528998285532,3.878999948501587,3.9040000438690186,3.871999979019165,3.8929998874664307,949666
2019-12-16,0.02634095586836338,3.937000036239624,3.947999954223633,3.880000114440918,3.880000114440918,895181
2019-12-17,0.026454702019691467,3.9539999961853027,3.9609999656677246,3.928999900817871,3.936000108718872,894995
2019-12-18,0.02591944858431816,3.874000072479248,3.944999933242798,3.874000072479248,3.930000066757202,1118673
2019-12-19,0.026039881631731987,3.8919999599456787,3.9000000953674316,3.8589999675750732,3.880000114440918,977287
2019-12-20,0.026220524683594704,3.9189999103546143,3.930999994277954,3.880000114440918,3.88700008392334,1114042
2019-12-23,0.026193762198090553,3.9149999618530273,3.930999994277954,3.8929998874664307,3.9149999618530273,829685
2019-12-27,0.026180382817983627,3.9130001068115234,3.9210000038146973,3.8970000743865967,3.9079999923706055,709590
2019-12-30,0.025799022987484932,3.8559999465942383,3.9170000553131104,3.8510000705718994,3.9000000953674316,1230977
2020-01-02,0.02599973976612091,3.885999917984009,3.9019999504089355,3.871000051498413,3.880000114440918,1140539
2020-01-03,0.025959599763154984,3.880000114440918,3.880000114440918,3.8420000076293945,3.869999885559082,1093685
2020-01-07,0.025825781747698784,3.859999895095825,3.880000114440918,3.8369998931884766,3.86899995803833,715962
2020-01-08,0.025705354288220406,3.8420000076293945,3.8499999046325684,3.818000078201294,3.8480000495910645,818281
2020-01-09,0.02597966603934765,3.882999897003174,3.9079999923706055,3.859999895095825,3.859999895095825,1151012
2020-01-10,0.025879312306642532,3.868000030517578,3.8889999389648438,3.867000102996826,3.888000011444092,999328
2020-01-13,0.025765568017959595,3.8510000705718994,3.88100004196167,3.8359999656677246,3.878999948501587,1087902
2020-01-14,0.02572542428970337,3.8450000286102295,3.867000102996826,3.822000026702881,3.8499999046325684,1368785
2020-01-15,0.025243699550628662,3.7730000019073486,3.825000047683716,3.759000062942505,3.825000047683716,3952156
2020-01-16,0.0253574401140213,3.7899999618530273,3.7939999103546143,3.759000062942505,3.7760000228881836,1544549
2020-01-17,0.025678589940071106,3.8380000591278076,3.8380000591278076,3.799999952316284,3.799999952316284,1368304
2020-01-20,0.02592613734304905,3.875,3.884000062942505,3.8359999656677246,3.8399999141693115,1882284
2020-01-21,0.02608003094792366,3.8980000019073486,3.8980000019073486,3.8440001010894775,3.86899995803833,1141346
2020-01-22,0.0259528998285532,3.878999948501587,3.9170000553131104,3.878000020980835,3.9000000953674316,1595131
2020-01-23,0.02583247236907482,3.8610000610351562,3.88700008392334,3.8559999465942383,3.881999969482422,455006
2020-01-24,0.026220524683594704,3.9189999103546143,3.931999921798706,3.869999885559082,3.869999885559082,1284009
2020-01-27,0.025691965594887733,3.8399999141693115,3.88700008392334,3.8380000591278076,3.880000114440918,1040129
2020-01-28,0.02608671225607395,3.8989999294281006,3.9110000133514404,3.8399999141693115,3.8399999141693115,1341588
2020-01-29,0.026494845747947693,3.9600000381469727,3.9839999675750732,3.934000015258789,3.950000047683716,2592907
2020-01-30,0.025932829827070236,3.875999927520752,3.928999900817871,3.8550000190734863,3.928999900817871,1242685
2020-01-31,0.025852549821138382,3.864000082015991,3.8989999294281006,3.8529999256134033,3.878000020980835,526609
2020-02-03,0.02559160813689232,3.825000047683716,3.881999969482422,3.819999933242798,3.86899995803833,1222765
2020-02-04,0.02581240050494671,3.8580000400543213,3.869999885559082,3.822999954223633,3.8299999237060547,3511246
2020-02-05,0.02597966603934765,3.882999897003174,3.8940000534057617,3.8459999561309814,3.859999895095825,1648473
2020-02-06,0.026100097224116325,3.9010000228881836,3.934000015258789,3.880000114440918,3.890000104904175,1259347
2020-02-07,0.02599973976612091,3.885999917984009,3.9119999408721924,3.869999885559082,3.9040000438690186,836936
2020-02-10,0.025892682373523712,3.869999885559082,3.8970000743865967,3.869999885559082,3.890000104904175,796938
2020-02-11,0.025966284796595573,3.88100004196167,3.890000104904175,3.8420000076293945,3.890000104904175,1758580
2020-02-12,0.02630750834941864,3.931999921798706,3.938999891281128,3.867000102996826,3.880000114440918,1095316
2020-02-13,0.026133548468351364,3.9059998989105225,3.931999921798706,3.884000062942505,3.930000066757202,578961
2020-02-14,0.026247292757034302,3.9230000972747803,3.937000036239624,3.9059998989105225,3.9059998989105225,841975
2020-02-17,0.026247292757034302,3.9230000972747803,3.944000005722046,3.9230000972747803,3.930000066757202,348167
2020-02-18,0.026441317051649094,3.9519999027252197,3.9590001106262207,3.8980000019073486,3.9200000762939453,905578
2020-02-19,0.026628658175468445,3.9800000190734863,3.98799991607666,3.9579999446868896,3.9700000286102295,771487
2020-02-20,0.026675481349229813,3.986999988555908,3.999000072479248,3.9600000381469727,3.9800000190734863,1045881
2020-02-21,0.026568442583084106,3.9709999561309814,3.986999988555908,3.9549999237060547,3.9749999046325684,498545
2020-02-24,0.025825781747698784,3.859999895095825,3.927999973297119,3.8510000705718994,3.927999973297119,1445377
2020-02-25,0.025437723845243454,3.802000045776367,3.8970000743865967,3.7850000858306885,3.86899995803833,2002080
2020-02-26,0.025310609489679337,3.7829999923706055,3.7899999618530273,3.7079999446868896,3.7899999618530273,2533001
2020-02-27,0.024822192266583443,3.7100000381469727,3.7799999713897705,3.680999994277954,3.75,2543894
2020-02-28,0.023852044716477394,3.565000057220459,3.625,3.5350000858306885,3.618000030517578,3966792
2020-03-02,0.024393990635871887,3.6459999084472656,3.7009999752044678,3.569000005722046,3.6700000762939453,3952917
2020-03-03,0.024634849280118942,3.681999921798706,3.755000114440918,3.681999921798706,3.700000047683716,2677601
2020-03-04,0.025257082656025887,3.7750000953674316,3.7829999923706055,3.683000087738037,3.683000087738037,1537829
2020-03-05,0.024848951026797295,3.7139999866485596,3.812999963760376,3.683000087738037,3.799999952316284,1405270
2020-03-06,0.024327082559466362,3.635999917984009,3.7100000381469727,3.6040000915527344,3.6600000858306885,2569251
2020-03-09,0.022761473432183266,3.4019999504089355,3.559999942779541,3.4010000228881836,3.450000047683716,4064593
2020-03-10,0.02244032919406891,3.3540000915527344,3.5269999504089355,3.3359999656677246,3.434999942779541,2980544
2020-03-11,0.02218608744442463,3.315999984741211,3.427999973297119,3.315999984741211,3.38700008392334,2329011
2020-03-12,0.01920206844806671,2.869999885559082,3.2300000190734863,2.864000082015991,3.177000045776367,7179342
2020-03-13,0.019636960700154305,2.934999942779541,3.130000114440918,2.8499999046325684,2.940999984741211,5616192
2020-03-16,0.01965034008026123,2.937000036239624,2.9809999465942383,2.802999973297119,2.8499999046325684,4645492
2020-03-17,0.021811407059431076,3.259999990463257,3.299999952316284,2.9079999923706055,3.052000045776367,3528759
2020-03-18,0.02045990526676178,3.058000087738037,3.438999891281128,2.990999937057495,3.180000066757202,4700480
2020-03-19,0.021503638476133347,3.2139999866485596,3.244999885559082,3.0260000228881836,3.0880000591278076,4202895
2020-03-20,0.021704358980059624,3.24399995803833,3.3429999351501465,3.190000057220459,3.318000078201294,2519082
2020-03-23,0.021142354235053062,3.1600000858306885,3.2330000400543213,3.1059999465942383,3.134000062942505,2398681
2020-03-24,0.021610690280795097,3.2300000190734863,3.305000066757202,3.1459999084472656,3.2639999389648438,3515536
2020-03-25,0.021838167682290077,3.2639999389648438,3.3320000171661377,3.140000104904175,3.3289999961853027,3182032
2020-03-26,0.021450120955705643,3.2060000896453857,3.2639999389648438,3.003999948501587,3.190000057220459,3445426
2020-03-27,0.020941628143191338,3.130000114440918,3.180000066757202,3.0829999446868896,3.1679999828338623,1767959
2020-03-30,0.021403281018137932,3.1989998817443848,3.1989998817443848,3.109999895095825,3.130000114440918,1492222
2020-03-31,0.021811407059431076,3.259999990463257,3.259999990463257,3.1600000858306885,3.2100000381469727,2183456
2020-04-01,0.022145938128232956,3.309999942779541,3.313999891281128,3.1549999713897705,3.177999973297119,2539455
2020-04-02,0.02269456721842289,3.3919999599456787,3.4100000858306885,3.2860000133514404,3.309000015258789,2185942
2020-04-03,0.028841780498623848,3.1670000553131104,3.2860000133514404,3.1670000553131104,3.2860000133514404,1702395
2020-04-06,0.02857767976820469,3.138000011444092,3.2330000400543213,3.1040000915527344,3.2160000801086426,1839552
2020-04-07,0.029624976217746735,3.253000020980835,3.2690000534057617,3.171999931335449,3.197000026702881,1476530
2020-04-08,0.029597654938697815,3.25,3.256999969482422,3.2170000076293945,3.2190001010894775,849266
2020-04-09,0.029324449598789215,3.2200000286102295,3.2769999504089355,3.196000099182129,3.2769999504089355,1613870
2020-04-14,0.029770689085125923,3.2690000534057617,3.2880001068115234,3.2320001125335693,3.253000020980835,1671601
2020-04-15,0.029178734868764877,3.2039999961853027,3.328000068664551,3.2039999961853027,3.259999990463257,1710202
2020-04-16,0.029351772740483284,3.2230000495910645,3.259999990463257,3.2049999237060547,3.2339999675750732,737851
2020-04-17,0.029816221445798874,3.2739999294281006,3.299999952316284,3.253000020980835,3.2730000019073486,846971
2020-04-20,0.029634084552526474,3.253999948501587,3.2950000762939453,3.236999988555908,3.2950000762939453,557786
2020-04-21,0.02843196503818035,3.121999979019165,3.2239999771118164,3.121999979019165,3.2239999771118164,1460238
2020-04-22,0.02825893461704254,3.1029999256134033,3.190000057220459,3.0969998836517334,3.115000009536743,3386409
2020-04-23,0.028140541166067123,3.0899999141693115,3.124000072479248,3.0329999923706055,3.119999885559082,2228065
2020-04-24,0.02837732993066311,3.115999937057495,3.1530001163482666,3.0220000743865967,3.065000057220459,1677723
2020-04-27,0.028058581054210663,3.0810000896453857,3.1489999294281006,3.056999921798706,3.1489999294281006,1381384
2020-04-28,0.02868696302175522,3.1500000953674316,3.1500000953674316,3.059000015258789,3.0899999141693115,1749203
2020-04-29,0.029142312705516815,3.200000047683716,3.200000047683716,3.131999969482422,3.1500000953674316,1343663
2020-04-30,0.02904212847352028,3.188999891281128,3.2300000190734863,3.1519999504089355,3.2109999656677246,1225398
2020-05-04,0.027676083147525787,3.0390000343322754,3.066999912261963,3.000999927520752,3.066999912261963,2544328
2020-05-05,0.0281587615609169,3.0920000076293945,3.11299991607666,3.072000026702881,3.072999954223633,1163704
2020-05-06,0.027594124898314476,3.0299999713897705,3.1080000400543213,3.0280001163482666,3.1080000400543213,1114591
2020-05-07,0.027776267379522324,3.049999952316284,3.065000057220459,3.0280001163482666,3.052999973297119,831937
2020-05-08,0.028113221749663353,3.0869998931884766,3.0880000591278076,3.049999952316284,3.062000036239624,715194
2020-05-11,0.027840008959174156,3.056999921798706,3.0999999046325684,3.049999952316284,3.0899999141693115,789912
2020-05-12,0.028213396668434143,3.0980000495910645,3.0980000495910645,3.0329999923706055,3.053999900817871,982804
2020-05-13,0.02732091024518013,3.0,3.072000026702881,3.0,3.072000026702881,1789749
2020-05-14,0.026710744947195053,2.933000087738037,3.0,2.9119999408721924,3.0,2179656
2020-05-15,0.026601459830999374,2.9210000038146973,3.0,2.9140000343322754,2.9600000381469727,2013557
2020-05-18,0.027703406289219856,3.0420000553131104,3.0420000553131104,2.9579999446868896,2.9600000381469727,1512187
2020-05-19,0.02718431130051613,2.984999895095825,3.069000005722046,2.9670000076293945,3.055999994277954,1508461
2020-05-20,0.02714787982404232,2.9809999465942383,2.992000102996826,2.9509999752044678,2.984999895095825,1179670
2020-05-22,0.026665212586522102,2.927999973297119,2.950000047683716,2.9100000858306885,2.950000047683716,2174729
2020-05-25,0.0271205585449934,2.9779999256134033,2.9779999256134033,2.928999900817871,2.9509999752044678,1310823
2020-05-26,0.027539484202861786,3.0239999294281006,3.0269999504089355,2.9700000286102295,3.003000020980835,4008343
2020-05-27,0.027685195207595825,3.0399999618530273,3.0889999866485596,3.0260000228881836,3.0399999618530273,1836927
2020-05-28,0.028413748368620872,3.119999885559082,3.119999885559082,3.063999891281128,3.063999891281128,1723332
2020-05-29,0.028076792135834694,3.0829999446868896,3.117000102996826,3.069999933242798,3.0999999046325684,1523377
2020-06-01,0.02855946123600006,3.135999917984009,3.184999942779541,3.114000082015991,3.119999885559082,1344119
2020-06-02,0.028413748368620872,3.119999885559082,3.1740000247955322,3.0880000591278076,3.1740000247955322,1621648
2020-06-03,0.029315341264009476,3.2190001010894775,3.2190001010894775,3.13700008392334,3.1419999599456787,2864313
2020-06-04,0.029260700568556786,3.2130000591278076,3.239000082015991,3.193000078201294,3.2190001010894775,861026
2020-06-05,0.029870865866541862,3.2799999713897705,3.2799999713897705,3.2100000381469727,3.2170000076293945,1240314
2020-06-08,0.029552115127444267,3.244999885559082,3.2860000133514404,3.2230000495910645,3.2799999713897705,1460895
2020-06-09,0.02909676730632782,3.194999933242798,3.265000104904175,3.1530001163482666,3.24399995803833,1469235
2020-06-10,0.02863231673836708,3.1440000534057617,3.2130000591278076,3.138000011444092,3.200000047683716,1423449
2020-06-11,0.02743019536137581,3.01200008392334,3.131999969482422,3.01200008392334,3.131999969482422,1975834
2020-06-12,0.02735734172165394,3.003999948501587,3.0480000972747803,2.993000030517578,3.002000093460083,1985353
2020-06-15,0.027894655242562294,3.062999963760376,3.114000082015991,2.993000030517578,3.0,2464716
2020-06-16,0.029506586492061615,3.240000009536743,3.243000030517578,3.0999999046325684,3.109999895095825,1842868
2020-06-17,0.029206058010458946,3.2070000171661377,3.2799999713897705,3.197000026702881,3.25,2747606
2020-06-18,0.029269803315401077,3.2139999866485596,3.255000114440918,3.196000099182129,3.2279999256134033,1228048
2020-06-22,0.029233384877443314,3.2100000381469727,3.2799999713897705,3.1649999618530273,3.200000047683716,1484476
2020-06-23,0.03038995899260044,3.3369998931884766,3.36299991607666,3.234999895095825,3.234999895095825,2048029
2020-06-24,0.029807118698954582,3.2730000019073486,3.3340001106262207,3.2709999084472656,3.3340001106262207,1474704
2020-06-25,0.03059941530227661,3.359999895095825,3.368000030517578,3.240000009536743,3.2699999809265137,1248808
2020-06-26,0.030244255438447,3.321000099182129,3.4159998893737793,3.321000099182129,3.4100000858306885,1113626
2020-06-29,0.03053567372262478,3.3529999256134033,3.382999897003174,3.309999942779541,3.321000099182129,1025117
2020-06-30,0.03028068132698536,3.325000047683716,3.371000051498413,3.312999963760376,3.3489999771118164,552768
2020-07-01,0.03039906732738018,3.3380000591278076,3.3540000915527344,3.2929999828338623,3.313999891281128,459712
2020-07-02,0.03040817566215992,3.3389999866485596,3.359999895095825,3.308000087738037,3.3499999046325684,671955
2020-07-03,0.0302897822111845,3.3259999752044678,3.3559999465942383,3.313999891281128,3.3499999046325684,397128
2020-07-06,0.030581211671233177,3.3580000400543213,3.3940000534057617,3.3329999446868896,3.3529999256134033,591591
2020-07-07,0.030490145087242126,3.3480000495910645,3.3580000400543213,3.325000047683716,3.3580000400543213,237783
2020-07-08,0.03044460527598858,3.3429999351501465,3.380000114440918,3.3299999237060547,3.3469998836517334,451484
2020-07-09,0.03029889613389969,3.3269999027252197,3.369999885559082,3.325000047683716,3.3580000400543213,491753
2020-07-10,0.03036264330148697,3.3340001106262207,3.3420000076293945,3.299999952316284,3.319999933242798,364134
2020-07-13,0.030726924538612366,3.374000072479248,3.374000072479248,3.3359999656677246,3.3399999141693115,550473
2020-07-14,0.030872639268636703,3.390000104904175,3.4040000438690186,3.3359999656677246,3.3480000495910645,695752
2020-07-15,0.031246012076735497,3.430999994277954,3.436000108718872,3.375,3.4200000762939453,888946
2020-07-16,0.0314645916223526,3.4549999237060547,3.4679999351501465,3.3959999084472656,3.4059998989105225,834186
2020-07-17,0.03198368102312088,3.51200008392334,3.546999931335449,3.4630000591278076,3.5290000438690186,731060
2020-07-20,0.0320565439760685,3.5199999809265137,3.5260000228881836,3.4700000286102295,3.509999990463257,711677
2020-07-21,0.03198368102312088,3.51200008392334,3.5380001068115234,3.489000082015991,3.5199999809265137,573190
2020-07-22,0.03186529502272606,3.499000072479248,3.5239999294281006,3.48799991607666,3.509999990463257,489743
2020-07-23,0.03179243579506874,3.490999937057495,3.5179998874664307,3.486999988555908,3.503999948501587,1000282
2020-07-24,0.03138262405991554,3.446000099182129,3.4860000610351562,3.430999994277954,3.4749999046325684,594085
2020-07-27,0.031182274222373962,3.4240000247955322,3.4600000381469727,3.4240000247955322,3.450000047683716,460628
2020-07-28,0.031000135466456413,3.4040000438690186,3.4240000247955322,3.375,3.4240000247955322,711621
2020-07-29,0.031100302934646606,3.4149999618530273,3.421999931335449,3.3889999389648438,3.3989999294281006,441758
2020-07-30,0.030271567404270172,3.3239998817443848,3.4100000858306885,3.308000087738037,3.4100000858306885,961635
2020-07-31,0.0301076490432024,3.305999994277954,3.3580000400543213,3.302999973297119,3.3269999027252197,761523
2020-08-03,0.030499247834086418,3.3489999771118164,3.3510000705718994,3.2730000019073486,3.309999942779541,775636
2020-08-04,0.030672278255224228,3.368000030517578,3.381999969482422,3.3429999351501465,3.36299991607666,565894
2020-08-05,0.030371755361557007,3.3350000381469727,3.377000093460083,3.3289999961853027,3.368000030517578,875236
2020-08-06,0.029934611171483994,3.2869999408721924,3.3350000381469727,3.2660000324249268,3.3350000381469727,1122898
2020-08-07,0.02995283156633377,3.2890000343322754,3.315000057220459,3.2699999809265137,3.2869999408721924,619288
2020-08-10,0.03028068132698536,3.325000047683716,3.325000047683716,3.2769999504089355,3.299999952316284,605568
2020-08-11,0.03040817566215992,3.3389999866485596,3.365999937057495,3.328000068664551,3.3329999446868896,754941
2020-08-12,0.030781563371419907,3.380000114440918,3.3940000534057617,3.3289999961853027,3.3389999866485596,1407566
2020-08-13,0.030544782057404518,3.3540000915527344,3.384000062942505,3.3499999046325684,3.3580000400543213,612439
2020-08-14,0.030180498957633972,3.313999891281128,3.3450000286102295,3.2799999713897705,3.3450000286102295,828253
2020-08-17,0.029925506561994553,3.2860000133514404,3.3239998817443848,3.2790000438690186,3.305999994277954,644282
2020-08-18,0.029734261333942413,3.265000104904175,3.303999900817871,3.259999990463257,3.2850000858306885,922577
2020-08-19,0.0301076490432024,3.305999994277954,3.305999994277954,3.2709999084472656,3.2899999618530273,993833
2020-08-20,0.029725149273872375,3.2639999389648438,3.2869999408721924,3.24399995803833,3.2720000743865967,871992
2020-08-21,0.029488367959856987,3.23799991607666,3.2720000743865967,3.2300000190734863,3.2639999389648438,631731
2020-08-24,0.03009854257106781,3.305000066757202,3.305000066757202,3.249000072479248,3.249000072479248,906678
2020-08-25,0.029989255592226982,3.2929999828338623,3.364000082015991,3.2929999828338623,3.312999963760376,991876
2020-08-26,0.029916400089859962,3.2850000858306885,3.2950000762939453,3.2690000534057617,3.2939999103546143,905431
2020-08-27,0.029925506561994553,3.2860000133514404,3.3010001182556152,3.265000104904175,3.2869999408721924,706130
2020-08-28,0.029734261333942413,3.265000104904175,3.299999952316284,3.259000062942505,3.2980000972747803,823805
2020-08-31,0.029461050406098366,3.234999895095825,3.2750000953674316,3.2320001125335693,3.2699999809265137,1147718
2020-09-01,0.029461050406098366,3.234999895095825,3.2750000953674316,3.2330000400543213,3.242000102996826,735858
2020-09-02,0.029879970476031303,3.2809998989105225,3.299999952316284,3.2339999675750732,3.2339999675750732,983331
2020-09-03,0.029898185282945633,3.2829999923706055,3.3380000591278076,3.2769999504089355,3.2939999103546143,1232900
2020-09-04,0.030025681480765343,3.296999931335449,3.3269999027252197,3.259999990463257,3.2750000953674316,956448
2020-09-07,0.030581211671233177,3.3580000400543213,3.3589999675750732,3.299999952316284,3.299999952316284,1198455
2020-09-08,0.03016229160130024,3.312000036239624,3.369999885559082,3.305999994277954,3.359999895095825,804358
2020-09-09,0.030781563371419907,3.380000114440918,3.382999897003174,3.303999900817871,3.309999942779541,932977
2020-09-10,0.030526569113135338,3.3519999980926514,3.390000104904175,3.3420000076293945,3.38700008392334,1000151
2020-09-11,0.030453713610768318,3.3440001010894775,3.371999979019165,3.3259999752044678,3.3480000495910645,434875
2020-09-14,0.03023514710366726,3.319999933242798,3.3559999465942383,3.315000057220459,3.3499999046325684,588874
2020-09-15,0.03034442663192749,3.3320000171661377,3.3369998931884766,3.305000066757202,3.3299999237060547,823673
2020-09-16,0.03089083917438984,3.3919999599456787,3.4100000858306885,3.3499999046325684,3.3499999046325684,1378293
2020-09-17,0.031045662239193916,3.4089999198913574,3.4189999103546143,3.3529999256134033,3.371000051498413,737407
2020-09-18,0.030736025422811508,3.375,3.427999973297119,3.375,3.4149999618530273,894725
2020-09-21,0.030253354460000992,3.322000026702881,3.375,3.322000026702881,3.374000072479248,971767
2020-09-22,0.031027449294924736,3.4070000648498535,3.427000045776367,3.3299999237060547,3.3299999237060547,1181406
2020-09-23,0.031100302934646606,3.4149999618530273,3.447999954223633,3.3970000743865967,3.4079999923706055,737987
2020-09-24,0.030499247834086418,3.3489999771118164,3.4200000762939453,3.3480000495910645,3.385999917984009,955343
2020-09-25,0.03030800260603428,3.328000068664551,3.3970000743865967,3.3259999752044678,3.359999895095825,1214515
2020-09-28,0.031173160299658775,3.4230000972747803,3.4260001182556152,3.359999895095825,3.3610000610351562,895508
2020-09-29,0.0314645916223526,3.4549999237060547,3.5,3.4110000133514404,3.424999952316284,961923
2020-09-30,0.03185619041323662,3.497999906539917,3.5269999504089355,3.424999952316284,3.4549999237060547,1179655
2020-10-01,0.03156476840376854,3.4660000801086426,3.5260000228881836,3.4649999141693115,3.5199999809265137,900281
2020-10-02,0.031537435948848724,3.4630000591278076,3.48799991607666,3.430000066757202,3.4519999027252197,755637
2020-10-05,0.03212939575314522,3.5280001163482666,3.5420000553131104,3.4679999351501465,3.4679999351501465,1182330
2020-10-06,0.03335883840918541,3.6630001068115234,3.7320001125335693,3.640000104904175,3.6559998989105225,3208681
2020-10-07,0.032766882330179214,3.5980000495910645,3.674999952316284,3.5969998836517334,3.6619999408721924,1570903
2020-10-08,0.03326776251196861,3.6530001163482666,3.6559998989105225,3.621999979019165,3.6389999389648438,1225288
2020-10-09,0.033295080065727234,3.6559998989105225,3.6679999828338623,3.6429998874664307,3.6540000438690186,801377
2020-10-12,0.03362293541431427,3.691999912261963,3.694999933242798,3.6630001068115234,3.6649999618530273,670876
2020-10-13,0.033868834376335144,3.7190001010894775,3.752000093460083,3.700000047683716,3.7209999561309814,1072718
2020-10-14,0.03394168242812157,3.7269999980926514,3.750999927520752,3.7119998931884766,3.7200000286102295,791484
2020-10-15,0.03372311592102051,3.703000068664551,3.7230000495910645,3.680999994277954,3.7190001010894775,808907
2020-10-16,0.03391435369849205,3.7239999771118164,3.747999906539917,3.693000078201294,3.7019999027252197,1112455
2020-10-19,0.03389614447951317,3.7219998836517334,3.752000093460083,3.7070000171661377,3.7239999771118164,1206337
2020-10-20,0.03348634019494057,3.677000045776367,3.7149999141693115,3.6679999828338623,3.7149999141693115,922740
2020-10-21,0.032803308218717575,3.6019999980926514,3.7720000743865967,3.562000036239624,3.7699999809265137,4448112
2020-10-22,0.0417264923453331,3.437000036239624,3.5220000743865967,3.3959999084472656,3.5220000743865967,3744085
2020-10-23,0.0422121025621891,3.4769999980926514,3.51200008392334,3.437999963760376,3.437999963760376,1158621
2020-10-26,0.04166578873991966,3.431999921798706,3.51200008392334,3.427999973297119,3.4509999752044678,1020943
2020-10-27,0.041301578283309937,3.4019999504089355,3.453000068664551,3.3949999809265137,3.4489998817443848,734921
2020-10-28,0.03994185850024223,3.2899999618530273,3.4019999504089355,3.2660000324249268,3.4019999504089355,2140798
2020-10-29,0.03986901044845581,3.2839999198913574,3.3269999027252197,3.2360000610351562,3.2860000133514404,1197939
2020-10-30,0.040172528475522995,3.309000015258789,3.309000015258789,3.257999897003174,3.2799999713897705,837220
2020-11-02,0.040621720254421234,3.3459999561309814,3.3459999561309814,3.2699999809265137,3.321000099182129,966735
2020-11-03,0.040536731481552124,3.3389999866485596,3.375999927520752,3.303999900817871,3.375999927520752,1061198
2020-11-04,0.041216589510440826,3.3949999809265137,3.4059998989105225,3.2799999713897705,3.302000045776367,977991
2020-11-05,0.04183575510978699,3.446000099182129,3.446000099182129,3.38100004196167,3.4010000228881836,2722994
2020-11-06,0.04105876758694649,3.381999969482422,3.437999963760376,3.361999988555908,3.437999963760376,1194301
2020-11-09,0.04227280989289284,3.4820001125335693,3.509999990463257,3.4040000438690186,3.4179999828338623,1414447
2020-11-10,0.042491327971220016,3.5,3.515000104904175,3.4670000076293945,3.496000051498413,1156884
2020-11-11,0.04306192323565483,3.546999931335449,3.562999963760376,3.496999979019165,3.509999990463257,777050
2020-11-12,0.043183326721191406,3.556999921798706,3.799999952316284,3.5239999294281006,3.5450000762939453,1422352
2020-11-13,0.042709849774837494,3.5179998874664307,3.5420000553131104,3.493000030517578,3.5420000553131104,431875
2020-11-16,0.042928386479616165,3.5360000133514404,3.5490000247955322,3.509999990463257,3.5239999294281006,616454
2020-11-17,0.04300123453140259,3.5420000553131104,3.5420000553131104,3.515000104904175,3.5360000133514404,558814
2020-11-18,0.043280456215143204,3.565000057220459,3.565999984741211,3.5320000648498535,3.5399999618530273,496896
2020-11-19,0.04300123453140259,3.5420000553131104,3.559000015258789,3.5320000648498535,3.559000015258789,406477
2020-11-20,0.043911755084991455,3.617000102996826,3.617000102996826,3.5460000038146973,3.549999952316284,1170729
2020-11-23,0.04364466667175293,3.5950000286102295,3.622999906539917,3.5799999237060547,3.618000030517578,1033512
2020-11-24,0.04368109256029129,3.5980000495910645,3.628000020980835,3.571000099182129,3.5950000286102295,776358
2020-11-25,0.04406958073377609,3.630000114440918,3.640000104904175,3.611999988555908,3.619999885559082,639258
2020-11-26,0.044033169746398926,3.627000093460083,3.6510000228881836,3.625999927520752,3.640000104904175,633770
2020-11-27,0.04408172890543938,3.63100004196167,3.6489999294281006,3.617000102996826,3.619999885559082,786655
2020-11-30,0.04317120462656021,3.555999994277954,3.63100004196167,3.555999994277954,3.63100004196167,1185097
2020-12-01,0.04319547489285469,3.558000087738037,3.575000047683716,3.5420000553131104,3.559999942779541,819878
2020-12-02,0.042685579508543015,3.5160000324249268,3.561000108718872,3.51200008392334,3.5450000762939453,1328022
2020-12-03,0.05135377496480942,3.447999954223633,3.4560000896453857,3.4070000648498535,3.4560000896453857,1561921
2020-12-04,0.0509367398917675,3.4200000762939453,3.4560000896453857,3.4070000648498535,3.447999954223633,1007257
2020-12-07,0.050817590206861496,3.4119999408721924,3.430999994277954,3.3940000534057617,3.4200000762939453,1044033
2020-12-08,0.05150270834565163,3.4579999446868896,3.4639999866485596,3.4000000953674316,3.4179999828338623,886100
2020-12-09,0.05102608725428581,3.4260001182556152,3.4769999980926514,3.4210000038146973,3.4600000381469727,1123811
2020-12-10,0.05108566954731941,3.430000066757202,3.4560000896453857,3.4110000133514404,3.430000066757202,1275681
2020-12-11,0.05025162175297737,3.374000072479248,3.4230000972747803,3.365999937057495,3.4200000762939453,1253526
2020-12-14,0.050594180822372437,3.3970000743865967,3.4119999408721924,3.385999917984009,3.390000104904175,1241924
2020-12-15,0.05007288604974747,3.361999988555908,3.4019999504089355,3.359999895095825,3.38700008392334,1389234
2020-12-16,0.05005800351500511,3.3610000610351562,3.382999897003174,3.3450000286102295,3.368000030517578,2583796
2020-12-17,0.05005800351500511,3.3610000610351562,3.381999969482422,3.3440001010894775,3.374000072479248,1403401
2020-12-18,0.0509367398917675,3.4200000762939453,3.4200000762939453,3.3550000190734863,3.359999895095825,2694262
2020-12-21,0.04934309795498848,3.312999963760376,3.378000020980835,3.2920000553131104,3.375999927520752,2489002
2020-12-22,0.04958140105009079,3.3289999961853027,3.3420000076293945,3.305999994277954,3.318000078201294,1365392
2020-12-23,0.050013329833745956,3.3580000400543213,3.359999895095825,3.3289999961853027,3.3299999237060547,994767
2020-12-28,0.050117574632167816,3.365000009536743,3.388000011444092,3.3499999046325684,3.377000093460083,1849555
2020-12-29,0.05063885822892189,3.4000000953674316,3.4149999618530273,3.369999885559082,3.369999885559082,2200088
2020-12-30,0.05034099519252777,3.380000114440918,3.4149999618530273,3.378000020980835,3.4000000953674316,2289136
2021-01-04,0.05068353936076164,3.4030001163482666,3.437999963760376,3.384999990463257,3.4000000953674316,1497952
2021-01-05,0.050475019961595535,3.3889999389648438,3.4200000762939453,3.385999917984009,3.4010000228881836,1261076
2021-01-07,0.05117505043745041,3.436000108718872,3.4700000286102295,3.4179999828338623,3.4600000381469727,1857972
2021-01-08,0.05068353936076164,3.4030001163482666,3.4579999446868896,3.3959999084472656,3.440000057220459,1852469
2021-01-11,0.05048992857336998,3.390000104904175,3.431999921798706,3.390000104904175,3.4049999713897705,1869233
2021-01-12,0.05034099519252777,3.380000114440918,3.4100000858306885,3.375,3.4000000953674316,2477765
2021-01-13,0.05022183805704117,3.371999979019165,3.4030001163482666,3.36899995803833,3.384999990463257,2379919
2021-01-14,0.05120482295751572,3.437999963760376,3.437999963760376,3.3610000610351562,3.384999990463257,2516998
2021-01-15,0.05126439779996872,3.441999912261963,3.4509999752044678,3.4189999103546143,3.431999921798706,1524242
2021-01-18,0.051636748015880585,3.4670000076293945,3.4700000286102295,3.437000036239624,3.441999912261963,1910339
2021-01-19,0.051830362528562546,3.4800000190734863,3.555000066757202,3.4760000705718994,3.502000093460083,3272113
2021-01-20,0.0540495328605175,3.628999948501587,3.6389999389648438,3.5399999618530273,3.562999963760376,4289291
2021-01-21,0.053706977516412735,3.6059999465942383,3.6559998989105225,3.5820000171661377,3.6410000324249268,2078639
2021-01-22,0.05364740267395973,3.6019999980926514,3.61899995803833,3.563999891281128,3.5999999046325684,1403614
2021-01-25,0.053915489464998245,3.619999885559082,3.6489999294281006,3.6029999256134033,3.619999885559082,2186477
2021-01-26,0.0540793277323246,3.63100004196167,3.6489999294281006,3.617000102996826,3.622999906539917,1576204
2021-01-27,0.05533039942383766,3.7149999141693115,3.7200000286102295,3.630000114440918,3.632999897003174,2921117
2021-01-28,0.05553892254829407,3.7290000915527344,3.752000093460083,3.634000062942505,3.683000087738037,3540041
2021-01-29,0.054019756615161896,3.627000093460083,3.803999900817871,3.627000093460083,3.700000047683716,3060136
2021-02-01,0.05337931960821152,3.5840001106262207,3.6630001068115234,3.572999954223633,3.6579999923706055,3123177
2021-02-02,0.05346867814660072,3.5899999141693115,3.5999999046325684,3.556999921798706,3.5999999046325684,2538002
2021-02-03,0.053617604076862335,3.5999999046325684,3.6059999465942383,3.5759999752044678,3.6059999465942383,1169528
2021-02-04,0.05382612720131874,3.614000082015991,3.625,3.5769999027252197,3.6089999675750732,1679157
2021-02-05,0.05337931960821152,3.5840001106262207,3.630000114440918,3.5510001182556152,3.622999906539917,2233323
2021-02-08,0.052813347429037094,3.5460000038146973,3.5929999351501465,3.5450000762939453,3.5929999351501465,2049814
2021-02-09,0.05241122469305992,3.5190000534057617,3.561000108718872,3.509999990463257,3.561000108718872,1253124
2021-02-10,0.05251547321677208,3.5260000228881836,3.559000015258789,3.50600004196167,3.5299999713897705,1381444
2021-02-11,0.05236653983592987,3.5160000324249268,3.5299999713897705,3.503999948501587,3.5299999713897705,1058650
2021-02-12,0.05227717012166977,3.509999990463257,3.5139999389648438,3.493000030517578,3.513000011444092,1509334
2021-02-15,0.05291760712862015,3.552999973297119,3.562999963760376,3.509000062942505,3.5260000228881836,1090312
2021-02-16,0.05244099721312523,3.5209999084472656,3.555000066757202,3.51200008392334,3.5510001182556152,1722454
2021-02-17,0.052202705293893814,3.505000114440918,3.5299999713897705,3.496999979019165,3.5260000228881836,1294807
2021-02-18,0.05153249204158783,3.4600000381469727,3.502000093460083,3.437999963760376,3.493000030517578,3126379
2021-02-19,0.05148779973387718,3.4570000171661377,3.4769999980926514,3.4230000972747803,3.4700000286102295,1605187
2021-02-22,0.05133887380361557,3.447000026702881,3.4700000286102295,3.437999963760376,3.4600000381469727,1228195
2021-02-23,0.0508473739027977,3.4140000343322754,3.446000099182129,3.3910000324249268,3.446000099182129,2391157
2021-02-24,0.050564393401145935,3.3949999809265137,3.4260001182556152,3.38700008392334,3.4130001068115234,1649000
2021-02-25,0.050996314734220505,3.4240000247955322,3.427999973297119,3.4000000953674316,3.4189999103546143,1520058
2021-02-26,0.049909062683582306,3.3510000705718994,3.4000000953674316,3.3510000705718994,3.4000000953674316,2057997
2021-03-01,0.05072822794318199,3.4059998989105225,3.4179999828338623,3.365999937057495,3.375999927520752,1619999
2021-03-02,0.05108566954731941,3.430000066757202,3.447999954223633,3.4049999713897705,3.4100000858306885,1321418
2021-03-03,0.050162263214588165,3.368000030517578,3.440000057220459,3.364000082015991,3.430000066757202,2426917
2021-03-04,0.05053459852933884,3.3929998874664307,3.4010000228881836,3.361999988555908,3.368000030517578,1323024
2021-03-05,0.05089206248521805,3.4170000553131104,3.430999994277954,3.375999927520752,3.3929998874664307,1401169
2021-03-08,0.052083563059568405,3.496999979019165,3.5139999389648438,3.430000066757202,3.430000066757202,1993029
2021-03-09,0.05258994922041893,3.5309998989105225,3.5420000553131104,3.499000072479248,3.503999948501587,781306
2021-03-10,0.05340910330414772,3.5859999656677246,3.5920000076293945,3.5250000953674316,3.5309998989105225,1465461
2021-03-11,0.053423989564180374,3.5869998931884766,3.615999937057495,3.556999921798706,3.5899999141693115,1430049
2021-03-12,0.053438883274793625,3.5880000591278076,3.5959999561309814,3.559000015258789,3.5899999141693115,1078303
2021-03-15,0.05348357930779457,3.5910000801086426,3.614000082015991,3.5850000381469727,3.5920000076293945,1275181
2021-03-16,0.0540495328605175,3.628999948501587,3.631999969482422,3.6010000705718994,3.6010000705718994,1041757
2021-03-17,0.054749540984630585,3.6760001182556152,3.683000087738037,3.630000114440918,3.630000114440918,1491410
2021-03-18,0.053617604076862335,3.5999999046325684,3.680000066757202,3.5929999351501465,3.6760001182556152,1299407
2021-03-19,0.053498465567827225,3.5920000076293945,3.628000020980835,3.5820000171661377,3.5899999141693115,1019967
2021-03-22,0.05366229638457298,3.6029999256134033,3.6029999256134033,3.5460000038146973,3.5759999752044678,1172716
2021-03-23,0.05483889952301979,3.681999921798706,3.694999933242798,3.5929999351501465,3.6029999256134033,1588657
2021-03-24,0.05552402138710022,3.7279999256134033,3.7279999256134033,3.6559998989105225,3.6570000648498535,2063191
2021-03-25,0.055181462317705154,3.7049999237060547,3.7679998874664307,3.687999963760376,3.7219998836517334,1400105
2021-03-26,0.05580700561404228,3.746999979019165,3.746999979019165,3.7100000381469727,3.7149999141693115,1078274
2021-03-29,0.05495805665850639,3.690000057220459,3.755000114440918,3.684000015258789,3.744999885559082,1358208
2021-03-30,0.054824016988277435,3.680999994277954,3.700000047683716,3.6740000247955322,3.700000047683716,1419137
2021-03-31,0.05500273406505585,3.693000078201294,3.7039999961853027,3.680999994277954,3.690999984741211,1292228
2021-04-01,0.05519635230302811,3.7060000896453857,3.7119998931884766,3.6659998893737793,3.690000057220459,966117
2021-04-06,0.0550772100687027,3.697999954223633,3.7065000534057617,3.674499988555908,3.7065000534057617,1294778
2021-04-07,0.05594848096370697,3.756500005722046,3.763000011444092,3.700000047683716,3.700000047683716,1653913
2021-04-08,0.056179340928792953,3.7720000743865967,3.7829999923706055,3.755000114440918,3.759999990463257,1565122
2021-04-09,0.05614955723285675,3.7699999809265137,3.7839999198913574,3.762500047683716,3.7720000743865967,1166199
2021-04-12,0.05586656555533409,3.750999927520752,3.7869999408721924,3.750999927520752,3.7799999713897705,1725913
2021-04-13,0.0727524682879448,3.5824999809265137,3.6435000896453857,3.5460000038146973,3.6410000324249268,2857436
2021-04-14,0.07306724041700363,3.5980000495910645,3.6115000247955322,3.567500114440918,3.5899999141693115,1281583
2021-04-15,0.07280322909355164,3.5850000381469727,3.6110000610351562,3.5850000381469727,3.5940001010894775,1212291
2021-04-16,0.07326015830039978,3.6075000762939453,3.6089999675750732,3.5869998931884766,3.5869998931884766,637700
2021-04-19,0.07309768348932266,3.5994999408721924,3.626499891281128,3.5920000076293945,3.6080000400543213,1373460
2021-04-20,0.07133091986179352,3.512500047683716,3.5934998989105225,3.509000062942505,3.5899999141693115,1575209
2021-04-21,0.0715746209025383,3.5244998931884766,3.5429999828338623,3.490000009536743,3.5280001163482666,1100929
2021-04-22,0.07218383252620697,3.554500102996826,3.555999994277954,3.503000020980835,3.5339999198913574,1074204
2021-04-23,0.07037646323442459,3.4655001163482666,3.515500068664551,3.440000057220459,3.509999990463257,2645627
2021-04-26,0.0707927718758583,3.4860000610351562,3.492500066757202,3.436000108718872,3.4739999771118164,1758613
2021-04-27,0.07063030451536179,3.4779999256134033,3.496999979019165,3.4605000019073486,3.490000009536743,1039306
2021-04-28,0.0703866109251976,3.4660000801086426,3.484999895095825,3.4544999599456787,3.4800000190734863,1149181
2021-04-29,0.07027491927146912,3.4605000019073486,3.489000082015991,3.450500011444092,3.4820001125335693,1238994
2021-04-30,0.07026474922895432,3.4600000381469727,3.4820001125335693,3.4514999389648438,3.4600000381469727,882180
2021-05-03,0.07049829512834549,3.4714999198913574,3.493499994277954,3.444999933242798,3.4600000381469727,1312461
2021-05-04,0.07019368559122086,3.4565000534057617,3.501499891281128,3.4539999961853027,3.4739999771118164,1307418
2021-05-05,0.07110753655433655,3.501499891281128,3.505000114440918,3.4684998989105225,3.4684998989105225,1070512
2021-05-06,0.07212293148040771,3.551500082015991,3.555000066757202,3.497499942779541,3.502500057220459,1683250
2021-05-07,0.07280322909355164,3.5850000381469727,3.5869998931884766,3.556999921798706,3.567500114440918,1112128
2021-05-10,0.07297584414482117,3.5934998989105225,3.5959999561309814,3.565999984741211,3.5859999656677246,748179
2021-05-11,0.071980781853199,3.5445001125335693,3.5785000324249268,3.5425000190734863,3.5785000324249268,1022320
2021-05-12,0.07300630956888199,3.5950000286102295,3.634500026702881,3.5445001125335693,3.5445001125335693,1233547
2021-05-14,0.07345307618379593,3.617000102996826,3.633500099182129,3.5875000953674316,3.5999999046325684,906419
2021-05-17,0.07387953996658325,3.638000011444092,3.6435000896453857,3.6059999465942383,3.617000102996826,1048405
2021-05-18,0.07471215724945068,3.678999900817871,3.683000087738037,3.627000093460083,3.6410000324249268,1357150
2021-05-19,0.07376784831285477,3.632499933242798,3.684499979019165,3.630500078201294,3.6600000858306885,992120
2021-05-20,0.07491523772478104,3.688999891281128,3.688999891281128,3.6389999389648438,3.6500000953674316,776639
2021-05-21,0.07542292773723602,3.7139999866485596,3.7290000915527344,3.6875,3.690000057220459,1195572
2021-05-24,0.07517922669649124,3.7019999027252197,3.7335000038146973,3.691999912261963,3.7139999866485596,656454
2021-05-25,0.07537216693162918,3.7114999294281006,3.7190001010894775,3.690000057220459,3.7114999294281006,773429
2021-05-26,0.07438723742961884,3.6630001068115234,3.7204999923706055,3.6540000438690186,3.7100000381469727,1538909
2021-05-27,0.07447861135005951,3.6675000190734863,3.688999891281128,3.6575000286102295,3.6659998893737793,562176
2021-05-28,0.07398107647895813,3.6429998874664307,3.6735000610351562,3.63100004196167,3.6700000762939453,744405
2021-05-31,0.0724986121058464,3.569999933242798,3.640000104904175,3.568000078201294,3.640000104904175,930948
2021-06-01,0.07277276366949081,3.5834999084472656,3.609999895095825,3.555999994277954,3.5764999389648438,875884
2021-06-02,0.07351400703191757,3.619999885559082,3.623500108718872,3.5824999809265137,3.5824999809265137,923354
2021-06-03,0.07321955263614655,3.6054999828338623,3.625499963760376,3.5829999446868896,3.619999885559082,474089
2021-06-04,0.07326015830039978,3.6075000762939453,3.616499900817871,3.5859999656677246,3.6110000610351562,486481
2021-06-07,0.0731586143374443,3.6024999618530273,3.619999885559082,3.5985000133514404,3.6085000038146973,259100
2021-06-08,0.07319923490285873,3.6045000553131104,3.630000114440918,3.5910000801086426,3.6070001125335693,149008
2021-06-09,0.07351400703191757,3.619999885559082,3.633500099182129,3.5910000801086426,3.6070001125335693,385738
2021-06-10,0.07405216246843338,3.6465001106262207,3.6475000381469727,3.6085000038146973,3.628499984741211,378133
2021-06-11,0.07362568378448486,3.625499963760376,3.6500000953674316,3.621999979019165,3.6465001106262207,322122
2021-06-14,0.07392015308141708,3.640000104904175,3.6524999141693115,3.619999885559082,3.634000062942505,450124
2021-06-15,0.0743466317653656,3.6610000133514404,3.677999973297119,3.6440000534057617,3.6440000534057617,518104
2021-06-16,0.07484415918588638,3.685499906539917,3.7065000534057617,3.6700000762939453,3.6700000762939453,599909
2021-06-17,0.07428568601608276,3.6579999923706055,3.676500082015991,3.6384999752044678,3.6700000762939453,584104
2021-06-18,0.07337184250354767,3.61299991607666,3.6624999046325684,3.6040000915527344,3.6500000953674316,810408
2021-06-21,0.07371708005666733,3.630000114440918,3.6475000381469727,3.6075000762939453,3.6115000247955322,526467
2021-06-22,0.07412324845790863,3.6500000953674316,3.6630001068115234,3.619999885559082,3.6410000324249268,538306
2021-06-23,0.07323984056711197,3.6064999103546143,3.6570000648498535,3.6064999103546143,3.6540000438690186,543561
2021-06-24,0.07350382953882217,3.619499921798706,3.6389999389648438,3.611999988555908,3.615000009536743,1807999
2021-06-28,0.07374753803014755,3.631500005722046,3.6559998989105225,3.609999895095825,3.619999885559082,744292
2021-06-29,0.07392015308141708,3.640000104904175,3.6540000438690186,3.63100004196167,3.631999969482422,767238
2021-06-30,0.0760524570941925,3.744999885559082,3.7699999809265137,3.640000104904175,3.640000104904175,1783640
2021-07-01,0.07559555023908615,3.7225000858306885,3.759999990463257,3.678999900817871,3.749500036239624,832980
2021-07-02,0.07576815783977509,3.7309999465942383,3.7614998817443848,3.7195000648498535,3.7300000190734863,848580
2021-07-05,0.07595092803239822,3.740000009536743,3.744499921798706,3.7174999713897705,3.734499931335449,386371
2021-07-06,0.07585953921079636,3.7355000972747803,3.760499954223633,3.7279999256134033,3.741499900817871,366369
2021-07-07,0.07625553756952286,3.755000114440918,3.756999969482422,3.7309999465942383,3.740000009536743,526561
2021-07-08,0.07628600299358368,3.756500005722046,3.7679998874664307,3.7325000762939453,3.740000009536743,455927
2021-07-09,0.07660078257322311,3.7720000743865967,3.7850000858306885,3.752500057220459,3.754499912261963,404791
2021-07-12,0.07739278674125671,3.811000108718872,3.812000036239624,3.7674999237060547,3.7699999809265137,528869
2021-07-13,0.07728108763694763,3.805500030517578,3.8310000896453857,3.7939999103546143,3.811000108718872,472630
2021-07-14,0.07769740372896194,3.8259999752044678,3.8299999237060547,3.7899999618530273,3.815999984741211,533038
2021-07-15,0.07781923562288284,3.8320000171661377,3.8510000705718994,3.810499906539917,3.8259999752044678,521888
2021-07-16,0.07885494083166122,3.882999897003174,3.9019999504089355,3.8399999141693115,3.8399999141693115,596942
2021-07-19,0.07757554203271866,3.819999933242798,3.882999897003174,3.802000045776367,3.882999897003174,523430
2021-07-20,0.07821524143218994,3.8515000343322754,3.881500005722046,3.8285000324249268,3.8389999866485596,571314
2021-07-21,0.07533154636621475,3.7095000743865967,3.8324999809265137,3.6589999198913574,3.8324999809265137,3606990
2021-07-22,0.0768343135714531,3.7834999561309814,3.817500114440918,3.7200000286102295,3.7300000190734863,938179
2021-07-23,0.07732171565294266,3.807499885559082,3.813999891281128,3.7750000953674316,3.7834999561309814,801614
2021-07-26,0.07716937363147736,3.799999952316284,3.808000087738037,3.7820000648498535,3.801500082015991,371916
2021-07-27,0.07650937885046005,3.7674999237060547,3.819999933242798,3.755500078201294,3.799999952316284,564757
2021-07-28,0.07594077289104462,3.739500045776367,3.7715001106262207,3.7360000610351562,3.76200008392334,514727
2021-07-29,0.07553461194038391,3.7195000648498535,3.740000009536743,3.7125000953674316,3.73799991607666,639143
2021-07-30,0.07518939673900604,3.702500104904175,3.7239999771118164,3.697000026702881,3.7109999656677246,617640
2021-08-02,0.07545338571071625,3.7155001163482666,3.7179999351501465,3.69350004196167,3.7019999027252197,692184
2021-08-03,0.07534170150756836,3.7100000381469727,3.734499931335449,3.690999984741211,3.7155001163482666,852865
2021-08-04,0.07521985471248627,3.7039999961853027,3.7335000038146973,3.7019999027252197,3.7165000438690186,378174
2021-08-05,0.075128473341465,3.69950008392334,3.7139999866485596,3.687000036239624,3.700500011444092,358593
2021-08-06,0.07471215724945068,3.678999900817871,3.696500062942505,3.6730000972747803,3.696500062942505,315418
2021-08-09,0.07514876872301102,3.700500011444092,3.703000068664551,3.6640000343322754,3.674999952316284,276550
2021-08-10,0.07527060806751251,3.7065000534057617,3.7204999923706055,3.690000057220459,3.7009999752044678,383607
2021-08-11,0.07562599331140518,3.7239999771118164,3.7365000247955322,3.7019999027252197,3.7019999027252197,485868
2021-08-12,0.07601185888051987,3.743000030517578,3.759999990463257,3.7260000705718994,3.7260000705718994,988279
2021-08-13,0.07621493190526962,3.753000020980835,3.758500099182129,3.7320001125335693,3.743000030517578,601762
2021-08-16,0.076194629073143,3.752000093460083,3.7695000171661377,3.7274999618530273,3.7330000400543213,562922
2021-08-17,0.07668201625347137,3.7760000228881836,3.7799999713897705,3.734999895095825,3.7355000972747803,484968
2021-08-18,0.07656016200780869,3.7699999809265137,3.7915000915527344,3.7664999961853027,3.7699999809265137,540546
2021-08-19,0.07518939673900604,3.702500104904175,3.758500099182129,3.691999912261963,3.758500099182129,974747
2021-08-20,0.07581891864538193,3.7335000038146973,3.740000009536743,3.694999933242798,3.700000047683716,739228
2021-08-23,0.0760423094034195,3.744499921798706,3.755000114440918,3.7149999141693115,3.75,629974
2021-08-24,0.07576815783977509,3.7309999465942383,3.753000020980835,3.7105000019073486,3.749500036239624,676612
2021-08-25,0.07507769763469696,3.697000026702881,3.7355000972747803,3.691499948501587,3.7355000972747803,758593
2021-08-26,0.07450907677412033,3.6689999103546143,3.690500020980835,3.6619999408721924,3.690500020980835,783033
2021-08-27,0.07488475739955902,3.6875,3.690000057220459,3.6605000495910645,3.6689999103546143,404638
2021-08-30,0.07493554055690765,3.690000057220459,3.693000078201294,3.672499895095825,3.686500072479248,415159
2021-08-31,0.07392015308141708,3.640000104904175,3.696000099182129,3.635499954223633,3.694000005722046,927863
2021-09-01,0.0738186165690422,3.634999990463257,3.6714999675750732,3.630000114440918,3.6465001106262207,739315
2021-09-02,0.07402170449495316,3.6449999809265137,3.6565001010894775,3.631500005722046,3.6414999961853027,547942
2021-09-03,0.0735546126961708,3.621999979019165,3.6640000343322754,3.615000009536743,3.6414999961853027,1203691
2021-09-06,0.07450907677412033,3.6689999103546143,3.677999973297119,3.619999885559082,3.626499891281128,781437
2021-09-07,0.07450907677412033,3.6689999103546143,3.688999891281128,3.6584999561309814,3.6689999103546143,629916
2021-09-08,0.0743466317653656,3.6610000133514404,3.682499885559082,3.634999990463257,3.6600000858306885,478133
2021-09-09,0.07463094592094421,3.674999952316284,3.684000015258789,3.630000114440918,3.6435000896453857,1135806
2021-09-10,0.07361553609371185,3.625,3.680999994277954,3.611999988555908,3.680000066757202,1060264
2021-09-13,0.07351400703191757,3.619999885559082,3.632499933242798,3.6019999980926514,3.625,831835
2021-09-14,0.07407246530056,3.6475000381469727,3.6675000190734863,3.621500015258789,3.63100004196167,922132
2021-09-15,0.07377801090478897,3.632999897003174,3.6679999828338623,3.624000072479248,3.640000104904175,806986
2021-09-16,0.0734124630689621,3.615000009536743,3.63700008392334,3.6089999675750732,3.63100004196167,561944
2021-09-17,0.07297584414482117,3.5934998989105225,3.6410000324249268,3.5910000801086426,3.615000009536743,1001812
2021-09-20,0.07257985323667526,3.5739998817443848,3.5815000534057617,3.5455000400543213,3.5804998874664307,1305469
2021-09-21,0.0723767802119255,3.563999891281128,3.5975000858306885,3.562999963760376,3.5739998817443848,937352
2021-09-22,0.07279308140277863,3.5845000743865967,3.5940001010894775,3.566999912261963,3.578000068664551,830015
2021-09-23,0.07339215278625488,3.614000082015991,3.614000082015991,3.5810000896453857,3.5899999141693115,547819
2021-09-24,0.07317891716957092,3.6034998893737793,3.617000102996826,3.5989999771118164,3.611999988555908,460492
2021-09-27,0.07257985323667526,3.5739998817443848,3.626499891281128,3.571500062942505,3.6034998893737793,971582
2021-09-28,0.07166600972414017,3.5290000438690186,3.5739998817443848,3.5239999294281006,3.571500062942505,697345
2021-09-29,0.07221432030200958,3.555999994277954,3.560499906539917,3.5139999389648438,3.5260000228881836,661948
2021-09-30,0.07228538393974304,3.559499979019165,3.5810000896453857,3.5460000038146973,3.555999994277954,499468
2021-10-01,0.07194013893604279,3.5425000190734863,3.555000066757202,3.5199999809265137,3.5399999618530273,948957
2021-10-04,0.07253924012184143,3.572000026702881,3.5875000953674316,3.5299999713897705,3.5399999618530273,730359
2021-10-05,0.0726204589009285,3.5759999752044678,3.5794999599456787,3.5510001182556152,3.565000057220459,451896
2021-10-06,0.07166600972414017,3.5290000438690186,3.570499897003174,3.5204999446868896,3.569999933242798,746941
2021-10-07,0.07216353714466095,3.553499937057495,3.568000078201294,3.5360000133514404,3.5360000133514404,587227
2021-10-08,0.07212293148040771,3.551500082015991,3.563499927520752,3.5360000133514404,3.558000087738037,654098
2021-10-11,0.07230567932128906,3.560499906539917,3.562999963760376,3.5304999351501465,3.549999952316284,412065
2021-10-12,0.0724986121058464,3.569999933242798,3.570499897003174,3.5260000228881836,3.5464999675750732,2034757
2021-10-13,0.07343275845050812,3.615999937057495,3.61899995803833,3.5429999828338623,3.572000026702881,2193085
2021-10-14,0.07401154190301895,3.6445000171661377,3.6449999809265137,3.615000009536743,3.619999885559082,806299
2021-10-15,0.07421461492776871,3.6545000076293945,3.6565001010894775,3.619999885559082,3.6500000953674316,903322
2021-10-18,0.0732702985405922,3.6080000400543213,3.6549999713897705,3.5929999351501465,3.6549999713897705,1471696
2021-10-19,0.07356477528810501,3.622499942779541,3.625,3.5824999809265137,3.61299991607666,806598
2021-10-20,0.07369676977396011,3.628999948501587,3.6364998817443848,3.5929999351501465,3.628999948501587,736348
2021-10-21,0.07226508110761642,3.558500051498413,3.625,3.553999900817871,3.625,2062021
2021-10-22,0.07286415994167328,3.5880000591278076,3.5989999771118164,3.5234999656677246,3.559999942779541,3025283
2021-10-25,0.07206200063228607,3.5485000610351562,3.5929999351501465,3.5290000438690186,3.5915000438690186,1664744
2021-10-26,0.07177767902612686,3.5344998836517334,3.563999891281128,3.5215001106262207,3.553499937057495,2349746
2021-10-27,0.09742168337106705,3.440000057220459,3.441499948501587,3.4200000762939453,3.436500072479248,1517823
2021-10-28,0.09657207876443863,3.4100000858306885,3.440500020980835,3.3965001106262207,3.440000057220459,1926406
2021-10-29,0.09660039842128754,3.4110000133514404,3.4179999828338623,3.3949999809265137,3.4065001010894775,1245322
2021-11-01,0.09766239672899246,3.448499917984009,3.4519999027252197,3.4000000953674316,3.4054999351501465,1034629
2021-11-02,0.09777569025754929,3.452500104904175,3.4684998989105225,3.440999984741211,3.450000047683716,841405
2021-11-03,0.09753496944904327,3.444000005722046,3.447499990463257,3.427000045776367,3.447499990463257,842412
2021-11-04,0.09777569025754929,3.452500104904175,3.4639999866485596,3.435499906539917,3.452500104904175,656243
2021-11-05,0.09794560819864273,3.4584999084472656,3.4690001010894775,3.445499897003174,3.452500104904175,525602
2021-11-08,0.09791728109121323,3.4574999809265137,3.4744999408721924,3.438999891281128,3.4700000286102295,859035
2021-11-09,0.09821464866399765,3.4679999351501465,3.4779999256134033,3.448499917984009,3.450000047683716,621742
2021-11-10,0.0988093763589859,3.489000082015991,3.507499933242798,3.4519999027252197,3.4684998989105225,959925
2021-11-11,0.0985969826579094,3.4814999103546143,3.500499963760376,3.4665000438690186,3.48799991607666,497591
2021-11-12,0.09821464866399765,3.4679999351501465,3.4865000247955322,3.4549999237060547,3.4820001125335693,1071661
2021-11-15,0.09824296832084656,3.4690001010894775,3.4885001182556152,3.4509999752044678,3.4679999351501465,655606
2021-11-16,0.09794560819864273,3.4584999084472656,3.487499952316284,3.4570000171661377,3.4769999980926514,454763
2021-11-17,0.09834210574626923,3.4725000858306885,3.490999937057495,3.446500062942505,3.4549999237060547,619763
2021-11-18,0.09745000302791595,3.440999984741211,3.4825000762939453,3.430000066757202,3.4825000762939453,820915
2021-11-19,0.09803056716918945,3.4614999294281006,3.4739999771118164,3.426500082015991,3.441999912261963,924759
2021-11-22,0.10004129260778427,3.5325000286102295,3.5394999980926514,3.4619998931884766,3.4619998931884766,1617505
2021-11-23,0.09946075081825256,3.51200008392334,3.5329999923706055,3.507999897003174,3.5274999141693115,799766
2021-11-24,0.09988553076982498,3.5269999504089355,3.55049991607666,3.504499912261963,3.506999969482422,1162169
2021-11-25,0.1003669798374176,3.5439999103546143,3.553999900817871,3.5269999504089355,3.5415000915527344,797986
2021-11-26,0.09736504405736923,3.437999963760376,3.4830000400543213,3.4130001068115234,3.4830000400543213,1730889
2021-11-29,0.09780401736497879,3.4535000324249268,3.4749999046325684,3.428999900817871,3.437999963760376,951848
2021-11-30,0.0964871272444725,3.4070000648498535,3.442500114440918,3.4070000648498535,3.440999984741211,1283642
2021-12-01,0.09708185493946075,3.427999973297119,3.447499990463257,3.4019999504089355,3.4200000762939453,1427738
2021-12-02,0.09650126844644547,3.4075000286102295,3.4200000762939453,3.374500036239624,3.4200000762939453,1557760
2021-12-03,0.09517022222280502,3.3605000972747803,3.4100000858306885,3.3550000190734863,3.4075000286102295,2125591
2021-12-07,0.09795977920293808,3.4590001106262207,3.487499952316284,3.430999994277954,3.433000087738037,3697022
2021-12-08,0.09657207876443863,3.4100000858306885,3.4820001125335693,3.4100000858306885,3.4674999713897705,1963667
2021-12-09,0.09582159668207169,3.383500099182129,3.4820001125335693,3.359999895095825,3.4674999713897705,3925535
2021-12-10,0.09638799726963043,3.4035000801086426,3.4154999256134033,3.378499984741211,3.383500099182129,977955
2021-12-13,0.09600567072629929,3.390000104904175,3.430500030517578,3.385999917984009,3.4035000801086426,1119578
2021-12-14,0.09640217572450638,3.4040000438690186,3.435499906539917,3.3975000381469727,3.4000000953674316,1480216
2021-12-15,0.09599149227142334,3.3894999027252197,3.4240000247955322,3.382999897003174,3.4105000495910645,1619567
2021-12-16,0.09586407244205475,3.384999990463257,3.4200000762939453,3.364000082015991,3.4195001125335693,1734299
2021-12-17,0.09674199670553207,3.4159998893737793,3.4179999828338623,3.378000020980835,3.382999897003174,1384878
2021-12-20,0.09512773901224136,3.3589999675750732,3.4000000953674316,3.3534998893737793,3.3889999389648438,2213299
2021-12-21,0.09600567072629929,3.390000104904175,3.3929998874664307,3.3610000610351562,3.364000082015991,1236514
2021-12-22,0.09543926268815994,3.369999885559082,3.3894999027252197,3.3605000972747803,3.385499954223633,1140290
2021-12-23,0.09657207876443863,3.4100000858306885,3.4124999046325684,3.369999885559082,3.369999885559082,1607747
2021-12-27,0.09689775854349136,3.4214999675750732,3.4260001182556152,3.4024999141693115,3.4070000648498535,1510669
2021-12-28,0.0979880765080452,3.4600000381469727,3.4619998931884766,3.4200000762939453,3.4200000762939453,1448251
2021-12-29,0.09742168337106705,3.440000057220459,3.4595000743865967,3.439500093460083,3.4519999027252197,1032921
2021-12-30,0.09776154905557632,3.4519999027252197,3.4605000019073486,3.43149995803833,3.440000057220459,1360228
2022-01-03,0.09812968224287033,3.4649999141693115,3.4809999465942383,3.442500114440918,3.450000047683716,1129788
2022-01-04,0.0982288047671318,3.4684998989105225,3.490499973297119,3.438999891281128,3.490000009536743,2124997
2022-01-05,0.09800225496292114,3.4605000019073486,3.4790000915527344,3.452500104904175,3.4690001010894775,1364827
2022-01-07,0.09678447246551514,3.4175000190734863,3.450000047683716,3.4024999141693115,3.450000047683716,2413300
2022-01-10,0.0979880765080452,3.4600000381469727,3.4660000801086426,3.4114999771118164,3.430500030517578,1705543
2022-01-11,0.09861114621162415,3.4820001125335693,3.509999990463257,3.4584999084472656,3.4700000286102295,1260998
2022-01-12,0.0982004851102829,3.4674999713897705,3.5144999027252197,3.447999954223633,3.509000062942505,964301
2022-01-13,0.09855449199676514,3.4800000190734863,3.491499900817871,3.450000047683716,3.4684998989105225,770715
2022-01-14,0.09845536947250366,3.4765000343322754,3.5,3.4674999713897705,3.4700000286102295,1108188
2022-01-17,0.09900762140750885,3.496000051498413,3.502500057220459,3.4670000076293945,3.4825000762939453,867137
2022-01-18,0.1003669798374176,3.5439999103546143,3.569000005722046,3.509500026702881,3.5199999809265137,1889524
2022-01-19,0.10094757378101349,3.564500093460083,3.5824999809265137,3.5199999809265137,3.5304999351501465,1544100
2022-01-20,0.1021653339266777,3.6075000762939453,3.6135001182556152,3.565500020980835,3.5785000324249268,1713367
2022-01-21,0.09948907047510147,3.513000011444092,3.5869998931884766,3.510999917984009,3.5769999027252197,1731576
2022-01-24,0.09542511403560638,3.369499921798706,3.5169999599456787,3.3575000762939453,3.499500036239624,2883802
2022-01-25,0.09766239672899246,3.448499917984009,3.4695000648498535,3.3914999961853027,3.3914999961853027,1359651
2022-01-26,0.097011037170887,3.42549991607666,3.4700000286102295,3.4140000343322754,3.4600000381469727,1350811
2022-01-27,0.09708185493946075,3.427999973297119,3.438499927520752,3.377500057220459,3.390000104904175,1450219
2022-01-28,0.09776154905557632,3.4519999027252197,3.5114998817443848,3.3454999923706055,3.427999973297119,3266998
2022-01-31,0.0987810418009758,3.48799991607666,3.515000104904175,3.446000099182129,3.4739999771118164,1922075
2022-02-01,0.09994219988584518,3.5290000438690186,3.5420000553131104,3.499000072479248,3.505500078201294,945037
2022-02-02,0.10067850351333618,3.555000066757202,3.5739998817443848,3.5304999351501465,3.5304999351501465,1028184
2022-02-03,0.10132987797260284,3.578000068664551,3.6064999103546143,3.5399999618530273,3.559499979019165,1857777
2022-02-04,0.09981474280357361,3.5244998931884766,3.5980000495910645,3.515500068664551,3.5855000019073486,1037097
2022-02-07,0.10032450407743454,3.5425000190734863,3.5425000190734863,3.4814999103546143,3.5334999561309814,1449120
2022-02-08,0.10138651728630066,3.5799999237060547,3.5924999713897705,3.5434999465942383,3.5434999465942383,1038808
2022-02-09,0.1021370217204094,3.6064999103546143,3.628999948501587,3.565000057220459,3.5910000801086426,1407122
2022-02-10,0.10111747682094574,3.570499897003174,3.632499933242798,3.569000005722046,3.612499952316284,980344
2022-02-11,0.10175469517707825,3.5929999351501465,3.5975000858306885,3.552000045776367,3.559999942779541,810781
2022-02-14,0.09922001510858536,3.503499984741211,3.555000066757202,3.4605000019073486,3.549999952316284,2238680
2022-02-15,0.10101837664842606,3.566999912261963,3.5769999027252197,3.499500036239624,3.5,1048968
2022-02-16,0.10091923922300339,3.563499927520752,3.5964999198913574,3.559999942779541,3.5799999237060547,601939
2022-02-17,0.09971562027931213,3.5209999084472656,3.5834999084472656,3.5,3.578000068664551,934965
2022-02-18,0.09912087768316269,3.5,3.555999994277954,3.489500045776367,3.5250000953674316,900428
2022-02-21,0.09827131778001785,3.4700000286102295,3.510499954223633,3.447999954223633,3.510499954223633,938729
2022-02-22,0.09770487248897552,3.450000047683716,3.4649999141693115,3.4000000953674316,3.4054999351501465,1171739
2022-02-23,0.09718096256256104,3.43149995803833,3.489000082015991,3.426500082015991,3.450500011444092,1076159
2022-02-24,0.09222491830587387,3.256500005722046,3.3415000438690186,3.240999937057495,3.3399999141693115,2912609
2022-02-25,0.09501446038484573,3.3550000190734863,3.3570001125335693,3.245500087738037,3.2799999713897705,2660425
2022-02-28,0.09446222335100174,3.3355000019073486,3.3494999408721924,3.2855000495910645,3.2899999618530273,1927710
2022-03-01,0.09296125173568726,3.2825000286102295,3.369999885559082,3.2809998989105225,3.325500011444092,1489063
2022-03-02,0.0937400534749031,3.309999942779541,3.309999942779541,3.186000108718872,3.25600004196167,2094670
2022-03-03,0.09206915646791458,3.250999927520752,3.303999900817871,3.243499994277954,3.303999900817871,1384873
2022-03-04,0.09119122475385666,3.2200000286102295,3.249000072479248,3.17549991607666,3.240000009536743,1640089
2022-03-07,0.09004426002502441,3.179500102996826,3.2060000896453857,3.0950000286102295,3.1649999618530273,2180265
2022-03-08,0.09068145602941513,3.2019999027252197,3.2300000190734863,3.1440000534057617,3.1519999504089355,1339402
2022-03-09,0.09286213666200638,3.2790000438690186,3.2980000972747803,3.242000102996826,3.26200008392334,1815341
2022-03-10,0.09398076683282852,3.31850004196167,3.3304998874664307,3.2365000247955322,3.2869999408721924,1740408
2022-03-11,0.09426398575305939,3.3285000324249268,3.372999906539917,3.2899999618530273,3.322000026702881,1272460
2022-03-14,0.0966711938381195,3.4135000705718994,3.4159998893737793,3.3299999237060547,3.3570001125335693,1633938
2022-03-15,0.09794560819864273,3.4584999084472656,3.4749999046325684,3.375,3.3940000534057617,1644573
2022-03-16,0.10067850351333618,3.555000066757202,3.572999954223633,3.491499900817871,3.513000011444092,1985232
2022-03-17,0.10107500106096268,3.569000005722046,3.5834999084472656,3.552000045776367,3.565000057220459,1303690
2022-03-18,0.09954570233821869,3.515000104904175,3.564500093460083,3.496999979019165,3.559999942779541,869119
2022-03-21,0.10011211782693863,3.5350000858306885,3.561000108718872,3.509999990463257,3.515000104904175,1280193
2022-03-22,0.09950323402881622,3.5134999752044678,3.552000045776367,3.512500047683716,3.549499988555908,591683
2022-03-23,0.09838457405567169,3.4739999771118164,3.5320000648498535,3.4644999504089355,3.5179998874664307,625771
2022-03-24,0.10065019130706787,3.553999900817871,3.555999994277954,3.4790000915527344,3.4800000190734863,1032256
2022-03-25,0.10135819762945175,3.5789999961853027,3.5859999656677246,3.5269999504089355,3.5269999504089355,850783
2022-03-28,0.10169804096221924,3.5910000801086426,3.634500026702881,3.5804998874664307,3.5899999141693115,962116
2022-03-29,0.10297246277332306,3.635999917984009,3.677500009536743,3.6110000610351562,3.619999885559082,1136973
2022-03-30,0.10309989750385284,3.640500068664551,3.6470000743865967,3.6050000190734863,3.640000104904175,1127864
2022-03-31,0.10309989750385284,3.640500068664551,3.67549991607666,3.640500068664551,3.6449999809265137,775532
2022-04-01,0.10501151531934738,3.7079999446868896,3.7079999446868896,3.621999979019165,3.640000104904175,1134473
2022-04-04,0.1043318435549736,3.684000015258789,3.7119998931884766,3.6700000762939453,3.7100000381469727,582384
2022-04-05,0.10537968575954437,3.7209999561309814,3.740999937057495,3.686000108718872,3.697999954223633,1646654
2022-04-06,0.10535135865211487,3.7200000286102295,3.7699999809265137,3.7019999027252197,3.7200000286102295,1581584
2022-04-07,0.14063630998134613,3.63100004196167,3.6429998874664307,3.5810000896453857,3.5889999866485596,894075
2022-04-08,0.1440446972846985,3.7190001010894775,3.7209999561309814,3.6589999198913574,3.6600000858306885,1158983
2022-04-11,0.14586514234542847,3.7660000324249268,3.7829999923706055,3.7119998931884766,3.7130000591278076,1756515
2022-04-12,0.1473757028579712,3.805000066757202,3.812999963760376,3.7290000915527344,3.7330000400543213,1795007
2022-04-13,0.14795666933059692,3.819999933242798,3.8359999656677246,3.7990000247955322,3.799999952316284,1285293
2022-04-14,0.14811159670352936,3.8239998817443848,3.8519999980926514,3.818000078201294,3.8369998931884766,853883
2022-04-19,0.14756935834884644,3.809999942779541,3.8320000171661377,3.7909998893737793,3.819999933242798,667736
2022-04-20,0.14640739560127258,3.7799999713897705,3.8239998817443848,3.7679998874664307,3.819999933242798,575882
2022-04-21,0.14540034532546997,3.753999948501587,3.799999952316284,3.749000072479248,3.7799999713897705,758012
2022-04-22,0.14474192261695862,3.736999988555908,3.7699999809265137,3.7100000381469727,3.740000009536743,495787
2022-04-25,0.14485813677310944,3.740000009536743,3.7739999294281006,3.678999900817871,3.687999963760376,809191
2022-04-26,0.14582642912864685,3.765000104904175,3.815000057220459,3.740000009536743,3.740000009536743,663950
2022-04-27,0.15434744954109192,3.984999895095825,4.008999824523926,3.743000030517578,3.760999917984009,3583627
2022-04-28,0.1521010398864746,3.927000045776367,4.013999938964844,3.9200000762939453,3.990999937057495,1841967
2022-04-29,0.15314678847789764,3.9539999961853027,3.996000051498413,3.9140000343322754,3.943000078201294,1239803
2022-05-02,0.15097777545452118,3.8980000019073486,3.9519999027252197,3.5399999618530273,3.9240000247955322,1174967
2022-05-03,0.1533404290676117,3.9590001106262207,3.9679999351501465,3.9049999713897705,3.9200000762939453,611188
2022-05-04,0.1515587717294693,3.9130001068115234,3.9649999141693115,3.9049999713897705,3.9609999656677246,625642
2022-05-05,0.14950594305992126,3.859999895095825,3.9760000705718994,3.8559999465942383,3.9210000038146973,836039
2022-05-06,0.1478404551744461,3.816999912261963,3.8570001125335693,3.7920000553131104,3.8499999046325684,410119
2022-05-09,0.144625723361969,3.7339999675750732,3.822000026702881,3.7339999675750732,3.799999952316284,622156
2022-05-10,0.14617499709129333,3.7739999294281006,3.803999900817871,3.7290000915527344,3.736999988555908,414239
2022-05-11,0.148382768034935,3.8310000896453857,3.8450000286102295,3.7929999828338623,3.796999931335449,695989
2022-05-12,0.15086157619953156,3.8949999809265137,3.9070000648498535,3.7960000038146973,3.7960000038146973,1245194
2022-05-13,0.1510164886713028,3.8989999294281006,3.924999952316284,3.88100004196167,3.88100004196167,792241
2022-05-16,0.15136511623859406,3.9079999923706055,3.921999931335449,3.875,3.890000104904175,441480
2022-05-17,0.15140382945537567,3.9089999198913574,3.936000108718872,3.884999990463257,3.928999900817871,555864
2022-05-18,0.1501644253730774,3.877000093460083,3.9200000762939453,3.871000051498413,3.9089999198913574,453586
2022-05-19,0.14826653897762299,3.828000068664551,3.874000072479248,3.828000068664551,3.8529999256134033,461538
2022-05-20,0.14900244772434235,3.8469998836517334,3.9030001163482666,3.8440001010894775,3.9000000953674316,776671
2022-05-23,0.15097777545452118,3.8980000019073486,3.9049999713897705,3.864000082015991,3.884000062942505,390128
2022-05-24,0.14911863207817078,3.8499999046325684,3.8889999389648438,3.8329999446868896,3.8889999389648438,520541
2022-05-25,0.1492348611354828,3.8529999256134033,3.9019999504089355,3.8499999046325684,3.865999937057495,342596
2022-05-27,0.14907991886138916,3.8489999771118164,3.869999885559082,3.822000026702881,3.865999937057495,407518
2022-05-30,0.14826653897762299,3.828000068664551,3.868000030517578,3.809000015258789,3.8570001125335693,433325
2022-05-31,0.14756935834884644,3.809999942779541,3.8350000381469727,3.7869999408721924,3.825000047683716,540182
2022-06-01,0.14911863207817078,3.8499999046325684,3.871000051498413,3.816999912261963,3.822999954223633,375138
2022-06-02,0.1497770994901657,3.867000102996826,3.884000062942505,3.8480000495910645,3.86299991607666,309046
2022-06-03,0.14915737509727478,3.8510000705718994,3.882999897003174,3.8459999561309814,3.874000072479248,296993
2022-06-06,0.14907991886138916,3.8489999771118164,3.8510000705718994,3.809000015258789,3.8510000705718994,633919
2022-06-07,0.1469496488571167,3.7939999103546143,3.8499999046325684,3.7809998989105225,3.8440001010894775,391085
2022-06-08,0.14493557810783386,3.742000102996826,3.7950000762939453,3.736999988555908,3.7899999618530273,352964
2022-06-09,0.14524541795253754,3.75,3.7820000648498535,3.739000082015991,3.743000030517578,331355
2022-06-10,0.14338627457618713,3.7019999027252197,3.755000114440918,3.6730000972747803,3.746999979019165,421463
2022-06-13,0.14206939935684204,3.6679999828338623,3.7019999027252197,3.6459999084472656,3.6459999084472656,507798
2022-06-14,0.1423405557870865,3.674999952316284,3.7300000190734863,3.6649999618530273,3.6679999828338623,575299
2022-06-15,0.14133349061012268,3.6489999294281006,3.694000005722046,3.6489999294281006,3.6670000553131104,393963
2022-06-16,0.13904829323291779,3.5899999141693115,3.6630001068115234,3.578000068664551,3.6480000019073486,510135
2022-06-17,0.13974547386169434,3.6080000400543213,3.619999885559082,3.572999954223633,3.5899999141693115,365847
2022-06-20,0.1409461796283722,3.6389999389648438,3.6389999389648438,3.5859999656677246,3.6029999256134033,276612
2022-06-21,0.14021025598049164,3.619999885559082,3.6510000228881836,3.615000009536743,3.628999948501587,295809
2022-06-22,0.14334756135940552,3.7009999752044678,3.7060000896453857,3.638000011444092,3.6559998989105225,336307
2022-06-23,0.14133349061012268,3.6489999294281006,3.7019999027252197,3.6489999294281006,3.694999933242798,433637
2022-06-27,0.14346377551555634,3.7039999961853027,3.7130000591278076,3.6600000858306885,3.6600000858306885,336078
2022-06-28,0.14474192261695862,3.736999988555908,3.75,3.7039999961853027,3.7039999961853027,175402
2022-06-29,0.14261163771152496,3.681999921798706,3.7300000190734863,3.6459999084472656,3.7190001010894775,497509
2022-06-30,0.14129476249217987,3.6480000019073486,3.6730000972747803,3.635999917984009,3.6659998893737793,469907
2022-07-01,0.14268913865089417,3.684000015258789,3.7079999446868896,3.624000072479248,3.6500000953674316,464330
2022-07-04,0.14361868798732758,3.7079999446868896,3.7309999465942383,3.684000015258789,3.684000015258789,263751
2022-07-05,0.14210814237594604,3.6689999103546143,3.7239999771118164,3.6670000553131104,3.7200000286102295,1178954
2022-07-06,0.1436961591243744,3.7100000381469727,3.7279999256134033,3.684000015258789,3.690999984741211,429277
2022-07-07,0.1455553025007248,3.757999897003174,3.759000062942505,3.696000099182129,3.7269999980926514,447287
2022-07-08,0.14578765630722046,3.7639999389648438,3.7760000228881836,3.7300000190734863,3.755000114440918,399657
2022-07-11,0.1451679766178131,3.747999906539917,3.7639999389648438,3.7320001125335693,3.759000062942505,265193
2022-07-12,0.14764682948589325,3.812000036239624,3.815000057220459,3.744999885559082,3.746999979019165,354450
2022-07-13,0.14718201756477356,3.799999952316284,3.815000057220459,3.760999917984009,3.799999952316284,299473
2022-07-14,0.1455940455198288,3.759000062942505,3.799999952316284,3.7320001125335693,3.7899999618530273,413339
2022-07-15,0.14474192261695862,3.736999988555908,3.7769999504089355,3.7219998836517334,3.760999917984009,321234
2022-07-18,0.1456327736377716,3.759999990463257,3.7850000858306885,3.7300000190734863,3.746999979019165,229060
2022-07-19,0.14586514234542847,3.7660000324249268,3.7809998989105225,3.742000102996826,3.750999927520752,271557
2022-07-20,0.13807998597621918,3.565000057220459,3.746000051498413,3.5480000972747803,3.746000051498413,1971044
2022-07-21,0.1396293044090271,3.6050000190734863,3.609999895095825,3.5429999828338623,3.5880000591278076,722894
2022-07-22,0.13784760236740112,3.559000015258789,3.5880000591278076,3.5439999103546143,3.572999954223633,683337
2022-07-25,0.13943560421466827,3.5999999046325684,3.621000051498413,3.561000108718872,3.561000108718872,388950
2022-07-26,0.1395130604505539,3.6019999980926514,3.6040000915527344,3.571000099182129,3.5899999141693115,360992
2022-07-27,0.13854475319385529,3.5769999027252197,3.617000102996826,3.5769999027252197,3.61299991607666,212174
2022-07-28,0.1386222392320633,3.5789999961853027,3.5959999561309814,3.5380001068115234,3.5899999141693115,706470
2022-07-29,0.13939689099788666,3.5989999771118164,3.615999937057495,3.569000005722046,3.5799999237060547,702830
2022-08-01,0.1404426395893097,3.625999927520752,3.638000011444092,3.6059999465942383,3.6059999465942383,377895
2022-08-02,0.140055313706398,3.615999937057495,3.63700008392334,3.5989999771118164,3.5999999046325684,240290
2022-08-03,0.1391645073890686,3.5929999351501465,3.615000009536743,3.569000005722046,3.615000009536743,369849
2022-08-04,0.1386996954679489,3.5810000896453857,3.5950000286102295,3.559000015258789,3.5929999351501465,359927
2022-08-05,0.1400166004896164,3.615000009536743,3.615000009536743,3.562999963760376,3.5810000896453857,368407
2022-08-08,0.14036521315574646,3.624000072479248,3.63700008392334,3.5989999771118164,3.617000102996826,756809
2022-08-09,0.1404426395893097,3.625999927520752,3.628999948501587,3.5899999141693115,3.609999895095825,277087
2022-08-10,0.1396293044090271,3.6050000190734863,3.6510000228881836,3.5969998836517334,3.630000114440918,333441
2022-08-11,0.13904829323291779,3.5899999141693115,3.630000114440918,3.5859999656677246,3.615999937057495,371340
2022-08-12,0.13835112750530243,3.572000026702881,3.6029999256134033,3.571000099182129,3.5899999141693115,512550
2022-08-15,0.13807998597621918,3.565000057220459,3.5769999027252197,3.5460000038146973,3.572000026702881,508129
2022-08-16,0.13897082209587097,3.5880000591278076,3.5880000591278076,3.552000045776367,3.555999994277954,482169
2022-08-17,0.1391257494688034,3.5920000076293945,3.6019999980926514,3.569999933242798,3.5950000286102295,411985
2022-08-18,0.13993912935256958,3.61299991607666,3.614000082015991,3.572999954223633,3.5859999656677246,365376
2022-08-19,0.14137224853038788,3.6500000953674316,3.6619999408721924,3.6080000400543213,3.61299991607666,811238
2022-08-22,0.14129476249217987,3.6480000019073486,3.6549999713897705,3.609999895095825,3.6500000953674316,535373
2022-08-23,0.1405588537454605,3.628999948501587,3.6559998989105225,3.617000102996826,3.6449999809265137,330128
2022-08-24,0.1400166004896164,3.615000009536743,3.63700008392334,3.5980000495910645,3.624000072479248,316208
2022-08-25,0.14067505300045013,3.631999969482422,3.6419999599456787,3.615000009536743,3.619999885559082,203198
2022-08-26,0.13877718150615692,3.5829999446868896,3.6459999084472656,3.5769999027252197,3.632999897003174,466114
2022-08-29,0.1376926600933075,3.555000066757202,3.575000047683716,3.5369999408721924,3.575000047683716,675066
2022-08-30,0.13757646083831787,3.552000045776367,3.5999999046325684,3.552000045776367,3.555000066757202,309869
2022-08-31,0.1363757699728012,3.5209999084472656,3.561000108718872,3.51200008392334,3.552000045776367,976223
2022-09-01,0.1359109878540039,3.509000062942505,3.5269999504089355,3.4690001010894775,3.5179998874664307,718002
2022-09-02,0.13602720201015472,3.51200008392334,3.5209999084472656,3.4709999561309814,3.509000062942505,732059
2022-09-05,0.13471031188964844,3.4779999256134033,3.492000102996826,3.4619998931884766,3.492000102996826,531836
2022-09-06,0.13440047204494476,3.4700000286102295,3.4830000400543213,3.447999954223633,3.4570000171661377,720758
2022-09-07,0.13327720761299133,3.440999984741211,3.4700000286102295,3.434999942779541,3.4700000286102295,561205
2022-09-08,0.12839695811271667,3.315000057220459,3.446000099182129,3.2880001068115234,3.440000057220459,2340893
2022-09-09,0.13002373278141022,3.3570001125335693,3.365000009536743,3.309999942779541,3.319999933242798,1094581
2022-09-12,0.13110820949077606,3.384999990463257,3.384999990463257,3.3299999237060547,3.3580000400543213,1152482
2022-09-13,0.1294040083885193,3.3410000801086426,3.3929998874664307,3.3320000171661377,3.384000062942505,974607
2022-09-14,0.12886175513267517,3.3269999027252197,3.3440001010894775,3.309000015258789,3.3299999237060547,707103
2022-09-15,0.12727373838424683,3.2860000133514404,3.3529999256134033,3.2799999713897705,3.328000068664551,974661
2022-09-16,0.12719625234603882,3.2839999198913574,3.312000036239624,3.2679998874664307,3.2799999713897705,1044707
2022-09-19,0.12657654285430908,3.2679998874664307,3.2899999618530273,3.234999895095825,3.2899999618530273,658559
2022-09-20,0.12185124307870865,3.1459999084472656,3.2799999713897705,3.1410000324249268,3.2799999713897705,1597041
2022-09-21,0.12142516672611237,3.134999990463257,3.1530001163482666,3.127000093460083,3.135999917984009,764827
2022-09-22,0.12142516672611237,3.134999990463257,3.1510000228881836,3.1059999465942383,3.119999885559082,1162986
2022-09-23,0.11987589299678802,3.0950000286102295,3.1500000953674316,3.0950000286102295,3.1500000953674316,865316
2022-09-26,0.11890760064125061,3.069999933242798,3.0950000286102295,3.046999931335449,3.0829999446868896,911395
2022-09-27,0.11960478872060776,3.0880000591278076,3.117000102996826,3.069999933242798,3.069999933242798,575509
2022-09-28,0.1188301369547844,3.068000078201294,3.0880000591278076,3.0209999084472656,3.0840001106262207,853659
2022-09-29,0.11480198055505753,2.9639999866485596,3.0460000038146973,2.936000108718872,3.0420000553131104,1576791
2022-09-30,0.11418227106332779,2.947999954223633,2.992000102996826,2.931999921798706,2.9649999141693115,1126354
2022-10-03,0.11751320958137512,3.0339999198913574,3.0439999103546143,2.934000015258789,2.9519999027252197,892080
2022-10-04,0.11774562299251556,3.0399999618530273,3.071000099182129,3.0260000228881836,3.059000015258789,1192809
2022-10-05,0.11491817981004715,2.9670000076293945,3.0429999828338623,2.9600000381469727,3.0429999828338623,1295163
2022-10-06,0.1142597422003746,2.950000047683716,3.003000020980835,2.944999933242798,3.003000020980835,1129512
2022-10-07,0.11325272172689438,2.9240000247955322,2.9760000705718994,2.9059998989105225,2.9159998893737793,1143706
2022-10-10,0.11278791725635529,2.9119999408721924,2.953000068664551,2.9030001163482666,2.9240000247955322,1004746
2022-10-11,0.11271045356988907,2.9100000858306885,2.927999973297119,2.885999917984009,2.9119999408721924,1108232
2022-10-12,0.11166467517614365,2.882999897003174,2.9110000133514404,2.8519999980926514,2.9110000133514404,1520405
2022-10-13,0.11193583160638809,2.890000104904175,2.9079999923706055,2.8440001010894775,2.869999885559082,1135117
2022-10-14,0.11364003270864487,2.934000015258789,2.944000005722046,2.9070000648498535,2.9200000762939453,978758
2022-10-17,0.11460833996534348,2.9590001106262207,2.9679999351501465,2.930000066757202,2.934000015258789,794099
2022-10-18,0.11491817981004715,2.9670000076293945,2.9860000610351562,2.924999952316284,2.9860000610351562,1515429
2022-10-19,0.11530551314353943,2.9769999980926514,2.990000009536743,2.953000068664551,2.9670000076293945,1770579
2022-10-20,0.11371748149394989,2.936000108718872,2.9739999771118164,2.9149999618530273,2.9709999561309814,1119014
2022-10-21,0.09911548346281052,2.559000015258789,2.8459999561309814,2.559000015258789,2.8459999561309814,10217489
2022-10-24,0.09857325255870819,2.5450000762939453,2.5989999771118164,2.5339999198913574,2.562000036239624,3531427
2022-10-25,0.10264010727405548,2.6500000953674316,2.6500000953674316,2.5510001182556152,2.555000066757202,2743893
2022-10-26,0.16499397158622742,2.572000026702881,2.5829999446868896,2.555000066757202,2.559999942779541,1906991
2022-10-27,0.16666185855865479,2.5980000495910645,2.609999895095825,2.559999942779541,2.572000026702881,1538610
2022-10-28,0.17063920199871063,2.6600000858306885,2.6630001068115234,2.572999954223633,2.5869998931884766,1521024
2022-10-31,0.1717938631772995,2.677999973297119,2.690999984741211,2.6530001163482666,2.6630001068115234,909824
2022-11-01,0.1714089959859848,2.671999931335449,2.703000068664551,2.6710000038146973,2.686000108718872,786586
2022-11-02,0.17307688295841217,2.697999954223633,2.7070000171661377,2.6679999828338623,2.680000066757202,1074703
2022-11-03,0.1704467535018921,2.6570000648498535,2.691999912261963,2.6449999809265137,2.687000036239624,874446
2022-11-04,0.17063920199871063,2.6600000858306885,2.6740000247955322,2.6519999504089355,2.6610000133514404,729067
2022-11-07,0.17198631167411804,2.680999994277954,2.696000099182129,2.6640000343322754,2.6710000038146973,930223
2022-11-08,0.17262785136699677,2.690999984741211,2.6989998817443848,2.6740000247955322,2.690000057220459,806845
2022-11-09,0.17307688295841217,2.697999954223633,2.7049999237060547,2.6640000343322754,2.700000047683716,821968
2022-11-10,0.17532214522361755,2.7330000400543213,2.74399995803833,2.6600000858306885,2.690000057220459,1591816
2022-11-11,0.17391081154346466,2.7109999656677246,2.740999937057495,2.691999912261963,2.740000009536743,1242177
2022-11-14,0.17602775990962982,2.74399995803833,2.763000011444092,2.7039999961853027,2.7109999656677246,1206440
2022-11-15,0.17403912544250488,2.7130000591278076,2.756999969482422,2.7109999656677246,2.752000093460083,907096
2022-11-16,0.17172971367835999,2.677000045776367,2.7200000286102295,2.6710000038146973,2.7090001106262207,1440671
2022-11-17,0.17006181180477142,2.6510000228881836,2.687000036239624,2.6410000324249268,2.6730000972747803,1204771
2022-11-18,0.17095991969108582,2.6649999618530273,2.6730000972747803,2.6429998874664307,2.6549999713897705,875325
2022-11-21,0.17314104735851288,2.6989998817443848,2.7019999027252197,2.6619999408721924,2.6649999618530273,846671
2022-11-22,0.1722429394721985,2.684999942779541,2.697999954223633,2.680000066757202,2.690000057220459,467746
2022-11-23,0.1726919710636139,2.691999912261963,2.691999912261963,2.671999931335449,2.687999963760376,593162
2022-11-24,0.1742316037416458,2.7160000801086426,2.7209999561309814,2.691999912261963,2.691999912261963,1083763
2022-11-25,0.1741674393415451,2.7149999141693115,2.7279999256134033,2.7100000381469727,2.7149999141693115,402751
2022-11-28,0.1718580275774002,2.678999900817871,2.7279999256134033,2.678999900817871,2.7149999141693115,848278
2022-11-29,0.16942036151885986,2.6410000324249268,2.681999921798706,2.635999917984009,2.678999900817871,1320879
2022-11-30,0.16775240004062653,2.615000009536743,2.6630001068115234,2.6040000915527344,2.6440000534057617,1224665
2022-12-01,0.17121654748916626,2.6689999103546143,2.6689999103546143,2.627000093460083,2.63100004196167,1303238
2022-12-02,0.17006181180477142,2.6510000228881836,2.680000066757202,2.640000104904175,2.6760001182556152,1187177
2022-12-05,0.16890713572502136,2.632999897003174,2.6489999294281006,2.618000030517578,2.6429998874664307,1224097
2022-12-07,0.1667260080575943,2.5989999771118164,2.615000009536743,2.5820000171661377,2.615000009536743,1398082
2022-12-08,0.16646941006183624,2.5950000286102295,2.6059999465942383,2.568000078201294,2.5969998836517334,1005812
2022-12-09,0.16691847145557404,2.6019999980926514,2.6019999980926514,2.568000078201294,2.5950000286102295,1194059
2022-12-12,0.1658279001712799,2.5850000381469727,2.6040000915527344,2.569000005722046,2.5969998836517334,819333
2022-12-13,0.16788071393966675,2.617000102996826,2.628999948501587,2.5490000247955322,2.5899999141693115,1767736
2022-12-14,0.16563548147678375,2.5820000171661377,2.6080000400543213,2.555999994277954,2.6070001125335693,1599004
2022-12-15,0.16197894513607025,2.5250000953674316,2.5759999752044678,2.5250000953674316,2.566999912261963,1962455
2022-12-16,0.15562808513641357,2.4260001182556152,2.5230000019073486,2.4189999103546143,2.5199999809265137,3836342
2022-12-19,0.15344692766666412,2.3919999599456787,2.440000057220459,2.388000011444092,2.427000045776367,2312959
2022-12-20,0.15184323489665985,2.367000102996826,2.384999990463257,2.3570001125335693,2.371999979019165,2290427
2022-12-21,0.1547941416501999,2.4130001068115234,2.4130001068115234,2.371999979019165,2.371999979019165,2373920
2022-12-22,0.1538960039615631,2.3989999294281006,2.428999900817871,2.3929998874664307,2.4149999618530273,1743753
2022-12-23,0.1538960039615631,2.3989999294281006,2.4240000247955322,2.3940000534057617,2.4000000953674316,1664832
2022-12-27,0.15421675145626068,2.4040000438690186,2.4179999828338623,2.385999917984009,2.4079999923706055,2008483
2022-12-28,0.1538960039615631,2.3989999294281006,2.421999931335449,2.3949999809265137,2.4100000858306885,2572926
2022-12-29,0.15582051873207092,2.428999900817871,2.428999900817871,2.377000093460083,2.3959999084472656,2171096
2022-12-30,0.15363940596580505,2.3949999809265137,2.4260001182556152,2.3949999809265137,2.4260001182556152,2148767
2023-01-02,0.15691107511520386,2.446000099182129,2.4560000896453857,2.4089999198913574,2.4130001068115234,1718657
2023-01-03,0.1580657809972763,2.4639999866485596,2.4700000286102295,2.434999942779541,2.440000057220459,961313
2023-01-04,0.15678279101848602,2.444000005722046,2.444999933242798,2.377000093460083,2.4170000553131104,1804247
2023-01-05,0.1579374372959137,2.4619998931884766,2.4649999141693115,2.421999931335449,2.443000078201294,1119242
2023-01-09,0.15999028086662292,2.49399995803833,2.506999969482422,2.4709999561309814,2.4800000190734863,1928365
2023-01-10,0.15877139568328857,2.4749999046325684,2.492000102996826,2.4679999351501465,2.48799991607666,1207297
2023-01-11,0.15601296722888947,2.431999921798706,2.444999933242798,2.4110000133514404,2.437000036239624,1899660
2023-01-12,0.15819406509399414,2.4660000801086426,2.4830000400543213,2.433000087738037,2.440999984741211,1877492
2023-01-13,0.1576167345046997,2.4570000171661377,2.4700000286102295,2.4079999923706055,2.430000066757202,1611721
2023-01-16,0.15883557498455048,2.4760000705718994,2.4790000915527344,2.4609999656677246,2.4619998931884766,911646
2023-01-17,0.16088834404945374,2.507999897003174,2.5230000019073486,2.4749999046325684,2.4790000915527344,1461798
2023-01-18,0.15966953337192535,2.489000082015991,2.5139999389648438,2.4579999446868896,2.509999990463257,957196
2023-01-19,0.15883557498455048,2.4760000705718994,2.497999906539917,2.4690001010894775,2.490000009536743,608774
2023-01-20,0.16011856496334076,2.496000051498413,2.5139999389648438,2.4049999713897705,2.4800000190734863,2762418
2023-01-23,0.1598619818687439,2.492000102996826,2.5,2.4670000076293945,2.496999979019165,760355
2023-01-24,0.15979784727096558,2.490999937057495,2.5139999389648438,2.4779999256134033,2.492000102996826,655617
2023-01-25,0.15838651359081268,2.4690001010894775,2.496000051498413,2.440999984741211,2.496000051498413,1169322
2023-01-26,0.153382807970047,2.3910000324249268,2.444999933242798,2.38100004196167,2.444999933242798,4449026
2023-01-27,0.15594880282878876,2.430999994277954,2.4489998817443848,2.3910000324249268,2.3919999599456787,1345547
2023-01-30,0.15505070984363556,2.4170000553131104,2.444000005722046,2.4100000858306885,2.437000036239624,693572
2023-01-31,0.15274129807949066,2.38100004196167,2.4200000762939453,2.361999988555908,2.4200000762939453,2001993
2023-02-01,0.15357528626918793,2.3940000534057617,2.3959999084472656,2.368000030517578,2.378999948501587,920848
2023-02-02,0.15691107511520386,2.446000099182129,2.4539999961853027,2.3940000534057617,2.3959999084472656,1090874
2023-02-03,0.15120171010494232,2.3570001125335693,2.4070000648498535,2.3559999465942383,2.4000000953674316,2394782
2023-02-06,0.14799419045448303,2.306999921798706,2.3570001125335693,2.2960000038146973,2.3540000915527344,2888696
2023-02-07,0.1483149528503418,2.312000036239624,2.322999954223633,2.2929999828338623,2.305999994277954,996671
2023-02-08,0.1492130607366562,2.3259999752044678,2.3399999141693115,2.313999891281128,2.3299999237060547,1049462
2023-02-09,0.1501111537218094,2.3399999141693115,2.364000082015991,2.3289999961853027,2.3410000801086426,1212901
2023-02-10,0.1492130607366562,2.3259999752044678,2.3519999980926514,2.311000108718872,2.3420000076293945,1073961
2023-02-13,0.14946964383125305,2.3299999237060547,2.3369998931884766,2.315999984741211,2.3369998931884766,904286
2023-02-14,0.15229226648807526,2.374000072479248,2.4010000228881836,2.3380000591278076,2.3380000591278076,1214930
2023-02-15,0.15177905559539795,2.365999937057495,2.384999990463257,2.3540000915527344,2.365999937057495,555648
2023-02-16,0.15209980309009552,2.371000051498413,2.4059998989105225,2.3589999675750732,2.378000020980835,972835
2023-02-17,0.15351112186908722,2.3929998874664307,2.3980000019073486,2.3459999561309814,2.3559999465942383,972640
2023-02-20,0.15415263175964355,2.4030001163482666,2.4159998893737793,2.385999917984009,2.4100000858306885,823129
2023-02-21,0.15242056548595428,2.375999927520752,2.4110000133514404,2.371000051498413,2.4019999504089355,751227
2023-02-22,0.15787333250045776,2.4609999656677246,2.4649999141693115,2.380000114440918,2.380000114440918,2205655
2023-02-23,0.15646199882030487,2.438999891281128,2.4700000286102295,2.427000045776367,2.4649999141693115,1170469
2023-02-24,0.156205415725708,2.434999942779541,2.4690001010894775,2.434000015258789,2.450000047683716,731754
2023-02-27,0.15748843550682068,2.4549999237060547,2.4639999866485596,2.4210000038146973,2.434000015258789,695937
2023-02-28,0.15703937411308289,2.447999954223633,2.4760000705718994,2.430000066757202,2.4700000286102295,852780
2023-03-01,0.15370352566242218,2.3959999084472656,2.443000078201294,2.385999917984009,2.443000078201294,1042199
2023-03-02,0.15485826134681702,2.4140000343322754,2.4210000038146973,2.38100004196167,2.385999917984009,601677
2023-03-03,0.15639786422252655,2.437999963760376,2.438999891281128,2.4140000343322754,2.4140000343322754,526324
2023-03-06,0.15716767311096191,2.450000047683716,2.450000047683716,2.4170000553131104,2.440999984741211,655926
2023-03-07,0.15396015346050262,2.4000000953674316,2.4509999752044678,2.4000000953674316,2.440000057220459,841103
2023-03-08,0.156205415725708,2.434999942779541,2.440000057220459,2.3929998874664307,2.4000000953674316,645221
2023-03-09,0.15485826134681702,2.4140000343322754,2.4570000171661377,2.4040000438690186,2.434999942779541,687088
2023-03-10,0.15235641598701477,2.375,2.4100000858306885,2.365999937057495,2.4100000858306885,1533541
2023-03-13,0.1538318693637848,2.3980000019073486,2.4100000858306885,2.3340001106262207,2.378999948501587,1815248
2023-03-14,0.15582051873207092,2.428999900817871,2.4570000171661377,2.3980000019073486,2.3980000019073486,1348670
2023-03-15,0.155307337641716,2.4210000038146973,2.447999954223633,2.4070000648498535,2.440000057220459,1826104
2023-03-16,0.15133002400398254,2.3589999675750732,2.446000099182129,2.3510000705718994,2.427999973297119,1528691
2023-03-17,0.15171490609645844,2.365000009536743,2.424999952316284,2.3519999980926514,2.368000030517578,1529720
2023-03-20,0.15639786422252655,2.437999963760376,2.437999963760376,2.359999895095825,2.380000114440918,1841304
2023-03-21,0.15331868827342987,2.390000104904175,2.444000005722046,2.385999917984009,2.440000057220459,1159636
2023-03-22,0.152484729886055,2.377000093460083,2.390000104904175,2.364000082015991,2.390000104904175,578947
2023-03-23,0.15299789607524872,2.384999990463257,2.3929998874664307,2.3580000400543213,2.390000104904175,829619
2023-03-24,0.14914889633655548,2.325000047683716,2.380000114440918,2.2909998893737793,2.380000114440918,2526897
2023-03-27,0.15043191611766815,2.3450000286102295,2.374000072479248,2.3369998931884766,2.3410000801086426,637835
2023-03-28,0.14767345786094666,2.302000045776367,2.3559999465942383,2.2980000972747803,2.3450000286102295,1622791
2023-03-29,0.1483149528503418,2.312000036239624,2.312000036239624,2.2669999599456787,2.2960000038146973,1623089
2023-03-30,0.14728854596614838,2.2960000038146973,2.312000036239624,2.2780001163482666,2.2929999828338623,1449638
2023-03-31,0.15043191611766815,2.3450000286102295,2.3450000286102295,2.2899999618530273,2.3010001182556152,1247615
2023-04-03,0.15030358731746674,2.3429999351501465,2.359999895095825,2.3299999237060547,2.3499999046325684,1007956
2023-04-04,0.1510734260082245,2.3550000190734863,2.365000009536743,2.3340001106262207,2.3519999980926514,1475497
2023-04-05,0.15056023001670837,2.3469998836517334,2.367000102996826,2.321000099182129,2.3580000400543213,1347246
2023-04-06,0.1913183033466339,2.3469998836517334,2.3589999675750732,2.2929999828338623,2.311000108718872,1086499
2023-04-11,0.19001401960849762,2.3310000896453857,2.3570001125335693,2.312999963760376,2.3399999141693115,1415869
2023-04-12,0.1910737156867981,2.3440001010894775,2.36899995803833,2.328000068664551,2.3340001106262207,731073
2023-04-13,0.19115519523620605,2.3450000286102295,2.3459999561309814,2.312000036239624,2.3389999866485596,864014
2023-04-14,0.19262251257896423,2.36299991607666,2.371000051498413,2.3510000705718994,2.3519999980926514,1008104
2023-04-17,0.19327464699745178,2.371000051498413,2.382999897003174,2.3480000495910645,2.36299991607666,619763
2023-04-18,0.19099216163158417,2.3429999351501465,2.381999969482422,2.3399999141693115,2.380000114440918,521064
2023-04-19,0.1940082460641861,2.380000114440918,2.38700008392334,2.3420000076293945,2.3429999351501465,942860
2023-04-20,0.1925409883260727,2.361999988555908,2.38700008392334,2.3529999256134033,2.364000082015991,652925
2023-04-21,0.19262251257896423,2.36299991607666,2.36899995803833,2.3529999256134033,2.364000082015991,587029
2023-04-24,0.1923779845237732,2.359999895095825,2.378000020980835,2.3540000915527344,2.36299991607666,853469
2023-04-25,0.191807359457016,2.3529999256134033,2.369999885559082,2.3350000381469727,2.369999885559082,1428932
2023-04-26,0.2009371668100357,2.4649999141693115,2.5409998893737793,2.3580000400543213,2.365000009536743,4374812
2023-04-27,0.20468690991401672,2.510999917984009,2.5209999084472656,2.431999921798706,2.4649999141693115,1629579
2023-04-28,0.20525753498077393,2.5179998874664307,2.5329999923706055,2.496000051498413,2.510999917984009,1395347
2023-05-02,0.19881771504878998,2.438999891281128,2.5209999084472656,2.437000036239624,2.5199999809265137,937599
2023-05-03,0.19873620569705963,2.437999963760376,2.443000078201294,2.4149999618530273,2.440999984741211,674958
2023-05-04,0.1958831548690796,2.4030001163482666,2.431999921798706,2.372999906539917,2.431999921798706,706892
2023-05-05,0.19841015338897705,2.434000015258789,2.434000015258789,2.3949999809265137,2.4110000133514404,438325
2023-05-08,0.1964537799358368,2.4100000858306885,2.430000066757202,2.4010000228881836,2.4170000553131104,422977
2023-05-09,0.19612771272659302,2.4059998989105225,2.4140000343322754,2.3910000324249268,2.4140000343322754,386680
2023-05-10,0.19596467912197113,2.4040000438690186,2.427000045776367,2.3949999809265137,2.4070000648498535,470550
2023-05-11,0.19620925188064575,2.4070000648498535,2.4230000972747803,2.3970000743865967,2.4010000228881836,625582
2023-05-12,0.194415882229805,2.384999990463257,2.4110000133514404,2.381999969482422,2.4030001163482666,422474
2023-05-15,0.19547557830810547,2.3980000019073486,2.3980000019073486,2.36899995803833,2.381999969482422,471935
2023-05-16,0.19286705553531647,2.365999937057495,2.3980000019073486,2.361999988555908,2.3980000019073486,660506
2023-05-17,0.19139978289604187,2.3480000495910645,2.3580000400543213,2.3410000801086426,2.3580000400543213,431798
2023-05-19,0.1899324655532837,2.3299999237060547,2.3420000076293945,2.2990000247955322,2.3420000076293945,1095172
2023-05-22,0.18838368356227875,2.311000108718872,2.3399999141693115,2.308000087738037,2.319999933242798,435901
2023-05-23,0.18928036093711853,2.322000026702881,2.3329999446868896,2.308000087738037,2.309999942779541,461997
2023-05-24,0.1890358030796051,2.319000005722046,2.3350000381469727,2.313999891281128,2.319999933242798,551581
2023-05-25,0.18610121309757233,2.2829999923706055,2.325000047683716,2.2750000953674316,2.319999933242798,703929
2023-05-26,0.18618275225162506,2.2839999198913574,2.315999984741211,2.2750000953674316,2.315999984741211,917275
2023-05-29,0.18430785834789276,2.260999917984009,2.2909998893737793,2.25600004196167,2.2839999198913574,848767
2023-05-30,0.18129175901412964,2.2239999771118164,2.2820000648498535,2.2190001010894775,2.259999990463257,1239130
2023-05-31,0.17721596360206604,2.1740000247955322,2.2200000286102295,2.1559998989105225,2.2170000076293945,1806746
2023-06-01,0.17664535343647003,2.1670000553131104,2.188999891281128,2.1540000438690186,2.174999952316284,970713
2023-06-02,0.1775420606136322,2.177999973297119,2.2200000286102295,2.1449999809265137,2.171999931335449,1578541
2023-06-05,0.17672686278820038,2.1679999828338623,2.193000078201294,2.134999990463257,2.177999973297119,1467928
2023-06-06,0.17623776197433472,2.1619999408721924,2.174999952316284,2.1600000858306885,2.1649999618530273,398258
2023-06-07,0.17362931370735168,2.130000114440918,2.1679999828338623,2.125999927520752,2.1630001068115234,1144181
2023-06-08,0.17175441980361938,2.1070001125335693,2.138000011444092,2.1070001125335693,2.138000011444092,876878
2023-06-09,0.1724880188703537,2.115999937057495,2.119999885559082,2.0929999351501465,2.119999885559082,719786
2023-06-12,0.17053166031837463,2.0920000076293945,2.122999906539917,2.0880000591278076,2.109999895095825,963704
2023-06-13,0.16963496804237366,2.0810000896453857,2.0969998836517334,2.0739998817443848,2.0969998836517334,1033391
2023-06-14,0.1693088859319687,2.0769999027252197,2.1029999256134033,2.068000078201294,2.0820000171661377,1078311
2023-06-15,0.16996103525161743,2.0850000381469727,2.0899999141693115,2.061000108718872,2.0739998817443848,1163148
2023-06-16,0.17093920707702637,2.0969998836517334,2.0969998836517334,2.0769999027252197,2.0850000381469727,598523
2023-06-19,0.16833072900772095,2.065000057220459,2.0980000495910645,2.052999973297119,2.0969998836517334,980692
2023-06-20,0.16596673429012299,2.0360000133514404,2.065000057220459,2.0320000648498535,2.062000036239624,1261622
2023-06-21,0.16176865994930267,1.9845000505447388,2.0239999294281006,1.9744999408721924,2.0239999294281006,1698633
2023-06-22,0.16074973344802856,1.972000002861023,1.9859999418258667,1.965499997138977,1.9830000400543213,2514306
2023-06-26,0.1636027991771698,2.006999969482422,2.006999969482422,1.9765000343322754,1.9915000200271606,877391
2023-06-27,0.16295066475868225,1.9989999532699585,1.9989999532699585,1.9735000133514404,1.9845000505447388,820318
2023-06-28,0.16303220391273499,2.0,2.0190000534057617,1.99399995803833,2.003000020980835,806855
2023-06-29,0.16352128982543945,2.00600004196167,2.0239999294281006,2.0,2.009999990463257,807810
2023-06-30,0.16392886638641357,2.010999917984009,2.0320000648498535,2.005000114440918,2.00600004196167,707625
2023-07-03,0.16498854756355286,2.0239999294281006,2.0409998893737793,2.0139999389648438,2.0139999389648438,853970
2023-07-04,0.16653737425804138,2.0429999828338623,2.052000045776367,2.0169999599456787,2.0239999294281006,494521
2023-07-05,0.16629283130168915,2.0399999618530273,2.059999942779541,2.0309998989105225,2.059999942779541,709538
2023-07-06,0.16515159606933594,2.0260000228881836,2.059000015258789,2.0139999389648438,2.0239999294281006,1048196
2023-07-07,0.166781947016716,2.0460000038146973,2.0490000247955322,2.0250000953674316,2.0299999713897705,514567
2023-07-10,0.16498854756355286,2.0239999294281006,2.0490000247955322,2.0230000019073486,2.0490000247955322,642785
2023-07-11,0.16670040786266327,2.0450000762939453,2.0450000762939453,2.0160000324249268,2.0299999713897705,731519
2023-07-12,0.17102079093456268,2.0980000495910645,2.0980000495910645,2.0350000858306885,2.0480000972747803,1139278
2023-07-13,0.1728956401348114,2.121000051498413,2.121999979019165,2.0920000076293945,2.1040000915527344,704499
2023-07-14,0.17061318457126617,2.0929999351501465,2.128999948501587,2.0929999351501465,2.119999885559082,665276
2023-07-17,0.17020559310913086,2.0880000591278076,2.115000009536743,2.0869998931884766,2.0920000076293945,599379
2023-07-18,0.17004254460334778,2.0859999656677246,2.0880000591278076,2.0190000534057617,2.063999891281128,1055257
2023-07-19,0.1723250299692154,2.114000082015991,2.130000114440918,2.0850000381469727,2.0899999141693115,1113245
2023-07-20,0.17314018309116364,2.124000072479248,2.124000072479248,2.052999973297119,2.0789999961853027,1463022
2023-07-21,0.1688198298215866,2.071000099182129,2.131999969482422,2.052000045776367,2.131999969482422,1713854
2023-07-24,0.1721620112657547,2.111999988555908,2.117000102996826,2.071000099182129,2.071000099182129,749287
2023-07-25,0.17281410098075867,2.119999885559082,2.125,2.109999895095825,2.109999895095825,512902
2023-07-26,0.17338475584983826,2.127000093460083,2.134000062942505,2.1029999256134033,2.128000020980835,895286
2023-07-27,0.171183779835701,2.0999999046325684,2.1470000743865967,2.0999999046325684,2.134999990463257,1932330
2023-07-28,0.21900826692581177,2.046999931335449,2.072999954223633,2.0390000343322754,2.072999954223633,898723
2023-07-31,0.2094862014055252,1.9579999446868896,2.0420000553131104,1.940000057220459,2.0399999618530273,3913198
2023-08-01,0.20381568372249603,1.9049999713897705,1.968000054359436,1.9049999713897705,1.9565000534057617,3159937
2023-08-02,0.19868019223213196,1.8569999933242798,1.905500054359436,1.8569999933242798,1.9019999504089355,2573954
2023-08-03,0.19744984805583954,1.8454999923706055,1.8704999685287476,1.840000033378601,1.8574999570846558,2248170
2023-08-04,0.1988406777381897,1.8585000038146973,1.8585000038146973,1.8315000534057617,1.850000023841858,1055570
2023-08-07,0.19498905539512634,1.8224999904632568,1.8569999933242798,1.8174999952316284,1.8569999933242798,1861592
2023-08-08,0.19343768060207367,1.8079999685287476,1.8329999446868896,1.8014999628067017,1.8224999904632568,1529106
2023-08-09,0.1944006085395813,1.8170000314712524,1.8305000066757202,1.809999942779541,1.809999942779541,961286
2023-08-10,0.19868019223213196,1.8569999933242798,1.8604999780654907,1.812000036239624,1.812000036239624,1186913
2023-08-11,0.1955775022506714,1.8279999494552612,1.8600000143051147,1.81850004196167,1.8480000495910645,1245655
2023-08-14,0.19531002640724182,1.8255000114440918,1.8309999704360962,1.8179999589920044,1.8279999494552612,496145
2023-08-15,0.19268876314163208,1.8009999990463257,1.8265000581741333,1.7984999418258667,1.8255000114440918,1425489
2023-08-16,0.19247479736804962,1.7990000247955322,1.8049999475479126,1.7929999828338623,1.8009999990463257,938456
2023-08-17,0.1919933259487152,1.7944999933242798,1.7990000247955322,1.7825000286102295,1.7990000247955322,1279077
2023-08-18,0.19151188433170319,1.7899999618530273,1.8029999732971191,1.7755000591278076,1.7869999408721924,976184
2023-08-21,0.18856965005397797,1.7625000476837158,1.7934999465942383,1.7619999647140503,1.787500023841858,1379259
2023-08-22,0.1899605393409729,1.7755000591278076,1.7905000448226929,1.7649999856948853,1.7699999809265137,1147626
2023-08-23,0.19386567175388336,1.812000036239624,1.8135000467300415,1.774999976158142,1.7755000591278076,1155043
2023-08-24,0.19161885976791382,1.7910000085830688,1.819000005722046,1.7869999408721924,1.812000036239624,1369341
2023-08-25,0.19263528287410736,1.8005000352859497,1.8174999952316284,1.7834999561309814,1.7910000085830688,575598
2023-08-28,0.19472157955169678,1.8200000524520874,1.8200000524520874,1.7925000190734863,1.8005000352859497,756642
2023-08-29,0.1984127014875412,1.8545000553131104,1.8550000190734863,1.8200000524520874,1.8200000524520874,997723
2023-08-30,0.19761031866073608,1.847000002861023,1.8645000457763672,1.8459999561309814,1.8600000143051147,688685
2023-08-31,0.19916164875030518,1.8615000247955322,1.871999979019165,1.843999981880188,1.8485000133514404,1172916
2023-09-01,0.20071300864219666,1.8760000467300415,1.9005000591278076,1.8485000133514404,1.8550000190734863,1431653
2023-09-04,0.1984662413597107,1.8550000190734863,1.8830000162124634,1.8550000190734863,1.8760000467300415,765899
2023-09-05,0.19782426953315735,1.8489999771118164,1.8580000400543213,1.840000033378601,1.8569999933242798,491613
2023-09-06,0.1975567787885666,1.846500039100647,1.871999979019165,1.837499976158142,1.8600000143051147,1178232
2023-09-07,0.19873367249965668,1.8574999570846558,1.8615000247955322,1.8224999904632568,1.8424999713897705,922675
2023-09-08,0.1992150992155075,1.8619999885559082,1.8700000047683716,1.850000023841858,1.8574999570846558,573933
2023-09-11,0.19835922122001648,1.8539999723434448,1.875,1.8494999408721924,1.8619999885559082,571598
2023-09-12,0.20114096999168396,1.8799999952316284,1.8890000581741333,1.8539999723434448,1.8539999723434448,736214
2023-09-13,0.19910815358161926,1.8609999418258667,1.8865000009536743,1.8554999828338623,1.8799999952316284,576648
2023-09-14,0.20306676626205444,1.8980000019073486,1.899999976158142,1.8619999885559082,1.8619999885559082,1114279
2023-09-15,0.20344123244285583,1.9014999866485596,1.9279999732971191,1.8854999542236328,1.8949999809265137,2122391
2023-09-18,0.20274581015110016,1.8949999809265137,1.9010000228881836,1.872499942779541,1.9010000228881836,545221
2023-09-19,0.20483212172985077,1.9144999980926514,1.9255000352859497,1.8949999809265137,1.899999976158142,957519
2023-09-20,0.2114654928445816,1.9765000343322754,1.9859999418258667,1.9220000505447388,1.9220000505447388,1553257
2023-09-21,0.21494266390800476,2.009000062942505,2.0250000953674316,1.941499948501587,1.9670000076293945,2842214
2023-09-22,0.21440769731998444,2.003999948501587,2.0160000324249268,1.9824999570846558,2.002000093460083,1591768
2023-09-25,0.2098071128129959,1.9609999656677246,2.01200008392334,1.9479999542236328,2.00600004196167,1187229
2023-09-26,0.20884422957897186,1.9520000219345093,1.9644999504089355,1.9329999685287476,1.9589999914169312,1149302
2023-09-27,0.2065439373254776,1.9305000305175781,1.9550000429153442,1.9264999628067017,1.9520000219345093,1029070
2023-09-28,0.20509962737560272,1.9170000553131104,1.9285000562667847,1.8919999599456787,1.9285000562667847,1239212
2023-09-29,0.20996759831905365,1.962499976158142,1.9769999980926514,1.9119999408721924,1.9170000553131104,1465180
2023-10-02,0.2105560451745987,1.968000054359436,1.9744999408721924,1.9520000219345093,1.962499976158142,920202
2023-10-03,0.20563451945781708,1.9220000505447388,1.965999960899353,1.9084999561309814,1.965499997138977,1157980
2023-10-04,0.20729289948940277,1.9375,1.965999960899353,1.9110000133514404,1.9199999570846558,941235
2023-10-05,0.21023507416248322,1.965000033378601,1.9744999408721924,1.940000057220459,1.940000057220459,991898
2023-10-06,0.2117329239845276,1.9789999723434448,1.9859999418258667,1.9609999656677246,1.965999960899353,918125
2023-10-09,0.21397976577281952,2.0,2.0,1.965000033378601,1.9789999723434448,746084
2023-10-10,0.2187943011522293,2.0450000762939453,2.052000045776367,2.009999990463257,2.009999990463257,1270140
2023-10-11,0.21922224760055542,2.0490000247955322,2.055999994277954,2.0309998989105225,2.0399999618530273,992235
2023-10-12,0.21943624317646027,2.0510001182556152,2.0739998817443848,2.0380001068115234,2.055999994277954,1557158
2023-10-13,0.21783135831356049,2.0360000133514404,2.0789999961853027,2.0350000858306885,2.055000066757202,1405448
2023-10-16,0.21825933456420898,2.0399999618530273,2.052999973297119,2.0160000324249268,2.0369999408721924,983621
2023-10-17,0.21360528469085693,1.996500015258789,2.049999952316284,1.996500015258789,2.0399999618530273,995410
2023-10-18,0.21590553224086761,2.0179998874664307,2.046999931335449,1.9904999732971191,2.0,1537361
2023-10-19,0.23366588354110718,2.184000015258789,2.263000011444092,2.130000114440918,2.1700000762939453,5104864
2023-10-20,0.2349497675895691,2.196000099182129,2.2090001106262207,2.1630001068115234,2.1689999103546143,2048052
2023-10-23,0.22788846492767334,2.130000114440918,2.2100000381469727,2.11299991607666,2.197000026702881,1629548
2023-10-24,0.22542768716812134,2.1070001125335693,2.130000114440918,2.0850000381469727,2.130000114440918,1025697
2023-10-25,0.28392380475997925,2.0239999294281006,2.065000057220459,2.010999917984009,2.065000057220459,946068
2023-10-26,0.28560712933540344,2.0360000133514404,2.046999931335449,2.007999897003174,2.0199999809265137,1163208
2023-10-27,0.2835029661655426,2.0209999084472656,2.066999912261963,2.01200008392334,2.0299999713897705,1124970
2023-10-30,0.2808377146720886,2.002000093460083,2.0290000438690186,1.999500036239624,2.0199999809265137,1278166
2023-10-31,0.280416876077652,1.9989999532699585,2.013000011444092,1.9809999465942383,2.013000011444092,1167096
2023-11-01,0.27852311730384827,1.9854999780654907,2.005000114440918,1.968000054359436,2.005000114440918,1241883
2023-11-02,0.28532662987709045,2.0339999198913574,2.0360000133514404,1.9884999990463257,1.996000051498413,1255601
2023-11-03,0.2930419445037842,2.0889999866485596,2.111999988555908,2.0350000858306885,2.0350000858306885,1235300
2023-11-06,0.2954266369342804,2.1059999465942383,2.117000102996826,2.0920000076293945,2.0950000286102295,760373
2023-11-07,0.29388362169265747,2.0950000286102295,2.11899995803833,2.0929999351501465,2.109999895095825,503621
2023-11-08,0.29023638367652893,2.069000005722046,2.0929999351501465,2.068000078201294,2.0929999351501465,384539
2023-11-09,0.29486554861068726,2.1019999980926514,2.117000102996826,2.065000057220459,2.072999954223633,815814
2023-11-10,0.2898155450820923,2.065999984741211,2.0950000286102295,2.055000066757202,2.0950000286102295,672331
2023-11-13,0.29191967844963074,2.0810000896453857,2.0869998931884766,2.065999984741211,2.0840001106262207,654282
2023-11-14,0.29416412115097046,2.0969998836517334,2.1010000705718994,2.0350000858306885,2.0799999237060547,1597033
2023-11-15,0.29570719599723816,2.1080000400543213,2.121000051498413,2.0880000591278076,2.1019999980926514,1230130
2023-11-16,0.2922002375125885,2.0829999446868896,2.111999988555908,2.0810000896453857,2.109999895095825,550607
2023-11-17,0.29500582814216614,2.1029999256134033,2.11899995803833,2.0880000591278076,2.0880000591278076,823923
2023-11-20,0.29570719599723816,2.1080000400543213,2.118000030517578,2.0899999141693115,2.0899999141693115,526941
2023-11-21,0.29654890298843384,2.114000082015991,2.119999885559082,2.0950000286102295,2.1110000610351562,816937
2023-11-22,0.29556697607040405,2.1070001125335693,2.132999897003174,2.1050000190734863,2.1059999465942383,794144
2023-11-23,0.30103781819343567,2.1459999084472656,2.1619999408721924,2.131999969482422,2.1500000953674316,991484
2023-11-24,0.30286142230033875,2.1589999198913574,2.1589999198913574,2.132999897003174,2.1389999389648438,375727
2023-11-27,0.3062281608581543,2.183000087738037,2.183000087738037,2.1519999504089355,2.1589999198913574,856429
2023-11-28,0.3053864538669586,2.177000045776367,2.183000087738037,2.1630001068115234,2.183000087738037,754471
2023-11-29,0.3070697486400604,2.188999891281128,2.2039999961853027,2.1700000762939453,2.1710000038146973,907149
2023-11-30,0.3055267333984375,2.177999973297119,2.2119998931884766,2.174999952316284,2.193000078201294,3799488
2023-12-01,0.31380316615104675,2.236999988555908,2.240000009536743,2.177999973297119,2.186000108718872,1300954
2023-12-04,0.31688928604125977,2.259000062942505,2.2929999828338623,2.259000062942505,2.2839999198913574,970498
2023-12-05,0.3156268298625946,2.25,2.263000011444092,2.24399995803833,2.259999990463257,600801
2023-12-07,0.32656848430633545,2.328000068664551,2.3320000171661377,2.2829999923706055,2.2829999923706055,1784197
2023-12-08,0.32502540946006775,2.316999912261963,2.3529999256134033,2.312999963760376,2.3320000171661377,1321379
2023-12-11,0.3254462778568268,2.319999933242798,2.328000068664551,2.305000066757202,2.322000026702881,732361
2023-12-12,0.3234823942184448,2.305999994277954,2.3320000171661377,2.305999994277954,2.319999933242798,934143
2023-12-13,0.3203962445259094,2.2839999198913574,2.311000108718872,2.2799999713897705,2.305999994277954,965178
2023-12-14,0.32712963223457336,2.3320000171661377,2.368000030517578,2.2920000553131104,2.2920000553131104,1346397
2023-12-15,0.32264068722724915,2.299999952316284,2.3380000591278076,2.2960000038146973,2.3320000171661377,932370
2023-12-18,0.3206768035888672,2.2860000133514404,2.311000108718872,2.2860000133514404,2.2899999618530273,815644
2023-12-19,0.3184323310852051,2.2699999809265137,2.2939999103546143,2.255000114440918,2.2860000133514404,985899
2023-12-20,0.3230615258216858,2.302999973297119,2.303999900817871,2.2699999809265137,2.2699999809265137,1124690
2023-12-21,0.3191337585449219,2.2750000953674316,2.299999952316284,2.2690000534057617,2.2990000247955322,1137614
2023-12-22,0.32558655738830566,2.321000099182129,2.3299999237060547,2.2799999713897705,2.2799999713897705,1769183
2023-12-27,0.3267088234424591,2.3289999961853027,2.3299999237060547,2.3010001182556152,2.309999942779541,1558437
2023-12-28,0.32488515973091125,2.315999984741211,2.3420000076293945,2.308000087738037,2.3269999027252197,1066302
2023-12-29,0.3234823942184448,2.305999994277954,2.322999954223633,2.305000066757202,2.312999963760376,1147964
2024-01-02,0.33231988549232483,2.36899995803833,2.38700008392334,2.309999942779541,2.309999942779541,1179543
2024-01-03,0.3307769000530243,2.3580000400543213,2.3929998874664307,2.3489999771118164,2.369999885559082,1051297
2024-01-04,0.33680883049964905,2.4010000228881836,2.4019999504089355,2.3610000610351562,2.3610000610351562,918914
2024-01-05,0.3366685211658478,2.4000000953674316,2.4189999103546143,2.384999990463257,2.3989999294281006,2321370
2024-01-08,0.3397546708583832,2.421999931335449,2.4230000972747803,2.382999897003174,2.4059998989105225,1777997
2024-01-09,0.3432616591453552,2.447000026702881,2.4679999351501465,2.430999994277954,2.437999963760376,1050616
2024-01-10,0.3387727439403534,2.4149999618530273,2.444999933242798,2.4049999713897705,2.444999933242798,508227
2024-01-11,0.33933380246162415,2.4189999103546143,2.437999963760376,2.4100000858306885,2.428999900817871,640048
2024-01-12,0.3410171866416931,2.430999994277954,2.438999891281128,2.4100000858306885,2.4189999103546143,601744
2024-01-15,0.3427005410194397,2.443000078201294,2.446000099182129,2.430999994277954,2.443000078201294,243854
2024-01-16,0.3386324942111969,2.4140000343322754,2.441999912261963,2.3989999294281006,2.441999912261963,1087288
2024-01-17,0.33484500646591187,2.38700008392334,2.4130001068115234,2.375,2.4030001163482666,953514
2024-01-18,0.33358246088027954,2.378000020980835,2.3940000534057617,2.369999885559082,2.38700008392334,795102
2024-01-19,0.3324601948261261,2.369999885559082,2.388000011444092,2.365999937057495,2.378000020980835,372461
2024-01-22,0.3317587971687317,2.365000009536743,2.385999917984009,2.3380000591278076,2.369999885559082,828798
2024-01-23,0.33358246088027954,2.378000020980835,2.424999952316284,2.3410000801086426,2.372999906539917,1691597
2024-01-24,0.33133795857429504,2.361999988555908,2.4000000953674316,2.319999933242798,2.3949999809265137,2261558
2024-01-25,0.33414357900619507,2.381999969482422,2.382999897003174,2.3499999046325684,2.361999988555908,660826
2024-01-26,0.3347046673297882,2.385999917984009,2.388000011444092,2.2079999446868896,2.25,3747338
2024-01-29,0.32979488372802734,2.3510000705718994,2.4059998989105225,2.3450000286102295,2.388000011444092,1360685
2024-01-30,0.3268490433692932,2.3299999237060547,2.369999885559082,2.325000047683716,2.3499999046325684,575202
2024-01-31,0.3352658450603485,2.390000104904175,2.4170000553131104,2.3499999046325684,2.3519999980926514,889067
2024-02-01,0.33189907670021057,2.365999937057495,2.4010000228881836,2.365999937057495,2.3980000019073486,632543
2024-02-02,0.40660303831100464,2.2860000133514404,2.3410000801086426,2.2860000133514404,2.312000036239624,704803
2024-02-05,0.3984212279319763,2.240000009536743,2.309999942779541,2.236999988555908,2.2860000133514404,499165
2024-02-06,0.39966630935668945,2.246999979019165,2.247999906539917,2.2209999561309814,2.234999895095825,461406
2024-02-07,0.39433029294013977,2.2170000076293945,2.2679998874664307,2.2139999866485596,2.25,628383
2024-02-08,0.3875713348388672,2.178999900817871,2.2160000801086426,2.174999952316284,2.2119998931884766,1195941
2024-02-09,0.38259103894233704,2.1510000228881836,2.178999900817871,2.1419999599456787,2.178999900817871,764316
2024-02-12,0.3881048262119293,2.181999921798706,2.184999942779541,2.1470000743865967,2.1500000953674316,711836
2024-02-13,0.3831246495246887,2.1540000438690186,2.2139999866485596,2.1419999599456787,2.184999942779541,845038
2024-02-14,0.38401395082473755,2.1589999198913574,2.1700000762939453,2.1429998874664307,2.1659998893737793,678030
2024-02-15,0.389527827501297,2.190000057220459,2.200000047683716,2.1549999713897705,2.1589999198913574,791792
2024-02-16,0.3866819739341736,2.1740000247955322,2.190000057220459,2.1670000553131104,2.190000057220459,781328
2024-02-19,0.39006155729293823,2.193000078201294,2.2009999752044678,2.1740000247955322,2.1740000247955322,651346
2024-02-20,0.39682042598724365,2.2309999465942383,2.2339999675750732,2.187999963760376,2.193000078201294,442937
2024-02-21,0.3904171884059906,2.194999933242798,2.2330000400543213,2.193000078201294,2.2309999465942383,920453
2024-02-22,0.3927294611930847,2.2079999446868896,2.2209999561309814,2.200000047683716,2.200000047683716,655123
2024-02-23,0.39077290892601013,2.197000026702881,2.2179999351501465,2.1630001068115234,2.2130000591278076,787659
2024-02-26,0.3873934745788574,2.177999973297119,2.2160000801086426,2.1700000762939453,2.2060000896453857,1105334
2024-02-27,0.39006155729293823,2.193000078201294,2.193000078201294,2.1700000762939453,2.177999973297119,858551
2024-02-28,0.3888164162635803,2.186000108718872,2.2139999866485596,2.177000045776367,2.193000078201294,454772
2024-02-29,0.3923737406730652,2.2060000896453857,2.2149999141693115,2.187000036239624,2.190000057220459,843561
2024-03-01,0.3913065195083618,2.200000047683716,2.2209999561309814,2.196000099182129,2.2049999237060547,381040
2024-03-04,0.38525906205177307,2.1659998893737793,2.200000047683716,2.1589999198913574,2.200000047683716,805328
2024-03-05,0.38436970114707947,2.1610000133514404,2.1659998893737793,2.128999948501587,2.1659998893737793,1026149
2024-03-06,0.3870377540588379,2.1760001182556152,2.184999942779541,2.1579999923706055,2.1579999923706055,881293
2024-03-07,0.38721564412117004,2.177000045776367,2.2019999027252197,2.1670000553131104,2.1740000247955322,867986
2024-03-08,0.38721564412117004,2.177000045776367,2.177000045776367,2.1630001068115234,2.177000045776367,605597
2024-03-11,0.3868598937988281,2.174999952316284,2.184000015258789,2.1679999828338623,2.1760001182556152,453444
2024-03-12,0.38579264283180237,2.1689999103546143,2.194999933242798,2.1640000343322754,2.177999973297119,474477
2024-03-13,0.3948638439178467,2.2200000286102295,2.2200000286102295,2.180000066757202,2.184999942779541,1351094
2024-03-14,0.40268999338150024,2.2639999389648438,2.2829999923706055,2.2209999561309814,2.2209999561309814,1520895
2024-03-15,0.4058915972709656,2.2820000648498535,2.2820000648498535,2.256999969482422,2.259999990463257,725660
2024-03-18,0.4051801860332489,2.2780001163482666,2.305000066757202,2.2730000019073486,2.2799999713897705,536928
2024-03-19,0.40197858214378357,2.259999990463257,2.2820000648498535,2.243000030517578,2.2780001163482666,594401
2024-03-20,0.4014449417591095,2.256999969482422,2.259999990463257,2.234999895095825,2.255000114440918,312485
2024-03-21,0.40802597999572754,2.2939999103546143,2.313999891281128,2.259000062942505,2.259000062942505,635135
2024-03-22,0.41620784997940063,2.3399999141693115,2.3559999465942383,2.2899999618530273,2.2939999103546143,971316
2024-03-25,0.4186979830265045,2.3540000915527344,2.36299991607666,2.3389999866485596,2.3399999141693115,571943
2024-03-26,0.42136600613594055,2.36899995803833,2.377000093460083,2.3399999141693115,2.3540000915527344,607354
2024-03-27,0.42225533723831177,2.374000072479248,2.3980000019073486,2.365000009536743,2.375,554924
2024-03-28,0.4204767048358917,2.364000082015991,2.3940000534057617,2.361999988555908,2.369999885559082,631945
2024-04-02,0.41567423939704895,2.3369998931884766,2.375999927520752,2.328000068664551,2.365999937057495,1141978
2024-04-03,0.42367827892303467,2.381999969482422,2.382999897003174,2.3369998931884766,2.3369998931884766,707067
2024-04-04,0.4258127510547638,2.3940000534057617,2.4049999713897705,2.384000062942505,2.384000062942505,748292
2024-04-05,0.4192316234111786,2.3570001125335693,2.38100004196167,2.3480000495910645,2.380000114440918,740269
2024-04-08,0.41852012276649475,2.3529999256134033,2.377000093460083,2.3459999561309814,2.3580000400543213,600153
2024-04-09,0.4121169149875641,2.316999912261963,2.3529999256134033,2.313999891281128,2.3529999256134033,523688
2024-04-10,0.407670259475708,2.2920000553131104,2.3519999980926514,2.2769999504089355,2.3369998931884766,1403964
2024-04-11,0.507767915725708,2.2320001125335693,2.253999948501587,2.2260000705718994,2.246999979019165,706403
2024-04-12,0.5104978084564209,2.24399995803833,2.2720000743865967,2.239000082015991,2.240999937057495,714362
2024-04-15,0.510952889919281,2.246000051498413,2.2660000324249268,2.2339999675750732,2.246000051498413,393753
2024-04-16,0.5002604722976685,2.1989998817443848,2.246000051498413,2.187999963760376,2.246000051498413,880732
2024-04-17,0.502080500125885,2.2070000171661377,2.2219998836517334,2.191999912261963,2.200000047683716,802981
2024-04-18,0.5098152756690979,2.240999937057495,2.25600004196167,2.2070000171661377,2.2079999446868896,638546
2024-04-19,0.5180050730705261,2.2769999504089355,2.2850000858306885,2.2279999256134033,2.240999937057495,435634
2024-04-22,0.5316547751426697,2.3369998931884766,2.3450000286102295,2.2839999198913574,2.2839999198913574,668765
2024-04-23,0.5402995944023132,2.375,2.382999897003174,2.319999933242798,2.319999933242798,1414115
2024-04-24,0.5309723615646362,2.3340001106262207,2.378999948501587,2.3269999027252197,2.378000020980835,721948
2024-04-25,0.5027629733085632,2.2100000381469727,2.2309999465942383,2.115000009536743,2.2230000495910645,5437006
2024-04-26,0.4982130527496338,2.190000057220459,2.2239999771118164,2.186000108718872,2.2190001010894775,1079419
2024-04-29,0.5009430050849915,2.2019999027252197,2.2200000286102295,2.1689999103546143,2.197000026702881,830386
2024-04-30,0.48820334672927856,2.1459999084472656,2.191999912261963,2.134999990463257,2.188999891281128,767568
2024-05-02,0.4879758656024933,2.1449999809265137,2.1679999828338623,2.1449999809265137,2.1459999084472656,463967
2024-05-03,0.4932081699371338,2.1679999828338623,2.188999891281128,2.1500000953674316,2.1589999198913574,478014
2024-05-06,0.4927532374858856,2.1659998893737793,2.184000015258789,2.1610000133514404,2.1679999828338623,447875
2024-05-07,0.49229827523231506,2.1640000343322754,2.177999973297119,2.1619999408721924,2.171999931335449,389613
2024-05-08,0.49002328515052795,2.1540000438690186,2.177000045776367,2.1429998874664307,2.1579999923706055,621607
2024-05-10,0.5027629733085632,2.2100000381469727,2.2269999980926514,2.187000036239624,2.187000036239624,744925
2024-05-13,0.5029904842376709,2.2109999656677246,2.2170000076293945,2.194000005722046,2.2170000076293945,393016
2024-05-14,0.5073128938674927,2.2300000190734863,2.2309999465942383,2.193000078201294,2.2109999656677246,1227241
2024-05-15,0.5148201584815979,2.263000011444092,2.2730000019073486,2.2300000190734863,2.2300000190734863,871357
2024-05-16,0.5182326436042786,2.2780001163482666,2.2839999198913574,2.25,2.263000011444092,377738
2024-05-17,0.5280150175094604,2.321000099182129,2.3329999446868896,2.2750000953674316,2.2780001163482666,571281
2024-05-20,0.5246025323867798,2.305999994277954,2.328000068664551,2.2960000038146973,2.321000099182129,360936
2024-05-21,0.5234650373458862,2.3010001182556152,2.315999984741211,2.2899999618530273,2.308000087738037,254138
2024-05-22,0.5236926078796387,2.302000045776367,2.309999942779541,2.2829999923706055,2.3010001182556152,183146
2024-05-23,0.5168676972389221,2.2720000743865967,2.305000066757202,2.2669999599456787,2.2950000762939453,277598
2024-05-24,0.5191425681114197,2.2820000648498535,2.296999931335449,2.26200008392334,2.2699999809265137,333997
2024-05-27,0.5275598764419556,2.319000005722046,2.3239998817443848,2.2760000228881836,2.2820000648498535,621262
2024-05-28,0.5282423496246338,2.322000026702881,2.3340001106262207,2.305000066757202,2.319000005722046,259397
2024-05-29,0.5259674787521362,2.312000036239624,2.364000082015991,2.312000036239624,2.3269999027252197,722195
2024-05-30,0.5355222225189209,2.3540000915527344,2.3570001125335693,2.305000066757202,2.312999963760376,253952
2024-05-31,0.5418920516967773,2.381999969482422,2.381999969482422,2.3570001125335693,2.359999895095825,486871
2024-06-03,0.5487167835235596,2.4119999408721924,2.4189999103546143,2.381999969482422,2.388000011444092,596715
2024-06-04,0.5462144017219543,2.4010000228881836,2.4149999618530273,2.3929998874664307,2.4110000133514404,358970
2024-06-05,0.5484894514083862,2.4110000133514404,2.4489998817443848,2.4030001163482666,2.4030001163482666,1448633
2024-06-06,0.5416645407676697,2.38100004196167,2.4149999618530273,2.38100004196167,2.4110000133514404,221022
2024-06-07,0.5432569980621338,2.388000011444092,2.421999931335449,2.382999897003174,2.4110000133514404,379429
2024-06-10,0.5453044176101685,2.3970000743865967,2.4110000133514404,2.384000062942505,2.388000011444092,350393
2024-06-11,0.5405271053314209,2.375999927520752,2.4119999408721924,2.3570001125335693,2.3980000019073486,556175
2024-06-12,0.5450769066810608,2.3959999084472656,2.421999931335449,2.382999897003174,2.385999917984009,312980
2024-06-13,0.5437121391296387,2.390000104904175,2.4040000438690186,2.369999885559082,2.384999990463257,359144
2024-06-14,0.5398446321487427,2.372999906539917,2.4019999504089355,2.367000102996826,2.4010000228881836,306876
2024-06-17,0.5368871688842773,2.359999895095825,2.4030001163482666,2.3380000591278076,2.378999948501587,448130
2024-06-18,0.5441670417785645,2.3919999599456787,2.3929998874664307,2.359999895095825,2.359999895095825,232523
2024-06-19,0.5484894514083862,2.4110000133514404,2.421999931335449,2.3949999809265137,2.3959999084472656,555470
2024-06-20,0.5532667636871338,2.431999921798706,2.433000087738037,2.4089999198913574,2.4110000133514404,289542
2024-06-24,0.5673714876174927,2.49399995803833,2.496000051498413,2.4140000343322754,2.4140000343322754,709559
2024-06-25,0.5632765889167786,2.4760000705718994,2.500999927520752,2.4700000286102295,2.48799991607666,514374
2024-06-26,0.5655515193939209,2.4860000610351562,2.5199999809265137,2.4649999141693115,2.484999895095825,1059629
2024-06-27,0.5650965571403503,2.4839999675750732,2.503999948501587,2.4679999351501465,2.490000009536743,312329
2024-06-28,0.5685089826583862,2.499000072479248,2.50600004196167,2.4760000705718994,2.4839999675750732,231375
2024-07-01,0.5753337740898132,2.5290000438690186,2.5399999618530273,2.499000072479248,2.499000072479248,546647
2024-07-02,0.5701014399528503,2.50600004196167,2.5280001163482666,2.5,2.5269999504089355,323024
2024-07-03,0.5748787522315979,2.5269999504089355,2.5420000553131104,2.509000062942505,2.510999917984009,302187
2024-07-04,0.5744239091873169,2.5250000953674316,2.5350000858306885,2.5169999599456787,2.5250000953674316,234681
2024-07-05,0.5751062631607056,2.5280001163482666,2.5439999103546143,2.5239999294281006,2.5250000953674316,215694
2024-07-08,0.5682814121246338,2.497999906539917,2.5429999828338623,2.496000051498413,2.5250000953674316,398441
2024-07-09,0.5603190660476685,2.4630000591278076,2.513000011444092,2.4560000896453857,2.496999979019165,348265
2024-07-10,0.5598641633987427,2.4609999656677246,2.4809999465942383,2.4130001068115234,2.4579999446868896,466616
2024-07-11,0.5635040998458862,2.4769999980926514,2.4839999675750732,2.4509999752044678,2.4660000801086426,248160
2024-07-12,0.5605466365814209,2.4639999866485596,2.4860000610351562,2.4519999027252197,2.4790000915527344,253869
2024-07-15,0.5610015392303467,2.4660000801086426,2.4670000076293945,2.453000068664551,2.4600000381469727,189540
2024-07-16,0.5603190660476685,2.4630000591278076,2.4739999771118164,2.4519999027252197,2.4639999866485596,224913
2024-07-17,0.563959002494812,2.4790000915527344,2.4800000190734863,2.440000057220459,2.4579999446868896,360064
2024-07-18,0.6030880808830261,2.6510000228881836,2.6600000858306885,2.549999952316284,2.549999952316284,1591209
2024-07-19,0.5976282358169556,2.627000093460083,2.6510000228881836,2.5959999561309814,2.632999897003174,459959
2024-07-22,0.6051355600357056,2.6600000858306885,2.680999994277954,2.627000093460083,2.628000020980835,603932
2024-07-23,0.6051355600357056,2.6600000858306885,2.6619999408721924,2.6419999599456787,2.6570000648498535,294412
2024-07-24,0.6067279577255249,2.6670000553131104,2.6710000038146973,2.6419999599456787,2.6589999198913574,239113
2024-07-25,0.6178752183914185,2.7160000801086426,2.7209999561309814,2.6530001163482666,2.6600000858306885,725429
2024-07-26,0.6199226975440979,2.7249999046325684,2.7269999980926514,2.7039999961853027,2.7119998931884766,587884
2024-07-29,0.6235625743865967,2.740999937057495,2.753999948501587,2.7249999046325684,2.7249999046325684,748023
2024-07-30,0.6283400654792786,2.76200008392334,2.7709999084472656,2.740000009536743,2.742000102996826,671385
2024-07-31,0.7455634474754333,2.684000015258789,2.7290000915527344,2.684000015258789,2.7130000591278076,2310374
2024-08-01,0.746674656867981,2.687999963760376,2.6989998817443848,2.6659998893737793,2.690000057220459,350289
2024-08-02,0.7550080418586731,2.7179999351501465,2.7339999675750732,2.6659998893737793,2.680999994277954,792643
2024-08-05,0.7291744947433472,2.625,2.6710000038146973,2.5999999046325684,2.625,1150703
2024-08-06,0.7322298884391785,2.635999917984009,2.6740000247955322,2.6050000190734863,2.6440000534057617,435975
2024-08-07,0.7483412027359009,2.694000005722046,2.703000068664551,2.6640000343322754,2.6640000343322754,297606
2024-08-08,0.7463968396186829,2.687000036239624,2.700000047683716,2.6700000762939453,2.694999933242798,260883
2024-08-09,0.7452857494354248,2.683000087738037,2.7100000381469727,2.683000087738037,2.688999891281128,383451
2024-08-12,0.743341326713562,2.6760001182556152,2.700000047683716,2.6549999713897705,2.697000026702881,320939
2024-08-13,0.7505635023117065,2.7019999027252197,2.7019999027252197,2.6760001182556152,2.6760001182556152,203162
2024-08-14,0.7552858591079712,2.7190001010894775,2.7239999771118164,2.694000005722046,2.697999954223633,414387
2024-08-15,0.7472301721572876,2.690000057220459,2.7290000915527344,2.686000108718872,2.7190001010894775,321160
2024-08-16,0.7516746520996094,2.7060000896453857,2.7130000591278076,2.690000057220459,2.690000057220459,280775
2024-08-19,0.7575080394744873,2.7269999980926514,2.734999895095825,2.7079999446868896,2.7079999446868896,341302
2024-08-20,0.7544524669647217,2.7160000801086426,2.7300000190734863,2.697000026702881,2.7279999256134033,321412
2024-08-21,0.7530635595321655,2.7109999656677246,2.7300000190734863,2.703000068664551,2.7209999561309814,321903
2024-08-22,0.7558412551879883,2.7209999561309814,2.7260000705718994,2.7090001106262207,2.7090001106262207,153650
2024-08-23,0.7600080370903015,2.7360000610351562,2.743000030517578,2.7190001010894775,2.7249999046325684,307198
2024-08-26,0.7622302174568176,2.74399995803833,2.75,2.7309999465942383,2.7360000610351562,338866
2024-08-27,0.766952633857727,2.760999917984009,2.7679998874664307,2.74399995803833,2.74399995803833,192836
2024-08-28,0.7716748714447021,2.7780001163482666,2.7780001163482666,2.756999969482422,2.759999990463257,275251
2024-08-29,0.7683414816856384,2.7660000324249268,2.7909998893737793,2.7660000324249268,2.7780001163482666,269066
2024-08-30,0.7780637741088867,2.8010001182556152,2.809000015258789,2.7769999504089355,2.7769999504089355,397837
2024-09-02,0.7908416986465454,2.8469998836517334,2.8499999046325684,2.805000066757202,2.805000066757202,508302
2024-09-03,0.7955641150474548,2.864000082015991,2.880000114440918,2.8359999656677246,2.8519999980926514,592171
2024-09-04,0.7972306609153748,2.869999885559082,2.874000072479248,2.7809998989105225,2.8329999446868896,929653
2024-09-05,0.8116752505302429,2.921999931335449,2.921999931335449,2.8399999141693115,2.869999885559082,686904
2024-09-06,0.808341920375824,2.9100000858306885,2.950000047683716,2.9100000858306885,2.9230000972747803,1218498
2024-09-09,0.8194531798362732,2.950000047683716,2.9509999752044678,2.9100000858306885,2.9100000858306885,1015511
2024-09-10,0.8147308230400085,2.933000087738037,2.9609999656677246,2.928999900817871,2.947000026702881,339495
2024-09-11,0.812786340713501,2.9260001182556152,2.934999942779541,2.890000104904175,2.931999921798706,406104
2024-09-12,0.8044530153274536,2.8959999084472656,2.930000066757202,2.8910000324249268,2.927000045776367,472569
2024-09-13,0.8086196780204773,2.9110000133514404,2.928999900817871,2.9000000953674316,2.9000000953674316,787624
2024-09-16,0.8113974928855896,2.9210000038146973,2.930999994277954,2.9000000953674316,2.9000000953674316,345497
2024-09-17,0.8216754198074341,2.9579999446868896,2.999000072479248,2.9509999752044678,2.9590001106262207,728628
2024-09-18,0.8216754198074341,2.9579999446868896,2.984999895095825,2.9560000896453857,2.9590001106262207,382528
2024-09-19,0.8169530630111694,2.940999984741211,2.9820001125335693,2.9260001182556152,2.9609999656677246,456837
2024-09-20,0.8230642676353455,2.9630000591278076,2.9700000286102295,2.938999891281128,2.938999891281128,533658
2024-09-23,0.8280642628669739,2.9809999465942383,3.005000114440918,2.9700000286102295,2.9730000495910645,391912
2024-09-24,0.8313977718353271,2.993000030517578,2.996000051498413,2.9560000896453857,2.9809999465942383,451664
2024-09-25,0.836953341960907,3.013000011444092,3.0299999713897705,2.9839999675750732,2.993000030517578,495739
2024-09-26,0.830008864402771,2.98799991607666,3.0329999923706055,2.9800000190734863,3.0199999809265137,709347
2024-09-27,0.8033418655395508,2.8919999599456787,2.9800000190734863,2.8919999599456787,2.9800000190734863,1083750
2024-09-30,0.8063974976539612,2.9030001163482666,2.934999942779541,2.8949999809265137,2.8949999809265137,525750
2024-10-01,0.8002862930297852,2.88100004196167,2.9119999408721924,2.868000030517578,2.9119999408721924,317374
2024-10-02,0.8033418655395508,2.8919999599456787,2.9240000247955322,2.869999885559082,2.8919999599456787,903024
2024-10-03,0.7911195158958435,2.8480000495910645,2.874000072479248,2.8389999866485596,2.861999988555908,429959
2024-10-04,0.7925084233283997,2.8529999256134033,2.890000104904175,2.8399999141693115,2.8559999465942383,229269
2024-10-07,0.7930638194084167,2.8550000190734863,2.869999885559082,2.8429999351501465,2.859999895095825,139711
2024-10-08,0.7986196279525757,2.875,2.881999969482422,2.8540000915527344,2.8550000190734863,179911
2024-10-09,0.798897385597229,2.875999927520752,2.9019999504089355,2.865999937057495,2.877000093460083,210966
2024-10-10,0.7972306609153748,2.869999885559082,2.9030001163482666,2.865000009536743,2.884000062942505,154843
2024-10-11,0.7875083684921265,2.8350000381469727,2.869999885559082,2.8320000171661377,2.869999885559082,304846
2024-10-14,0.788341760635376,2.8380000591278076,2.8450000286102295,2.822000026702881,2.8289999961853027,139729
2024-10-15,0.7958417534828186,2.865000009536743,2.8949999809265137,2.8380000591278076,2.8380000591278076,302082
2024-10-16,0.7880639433860779,2.8369998931884766,2.872999906539917,2.825000047683716,2.864000082015991,653485
2024-10-17,0.783341646194458,2.819999933242798,2.8499999046325684,2.812999963760376,2.8450000286102295,205246
2024-10-18,0.7788971066474915,2.803999900817871,2.819999933242798,2.7939999103546143,2.819999933242798,211984
2024-10-21,0.773897111415863,2.7860000133514404,2.812999963760376,2.7860000133514404,2.802999973297119,209084
2024-10-22,0.7647303938865662,2.753000020980835,2.7899999618530273,2.747999906539917,2.7860000133514404,293270
2024-10-23,0.7627859115600586,2.746000051498413,2.760999917984009,2.7209999561309814,2.753000020980835,493249
2024-10-24,0.7763972282409668,2.7950000762939453,2.8570001125335693,2.7880001068115234,2.8399999141693115,565057
2024-10-25,0.7769526243209839,2.796999931335449,2.8350000381469727,2.7929999828338623,2.7950000762939453,245833
2024-10-28,0.7813971042633057,2.812999963760376,2.8299999237060547,2.7960000038146973,2.821000099182129,356759
2024-10-29,0.7788971066474915,2.803999900817871,2.8320000171661377,2.802000045776367,2.803999900817871,445215
2024-10-30,0.9076991677284241,2.684999942779541,2.7920000553131104,2.684000015258789,2.7920000553131104,498927
2024-10-31,0.9012759327888489,2.6659998893737793,2.680000066757202,2.6429998874664307,2.680000066757202,338335
2024-11-01,0.9296732544898987,2.75,2.7709999084472656,2.6700000762939453,2.671999931335449,459254
2024-11-04,0.9296732544898987,2.75,2.7739999294281006,2.740000009536743,2.759999990463257,208764
2024-11-05,0.9202075004577637,2.7219998836517334,2.7699999809265137,2.7119998931884766,2.746000051498413,299774
2024-11-06,0.8955288529396057,2.6489999294281006,2.7200000286102295,2.6429998874664307,2.7200000286102295,521541
2024-11-07,0.8992476463317871,2.6600000858306885,2.684000015258789,2.6440000534057617,2.6489999294281006,248071
2024-11-08,0.8924863338470459,2.640000104904175,2.6760001182556152,2.628000020980835,2.6500000953674316,315644
2024-11-11,0.8941766619682312,2.6449999809265137,2.6630001068115234,2.631999969482422,2.6549999713897705,215075
2024-11-12,0.8769354224205017,2.5940001010894775,2.6449999809265137,2.5940001010894775,2.6449999809265137,303710
2024-11-13,0.8860630989074707,2.621000051498413,2.6419999599456787,2.5940001010894775,2.5940001010894775,671300
2024-11-14,0.8999237418174744,2.6619999408721924,2.6619999408721924,2.6040000915527344,2.634000062942505,206184
2024-11-15,0.8941766619682312,2.6449999809265137,2.6640000343322754,2.628000020980835,2.6610000133514404,330242
2024-11-18,0.8985714316368103,2.6579999923706055,2.6700000762939453,2.634999990463257,2.6540000438690186,232330
2024-11-19,0.916488766670227,2.7109999656677246,2.743000030517578,2.6760001182556152,2.697000026702881,431775
2024-11-20,0.9141224026679993,2.7039999961853027,2.7179999351501465,2.697999954223633,2.6989998817443848,203334
2024-11-21,0.9114179611206055,2.696000099182129,2.7090001106262207,2.684000015258789,2.700000047683716,283660
2024-11-22,0.9317016005516052,2.75600004196167,2.75600004196167,2.696000099182129,2.696000099182129,376724
2024-11-25,0.931363582611084,2.755000114440918,2.7639999389648438,2.7330000400543213,2.75600004196167,306275
2024-11-26,0.9252784252166748,2.736999988555908,2.755000114440918,2.7330000400543213,2.746999979019165,170092
2024-11-27,0.9340680241584778,2.763000011444092,2.765000104904175,2.7300000190734863,2.7300000190734863,264546
2024-11-28,0.9391390085220337,2.7780001163482666,2.7850000858306885,2.76200008392334,2.763000011444092,237283
2024-11-29,0.9364345073699951,2.7699999809265137,2.7939999103546143,2.76200008392334,2.7730000019073486,209817
2024-12-02,0.9293352365493774,2.749000072479248,2.7790000438690186,2.740000009536743,2.756999969482422,358320
2024-12-03,0.9286590814590454,2.746999979019165,2.756999969482422,2.7309999465942383,2.742000102996826,194762
2024-12-04,0.9279829263687134,2.744999885559082,2.752000093460083,2.7239999771118164,2.7300000190734863,392030
2024-12-05,0.9350823163986206,2.7660000324249268,2.7709999084472656,2.747999906539917,2.75,389264
2024-12-09,0.921897828578949,2.7269999980926514,2.765000104904175,2.7190001010894775,2.7639999389648438,227389
2024-12-10,0.9097276329994202,2.690999984741211,2.7320001125335693,2.683000087738037,2.7139999866485596,299798
2024-12-11,0.9033042788505554,2.671999931335449,2.7019999027252197,2.6689999103546143,2.6760001182556152,337892
2024-12-12,0.89383864402771,2.6440000534057617,2.6740000247955322,2.6410000324249268,2.671999931335449,551132
2024-12-13,0.8958669900894165,2.6500000953674316,2.6649999618530273,2.6440000534057617,2.6500000953674316,363064
2024-12-16,0.8995857238769531,2.6610000133514404,2.6630001068115234,2.634000062942505,2.6500000953674316,808264
2024-12-17,0.8951908349990845,2.6480000019073486,2.6659998893737793,2.635999917984009,2.6440000534057617,357931
2024-12-18,0.8958669900894165,2.6500000953674316,2.6519999504089355,2.632999897003174,2.6429998874664307,329086
2024-12-19,0.8941766619682312,2.6449999809265137,2.6530001163482666,2.622999906539917,2.631999969482422,334302
2024-12-20,0.8870773911476135,2.624000072479248,2.630000114440918,2.5799999237060547,2.630000114440918,489636
2024-12-23,0.89383864402771,2.6440000534057617,2.6540000438690186,2.5999999046325684,2.5999999046325684,443563
2024-12-27,0.9049947261810303,2.677000045776367,2.677000045776367,2.630000114440918,2.638000011444092,501049
2024-12-30,0.9009379148483276,2.6649999618530273,2.686000108718872,2.6579999923706055,2.6730000972747803,662739
2025-01-02,0.9222357273101807,2.7279999256134033,2.7279999256134033,2.677999973297119,2.677999973297119,318414
2025-01-03,0.9178410768508911,2.7149999141693115,2.74399995803833,2.7149999141693115,2.7279999256134033,1208021
2025-01-07,0.9029662609100342,2.6710000038146973,2.7130000591278076,2.6540000438690186,2.7100000381469727,1331267
2025-01-08,0.8985714316368103,2.6579999923706055,2.677999973297119,2.634000062942505,2.6689999103546143,1365671
2025-01-09,0.9012759327888489,2.6659998893737793,2.674999952316284,2.6449999809265137,2.6579999923706055,212943
2025-01-10,0.8891058564186096,2.630000114440918,2.6689999103546143,2.630000114440918,2.6670000553131104,346417
2025-01-13,0.8935005068778992,2.6429998874664307,2.6659998893737793,2.628999948501587,2.638000011444092,466153
2025-01-14,0.8857250809669495,2.619999885559082,2.6500000953674316,2.614000082015991,2.640000104904175,447518
2025-01-15,0.9039804339408875,2.6740000247955322,2.674999952316284,2.63100004196167,2.640000104904175,349288
2025-01-16,0.9181790947914124,2.7160000801086426,2.7160000801086426,2.6519999504089355,2.6740000247955322,343216
2025-01-17,0.9296732544898987,2.75,2.757999897003174,2.7039999961853027,2.7139999866485596,322219
2025-01-20,0.9229121208190918,2.7300000190734863,2.75,2.7260000705718994,2.749000072479248,296736
2025-01-21,0.9296732544898987,2.75,2.75,2.7209999561309814,2.7290000915527344,149828
2025-01-22,0.916488766670227,2.7109999656677246,2.750999927520752,2.7070000171661377,2.75,211836
2025-01-23,0.9306875467300415,2.753000020980835,2.757999897003174,2.7109999656677246,2.7109999656677246,301451
2025-01-24,0.9239264130592346,2.7330000400543213,2.759999990463257,2.7249999046325684,2.753000020980835,234508
2025-01-27,0.9354203343391418,2.7669999599456787,2.7820000648498535,2.7170000076293945,2.7300000190734863,264597
2025-01-28,0.9472525119781494,2.802000045776367,2.815999984741211,2.759999990463257,2.7669999599456787,501568
2025-01-29,0.9543519020080566,2.822999954223633,2.8350000381469727,2.7799999713897705,2.799999952316284,381253
2025-01-30,0.9337300062179565,2.76200008392334,2.825000047683716,2.686000108718872,2.825000047683716,957745
2025-01-31,0.9577324390411377,2.8329999446868896,2.861999988555908,2.740999937057495,2.757999897003174,862301
2025-02-03,0.9628034830093384,2.8480000495910645,2.8610000610351562,2.8239998817443848,2.8239998817443848,642258
2025-02-04,0.9736215472221375,2.880000114440918,2.88100004196167,2.8340001106262207,2.8499999046325684,637838
2025-02-05,0.9993142485618591,2.9560000896453857,2.9570000171661377,2.867000102996826,2.875999927520752,1585670
2025-02-06,1.19828200340271,2.944999933242798,2.9719998836517334,2.9079999923706055,2.9119999408721924,532424
2025-02-07,1.2035715579986572,2.9579999446868896,2.9769999980926514,2.9519999027252197,2.9519999027252197,408471
2025-02-10,1.2194401025772095,2.996999979019165,3.0199999809265137,2.9619998931884766,2.9619998931884766,915274
2025-02-11,1.2239158153533936,3.007999897003174,3.0230000019073486,2.99399995803833,2.999000072479248,409976
2025-02-12,1.22554349899292,3.01200008392334,3.0209999084472656,2.997999906539917,3.0,290825
2025-02-13,1.2304259538650513,3.0239999294281006,3.0350000858306885,2.996000051498413,3.0139999389648438,439309
2025-02-14,1.221474528312683,3.002000093460083,3.0320000648498535,2.989000082015991,3.0320000648498535,263913
2025-02-17,1.22676420211792,3.015000104904175,3.0250000953674316,3.005000114440918,3.005000114440918,197943
2025-02-18,1.2292052507400513,3.0209999084472656,3.0309998989105225,3.003999948501587,3.0179998874664307,398832
2025-02-19,1.225136399269104,3.010999917984009,3.0450000762939453,3.0,3.0179998874664307,158179
2025-02-20,1.2361226081848145,3.0380001068115234,3.0490000247955322,3.010999917984009,3.010999917984009,250742
2025-02-21,1.2458876371383667,3.062000036239624,3.062000036239624,3.0339999198913574,3.0339999198913574,301193
2025-02-24,1.264197587966919,3.1070001125335693,3.114000082015991,3.062000036239624,3.062000036239624,394918
2025-02-25,1.2694872617721558,3.119999885559082,3.1689999103546143,3.115999937057495,3.1500000953674316,940486
2025-02-26,1.2682664394378662,3.117000102996826,3.131999969482422,3.0920000076293945,3.0950000286102295,411230
2025-02-27,1.282507300376892,3.1519999504089355,3.1630001068115234,3.118000030517578,3.122999906539917,446912
2025-02-28,1.2764041423797607,3.13700008392334,3.1679999828338623,3.127000093460083,3.1519999504089355,236822
2025-03-03,1.2902382612228394,3.1710000038146973,3.180000066757202,3.1019999980926514,3.13700008392334,424978
2025-03-04,1.2869834899902344,3.1630001068115234,3.178999900817871,3.1419999599456787,3.1649999618530273,448598
2025-03-05,1.2764041423797607,3.13700008392334,3.1500000953674316,3.119999885559082,3.1410000324249268,557659
2025-03-06,1.2731491327285767,3.128999948501587,3.177999973297119,3.1080000400543213,3.1579999923706055,526327
2025-03-07,1.2979692220687866,3.190000057220459,3.1989998817443848,3.11299991607666,3.11299991607666,430021
2025-03-10,1.310175895690918,3.2200000286102295,3.2300000190734863,3.186000108718872,3.186000108718872,224425
2025-03-11,1.3256374597549438,3.257999897003174,3.2799999713897705,3.2160000801086426,3.2160000801086426,558190
2025-03-12,1.3211618661880493,3.246999979019165,3.2880001068115234,3.2239999771118164,3.260999917984009,270132
2025-03-13,1.320754885673523,3.246000051498413,3.2750000953674316,3.2260000705718994,3.246999979019165,187515
2025-03-14,1.3280788660049438,3.2639999389648438,3.2780001163482666,3.2330000400543213,3.243000030517578,367729
2025-03-17,1.310989499092102,3.2219998836517334,3.255000114440918,3.180000066757202,3.2090001106262207,571360
2025-03-18,1.3272652626037598,3.26200008392334,3.2769999504089355,3.2209999561309814,3.2309999465942383,379234
2025-03-19,1.3118033409118652,3.2239999771118164,3.265000104904175,3.2090001106262207,3.256999969482422,1171167
2025-03-20,1.3036656379699707,3.2039999961853027,3.2360000610351562,3.180000066757202,3.2219998836517334,334698
2025-03-21,1.3256374597549438,3.257999897003174,3.2739999294281006,3.2200000286102295,3.2200000286102295,349239
2025-03-24,1.3166860342025757,3.2360000610351562,3.265000104904175,3.2260000705718994,3.257999897003174,213451
2025-03-25,1.3358098268508911,3.2829999923706055,3.3010001182556152,3.240000009536743,3.240000009536743,406551
2025-03-26,1.3410992622375488,3.2960000038146973,3.2960000038146973,3.263000011444092,3.2829999923706055,836324
2025-03-27,1.340692400932312,3.2950000762939453,3.308000087738037,3.2690000534057617,3.2960000038146973,424595
2025-03-28,1.358188509941101,3.3380000591278076,3.3410000801086426,3.2950000762939453,3.302000045776367,376038
2025-03-31,1.3606297969818115,3.3440001010894775,3.3559999465942383,3.319999933242798,3.3380000591278076,633796
2025-04-01,1.3732432126998901,3.375,3.384000062942505,3.3440001010894775,3.3440001010894775,279292
2025-04-02,1.3634780645370483,3.3510000705718994,3.375,3.3289999961853027,3.375,236193
2025-04-03,1.3870774507522583,3.4089999198913574,3.4119999408721924,3.3480000495910645,3.359999895095825,824723
2025-04-04,1.3260445594787598,3.259000062942505,3.4200000762939453,3.2320001125335693,3.4000000953674316,880416
2025-04-07,1.2519910335540771,3.0769999027252197,3.1649999618530273,2.9609999656677246,3.111999988555908,1432472
2025-04-08,1.2711148262023926,3.124000072479248,3.132999897003174,3.0399999618530273,3.0999999046325684,540899
2025-04-09,1.2263569831848145,3.0139999389648438,3.0320000648498535,2.947000026702881,3.0230000019073486,1060048
2025-04-10,1.511238694190979,3.0980000495910645,3.122999906539917,3.0309998989105225,3.122999906539917,579355
2025-04-11,1.5024582147598267,3.0799999237060547,3.0980000495910645,3.0260000228881836,3.0980000495910645,756641
2025-04-14,1.5444098711013794,3.1659998893737793,3.1670000553131104,3.1050000190734863,3.1050000190734863,331915
2025-04-15,1.5580686330795288,3.194000005722046,3.200000047683716,3.1689999103546143,3.1689999103546143,234993
2025-04-16,1.5717272758483887,3.2219998836517334,3.2219998836517334,3.196000099182129,3.2119998931884766,213253
2025-04-17,1.5678247213363647,3.2139999866485596,3.2249999046325684,3.1559998989105225,3.197999954223633,198755
2025-04-22,1.6092886924743652,3.2990000247955322,3.2990000247955322,3.2130000591278076,3.2139999866485596,371341
2025-04-23,1.5712393522262573,3.2209999561309814,3.299999952316284,3.190000057220459,3.2960000038146973,456430
2025-04-24,1.5800201892852783,3.239000082015991,3.2860000133514404,3.2179999351501465,3.244999885559082,371543
2025-04-25,1.5624589920043945,3.203000068664551,3.25,3.184999942779541,3.2309999465942383,237288
2025-04-28,1.5814834833145142,3.242000102996826,3.246000051498413,3.196000099182129,3.2149999141693115,306651
2025-04-29,1.5829468965530396,3.244999885559082,3.259000062942505,3.2239999771118164,3.242000102996826,555297
2025-04-30,1.6019716262817383,3.2839999198913574,3.311000108718872,3.244999885559082,3.253999948501587,403373
2025-05-02,1.6136791706085205,3.308000087738037,3.312999963760376,3.2750000953674316,3.299999952316284,422760
2025-05-05,1.6190450191497803,3.319000005722046,3.3269999027252197,3.2950000762939453,3.312000036239624,568848
2025-05-06,1.639533281326294,3.3610000610351562,3.364000082015991,3.2950000762939453,3.322000026702881,385052
2025-05-07,1.6409966945648193,3.364000082015991,3.368000030517578,3.3320000171661377,3.364000082015991,262658
2025-05-08,1.6141670942306519,3.309000015258789,3.3580000400543213,3.302999973297119,3.3440001010894775,222847
2025-05-09,1.5995327234268188,3.2790000438690186,3.3299999237060547,3.2730000019073486,3.313999891281128,217868
2025-05-12,1.5727030038833618,3.2239999771118164,3.2950000762939453,3.2100000381469727,3.2790000438690186,430082
2025-05-13,1.5688005685806274,3.2160000801086426,3.253000020980835,3.2109999656677246,3.2179999351501465,192105
2025-05-14,1.5629467964172363,3.2039999961853027,3.246000051498413,3.200000047683716,3.2139999866485596,249748
2025-05-15,1.601483941078186,3.2829999923706055,3.2829999923706055,3.200000047683716,3.2039999961853027,242075
2025-05-16,1.6195327043533325,3.319999933242798,3.319999933242798,3.2829999923706055,3.2929999828338623,242302
2025-05-19,1.6473381519317627,3.377000093460083,3.384000062942505,3.309999942779541,3.319000005722046,392681
2025-05-20,1.6746556758880615,3.433000087738037,3.434000015258789,3.384000062942505,3.384000062942505,437916
2025-05-21,1.6868507862091064,3.4579999446868896,3.4619998931884766,3.431999921798706,3.437000036239624,312381
2025-05-22,1.676119089126587,3.436000108718872,3.4570000171661377,3.4179999828338623,3.4570000171661377,186696
2025-05-23,1.6814849376678467,3.447000026702881,3.4600000381469727,3.4149999618530273,3.4149999618530273,675647
2025-05-26,1.679533839225769,3.443000078201294,3.4670000076293945,3.437999963760376,3.447000026702881,239501
2025-05-27,1.6712408065795898,3.4260001182556152,3.4660000801086426,3.4140000343322754,3.438999891281128,246513
2025-05-28,1.6439234018325806,3.369999885559082,3.437000036239624,3.36899995803833,3.4170000553131104,212036
2025-05-30,1.6556309461593628,3.3940000534057617,3.427999973297119,3.385999917984009,3.3940000534057617,180351
2025-06-02,1.662460207939148,3.4079999923706055,3.427000045776367,3.385999917984009,3.3919999599456787,166079
2025-06-03,1.6439234018325806,3.369999885559082,3.4179999828338623,3.369999885559082,3.4119999408721924,152099
2025-06-04,1.6497771739959717,3.381999969482422,3.3949999809265137,3.369999885559082,3.378000020980835,544399
2025-06-05,1.6531919240951538,3.3889999389648438,3.3989999294281006,3.3559999465942383,3.375,1829928
2025-06-06,1.629289150238037,3.3399999141693115,3.4000000953674316,3.3399999141693115,3.4000000953674316,190973
2025-06-09,1.639045238494873,3.359999895095825,3.3910000324249268,3.359999895095825,3.385999917984009,231694
2025-06-10,1.578556776046753,3.2360000610351562,3.3540000915527344,3.2309999465942383,3.3540000915527344,727170
2025-06-11,1.5800201892852783,3.239000082015991,3.2699999809265137,3.2300000190734863,3.2339999675750732,279151
2025-06-12,1.5873372554779053,3.253999948501587,3.2820000648498535,3.234999895095825,3.2360000610351562,416140
2025-06-13,1.5702639818191528,3.2190001010894775,3.242000102996826,3.2149999141693115,3.2360000610351562,240613
2025-06-16,1.5624589920043945,3.203000068664551,3.2320001125335693,3.190999984741211,3.2190001010894775,302215
2025-06-17,1.5439223051071167,3.1649999618530273,3.193000078201294,3.140000104904175,3.193000078201294,391520
2025-06-18,1.5405075550079346,3.1579999923706055,3.1760001182556152,3.1489999294281006,3.1579999923706055,173833
2025-06-19,1.5380685329437256,3.1530001163482666,3.1679999828338623,3.1459999084472656,3.1530001163482666,217915
2025-06-23,1.5409951210021973,3.1589999198913574,3.1640000343322754,3.11299991607666,3.11299991607666,149102
2025-06-24,1.5566052198410034,3.190999984741211,3.2019999027252197,3.1689999103546143,3.174999952316284,303207
2025-06-25,1.5122144222259521,3.0999999046325684,3.1989998817443848,3.0999999046325684,3.194000005722046,387819
2025-06-26,1.4927018880844116,3.059999942779541,3.1089999675750732,3.059000015258789,3.1010000705718994,298481
2025-06-27,1.4907506704330444,3.055999994277954,3.072000026702881,3.0339999198913574,3.062000036239624,295538
2025-06-30,1.480018973350525,3.0339999198913574,3.0840001106262207,3.0169999599456787,3.069000005722046,282496
2025-07-01,1.4966044425964355,3.068000078201294,3.0880000591278076,3.046999931335449,3.049999952316284,235046
2025-07-02,1.4863603115081787,3.046999931335449,3.075000047683716,3.0429999828338623,3.069999933242798,592851
2025-07-03,1.4985555410385132,3.072000026702881,3.075000047683716,3.0399999618530273,3.0450000762939453,605192
2025-07-04,1.4985555410385132,3.072000026702881,3.0859999656677246,3.062999963760376,3.072000026702881,149858
2025-07-07,1.5048973560333252,3.0850000381469727,3.0989999771118164,3.072999954223633,3.0739998817443848,189597
2025-07-08,1.4844093322753906,3.0429999828338623,3.0850000381469727,3.0309998989105225,3.0769999027252197,391596
2025-07-09,1.4707506895065308,3.015000104904175,3.0510001182556152,3.002000093460083,3.0399999618530273,431108
2025-07-10,1.4644089937210083,3.002000093460083,3.0179998874664307,2.9839999675750732,3.015000104904175,481498
2025-07-11,1.4507501125335693,2.9739999771118164,3.0139999389648438,2.9670000076293945,3.003000020980835,396835
2025-07-14,1.4405062198638916,2.953000068664551,2.9660000801086426,2.946000099182129,2.9600000381469727,355772
2025-07-15,1.4356281757354736,2.943000078201294,2.9630000591278076,2.937999963760376,2.953000068664551,648883
2025-07-16,1.4292865991592407,2.930000066757202,2.944000005722046,2.927999973297119,2.937999963760376,279141
2025-07-17,1.4434330463409424,2.9590001106262207,2.9700000286102295,2.928999900817871,2.933000087738037,237516
2025-07-18,1.515141248703003,3.1059999465942383,3.127000093460083,3.0290000438690186,3.0290000438690186,1460922
2025-07-21,1.5317268371582031,3.140000104904175,3.140000104904175,3.0810000896453857,3.1070001125335693,375851
2025-07-22,1.5609955787658691,3.200000047683716,3.200000047683716,3.1480000019073486,3.1480000019073486,539102
2025-07-23,1.5590444803237915,3.196000099182129,3.2230000495910645,3.193000078201294,3.2019999027252197,479235
2025-07-24,1.554166316986084,3.186000108718872,3.2279999256134033,3.184000015258789,3.200000047683716,504789
2025-07-25,1.5502636432647705,3.177999973297119,3.191999912261963,3.1659998893737793,3.187999963760376,305550
2025-07-28,1.5205072164535522,3.117000102996826,3.200000047683716,3.1089999675750732,3.177999973297119,422894
2025-07-29,1.5356295108795166,3.1480000019073486,3.1489999294281006,3.0980000495910645,3.117000102996826,282039
2025-07-30,1.796593427658081,3.0980000495910645,3.11299991607666,3.078000068664551,3.0799999237060547,369802
2025-07-31,1.794274091720581,3.0940001010894775,3.117000102996826,3.078000068664551,3.1010000705718994,227714
2025-08-01,1.8052922487258911,3.11299991607666,3.114000082015991,3.0820000171661377,3.0820000171661377,376288
2025-08-04,1.8232699632644653,3.1440000534057617,3.1500000953674316,3.11299991607666,3.11299991607666,259535
2025-08-05,1.8226900100708008,3.1429998874664307,3.1589999198913574,3.1389999389648438,3.1500000953674316,207110
2025-08-06,1.8325488567352295,3.1600000858306885,3.1710000038146973,3.130000114440918,3.1440000534057617,365113
2025-08-07,1.7983334064483643,3.1010000705718994,3.1589999198913574,3.0999999046325684,3.1589999198913574,856161
2025-08-08,1.7936939001083374,3.0929999351501465,3.134000062942505,3.0910000801086426,3.1010000705718994,178701
2025-08-11,1.787315011024475,3.0820000171661377,3.1059999465942383,3.071000099182129,3.0999999046325684,204921
2025-08-12,1.7884747982025146,3.0840001106262207,3.1040000915527344,3.0820000171661377,3.0899999141693115,179847
2025-08-13,1.7913743257522583,3.0889999866485596,3.1080000400543213,3.075000047683716,3.0859999656677246,171556
2025-08-14,1.8226900100708008,3.1429998874664307,3.1440000534057617,3.069999933242798,3.0869998931884766,304609
2025-08-15,1.8308088779449463,3.1570000648498535,3.1570000648498535,3.125999927520752,3.1429998874664307,196221
2025-08-18,1.842407464981079,3.177000045776367,3.184999942779541,3.1589999198913574,3.1640000343322754,280920
2025-08-19,1.8331283330917358,3.1610000133514404,3.194999933242798,3.1610000133514404,3.191999912261963,480385
2025-08-20,1.8598048686981201,3.2070000171661377,3.2079999446868896,3.1670000553131104,3.1670000553131104,315176
2025-08-21,1.8621244430541992,3.2109999656677246,3.2149999141693115,3.177999973297119,3.200000047683716,143607
2025-08-22,1.8685035705566406,3.2219998836517334,3.2330000400543213,3.2070000171661377,3.2130000591278076,275404
2025-08-25,1.8522658348083496,3.194000005722046,3.2219998836517334,3.186000108718872,3.2219998836517334,172656
2025-08-26,1.840087652206421,3.1730000972747803,3.197000026702881,3.1730000972747803,3.197000026702881,220801
2025-08-27,1.8540055751800537,3.197000026702881,3.197000026702881,3.1689999103546143,3.180000066757202,262345
2025-08-28,1.8377678394317627,3.1689999103546143,3.203000068664551,3.1579999923706055,3.200000047683716,277340
2025-08-29,1.8482065200805664,3.187000036239624,3.187999963760376,3.1649999618530273,3.1659998893737793,149810
2025-09-01,1.8702433109283447,3.2249999046325684,3.2260000705718994,3.190999984741211,3.190999984741211,357680
2025-09-02,1.8569051027297974,3.2019999027252197,3.2260000705718994,3.190999984741211,3.2249999046325684,130708
2025-09-03,1.8505260944366455,3.190999984741211,3.2109999656677246,3.1619999408721924,3.2019999027252197,226910
2025-09-04,1.8748828172683716,3.2330000400543213,3.253999948501587,3.184000015258789,3.190999984741211,395763
2025-09-05,1.8888007402420044,3.256999969482422,3.2669999599456787,3.2300000190734863,3.239000082015991,267921
2025-09-08,1.8748828172683716,3.2330000400543213,3.256999969482422,3.2239999771118164,3.256999969482422,372412
2025-09-09,1.9090980291366577,3.2920000553131104,3.2939999103546143,3.23799991607666,3.23799991607666,320308
2025-09-10,1.9067784547805786,3.2880001068115234,3.309999942779541,3.2839999198913574,3.299999952316284,404682
2025-09-11,1.9241759777069092,3.318000078201294,3.3310000896453857,3.2899999618530273,3.2899999618530273,257681
2025-09-12,1.9067784547805786,3.2880001068115234,3.2890000343322754,3.236999988555908,3.259000062942505,409211
2025-09-15,1.905618667602539,3.2860000133514404,3.308000087738037,3.2699999809265137,3.2880001068115234,197785
2025-09-16,1.8928602933883667,3.2639999389648438,3.309999942779541,3.2639999389648438,3.299999952316284,168418
2025-09-17,1.9102578163146973,3.2939999103546143,3.305000066757202,3.2660000324249268,3.2679998874664307,216854
2025-09-18,1.899239420890808,3.2750000953674316,3.313999891281128,3.260999917984009,3.2950000762939453,180159
2025-09-19,1.8847416639328003,3.25,3.2850000858306885,3.246000051498413,3.263000011444092,183493
2025-09-22,1.8528456687927246,3.194999933242798,3.25,3.194999933242798,3.25,280664
2025-09-23,1.8447269201278687,3.180999994277954,3.2100000381469727,3.177999973297119,3.194999933242798,218828
2025-09-24,1.8482065200805664,3.187000036239624,3.2100000381469727,3.1710000038146973,3.181999921798706,206593
2025-09-25,1.8528456687927246,3.194999933242798,3.2139999866485596,3.188999891281128,3.203000068664551,203529
2025-09-26,1.8708232641220093,3.2260000705718994,3.2339999675750732,3.194999933242798,3.2130000591278076,247021
2025-09-29,1.8615447282791138,3.2100000381469727,3.244999885559082,3.2070000171661377,3.2260000705718994,203852
2025-09-30,1.8801019191741943,3.242000102996826,3.247999906539917,3.196000099182129,3.2100000381469727,182379
2025-10-01,1.8853212594985962,3.250999927520752,3.2690000534057617,3.23799991607666,3.23799991607666,156821
2025-10-02,1.8690837621688843,3.2230000495910645,3.2760000228881836,3.2190001010894775,3.253000020980835,175593
2025-10-03,1.8673440217971802,3.2200000286102295,3.25,3.2200000286102295,3.2330000400543213,205473
2025-10-06,1.8743031024932861,3.2320001125335693,3.255000114440918,3.2200000286102295,3.2200000286102295,133815
2025-10-07,1.8627045154571533,3.2119998931884766,3.242000102996826,3.2060000896453857,3.2330000400543213,163885
2025-10-08,1.8690837621688843,3.2230000495910645,3.2300000190734863,3.2019999027252197,3.2019999027252197,180984
2025-10-09,1.8627045154571533,3.2119998931884766,3.236999988555908,3.2119998931884766,3.2200000286102295,124514
2025-10-10,1.883581519126892,3.247999906539917,3.259999990463257,3.2139999866485596,3.2139999866485596,260138
2025-10-13,1.8615447282791138,3.2100000381469727,3.265000104904175,3.2019999027252197,3.25,185772
2025-10-14,1.883001685142517,3.246999979019165,3.2720000743865967,3.2119998931884766,3.2119998931884766,216121
2025-10-15,1.9067784547805786,3.2880001068115234,3.321000099182129,3.246999979019165,3.246999979019165,392310
2025-10-16,1.910838007926941,3.2950000762939453,3.306999921798706,3.249000072479248,3.2960000038146973,275084
2025-10-17,1.911417841911316,3.2960000038146973,3.305000066757202,3.246999979019165,3.2939999103546143,157029
2025-10-20,1.9009791612625122,3.2780001163482666,3.312999963760376,3.2739999294281006,3.2899999618530273,166578
2025-10-21,1.903878927230835,3.2829999923706055,3.296999931335449,3.242000102996826,3.2750000953674316,225147
2025-10-22,1.8656041622161865,3.2170000076293945,3.2960000038146973,3.2170000076293945,3.2829999923706055,321814
2025-10-23,1.9966663122177124,3.443000078201294,3.4489998817443848,3.313999891281128,3.313999891281128,1862445
2025-10-24,1.99260675907135,3.436000108718872,3.496000051498413,3.427999973297119,3.4619998931884766,495463
2025-10-27,1.9757890701293945,3.4070000648498535,3.441999912261963,3.390000104904175,3.437999963760376,427195
2025-10-28,1.9815881252288818,3.4170000553131104,3.436000108718872,3.375,3.4100000858306885,378695
2025-10-29,2.281170129776001,3.3580000400543213,3.38700008392334,3.3299999237060547,3.368000030517578,350816
2025-10-30,2.3192121982574463,3.4140000343322754,3.4140000343322754,3.3540000915527344,3.365000009536743,220312
2025-10-31,2.300870656967163,3.38700008392334,3.440000057220459,3.38100004196167,3.4149999618530273,372707
2025-11-03,2.294077157974243,3.377000093460083,3.430000066757202,3.369999885559082,3.38700008392334,263262
2025-11-04,2.284566640853882,3.36299991607666,3.382999897003174,3.3350000381469727,3.374000072479248,387107
2025-11-05,2.2947566509246826,3.378000020980835,3.384000062942505,3.3499999046325684,3.36299991607666,302666
2025-11-06,2.304267168045044,3.3919999599456787,3.4110000133514404,3.375,3.390000104904175,710482
2025-11-07,2.3429884910583496,3.4489998817443848,3.4600000381469727,3.4019999504089355,3.4070000648498535,329169
2025-11-10,2.3334779739379883,3.434999942779541,3.447000026702881,3.4260001182556152,3.428999900817871,251289
2025-11-11,2.3389127254486084,3.443000078201294,3.4570000171661377,3.4149999618530273,3.4149999618530273,379368
2025-11-12,2.361330270767212,3.4760000705718994,3.4830000400543213,3.444999933242798,3.444999933242798,247796
2025-11-13,2.3389127254486084,3.443000078201294,3.496999979019165,3.443000078201294,3.4860000610351562,311934
2025-11-14,2.293397903442383,3.375999927520752,3.431999921798706,3.3389999866485596,3.431999921798706,212329
2025-11-17,2.2967946529388428,3.38100004196167,3.384999990463257,3.3519999980926514,3.378999948501587,188393
2025-11-18,2.270301103591919,3.3420000076293945,3.369999885559082,3.322999954223633,3.369999885559082,209303
2025-11-19,2.252638578414917,3.315999984741211,3.361999988555908,3.312999963760376,3.3420000076293945,219806
2025-11-20,2.254676580429077,3.319000005722046,3.3340001106262207,3.309999942779541,3.3259999752044678,193910
2025-11-21,2.2906806468963623,3.371999979019165,3.378000020980835,3.2839999198913574,3.318000078201294,235088
2025-11-24,2.2852461338043213,3.364000082015991,3.378999948501587,3.3529999256134033,3.369999885559082,158698
2025-11-25,2.3232882022857666,3.4200000762939453,3.443000078201294,3.364000082015991,3.364000082015991,303698
2025-11-26,2.3253262042999268,3.4230000972747803,3.440000057220459,3.4000000953674316,3.4000000953674316,149959
2025-11-27,2.3334779739379883,3.434999942779541,3.447000026702881,3.4210000038146973,3.4260001182556152,166671
2025-11-28,2.357933521270752,3.4709999561309814,3.51200008392334,3.4509999752044678,3.4760000705718994,413541
2025-12-01,2.3389127254486084,3.443000078201294,3.4679999351501465,3.443000078201294,3.4679999351501465,135522
2025-12-02,2.3518197536468506,3.4619998931884766,3.4670000076293945,3.430000066757202,3.443000078201294,84977
2025-12-03,2.355895757675171,3.4679999351501465,3.486999988555908,3.447999954223633,3.4619998931884766,165894
2025-12-04,2.3749167919158936,3.496000051498413,3.505000114440918,3.447999954223633,3.4679999351501465,347362
2025-12-05,2.381030559539795,3.505000114440918,3.509999990463257,3.4860000610351562,3.496000051498413,610730
2025-12-08,2.3552165031433105,3.4670000076293945,3.506999969482422,3.4519999027252197,3.5,189792
2025-12-09,2.359971761703491,3.4739999771118164,3.509999990463257,3.4570000171661377,3.4570000171661377,280463
2025-12-10,2.34706449508667,3.4549999237060547,3.4709999561309814,3.441999912261963,3.4709999561309814,218872
2025-12-11,2.35453724861145,3.4660000801086426,3.4719998836517334,3.4489998817443848,3.450000047683716,165603
2025-12-12,2.338233232498169,3.441999912261963,3.4739999771118164,3.441999912261963,3.4649999141693115,157173
2025-12-15,2.366765022277832,3.4839999675750732,3.500999927520752,3.441999912261963,3.441999912261963,439480
2025-12-16,2.357933521270752,3.4709999561309814,3.489000082015991,3.4649999141693115,3.4809999465942383,137666
2025-12-17,2.391900062561035,3.5209999084472656,3.5280001163482666,3.4660000801086426,3.4660000801086426,253116
2025-12-18,2.4082038402557373,3.5450000762939453,3.555999994277954,3.5260000228881836,3.5260000228881836,316832
2025-12-19,2.4136383533477783,3.552999973297119,3.563999891281128,3.5299999713897705,3.5399999618530273,261634
2025-12-22,2.4082038402557373,3.5450000762939453,3.552999973297119,3.510999917984009,3.552999973297119,172163
2025-12-23,2.443528413772583,3.5969998836517334,3.611999988555908,3.5450000762939453,3.5450000762939453,391393
2025-12-29,2.4625496864318848,3.625,3.630000114440918,3.5810000896453857,3.5920000076293945,426395
2025-12-30,2.478853464126587,3.6489999294281006,3.6600000858306885,3.617000102996826,3.617000102996826,262109
2026-01-02,2.4910812377929688,3.6670000553131104,3.697999954223633,3.6470000743865967,3.6489999294281006,532243
2026-01-05,2.4639084339141846,3.627000093460083,3.6619999408721924,3.5950000286102295,3.6619999408721924,245874
2026-01-07,2.4870052337646484,3.6610000133514404,3.687999963760376,3.627000093460083,3.627000093460083,337767
2026-01-08,2.498553514480591,3.677999973297119,3.7019999027252197,3.635999917984009,3.6579999923706055,245499
2026-01-09,2.4727394580841064,3.640000104904175,3.681999921798706,3.611999988555908,3.681999921798706,439089
2026-01-12,2.493119239807129,3.6700000762939453,3.691999912261963,3.628999948501587,3.638000011444092,249289
2026-01-13,2.440131902694702,3.5920000076293945,3.632999897003174,3.5899999141693115,3.625999927520752,428132
2026-01-14,2.5046677589416504,3.687000036239624,3.7060000896453857,3.635999917984009,3.635999917984009,643545
2026-01-15,2.4910812377929688,3.6670000553131104,3.683000087738037,3.6410000324249268,3.680000066757202,579173
2026-01-16,2.475456714630127,3.6440000534057617,3.6649999618530273,3.632999897003174,3.6500000953674316,230623
2026-01-19,2.5087437629699707,3.693000078201294,3.7049999237060547,3.619999885559082,3.627000093460083,418019
2026-01-20,2.5067055225372314,3.690000057220459,3.7149999141693115,3.6679999828338623,3.7079999446868896,292794
2026-01-21,2.5067055225372314,3.690000057220459,3.7320001125335693,3.677999973297119,3.677999973297119,379863
2026-01-22,2.5705621242523193,3.7839999198913574,3.8239998817443848,3.7330000400543213,3.7339999675750732,438508
2026-01-23,2.58075213432312,3.7990000247955322,3.808000087738037,3.7839999198913574,3.7950000762939453,218778
2026-01-26,2.612680196762085,3.8459999561309814,3.871999979019165,3.809999942779541,3.809999942779541,354240
2026-01-27,2.632380485534668,3.875,3.88700008392334,3.808000087738037,3.8499999046325684,310122
2026-01-28,2.6208322048187256,3.8580000400543213,3.878000020980835,3.799999952316284,3.875999927520752,619055
2026-01-29,2.5855071544647217,3.805999994277954,3.8420000076293945,3.624000072479248,3.7929999828338623,868937
2026-01-30,2.6133594512939453,3.8469998836517334,3.874000072479248,3.7860000133514404,3.7899999618530273,534289
2026-02-02,2.6459670066833496,3.8949999809265137,3.9210000038146973,3.86899995803833,3.869999885559082,460341
2026-02-03,2.744468927383423,4.039999961853027,4.039999961853027,3.8940000534057617,3.8940000534057617,1066909
2026-02-04,2.7655282020568848,4.071000099182129,4.119999885559082,4.0320000648498535,4.033999919891357,826387
2026-02-05,3.131838798522949,4.044000148773193,4.050000190734863,3.990000009536743,4.02400016784668,355378
2026-02-06,3.125642776489258,4.035999774932861,4.058000087738037,4.019999980926514,4.020999908447266,246557
2026-02-09,3.1752073764801025,4.099999904632568,4.10099983215332,4.039000034332275,4.040999889373779,486132
2026-02-10,3.148102045059204,4.065000057220459,4.107999801635742,4.064000129699707,4.0929999351501465,191454
2026-02-11,3.2201249599456787,4.1579999923706055,4.190000057220459,4.073999881744385,4.081999778747559,528967
2026-02-12,3.2363882064819336,4.178999900817871,4.195000171661377,4.0920000076293945,4.160999774932861,288628
2026-02-13,3.2208993434906006,4.158999919891357,4.218999862670898,4.156000137329102,4.178999900817871,430178
2026-02-16,3.2371625900268555,4.179999828338623,4.197999954223633,4.150000095367432,4.165999889373779,246111
2026-02-17,3.247230291366577,4.192999839782715,4.229000091552734,4.176000118255615,4.176000118255615,265979
2026-02-18,3.2278695106506348,4.168000221252441,4.249000072479248,4.168000221252441,4.199999809265137,283414
2026-02-19,3.2425835132598877,4.186999797821045,4.201000213623047,4.151000022888184,4.170000076293945,300331
2026-02-20,3.254974842071533,4.203000068664551,4.2179999351501465,4.170000076293945,4.192999839782715,275713
2026-02-23,3.3037643432617188,4.265999794006348,4.2789998054504395,4.203000068664551,4.203999996185303,565019
2026-02-24,3.3386144638061523,4.310999870300293,4.324999809265137,4.263999938964844,4.263999938964844,521490
2026-02-25,3.3610732555389404,4.340000152587891,4.355999946594238,4.296999931335449,4.310999870300293,333304
2026-02-26,3.3138320446014404,4.2789998054504395,4.348999977111816,4.2769999504089355,4.322000026702881,213803
2026-02-27,3.357975482940674,4.335999965667725,4.349999904632568,4.249000072479248,4.27400016784668,385602
2026-03-02,3.3153812885284424,4.281000137329102,4.3379998207092285,4.269999980926514,4.289999961853027,288279
2026-03-03,3.2534260749816895,4.201000213623047,4.271999835968018,4.150000095367432,4.241000175476074,780814
2026-03-04,3.3285465240478516,4.297999858856201,4.329999923706055,4.210000038146973,4.210000038146973,325398
2026-03-05,3.3440353870391846,4.317999839782715,4.364999771118164,4.28000020980835,4.28000020980835,403814
2026-03-06,3.364170789718628,4.343999862670898,4.343999862670898,4.256999969482422,4.317999839782715,397571
2026-03-09,3.3370654582977295,4.309000015258789,4.333000183105469,4.260000228881836,4.263000011444092,464866
2026-03-10,3.409088611602783,4.4019999504089355,4.443999767303467,4.335999965667725,4.335999965667725,430564
2026-03-11,3.394373893737793,4.382999897003174,4.4120001792907715,4.354000091552734,4.396999835968018,203587
2026-03-12,3.354877471923828,4.331999778747559,4.389999866485596,4.304999828338623,4.382999897003174,242697
2026-03-13,3.3703665733337402,4.3520002365112305,4.438000202178955,4.254000186920166,4.314000129699707,510599
2026-03-16,3.4315474033355713,4.431000232696533,4.443999767303467,4.357999801635742,4.357999801635742,705490
2026-03-17,3.4609758853912354,4.468999862670898,4.510000228881836,4.431000232696533,4.431000232696533,315695
2026-03-18,3.4152839183807373,4.409999847412109,4.484000205993652,4.36299991607666,4.446000099182129,547588
2026-03-19,3.3773365020751953,4.361000061035156,4.410999774932861,4.354000091552734,4.390999794006348,126906
2026-03-20,3.3300955295562744,4.300000190734863,4.40500020980835,4.300000190734863,4.361999988555908,146800
2026-03-23,3.294471263885498,4.254000186920166,4.304999828338623,4.164000034332275,4.199999809265137,455283
2026-03-24,3.348681926727295,4.323999881744385,4.330999851226807,4.228000164031982,4.228000164031982,176921
2026-03-25,3.3610732555389404,4.340000152587891,4.376999855041504,4.294000148773193,4.314000129699707,413266
2026-03-26,3.3688175678253174,4.349999904632568,4.39900016784668,4.320000171661377,4.320000171661377,140733
2026-03-27,3.3541030883789062,4.330999851226807,4.376999855041504,4.320000171661377,4.3520002365112305,147390
2026-03-30,3.379659652709961,4.363999843597412,4.383999824523926,4.328000068664551,4.328000068664551,198057
2026-03-31,3.3928253650665283,4.38100004196167,4.434000015258789,4.36899995803833,4.376999855041504,210398
2026-04-01,3.4075396060943604,4.400000095367432,4.460000038146973,4.360000133514404,4.429999828338623,580785
2026-04-02,3.40289306640625,4.394000053405762,4.4070000648498535,4.35699987411499,4.374000072479248,190974
2026-04-07,3.410637140274048,4.4039998054504395,4.460000038146973,4.400000095367432,4.400000095367432,370088
2026-04-08,3.457878351211548,4.465000152587891,4.515999794006348,4.385000228881836,4.485000133514404,717997
2026-04-09,3.4516825675964355,4.456999778747559,4.501999855041504,4.456999778747559,4.458000183105469,324229
2026-04-10,3.905552387237549,4.466000080108643,4.48199987411499,4.38700008392334,4.4079999923706055,339624
2026-04-13,3.895932674407959,4.454999923706055,4.4770002365112305,4.421999931335449,4.429999828338623,338047
2026-04-14,3.853956460952759,4.4070000648498535,4.4720001220703125,4.386000156402588,4.453999996185303,257271
2026-04-15,3.8207249641418457,4.36899995803833,4.449999809265137,4.36899995803833,4.431000232696533,247256
2026-04-16,3.7717528343200684,4.313000202178955,4.334000110626221,4.23199987411499,4.314000129699707,225300
2026-04-17,3.746391773223877,4.283999919891357,4.349999904632568,4.229000091552734,4.3429999351501465,308006
2026-04-20,3.8023602962493896,4.3480000495910645,4.357999801635742,4.288000106811523,4.289999961853027,308622
2026-04-21,3.7472662925720215,4.284999847412109,4.335000038146973,4.281000137329102,4.328000068664551,141951
2026-04-22,3.759509325027466,4.298999786376953,4.34499979019165,4.25600004196167,4.25600004196167,154679
2026-04-23,3.847834825515747,4.400000095367432,4.400000095367432,4.288000106811523,4.298999786376953,380170
2026-04-24,3.8784425258636475,4.434999942779541,4.570000171661377,4.39900016784668,4.400000095367432,701554
2026-04-27,3.7735016345977783,4.315000057220459,4.434999942779541,4.315000057220459,4.434999942779541,275232
2026-04-28,3.7822465896606445,4.324999809265137,4.336999893188477,4.300000190734863,4.314000129699707,203407
2026-04-29,3.7857446670532227,4.328999996185303,4.3520002365112305,4.296000003814697,4.327000141143799,250842
2026-04-30,3.8557052612304688,4.408999919891357,4.460000038146973,4.329999923706055,4.329999923706055,392210
2026-05-04,3.8574540615081787,4.410999774932861,4.501999855041504,4.360000133514404,4.486999988555908,435272
2026-05-05,3.945779800415039,4.51200008392334,4.540999889373779,4.410999774932861,4.410999774932861,401153
2026-05-06,3.977261781692505,4.547999858856201,4.565999984741211,4.4679999351501465,4.508999824523926,313228
2026-05-07,3.9003052711486816,4.460000038146973,4.519000053405762,4.459000110626221,4.514999866485596,210795
2026-05-08,3.9134228229522705,4.474999904632568,4.5,4.440999984741211,4.452000141143799,147201
2026-05-11,3.937908887863159,4.502999782562256,4.526000022888184,4.449999809265137,4.4629998207092285,155069
2026-05-12,3.9116737842559814,4.4730000495910645,4.514999866485596,4.460000038146973,4.5,104211
2026-05-13,3.9204187393188477,4.482999801635742,4.544000148773193,4.466000080108643,4.473999977111816,235593
2026-05-15,3.9370343685150146,4.501999855041504,4.590000152587891,4.489999771118164,4.535999774932861,224031
2026-05-18,4.000873565673828,4.574999809265137,4.584000110626221,4.479000091552734,4.495999813079834,186534
2026-05-19,4.063838005065918,4.646999835968018,4.675000190734863,4.578999996185303,4.578999996185303,263034
2026-05-20,4.099693298339844,4.688000202178955,4.71999979019165,4.63700008392334,4.645999908447266,372498
2026-05-21,4.058590888977051,4.640999794006348,4.702000141143799,4.640999794006348,4.672999858856201,95960
2026-05-22,4.065587520599365,4.64900016784668,4.699999809265137,4.642000198364258,4.644999980926514,133414
2026-05-25,4.048097133636475,4.629000186920166,4.684999942779541,4.629000186920166,4.670000076293945,200403
2026-05-26,3.9999990463256836,4.573999881744385,4.65500020980835,4.572000026702881,4.625,584251
2026-05-27,3.995626449584961,4.568999767303467,4.585999965667725,4.48799991607666,4.585999965667725,429937
2026-05-28,3.995626449584961,4.568999767303467,4.613999843597412,4.561999797821045,4.576000213623047,399988
2026-05-29,4.017488956451416,4.593999862670898,4.610000133514404,4.572999954223633,4.591000080108643,232735
2026-06-01,3.975512981414795,4.546000003814697,4.586999893188477,4.525000095367432,4.579999923706055,187267
2026-06-02,4.009618759155273,4.585000038146973,4.599999904632568,4.541999816894531,4.553999900817871,151715
2026-06-03,3.9781363010406494,4.548999786376953,4.61299991607666,4.548999786376953,4.572999954223633,230387
2026-06-04,3.9300384521484375,4.49399995803833,4.578000068664551,4.48799991607666,4.53000020980835,377457
2026-06-05,3.88281512260437,4.440000057220459,4.48799991607666,4.406000137329102,4.47599983215332,254985
2026-06-08,3.940532684326172,4.50600004196167,4.5269999504089355,4.425000190734863,4.425000190734863,223511
2026-06-09,3.9580228328704834,4.526000022888184,4.548999786376953,4.488999843597412,4.505000114440918,47176
2026-06-10,3.9632699489593506,4.5320000648498535,4.563000202178955,4.489999771118164,4.519999980926514,135286
2026-06-11,4.04722261428833,4.627999782562256,4.63100004196167,4.559999942779541,4.559999942779541,200640
2026-06-12,4.139045715332031,4.732999801635742,4.732999801635742,4.624000072479248,4.642000198364258,391873
2026-06-15,3.988630533218384,4.560999870300293,4.690000057220459,4.552000045776367,4.690000057220459,215119
2026-06-16,3.94403076171875,4.510000228881836,4.574999809265137,4.508999824523926,4.563000202178955,168871
2026-06-17,3.9151721000671387,4.4770002365112305,4.510000228881836,4.410999774932861,4.5,403800
2026-06-18,3.8618268966674805,4.415999889373779,4.4720001220703125,4.414999961853027,4.454999923706055,713451
2026-06-22,3.9020540714263916,4.461999893188477,4.499000072479248,4.414000034332275,4.478000164031982,228141
2026-06-23,3.897681474685669,4.456999778747559,4.47599983215332,4.426000118255615,4.461999893188477,114694
2026-06-24,3.8504581451416016,4.4029998779296875,4.446000099182129,4.386000156402588,4.442999839782715,263192
2026-06-25,3.8268465995788574,4.375999927520752,4.415999889373779,4.374000072479248,4.409999847412109,174210
2026-06-26,3.8373405933380127,4.388000011444092,4.429999828338623,4.375999927520752,4.375999927520752,93088
2026-06-29,3.8006114959716797,4.3460001945495605,4.389999866485596,4.327000141143799,4.388000011444092,106260
2026-06-30,3.728027105331421,4.263000011444092,4.377999782562256,4.255000114440918,4.3460001945495605,137722
2026-07-01,3.595102071762085,4.111000061035156,4.263999938964844,4.111000061035156,4.263999938964844,303828
2026-07-02,3.6064705848693848,4.124000072479248,4.164999961853027,4.098999977111816,4.111000061035156,137907
2026-07-03,3.6239607334136963,4.144000053405762,4.150000095367432,4.0929999351501465,4.123000144958496,156879
2026-07-06,3.5461294651031494,4.054999828338623,4.144000053405762,4.03000020980835,4.144000053405762,202281
2026-07-07,3.5566234588623047,4.066999912261963,4.111000061035156,4.045000076293945,4.045000076293945,105187
2026-07-08,3.580235242843628,4.093999862670898,4.114999771118164,4.048999786376953,4.058000087738037,110292
2026-07-09,3.576737403869629,4.090000152587891,4.093999862670898,4.057000160217285,4.0929999351501465,123962
2026-07-10,3.611717700958252,4.130000114440918,4.138999938964844,4.0980000495910645,4.0980000495910645,92014
2026-07-13,3.6729331016540527,4.199999809265137,4.21999979019165,4.129000186920166,4.129000186920166,105414
2026-07-14,3.7052900791168213,4.236999988555908,4.250999927520752,4.196000099182129,4.206999778747559,69923
2026-07-15,3.6528196334838867,4.177000045776367,4.234000205993652,4.172999858856201,4.234000205993652,93155
2026-07-16,3.580235242843628,4.093999862670898,4.177000045776367,4.045000076293945,4.177000045776367,190252
2026-07-17,3.659815549850464,4.184999942779541,4.210000038146973,4.089000225067139,4.113999843597412,265446
2026-07-20,3.5723648071289062,4.085000038146973,4.198999881744385,4.078999996185303,4.184999942779541,235223
2026-07-21,3.55400013923645,4.064000129699707,4.1020002365112305,4.045000076293945,4.085999965667725,167155
2026-07-22,4.056000232696533,4.056000232696533,4.068999767303467,4.014999866485596,4.039000034332275,94115
2026-07-23,4.01200008392334,4.01200008392334,4.065000057220459,4.005000114440918,4.040999889373779,167212
2026-07-24,4.0329999923706055,4.0329999923706055,4.053999900817871,3.999000072479248,4.008999824523926,124432
2026-07-27,4.070000171661377,4.070000171661377,4.084000110626221,4.006999969482422,4.041999816894531,392701
2026-07-28,4.132999897003174,4.132999897003174,4.144000053405762,4.070000171661377,4.072999954223633,219507
2026-07-29,4.10699987411499,4.10699987411499,4.1519999504089355,4.099999904632568,4.129000186920166,122217
2026-07-30,4.068999767303467,4.068999767303467,4.130000114440918,4.065000057220459,4.105999946594238,144169
2026-07-31,4.020999908447266,4.020999908447266,4.090000152587891,3.984999895095825,4.068999767303467,164929
2026-08-03,4.0320000648498535,4.0320000648498535,4.050000190734863,3.990000009536743,4.020999908447266,195773
2026-08-04,3.989000082015991,3.989000082015991,4.052999973297119,3.9860000610351562,4.02400016784668,94002
2026-08-05,3.937000036239624,3.937000036239624,4.001999855041504,3.9140000343322754,3.989000082015991,113244
2026-08-06,4.020999908447266,4.020999908447266,4.020999908447266,3.937000036239624,3.937000036239624,112628
2026-08-07,3.9739999771118164,3.9739999771118164,4.019999980926514,3.9690001010894775,4.013999938964844,122322
2026-08-10,3.890000104904175,3.890000104904175,3.9749999046325684,3.890000104904175,3.9690001010894775,165735
2026-08-11,3.921999931335449,3.921999931335449,3.930999994277954,3.9010000228881836,3.9010000228881836,63723
2026-08-12,3.9140000343322754,3.9140000343322754,3.934999942779541,3.9049999713897705,3.921999931335449,103292
2026-08-13,3.930999994277954,3.930999994277954,3.9549999237060547,3.9100000858306885,3.9140000343322754,97140
2026-08-14,3.9769999980926514,3.9769999980926514,3.98799991607666,3.9189999103546143,3.940000057220459,145696
2026-08-17,3.944999933242798,3.944999933242798,3.999000072479248,3.944000005722046,3.9839999675750732,75832
2026-08-18,3.9670000076293945,3.9670000076293945,3.9809999465942383,3.944000005722046,3.944000005722046,68078
2026-08-19,3.9639999866485596,3.9639999866485596,3.9800000190734863,3.953000068664551,3.9609999656677246,260059
2026-08-20,3.930999994277954,3.930999994277954,3.9719998836517334,3.930999994277954,3.9630000591278076,86416
2026-08-21,3.930000066757202,3.930000066757202,3.9670000076293945,3.930000066757202,3.946000099182129,71730
2026-08-24,3.937000036239624,3.937000036239624,3.9690001010894775,3.9019999504089355,3.950000047683716,124712
2026-08-25,3.9749999046325684,3.9749999046325684,3.99399995803833,3.933000087738037,3.937999963760376,180699
2026-08-26,3.937999963760376,3.937999963760376,3.984999895095825,3.936000108718872,3.9839999675750732,85248
2026-08-27,3.9230000972747803,3.9230000972747803,3.947000026702881,3.890000104904175,3.947000026702881,273352
2026-08-28,3.944000005722046,3.944000005722046,3.9560000896453857,3.9079999923706055,3.930999994277954,213723
2026-08-31,3.921999931335449,3.921999931335449,3.9590001106262207,3.921999931335449,3.940999984741211,514356
2026-09-01,3.9200000762939453,3.9200000762939453,3.9639999866485596,3.881999969482422,3.921999931335449,401831
2026-09-02,3.9730000495910645,3.9730000495910645,3.9830000400543213,3.9000000953674316,3.927000045776367,424194
2026-09-03,4.0,4.0,4.050000190734863,3.9749999046325684,3.9790000915527344,298929
2026-09-04,3.98799991607666,3.98799991607666,4.00600004196167,3.9570000171661377,4.00600004196167,219687
2026-09-08,4.021999835968018,4.021999835968018,4.043000221252441,3.990000009536743,4.004000186920166,152342
2026-09-09,3.996999979019165,3.996999979019165,4.061999797821045,3.996999979019165,4.021999835968018,169551
2026-09-10,4.040999889373779,4.040999889373779,4.066999912261963,4.02400016784668,4.02400016784668,130732
2026-09-11,4.046000003814697,4.046000003814697,4.105999946594238,4.046000003814697,4.050000190734863,110810
2026-09-14,4.138999938964844,4.138999938964844,4.170000076293945,4.065999984741211,4.065999984741211,227932
2026-09-15,4.163000106811523,4.163000106811523,4.182000160217285,4.122000217437744,4.130000114440918,117492
2026-09-16,4.228000164031982,4.228000164031982,4.243000030517578,4.1479997634887695,4.159999847412109,176484
