Price,Adj Close,Close,High,Low,Open,Volume
Ticker,TOIVO.HE,TOIVO.HE,TOIVO.HE,TOIVO.HE,TOIVO.HE,TOIVO.HE
Date,,,,,,
2021-06-11,2.467900514602661,2.546999931335449,2.799499988555908,2.309999942779541,2.310499906539917,401309
2021-06-14,2.4674160480499268,2.5464999675750732,2.5999999046325684,2.5464999675750732,2.549999952316284,114530
2021-06-15,2.499875545501709,2.5799999237060547,2.609999895095825,2.5464999675750732,2.546999931335449,38539
2021-06-16,2.4708073139190674,2.549999952316284,2.609999895095825,2.549999952316284,2.5999999046325684,25134
2021-06-17,2.4708073139190674,2.549999952316284,2.5899999141693115,2.549999952316284,2.5899999141693115,18575
2021-06-18,2.46111798286438,2.5399999618530273,2.5899999141693115,2.5399999618530273,2.5799999237060547,19834
2021-06-21,2.4901862144470215,2.569999933242798,2.5799999237060547,2.5199999809265137,2.559999942779541,14785
2021-06-22,2.4901862144470215,2.569999933242798,2.5999999046325684,2.450000047683716,2.5299999713897705,13653
2021-06-23,2.39329195022583,2.4700000286102295,2.569999933242798,2.2899999618530273,2.569999933242798,14909
2021-06-24,2.46111798286438,2.5399999618530273,2.549999952316284,2.4700000286102295,2.4700000286102295,5455
2021-06-28,2.46111798286438,2.5399999618530273,2.549999952316284,2.4800000190734863,2.549999952316284,9478
2021-06-29,2.39329195022583,2.4700000286102295,2.5199999809265137,2.4600000381469727,2.509999990463257,13278
2021-06-30,2.4029812812805176,2.4800000190734863,2.5299999713897705,2.4700000286102295,2.4700000286102295,17254
2021-07-01,2.4223601818084717,2.5,2.5199999809265137,2.4000000953674316,2.490000009536743,18849
2021-07-02,2.4223601818084717,2.5,2.5,2.450000047683716,2.5,17520
2021-07-05,2.4223601818084717,2.5,2.5399999618530273,2.4800000190734863,2.5399999618530273,24160
2021-07-06,2.412670850753784,2.490000009536743,2.5,2.4200000762939453,2.5,6443
2021-07-07,2.4029812812805176,2.4800000190734863,2.5,2.450000047683716,2.5,10528
2021-07-08,2.4223601818084717,2.5,2.5,2.4200000762939453,2.5,19078
2021-07-09,2.4223601818084717,2.5,2.5,2.3399999141693115,2.5,2370
2021-07-12,2.432049512863159,2.509999990463257,2.5999999046325684,2.450000047683716,2.5,20268
2021-07-13,2.4223601818084717,2.5,2.5199999809265137,2.4700000286102295,2.5199999809265137,2904
2021-07-14,2.441739082336426,2.5199999809265137,2.5299999713897705,2.5,2.5,5698
2021-07-15,2.519254446029663,2.5999999046325684,2.5999999046325684,2.5199999809265137,2.5199999809265137,18989
2021-07-16,2.519254446029663,2.5999999046325684,2.5999999046325684,2.5299999713897705,2.5999999046325684,5341
2021-07-19,2.5580124855041504,2.640000104904175,2.6500000953674316,2.5799999237060547,2.5999999046325684,12626
2021-07-20,2.5580124855041504,2.640000104904175,2.6500000953674316,2.549999952316284,2.609999895095825,7747
2021-07-21,2.499875545501709,2.5799999237060547,2.6500000953674316,2.5799999237060547,2.6500000953674316,5663
2021-07-22,2.567701816558838,2.6500000953674316,2.6500000953674316,2.5850000381469727,2.6500000953674316,12582
2021-07-23,2.562857151031494,2.6449999809265137,2.6500000953674316,2.6050000190734863,2.6500000953674316,5424
2021-07-26,2.562857151031494,2.6449999809265137,2.6500000953674316,2.5999999046325684,2.6449999809265137,32899
2021-07-27,2.5580124855041504,2.640000104904175,2.6500000953674316,2.630000114440918,2.6449999809265137,24993
2021-07-28,2.713043451309204,2.799999952316284,2.799999952316284,2.6500000953674316,2.6500000953674316,25145
2021-07-29,2.99403715133667,3.0899999141693115,3.184999942779541,2.799999952316284,2.799999952316284,48411
2021-07-30,3.0085713863372803,3.1050000190734863,3.1500000953674316,3.049999952316284,3.0899999141693115,29673
2021-08-02,3.1490683555603027,3.25,3.3450000286102295,3.1050000190734863,3.1050000190734863,44026
2021-08-03,3.275031089782715,3.380000114440918,3.4000000953674316,3.305000066757202,3.380000114440918,66739
2021-08-04,3.294409990310669,3.4000000953674316,3.5,3.4000000953674316,3.4600000381469727,30570
2021-08-05,3.1490683555603027,3.25,3.549999952316284,2.990000009536743,3.549999952316284,27606
2021-08-06,3.14422345161438,3.244999885559082,3.4000000953674316,3.005000114440918,3.4000000953674316,18069
2021-08-09,2.887453317642212,2.9800000190734863,3.2750000953674316,2.805000066757202,3.244999885559082,61117
2021-08-10,2.9649689197540283,3.059999942779541,3.0899999141693115,2.9800000190734863,2.9800000190734863,26988
2021-08-11,2.9552793502807617,3.049999952316284,3.2950000762939453,2.990000009536743,3.059999942779541,39933
2021-08-12,2.8971428871154785,2.990000009536743,3.059999942779541,2.9000000953674316,3.059999942779541,24892
2021-08-13,2.9552793502807617,3.049999952316284,3.0999999046325684,2.8949999809265137,2.990000009536743,78613
2021-08-16,3.0521738529205322,3.1500000953674316,3.234999895095825,3.059999942779541,3.0999999046325684,26725
2021-08-17,3.0521738529205322,3.1500000953674316,3.2300000190734863,3.1449999809265137,3.1500000953674316,27238
2021-08-18,3.0037264823913574,3.0999999046325684,3.1500000953674316,3.009999990463257,3.1500000953674316,48968
2021-08-19,2.9601242542266846,3.055000066757202,3.200000047683716,3.049999952316284,3.200000047683716,56246
2021-08-20,2.9988818168640137,3.0950000286102295,3.1449999809265137,3.0399999618530273,3.0399999618530273,51901
2021-08-23,2.9649689197540283,3.059999942779541,3.0999999046325684,3.0399999618530273,3.0950000286102295,20007
2021-08-24,2.901987314224243,2.994999885559082,3.0999999046325684,2.9549999237060547,3.0350000858306885,30231
2021-08-25,3.0037264823913574,3.0999999046325684,3.1500000953674316,2.994999885559082,2.994999885559082,8162
2021-08-26,2.9988818168640137,3.0950000286102295,3.0999999046325684,3.049999952316284,3.0899999141693115,8550
2021-08-27,2.99403715133667,3.0899999141693115,3.1500000953674316,3.055000066757202,3.1500000953674316,20622
2021-08-30,3.0037264823913574,3.0999999046325684,3.2100000381469727,3.009999990463257,3.0950000286102295,11524
2021-08-31,3.0473291873931885,3.1449999809265137,3.200000047683716,3.005000114440918,3.180000066757202,10297
2021-09-01,2.989192485809326,3.0850000381469727,3.1700000762939453,3.055000066757202,3.1700000762939453,4664
2021-09-02,2.989192485809326,3.0850000381469727,3.140000104904175,3.0850000381469727,3.119999885559082,3375
2021-09-03,3.0424845218658447,3.140000104904175,3.140000104904175,3.049999952316284,3.049999952316284,6519
2021-09-06,3.0667078495025635,3.1649999618530273,3.200000047683716,3.1600000858306885,3.1600000858306885,61204
2021-09-07,3.0424845218658447,3.140000104904175,3.2899999618530273,3.119999885559082,3.234999895095825,18893
2021-09-08,2.945590019226074,3.0399999618530273,3.1050000190734863,3.0399999618530273,3.0999999046325684,8622
2021-09-09,2.906832218170166,3.0,3.005000114440918,2.994999885559082,3.0,18629
2021-09-10,2.8583850860595703,2.950000047683716,3.0,2.9200000762939453,2.9200000762939453,9266
2021-09-13,2.906832218170166,3.0,3.0,2.934999942779541,3.0,14273
2021-09-14,2.839006185531616,2.930000066757202,3.0999999046325684,2.880000114440918,3.0199999809265137,17963
2021-09-15,2.7421116828918457,2.8299999237060547,2.9549999237060547,2.690000057220459,2.9549999237060547,42613
2021-09-16,2.7711799144744873,2.859999895095825,2.869999885559082,2.8299999237060547,2.8299999237060547,21618
2021-09-17,2.713043451309204,2.799999952316284,2.859999895095825,2.799999952316284,2.859999895095825,16577
2021-09-20,2.5773913860321045,2.6600000858306885,2.8350000381469727,2.5350000858306885,2.8350000381469727,28377
2021-09-21,2.538633346557617,2.619999885559082,2.700000047683716,2.490000009536743,2.6600000858306885,64425
2021-09-22,2.5967702865600586,2.680000066757202,2.694999933242798,2.5999999046325684,2.5999999046325684,41237
2021-09-23,2.6645960807800293,2.75,2.75,2.7100000381469727,2.75,18334
2021-09-24,2.674285650253296,2.759999990463257,2.759999990463257,2.5999999046325684,2.75,11603
2021-09-27,2.713043451309204,2.799999952316284,2.950000047683716,2.799999952316284,2.799999952316284,8397
2021-09-28,2.5095651149749756,2.5899999141693115,2.8550000190734863,2.4549999237060547,2.8499999046325684,49383
2021-09-29,2.5289440155029297,2.609999895095825,2.690000057220459,2.559999942779541,2.6549999713897705,55501
2021-09-30,2.5773913860321045,2.6600000858306885,2.684999942779541,2.5999999046325684,2.684999942779541,6917
2021-10-01,2.6791305541992188,2.765000104904175,2.8499999046325684,2.680000066757202,2.680000066757202,20887
2021-10-04,2.654906749725342,2.740000009536743,2.759999990463257,2.6549999713897705,2.759999990463257,9357
2021-10-05,2.567701816558838,2.6500000953674316,2.75,2.609999895095825,2.75,12997
2021-10-06,2.61130428314209,2.694999933242798,2.694999933242798,2.5999999046325684,2.6500000953674316,33502
2021-10-07,2.61130428314209,2.694999933242798,2.734999895095825,2.630000114440918,2.700000047683716,2119
2021-10-08,2.6452174186706543,2.7300000190734863,2.744999885559082,2.694999933242798,2.700000047683716,2306
2021-10-11,2.6452174186706543,2.7300000190734863,2.75,2.7300000190734863,2.75,5089
2021-10-12,2.756645917892456,2.8450000286102295,2.944999933242798,2.744999885559082,2.744999885559082,15497
2021-10-13,2.5773913860321045,2.6600000858306885,2.8399999141693115,2.6600000858306885,2.8399999141693115,8413
2021-10-14,2.69366455078125,2.7799999713897705,2.9149999618530273,2.680000066757202,2.7899999618530273,7342
2021-10-15,2.8147826194763184,2.9049999713897705,2.934999942779541,2.7950000762939453,2.799999952316284,42956
2021-10-18,2.911677122116089,3.005000114440918,3.3949999809265137,2.9100000858306885,2.940000057220459,12494
2021-10-19,2.9988818168640137,3.0950000286102295,3.140000104904175,2.805000066757202,3.0,5477
2021-10-20,2.9552793502807617,3.049999952316284,3.0950000286102295,2.990000009536743,3.075000047683716,6835
2021-10-21,2.989192485809326,3.0850000381469727,3.25,3.0399999618530273,3.049999952316284,22652
2021-10-22,2.9649689197540283,3.059999942779541,3.119999885559082,3.049999952316284,3.0899999141693115,10035
2021-10-25,2.9843475818634033,3.0799999237060547,3.0999999046325684,3.0799999237060547,3.0999999046325684,7411
2021-10-26,2.901987314224243,2.994999885559082,3.0799999237060547,2.994999885559082,3.0799999237060547,4168
2021-10-27,2.906832218170166,3.0,3.0850000381469727,2.9049999713897705,2.9049999713897705,3649
2021-10-28,2.989192485809326,3.0850000381469727,3.0950000286102295,3.0,3.0,2079
2021-10-29,2.969813585281372,3.065000057220459,3.0799999237060547,3.0,3.059999942779541,2103
2021-11-01,2.8583850860595703,2.950000047683716,3.059999942779541,2.950000047683716,3.055000066757202,6092
2021-11-02,2.99403715133667,3.0899999141693115,3.0950000286102295,2.7699999809265137,3.005000114440918,16971
2021-11-03,2.887453317642212,2.9800000190734863,3.0799999237060547,2.9800000190734863,3.0799999237060547,1927
2021-11-04,2.9649689197540283,3.059999942779541,3.059999942779541,2.9000000953674316,2.9800000190734863,7055
2021-11-05,2.931056022644043,3.0250000953674316,3.0399999618530273,2.884999990463257,3.0399999618530273,9204
2021-11-08,2.9407453536987305,3.0350000858306885,3.049999952316284,2.9049999713897705,3.049999952316284,19902
2021-11-09,2.99403715133667,3.0899999141693115,3.2899999618530273,2.950000047683716,3.0299999713897705,32624
2021-11-10,3.0424845218658447,3.140000104904175,3.2850000858306885,3.0899999141693115,3.0999999046325684,42976
2021-11-11,2.945590019226074,3.0399999618530273,3.140000104904175,3.0,3.140000104904175,5768
2021-11-12,2.9213664531707764,3.015000104904175,3.140000104904175,3.015000104904175,3.0999999046325684,2951
2021-11-15,2.868074417114258,2.9600000381469727,3.049999952316284,2.9149999618530273,2.9149999618530273,9691
2021-11-16,2.8486955165863037,2.940000057220459,3.0450000762939453,2.9200000762939453,3.0,11287
2021-11-17,2.800248384475708,2.890000104904175,2.9600000381469727,2.819999933242798,2.8949999809265137,7862
2021-11-18,2.7711799144744873,2.859999895095825,2.8949999809265137,2.799999952316284,2.8949999809265137,6197
2021-11-19,2.8777639865875244,2.9700000286102295,2.994999885559082,2.869999885559082,2.869999885559082,1760
2021-11-22,2.839006185531616,2.930000066757202,2.9800000190734863,2.8550000190734863,2.9800000190734863,4844
2021-11-23,2.8293168544769287,2.9200000762939453,2.944999933242798,2.9000000953674316,2.9149999618530273,1951
2021-11-24,2.824471950531006,2.9149999618530273,2.9149999618530273,2.8299999237060547,2.8399999141693115,3574
2021-11-25,2.7614905834198,2.8499999046325684,2.9200000762939453,2.7950000762939453,2.9200000762939453,8697
2021-11-26,2.882608413696289,2.9749999046325684,2.9800000190734863,2.6600000858306885,2.8499999046325684,24126
2021-11-29,2.77602481842041,2.865000009536743,2.9549999237060547,2.7149999141693115,2.9549999237060547,16273
2021-11-30,2.717888116836548,2.805000066757202,2.859999895095825,2.755000114440918,2.859999895095825,14890
2021-12-01,2.8099379539489746,2.9000000953674316,2.9000000953674316,2.690000057220459,2.9000000953674316,18112
2021-12-02,2.6403725147247314,2.7249999046325684,2.884999990463257,2.690000057220459,2.884999990463257,12623
2021-12-03,2.6403725147247314,2.7249999046325684,2.7799999713897705,2.7249999046325684,2.7799999713897705,6496
2021-12-07,2.7081987857818604,2.7950000762939453,2.8949999809265137,2.7300000190734863,2.7300000190734863,1943
2021-12-08,2.6161489486694336,2.700000047683716,2.7899999618530273,2.700000047683716,2.75,30954
2021-12-09,2.61130428314209,2.694999933242798,2.7899999618530273,2.609999895095825,2.75,38180
2021-12-10,2.713043451309204,2.799999952316284,2.8399999141693115,2.700000047683716,2.7200000286102295,5999
2021-12-13,2.61130428314209,2.694999933242798,2.8499999046325684,2.6500000953674316,2.825000047683716,6817
2021-12-14,2.6161489486694336,2.700000047683716,2.884999990463257,2.6600000858306885,2.700000047683716,19104
2021-12-15,2.606459617614746,2.690000057220459,2.700000047683716,2.690000057220459,2.700000047683716,9543
2021-12-16,2.7033538818359375,2.7899999618530273,2.7950000762939453,2.690000057220459,2.690000057220459,2149
2021-12-17,2.69366455078125,2.7799999713897705,2.9049999713897705,2.7799999713897705,2.7799999713897705,14196
2021-12-20,2.7033538818359375,2.7899999618530273,3.0,2.7100000381469727,2.799999952316284,10157
2021-12-21,2.7663352489471436,2.8550000190734863,2.9749999046325684,2.7899999618530273,2.799999952316284,1837
2021-12-22,2.7081987857818604,2.7950000762939453,2.8949999809265137,2.7249999046325684,2.884999990463257,8537
2021-12-23,2.732422113418579,2.819999933242798,2.930000066757202,2.7200000286102295,2.7950000762939453,12901
2021-12-27,2.8147826194763184,2.9049999713897705,2.9800000190734863,2.805000066757202,2.930000066757202,11988
2021-12-28,2.8583850860595703,2.950000047683716,2.950000047683716,2.7899999618530273,2.9000000953674316,6389
2021-12-29,2.8583850860595703,2.950000047683716,2.9549999237060547,2.950000047683716,2.9549999237060547,1028
2021-12-30,2.824471950531006,2.9149999618530273,2.990000009536743,2.8450000286102295,2.990000009536743,9635
2022-01-03,2.7275776863098145,2.815000057220459,2.9200000762939453,2.765000104904175,2.9200000762939453,13689
2022-01-04,2.7663352489471436,2.8550000190734863,2.8949999809265137,2.759999990463257,2.8949999809265137,4692
2022-01-05,2.7081987857818604,2.7950000762939453,2.880000114440918,2.7300000190734863,2.7799999713897705,4080
2022-01-07,2.717888116836548,2.805000066757202,2.825000047683716,2.765000104904175,2.799999952316284,6845
2022-01-10,2.6888198852539062,2.7750000953674316,2.869999885559082,2.7100000381469727,2.869999885559082,5036
2022-01-11,2.7081987857818604,2.7950000762939453,2.809999942779541,2.734999895095825,2.809999942779541,3477
2022-01-12,2.7081987857818604,2.7950000762939453,2.805000066757202,2.75,2.7950000762939453,5206
2022-01-13,2.654906749725342,2.740000009536743,2.7950000762939453,2.740000009536743,2.7950000762939453,1421
2022-01-14,2.756645917892456,2.8450000286102295,2.859999895095825,2.744999885559082,2.7899999618530273,18955
2022-01-17,2.7614905834198,2.8499999046325684,2.890000104904175,2.8450000286102295,2.859999895095825,5110
2022-01-18,2.713043451309204,2.799999952316284,2.869999885559082,2.799999952316284,2.869999885559082,2234
2022-01-19,2.6985092163085938,2.7850000858306885,2.8499999046325684,2.7850000858306885,2.8499999046325684,11227
2022-01-20,2.717888116836548,2.805000066757202,2.8499999046325684,2.805000066757202,2.8499999046325684,13977
2022-01-21,2.6209936141967773,2.7049999237060547,2.799999952316284,2.680000066757202,2.799999952316284,27181
2022-01-24,2.441739082336426,2.5199999809265137,2.7850000858306885,2.515000104904175,2.7850000858306885,48750
2022-01-25,2.6161489486694336,2.700000047683716,2.799999952316284,2.6050000190734863,2.6050000190734863,18455
2022-01-26,2.713043451309204,2.799999952316284,2.799999952316284,2.6500000953674316,2.700000047683716,21391
2022-01-27,2.6597514152526855,2.744999885559082,2.799999952316284,2.744999885559082,2.799999952316284,15478
2022-01-28,2.669440984725952,2.755000114440918,2.759999990463257,2.700000047683716,2.759999990463257,4822
2022-01-31,2.6645960807800293,2.75,2.865000009536743,2.75,2.759999990463257,1556
2022-02-01,2.6645960807800293,2.75,2.75,2.5950000286102295,2.75,29129
2022-02-02,2.6645960807800293,2.75,2.75,2.700000047683716,2.75,2545
2022-02-03,2.669440984725952,2.755000114440918,2.8299999237060547,2.75,2.75,2478
2022-02-04,2.61130428314209,2.694999933242798,2.799999952316284,2.694999933242798,2.799999952316284,3279
2022-02-07,2.6016147136688232,2.684999942779541,2.75,2.6050000190734863,2.75,16922
2022-02-08,2.567701816558838,2.6500000953674316,2.7049999237060547,2.5999999046325684,2.7049999237060547,24218
2022-02-09,2.6161489486694336,2.700000047683716,2.700000047683716,2.6500000953674316,2.6500000953674316,1350
2022-02-10,2.5531675815582275,2.634999990463257,2.75,2.634999990463257,2.700000047683716,11713
2022-02-11,2.6452174186706543,2.7300000190734863,2.75,2.6050000190734863,2.680000066757202,6836
2022-02-14,2.6645960807800293,2.75,2.75,2.630000114440918,2.690000057220459,7128
2022-02-15,2.7614905834198,2.8499999046325684,2.8499999046325684,2.75,2.75,31230
2022-02-16,2.674285650253296,2.759999990463257,2.819999933242798,2.680000066757202,2.7750000953674316,6433
2022-02-17,2.6161489486694336,2.700000047683716,2.759999990463257,2.700000047683716,2.75,9983
2022-02-18,2.717888116836548,2.805000066757202,2.8499999046325684,2.765000104904175,2.819999933242798,37363
2022-02-21,2.6258385181427,2.7100000381469727,2.799999952316284,2.700000047683716,2.7950000762939453,17233
2022-02-22,2.61130428314209,2.694999933242798,2.765000104904175,2.609999895095825,2.680000066757202,10709
2022-02-23,2.6161489486694336,2.700000047683716,2.755000114440918,2.6449999809265137,2.734999895095825,3983
2022-02-24,2.519254446029663,2.5999999046325684,2.674999952316284,2.5350000858306885,2.674999952316284,18094
2022-02-25,2.5580124855041504,2.640000104904175,2.744999885559082,2.619999885559082,2.6500000953674316,3134
2022-02-28,2.519254446029663,2.5999999046325684,2.700000047683716,2.509999990463257,2.700000047683716,6306
2022-03-01,2.5289440155029297,2.609999895095825,2.619999885559082,2.5999999046325684,2.5999999046325684,3651
2022-03-02,2.5144097805023193,2.5950000286102295,2.6449999809265137,2.5,2.5899999141693115,5702
2022-03-03,2.5289440155029297,2.609999895095825,2.700000047683716,2.5250000953674316,2.5950000286102295,1737
2022-03-04,2.354534149169922,2.430000066757202,2.6549999713897705,2.390000104904175,2.6549999713897705,59856
2022-03-07,2.223726749420166,2.2950000762939453,2.440000057220459,2.265000104904175,2.4049999713897705,27373
2022-03-08,2.286707878112793,2.359999895095825,2.4049999713897705,2.200000047683716,2.200000047683716,23504
2022-03-09,2.369068145751953,2.444999933242798,2.509999990463257,2.3450000286102295,2.3499999046325684,19116
2022-03-10,2.4078259468078613,2.484999895095825,2.515000104904175,2.4100000858306885,2.434999942779541,11237
2022-03-11,2.412670850753784,2.490000009536743,2.490000009536743,2.4149999618530273,2.450000047683716,12168
2022-03-14,2.582235813140869,2.6649999618530273,2.684999942779541,2.3949999809265137,2.484999895095825,23395
2022-03-15,2.567701816558838,2.6500000953674316,2.799999952316284,2.5999999046325684,2.6549999713897705,3329
2022-03-16,2.548322916030884,2.630000114440918,2.7850000858306885,2.619999885559082,2.700000047683716,5192
2022-03-17,2.5289440155029297,2.609999895095825,2.7049999237060547,2.5,2.700000047683716,12993
2022-03-18,2.587080717086792,2.6700000762939453,2.700000047683716,2.5,2.609999895095825,10842
2022-03-21,2.6161489486694336,2.700000047683716,2.799999952316284,2.6500000953674316,2.799999952316284,6372
2022-03-22,2.5531675815582275,2.634999990463257,2.7300000190734863,2.5999999046325684,2.5999999046325684,2921
2022-03-23,2.519254446029663,2.5999999046325684,2.6600000858306885,2.5,2.630000114440918,30571
2022-03-24,2.4514284133911133,2.5299999713897705,2.6449999809265137,2.505000114440918,2.505000114440918,7134
2022-03-25,2.4756522178649902,2.555000066757202,2.630000114440918,2.5350000858306885,2.5350000858306885,3082
2022-03-28,2.5144097805023193,2.5950000286102295,2.5950000286102295,2.549999952316284,2.549999952316284,264
2022-03-29,2.567701816558838,2.6500000953674316,2.700000047683716,2.5899999141693115,2.5950000286102295,19972
2022-03-30,2.587080717086792,2.6700000762939453,2.75,2.5950000286102295,2.6500000953674316,34895
2022-03-31,2.519254446029663,2.5999999046325684,2.6600000858306885,2.569999933242798,2.6600000858306885,19218
2022-04-01,2.567701816558838,2.6500000953674316,2.6600000858306885,2.609999895095825,2.6500000953674316,3184
2022-04-04,2.567701816558838,2.6500000953674316,2.6500000953674316,2.5399999618530273,2.559999942779541,13097
2022-04-05,2.5580124855041504,2.640000104904175,2.6600000858306885,2.609999895095825,2.6500000953674316,2756
2022-04-06,2.519254446029663,2.5999999046325684,2.6500000953674316,2.5999999046325684,2.6500000953674316,4554
2022-04-07,2.4708073139190674,2.549999952316284,2.6500000953674316,2.549999952316284,2.5899999141693115,2246
2022-04-08,2.5095651149749756,2.5899999141693115,2.630000114440918,2.569999933242798,2.630000114440918,2675
2022-04-11,2.519254446029663,2.5999999046325684,2.6700000762939453,2.5799999237060547,2.6700000762939453,3823
2022-04-12,2.519254446029663,2.5999999046325684,2.619999885559082,2.549999952316284,2.609999895095825,5966
2022-04-13,2.5095651149749756,2.5899999141693115,2.5999999046325684,2.430000066757202,2.5999999046325684,2779
2022-04-14,2.499875545501709,2.5799999237060547,2.5899999141693115,2.569999933242798,2.5899999141693115,2136
2022-04-19,2.4708073139190674,2.549999952316284,2.5799999237060547,2.549999952316284,2.5799999237060547,1848
2022-04-20,2.4708073139190674,2.549999952316284,2.549999952316284,2.5,2.5,2468
2022-04-21,2.432049512863159,2.509999990463257,2.5799999237060547,2.450000047683716,2.5799999237060547,8008
2022-04-22,2.4708073139190674,2.549999952316284,2.549999952316284,2.450000047683716,2.549999952316284,1251
2022-04-25,2.3836023807525635,2.4600000381469727,2.5199999809265137,2.380000114440918,2.5199999809265137,22392
2022-04-26,2.286707878112793,2.359999895095825,2.5,2.3499999046325684,2.5,23732
2022-04-27,2.286707878112793,2.359999895095825,2.4700000286102295,2.359999895095825,2.450000047683716,3618
2022-04-28,2.3448448181152344,2.4200000762939453,2.490000009536743,2.4000000953674316,2.4000000953674316,4145
2022-04-29,2.2963974475860596,2.369999885559082,2.490000009536743,2.359999895095825,2.450000047683716,16712
2022-05-02,2.286707878112793,2.359999895095825,2.4600000381469727,2.299999952316284,2.3499999046325684,14591
2022-05-03,2.199502944946289,2.2699999809265137,2.430000066757202,2.2300000190734863,2.3499999046325684,28966
2022-05-04,2.218881845474243,2.2899999618530273,2.4000000953674316,2.2799999713897705,2.3399999141693115,2215
2022-05-05,2.2770185470581055,2.3499999046325684,2.3499999046325684,2.2799999713897705,2.3399999141693115,6114
2022-05-06,2.2770185470581055,2.3499999046325684,2.4800000190734863,2.2699999809265137,2.3399999141693115,16387
2022-05-09,2.3157763481140137,2.390000104904175,2.4200000762939453,2.25,2.4200000762939453,1412
2022-05-10,2.4029812812805176,2.4800000190734863,2.4800000190734863,2.3499999046325684,2.3499999046325684,7180
2022-05-11,2.412670850753784,2.490000009536743,2.5999999046325684,2.440000057220459,2.5299999713897705,47903
2022-05-12,2.286707878112793,2.359999895095825,2.440000057220459,2.319999933242798,2.319999933242798,12326
2022-05-13,2.412670850753784,2.490000009536743,2.5,2.4200000762939453,2.4800000190734863,9360
2022-05-16,2.267328977584839,2.3399999141693115,2.490000009536743,2.3299999237060547,2.490000009536743,4443
2022-05-17,2.2770185470581055,2.3499999046325684,2.450000047683716,2.299999952316284,2.3499999046325684,19326
2022-05-18,2.3642234802246094,2.440000057220459,2.440000057220459,2.3399999141693115,2.3499999046325684,2471
2022-05-19,2.2770185470581055,2.3499999046325684,2.4000000953674316,2.3399999141693115,2.3399999141693115,5590
2022-05-20,2.2770185470581055,2.3499999046325684,2.4200000762939453,2.3499999046325684,2.4000000953674316,9320
2022-05-23,2.2285714149475098,2.299999952316284,2.390000104904175,2.299999952316284,2.390000104904175,546
2022-05-24,2.267328977584839,2.3399999141693115,2.369999885559082,2.319999933242798,2.319999933242798,12697
2022-05-25,2.218881845474243,2.2899999618530273,2.369999885559082,2.259999990463257,2.369999885559082,8912
2022-05-27,2.2285714149475098,2.299999952316284,2.4000000953674316,2.25,2.3499999046325684,7614
2022-05-30,2.180124282836914,2.25,2.4000000953674316,2.25,2.4000000953674316,24409
2022-05-31,2.218881845474243,2.2899999618530273,2.450000047683716,2.2899999618530273,2.450000047683716,389
2022-06-01,2.2285714149475098,2.299999952316284,2.390000104904175,2.299999952316284,2.359999895095825,4756
2022-06-02,2.2285714149475098,2.299999952316284,2.369999885559082,2.2899999618530273,2.369999885559082,551
2022-06-03,2.2285714149475098,2.299999952316284,2.3299999237060547,2.299999952316284,2.309999942779541,3800
2022-06-06,2.2285714149475098,2.299999952316284,2.3399999141693115,2.2799999713897705,2.3399999141693115,5840
2022-06-07,2.2285714149475098,2.299999952316284,2.3299999237060547,2.299999952316284,2.3299999237060547,1785
2022-06-08,2.2285714149475098,2.299999952316284,2.359999895095825,2.299999952316284,2.3299999237060547,1655
2022-06-09,2.2091925144195557,2.2799999713897705,2.4000000953674316,2.2799999713897705,2.299999952316284,10106
2022-06-10,2.2285714149475098,2.299999952316284,2.299999952316284,2.240000009536743,2.299999952316284,3839
2022-06-13,2.141366481781006,2.2100000381469727,2.450000047683716,2.109999895095825,2.450000047683716,13007
2022-06-14,2.2479500770568848,2.319999933242798,2.319999933242798,2.1500000953674316,2.2100000381469727,4093
2022-06-15,2.267328977584839,2.3399999141693115,2.3499999046325684,2.1500000953674316,2.1500000953674316,1665
2022-06-16,2.1026086807250977,2.1700000762939453,2.3399999141693115,2.1600000858306885,2.3399999141693115,1985
2022-06-17,2.180124282836914,2.25,2.3399999141693115,2.049999952316284,2.0899999141693115,28632
2022-06-20,2.1316769123077393,2.200000047683716,2.299999952316284,2.119999885559082,2.299999952316284,1191
2022-06-21,2.073540449142456,2.140000104904175,2.200000047683716,2.109999895095825,2.1700000762939453,1502
2022-06-22,2.0832297801971436,2.1500000953674316,2.180000066757202,2.109999895095825,2.1500000953674316,2533
2022-06-23,2.09291934967041,2.1600000858306885,2.180000066757202,2.0899999141693115,2.1500000953674316,31412
2022-06-27,2.1510558128356934,2.2200000286102295,2.2899999618530273,2.200000047683716,2.2899999618530273,561
2022-06-28,2.0250930786132812,2.0899999141693115,2.190000057220459,2.0299999713897705,2.0999999046325684,14117
2022-06-29,2.0638508796691895,2.130000114440918,2.140000104904175,2.059999942779541,2.119999885559082,10002
2022-06-30,2.0154035091400146,2.0799999237060547,2.119999885559082,2.0399999618530273,2.119999885559082,6078
2022-07-01,1.9572670459747314,2.0199999809265137,2.0799999237060547,2.0199999809265137,2.0799999237060547,33596
2022-07-04,1.9572670459747314,2.0199999809265137,2.0799999237060547,1.899999976158142,2.0199999809265137,19791
2022-07-05,1.986335277557373,2.049999952316284,2.059999942779541,1.9600000381469727,1.9950000047683716,5605
2022-07-06,2.0250930786132812,2.0899999141693115,2.0999999046325684,2.0399999618530273,2.0799999237060547,8104
2022-07-07,2.073540449142456,2.140000104904175,2.140000104904175,2.049999952316284,2.0999999046325684,3106
2022-07-08,2.1316769123077393,2.200000047683716,2.2100000381469727,2.109999895095825,2.140000104904175,7720
2022-07-11,2.0832297801971436,2.1500000953674316,2.240000009536743,2.1500000953674316,2.240000009536743,4375
2022-07-12,2.1219875812530518,2.190000057220459,2.25,2.190000057220459,2.190000057220459,553
2022-07-13,2.1026086807250977,2.1700000762939453,2.180000066757202,2.109999895095825,2.109999895095825,1248
2022-07-14,2.0444719791412354,2.109999895095825,2.2300000190734863,2.109999895095825,2.109999895095825,69
2022-07-15,2.1316769123077393,2.200000047683716,2.200000047683716,2.190000057220459,2.190000057220459,7558
2022-07-18,2.1122982501983643,2.180000066757202,2.200000047683716,2.0799999237060547,2.200000047683716,14977
2022-07-19,1.99602472782135,2.059999942779541,2.1500000953674316,2.059999942779541,2.140000104904175,10016
2022-07-20,2.0444719791412354,2.109999895095825,2.1600000858306885,2.0999999046325684,2.1600000858306885,3219
2022-07-21,2.0444719791412354,2.109999895095825,2.109999895095825,2.0999999046325684,2.0999999046325684,1139
2022-07-22,2.0638508796691895,2.130000114440918,2.1600000858306885,2.0999999046325684,2.109999895095825,2916
2022-07-25,2.0444719791412354,2.109999895095825,2.1500000953674316,2.109999895095825,2.130000114440918,1079
2022-07-26,2.1219875812530518,2.190000057220459,2.2200000286102295,2.1500000953674316,2.1500000953674316,2264
2022-07-27,2.0832297801971436,2.1500000953674316,2.190000057220459,2.0999999046325684,2.190000057220459,105
2022-07-28,2.054161310195923,2.119999885559082,2.119999885559082,2.0999999046325684,2.119999885559082,2183
2022-07-29,2.1219875812530518,2.190000057220459,2.200000047683716,2.0999999046325684,2.119999885559082,4062
2022-08-01,2.1122982501983643,2.180000066757202,2.200000047683716,2.109999895095825,2.190000057220459,8823
2022-08-02,2.141366481781006,2.2100000381469727,2.2899999618530273,2.109999895095825,2.200000047683716,18644
2022-08-03,2.141366481781006,2.2100000381469727,2.2300000190734863,2.140000104904175,2.200000047683716,10131
2022-08-04,2.1316769123077393,2.200000047683716,2.2300000190734863,2.200000047683716,2.2300000190734863,4025
2022-08-05,2.1316769123077393,2.200000047683716,2.200000047683716,2.180000066757202,2.180000066757202,6000
2022-08-08,2.1316769123077393,2.200000047683716,2.2300000190734863,2.180000066757202,2.180000066757202,7092
2022-08-09,2.2285714149475098,2.299999952316284,2.380000114440918,2.180000066757202,2.2100000381469727,3299
2022-08-10,2.180124282836914,2.25,2.4800000190734863,2.2100000381469727,2.3499999046325684,24218
2022-08-11,2.1316769123077393,2.200000047683716,2.2899999618530273,2.130000114440918,2.200000047683716,21745
2022-08-12,2.1316769123077393,2.200000047683716,2.2799999713897705,2.1600000858306885,2.190000057220459,13964
2022-08-15,2.141366481781006,2.2100000381469727,2.2100000381469727,2.0999999046325684,2.200000047683716,12366
2022-08-16,2.1510558128356934,2.2200000286102295,2.2200000286102295,2.2100000381469727,2.2100000381469727,7287
2022-08-17,2.218881845474243,2.2899999618530273,2.2899999618530273,2.1600000858306885,2.2200000286102295,14566
2022-08-18,2.180124282836914,2.25,2.2899999618530273,2.25,2.2899999618530273,1876
2022-08-19,2.16074538230896,2.2300000190734863,2.25,2.2300000190734863,2.25,533
2022-08-22,2.1510558128356934,2.2200000286102295,2.2300000190734863,2.1500000953674316,2.2300000190734863,4976
2022-08-23,2.0347824096679688,2.0999999046325684,2.25,2.0999999046325684,2.180000066757202,3753
2022-08-24,2.054161310195923,2.119999885559082,2.190000057220459,2.0899999141693115,2.0899999141693115,7237
2022-08-25,2.005714178085327,2.069999933242798,2.2100000381469727,2.049999952316284,2.1500000953674316,7277
2022-08-26,2.0347824096679688,2.0999999046325684,2.1500000953674316,2.069999933242798,2.069999933242798,4742
2022-08-29,1.9572670459747314,2.0199999809265137,2.0999999046325684,1.9600000381469727,2.0999999046325684,25000
2022-08-30,1.9475775957107544,2.009999990463257,2.109999895095825,1.9550000429153442,2.0199999809265137,12749
2022-08-31,1.9572670459747314,2.0199999809265137,2.069999933242798,1.9600000381469727,1.9850000143051147,3358
2022-09-01,1.8942856788635254,1.9550000429153442,2.0899999141693115,1.9550000429153442,2.0899999141693115,14242
2022-09-02,1.9378881454467773,2.0,2.069999933242798,1.9900000095367432,2.069999933242798,2280
2022-09-05,2.005714178085327,2.069999933242798,2.069999933242798,1.899999976158142,2.0,10656
2022-09-06,1.8409937620162964,1.899999976158142,2.0,1.899999976158142,1.9800000190734863,12022
2022-09-07,1.7925465106964111,1.850000023841858,2.0199999809265137,1.850000023841858,1.9900000095367432,12710
2022-09-08,1.8313043117523193,1.8899999856948853,1.9600000381469727,1.8899999856948853,1.9600000381469727,3659
2022-09-09,1.7973912954330444,1.8550000190734863,1.934999942779541,1.7999999523162842,1.8949999809265137,15404
2022-09-12,1.976645827293396,2.0399999618530273,2.049999952316284,1.875,1.899999976158142,711
2022-09-13,1.8409937620162964,1.899999976158142,2.0399999618530273,1.8600000143051147,2.0399999618530273,9764
2022-09-14,1.8409937620162964,1.899999976158142,1.9800000190734863,1.899999976158142,1.899999976158142,5856
2022-09-15,1.860372543334961,1.9199999570846558,1.9199999570846558,1.899999976158142,1.899999976158142,1234
2022-09-16,1.8409937620162964,1.899999976158142,1.9199999570846558,1.8849999904632568,1.9199999570846558,1367
2022-09-19,1.836148977279663,1.8949999809265137,1.899999976158142,1.7999999523162842,1.899999976158142,19797
2022-09-20,1.7731677293777466,1.8300000429153442,1.8949999809265137,1.7999999523162842,1.8949999809265137,6174
2022-09-21,1.860372543334961,1.9199999570846558,1.9199999570846558,1.8200000524520874,1.8200000524520874,3451
2022-09-22,1.8022359609603882,1.8600000143051147,1.9149999618530273,1.8600000143051147,1.899999976158142,1905
2022-09-23,1.8022359609603882,1.8600000143051147,1.9199999570846558,1.7599999904632568,1.8650000095367432,7208
2022-09-26,1.8409937620162964,1.899999976158142,1.899999976158142,1.8600000143051147,1.8600000143051147,11806
2022-09-27,1.8022359609603882,1.8600000143051147,1.9199999570846558,1.8550000190734863,1.9199999570846558,3959
2022-09-28,1.860372543334961,1.9199999570846558,1.9199999570846558,1.7699999809265137,1.8450000286102295,2492
2022-09-29,1.7634782791137695,1.8200000524520874,1.9049999713897705,1.784999966621399,1.8799999952316284,14628
2022-09-30,1.7634782791137695,1.8200000524520874,1.8300000429153442,1.7999999523162842,1.8300000429153442,5463
2022-10-03,1.7440992593765259,1.7999999523162842,1.8300000429153442,1.7949999570846558,1.8200000524520874,6047
2022-10-04,1.7440992593765259,1.7999999523162842,1.8300000429153442,1.7400000095367432,1.8300000429153442,18236
2022-10-05,1.7440992593765259,1.7999999523162842,1.8300000429153442,1.7699999809265137,1.809999942779541,2511
2022-10-06,1.7586334943771362,1.815000057220459,1.8200000524520874,1.7699999809265137,1.7699999809265137,1795
2022-10-07,1.6956521272659302,1.75,1.815000057220459,1.75,1.815000057220459,8080
2022-10-10,1.7053415775299072,1.7599999904632568,1.7599999904632568,1.7200000286102295,1.7599999904632568,2505
2022-10-11,1.700496792793274,1.7549999952316284,1.7599999904632568,1.7200000286102295,1.7200000286102295,3080
2022-10-12,1.7053415775299072,1.7599999904632568,1.7599999904632568,1.7000000476837158,1.7599999904632568,1728
2022-10-13,1.7053415775299072,1.7599999904632568,1.7599999904632568,1.7599999904632568,1.7599999904632568,3643
2022-10-14,1.6568944454193115,1.7100000381469727,1.7549999952316284,1.6649999618530273,1.75,15042
2022-10-17,1.7053415775299072,1.7599999904632568,1.7599999904632568,1.600000023841858,1.7100000381469727,27027
2022-10-18,1.7247204780578613,1.7799999713897705,1.8300000429153442,1.7200000286102295,1.7200000286102295,6852
2022-10-19,1.7150310277938843,1.7699999809265137,1.7899999618530273,1.75,1.7899999618530273,2700
2022-10-20,1.7731677293777466,1.8300000429153442,1.8300000429153442,1.7599999904632568,1.7699999809265137,4173
2022-10-21,1.7440992593765259,1.7999999523162842,1.850000023841858,1.7100000381469727,1.850000023841858,5522
2022-10-24,1.6956521272659302,1.75,1.7999999523162842,1.7400000095367432,1.7999999523162842,1817
2022-10-25,1.6520496606826782,1.7050000429153442,1.7699999809265137,1.649999976158142,1.7300000190734863,11582
2022-10-26,1.710186243057251,1.7649999856948853,1.8300000429153442,1.649999976158142,1.75,14028
2022-10-27,1.666583776473999,1.7200000286102295,1.8550000190734863,1.7000000476837158,1.7999999523162842,8745
2022-10-28,1.7247204780578613,1.7799999713897705,1.815000057220459,1.7200000286102295,1.7200000286102295,756
2022-10-31,1.7925465106964111,1.850000023841858,1.8550000190734863,1.7899999618530273,1.850000023841858,13285
2022-11-01,1.7586334943771362,1.815000057220459,1.899999976158142,1.715000033378601,1.8350000381469727,5915
2022-11-02,1.7634782791137695,1.8200000524520874,1.8350000381469727,1.7949999570846558,1.815000057220459,2737
2022-11-03,1.8119254112243652,1.8700000047683716,1.9450000524520874,1.8200000524520874,1.9450000524520874,2783
2022-11-04,1.8749067783355713,1.934999942779541,1.9500000476837158,1.8700000047683716,1.899999976158142,38840
2022-11-07,1.8216148614883423,1.8799999952316284,1.9450000524520874,1.7899999618530273,1.934999942779541,6607
2022-11-08,1.8409937620162964,1.899999976158142,1.9199999570846558,1.809999942779541,1.8799999952316284,10619
2022-11-09,1.8313043117523193,1.8899999856948853,2.0,1.809999942779541,2.0,29520
2022-11-10,1.7247204780578613,1.7799999713897705,1.8450000286102295,1.649999976158142,1.8450000286102295,45533
2022-11-11,1.6568944454193115,1.7100000381469727,1.7899999618530273,1.7100000381469727,1.7899999618530273,6695
2022-11-14,1.6859626770019531,1.7400000095367432,1.784999966621399,1.6799999475479126,1.7450000047683716,16042
2022-11-15,1.676273226737976,1.7300000190734863,1.7300000190734863,1.684999942779541,1.7000000476837158,5450
2022-11-16,1.6520496606826782,1.7050000429153442,1.715000033378601,1.6649999618530273,1.6649999618530273,6644
2022-11-17,1.603602409362793,1.6549999713897705,1.7400000095367432,1.600000023841858,1.7050000429153442,19432
2022-11-18,1.569689393043518,1.6200000047683716,1.6299999952316284,1.6150000095367432,1.6200000047683716,26527
2022-11-21,1.6084470748901367,1.659999966621399,1.684999942779541,1.6200000047683716,1.625,4351
2022-11-22,1.5406211614608765,1.590000033378601,1.625,1.5750000476837158,1.6100000143051147,35885
2022-11-23,1.550310492515564,1.600000023841858,1.600000023841858,1.4950000047683716,1.5750000476837158,87576
2022-11-24,1.5018632411956787,1.5499999523162842,1.600000023841858,1.5149999856948853,1.600000023841858,11369
2022-11-25,1.46310555934906,1.5099999904632568,1.5499999523162842,1.5,1.5499999523162842,21868
2022-11-28,1.5018632411956787,1.5499999523162842,1.5499999523162842,1.440000057220459,1.475000023841858,26291
2022-11-29,1.453416109085083,1.5,1.5299999713897705,1.4600000381469727,1.5299999713897705,11727
2022-11-30,1.4388819932937622,1.4850000143051147,1.5,1.4550000429153442,1.5,7393
2022-12-01,1.419503092765808,1.465000033378601,1.4800000190734863,1.4299999475479126,1.4800000190734863,29793
2022-12-02,1.419503092765808,1.465000033378601,1.4850000143051147,1.4500000476837158,1.4700000286102295,33439
2022-12-05,1.400124192237854,1.4450000524520874,1.5099999904632568,1.4450000524520874,1.4900000095367432,10104
2022-12-07,1.4049689769744873,1.4500000476837158,1.4950000047683716,1.4500000476837158,1.4900000095367432,7648
2022-12-08,1.3807452917099,1.4249999523162842,1.4500000476837158,1.4249999523162842,1.4500000476837158,16156
2022-12-09,1.3662110567092896,1.409999966621399,1.4450000524520874,1.399999976158142,1.4249999523162842,25279
2022-12-12,1.337142825126648,1.3799999952316284,1.409999966621399,1.3300000429153442,1.409999966621399,29478
2022-12-13,1.3516769409179688,1.3949999809265137,1.3949999809265137,1.309999942779541,1.3849999904632568,75325
2022-12-14,1.3226087093353271,1.3650000095367432,1.3650000095367432,1.309999942779541,1.340000033378601,4975
2022-12-15,1.2644720077514648,1.3049999475479126,1.3650000095367432,1.2300000190734863,1.3650000095367432,35610
2022-12-16,1.2450931072235107,1.284999966621399,1.309999942779541,1.2599999904632568,1.2999999523162842,27226
2022-12-19,1.2111800909042358,1.25,1.3350000381469727,1.25,1.2799999713897705,30571
2022-12-20,1.2547825574874878,1.2949999570846558,1.3200000524520874,1.2799999713897705,1.2999999523162842,21949
2022-12-21,1.2644720077514648,1.3049999475479126,1.3049999475479126,1.274999976158142,1.2949999570846558,20942
2022-12-22,1.2547825574874878,1.2949999570846558,1.2999999523162842,1.2699999809265137,1.2949999570846558,33127
2022-12-23,1.240248441696167,1.2799999713897705,1.3799999952316284,1.2699999809265137,1.2949999570846558,11903
2022-12-27,1.2160247564315796,1.2549999952316284,1.284999966621399,1.225000023841858,1.284999966621399,62398
2022-12-28,1.220869541168213,1.2599999904632568,1.2999999523162842,1.2450000047683716,1.2949999570846558,22950
2022-12-29,1.1918011903762817,1.2300000190734863,1.2699999809265137,1.2200000286102295,1.2549999952316284,52768
2022-12-30,1.2547825574874878,1.2949999570846558,1.399999976158142,1.2200000286102295,1.2200000286102295,26731
2023-01-02,1.2354036569595337,1.274999976158142,1.3350000381469727,1.274999976158142,1.2949999570846558,9417
2023-01-03,1.2354036569595337,1.274999976158142,1.3250000476837158,1.25,1.274999976158142,14395
2023-01-04,1.220869541168213,1.2599999904632568,1.274999976158142,1.2350000143051147,1.274999976158142,2314
2023-01-05,1.2354036569595337,1.274999976158142,1.284999966621399,1.2450000047683716,1.2549999952316284,5896
2023-01-09,1.23055899143219,1.2699999809265137,1.309999942779541,1.25,1.25,68658
2023-01-10,1.2547825574874878,1.2949999570846558,1.2949999570846558,1.2799999713897705,1.2899999618530273,1768
2023-01-11,1.2596272230148315,1.2999999523162842,1.340000033378601,1.284999966621399,1.284999966621399,14001
2023-01-12,1.2547825574874878,1.2949999570846558,1.3250000476837158,1.2799999713897705,1.3049999475479126,29079
2023-01-13,1.3177639245986938,1.3600000143051147,1.3849999904632568,1.284999966621399,1.2999999523162842,19435
2023-01-16,1.2983851432800293,1.340000033378601,1.3600000143051147,1.309999942779541,1.3600000143051147,4004
2023-01-17,1.3177639245986938,1.3600000143051147,1.3899999856948853,1.340000033378601,1.3450000286102295,7096
2023-01-18,1.3177639245986938,1.3600000143051147,1.3650000095367432,1.3049999475479126,1.3600000143051147,13069
2023-01-19,1.293540358543396,1.3350000381469727,1.375,1.3200000524520874,1.3600000143051147,1742
2023-01-20,1.327453374862671,1.3700000047683716,1.3799999952316284,1.3600000143051147,1.375,6133
2023-01-23,1.3952795267105103,1.440000057220459,1.475000023841858,1.375,1.375,58811
2023-01-24,1.400124192237854,1.4450000524520874,1.4450000524520874,1.399999976158142,1.4450000524520874,8988
2023-01-25,1.3710558414459229,1.4149999618530273,1.465000033378601,1.4149999618530273,1.4450000524520874,4402
2023-01-26,1.346832275390625,1.3899999856948853,1.399999976158142,1.3799999952316284,1.399999976158142,8049
2023-01-27,1.3177639245986938,1.3600000143051147,1.3949999809265137,1.340000033378601,1.350000023841858,9375
2023-01-30,1.356521725654602,1.399999976158142,1.399999976158142,1.3450000286102295,1.3600000143051147,9357
2023-01-31,1.31291925907135,1.3550000190734863,1.399999976158142,1.3550000190734863,1.399999976158142,824
2023-02-01,1.2983851432800293,1.340000033378601,1.399999976158142,1.340000033378601,1.399999976158142,8889
2023-02-02,1.3226087093353271,1.3650000095367432,1.3949999809265137,1.3200000524520874,1.350000023841858,12139
2023-02-03,1.2790062427520752,1.3200000524520874,1.3650000095367432,1.3200000524520874,1.3650000095367432,2612
2023-02-06,1.337142825126648,1.3799999952316284,1.3849999904632568,1.3049999475479126,1.350000023841858,4432
2023-02-07,1.337142825126648,1.3799999952316284,1.3799999952316284,1.340000033378601,1.3799999952316284,2366
2023-02-08,1.3177639245986938,1.3600000143051147,1.3799999952316284,1.3200000524520874,1.3799999952316284,3444
2023-02-09,1.303229808807373,1.3450000286102295,1.3600000143051147,1.2999999523162842,1.3600000143051147,16826
2023-02-10,1.2644720077514648,1.3049999475479126,1.3450000286102295,1.2999999523162842,1.3450000286102295,17805
2023-02-13,1.3080744743347168,1.350000023841858,1.350000023841858,1.309999942779541,1.309999942779541,6413
2023-02-14,1.2644720077514648,1.3049999475479126,1.375,1.3049999475479126,1.375,2852
2023-02-15,1.2886956930160522,1.3300000429153442,1.3949999809265137,1.3200000524520874,1.3849999904632568,13608
2023-02-16,1.2983851432800293,1.340000033378601,1.399999976158142,1.3250000476837158,1.3899999856948853,5264
2023-02-17,1.2693166732788086,1.309999942779541,1.3700000047683716,1.309999942779541,1.340000033378601,48
2023-02-20,1.2886956930160522,1.3300000429153442,1.3550000190734863,1.3200000524520874,1.3200000524520874,14539
2023-02-21,1.3177639245986938,1.3600000143051147,1.3949999809265137,1.315000057220459,1.3949999809265137,13987
2023-02-22,1.3080744743347168,1.350000023841858,1.3600000143051147,1.350000023841858,1.3600000143051147,60
2023-02-23,1.3080744743347168,1.350000023841858,1.350000023841858,1.3250000476837158,1.3250000476837158,2200
2023-02-24,1.2983851432800293,1.340000033378601,1.350000023841858,1.309999942779541,1.350000023841858,1786
2023-02-27,1.3080744743347168,1.350000023841858,1.434999942779541,1.3250000476837158,1.340000033378601,13621
2023-02-28,1.3080744743347168,1.350000023841858,1.4199999570846558,1.309999942779541,1.3799999952316284,16557
2023-03-01,1.3080744743347168,1.350000023841858,1.3949999809265137,1.350000023841858,1.3550000190734863,4839
2023-03-02,1.2886956930160522,1.3300000429153442,1.3849999904632568,1.3300000429153442,1.3849999904632568,8363
2023-03-03,1.2790062427520752,1.3200000524520874,1.3200000524520874,1.315000057220459,1.3200000524520874,7752
2023-03-06,1.346832275390625,1.3899999856948853,1.3899999856948853,1.2999999523162842,1.3200000524520874,8750
2023-03-07,1.2596272230148315,1.2999999523162842,1.350000023841858,1.2899999618530273,1.350000023841858,14620
2023-03-08,1.2693166732788086,1.309999942779541,1.309999942779541,1.2799999713897705,1.2999999523162842,16394
2023-03-09,1.2014906406402588,1.2400000095367432,1.3450000286102295,1.2200000286102295,1.315000057220459,96289
2023-03-10,1.1918011903762817,1.2300000190734863,1.274999976158142,1.2000000476837158,1.274999976158142,11722
2023-03-13,1.196645975112915,1.2350000143051147,1.25,1.2000000476837158,1.25,11988
2023-03-14,1.1918011903762817,1.2300000190734863,1.2599999904632568,1.2000000476837158,1.25,4171
2023-03-15,1.1918011903762817,1.2300000190734863,1.2400000095367432,1.149999976158142,1.2000000476837158,2034
2023-03-16,1.1821117401123047,1.2200000286102295,1.2649999856948853,1.2200000286102295,1.2649999856948853,3114
2023-03-17,1.1627329587936401,1.2000000476837158,1.2649999856948853,1.2000000476837158,1.2200000286102295,23517
2023-03-20,1.1627329587936401,1.2000000476837158,1.2000000476837158,1.149999976158142,1.2000000476837158,2973
2023-03-21,1.1627329587936401,1.2000000476837158,1.2300000190734863,1.149999976158142,1.149999976158142,34572
2023-03-22,1.153043508529663,1.190000057220459,1.2350000143051147,1.1799999475479126,1.2350000143051147,3152
2023-03-23,1.1433539390563965,1.1799999475479126,1.190000057220459,1.149999976158142,1.190000057220459,13817
2023-03-24,1.1142857074737549,1.149999976158142,1.2300000190734863,1.1299999952316284,1.1299999952316284,5453
2023-03-27,1.1288198232650757,1.1649999618530273,1.190000057220459,1.1200000047683716,1.1699999570846558,4202
2023-03-28,1.153043508529663,1.190000057220459,1.1950000524520874,1.149999976158142,1.1549999713897705,2509
2023-03-29,1.153043508529663,1.190000057220459,1.2400000095367432,1.1200000047683716,1.1699999570846558,60482
2023-03-30,1.1821117401123047,1.2200000286102295,1.225000023841858,1.1799999475479126,1.2000000476837158,6980
2023-03-31,1.196645975112915,1.2350000143051147,1.2350000143051147,1.2200000286102295,1.2200000286102295,962
2023-04-03,1.153043508529663,1.190000057220459,1.2400000095367432,1.1299999952316284,1.2400000095367432,66141
2023-04-04,1.1336644887924194,1.1699999570846558,1.184999942779541,1.1399999856948853,1.184999942779541,19068
2023-04-05,1.1142857074737549,1.149999976158142,1.2000000476837158,1.1449999809265137,1.2000000476837158,6821
2023-04-06,1.1385092735290527,1.1749999523162842,1.2000000476837158,1.149999976158142,1.149999976158142,6559
2023-04-11,1.1142857074737549,1.149999976158142,1.2649999856948853,1.149999976158142,1.1699999570846558,2071
2023-04-12,1.1578881740570068,1.1950000524520874,1.225000023841858,1.159999966621399,1.159999966621399,2905
2023-04-13,1.1578881740570068,1.1950000524520874,1.2100000381469727,1.1549999713897705,1.1950000524520874,2751
2023-04-14,1.1578881740570068,1.1950000524520874,1.2000000476837158,1.1549999713897705,1.190000057220459,1250
2023-04-17,1.1578881740570068,1.1950000524520874,1.2000000476837158,1.1699999570846558,1.2000000476837158,29911
2023-04-18,1.1336644887924194,1.1699999570846558,1.2000000476837158,1.1699999570846558,1.1699999570846558,21402
2023-04-19,1.1433539390563965,1.1799999475479126,1.2000000476837158,1.1649999618530273,1.2000000476837158,3989
2023-04-20,1.1627329587936401,1.2000000476837158,1.2000000476837158,1.1699999570846558,1.1799999475479126,3666
2023-04-21,1.1142857074737549,1.149999976158142,1.2000000476837158,1.149999976158142,1.1649999618530273,15053
2023-04-24,1.1094409227371216,1.1449999809265137,1.1950000524520874,1.1449999809265137,1.1950000524520874,7527
2023-04-25,1.070683240890503,1.1050000190734863,1.149999976158142,1.1050000190734863,1.149999976158142,21953
2023-04-26,1.1239750385284424,1.159999966621399,1.1699999570846558,1.1050000190734863,1.1050000190734863,29080
2023-04-27,1.0755279064178467,1.1100000143051147,1.1549999713897705,1.1100000143051147,1.149999976158142,7985
2023-04-28,1.0852173566818237,1.1200000047683716,1.1549999713897705,1.1200000047683716,1.1299999952316284,3050
2023-05-02,1.0949068069458008,1.1299999952316284,1.1349999904632568,1.100000023841858,1.1299999952316284,5310
2023-05-03,1.0755279064178467,1.1100000143051147,1.1799999475479126,1.100000023841858,1.1649999618530273,7337
2023-05-04,1.0609937906265259,1.0950000286102295,1.1449999809265137,1.0950000286102295,1.1449999809265137,7320
2023-05-05,1.0852173566818237,1.1200000047683716,1.125,1.100000023841858,1.100000023841858,4904
2023-05-08,1.090062141418457,1.125,1.1549999713897705,1.1200000047683716,1.125,5659
2023-05-09,1.0852173566818237,1.1200000047683716,1.149999976158142,1.1200000047683716,1.1399999856948853,16566
2023-05-10,1.090062141418457,1.125,1.1399999856948853,1.1200000047683716,1.1399999856948853,5586
2023-05-11,1.0997514724731445,1.1349999904632568,1.1349999904632568,1.100000023841858,1.1299999952316284,11555
2023-05-12,1.0658384561538696,1.100000023841858,1.149999976158142,1.0499999523162842,1.100000023841858,92955
2023-05-15,1.0561491250991821,1.090000033378601,1.1399999856948853,1.0800000429153442,1.1399999856948853,20998
2023-05-16,1.0609937906265259,1.0950000286102295,1.1100000143051147,1.0750000476837158,1.100000023841858,26450
2023-05-17,1.0513043403625488,1.0850000381469727,1.125,1.059999942779541,1.059999942779541,15559
2023-05-19,1.0561491250991821,1.090000033378601,1.1399999856948853,1.0700000524520874,1.0850000381469727,17844
2023-05-22,1.046459674835205,1.0800000429153442,1.1299999952316284,1.059999942779541,1.090000033378601,113686
2023-05-23,1.0561491250991821,1.090000033378601,1.1299999952316284,1.0700000524520874,1.0800000429153442,19419
2023-05-24,1.08037269115448,1.1150000095367432,1.125,1.0800000429153442,1.090000033378601,4236
2023-05-25,1.0561491250991821,1.090000033378601,1.1100000143051147,1.0800000429153442,1.1100000143051147,21080
2023-05-26,1.046459674835205,1.0800000429153442,1.100000023841858,1.065000057220459,1.0700000524520874,19628
2023-05-29,1.0609937906265259,1.0950000286102295,1.0950000286102295,1.0549999475479126,1.0700000524520874,39999
2023-05-30,1.0609937906265259,1.0950000286102295,1.0950000286102295,1.059999942779541,1.059999942779541,8922
2023-05-31,1.0173912048339844,1.0499999523162842,1.090000033378601,1.0499999523162842,1.090000033378601,19277
2023-06-01,1.0125465393066406,1.0449999570846558,1.059999942779541,1.0299999713897705,1.0449999570846558,65095
2023-06-02,0.9737887978553772,1.0049999952316284,1.0399999618530273,1.0,1.034999966621399,75571
2023-06-05,1.0077017545700073,1.0399999618530273,1.0950000286102295,1.0099999904632568,1.0499999523162842,11980
2023-06-06,0.9786335229873657,1.0099999904632568,1.0399999618530273,1.0099999904632568,1.0399999618530273,4516
2023-06-07,0.988322913646698,1.0199999809265137,1.0800000429153442,1.0199999809265137,1.0800000429153442,12446
2023-06-08,0.9592546224594116,0.9900000095367432,1.059999942779541,0.9900000095367432,1.0199999809265137,39923
2023-06-09,0.9786335229873657,1.0099999904632568,1.0499999523162842,0.9300000071525574,0.9980000257492065,10169
2023-06-12,0.9689440727233887,1.0,1.0199999809265137,0.9700000286102295,1.0099999904632568,3353
2023-06-13,1.0173912048339844,1.0499999523162842,1.0499999523162842,0.9599999785423279,1.0199999809265137,12275
2023-06-14,0.998012363910675,1.0299999713897705,1.0499999523162842,1.0,1.0499999523162842,29401
2023-06-15,1.0028570890426636,1.034999966621399,1.065000057220459,1.0299999713897705,1.0399999618530273,20575
2023-06-16,0.9786335229873657,1.0099999904632568,1.0800000429153442,1.0099999904632568,1.0499999523162842,16163
2023-06-19,1.0319254398345947,1.065000057220459,1.0700000524520874,1.0049999952316284,1.0049999952316284,1384
2023-06-20,0.988322913646698,1.0199999809265137,1.090000033378601,1.0199999809265137,1.065000057220459,2135
2023-06-21,0.9592546224594116,0.9900000095367432,1.0399999618530273,0.9860000014305115,1.0399999618530273,6365
2023-06-22,0.9834782481193542,1.0149999856948853,1.0149999856948853,0.9300000071525574,0.9900000095367432,2050
2023-06-26,0.9534409642219543,0.984000027179718,0.9860000014305115,0.9559999704360962,0.9620000123977661,4882
2023-06-27,0.9592546224594116,0.9900000095367432,1.0149999856948853,0.984000027179718,0.984000027179718,1782
2023-06-28,0.9146832227706909,0.9440000057220459,1.0,0.9440000057220459,0.9800000190734863,632
2023-06-29,0.9398757815361023,0.9700000286102295,0.9800000190734863,0.9240000247955322,0.9800000190734863,4593
2023-06-30,0.9689440727233887,1.0,1.0,0.9300000071525574,0.9700000286102295,8016
2023-07-03,0.9631304144859314,0.9940000176429749,1.0199999809265137,0.9419999718666077,1.0,2667
2023-07-04,0.9495652318000793,0.9800000190734863,0.9940000176429749,0.9580000042915344,0.9800000190734863,56163
2023-07-05,0.9786335229873657,1.0099999904632568,1.0199999809265137,0.9779999852180481,0.984000027179718,11423
2023-07-06,0.9786335229873657,1.0099999904632568,1.0099999904632568,0.9599999785423279,1.0099999904632568,5263
2023-07-07,0.9204968810081482,0.949999988079071,1.0099999904632568,0.9319999814033508,1.0099999904632568,15936
2023-07-10,0.8817391395568848,0.9100000262260437,0.9700000286102295,0.8999999761581421,0.949999988079071,45939
2023-07-11,0.8720496296882629,0.8999999761581421,0.9459999799728394,0.8500000238418579,0.9100000262260437,55968
2023-07-12,0.9088695645332336,0.9380000233650208,0.9380000233650208,0.8519999980926514,0.8999999761581421,22128
2023-07-13,0.9166210889816284,0.9459999799728394,0.9700000286102295,0.9200000166893005,0.9200000166893005,11303
2023-07-14,0.9088695645332336,0.9380000233650208,0.9700000286102295,0.9020000100135803,0.9459999799728394,13749
2023-07-17,0.8953043222427368,0.9240000247955322,0.9380000233650208,0.8759999871253967,0.9380000233650208,22757
2023-07-18,0.9204968810081482,0.949999988079071,0.949999988079071,0.8640000224113464,0.8920000195503235,52082
2023-07-19,0.8720496296882629,0.8999999761581421,0.9279999732971191,0.8799999952316284,0.9279999732971191,25131
2023-07-20,0.877863347530365,0.906000018119812,0.9259999990463257,0.871999979019165,0.9259999990463257,14623
2023-07-21,0.8817391395568848,0.9100000262260437,0.9100000262260437,0.8899999856948853,0.9079999923706055,2083
2023-07-24,0.8526707887649536,0.8799999952316284,0.9639999866485596,0.8799999952316284,0.9639999866485596,12038
2023-07-25,0.877863347530365,0.906000018119812,0.9300000071525574,0.8859999775886536,0.921999990940094,10875
2023-07-26,0.8739875555038452,0.9020000100135803,0.9179999828338623,0.9020000100135803,0.906000018119812,4548
2023-07-27,0.8584844470024109,0.8859999775886536,0.9200000166893005,0.8740000128746033,0.9200000166893005,15768
2023-07-28,0.8604223728179932,0.8880000114440918,0.9200000166893005,0.8799999952316284,0.8799999952316284,9162
2023-07-31,0.8739875555038452,0.9020000100135803,0.9480000138282776,0.8859999775886536,0.8880000114440918,14003
2023-08-01,0.8739875555038452,0.9020000100135803,0.949999988079071,0.9020000100135803,0.949999988079071,320
2023-08-02,0.8759254217147827,0.9039999842643738,0.9039999842643738,0.871999979019165,0.9020000100135803,9299
2023-08-03,0.8662359714508057,0.8939999938011169,0.906000018119812,0.8799999952316284,0.8939999938011169,8677
2023-08-04,0.9204968810081482,0.949999988079071,0.949999988079071,0.8939999938011169,0.8999999761581421,1018
2023-08-07,0.9146832227706909,0.9440000057220459,0.949999988079071,0.871999979019165,0.949999988079071,40161
2023-08-08,0.8681738972663879,0.8960000276565552,0.9399999976158142,0.8920000195503235,0.9399999976158142,15763
2023-08-09,0.9243726134300232,0.9539999961853027,0.9700000286102295,0.9160000085830688,0.9359999895095825,87077
2023-08-10,0.9166210889816284,0.9459999799728394,0.9679999947547913,0.9300000071525574,0.9559999704360962,19010
2023-08-11,0.93793785572052,0.9679999947547913,0.9700000286102295,0.9480000138282776,0.9480000138282776,3871
2023-08-14,0.9398757815361023,0.9700000286102295,0.9980000257492065,0.9399999976158142,0.9679999947547913,22169
2023-08-15,0.9398757815361023,0.9700000286102295,0.9700000286102295,0.9520000219345093,0.9559999704360962,8321
2023-08-16,0.9224348068237305,0.9520000219345093,0.9700000286102295,0.9359999895095825,0.9700000286102295,43926
2023-08-17,0.9069316387176514,0.9359999895095825,0.9679999947547913,0.9200000166893005,0.9520000219345093,31101
2023-08-18,0.887552797794342,0.9160000085830688,0.9200000166893005,0.8999999761581421,0.9200000166893005,28343
2023-08-21,0.8623602390289307,0.8899999856948853,0.9359999895095825,0.8820000290870667,0.9359999895095825,22920
2023-08-22,0.8410434126853943,0.8679999709129333,0.9120000004768372,0.8560000061988831,0.9120000004768372,177536
2023-08-23,0.8449192047119141,0.871999979019165,0.871999979019165,0.8500000238418579,0.8700000047683716,26887
2023-08-24,0.8158509135246277,0.8420000076293945,0.8659999966621399,0.8420000076293945,0.8500000238418579,45106
2023-08-25,0.8332918882369995,0.8600000143051147,0.8659999966621399,0.8320000171661377,0.8640000224113464,17702
2023-08-28,0.8584844470024109,0.8859999775886536,0.8899999856948853,0.8500000238418579,0.8579999804496765,4477
2023-08-29,0.8274782299995422,0.8539999723434448,0.8859999775886536,0.8320000171661377,0.8859999775886536,116196
2023-08-30,0.8197267055511475,0.8460000157356262,0.8640000224113464,0.8379999995231628,0.8539999723434448,115074
2023-08-31,0.8236024975776672,0.8500000238418579,0.8500000238418579,0.8379999995231628,0.8500000238418579,6087
2023-09-01,0.821664571762085,0.8479999899864197,0.8539999723434448,0.8360000252723694,0.8519999980926514,43771
2023-09-04,0.8119751214981079,0.8379999995231628,0.8479999899864197,0.8299999833106995,0.8479999899864197,28637
2023-09-05,0.8080993294715881,0.8339999914169312,0.8479999899864197,0.8199999928474426,0.8420000076293945,20314
2023-09-06,0.8177887797355652,0.843999981880188,0.843999981880188,0.8059999942779541,0.8339999914169312,52711
2023-09-07,0.8022856712341309,0.828000009059906,0.843999981880188,0.8119999766349792,0.843999981880188,22531
2023-09-08,0.8022856712341309,0.828000009059906,0.8399999737739563,0.8119999766349792,0.828000009059906,44298
2023-09-11,0.784844696521759,0.8100000023841858,0.8399999737739563,0.800000011920929,0.828000009059906,108441
2023-09-12,0.7984099388122559,0.8240000009536743,0.8240000009536743,0.8100000023841858,0.8100000023841858,1066
2023-09-13,0.7964720726013184,0.8220000267028809,0.8379999995231628,0.8159999847412109,0.8259999752044678,18327
2023-09-14,0.8177887797355652,0.843999981880188,0.8460000157356262,0.8119999766349792,0.8159999847412109,127492
2023-09-15,0.7984099388122559,0.8240000009536743,0.843999981880188,0.8080000281333923,0.843999981880188,19980
2023-09-18,0.8139129877090454,0.8399999737739563,0.8539999723434448,0.7979999780654907,0.8100000023841858,68573
2023-09-19,0.7945341467857361,0.8199999928474426,0.8399999737739563,0.8100000023841858,0.8399999737739563,45146
2023-09-20,0.8119751214981079,0.8379999995231628,0.8500000238418579,0.8140000104904175,0.8199999928474426,47246
2023-09-21,0.8042235374450684,0.8299999833106995,0.8479999899864197,0.8159999847412109,0.8339999914169312,47259
2023-09-22,0.8022856712341309,0.828000009059906,0.8500000238418579,0.8119999766349792,0.8500000238418579,20792
2023-09-25,0.8158509135246277,0.8420000076293945,0.8799999952316284,0.8320000171661377,0.8420000076293945,63127
2023-09-26,0.8080993294715881,0.8339999914169312,0.8420000076293945,0.8199999928474426,0.8420000076293945,35052
2023-09-27,0.784844696521759,0.8100000023841858,0.8360000252723694,0.8100000023841858,0.8339999914169312,7047
2023-09-28,0.8042235374450684,0.8299999833106995,0.8379999995231628,0.8100000023841858,0.8140000104904175,16998
2023-09-29,0.8139129877090454,0.8399999737739563,0.8519999980926514,0.8299999833106995,0.8299999833106995,7687
2023-10-02,0.821664571762085,0.8479999899864197,0.8539999723434448,0.8220000267028809,0.8539999723434448,17559
2023-10-03,0.7867825627326965,0.8119999766349792,0.843999981880188,0.8119999766349792,0.843999981880188,15030
2023-10-04,0.7867825627326965,0.8119999766349792,0.8259999752044678,0.8119999766349792,0.8199999928474426,14115
2023-10-05,0.7732173204421997,0.7979999780654907,0.8199999928474426,0.7820000052452087,0.8119999766349792,101882
2023-10-06,0.775155246257782,0.800000011920929,0.8140000104904175,0.7799999713897705,0.7879999876022339,57957
2023-10-09,0.7790310382843018,0.8040000200271606,0.8199999928474426,0.7879999876022339,0.800000011920929,12392
2023-10-10,0.7964720726013184,0.8220000267028809,0.8240000009536743,0.8019999861717224,0.8100000023841858,31455
2023-10-11,0.8042235374450684,0.8299999833106995,0.8339999914169312,0.7979999780654907,0.8220000267028809,18257
2023-10-12,0.8119751214981079,0.8379999995231628,0.8539999723434448,0.8240000009536743,0.8240000009536743,27542
2023-10-13,0.8371676802635193,0.8640000224113464,0.9599999785423279,0.8119999766349792,0.843999981880188,159530
2023-10-16,0.8158509135246277,0.8420000076293945,0.8700000047683716,0.8379999995231628,0.8700000047683716,17622
2023-10-17,0.7945341467857361,0.8199999928474426,0.8420000076293945,0.8040000200271606,0.8420000076293945,29470
2023-10-18,0.7887204885482788,0.8140000104904175,0.8379999995231628,0.8080000281333923,0.828000009059906,7837
2023-10-19,0.7829068303108215,0.8080000281333923,0.8299999833106995,0.7879999876022339,0.8140000104904175,60847
2023-10-20,0.7732173204421997,0.7979999780654907,0.8019999861717224,0.777999997138977,0.8019999861717224,50151
2023-10-23,0.7402732968330383,0.7639999985694885,0.7979999780654907,0.7639999985694885,0.7820000052452087,69245
2023-10-24,0.7460868954658508,0.7699999809265137,0.7820000052452087,0.7639999985694885,0.7799999713897705,30249
2023-10-25,0.7460868954658508,0.7699999809265137,0.777999997138977,0.7480000257492065,0.777999997138977,46208
2023-10-26,0.7499626874923706,0.7739999890327454,0.7739999890327454,0.7440000176429749,0.75,61778
2023-10-27,0.734459638595581,0.7580000162124634,0.7620000243186951,0.7400000095367432,0.7540000081062317,50908
2023-10-30,0.7363975048065186,0.7599999904632568,0.7639999985694885,0.7419999837875366,0.7639999985694885,7894
2023-10-31,0.7460868954658508,0.7699999809265137,0.7900000214576721,0.75,0.7639999985694885,41106
2023-11-01,0.7557763457298279,0.7799999713897705,0.7900000214576721,0.7519999742507935,0.7900000214576721,45112
2023-11-02,0.8236024975776672,0.8500000238418579,0.8560000061988831,0.7799999713897705,0.7900000214576721,69710
2023-11-03,0.8410434126853943,0.8679999709129333,0.8679999709129333,0.8339999914169312,0.8500000238418579,46154
2023-11-06,0.8623602390289307,0.8899999856948853,0.8939999938011169,0.8579999804496765,0.8679999709129333,30706
2023-11-07,0.8739875555038452,0.9020000100135803,0.9139999747276306,0.871999979019165,0.8899999856948853,32779
2023-11-08,0.8526707887649536,0.8799999952316284,0.9020000100135803,0.8399999737739563,0.9020000100135803,42237
2023-11-09,0.8991800546646118,0.9279999732971191,0.9440000057220459,0.8560000061988831,0.8799999952316284,23042
2023-11-10,0.9011179804801941,0.9300000071525574,0.9300000071525574,0.9100000262260437,0.9100000262260437,9410
2023-11-13,0.8972421884536743,0.9259999990463257,0.9399999976158142,0.9079999923706055,0.9399999976158142,9653
2023-11-14,0.9398757815361023,0.9700000286102295,0.9700000286102295,0.9100000262260437,0.9139999747276306,32939
2023-11-15,1.0319254398345947,1.065000057220459,1.0950000286102295,0.972000002861023,0.9900000095367432,65756
2023-11-16,1.036770224571228,1.0700000524520874,1.0750000476837158,1.0499999523162842,1.0750000476837158,17804
2023-11-17,1.0173912048339844,1.0499999523162842,1.0750000476837158,1.0299999713897705,1.0299999713897705,16102
2023-11-20,1.0222359895706177,1.0549999475479126,1.059999942779541,1.0549999475479126,1.059999942779541,734
2023-11-21,0.9931676387786865,1.024999976158142,1.065000057220459,1.024999976158142,1.065000057220459,5224
2023-11-22,0.9737887978553772,1.0049999952316284,1.0499999523162842,1.0049999952316284,1.0449999570846558,19619
2023-11-23,0.998012363910675,1.0299999713897705,1.0299999713897705,0.9599999785423279,1.0049999952316284,24348
2023-11-24,0.9931676387786865,1.024999976158142,1.0299999713897705,0.9879999756813049,1.0299999713897705,5850
2023-11-27,1.0028570890426636,1.034999966621399,1.034999966621399,1.0149999856948853,1.0199999809265137,4669
2023-11-28,0.988322913646698,1.0199999809265137,1.0199999809265137,0.9959999918937683,1.0199999809265137,5055
2023-11-29,0.9786335229873657,1.0099999904632568,1.0299999713897705,1.0,1.0299999713897705,3997
2023-11-30,0.9495652318000793,0.9800000190734863,1.0149999856948853,0.9660000205039978,1.0149999856948853,17353
2023-12-01,0.9476273059844971,0.9779999852180481,0.9919999837875366,0.9679999947547913,0.9800000190734863,2439
2023-12-04,0.9670062065124512,0.9980000257492065,1.0,0.9779999852180481,0.9779999852180481,23139
2023-12-05,0.9670062065124512,0.9980000257492065,1.0,0.9779999852180481,1.0,32815
2023-12-07,0.9670062065124512,0.9980000257492065,1.0,0.9800000190734863,1.0,2331
2023-12-08,0.9359999895095825,0.9660000205039978,1.0,0.9399999976158142,1.0,22910
2023-12-11,0.9108074307441711,0.9399999976158142,0.9800000190734863,0.9399999976158142,0.9679999947547913,2421
2023-12-12,0.9418136477470398,0.972000002861023,0.972000002861023,0.9520000219345093,0.9520000219345093,3732
2023-12-13,0.9224348068237305,0.9520000219345093,0.9739999771118164,0.9520000219345093,0.9739999771118164,2940
2023-12-14,0.988322913646698,1.0199999809265137,1.034999966621399,0.9679999947547913,0.9679999947547913,20020
2023-12-15,1.0125465393066406,1.0449999570846558,1.065000057220459,1.0,1.0299999713897705,29241
2023-12-18,0.988322913646698,1.0199999809265137,1.0499999523162842,1.0099999904632568,1.0449999570846558,23248
2023-12-19,0.998012363910675,1.0299999713897705,1.0449999570846558,1.0,1.0399999618530273,28535
2023-12-20,0.9650682806968689,0.9959999918937683,1.0499999523162842,0.9940000176429749,1.0499999523162842,39832
2023-12-21,0.998012363910675,1.0299999713897705,1.0449999570846558,0.9860000014305115,0.9860000014305115,25776
2023-12-22,0.9834782481193542,1.0149999856948853,1.034999966621399,1.0,1.034999966621399,13628
2023-12-27,1.0077017545700073,1.0399999618530273,1.0499999523162842,1.0149999856948853,1.0149999856948853,29413
2023-12-28,1.0658384561538696,1.100000023841858,1.1299999952316284,1.0549999475479126,1.0549999475479126,57404
2023-12-29,1.0997514724731445,1.1349999904632568,1.149999976158142,1.1100000143051147,1.1299999952316284,28471
2024-01-02,1.1821117401123047,1.2200000286102295,1.225000023841858,1.149999976158142,1.149999976158142,44392
2024-01-03,1.1385092735290527,1.1749999523162842,1.2100000381469727,1.1549999713897705,1.2100000381469727,38094
2024-01-04,1.1481987237930298,1.184999942779541,1.2000000476837158,1.1799999475479126,1.184999942779541,12362
2024-01-05,1.1627329587936401,1.2000000476837158,1.2100000381469727,1.184999942779541,1.1950000524520874,17481
2024-01-08,1.1336644887924194,1.1699999570846558,1.2100000381469727,1.1399999856948853,1.190000057220459,8389
2024-01-09,1.1433539390563965,1.1799999475479126,1.2100000381469727,1.1699999570846558,1.1699999570846558,3497
2024-01-10,1.1481987237930298,1.184999942779541,1.2100000381469727,1.1799999475479126,1.1799999475479126,7643
2024-01-11,1.1433539390563965,1.1799999475479126,1.2050000429153442,1.1799999475479126,1.2050000429153442,15869
2024-01-12,1.1288198232650757,1.1649999618530273,1.2000000476837158,1.1549999713897705,1.2000000476837158,6973
2024-01-15,1.1288198232650757,1.1649999618530273,1.1799999475479126,1.1649999618530273,1.1799999475479126,1899
2024-01-16,1.1385092735290527,1.1749999523162842,1.1749999523162842,1.149999976158142,1.149999976158142,2229
2024-01-17,1.0755279064178467,1.1100000143051147,1.1749999523162842,1.100000023841858,1.1649999618530273,9357
2024-01-18,1.0852173566818237,1.1200000047683716,1.149999976158142,1.1200000047683716,1.1299999952316284,3867
2024-01-19,1.1142857074737549,1.149999976158142,1.149999976158142,1.1299999952316284,1.1299999952316284,1584
2024-01-22,1.1385092735290527,1.1749999523162842,1.1950000524520874,1.1549999713897705,1.190000057220459,13030
2024-01-23,1.1385092735290527,1.1749999523162842,1.1749999523162842,1.1549999713897705,1.1699999570846558,12863
2024-01-24,1.0561491250991821,1.090000033378601,1.1950000524520874,1.0850000381469727,1.1749999523162842,35528
2024-01-25,1.046459674835205,1.0800000429153442,1.100000023841858,1.0049999952316284,1.0049999952316284,5258
2024-01-26,1.046459674835205,1.0800000429153442,1.1399999856948853,1.0800000429153442,1.0800000429153442,18584
2024-01-29,1.046459674835205,1.0800000429153442,1.1050000190734863,1.0800000429153442,1.1050000190734863,9557
2024-01-30,1.070683240890503,1.1050000190734863,1.1050000190734863,1.0800000429153442,1.090000033378601,1991
2024-01-31,1.090062141418457,1.125,1.149999976158142,1.1050000190734863,1.1050000190734863,7763
2024-02-01,1.0755279064178467,1.1100000143051147,1.1150000095367432,1.1100000143051147,1.1150000095367432,2748
2024-02-02,1.0755279064178467,1.1100000143051147,1.1299999952316284,1.1050000190734863,1.1299999952316284,4729
2024-02-05,1.0949068069458008,1.1299999952316284,1.1299999952316284,1.100000023841858,1.1100000143051147,6919
2024-02-06,1.0173912048339844,1.0499999523162842,1.149999976158142,1.0499999523162842,1.149999976158142,19865
2024-02-07,1.0319254398345947,1.065000057220459,1.0950000286102295,1.0499999523162842,1.0700000524520874,15432
2024-02-08,1.0755279064178467,1.1100000143051147,1.1150000095367432,1.0549999475479126,1.0549999475479126,5917
2024-02-09,1.0513043403625488,1.0850000381469727,1.1200000047683716,1.0750000476837158,1.1150000095367432,5235
2024-02-12,1.0561491250991821,1.090000033378601,1.190000057220459,1.0850000381469727,1.0850000381469727,9427
2024-02-13,1.0173912048339844,1.0499999523162842,1.125,1.0399999618530273,1.0950000286102295,14384
2024-02-14,1.0125465393066406,1.0449999570846558,1.0449999570846558,1.0,1.034999966621399,15950
2024-02-15,1.0513043403625488,1.0850000381469727,1.100000023841858,1.059999942779541,1.065000057220459,13370
2024-02-16,0.9931676387786865,1.024999976158142,1.0800000429153442,1.024999976158142,1.0750000476837158,10202
2024-02-19,0.9931676387786865,1.024999976158142,1.0499999523162842,1.024999976158142,1.034999966621399,885
2024-02-20,0.9931676387786865,1.024999976158142,1.024999976158142,1.024999976158142,1.024999976158142,419
2024-02-21,0.9786335229873657,1.0099999904632568,1.024999976158142,1.0099999904632568,1.024999976158142,1448
2024-02-22,0.988322913646698,1.0199999809265137,1.0399999618530273,1.0199999809265137,1.034999966621399,3345
2024-02-23,0.9689440727233887,1.0,1.024999976158142,0.9700000286102295,1.024999976158142,8614
2024-02-26,0.9592546224594116,0.9900000095367432,1.024999976158142,0.9819999933242798,1.0049999952316284,8460
2024-02-27,0.9786335229873657,1.0099999904632568,1.0199999809265137,0.9900000095367432,1.0,11637
2024-02-28,1.0125465393066406,1.0449999570846558,1.090000033378601,0.9900000095367432,0.9900000095367432,33677
2024-02-29,1.0028570890426636,1.034999966621399,1.0700000524520874,1.0149999856948853,1.0700000524520874,6392
2024-03-01,0.9786335229873657,1.0099999904632568,1.0850000381469727,0.9919999837875366,1.024999976158142,10958
2024-03-04,0.9456894397735596,0.9760000109672546,1.0149999856948853,0.9739999771118164,1.0149999856948853,17841
2024-03-05,0.9359999895095825,0.9660000205039978,0.9860000014305115,0.9459999799728394,0.9459999799728394,13442
2024-03-06,0.9359999895095825,0.9660000205039978,0.9660000205039978,0.9660000205039978,0.9660000205039978,2000
2024-03-07,0.9476273059844971,0.9779999852180481,0.9779999852180481,0.9399999976158142,0.9779999852180481,38965
2024-03-08,0.9398757815361023,0.9700000286102295,0.9700000286102295,0.9419999718666077,0.9419999718666077,11757
2024-03-11,0.9553788304328918,0.9860000014305115,1.0,0.9599999785423279,1.0,19130
2024-03-12,0.9737887978553772,1.0049999952316284,1.0049999952316284,1.0049999952316284,1.0049999952316284,850
2024-03-13,0.988322913646698,1.0199999809265137,1.0199999809265137,0.9779999852180481,1.0049999952316284,17426
2024-03-14,0.9834782481193542,1.0149999856948853,1.0149999856948853,0.9919999837875366,0.9919999837875366,1502
2024-03-15,0.9737887978553772,1.0049999952316284,1.034999966621399,0.9980000257492065,1.024999976158142,1340
2024-03-18,0.9689440727233887,1.0,1.0299999713897705,0.9959999918937683,1.0149999856948853,10974
2024-03-19,0.9204968810081482,0.949999988079071,1.0049999952316284,0.9200000166893005,0.9959999918937683,51402
2024-03-20,0.9185590147972107,0.9480000138282776,0.9599999785423279,0.9480000138282776,0.949999988079071,2168
2024-03-21,0.9670062065124512,0.9980000257492065,0.9980000257492065,0.9520000219345093,0.9800000190734863,3082
2024-03-22,0.9592546224594116,0.9900000095367432,0.9919999837875366,0.9660000205039978,0.9860000014305115,2134
2024-03-25,0.9340620636940002,0.9639999866485596,0.9980000257492065,0.9639999866485596,0.9980000257492065,8852
2024-03-26,0.9418136477470398,0.972000002861023,0.972000002861023,0.9639999866485596,0.9639999866485596,816
2024-03-27,0.93793785572052,0.9679999947547913,0.9860000014305115,0.9599999785423279,0.9599999785423279,4381
2024-03-28,0.9456894397735596,0.9760000109672546,0.9779999852180481,0.9679999947547913,0.9679999947547913,6996
2024-04-02,0.9592546224594116,0.9900000095367432,0.9980000257492065,0.9739999771118164,0.9760000109672546,9520
2024-04-03,0.9689440727233887,1.0,1.0099999904632568,0.972000002861023,0.972000002861023,12500
2024-04-04,0.9786335229873657,1.0099999904632568,1.0149999856948853,0.9980000257492065,1.0,4051
2024-04-05,0.9534409642219543,0.984000027179718,1.0,0.9800000190734863,1.0,4583
2024-04-08,0.9689440727233887,1.0,1.0,1.0,1.0,6985
2024-04-09,0.9592546224594116,0.9900000095367432,1.0049999952316284,0.9900000095367432,1.0,5976
2024-04-10,0.9631304144859314,0.9940000176429749,1.0049999952316284,0.9900000095367432,0.9900000095367432,9271
2024-04-11,0.9670062065124512,0.9980000257492065,1.0,0.9980000257492065,1.0,2785
2024-04-12,0.9689440727233887,1.0,1.0,0.9980000257492065,0.9980000257492065,4007
2024-04-15,0.9786335229873657,1.0099999904632568,1.0099999904632568,0.9980000257492065,1.0,502
2024-04-16,0.9592546224594116,0.9900000095367432,1.0149999856948853,0.9900000095367432,1.0,196880
2024-04-17,0.9834782481193542,1.0149999856948853,1.0149999856948853,0.9919999837875366,0.9919999837875366,1581
2024-04-18,0.9301862716674805,0.9599999785423279,1.0,0.949999988079071,1.0,19558
2024-04-19,0.9456894397735596,0.9760000109672546,0.9779999852180481,0.9340000152587891,0.9779999852180481,8033
2024-04-22,0.9185590147972107,0.9480000138282776,0.9860000014305115,0.9459999799728394,0.9760000109672546,8818
2024-04-23,0.9418136477470398,0.972000002861023,1.0,0.9620000123977661,0.9700000286102295,11914
2024-04-24,0.9301862716674805,0.9599999785423279,0.972000002861023,0.9599999785423279,0.972000002861023,2264
2024-04-25,0.9030558466911316,0.9319999814033508,0.9599999785423279,0.9179999828338623,0.9599999785423279,11549
2024-04-26,0.9321241974830627,0.9620000123977661,0.9639999866485596,0.9300000071525574,0.9300000071525574,9896
2024-04-29,0.9088695645332336,0.9380000233650208,0.9660000205039978,0.9380000233650208,0.9559999704360962,5294
2024-04-30,0.9011179804801941,0.9300000071525574,0.9399999976158142,0.9300000071525574,0.9399999976158142,1861
2024-05-02,0.9224348068237305,0.9520000219345093,0.9520000219345093,0.9100000262260437,0.9300000071525574,26803
2024-05-03,0.9204968810081482,0.949999988079071,1.0,0.949999988079071,0.9700000286102295,14762
2024-05-06,0.928248405456543,0.9580000042915344,0.9760000109672546,0.9319999814033508,0.949999988079071,2160
2024-05-07,0.9030558466911316,0.9319999814033508,0.9580000042915344,0.9200000166893005,0.9580000042915344,19007
2024-05-08,0.9204968810081482,0.949999988079071,1.0199999809265137,0.9340000152587891,0.9599999785423279,25685
2024-05-10,0.9301862716674805,0.9599999785423279,1.0049999952316284,0.9319999814033508,0.9319999814033508,4689
2024-05-13,0.9553788304328918,0.9860000014305115,1.0049999952316284,0.9319999814033508,0.9319999814033508,22855
2024-05-14,0.9592546224594116,0.9900000095367432,1.0,0.9700000286102295,0.9700000286102295,28442
2024-05-15,0.9592546224594116,0.9900000095367432,0.9980000257492065,0.9399999976158142,0.9520000219345093,33185
2024-05-16,0.9592546224594116,0.9900000095367432,1.0149999856948853,0.972000002861023,0.9879999756813049,31408
2024-05-17,0.9437515139579773,0.9739999771118164,0.9900000095367432,0.9739999771118164,0.9900000095367432,9160
2024-05-20,0.9418136477470398,0.972000002861023,0.9900000095367432,0.9639999866485596,0.984000027179718,13700
2024-05-21,0.9398757815361023,0.9700000286102295,1.0149999856948853,0.9700000286102295,1.0149999856948853,2976
2024-05-22,0.9592546224594116,0.9900000095367432,1.0099999904632568,0.9819999933242798,1.0099999904632568,4857
2024-05-23,0.9834782481193542,1.0149999856948853,1.0149999856948853,1.0,1.0,8750
2024-05-24,0.9834782481193542,1.0149999856948853,1.0199999809265137,1.0099999904632568,1.0149999856948853,3636
2024-05-27,1.0416148900985718,1.0750000476837158,1.0950000286102295,1.0099999904632568,1.0149999856948853,21456
2024-05-28,1.1045962572097778,1.1399999856948853,1.1399999856948853,1.034999966621399,1.065000057220459,16857
2024-05-29,1.070683240890503,1.1050000190734863,1.1399999856948853,1.100000023841858,1.1399999856948853,11171
2024-05-30,1.1288198232650757,1.1649999618530273,1.1799999475479126,1.090000033378601,1.1050000190734863,30099
2024-05-31,1.1433539390563965,1.1799999475479126,1.2000000476837158,1.1699999570846558,1.1950000524520874,15017
2024-06-03,1.1433539390563965,1.1799999475479126,1.2350000143051147,1.149999976158142,1.149999976158142,7063
2024-06-04,1.1578881740570068,1.1950000524520874,1.1950000524520874,1.125,1.1950000524520874,17877
2024-06-05,1.153043508529663,1.190000057220459,1.1950000524520874,1.190000057220459,1.1950000524520874,6602
2024-06-06,1.153043508529663,1.190000057220459,1.190000057220459,1.1799999475479126,1.1799999475479126,493
2024-06-07,1.1045962572097778,1.1399999856948853,1.190000057220459,1.1200000047683716,1.190000057220459,2933
2024-06-10,1.1433539390563965,1.1799999475479126,1.1799999475479126,1.1399999856948853,1.1399999856948853,91268
2024-06-11,1.1239750385284424,1.159999966621399,1.2000000476837158,1.0399999618530273,1.1799999475479126,12836
2024-06-12,1.0949068069458008,1.1299999952316284,1.1449999809265137,1.100000023841858,1.1050000190734863,10682
2024-06-13,1.0852173566818237,1.1200000047683716,1.1200000047683716,1.100000023841858,1.1200000047683716,6393
2024-06-14,1.0513043403625488,1.0850000381469727,1.1200000047683716,1.059999942779541,1.090000033378601,14668
2024-06-17,1.1142857074737549,1.149999976158142,1.149999976158142,1.065000057220459,1.065000057220459,4248
2024-06-18,1.1142857074737549,1.149999976158142,1.149999976158142,1.0750000476837158,1.149999976158142,22915
2024-06-19,1.1142857074737549,1.149999976158142,1.1699999570846558,1.149999976158142,1.1699999570846558,2771
2024-06-20,1.1142857074737549,1.149999976158142,1.1699999570846558,1.0800000429153442,1.149999976158142,20912
2024-06-24,1.1239750385284424,1.159999966621399,1.1699999570846558,1.149999976158142,1.149999976158142,4433
2024-06-25,1.0561491250991821,1.090000033378601,1.159999966621399,1.0199999809265137,1.159999966621399,10290
2024-06-26,1.0561491250991821,1.090000033378601,1.1050000190734863,1.090000033378601,1.100000023841858,11686
2024-06-27,1.036770224571228,1.0700000524520874,1.1150000095367432,1.024999976158142,1.024999976158142,1250
2024-06-28,1.0561491250991821,1.090000033378601,1.1349999904632568,1.0700000524520874,1.1150000095367432,20248
2024-07-01,1.0658384561538696,1.100000023841858,1.2000000476837158,1.0499999523162842,1.0499999523162842,4311
2024-07-02,1.090062141418457,1.125,1.149999976158142,1.0800000429153442,1.1349999904632568,5967
2024-07-03,1.0852173566818237,1.1200000047683716,1.1200000047683716,1.0549999475479126,1.0549999475479126,347
2024-07-04,1.0658384561538696,1.100000023841858,1.100000023841858,1.090000033378601,1.100000023841858,931
2024-07-05,1.0997514724731445,1.1349999904632568,1.1349999904632568,1.1299999952316284,1.1299999952316284,1018
2024-07-08,1.0949068069458008,1.1299999952316284,1.1349999904632568,1.1299999952316284,1.1349999904632568,15
2024-07-09,1.1142857074737549,1.149999976158142,1.184999942779541,1.1299999952316284,1.1299999952316284,8373
2024-07-10,1.1239750385284424,1.159999966621399,1.159999966621399,1.1299999952316284,1.1399999856948853,1006
2024-07-11,1.1239750385284424,1.159999966621399,1.190000057220459,1.100000023841858,1.100000023841858,7338
2024-07-12,1.0949068069458008,1.1299999952316284,1.1349999904632568,1.065000057220459,1.065000057220459,19045
2024-07-15,1.0755279064178467,1.1100000143051147,1.1299999952316284,1.0950000286102295,1.1299999952316284,1299
2024-07-16,1.0949068069458008,1.1299999952316284,1.1699999570846558,1.1200000047683716,1.1299999952316284,5601
2024-07-17,1.0949068069458008,1.1299999952316284,1.149999976158142,1.1100000143051147,1.149999976158142,2227
2024-07-18,1.1045962572097778,1.1399999856948853,1.1399999856948853,1.1100000143051147,1.1299999952316284,2740
2024-07-19,1.1142857074737549,1.149999976158142,1.149999976158142,1.1100000143051147,1.149999976158142,10234
2024-07-22,1.0755279064178467,1.1100000143051147,1.1399999856948853,1.1100000143051147,1.125,1202
2024-07-23,1.070683240890503,1.1050000190734863,1.1399999856948853,1.1050000190734863,1.1399999856948853,1258
2024-07-24,1.070683240890503,1.1050000190734863,1.1399999856948853,1.1050000190734863,1.1299999952316284,198
2024-07-25,1.08037269115448,1.1150000095367432,1.1150000095367432,1.1050000190734863,1.1100000143051147,1006
2024-07-26,1.1142857074737549,1.149999976158142,1.149999976158142,1.090000033378601,1.0950000286102295,840
2024-07-29,1.0658384561538696,1.100000023841858,1.1449999809265137,1.0499999523162842,1.1449999809265137,8196
2024-07-30,1.0997514724731445,1.1349999904632568,1.159999966621399,1.0950000286102295,1.0950000286102295,22
2024-07-31,1.1239750385284424,1.159999966621399,1.159999966621399,1.090000033378601,1.090000033378601,10987
2024-08-01,1.1239750385284424,1.159999966621399,1.159999966621399,1.1399999856948853,1.159999966621399,2618
2024-08-02,1.1045962572097778,1.1399999856948853,1.1399999856948853,1.100000023841858,1.100000023841858,2531
2024-08-05,1.0852173566818237,1.1200000047683716,1.159999966621399,1.100000023841858,1.1349999904632568,46433
2024-08-06,1.0852173566818237,1.1200000047683716,1.1200000047683716,1.100000023841858,1.1200000047683716,1785
2024-08-07,1.0222359895706177,1.0549999475479126,1.100000023841858,1.0499999523162842,1.059999942779541,24705
2024-08-08,1.0319254398345947,1.065000057220459,1.0700000524520874,1.0549999475479126,1.0700000524520874,2237
2024-08-09,1.036770224571228,1.0700000524520874,1.0800000429153442,1.059999942779541,1.059999942779541,3108
2024-08-12,1.0173912048339844,1.0499999523162842,1.0499999523162842,1.034999966621399,1.0499999523162842,895
2024-08-13,1.0173912048339844,1.0499999523162842,1.0800000429153442,1.0499999523162842,1.0800000429153442,8750
2024-08-14,1.0028570890426636,1.034999966621399,1.0549999475479126,1.034999966621399,1.0499999523162842,6414
2024-08-15,1.0513043403625488,1.0850000381469727,1.1050000190734863,1.034999966621399,1.0399999618530273,3140
2024-08-16,1.0270806550979614,1.059999942779541,1.149999976158142,1.0399999618530273,1.0399999618530273,2303
2024-08-19,1.0222359895706177,1.0549999475479126,1.059999942779541,1.0399999618530273,1.059999942779541,11749
2024-08-20,1.036770224571228,1.0700000524520874,1.190000057220459,1.0449999570846558,1.1649999618530273,5700
2024-08-21,1.0077017545700073,1.0399999618530273,1.0750000476837158,1.0399999618530273,1.0449999570846558,15071
2024-08-22,1.0319254398345947,1.065000057220459,1.065000057220459,1.034999966621399,1.034999966621399,4075
2024-08-23,1.0319254398345947,1.065000057220459,1.0750000476837158,1.065000057220459,1.065000057220459,433
2024-08-26,0.988322913646698,1.0199999809265137,1.0549999475479126,1.0099999904632568,1.0199999809265137,60051
2024-08-27,1.0028570890426636,1.034999966621399,1.100000023841858,1.0,1.100000023841858,27221
2024-08-28,1.0125465393066406,1.0449999570846558,1.065000057220459,1.0099999904632568,1.065000057220459,52981
2024-08-29,1.0125465393066406,1.0449999570846558,1.1449999809265137,1.0199999809265137,1.1449999809265137,9349
2024-08-30,0.998012363910675,1.0299999713897705,1.0549999475479126,1.024999976158142,1.0449999570846558,21977
2024-09-02,0.9834782481193542,1.0149999856948853,1.0449999570846558,1.0149999856948853,1.0299999713897705,9861
2024-09-03,0.9931676387786865,1.024999976158142,1.0499999523162842,1.024999976158142,1.034999966621399,14290
2024-09-04,1.0222359895706177,1.0549999475479126,1.0850000381469727,1.0199999809265137,1.0399999618530273,6672
2024-09-05,1.0173912048339844,1.0499999523162842,1.0549999475479126,1.024999976158142,1.0549999475479126,4176
2024-09-06,1.0028570890426636,1.034999966621399,1.0499999523162842,1.0,1.0499999523162842,11440
2024-09-09,1.0028570890426636,1.034999966621399,1.0499999523162842,1.0,1.0399999618530273,129269
2024-09-10,1.036770224571228,1.0700000524520874,1.0700000524520874,1.024999976158142,1.0499999523162842,35998
2024-09-11,1.0561491250991821,1.090000033378601,1.090000033378601,1.0499999523162842,1.0800000429153442,2210
2024-09-12,1.0270806550979614,1.059999942779541,1.1200000047683716,1.059999942779541,1.090000033378601,561
2024-09-13,1.0658384561538696,1.100000023841858,1.100000023841858,1.059999942779541,1.059999942779541,3023
2024-09-16,1.036770224571228,1.0700000524520874,1.0800000429153442,1.0700000524520874,1.0700000524520874,1605
2024-09-17,1.0077017545700073,1.0399999618530273,1.090000033378601,1.0399999618530273,1.0700000524520874,17239
2024-09-18,1.0173912048339844,1.0499999523162842,1.0800000429153442,1.0499999523162842,1.0800000429153442,260
2024-09-19,1.0222359895706177,1.0549999475479126,1.0800000429153442,1.0499999523162842,1.0499999523162842,9400
2024-09-20,1.0222359895706177,1.0549999475479126,1.0549999475479126,1.0499999523162842,1.0549999475479126,3552
2024-09-23,1.0222359895706177,1.0549999475479126,1.0700000524520874,1.0549999475479126,1.0549999475479126,24786
2024-09-24,1.0755279064178467,1.1100000143051147,1.125,1.0549999475479126,1.0549999475479126,8775
2024-09-25,1.0513043403625488,1.0850000381469727,1.1150000095367432,1.065000057220459,1.1150000095367432,2519
2024-09-26,1.046459674835205,1.0800000429153442,1.1349999904632568,1.0800000429153442,1.1299999952316284,8023
2024-09-27,1.036770224571228,1.0700000524520874,1.100000023841858,1.065000057220459,1.0800000429153442,27604
2024-09-30,1.0319254398345947,1.065000057220459,1.090000033378601,1.065000057220459,1.090000033378601,2398
2024-10-01,1.0658384561538696,1.100000023841858,1.125,1.090000033378601,1.1200000047683716,11548
2024-10-02,1.1142857074737549,1.149999976158142,1.149999976158142,1.1200000047683716,1.1200000047683716,6764
2024-10-03,1.1336644887924194,1.1699999570846558,1.190000057220459,1.149999976158142,1.149999976158142,17272
2024-10-04,1.070683240890503,1.1050000190734863,1.149999976158142,1.1050000190734863,1.149999976158142,4371
2024-10-07,1.0755279064178467,1.1100000143051147,1.1749999523162842,1.090000033378601,1.1349999904632568,27744
2024-10-08,1.1045962572097778,1.1399999856948853,1.1549999713897705,1.090000033378601,1.090000033378601,21194
2024-10-09,1.0513043403625488,1.0850000381469727,1.125,1.0850000381469727,1.1050000190734863,5796
2024-10-10,1.1142857074737549,1.149999976158142,1.1699999570846558,1.1200000047683716,1.1699999570846558,5776
2024-10-11,1.08037269115448,1.1150000095367432,1.149999976158142,1.1150000095367432,1.149999976158142,3032
2024-10-14,1.0513043403625488,1.0850000381469727,1.1549999713897705,1.0850000381469727,1.1399999856948853,3319
2024-10-15,1.0658384561538696,1.100000023841858,1.1399999856948853,1.0950000286102295,1.0950000286102295,4355
2024-10-16,1.0852173566818237,1.1200000047683716,1.1399999856948853,1.0700000524520874,1.0700000524520874,6644
2024-10-17,1.0755279064178467,1.1100000143051147,1.1200000047683716,1.0850000381469727,1.1100000143051147,4631
2024-10-18,1.0513043403625488,1.0850000381469727,1.1200000047683716,1.0750000476837158,1.0850000381469727,4108
2024-10-21,1.08037269115448,1.1150000095367432,1.1349999904632568,1.1150000095367432,1.125,4558
2024-10-22,1.1094409227371216,1.1449999809265137,1.1449999809265137,1.090000033378601,1.1150000095367432,6923
2024-10-23,1.1094409227371216,1.1449999809265137,1.1449999809265137,1.100000023841858,1.1449999809265137,1073
2024-10-24,1.0755279064178467,1.1100000143051147,1.1399999856948853,1.100000023841858,1.100000023841858,4528
2024-10-25,1.0755279064178467,1.1100000143051147,1.1399999856948853,1.0700000524520874,1.1349999904632568,12522
2024-10-28,1.0513043403625488,1.0850000381469727,1.0850000381469727,1.0700000524520874,1.0800000429153442,14249
2024-10-29,1.0755279064178467,1.1100000143051147,1.1150000095367432,1.0700000524520874,1.0700000524520874,2773
2024-10-30,1.0658384561538696,1.100000023841858,1.1349999904632568,1.0800000429153442,1.1100000143051147,3456
2024-10-31,1.0658384561538696,1.100000023841858,1.1050000190734863,1.100000023841858,1.1050000190734863,530
2024-11-01,1.0609937906265259,1.0950000286102295,1.100000023841858,1.0700000524520874,1.100000023841858,2605
2024-11-04,1.0513043403625488,1.0850000381469727,1.0950000286102295,1.0800000429153442,1.0800000429153442,757
2024-11-05,1.0609937906265259,1.0950000286102295,1.0950000286102295,1.0800000429153442,1.0850000381469727,4457
2024-11-06,1.0513043403625488,1.0850000381469727,1.100000023841858,1.0499999523162842,1.0950000286102295,7582
2024-11-07,1.0173912048339844,1.0499999523162842,1.0800000429153442,1.0499999523162842,1.065000057220459,7825
2024-11-08,1.0028570890426636,1.034999966621399,1.0700000524520874,1.0199999809265137,1.0399999618530273,22533
2024-11-11,1.0319254398345947,1.065000057220459,1.0750000476837158,0.9980000257492065,1.034999966621399,14427
2024-11-12,0.998012363910675,1.0299999713897705,1.0499999523162842,1.0299999713897705,1.0449999570846558,5387
2024-11-13,0.9737887978553772,1.0049999952316284,1.0299999713897705,1.0,1.0299999713897705,14143
2024-11-14,0.9689440727233887,1.0,1.0,0.9900000095367432,0.9919999837875366,4424
2024-11-15,1.0270806550979614,1.059999942779541,1.059999942779541,0.9779999852180481,1.0049999952316284,23013
2024-11-18,0.9834782481193542,1.0149999856948853,1.034999966621399,1.0,1.034999966621399,10754
2024-11-19,0.9737887978553772,1.0049999952316284,1.0049999952316284,0.9819999933242798,1.0,19408
2024-11-20,0.9670062065124512,0.9980000257492065,1.065000057220459,0.9980000257492065,1.024999976158142,8814
2024-11-21,0.988322913646698,1.0199999809265137,1.034999966621399,0.9520000219345093,0.9520000219345093,8269
2024-11-22,0.9573166966438293,0.9879999756813049,1.0099999904632568,0.9259999990463257,1.0049999952316284,45735
2024-11-25,0.9263104796409607,0.9559999704360962,0.9900000095367432,0.949999988079071,0.9900000095367432,9380
2024-11-26,0.9301862716674805,0.9599999785423279,0.9620000123977661,0.9599999785423279,0.9620000123977661,2863
2024-11-27,0.9573166966438293,0.9879999756813049,0.9900000095367432,0.9599999785423279,0.9599999785423279,1690
2024-11-28,0.9670062065124512,0.9980000257492065,0.9980000257492065,0.9599999785423279,0.9599999785423279,7042
2024-11-29,0.998012363910675,1.0299999713897705,1.0299999713897705,0.9940000176429749,0.9940000176429749,4950
2024-12-02,0.988322913646698,1.0199999809265137,1.034999966621399,1.0199999809265137,1.0299999713897705,3480
2024-12-03,1.0173912048339844,1.0499999523162842,1.065000057220459,1.0199999809265137,1.0199999809265137,5282
2024-12-04,0.9834782481193542,1.0149999856948853,1.0399999618530273,1.0149999856948853,1.0199999809265137,8490
2024-12-05,0.988322913646698,1.0199999809265137,1.0499999523162842,1.0199999809265137,1.0299999713897705,24646
2024-12-09,1.0028570890426636,1.034999966621399,1.065000057220459,1.024999976158142,1.024999976158142,6433
2024-12-10,1.0416148900985718,1.0750000476837158,1.0950000286102295,1.0399999618530273,1.065000057220459,5784
2024-12-11,1.0077017545700073,1.0399999618530273,1.0750000476837158,1.0199999809265137,1.0750000476837158,20868
2024-12-12,1.0077017545700073,1.0399999618530273,1.100000023841858,1.034999966621399,1.0950000286102295,4088
2024-12-13,0.998012363910675,1.0299999713897705,1.059999942779541,1.0149999856948853,1.0149999856948853,5617
2024-12-16,1.0077017545700073,1.0399999618530273,1.1299999952316284,1.034999966621399,1.034999966621399,24245
2024-12-17,1.0077017545700073,1.0399999618530273,1.0950000286102295,1.0399999618530273,1.0950000286102295,15678
2024-12-18,0.998012363910675,1.0299999713897705,1.0800000429153442,1.0099999904632568,1.0449999570846558,14545
2024-12-19,0.998012363910675,1.0299999713897705,1.0449999570846558,1.0049999952316284,1.0449999570846558,2797
2024-12-20,0.998012363910675,1.0299999713897705,1.0499999523162842,1.0299999713897705,1.0449999570846558,8329
2024-12-23,1.0319254398345947,1.065000057220459,1.065000057220459,1.0299999713897705,1.0399999618530273,18227
2024-12-27,1.0173912048339844,1.0499999523162842,1.090000033378601,1.0299999713897705,1.065000057220459,23970
2024-12-30,0.9786335229873657,1.0099999904632568,1.0299999713897705,1.0,1.0149999856948853,80752
2025-01-02,1.0513043403625488,1.0850000381469727,1.100000023841858,1.0149999856948853,1.100000023841858,5489
2025-01-03,0.9931676387786865,1.024999976158142,1.0850000381469727,1.024999976158142,1.0850000381469727,13530
2025-01-07,0.9786335229873657,1.0099999904632568,1.0499999523162842,1.0099999904632568,1.0449999570846558,15046
2025-01-08,0.9931676387786865,1.024999976158142,1.024999976158142,0.9900000095367432,1.0199999809265137,13436
2025-01-09,0.9495652318000793,0.9800000190734863,1.0049999952316284,0.9800000190734863,0.9919999837875366,14275
2025-01-10,0.9515030980110168,0.9819999933242798,0.9959999918937683,0.9679999947547913,0.9700000286102295,11571
2025-01-13,0.9476273059844971,0.9779999852180481,1.0099999904632568,0.9760000109672546,1.0099999904632568,5882
2025-01-14,0.9737887978553772,1.0049999952316284,1.0049999952316284,1.0049999952316284,1.0049999952316284,1053
2025-01-15,0.9737887978553772,1.0049999952316284,1.0099999904632568,0.9639999866485596,1.0049999952316284,3979
2025-01-16,0.9670062065124512,0.9980000257492065,1.0049999952316284,0.9760000109672546,1.0049999952316284,4212
2025-01-17,0.9670062065124512,0.9980000257492065,1.0,0.9800000190734863,1.0,12059
2025-01-20,0.9418136477470398,0.972000002861023,0.9980000257492065,0.972000002861023,0.9980000257492065,19790
2025-01-21,0.9263104796409607,0.9559999704360962,0.972000002861023,0.949999988079071,0.9580000042915344,18059
2025-01-22,0.9108074307441711,0.9399999976158142,0.9779999852180481,0.9399999976158142,0.9679999947547913,39814
2025-01-23,0.9204968810081482,0.949999988079071,0.9539999961853027,0.9279999732971191,0.9300000071525574,56142
2025-01-24,0.9418136477470398,0.972000002861023,0.972000002861023,0.9660000205039978,0.9660000205039978,5236
2025-01-27,0.9204968810081482,0.949999988079071,0.9800000190734863,0.949999988079071,0.9679999947547913,647
2025-01-28,0.9418136477470398,0.972000002861023,0.972000002861023,0.9319999814033508,0.9480000138282776,1996
2025-01-29,0.9495652318000793,0.9800000190734863,1.0,0.9779999852180481,1.0,16537
2025-01-30,0.9398757815361023,0.9700000286102295,0.9800000190734863,0.949999988079071,0.9800000190734863,1475
2025-01-31,0.9321241974830627,0.9620000123977661,0.9900000095367432,0.9279999732971191,0.9700000286102295,41174
2025-02-03,0.9398757815361023,0.9700000286102295,0.9940000176429749,0.9459999799728394,0.9900000095367432,43866
2025-02-04,0.9263104796409607,0.9559999704360962,0.9679999947547913,0.9559999704360962,0.9679999947547913,2193
2025-02-05,0.9534409642219543,0.984000027179718,0.9879999756813049,0.9800000190734863,0.9800000190734863,4
2025-02-06,0.9515030980110168,0.9819999933242798,0.984000027179718,0.9399999976158142,0.9819999933242798,19378
2025-02-07,0.9108074307441711,0.9399999976158142,0.9819999933242798,0.9399999976158142,0.9819999933242798,26596
2025-02-10,0.9456894397735596,0.9760000109672546,0.984000027179718,0.949999988079071,0.9520000219345093,9248
2025-02-11,0.9495652318000793,0.9800000190734863,0.984000027179718,0.9520000219345093,0.9760000109672546,1470
2025-02-12,0.9301862716674805,0.9599999785423279,0.9879999756813049,0.9580000042915344,0.9879999756813049,12111
2025-02-13,0.9243726134300232,0.9539999961853027,0.9779999852180481,0.949999988079071,0.9679999947547913,10559
2025-02-14,0.9515030980110168,0.9819999933242798,0.9819999933242798,0.9599999785423279,0.9599999785423279,18511
2025-02-17,0.9592546224594116,0.9900000095367432,0.9900000095367432,0.9620000123977661,0.9819999933242798,21085
2025-02-18,0.988322913646698,1.0199999809265137,1.0449999570846558,0.9819999933242798,1.0199999809265137,29952
2025-02-19,1.0077017545700073,1.0399999618530273,1.0449999570846558,1.0099999904632568,1.024999976158142,29083
2025-02-20,1.0077017545700073,1.0399999618530273,1.0399999618530273,1.0149999856948853,1.0149999856948853,15794
2025-02-21,0.9931676387786865,1.024999976158142,1.0499999523162842,1.0149999856948853,1.0149999856948853,6444
2025-02-24,1.0173912048339844,1.0499999523162842,1.0499999523162842,1.024999976158142,1.0449999570846558,6242
2025-02-25,1.0513043403625488,1.0850000381469727,1.100000023841858,1.0499999523162842,1.0499999523162842,25205
2025-02-26,1.0173912048339844,1.0499999523162842,1.100000023841858,1.0099999904632568,1.100000023841858,20683
2025-02-27,1.0173912048339844,1.0499999523162842,1.0800000429153442,1.0499999523162842,1.0800000429153442,852
2025-02-28,0.9834782481193542,1.0149999856948853,1.0950000286102295,1.0,1.0,15959
2025-03-03,1.0173912048339844,1.0499999523162842,1.0750000476837158,1.024999976158142,1.024999976158142,10242
2025-03-04,1.0270806550979614,1.059999942779541,1.065000057220459,1.024999976158142,1.0499999523162842,6080
2025-03-05,0.9931676387786865,1.024999976158142,1.024999976158142,1.024999976158142,1.024999976158142,100
2025-03-06,0.9670062065124512,0.9980000257492065,1.0299999713897705,0.9760000109672546,1.0299999713897705,16601
2025-03-07,0.9398757815361023,0.9700000286102295,1.0199999809265137,0.9700000286102295,1.0199999809265137,14383
2025-03-10,0.93793785572052,0.9679999947547913,1.0299999713897705,0.9679999947547913,1.0299999713897705,2472
2025-03-11,0.9495652318000793,0.9800000190734863,0.9879999756813049,0.9800000190734863,0.9819999933242798,4041
2025-03-12,0.9573166966438293,0.9879999756813049,0.9879999756813049,0.9800000190734863,0.9819999933242798,3080
2025-03-13,0.9495652318000793,0.9800000190734863,1.0,0.9300000071525574,0.9980000257492065,11402
2025-03-14,0.9204968810081482,0.949999988079071,0.9599999785423279,0.9300000071525574,0.949999988079071,3334
2025-03-17,0.9476273059844971,0.9779999852180481,1.0,0.9599999785423279,0.9739999771118164,5089
2025-03-18,0.9553788304328918,0.9860000014305115,0.9879999756813049,0.9700000286102295,0.9800000190734863,582
2025-03-19,0.928248405456543,0.9580000042915344,0.9879999756813049,0.9440000057220459,0.9879999756813049,10131
2025-03-20,0.9127452969551086,0.9419999718666077,0.9559999704360962,0.9419999718666077,0.9559999704360962,7478
2025-03-21,0.9321241974830627,0.9620000123977661,0.9620000123977661,0.9399999976158142,0.9480000138282776,2179
2025-03-24,0.9166210889816284,0.9459999799728394,0.9879999756813049,0.9300000071525574,0.9879999756813049,22127
2025-03-25,0.9088695645332336,0.9380000233650208,0.9480000138282776,0.921999990940094,0.9480000138282776,9824
2025-03-26,0.8914285898208618,0.9200000166893005,0.9480000138282776,0.9200000166893005,0.9480000138282776,12872
2025-03-27,0.9088695645332336,0.9380000233650208,0.9380000233650208,0.9200000166893005,0.9200000166893005,5008
2025-03-28,0.8720496296882629,0.8999999761581421,0.9700000286102295,0.8999999761581421,0.9620000123977661,35516
2025-03-31,0.887552797794342,0.9160000085830688,0.9340000152587891,0.9079999923706055,0.9079999923706055,3115
2025-04-01,0.9166210889816284,0.9459999799728394,0.9739999771118164,0.9459999799728394,0.9520000219345093,3976
2025-04-02,0.9088695645332336,0.9380000233650208,0.984000027179718,0.9300000071525574,0.984000027179718,1424
2025-04-03,0.9166210889816284,0.9459999799728394,0.9459999799728394,0.9100000262260437,0.9300000071525574,12969
2025-04-04,0.9049937725067139,0.9340000152587891,0.9459999799728394,0.8799999952316284,0.9459999799728394,15940
2025-04-07,0.8720496296882629,0.8999999761581421,0.9300000071525574,0.8899999856948853,0.9300000071525574,13610
2025-04-08,0.8933664560317993,0.921999990940094,0.972000002861023,0.9120000004768372,0.972000002861023,8638
2025-04-09,0.9049937725067139,0.9340000152587891,0.9539999961853027,0.8899999856948853,0.9020000100135803,12104
2025-04-10,0.9301862716674805,0.9599999785423279,0.972000002861023,0.9359999895095825,0.9359999895095825,18168
2025-04-11,0.9670062065124512,0.9980000257492065,0.9980000257492065,0.921999990940094,0.921999990940094,156
2025-04-14,0.9243726134300232,0.9539999961853027,0.9980000257492065,0.9419999718666077,0.9980000257492065,1416
2025-04-15,0.9185590147972107,0.9480000138282776,0.9980000257492065,0.9480000138282776,0.9700000286102295,16075
2025-04-16,0.9049937725067139,0.9340000152587891,0.9639999866485596,0.9039999842643738,0.9480000138282776,4547
2025-04-17,0.9069316387176514,0.9359999895095825,0.9359999895095825,0.9120000004768372,0.921999990940094,5322
2025-04-22,0.8836770057678223,0.9120000004768372,0.984000027179718,0.9120000004768372,0.984000027179718,113
2025-04-23,0.9108074307441711,0.9399999976158142,0.9399999976158142,0.9319999814033508,0.9399999976158142,5430
2025-04-24,0.9108074307441711,0.9399999976158142,0.9399999976158142,0.9380000233650208,0.9380000233650208,6186
2025-04-25,0.8914285898208618,0.9200000166893005,0.9279999732971191,0.9100000262260437,0.9200000166893005,21628
2025-04-28,0.9204968810081482,0.949999988079071,0.9620000123977661,0.9419999718666077,0.9620000123977661,24510
2025-04-29,0.9185590147972107,0.9480000138282776,0.9959999918937683,0.9279999732971191,0.9959999918937683,7823
2025-04-30,0.9204968810081482,0.949999988079071,0.949999988079071,0.9459999799728394,0.9459999799728394,20439
2025-05-02,0.9689440727233887,1.0,1.0299999713897705,0.949999988079071,0.949999988079071,41335
2025-05-05,0.9592546224594116,0.9900000095367432,0.9980000257492065,0.9860000014305115,0.9980000257492065,8147
2025-05-06,0.9301862716674805,0.9599999785423279,0.9900000095367432,0.9200000166893005,0.9900000095367432,10876
2025-05-07,0.9495652318000793,0.9800000190734863,1.0099999904632568,0.9599999785423279,0.9800000190734863,55429
2025-05-08,0.9166210889816284,0.9459999799728394,0.9779999852180481,0.9300000071525574,0.9779999852180481,16559
2025-05-09,0.9224348068237305,0.9520000219345093,0.9539999961853027,0.9340000152587891,0.9459999799728394,27195
2025-05-12,0.9224348068237305,0.9520000219345093,0.9599999785423279,0.9440000057220459,0.9520000219345093,15788
2025-05-13,0.9146832227706909,0.9440000057220459,0.9440000057220459,0.9319999814033508,0.9399999976158142,2876
2025-05-14,0.9108074307441711,0.9399999976158142,0.949999988079071,0.921999990940094,0.9440000057220459,15528
2025-05-15,0.9049937725067139,0.9340000152587891,0.9779999852180481,0.9300000071525574,0.9359999895095825,23199
2025-05-16,0.9243726134300232,0.9539999961853027,0.9599999785423279,0.9279999732971191,0.9399999976158142,18525
2025-05-19,0.9088695645332336,0.9380000233650208,0.9539999961853027,0.9380000233650208,0.949999988079071,3725
2025-05-20,0.9030558466911316,0.9319999814033508,0.949999988079071,0.9300000071525574,0.9319999814033508,7204
2025-05-21,0.8914285898208618,0.9200000166893005,0.9340000152587891,0.9200000166893005,0.9340000152587891,3163
2025-05-22,0.8836770057678223,0.9120000004768372,0.9380000233650208,0.9120000004768372,0.9279999732971191,4079
2025-05-23,0.8953043222427368,0.9240000247955322,0.9340000152587891,0.8999999761581421,0.9039999842643738,25744
2025-05-26,0.9146832227706909,0.9440000057220459,0.9480000138282776,0.9259999990463257,0.9259999990463257,5499
2025-05-27,0.9592546224594116,0.9900000095367432,0.9940000176429749,0.9480000138282776,0.9480000138282776,58927
2025-05-28,0.9689440727233887,1.0,1.0049999952316284,0.9580000042915344,0.9900000095367432,14861
2025-05-30,0.9689440727233887,1.0,1.0099999904632568,0.984000027179718,1.0099999904632568,6838
2025-06-02,0.9689440727233887,1.0,1.0549999475479126,1.0,1.0049999952316284,10468
2025-06-03,0.9931676387786865,1.024999976158142,1.024999976158142,1.0,1.0,8499
2025-06-04,1.0319254398345947,1.065000057220459,1.065000057220459,1.024999976158142,1.0299999713897705,20430
2025-06-05,1.0222359895706177,1.0549999475479126,1.065000057220459,1.0149999856948853,1.0449999570846558,9652
2025-06-06,0.988322913646698,1.0199999809265137,1.0449999570846558,1.0,1.0049999952316284,17478
2025-06-09,0.9737887978553772,1.0049999952316284,1.0199999809265137,1.0,1.0149999856948853,9867
2025-06-10,0.9786335229873657,1.0099999904632568,1.0449999570846558,1.0099999904632568,1.034999966621399,13507
2025-06-11,0.9834782481193542,1.0149999856948853,1.0399999618530273,1.0099999904632568,1.0399999618530273,2476
2025-06-12,1.0222359895706177,1.0549999475479126,1.059999942779541,1.0299999713897705,1.0499999523162842,12919
2025-06-13,0.9931676387786865,1.024999976158142,1.0700000524520874,1.024999976158142,1.0549999475479126,9977
2025-06-16,0.988322913646698,1.0199999809265137,1.034999966621399,1.0049999952316284,1.034999966621399,4483
2025-06-17,0.988322913646698,1.0199999809265137,1.024999976158142,1.0199999809265137,1.024999976158142,8197
2025-06-18,0.9611924886703491,0.9919999837875366,1.0299999713897705,0.9919999837875366,1.0299999713897705,17294
2025-06-19,0.9670062065124512,0.9980000257492065,1.0,0.9819999933242798,1.0,30206
2025-06-23,0.9437515139579773,0.9739999771118164,1.0199999809265137,0.8799999952316284,1.0199999809265137,17926
2025-06-24,0.9359999895095825,0.9660000205039978,0.9760000109672546,0.949999988079071,0.9620000123977661,24124
2025-06-25,0.9398757815361023,0.9700000286102295,0.9800000190734863,0.9459999799728394,0.9459999799728394,12895
2025-06-26,0.9301862716674805,0.9599999785423279,0.972000002861023,0.9419999718666077,0.9580000042915344,14061
2025-06-27,0.9301862716674805,0.9599999785423279,0.9940000176429749,0.9440000057220459,0.9620000123977661,8255
2025-06-30,0.9359999895095825,0.9660000205039978,1.0049999952316284,0.9660000205039978,1.0049999952316284,4984
2025-07-01,0.9321241974830627,0.9620000123977661,0.9700000286102295,0.9620000123977661,0.9660000205039978,2708
2025-07-02,0.9476273059844971,0.9779999852180481,1.0099999904632568,0.9539999961853027,0.9539999961853027,14290
2025-07-03,0.9573166966438293,0.9879999756813049,1.0099999904632568,0.9800000190734863,1.0099999904632568,5701
2025-07-04,0.9670062065124512,0.9980000257492065,1.0049999952316284,0.9819999933242798,0.9819999933242798,29294
2025-07-07,0.9737887978553772,1.0049999952316284,1.0049999952316284,0.9819999933242798,1.0,8465
2025-07-08,0.9670062065124512,0.9980000257492065,1.0099999904632568,0.9819999933242798,1.0099999904632568,5109
2025-07-09,0.9631304144859314,0.9940000176429749,1.034999966621399,0.9940000176429749,1.0099999904632568,1739
2025-07-10,0.9689440727233887,1.0,1.0399999618530273,0.9940000176429749,0.9940000176429749,3166
2025-07-11,0.9437515139579773,0.9739999771118164,1.0149999856948853,0.9599999785423279,1.0,2204
2025-07-14,0.93793785572052,0.9679999947547913,1.0149999856948853,0.9440000057220459,0.9700000286102295,27522
2025-07-15,0.9204968810081482,0.949999988079071,1.0,0.949999988079071,1.0,20134
2025-07-16,0.9301862716674805,0.9599999785423279,0.9940000176429749,0.9599999785423279,0.9900000095367432,5350
2025-07-17,0.9437515139579773,0.9739999771118164,0.9819999933242798,0.9559999704360962,0.9620000123977661,11963
2025-07-18,0.9321241974830627,0.9620000123977661,0.9959999918937683,0.9520000219345093,0.9739999771118164,21987
2025-07-21,0.928248405456543,0.9580000042915344,0.9860000014305115,0.9559999704360962,0.9599999785423279,31141
2025-07-22,0.9515030980110168,0.9819999933242798,0.9959999918937683,0.9580000042915344,0.9580000042915344,5543
2025-07-23,0.9689440727233887,1.0,1.0,0.9599999785423279,0.9639999866485596,7215
2025-07-24,0.9495652318000793,0.9800000190734863,0.9900000095367432,0.9580000042915344,0.9900000095367432,21838
2025-07-25,0.9301862716674805,0.9599999785423279,0.9779999852180481,0.9580000042915344,0.9700000286102295,13592
2025-07-28,0.9204968810081482,0.949999988079071,0.9819999933242798,0.9459999799728394,0.9599999785423279,27028
2025-07-29,0.9495652318000793,0.9800000190734863,0.9800000190734863,0.9539999961853027,0.9660000205039978,10433
2025-07-30,0.9592546224594116,0.9900000095367432,1.0199999809265137,0.984000027179718,1.0199999809265137,4554
2025-07-31,0.9670062065124512,0.9980000257492065,1.024999976158142,0.9739999771118164,0.9919999837875366,10789
2025-08-01,0.9398757815361023,0.9700000286102295,1.0,0.9700000286102295,1.0,1689
2025-08-04,0.9495652318000793,0.9800000190734863,1.0199999809265137,0.972000002861023,0.972000002861023,3182
2025-08-05,0.9611924886703491,0.9919999837875366,1.0,0.9819999933242798,1.0,10007
2025-08-06,1.0125465393066406,1.0449999570846558,1.0549999475479126,0.9860000014305115,0.9940000176429749,21421
2025-08-07,0.9515030980110168,0.9819999933242798,1.0449999570846558,0.9620000123977661,1.0449999570846558,10823
2025-08-08,0.9456894397735596,0.9760000109672546,1.0099999904632568,0.9700000286102295,0.9860000014305115,19122
2025-08-11,0.9359999895095825,0.9660000205039978,0.9800000190734863,0.9639999866485596,0.9779999852180481,13716
2025-08-12,0.9340620636940002,0.9639999866485596,0.9879999756813049,0.9639999866485596,0.9679999947547913,6505
2025-08-13,0.9573166966438293,0.9879999756813049,1.0049999952316284,0.9620000123977661,0.9779999852180481,11092
2025-08-14,0.9398757815361023,0.9700000286102295,1.0199999809265137,0.9679999947547913,1.0199999809265137,15490
2025-08-15,0.9301862716674805,0.9599999785423279,0.984000027179718,0.9599999785423279,0.9800000190734863,10998
2025-08-18,0.9515030980110168,0.9819999933242798,0.9860000014305115,0.9480000138282776,0.9580000042915344,40702
2025-08-19,0.9437515139579773,0.9739999771118164,1.0149999856948853,0.9599999785423279,0.984000027179718,38998
2025-08-20,0.9456894397735596,0.9760000109672546,0.9919999837875366,0.9620000123977661,0.9639999866485596,21900
2025-08-21,0.9418136477470398,0.972000002861023,0.9760000109672546,0.9459999799728394,0.9760000109672546,33897
2025-08-22,0.9359999895095825,0.9660000205039978,0.9980000257492065,0.9620000123977661,0.9980000257492065,28414
2025-08-25,0.9437515139579773,0.9739999771118164,0.9940000176429749,0.949999988079071,0.9940000176429749,20533
2025-08-26,0.9204968810081482,0.949999988079071,0.9819999933242798,0.949999988079071,0.9700000286102295,4843
2025-08-27,0.9340620636940002,0.9639999866485596,0.9639999866485596,0.9480000138282776,0.9480000138282776,6042
2025-08-28,0.928248405456543,0.9580000042915344,0.9819999933242798,0.9539999961853027,0.9800000190734863,4048
2025-08-29,0.9359999895095825,0.9660000205039978,0.9800000190734863,0.9539999961853027,0.9559999704360962,1887
2025-09-01,0.9301862716674805,0.9599999785423279,0.9879999756813049,0.9480000138282776,0.9819999933242798,18064
2025-09-02,0.9321241974830627,0.9620000123977661,1.0049999952316284,0.9599999785423279,0.9599999785423279,32530
2025-09-03,0.9476273059844971,0.9779999852180481,0.9879999756813049,0.9639999866485596,0.9819999933242798,12994
2025-09-04,0.9476273059844971,0.9779999852180481,0.9860000014305115,0.9599999785423279,0.9800000190734863,12309
2025-09-05,0.9670062065124512,0.9980000257492065,1.0099999904632568,0.9800000190734863,0.9879999756813049,29147
2025-09-08,0.9689440727233887,1.0,1.0099999904632568,0.9779999852180481,1.0,4707
2025-09-09,0.9611924886703491,0.9919999837875366,1.0049999952316284,0.9800000190734863,1.0049999952316284,2841
2025-09-10,0.9398757815361023,0.9700000286102295,0.9779999852180481,0.9639999866485596,0.9679999947547913,1678
2025-09-11,0.9418136477470398,0.972000002861023,0.9860000014305115,0.9599999785423279,0.9700000286102295,5494
2025-09-12,0.9359999895095825,0.9660000205039978,0.9940000176429749,0.9580000042915344,0.9700000286102295,13432
2025-09-15,0.9631304144859314,0.9940000176429749,0.9959999918937683,0.9480000138282776,0.9700000286102295,5224
2025-09-16,0.9611924886703491,0.9919999837875366,1.0049999952316284,0.9639999866485596,1.0,18515
2025-09-17,0.9689440727233887,1.0,1.0049999952316284,1.0,1.0049999952316284,3607
2025-09-18,1.0028570890426636,1.034999966621399,1.034999966621399,0.984000027179718,1.0049999952316284,14778
2025-09-19,0.9670062065124512,0.9980000257492065,1.034999966621399,0.9959999918937683,1.034999966621399,8303
2025-09-22,0.9737887978553772,1.0049999952316284,1.0049999952316284,0.9919999837875366,0.9980000257492065,6642
2025-09-23,0.9931676387786865,1.024999976158142,1.024999976158142,1.0,1.0,7094
2025-09-24,0.9689440727233887,1.0,1.024999976158142,1.0,1.0099999904632568,3001
2025-09-25,0.9670062065124512,0.9980000257492065,1.0199999809265137,0.9620000123977661,1.0,34392
2025-09-26,0.9398757815361023,0.9700000286102295,0.9980000257492065,0.9599999785423279,0.9980000257492065,16335
2025-09-29,0.9476273059844971,0.9779999852180481,0.9779999852180481,0.9599999785423279,0.9599999785423279,14123
2025-09-30,0.9553788304328918,0.9860000014305115,0.9860000014305115,0.9660000205039978,0.9779999852180481,16050
2025-10-01,0.9301862716674805,0.9599999785423279,0.9879999756813049,0.9539999961853027,0.9879999756813049,4375
2025-10-02,0.9418136477470398,0.972000002861023,0.9779999852180481,0.972000002861023,0.9739999771118164,5563
2025-10-03,0.93793785572052,0.9679999947547913,0.9800000190734863,0.9580000042915344,0.9580000042915344,30457
2025-10-06,0.928248405456543,0.9580000042915344,0.9679999947547913,0.9539999961853027,0.9679999947547913,17991
2025-10-07,0.9263104796409607,0.9559999704360962,0.9700000286102295,0.9559999704360962,0.9700000286102295,9998
2025-10-08,0.9398757815361023,0.9700000286102295,0.9700000286102295,0.9559999704360962,0.9559999704360962,2470
2025-10-09,0.9204968810081482,0.949999988079071,0.9760000109672546,0.949999988079071,0.9760000109672546,7301
2025-10-10,0.9456894397735596,0.9760000109672546,0.9760000109672546,0.9520000219345093,0.9520000219345093,1955
2025-10-13,0.9146832227706909,0.9440000057220459,0.9760000109672546,0.9440000057220459,0.9760000109672546,6311
2025-10-14,0.9398757815361023,0.9700000286102295,0.9700000286102295,0.9200000166893005,0.9440000057220459,9996
2025-10-15,0.9108074307441711,0.9399999976158142,0.9700000286102295,0.9399999976158142,0.9700000286102295,464
2025-10-16,0.9321241974830627,0.9620000123977661,0.9660000205039978,0.9399999976158142,0.9399999976158142,2117
2025-10-17,0.9011179804801941,0.9300000071525574,0.9660000205039978,0.9279999732971191,0.9660000205039978,14134
2025-10-20,0.8914285898208618,0.9200000166893005,0.9559999704360962,0.9139999747276306,0.9200000166893005,17029
2025-10-21,0.9108074307441711,0.9399999976158142,0.9399999976158142,0.9200000166893005,0.9200000166893005,9255
2025-10-22,0.9069316387176514,0.9359999895095825,0.9459999799728394,0.921999990940094,0.9419999718666077,7163
2025-10-23,0.9088695645332336,0.9380000233650208,0.9380000233650208,0.8899999856948853,0.8999999761581421,33152
2025-10-24,0.8914285898208618,0.9200000166893005,0.9380000233650208,0.9020000100135803,0.9380000233650208,28294
2025-10-27,0.8991800546646118,0.9279999732971191,0.9599999785423279,0.9200000166893005,0.9200000166893005,16156
2025-10-28,0.9301862716674805,0.9599999785423279,0.972000002861023,0.949999988079071,0.9520000219345093,39711
2025-10-29,0.9204968810081482,0.949999988079071,0.9940000176429749,0.9039999842643738,0.9940000176429749,71301
2025-10-30,0.9263104796409607,0.9559999704360962,0.9660000205039978,0.9380000233650208,0.9520000219345093,27125
2025-10-31,0.9301862716674805,0.9599999785423279,0.9700000286102295,0.9559999704360962,0.9700000286102295,5832
2025-11-03,0.93793785572052,0.9679999947547913,0.984000027179718,0.9599999785423279,0.9599999785423279,23273
2025-11-04,0.9030558466911316,0.9319999814033508,0.984000027179718,0.9319999814033508,0.984000027179718,12398
2025-11-05,0.9301862716674805,0.9599999785423279,0.9779999852180481,0.9319999814033508,0.9319999814033508,3940
2025-11-06,0.9011179804801941,0.9300000071525574,0.9660000205039978,0.9300000071525574,0.9620000123977661,6472
2025-11-07,0.93793785572052,0.9679999947547913,0.9679999947547913,0.9279999732971191,0.9380000233650208,14288
2025-11-10,0.9088695645332336,0.9380000233650208,0.9860000014305115,0.9200000166893005,0.984000027179718,5678
2025-11-11,0.9108074307441711,0.9399999976158142,0.9399999976158142,0.9200000166893005,0.9240000247955322,12690
2025-11-12,0.9011179804801941,0.9300000071525574,0.9580000042915344,0.9240000247955322,0.9580000042915344,6714
2025-11-13,0.9127452969551086,0.9419999718666077,0.9419999718666077,0.9300000071525574,0.9399999976158142,15907
2025-11-14,0.8991800546646118,0.9279999732971191,0.949999988079071,0.9259999990463257,0.949999988079071,29334
2025-11-17,0.9030558466911316,0.9319999814033508,0.9419999718666077,0.9279999732971191,0.9279999732971191,12083
2025-11-18,0.8894906640052795,0.9179999828338623,0.9419999718666077,0.8980000019073486,0.9419999718666077,43497
2025-11-19,0.8798012137413025,0.9079999923706055,0.9340000152587891,0.8999999761581421,0.9300000071525574,17646
2025-11-20,0.8817391395568848,0.9100000262260437,0.9160000085830688,0.8899999856948853,0.9039999842643738,84521
2025-11-21,0.8720496296882629,0.8999999761581421,0.9100000262260437,0.8999999761581421,0.9079999923706055,8133
2025-11-24,0.8623602390289307,0.8899999856948853,0.8960000276565552,0.8619999885559082,0.8619999885559082,80862
2025-11-25,0.8720496296882629,0.8999999761581421,0.9120000004768372,0.8840000033378601,0.8939999938011169,15039
2025-11-26,0.8856148719787598,0.9139999747276306,0.9139999747276306,0.8999999761581421,0.9039999842643738,26872
2025-11-27,0.8817391395568848,0.9100000262260437,0.9100000262260437,0.8920000195503235,0.9100000262260437,2813
2025-11-28,0.877863347530365,0.906000018119812,0.906000018119812,0.9039999842643738,0.9039999842643738,12668
2025-12-01,0.8739875555038452,0.9020000100135803,0.906000018119812,0.9020000100135803,0.906000018119812,2285
2025-12-02,0.8914285898208618,0.9200000166893005,0.9300000071525574,0.906000018119812,0.906000018119812,15609
2025-12-03,0.9185590147972107,0.9480000138282776,0.949999988079071,0.9300000071525574,0.9340000152587891,56223
2025-12-04,0.9185590147972107,0.9480000138282776,0.9520000219345093,0.9399999976158142,0.9399999976158142,8968
2025-12-05,0.9011179804801941,0.9300000071525574,0.9359999895095825,0.9200000166893005,0.9359999895095825,14549
2025-12-08,0.8914285898208618,0.9200000166893005,0.949999988079071,0.9200000166893005,0.949999988079071,2337
2025-12-09,0.8798012137413025,0.9079999923706055,0.9259999990463257,0.9020000100135803,0.9020000100135803,40676
2025-12-10,0.8856148719787598,0.9139999747276306,0.9259999990463257,0.9079999923706055,0.9079999923706055,23549
2025-12-11,0.8972421884536743,0.9259999990463257,0.9259999990463257,0.9120000004768372,0.9120000004768372,1861
2025-12-12,0.8894906640052795,0.9179999828338623,0.9200000166893005,0.9139999747276306,0.9179999828338623,2313
2025-12-15,0.9011179804801941,0.9300000071525574,0.9319999814033508,0.9100000262260437,0.921999990940094,27704
2025-12-16,0.8856148719787598,0.9139999747276306,0.9279999732971191,0.9139999747276306,0.9279999732971191,4058
2025-12-17,0.8817391395568848,0.9100000262260437,0.921999990940094,0.9100000262260437,0.921999990940094,1591
2025-12-18,0.8759254217147827,0.9039999842643738,0.9179999828338623,0.8999999761581421,0.9100000262260437,8451
2025-12-19,0.8914285898208618,0.9200000166893005,0.9440000057220459,0.9020000100135803,0.9020000100135803,53556
2025-12-22,0.8720496296882629,0.8999999761581421,0.9440000057220459,0.8999999761581421,0.9399999976158142,35237
2025-12-23,0.928248405456543,0.9580000042915344,0.9599999785423279,0.8920000195503235,0.8980000019073486,29719
2025-12-29,0.9166210889816284,0.9459999799728394,0.9580000042915344,0.9340000152587891,0.9580000042915344,32963
2025-12-30,0.9127452969551086,0.9419999718666077,0.9419999718666077,0.9300000071525574,0.9419999718666077,21292
2026-01-02,0.9263104796409607,0.9559999704360962,0.9580000042915344,0.9419999718666077,0.9440000057220459,14784
2026-01-05,0.9243726134300232,0.9539999961853027,0.9580000042915344,0.9380000233650208,0.9580000042915344,16229
2026-01-07,0.9127452969551086,0.9419999718666077,0.9539999961853027,0.9359999895095825,0.9539999961853027,2976
2026-01-08,0.9166210889816284,0.9459999799728394,0.9520000219345093,0.9340000152587891,0.9520000219345093,649
2026-01-09,0.928248405456543,0.9580000042915344,0.9580000042915344,0.9359999895095825,0.9480000138282776,2024
2026-01-12,0.9069316387176514,0.9359999895095825,0.9580000042915344,0.9340000152587891,0.9580000042915344,4961
2026-01-13,0.9185590147972107,0.9480000138282776,0.9480000138282776,0.9340000152587891,0.9359999895095825,8232
2026-01-14,0.9088695645332336,0.9380000233650208,0.9580000042915344,0.9380000233650208,0.9480000138282776,14568
2026-01-15,0.9301862716674805,0.9599999785423279,0.9599999785423279,0.949999988079071,0.949999988079071,1709
2026-01-16,0.9011179804801941,0.9300000071525574,0.9599999785423279,0.9300000071525574,0.9599999785423279,14133
2026-01-19,0.9108074307441711,0.9399999976158142,0.949999988079071,0.9200000166893005,0.949999988079071,15189
2026-01-20,0.9224348068237305,0.9520000219345093,0.9580000042915344,0.9160000085830688,0.9580000042915344,16971
2026-01-21,0.9030558466911316,0.9319999814033508,0.949999988079071,0.9179999828338623,0.949999988079071,4580
2026-01-22,0.9204968810081482,0.949999988079071,0.9580000042915344,0.9179999828338623,0.9179999828338623,12435
2026-01-23,0.9127452969551086,0.9419999718666077,0.9539999961853027,0.9419999718666077,0.9539999961853027,1361
2026-01-26,0.9069316387176514,0.9359999895095825,0.9580000042915344,0.9300000071525574,0.9580000042915344,8639
2026-01-27,0.9263104796409607,0.9559999704360962,0.9559999704360962,0.9340000152587891,0.9340000152587891,13413
2026-01-28,0.9049937725067139,0.9340000152587891,0.9539999961853027,0.9340000152587891,0.9539999961853027,9
2026-01-29,0.8817391395568848,0.9100000262260437,0.9440000057220459,0.9100000262260437,0.9300000071525574,5424
2026-01-30,0.9011179804801941,0.9300000071525574,0.9419999718666077,0.9100000262260437,0.9120000004768372,35643
2026-02-02,0.9108074307441711,0.9399999976158142,0.9399999976158142,0.9100000262260437,0.9200000166893005,3350
2026-02-03,0.9146832227706909,0.9440000057220459,0.9559999704360962,0.9399999976158142,0.9559999704360962,1286
2026-02-04,0.9011179804801941,0.9300000071525574,0.9419999718666077,0.9300000071525574,0.9300000071525574,166
2026-02-05,0.9127452969551086,0.9419999718666077,0.9440000057220459,0.921999990940094,0.9440000057220459,536
2026-02-06,0.9146832227706909,0.9440000057220459,0.9440000057220459,0.921999990940094,0.9419999718666077,6780
2026-02-09,0.9185590147972107,0.9480000138282776,0.949999988079071,0.9300000071525574,0.9440000057220459,4921
2026-02-10,0.9166210889816284,0.9459999799728394,0.949999988079071,0.9399999976158142,0.949999988079071,1267
2026-02-11,0.9108074307441711,0.9399999976158142,0.9599999785423279,0.9300000071525574,0.949999988079071,33533
2026-02-12,0.8933664560317993,0.921999990940094,0.9539999961853027,0.921999990940094,0.949999988079071,11087
2026-02-13,0.9166210889816284,0.9459999799728394,0.9520000219345093,0.9240000247955322,0.9240000247955322,14305
2026-02-16,0.9224348068237305,0.9520000219345093,0.9679999947547913,0.9319999814033508,0.9319999814033508,1945
2026-02-17,0.9224348068237305,0.9520000219345093,0.9539999961853027,0.9459999799728394,0.9520000219345093,1624
2026-02-18,0.9204968810081482,0.949999988079071,0.9520000219345093,0.9399999976158142,0.9520000219345093,11516
2026-02-19,0.9127452969551086,0.9419999718666077,0.949999988079071,0.9419999718666077,0.949999988079071,7631
2026-02-20,0.928248405456543,0.9580000042915344,1.0049999952316284,0.949999988079071,0.949999988079071,53609
2026-02-23,0.9495652318000793,0.9800000190734863,0.9800000190734863,0.9599999785423279,0.9599999785423279,2860
2026-02-24,0.9592546224594116,0.9900000095367432,1.0,0.9800000190734863,1.0,16778
2026-02-25,0.9495652318000793,0.9800000190734863,1.0399999618530273,0.9660000205039978,1.0399999618530273,42932
2026-02-26,0.9495652318000793,0.9800000190734863,0.9959999918937683,0.9800000190734863,0.9900000095367432,34920
2026-02-27,0.998012363910675,1.0299999713897705,1.0399999618530273,0.972000002861023,1.0,34678
2026-03-02,0.9670062065124512,0.9980000257492065,1.0099999904632568,0.9520000219345093,1.0099999904632568,27501
2026-03-03,0.9573166966438293,0.9879999756813049,0.9980000257492065,0.9700000286102295,0.9980000257492065,24819
2026-03-04,0.9515030980110168,0.9819999933242798,0.9879999756813049,0.9620000123977661,0.9879999756813049,14587
2026-03-05,0.9495652318000793,0.9800000190734863,0.9800000190734863,0.9679999947547913,0.9679999947547913,1301
2026-03-06,0.9573166966438293,0.9879999756813049,0.9879999756813049,0.9639999866485596,0.9800000190734863,6869
2026-03-09,0.9611924886703491,0.9919999837875366,1.0099999904632568,0.9700000286102295,0.9879999756813049,18360
2026-03-10,0.9650682806968689,0.9959999918937683,1.0049999952316284,0.9860000014305115,0.9860000014305115,1403
2026-03-11,0.9834782481193542,1.0149999856948853,1.0149999856948853,0.9760000109672546,1.0,13359
2026-03-12,0.9689440727233887,1.0,1.0199999809265137,0.9900000095367432,1.0149999856948853,26180
2026-03-13,0.9689440727233887,1.0,1.034999966621399,1.0,1.0099999904632568,19931
2026-03-16,0.9631304144859314,0.9940000176429749,1.0299999713897705,0.9900000095367432,1.0,71769
2026-03-17,0.9611924886703491,0.9919999837875366,1.0049999952316284,0.9779999852180481,0.9919999837875366,26365
2026-03-18,0.9495652318000793,0.9800000190734863,1.0049999952316284,0.9679999947547913,0.9919999837875366,28586
2026-03-19,0.9301862716674805,0.9599999785423279,0.9800000190734863,0.9399999976158142,0.9800000190734863,28692
2026-03-20,0.9204968810081482,0.949999988079071,0.972000002861023,0.949999988079071,0.9700000286102295,15095
2026-03-23,0.9166210889816284,0.9459999799728394,0.9980000257492065,0.9459999799728394,0.9559999704360962,17242
2026-03-24,0.8856148719787598,0.9139999747276306,0.9539999961853027,0.9100000262260437,0.9300000071525574,75127
2026-03-25,0.8972421884536743,0.9259999990463257,0.9440000057220459,0.9240000247955322,0.9319999814033508,12072
2026-03-26,0.8933664560317993,0.921999990940094,0.9660000205039978,0.9200000166893005,0.9660000205039978,8022
2026-03-27,0.8914285898208618,0.9200000166893005,0.9539999961853027,0.9139999747276306,0.9259999990463257,18632
2026-03-30,0.8798012137413025,0.9079999923706055,0.9200000166893005,0.8640000224113464,0.9200000166893005,90550
2026-03-31,0.8836770057678223,0.9120000004768372,0.9120000004768372,0.8899999856948853,0.906000018119812,11860
2026-04-01,0.9011179804801941,0.9300000071525574,0.9300000071525574,0.9120000004768372,0.9300000071525574,12014
2026-04-02,0.8894906640052795,0.9179999828338623,0.9300000071525574,0.9120000004768372,0.9300000071525574,13834
2026-04-07,0.9204968810081482,0.949999988079071,1.0,0.9300000071525574,1.0,19286
2026-04-08,0.9592546224594116,0.9900000095367432,0.9980000257492065,0.9800000190734863,0.9819999933242798,72517
2026-04-09,0.9359999895095825,0.9660000205039978,0.9900000095367432,0.949999988079071,0.9900000095367432,7585
2026-04-10,0.9679999947547913,0.9679999947547913,0.9679999947547913,0.949999988079071,0.9559999704360962,4765
2026-04-13,0.9340000152587891,0.9340000152587891,0.9679999947547913,0.921999990940094,0.9679999947547913,18278
2026-04-14,0.9459999799728394,0.9459999799728394,0.9539999961853027,0.9419999718666077,0.9419999718666077,6175
2026-04-15,0.9419999718666077,0.9419999718666077,0.9480000138282776,0.9419999718666077,0.9480000138282776,7976
2026-04-16,0.9639999866485596,0.9639999866485596,0.9639999866485596,0.9419999718666077,0.9620000123977661,8193
2026-04-17,0.9739999771118164,0.9739999771118164,0.9779999852180481,0.9399999976158142,0.9399999976158142,26357
2026-04-20,0.9539999961853027,0.9539999961853027,0.9700000286102295,0.921999990940094,0.9700000286102295,11989
2026-04-21,0.9539999961853027,0.9539999961853027,0.9800000190734863,0.9539999961853027,0.9800000190734863,6679
2026-04-22,0.9520000219345093,0.9520000219345093,0.9539999961853027,0.9399999976158142,0.9419999718666077,24444
2026-04-23,0.9440000057220459,0.9440000057220459,0.9679999947547913,0.9419999718666077,0.9599999785423279,19371
2026-04-24,0.9359999895095825,0.9359999895095825,0.9580000042915344,0.9200000166893005,0.9459999799728394,43800
2026-04-27,0.9480000138282776,0.9480000138282776,0.9480000138282776,0.9340000152587891,0.9340000152587891,6492
2026-04-28,0.9480000138282776,0.9480000138282776,0.949999988079071,0.9480000138282776,0.949999988079071,5479
2026-04-29,0.9440000057220459,0.9440000057220459,0.9480000138282776,0.9240000247955322,0.9480000138282776,5541
2026-04-30,0.9679999947547913,0.9679999947547913,0.9679999947547913,0.9459999799728394,0.9480000138282776,8014
2026-05-04,0.9819999933242798,0.9819999933242798,0.9860000014305115,0.9700000286102295,0.9700000286102295,4277
2026-05-05,0.9739999771118164,0.9739999771118164,0.9940000176429749,0.9700000286102295,0.9700000286102295,7424
2026-05-06,0.9520000219345093,0.9520000219345093,0.9800000190734863,0.9440000057220459,0.972000002861023,12355
2026-05-07,0.9639999866485596,0.9639999866485596,0.9879999756813049,0.9639999866485596,0.9639999866485596,8995
2026-05-08,0.9779999852180481,0.9779999852180481,0.984000027179718,0.9559999704360962,0.984000027179718,4016
2026-05-11,0.9700000286102295,0.9700000286102295,0.9860000014305115,0.9539999961853027,0.9779999852180481,4533
2026-05-12,0.9760000109672546,0.9760000109672546,0.984000027179718,0.9559999704360962,0.9580000042915344,9646
2026-05-13,0.9599999785423279,0.9599999785423279,0.9879999756813049,0.9599999785423279,0.9760000109672546,10074
2026-05-15,0.9599999785423279,0.9599999785423279,0.9760000109672546,0.9559999704360962,0.9599999785423279,7488
2026-05-18,0.9599999785423279,0.9599999785423279,0.9760000109672546,0.9599999785423279,0.9760000109672546,4495
2026-05-19,0.9559999704360962,0.9559999704360962,0.972000002861023,0.9559999704360962,0.9599999785423279,4814
2026-05-20,0.9459999799728394,0.9459999799728394,0.9679999947547913,0.9459999799728394,0.9679999947547913,3661
2026-05-21,0.9300000071525574,0.9300000071525574,0.9459999799728394,0.9300000071525574,0.9459999799728394,10901
2026-05-22,0.9440000057220459,0.9440000057220459,0.9459999799728394,0.9100000262260437,0.9459999799728394,8879
2026-05-25,0.9679999947547913,0.9679999947547913,0.9739999771118164,0.949999988079071,0.9539999961853027,4555
2026-05-26,0.9760000109672546,0.9760000109672546,0.9779999852180481,0.9580000042915344,0.9679999947547913,4559
2026-05-27,0.9399999976158142,0.9399999976158142,0.9700000286102295,0.9100000262260437,0.9700000286102295,3726
2026-05-28,0.9319999814033508,0.9319999814033508,0.9399999976158142,0.9179999828338623,0.9380000233650208,12042
2026-05-29,0.9399999976158142,0.9399999976158142,0.9679999947547913,0.9399999976158142,0.9580000042915344,14302
2026-06-01,0.9660000205039978,0.9660000205039978,0.9800000190734863,0.9419999718666077,0.9419999718666077,3990
2026-06-02,0.9459999799728394,0.9459999799728394,0.972000002861023,0.9459999799728394,0.9599999785423279,3583
2026-06-03,0.9440000057220459,0.9440000057220459,0.949999988079071,0.9319999814033508,0.9419999718666077,16547
2026-06-04,0.9959999918937683,0.9959999918937683,0.9980000257492065,0.9440000057220459,0.9440000057220459,5585
2026-06-05,0.9399999976158142,0.9399999976158142,0.9419999718666077,0.9340000152587891,0.9399999976158142,10539
2026-06-08,0.9419999718666077,0.9419999718666077,0.9419999718666077,0.9359999895095825,0.9399999976158142,3859
2026-06-09,0.9399999976158142,0.9399999976158142,0.9620000123977661,0.9399999976158142,0.9399999976158142,11230
2026-06-10,0.9399999976158142,0.9399999976158142,0.9399999976158142,0.9319999814033508,0.9399999976158142,6071
2026-06-11,0.9279999732971191,0.9279999732971191,0.9399999976158142,0.9200000166893005,0.9300000071525574,13488
2026-06-12,0.9359999895095825,0.9359999895095825,0.9559999704360962,0.9340000152587891,0.9359999895095825,5335
2026-06-15,0.9380000233650208,0.9380000233650208,0.9399999976158142,0.9279999732971191,0.9340000152587891,4530
2026-06-16,0.9319999814033508,0.9319999814033508,0.9459999799728394,0.9319999814033508,0.9399999976158142,3131
2026-06-17,0.9480000138282776,0.9480000138282776,0.949999988079071,0.9399999976158142,0.9399999976158142,3336
2026-06-18,0.9399999976158142,0.9399999976158142,0.9580000042915344,0.9300000071525574,0.9480000138282776,12760
2026-06-22,0.9300000071525574,0.9300000071525574,0.9399999976158142,0.9200000166893005,0.9399999976158142,22052
2026-06-23,0.9100000262260437,0.9100000262260437,0.9259999990463257,0.8799999952316284,0.9259999990463257,12397
2026-06-24,0.921999990940094,0.921999990940094,0.9359999895095825,0.9079999923706055,0.9079999923706055,8377
2026-06-25,0.9020000100135803,0.9020000100135803,0.9440000057220459,0.8679999709129333,0.9440000057220459,33836
2026-06-26,0.9100000262260437,0.9100000262260437,0.9100000262260437,0.9039999842643738,0.9039999842643738,2259
2026-06-29,0.9240000247955322,0.9240000247955322,0.9279999732971191,0.9100000262260437,0.9100000262260437,5126
2026-06-30,0.9300000071525574,0.9300000071525574,0.9300000071525574,0.9240000247955322,0.9240000247955322,2922
2026-07-01,0.9319999814033508,0.9319999814033508,0.9319999814033508,0.9300000071525574,0.9300000071525574,2750
2026-07-02,0.9200000166893005,0.9200000166893005,0.9319999814033508,0.9200000166893005,0.9319999814033508,3263
2026-07-03,0.9020000100135803,0.9020000100135803,0.9340000152587891,0.8999999761581421,0.9200000166893005,8191
2026-07-06,0.906000018119812,0.906000018119812,0.9359999895095825,0.906000018119812,0.9359999895095825,6330
2026-07-07,0.9079999923706055,0.9079999923706055,0.9200000166893005,0.9079999923706055,0.9200000166893005,2618
2026-07-08,0.8859999775886536,0.8859999775886536,0.9279999732971191,0.8679999709129333,0.9200000166893005,18644
2026-07-09,0.9179999828338623,0.9179999828338623,0.9179999828338623,0.9020000100135803,0.9020000100135803,2308
2026-07-10,0.9340000152587891,0.9340000152587891,0.9340000152587891,0.9259999990463257,0.9259999990463257,4077
2026-07-13,0.9340000152587891,0.9340000152587891,0.9359999895095825,0.8999999761581421,0.9340000152587891,6273
2026-07-14,0.9340000152587891,0.9340000152587891,0.9359999895095825,0.9340000152587891,0.9359999895095825,2205
2026-07-15,0.9359999895095825,0.9359999895095825,0.9359999895095825,0.9340000152587891,0.9340000152587891,2309
2026-07-16,0.9359999895095825,0.9359999895095825,0.9359999895095825,0.9359999895095825,0.9359999895095825,2047
2026-07-17,0.9380000233650208,0.9380000233650208,0.9380000233650208,0.9340000152587891,0.9380000233650208,2501
2026-07-20,0.9179999828338623,0.9179999828338623,0.9380000233650208,0.9039999842643738,0.9380000233650208,3058
2026-07-21,0.9300000071525574,0.9300000071525574,0.9300000071525574,0.9179999828338623,0.9279999732971191,10383
2026-07-22,0.9200000166893005,0.9200000166893005,0.9380000233650208,0.9120000004768372,0.9300000071525574,5260
2026-07-23,0.9259999990463257,0.9259999990463257,0.9399999976158142,0.9259999990463257,0.9359999895095825,3230
2026-07-24,0.8999999761581421,0.8999999761581421,0.9259999990463257,0.8999999761581421,0.9259999990463257,13287
2026-07-27,0.9399999976158142,0.9399999976158142,0.9399999976158142,0.8960000276565552,0.906000018119812,8652
2026-07-28,0.9240000247955322,0.9240000247955322,0.9480000138282776,0.9240000247955322,0.9399999976158142,6413
2026-07-29,0.9240000247955322,0.9240000247955322,0.9259999990463257,0.9139999747276306,0.9259999990463257,4827
2026-07-30,0.9200000166893005,0.9200000166893005,0.9620000123977661,0.9200000166893005,0.9319999814033508,9953
2026-07-31,0.921999990940094,0.921999990940094,0.9539999961853027,0.921999990940094,0.9259999990463257,12026
2026-08-03,0.9440000057220459,0.9440000057220459,0.9459999799728394,0.9179999828338623,0.9179999828338623,5889
2026-08-04,0.949999988079071,0.949999988079071,0.9580000042915344,0.9380000233650208,0.9440000057220459,40743
2026-08-05,0.9039999842643738,0.9039999842643738,0.9599999785423279,0.8880000114440918,0.9599999785423279,32928
2026-08-06,0.9200000166893005,0.9200000166893005,0.9399999976158142,0.8999999761581421,0.9399999976158142,37319
2026-08-07,0.9340000152587891,0.9340000152587891,0.9399999976158142,0.9340000152587891,0.9399999976158142,7801
2026-08-10,0.9399999976158142,0.9399999976158142,0.949999988079071,0.9259999990463257,0.9340000152587891,22585
2026-08-11,0.9240000247955322,0.9240000247955322,0.9399999976158142,0.9240000247955322,0.9399999976158142,8938
2026-08-12,0.9160000085830688,0.9160000085830688,0.9340000152587891,0.9160000085830688,0.9240000247955322,17893
2026-08-13,0.9200000166893005,0.9200000166893005,0.9300000071525574,0.9179999828338623,0.9200000166893005,16050
2026-08-14,0.9340000152587891,0.9340000152587891,0.9340000152587891,0.9200000166893005,0.9200000166893005,9378
2026-08-17,0.9300000071525574,0.9300000071525574,0.9319999814033508,0.921999990940094,0.921999990940094,4680
2026-08-18,0.9200000166893005,0.9200000166893005,0.9300000071525574,0.9120000004768372,0.9279999732971191,10834
2026-08-19,0.906000018119812,0.906000018119812,0.9200000166893005,0.9039999842643738,0.9200000166893005,17875
2026-08-20,0.9039999842643738,0.9039999842643738,0.9100000262260437,0.8999999761581421,0.9100000262260437,16670
2026-08-21,0.9139999747276306,0.9139999747276306,0.9259999990463257,0.906000018119812,0.9100000262260437,21075
2026-08-24,0.9259999990463257,0.9259999990463257,0.9259999990463257,0.8999999761581421,0.8999999761581421,20749
2026-08-25,0.9179999828338623,0.9179999828338623,0.9279999732971191,0.9179999828338623,0.9279999732971191,6732
2026-08-26,0.9200000166893005,0.9200000166893005,0.9200000166893005,0.9100000262260437,0.9200000166893005,9093
2026-08-27,0.9419999718666077,0.9419999718666077,0.9419999718666077,0.9200000166893005,0.9200000166893005,21742
2026-08-28,0.9459999799728394,0.9459999799728394,0.9480000138282776,0.9399999976158142,0.9399999976158142,7507
2026-08-31,0.9160000085830688,0.9160000085830688,0.9300000071525574,0.9120000004768372,0.9300000071525574,6816
2026-09-01,0.9399999976158142,0.9399999976158142,0.9440000057220459,0.9300000071525574,0.9380000233650208,8116
2026-09-02,0.9200000166893005,0.9200000166893005,0.9399999976158142,0.9139999747276306,0.9399999976158142,3148
2026-09-03,0.9240000247955322,0.9240000247955322,0.9340000152587891,0.9139999747276306,0.9139999747276306,1830
2026-09-04,0.9200000166893005,0.9200000166893005,0.9200000166893005,0.9139999747276306,0.9139999747276306,1744
2026-09-08,0.9279999732971191,0.9279999732971191,0.9279999732971191,0.9139999747276306,0.9160000085830688,586
2026-09-09,0.9200000166893005,0.9200000166893005,0.9200000166893005,0.9139999747276306,0.9179999828338623,8707
2026-09-10,0.9160000085830688,0.9160000085830688,0.9160000085830688,0.9100000262260437,0.9160000085830688,14643
2026-09-11,0.9079999923706055,0.9079999923706055,0.9079999923706055,0.9079999923706055,0.9079999923706055,5100
2026-09-14,0.906000018119812,0.906000018119812,0.9120000004768372,0.906000018119812,0.9120000004768372,48600
2026-09-15,0.9160000085830688,0.9160000085830688,0.9160000085830688,0.8920000195503235,0.906000018119812,47868
2026-09-16,0.8980000019073486,0.8980000019073486,0.9079999923706055,0.8939999938011169,0.8939999938011169,16957
