Price,Adj Close,Close,High,Low,Open,Volume
Ticker,TRH1V.HE,TRH1V.HE,TRH1V.HE,TRH1V.HE,TRH1V.HE,TRH1V.HE
Date,,,,,,
2016-01-04,2.5211398601531982,3.5999999046325684,3.700000047683716,3.450000047683716,3.5,10551
2016-01-05,3.22145676612854,4.599999904632568,4.599999904632568,3.5999999046325684,3.6500000953674316,6704
2016-01-07,2.696218967437744,3.8499999046325684,3.9000000953674316,3.6500000953674316,3.9000000953674316,2597
2016-01-08,2.696218967437744,3.8499999046325684,3.9000000953674316,3.6500000953674316,3.9000000953674316,2597
2016-01-11,2.5211398601531982,3.5999999046325684,3.799999952316284,3.5999999046325684,3.700000047683716,1608
2016-01-12,2.5211398601531982,3.5999999046325684,3.75,3.5999999046325684,3.5999999046325684,1089
2016-01-13,2.591171979904175,3.700000047683716,3.799999952316284,3.5999999046325684,3.6500000953674316,2345
2016-01-14,2.626187562942505,3.75,3.75,3.75,3.75,672
2016-01-15,2.5561561584472656,3.6500000953674316,3.799999952316284,3.6500000953674316,3.799999952316284,8914
2016-01-18,2.5561561584472656,3.6500000953674316,3.8499999046325684,3.6500000953674316,3.8499999046325684,353
2016-01-19,2.626187562942505,3.75,3.75,3.700000047683716,3.700000047683716,2281
2016-01-20,2.5561561584472656,3.6500000953674316,3.75,3.6500000953674316,3.700000047683716,2130
2016-01-21,2.696218967437744,3.8499999046325684,3.8499999046325684,3.700000047683716,3.700000047683716,2407
2016-01-22,2.696218967437744,3.8499999046325684,3.950000047683716,3.75,3.8499999046325684,4258
2016-01-25,2.626187562942505,3.75,3.8499999046325684,3.75,3.8499999046325684,1832
2016-01-26,2.7312355041503906,3.9000000953674316,3.950000047683716,3.75,3.75,2639
2016-01-27,2.871298313140869,4.099999904632568,4.150000095367432,3.9000000953674316,3.9000000953674316,3696
2016-01-28,2.7662508487701416,3.950000047683716,4.099999904632568,3.950000047683716,4.099999904632568,2432
2016-01-29,2.80126690864563,4.0,4.150000095367432,4.0,4.0,1399
2016-02-01,2.80126690864563,4.0,4.0,3.8499999046325684,4.0,4458
2016-02-02,2.696218967437744,3.8499999046325684,4.0,3.8499999046325684,4.0,3121
2016-02-03,2.696218967437744,3.8499999046325684,3.950000047683716,3.8499999046325684,3.8499999046325684,671
2016-02-04,2.696218967437744,3.8499999046325684,3.8499999046325684,3.8499999046325684,3.8499999046325684,1
2016-02-05,2.696218967437744,3.8499999046325684,3.8499999046325684,3.8499999046325684,3.8499999046325684,16
2016-02-08,2.5561561584472656,3.6500000953674316,3.950000047683716,3.6500000953674316,3.8499999046325684,4415
2016-02-09,2.4861245155334473,3.549999952316284,3.700000047683716,3.549999952316284,3.6500000953674316,780
2016-02-10,2.80126690864563,4.0,4.699999809265137,3.799999952316284,3.950000047683716,28101
2016-02-11,2.696218967437744,3.8499999046325684,4.050000190734863,3.8499999046325684,4.0,1874
2016-02-12,2.7662508487701416,3.950000047683716,4.050000190734863,3.9000000953674316,4.050000190734863,1223
2016-02-15,2.7312355041503906,3.9000000953674316,4.599999904632568,3.75,3.75,5186
2016-02-16,2.7312355041503906,3.9000000953674316,4.099999904632568,3.9000000953674316,4.0,1487
2016-02-17,2.7662508487701416,3.950000047683716,3.950000047683716,3.9000000953674316,3.9000000953674316,471
2016-02-18,2.696218967437744,3.8499999046325684,4.0,3.75,4.0,2270
2016-02-19,2.626187562942505,3.75,3.9000000953674316,3.75,3.8499999046325684,1210
2016-02-22,2.836282968521118,4.050000190734863,4.099999904632568,3.950000047683716,3.950000047683716,4658
2016-02-23,2.80126690864563,4.0,4.199999809265137,3.950000047683716,4.099999904632568,10283
2016-02-24,2.836282968521118,4.050000190734863,4.050000190734863,4.0,4.0,839
2016-02-25,2.80126690864563,4.0,4.050000190734863,4.0,4.050000190734863,18
2016-02-26,2.871298313140869,4.099999904632568,4.150000095367432,4.0,4.0,3360
2016-02-29,3.2564728260040283,4.650000095367432,4.650000095367432,4.150000095367432,4.150000095367432,16652
2016-03-01,3.361520528793335,4.800000190734863,4.949999809265137,4.449999809265137,4.949999809265137,18243
2016-03-02,3.8517420291900635,5.5,5.900000095367432,5.0,5.0,18276
2016-03-03,3.6066315174102783,5.150000095367432,5.5,4.900000095367432,5.5,12873
2016-03-04,3.7116787433624268,5.300000190734863,5.5,5.199999809265137,5.199999809265137,7393
2016-03-07,3.7817108631134033,5.400000095367432,5.449999809265137,5.199999809265137,5.300000190734863,3034
2016-03-08,3.8517420291900635,5.5,5.599999904632568,5.400000095367432,5.449999809265137,6124
2016-03-09,3.8517420291900635,5.5,5.699999809265137,5.349999904632568,5.699999809265137,12161
2016-03-10,3.8517420291900635,5.5,5.599999904632568,5.349999904632568,5.349999904632568,12048
2016-03-11,3.95678973197937,5.650000095367432,5.650000095367432,5.400000095367432,5.400000095367432,4903
2016-03-14,3.921773910522461,5.599999904632568,5.650000095367432,5.5,5.650000095367432,3052
2016-03-15,3.8517420291900635,5.5,5.650000095367432,5.5,5.650000095367432,4838
2016-03-16,3.8867578506469727,5.550000190734863,5.800000190734863,5.5,5.5,4883
2016-03-17,3.991804599761963,5.699999809265137,5.849999904632568,5.550000190734863,5.550000190734863,178
2016-03-18,4.0618367195129395,5.800000190734863,5.849999904632568,5.650000095367432,5.800000190734863,4127
2016-03-21,4.306947231292725,6.150000095367432,6.25,5.849999904632568,5.849999904632568,15331
2016-03-22,4.727138042449951,6.75,6.75,6.300000190734863,6.449999809265137,16438
2016-03-23,4.762153625488281,6.800000190734863,6.849999904632568,6.5,6.800000190734863,11171
2016-03-24,4.8321852684021,6.900000095367432,6.949999809265137,6.75,6.949999809265137,2515
2016-03-29,5.0422797203063965,7.199999809265137,7.5,6.949999809265137,7.0,5648
2016-03-30,4.727138042449951,6.75,7.199999809265137,6.5,7.199999809265137,6565
2016-03-31,4.937232971191406,7.050000190734863,7.050000190734863,6.75,6.75,3400
2016-04-01,4.937232971191406,7.050000190734863,7.150000095367432,7.0,7.0,1143
2016-04-04,4.552058219909668,6.5,7.5,6.25,7.25,8841
2016-04-05,4.657106399536133,6.650000095367432,6.849999904632568,6.400000095367432,6.849999904632568,3940
2016-04-06,4.026820659637451,5.75,6.650000095367432,5.699999809265137,6.650000095367432,143960
2016-04-07,4.447011470794678,6.349999904632568,6.349999904632568,5.800000190734863,5.849999904632568,2177
2016-04-08,4.51704216003418,6.449999809265137,6.449999809265137,6.349999904632568,6.449999809265137,3029
2016-04-11,4.552058219909668,6.5,6.699999809265137,6.400000095367432,6.449999809265137,2918
2016-04-12,4.447011470794678,6.349999904632568,6.650000095367432,6.349999904632568,6.5,941
2016-04-13,4.447011470794678,6.349999904632568,6.5,6.099999904632568,6.099999904632568,2015
2016-04-14,4.447011470794678,6.349999904632568,6.400000095367432,6.349999904632568,6.349999904632568,1350
2016-04-15,4.482027053833008,6.400000095367432,6.449999809265137,6.25,6.449999809265137,2596
2016-04-18,4.8321852684021,6.900000095367432,7.5,6.349999904632568,6.400000095367432,2552
2016-04-19,4.51704216003418,6.449999809265137,6.849999904632568,6.449999809265137,6.849999904632568,1231
2016-04-20,4.5870747566223145,6.550000190734863,6.599999904632568,6.449999809265137,6.5,1135
2016-04-21,4.5870747566223145,6.550000190734863,7.300000190734863,6.550000190734863,6.550000190734863,19045
2016-04-22,4.622089385986328,6.599999904632568,6.800000190734863,6.599999904632568,6.650000095367432,1657
2016-04-25,4.552058219909668,6.5,6.900000095367432,6.5,6.900000095367432,2201
2016-04-26,4.376979351043701,6.25,6.599999904632568,6.25,6.5,7711
2016-04-27,4.306947231292725,6.150000095367432,6.5,6.099999904632568,6.300000190734863,6850
2016-04-28,4.306947231292725,6.150000095367432,6.150000095367432,6.0,6.0,4217
2016-04-29,4.341963768005371,6.199999809265137,6.449999809265137,6.199999809265137,6.25,727
2016-05-02,4.2719316482543945,6.099999904632568,6.099999904632568,5.949999809265137,6.099999904632568,983
2016-05-03,4.201900482177734,6.0,6.099999904632568,6.0,6.099999904632568,1143
2016-05-04,4.411995887756348,6.300000190734863,6.400000095367432,6.0,6.0,5759
2016-05-06,4.2719316482543945,6.099999904632568,6.300000190734863,6.099999904632568,6.300000190734863,536
2016-05-09,4.201900482177734,6.0,6.0,6.0,6.0,8
2016-05-10,4.131868362426758,5.900000095367432,6.0,5.900000095367432,5.949999809265137,1807
2016-05-11,3.921773910522461,5.599999904632568,6.0,5.449999809265137,6.0,5329
2016-05-12,3.8867578506469727,5.550000190734863,5.650000095367432,5.550000190734863,5.650000095367432,1409
2016-05-13,3.8517420291900635,5.5,6.300000190734863,5.5,5.550000190734863,3988
2016-05-16,3.991804599761963,5.699999809265137,5.75,5.599999904632568,5.599999904632568,1056
2016-05-17,4.0618367195129395,5.800000190734863,5.800000190734863,5.5,5.75,1032
2016-05-18,3.6766626834869385,5.25,5.650000095367432,5.25,5.650000095367432,3158
2016-05-19,3.7466940879821777,5.349999904632568,5.400000095367432,5.349999904632568,5.400000095367432,677
2016-05-20,3.571614980697632,5.099999904632568,5.300000190734863,5.099999904632568,5.25,1536
2016-05-23,3.641646146774292,5.199999809265137,5.199999809265137,5.0,5.099999904632568,1843
2016-05-24,3.641646146774292,5.199999809265137,5.199999809265137,5.199999809265137,5.199999809265137,132
2016-05-25,3.641646146774292,5.199999809265137,5.199999809265137,5.199999809265137,5.199999809265137,244
2016-05-26,3.536599636077881,5.050000190734863,5.199999809265137,5.050000190734863,5.199999809265137,1173
2016-05-27,3.5015833377838135,5.0,5.150000095367432,5.0,5.050000190734863,991
2016-05-30,3.466567277908325,4.949999809265137,5.050000190734863,4.75,4.75,2178
2016-05-31,3.466567277908325,4.949999809265137,4.949999809265137,4.949999809265137,4.949999809265137,1
2016-06-01,3.571614980697632,5.099999904632568,5.5,5.050000190734863,5.099999904632568,3529
2016-06-02,3.6766626834869385,5.25,5.25,5.150000095367432,5.150000095367432,400
2016-06-03,3.7116787433624268,5.300000190734863,5.300000190734863,5.050000190734863,5.099999904632568,3849
2016-06-06,3.7817108631134033,5.400000095367432,5.449999809265137,5.400000095367432,5.449999809265137,540
2016-06-07,3.641646146774292,5.199999809265137,5.5,5.199999809265137,5.5,1298
2016-06-08,3.8867578506469727,5.550000190734863,5.550000190734863,5.25,5.25,3029
2016-06-09,3.8517420291900635,5.5,5.699999809265137,5.5,5.550000190734863,804
2016-06-10,3.7817108631134033,5.400000095367432,5.5,5.400000095367432,5.5,100
2016-06-13,3.7466940879821777,5.349999904632568,5.349999904632568,5.150000095367432,5.199999809265137,379
2016-06-14,3.6066315174102783,5.150000095367432,5.349999904632568,5.0,5.0,1052
2016-06-15,3.6066315174102783,5.150000095367432,5.150000095367432,5.150000095367432,5.150000095367432,0
2016-06-16,3.5015833377838135,5.0,5.150000095367432,5.0,5.150000095367432,1260
2016-06-17,3.536599636077881,5.050000190734863,5.050000190734863,5.0,5.0,2361
2016-06-20,3.536599636077881,5.050000190734863,5.150000095367432,4.849999904632568,4.849999904632568,1429
2016-06-21,3.536599636077881,5.050000190734863,5.150000095367432,5.050000190734863,5.150000095367432,90
2016-06-22,3.536599636077881,5.050000190734863,5.050000190734863,5.050000190734863,5.050000190734863,79
2016-06-23,3.5015833377838135,5.0,5.199999809265137,4.849999904632568,5.050000190734863,4358
2016-06-27,3.2914879322052,4.699999809265137,5.0,4.550000190734863,5.0,3171
2016-06-28,3.6066315174102783,5.150000095367432,5.199999809265137,4.75,4.75,1571
2016-06-29,3.571614980697632,5.099999904632568,5.400000095367432,5.099999904632568,5.150000095367432,1131
2016-06-30,3.6766626834869385,5.25,5.25,5.150000095367432,5.25,960
2016-07-01,3.6066315174102783,5.150000095367432,5.199999809265137,5.0,5.199999809265137,1707
2016-07-04,3.5015833377838135,5.0,5.199999809265137,5.0,5.199999809265137,4589
2016-07-05,3.5015833377838135,5.0,5.0,5.0,5.0,108
2016-07-06,3.536599636077881,5.050000190734863,5.050000190734863,5.0,5.0,34
2016-07-07,3.536599636077881,5.050000190734863,5.099999904632568,5.050000190734863,5.099999904632568,991
2016-07-08,3.571614980697632,5.099999904632568,5.099999904632568,4.900000095367432,4.900000095367432,2544
2016-07-11,3.5015833377838135,5.0,5.0,4.849999904632568,4.900000095367432,1412
2016-07-12,3.536599636077881,5.050000190734863,5.199999809265137,5.0,5.0,3376
2016-07-13,3.6766626834869385,5.25,5.25,5.050000190734863,5.050000190734863,1045
2016-07-14,3.816725730895996,5.449999809265137,5.800000190734863,5.25,5.25,5931
2016-07-15,3.991804599761963,5.699999809265137,6.0,5.5,5.550000190734863,1491
2016-07-18,4.552058219909668,6.5,7.0,5.699999809265137,5.699999809265137,3097
2016-07-19,4.306947231292725,6.150000095367432,6.5,5.900000095367432,6.5,5454
2016-07-20,4.341963768005371,6.199999809265137,6.199999809265137,5.949999809265137,5.949999809265137,2053
2016-07-21,4.2719316482543945,6.099999904632568,6.349999904632568,6.099999904632568,6.199999809265137,2309
2016-07-22,4.131868362426758,5.900000095367432,6.050000190734863,5.900000095367432,5.900000095367432,704
2016-07-25,4.096853256225586,5.849999904632568,5.849999904632568,5.550000190734863,5.550000190734863,702
2016-07-26,4.16688346862793,5.949999809265137,6.0,5.849999904632568,5.849999904632568,1988
2016-07-27,4.131868362426758,5.900000095367432,6.0,5.800000190734863,6.0,534
2016-07-28,4.201900482177734,6.0,6.0,5.949999809265137,5.949999809265137,175
2016-07-29,4.16688346862793,5.949999809265137,6.0,5.949999809265137,6.0,511
2016-08-01,4.447011470794678,6.349999904632568,6.699999809265137,6.300000190734863,6.599999904632568,29364
2016-08-02,4.376979351043701,6.25,6.5,6.25,6.5,3999
2016-08-03,4.482027053833008,6.400000095367432,6.400000095367432,6.150000095367432,6.300000190734863,8375
2016-08-04,4.51704216003418,6.449999809265137,6.5,6.25,6.400000095367432,13357
2016-08-05,4.727138042449951,6.75,6.900000095367432,6.5,6.5,13109
2016-08-08,4.762153625488281,6.800000190734863,6.949999809265137,6.75,6.900000095367432,11465
2016-08-09,4.762153625488281,6.800000190734863,6.900000095367432,6.699999809265137,6.900000095367432,4893
2016-08-10,4.762153625488281,6.800000190734863,6.800000190734863,6.599999904632568,6.650000095367432,2892
2016-08-11,4.552058219909668,6.5,6.699999809265137,6.449999809265137,6.699999809265137,7237
2016-08-12,4.51704216003418,6.449999809265137,6.550000190734863,6.400000095367432,6.5,2818
2016-08-15,4.51704216003418,6.449999809265137,6.5,6.300000190734863,6.5,2406
2016-08-16,4.482027053833008,6.400000095367432,6.449999809265137,6.300000190734863,6.449999809265137,884
2016-08-17,4.447011470794678,6.349999904632568,6.449999809265137,6.349999904632568,6.400000095367432,1173
2016-08-18,4.376979351043701,6.25,6.300000190734863,6.150000095367432,6.25,1847
2016-08-19,4.306947231292725,6.150000095367432,6.25,6.099999904632568,6.25,1025
2016-08-22,4.306947231292725,6.150000095367432,6.199999809265137,6.150000095367432,6.150000095367432,866
2016-08-23,4.447011470794678,6.349999904632568,6.349999904632568,6.199999809265137,6.199999809265137,875
2016-08-24,4.201900482177734,6.0,6.400000095367432,5.900000095367432,6.25,10914
2016-08-25,4.2719316482543945,6.099999904632568,6.199999809265137,6.0,6.0,9635
2016-08-26,4.341963768005371,6.199999809265137,6.349999904632568,6.199999809265137,6.349999904632568,3099
2016-08-29,4.306947231292725,6.150000095367432,6.400000095367432,6.150000095367432,6.349999904632568,5085
2016-08-30,4.341963768005371,6.199999809265137,6.300000190734863,6.150000095367432,6.25,2690
2016-08-31,4.236917018890381,6.050000190734863,6.25,6.0,6.25,1102
2016-09-01,4.2719316482543945,6.099999904632568,6.099999904632568,5.949999809265137,5.949999809265137,2019
2016-09-02,4.2719316482543945,6.099999904632568,6.150000095367432,6.099999904632568,6.099999904632568,920
2016-09-05,4.236917018890381,6.050000190734863,6.150000095367432,6.050000190734863,6.099999904632568,4660
2016-09-06,4.2719316482543945,6.099999904632568,6.099999904632568,6.0,6.0,2545
2016-09-07,4.2719316482543945,6.099999904632568,6.099999904632568,6.099999904632568,6.099999904632568,1201
2016-09-08,4.306947231292725,6.150000095367432,6.150000095367432,6.050000190734863,6.050000190734863,1120
2016-09-09,4.2719316482543945,6.099999904632568,6.099999904632568,6.099999904632568,6.099999904632568,700
2016-09-12,4.201900482177734,6.0,6.199999809265137,6.0,6.099999904632568,1857
2016-09-13,4.2719316482543945,6.099999904632568,6.099999904632568,6.0,6.0,842
2016-09-14,4.201900482177734,6.0,6.0,6.0,6.0,18
2016-09-15,4.201900482177734,6.0,6.0,5.949999809265137,6.0,408
2016-09-16,4.16688346862793,5.949999809265137,6.0,5.949999809265137,6.0,3817
2016-09-19,4.201900482177734,6.0,6.199999809265137,6.0,6.150000095367432,1400
2016-09-20,4.201900482177734,6.0,6.0,6.0,6.0,874
2016-09-21,4.16688346862793,5.949999809265137,6.0,5.949999809265137,5.949999809265137,756
2016-09-22,4.236917018890381,6.050000190734863,6.150000095367432,5.900000095367432,5.949999809265137,1820
2016-09-23,4.131868362426758,5.900000095367432,6.0,5.900000095367432,6.0,96
2016-09-26,4.2719316482543945,6.099999904632568,6.099999904632568,5.900000095367432,5.900000095367432,409
2016-09-27,4.16688346862793,5.949999809265137,6.199999809265137,5.949999809265137,6.199999809265137,2654
2016-09-28,4.2719316482543945,6.099999904632568,6.099999904632568,5.949999809265137,5.949999809265137,192
2016-09-29,4.2719316482543945,6.099999904632568,6.199999809265137,6.099999904632568,6.099999904632568,162
2016-09-30,4.16688346862793,5.949999809265137,6.050000190734863,5.949999809265137,6.0,1236
2016-10-03,4.201900482177734,6.0,6.050000190734863,6.0,6.0,281
2016-10-04,4.201900482177734,6.0,6.099999904632568,6.0,6.0,1049
2016-10-05,4.201900482177734,6.0,6.099999904632568,6.0,6.099999904632568,1210
2016-10-06,4.236917018890381,6.050000190734863,6.099999904632568,6.0,6.0,910
2016-10-07,4.201900482177734,6.0,6.099999904632568,6.0,6.099999904632568,1007
2016-10-10,4.236917018890381,6.050000190734863,6.099999904632568,6.0,6.099999904632568,358
2016-10-11,4.236917018890381,6.050000190734863,6.099999904632568,6.050000190734863,6.099999904632568,942
2016-10-12,4.236917018890381,6.050000190734863,6.099999904632568,6.0,6.099999904632568,157
2016-10-13,4.201900482177734,6.0,6.099999904632568,6.0,6.050000190734863,2689
2016-10-14,4.2719316482543945,6.099999904632568,6.099999904632568,5.949999809265137,5.949999809265137,3711
2016-10-17,4.201900482177734,6.0,6.199999809265137,6.0,6.150000095367432,820
2016-10-18,4.411995887756348,6.300000190734863,6.300000190734863,6.050000190734863,6.050000190734863,4293
2016-10-19,4.552058219909668,6.5,6.699999809265137,6.300000190734863,6.5,6157
2016-10-20,4.341963768005371,6.199999809265137,6.699999809265137,5.949999809265137,6.699999809265137,10984
2016-10-21,4.236917018890381,6.050000190734863,6.199999809265137,6.0,6.199999809265137,662
2016-10-24,4.201900482177734,6.0,6.099999904632568,6.0,6.099999904632568,737
2016-10-25,4.201900482177734,6.0,6.099999904632568,6.0,6.0,622
2016-10-26,4.16688346862793,5.949999809265137,6.099999904632568,5.949999809265137,6.099999904632568,1860
2016-10-27,4.131868362426758,5.900000095367432,6.0,5.900000095367432,5.949999809265137,994
2016-10-28,4.131868362426758,5.900000095367432,5.900000095367432,5.75,5.800000190734863,736
2016-10-31,4.201900482177734,6.0,6.0,5.900000095367432,5.900000095367432,245
2016-11-01,4.0618367195129395,5.800000190734863,5.949999809265137,5.800000190734863,5.949999809265137,360
2016-11-02,3.95678973197937,5.650000095367432,5.800000190734863,5.5,5.800000190734863,1760
2016-11-03,3.95678973197937,5.650000095367432,5.650000095367432,5.550000190734863,5.550000190734863,999
2016-11-04,3.991804599761963,5.699999809265137,5.849999904632568,5.650000095367432,5.650000095367432,2030
2016-11-07,4.0618367195129395,5.800000190734863,5.800000190734863,5.75,5.75,285
2016-11-08,4.201900482177734,6.0,6.0,5.699999809265137,5.849999904632568,2311
2016-11-09,4.0618367195129395,5.800000190734863,5.949999809265137,5.699999809265137,5.75,1588
2016-11-10,4.201900482177734,6.0,6.0,5.949999809265137,5.949999809265137,2060
2016-11-11,4.201900482177734,6.0,6.0,5.900000095367432,5.900000095367432,1228
2016-11-14,4.201900482177734,6.0,6.0,5.949999809265137,6.0,1277
2016-11-15,4.201900482177734,6.0,6.0,5.949999809265137,5.949999809265137,200
2016-11-16,4.131868362426758,5.900000095367432,6.0,5.900000095367432,6.0,1311
2016-11-17,4.096853256225586,5.849999904632568,5.900000095367432,5.849999904632568,5.900000095367432,785
2016-11-18,4.096853256225586,5.849999904632568,5.849999904632568,5.849999904632568,5.849999904632568,16
2016-11-21,4.16688346862793,5.949999809265137,5.949999809265137,5.800000190734863,5.849999904632568,1014
2016-11-22,4.096853256225586,5.849999904632568,6.0,5.849999904632568,5.949999809265137,1115
2016-11-23,4.16688346862793,5.949999809265137,5.949999809265137,5.849999904632568,5.849999904632568,686
2016-11-24,4.096853256225586,5.849999904632568,5.949999809265137,5.849999904632568,5.949999809265137,150
2016-11-25,4.096853256225586,5.849999904632568,5.949999809265137,5.849999904632568,5.849999904632568,225
2016-11-28,4.096853256225586,5.849999904632568,6.0,5.849999904632568,5.849999904632568,1035
2016-11-29,4.16688346862793,5.949999809265137,6.0,5.849999904632568,5.849999904632568,2519
2016-11-30,4.201900482177734,6.0,6.050000190734863,5.849999904632568,5.849999904632568,718
2016-12-01,4.236917018890381,6.050000190734863,6.050000190734863,6.0,6.050000190734863,401
2016-12-02,4.131868362426758,5.900000095367432,6.0,5.900000095367432,6.0,49
2016-12-05,4.201900482177734,6.0,6.0,5.900000095367432,5.900000095367432,341
2016-12-07,4.201900482177734,6.0,6.0,5.5,5.900000095367432,9080
2016-12-08,4.096853256225586,5.849999904632568,5.849999904632568,5.849999904632568,5.849999904632568,364
2016-12-09,4.131868362426758,5.900000095367432,6.050000190734863,5.849999904632568,5.849999904632568,988
2016-12-12,4.131868362426758,5.900000095367432,5.900000095367432,5.599999904632568,5.699999809265137,2344
2016-12-13,3.95678973197937,5.650000095367432,5.800000190734863,5.599999904632568,5.650000095367432,2944
2016-12-14,4.0618367195129395,5.800000190734863,5.800000190734863,5.650000095367432,5.650000095367432,895
2016-12-15,4.201900482177734,6.0,6.099999904632568,5.699999809265137,5.800000190734863,2884
2016-12-16,4.2719316482543945,6.099999904632568,6.099999904632568,6.0,6.099999904632568,2462
2016-12-19,4.5870747566223145,6.550000190734863,6.900000095367432,6.050000190734863,6.099999904632568,6549
2016-12-20,4.51704216003418,6.449999809265137,6.599999904632568,6.25,6.599999904632568,3253
2016-12-21,4.552058219909668,6.5,6.550000190734863,6.449999809265137,6.449999809265137,4637
2016-12-22,4.552058219909668,6.5,6.5,6.349999904632568,6.349999904632568,455
2016-12-23,4.411995887756348,6.300000190734863,6.449999809265137,6.25,6.25,1455
2016-12-27,4.341963768005371,6.199999809265137,6.449999809265137,6.0,6.099999904632568,6907
2016-12-28,4.341963768005371,6.199999809265137,6.349999904632568,6.150000095367432,6.150000095367432,3205
2016-12-29,4.376979351043701,6.25,6.300000190734863,6.199999809265137,6.199999809265137,1218
2016-12-30,4.51704216003418,6.449999809265137,6.650000095367432,6.25,6.25,2687
2017-01-02,4.51704216003418,6.449999809265137,6.550000190734863,6.349999904632568,6.550000190734863,2845
2017-01-03,4.552058219909668,6.5,6.5,6.400000095367432,6.449999809265137,1597
2017-01-04,4.51704216003418,6.449999809265137,6.5,6.349999904632568,6.5,2380
2017-01-05,4.447011470794678,6.349999904632568,6.449999809265137,6.349999904632568,6.449999809265137,306
2017-01-09,4.447011470794678,6.349999904632568,6.550000190734863,6.300000190734863,6.349999904632568,533
2017-01-10,4.51704216003418,6.449999809265137,6.5,6.449999809265137,6.5,1000
2017-01-11,4.51704216003418,6.449999809265137,6.5,6.400000095367432,6.5,762
2017-01-12,4.552058219909668,6.5,6.550000190734863,6.400000095367432,6.449999809265137,724
2017-01-13,4.552058219909668,6.5,6.550000190734863,6.5,6.5,572
2017-01-16,4.552058219909668,6.5,6.550000190734863,6.5,6.5,320
2017-01-17,4.482027053833008,6.400000095367432,6.400000095367432,6.400000095367432,6.400000095367432,169
2017-01-18,4.376979351043701,6.25,6.400000095367432,6.25,6.400000095367432,5562
2017-01-19,4.447011470794678,6.349999904632568,6.349999904632568,6.099999904632568,6.25,1765
2017-01-20,4.447011470794678,6.349999904632568,6.349999904632568,6.349999904632568,6.349999904632568,200
2017-01-23,4.552058219909668,6.5,6.5,6.349999904632568,6.349999904632568,1752
2017-01-24,4.376979351043701,6.25,6.5,6.25,6.5,182
2017-01-25,4.552058219909668,6.5,6.5,6.300000190734863,6.5,910
2017-01-26,4.411995887756348,6.300000190734863,6.5,6.300000190734863,6.5,1390
2017-01-27,4.552058219909668,6.5,6.5,6.349999904632568,6.349999904632568,950
2017-01-30,4.447011470794678,6.349999904632568,6.400000095367432,6.300000190734863,6.400000095367432,1422
2017-01-31,4.411995887756348,6.300000190734863,6.5,6.300000190734863,6.5,2070
2017-02-01,4.411995887756348,6.300000190734863,6.449999809265137,6.300000190734863,6.300000190734863,280
2017-02-02,4.411995887756348,6.300000190734863,6.449999809265137,6.300000190734863,6.300000190734863,1533
2017-02-03,4.482027053833008,6.400000095367432,6.449999809265137,6.300000190734863,6.449999809265137,1556
2017-02-06,4.447011470794678,6.349999904632568,6.449999809265137,6.300000190734863,6.449999809265137,485
2017-02-07,4.376979351043701,6.25,6.349999904632568,6.25,6.349999904632568,706
2017-02-08,4.482027053833008,6.400000095367432,6.5,6.400000095367432,6.5,1840
2017-02-09,4.51704216003418,6.449999809265137,6.449999809265137,6.300000190734863,6.300000190734863,1804
2017-02-10,4.51704216003418,6.449999809265137,6.449999809265137,6.300000190734863,6.400000095367432,626
2017-02-13,4.51704216003418,6.449999809265137,6.449999809265137,6.300000190734863,6.400000095367432,514
2017-02-14,4.411995887756348,6.300000190734863,6.449999809265137,6.300000190734863,6.449999809265137,1491
2017-02-15,4.447011470794678,6.349999904632568,6.449999809265137,6.300000190734863,6.300000190734863,986
2017-02-16,4.482027053833008,6.400000095367432,6.75,6.349999904632568,6.349999904632568,4982
2017-02-17,4.5870747566223145,6.550000190734863,6.650000095367432,6.449999809265137,6.650000095367432,776
2017-02-20,4.9722490310668945,7.099999904632568,7.099999904632568,6.5,6.650000095367432,14745
2017-02-21,4.937232971191406,7.050000190734863,7.449999809265137,6.900000095367432,7.099999904632568,8190
2017-02-22,4.902217388153076,7.0,7.300000190734863,6.949999809265137,7.25,15439
2017-02-23,4.8672003746032715,6.949999809265137,7.25,6.75,7.25,4205
2017-02-24,4.902217388153076,7.0,7.0,7.0,7.0,165
2017-02-27,4.902217388153076,7.0,7.0,6.849999904632568,7.0,839
2017-02-28,4.902217388153076,7.0,7.0,6.849999904632568,7.0,3010
2017-03-01,4.9722490310668945,7.099999904632568,7.199999809265137,6.900000095367432,7.099999904632568,2347
2017-03-02,4.622089385986328,6.599999904632568,7.050000190734863,6.400000095367432,7.050000190734863,19586
2017-03-03,4.692121982574463,6.699999809265137,6.900000095367432,6.699999809265137,6.900000095367432,1206
2017-03-06,4.727138042449951,6.75,6.800000190734863,6.699999809265137,6.699999809265137,2716
2017-03-07,4.447011470794678,6.349999904632568,6.75,6.349999904632568,6.75,4202
2017-03-08,4.552058219909668,6.5,6.699999809265137,6.5,6.650000095367432,1301
2017-03-09,4.376979351043701,6.25,6.5,6.25,6.5,4141
2017-03-10,4.552058219909668,6.5,6.5,6.300000190734863,6.300000190734863,223
2017-03-13,4.2719316482543945,6.099999904632568,6.5,6.099999904632568,6.5,10653
2017-03-14,4.236917018890381,6.050000190734863,6.25,6.050000190734863,6.25,3707
2017-03-15,4.096853256225586,5.849999904632568,6.150000095367432,5.800000190734863,6.099999904632568,2932
2017-03-16,4.201900482177734,6.0,6.0,5.849999904632568,5.949999809265137,3803
2017-03-17,4.236917018890381,6.050000190734863,6.050000190734863,5.849999904632568,5.849999904632568,168
2017-03-20,4.201900482177734,6.0,6.050000190734863,5.650000095367432,6.050000190734863,4149
2017-03-21,4.026820659637451,5.75,5.949999809265137,5.75,5.949999809265137,2668
2017-03-22,3.921773910522461,5.599999904632568,5.800000190734863,5.599999904632568,5.699999809265137,2555
2017-03-23,3.95678973197937,5.650000095367432,5.800000190734863,5.650000095367432,5.800000190734863,2947
2017-03-24,3.921773910522461,5.599999904632568,5.800000190734863,5.550000190734863,5.550000190734863,1433
2017-03-27,3.991804599761963,5.699999809265137,5.75,5.5,5.599999904632568,4070
2017-03-28,3.95678973197937,5.650000095367432,5.650000095367432,5.5,5.5,129
2017-03-29,4.0618367195129395,5.800000190734863,5.800000190734863,5.550000190734863,5.550000190734863,1688
2017-03-30,4.0618367195129395,5.800000190734863,5.800000190734863,5.699999809265137,5.800000190734863,744
2017-03-31,4.0618367195129395,5.800000190734863,5.800000190734863,5.550000190734863,5.800000190734863,2889
2017-04-03,3.95678973197937,5.650000095367432,5.849999904632568,5.650000095367432,5.849999904632568,799
2017-04-04,4.026820659637451,5.75,5.849999904632568,5.650000095367432,5.849999904632568,409
2017-04-05,3.95678973197937,5.650000095367432,5.849999904632568,5.650000095367432,5.849999904632568,2263
2017-04-06,3.95678973197937,5.650000095367432,5.849999904632568,5.599999904632568,5.650000095367432,2083
2017-04-07,4.026820659637451,5.75,5.800000190734863,5.650000095367432,5.800000190734863,1459
2017-04-10,4.026820659637451,5.75,5.75,5.599999904632568,5.699999809265137,1985
2017-04-11,4.026820659637451,5.75,5.75,5.599999904632568,5.75,168
2017-04-12,3.921773910522461,5.599999904632568,5.75,5.599999904632568,5.75,430
2017-04-13,4.026820659637451,5.75,5.75,5.650000095367432,5.75,359
2017-04-18,3.95678973197937,5.650000095367432,5.75,5.650000095367432,5.650000095367432,1033
2017-04-19,4.026820659637451,5.75,5.75,5.699999809265137,5.75,769
2017-04-20,3.95678973197937,5.650000095367432,5.75,5.650000095367432,5.75,280
2017-04-21,3.991804599761963,5.699999809265137,5.75,5.650000095367432,5.650000095367432,417
2017-04-24,4.131868362426758,5.900000095367432,5.900000095367432,5.699999809265137,5.699999809265137,1517
2017-04-25,4.0618367195129395,5.800000190734863,5.900000095367432,5.75,5.900000095367432,536
2017-04-26,4.201900482177734,6.0,6.0,5.800000190734863,5.800000190734863,1589
2017-04-27,4.131868362426758,5.900000095367432,6.0,5.5,6.0,6661
2017-04-28,3.991804599761963,5.699999809265137,5.900000095367432,5.650000095367432,5.900000095367432,3401
2017-05-02,4.0618367195129395,5.800000190734863,5.800000190734863,5.699999809265137,5.699999809265137,1259
2017-05-03,4.0618367195129395,5.800000190734863,5.800000190734863,5.800000190734863,5.800000190734863,832
2017-05-04,4.0618367195129395,5.800000190734863,6.0,5.800000190734863,5.800000190734863,1716
2017-05-05,4.131868362426758,5.900000095367432,6.0,5.900000095367432,5.900000095367432,389
2017-05-08,3.991804599761963,5.699999809265137,6.0,5.699999809265137,6.0,752
2017-05-09,4.096853256225586,5.849999904632568,5.849999904632568,5.699999809265137,5.699999809265137,422
2017-05-10,4.096853256225586,5.849999904632568,5.900000095367432,5.849999904632568,5.849999904632568,662
2017-05-11,4.236917018890381,6.050000190734863,6.050000190734863,5.849999904632568,5.849999904632568,3026
2017-05-12,4.201900482177734,6.0,6.050000190734863,6.0,6.050000190734863,227
2017-05-15,4.201900482177734,6.0,6.0,5.800000190734863,5.800000190734863,1375
2017-05-16,4.201900482177734,6.0,6.050000190734863,6.0,6.050000190734863,680
2017-05-17,4.201900482177734,6.0,6.0,5.900000095367432,6.0,253
2017-05-18,4.096853256225586,5.849999904632568,6.199999809265137,5.849999904632568,6.199999809265137,122
2017-05-19,4.201900482177734,6.0,6.0,6.0,6.0,122
2017-05-22,4.2719316482543945,6.099999904632568,6.199999809265137,5.800000190734863,5.800000190734863,2375
2017-05-23,4.376979351043701,6.25,6.25,6.099999904632568,6.099999904632568,2803
2017-05-24,4.306947231292725,6.150000095367432,6.400000095367432,6.150000095367432,6.25,6031
2017-05-26,4.236917018890381,6.050000190734863,6.099999904632568,5.550000190734863,6.0,1700
2017-05-29,4.0618367195129395,5.800000190734863,6.0,5.800000190734863,6.0,1053
2017-05-30,4.236917018890381,6.050000190734863,6.050000190734863,6.0,6.0,966
2017-05-31,4.482027053833008,6.400000095367432,6.449999809265137,6.150000095367432,6.25,7250
2017-06-01,4.376979351043701,6.25,6.400000095367432,6.199999809265137,6.400000095367432,231
2017-06-02,4.376979351043701,6.25,6.25,6.25,6.25,301
2017-06-05,4.376979351043701,6.25,6.25,6.0,6.0,130
2017-06-06,4.236917018890381,6.050000190734863,6.199999809265137,6.050000190734863,6.199999809265137,808
2017-06-07,4.376979351043701,6.25,6.349999904632568,6.25,6.349999904632568,1012
2017-06-08,4.131868362426758,5.900000095367432,6.0,5.900000095367432,6.0,5620
2017-06-09,4.2719316482543945,6.099999904632568,6.099999904632568,5.900000095367432,5.900000095367432,574
2017-06-12,4.16688346862793,5.949999809265137,6.199999809265137,5.949999809265137,6.099999904632568,3079
2017-06-13,4.201900482177734,6.0,6.25,6.0,6.0,504
2017-06-14,4.201900482177734,6.0,6.199999809265137,6.0,6.199999809265137,3008
2017-06-15,4.201900482177734,6.0,6.0,6.0,6.0,895
2017-06-16,4.16688346862793,5.949999809265137,6.050000190734863,5.949999809265137,6.050000190734863,1599
2017-06-19,4.201900482177734,6.0,6.0,5.800000190734863,5.949999809265137,1696
2017-06-20,4.201900482177734,6.0,6.0,6.0,6.0,0
2017-06-21,4.201900482177734,6.0,6.25,6.0,6.25,832
2017-06-22,4.201900482177734,6.0,6.0,6.0,6.0,89
2017-06-26,4.16688346862793,5.949999809265137,6.0,5.75,6.0,230
2017-06-27,4.201900482177734,6.0,6.099999904632568,5.849999904632568,5.949999809265137,2020
2017-06-28,4.0618367195129395,5.800000190734863,5.949999809265137,5.75,5.900000095367432,1549
2017-06-29,4.131868362426758,5.900000095367432,6.0,5.75,6.0,6538
2017-06-30,4.0618367195129395,5.800000190734863,6.0,5.75,6.0,61
2017-07-03,4.131868362426758,5.900000095367432,5.900000095367432,5.900000095367432,5.900000095367432,37
2017-07-04,4.0618367195129395,5.800000190734863,6.099999904632568,5.800000190734863,6.0,1270
2017-07-05,4.201900482177734,6.0,6.0,5.949999809265137,5.949999809265137,166
2017-07-06,4.0618367195129395,5.800000190734863,6.0,5.800000190734863,6.0,801
2017-07-07,4.0618367195129395,5.800000190734863,5.800000190734863,5.800000190734863,5.800000190734863,6
2017-07-10,4.0618367195129395,5.800000190734863,6.0,5.800000190734863,6.0,179
2017-07-11,4.201900482177734,6.0,6.150000095367432,5.949999809265137,6.0,1105
2017-07-12,4.201900482177734,6.0,6.150000095367432,6.0,6.0,363
2017-07-13,4.376979351043701,6.25,6.300000190734863,6.150000095367432,6.150000095367432,4210
2017-07-14,4.341963768005371,6.199999809265137,6.25,6.0,6.25,418
2017-07-17,4.341963768005371,6.199999809265137,6.25,6.199999809265137,6.25,623
2017-07-18,4.306947231292725,6.150000095367432,6.199999809265137,6.0,6.199999809265137,2
2017-07-19,4.201900482177734,6.0,6.0,5.849999904632568,6.0,848
2017-07-20,4.201900482177734,6.0,6.0,6.0,6.0,177
2017-07-21,4.201900482177734,6.0,6.0,6.0,6.0,478
2017-07-24,4.131868362426758,5.900000095367432,6.0,5.900000095367432,6.0,185
2017-07-25,4.201900482177734,6.0,6.150000095367432,6.0,6.099999904632568,676
2017-07-26,4.2719316482543945,6.099999904632568,6.099999904632568,6.0,6.050000190734863,1143
2017-07-27,4.2719316482543945,6.099999904632568,6.150000095367432,6.099999904632568,6.099999904632568,562
2017-07-28,4.2719316482543945,6.099999904632568,6.099999904632568,6.099999904632568,6.099999904632568,586
2017-07-31,4.376979351043701,6.25,6.25,5.949999809265137,6.099999904632568,640
2017-08-01,4.376979351043701,6.25,6.300000190734863,6.25,6.300000190734863,171
2017-08-02,4.376979351043701,6.25,6.300000190734863,6.25,6.25,109
2017-08-03,4.201900482177734,6.0,6.25,5.900000095367432,6.25,157
2017-08-04,4.341963768005371,6.199999809265137,6.199999809265137,6.0,6.0,1892
2017-08-07,4.236917018890381,6.050000190734863,6.25,5.949999809265137,5.949999809265137,1022
2017-08-08,4.201900482177734,6.0,6.099999904632568,5.949999809265137,6.050000190734863,121
2017-08-09,4.201900482177734,6.0,6.0,6.0,6.0,103
2017-08-10,4.201900482177734,6.0,6.199999809265137,6.0,6.199999809265137,987
2017-08-11,4.131868362426758,5.900000095367432,6.0,5.75,5.949999809265137,2049
2017-08-14,4.131868362426758,5.900000095367432,5.900000095367432,5.900000095367432,5.900000095367432,96
2017-08-15,4.0618367195129395,5.800000190734863,5.900000095367432,5.800000190734863,5.900000095367432,386
2017-08-16,4.131868362426758,5.900000095367432,5.900000095367432,5.800000190734863,5.800000190734863,286
2017-08-17,4.0618367195129395,5.800000190734863,5.800000190734863,5.800000190734863,5.800000190734863,38
2017-08-18,4.0618367195129395,5.800000190734863,5.800000190734863,5.800000190734863,5.800000190734863,2
2017-08-21,4.201900482177734,6.0,6.0,5.849999904632568,5.849999904632568,631
2017-08-22,4.201900482177734,6.0,6.0,5.75,5.75,485
2017-08-23,4.201900482177734,6.0,6.0,5.800000190734863,5.800000190734863,340
2017-08-24,4.0618367195129395,5.800000190734863,6.050000190734863,5.800000190734863,6.050000190734863,134
2017-08-25,4.096853256225586,5.849999904632568,5.849999904632568,5.800000190734863,5.800000190734863,581
2017-08-28,4.236917018890381,6.050000190734863,6.050000190734863,5.849999904632568,5.849999904632568,282
2017-08-29,4.16688346862793,5.949999809265137,6.0,5.800000190734863,6.0,423
2017-08-30,4.201900482177734,6.0,6.0,5.800000190734863,5.800000190734863,74
2017-08-31,4.201900482177734,6.0,6.0,5.849999904632568,6.0,281
2017-09-01,4.201900482177734,6.0,6.0,6.0,6.0,1962
2017-09-04,4.0618367195129395,5.800000190734863,5.800000190734863,5.75,5.800000190734863,150
2017-09-05,4.0618367195129395,5.800000190734863,6.0,5.800000190734863,5.800000190734863,669
2017-09-06,4.2719316482543945,6.099999904632568,6.099999904632568,5.699999809265137,5.800000190734863,5216
2017-09-07,4.201900482177734,6.0,6.0,6.0,6.0,10
2017-09-08,4.096853256225586,5.849999904632568,6.0,5.849999904632568,6.0,5
2017-09-11,4.16688346862793,5.949999809265137,5.949999809265137,5.849999904632568,5.949999809265137,501
2017-09-12,4.201900482177734,6.0,6.0,5.949999809265137,5.949999809265137,11
2017-09-13,4.0618367195129395,5.800000190734863,5.800000190734863,5.800000190734863,5.800000190734863,208
2017-09-14,4.0618367195129395,5.800000190734863,5.800000190734863,5.800000190734863,5.800000190734863,1
2017-09-15,4.0618367195129395,5.800000190734863,5.949999809265137,5.800000190734863,5.900000095367432,377
2017-09-18,4.0618367195129395,5.800000190734863,5.949999809265137,5.800000190734863,5.949999809265137,210
2017-09-19,4.16688346862793,5.949999809265137,6.0,5.75,5.800000190734863,1900
2017-09-20,4.16688346862793,5.949999809265137,5.949999809265137,5.949999809265137,5.949999809265137,133
2017-09-21,4.201900482177734,6.0,6.0,5.949999809265137,5.949999809265137,1403
2017-09-22,4.131868362426758,5.900000095367432,6.0,5.900000095367432,6.0,402
2017-09-25,4.131868362426758,5.900000095367432,5.900000095367432,5.900000095367432,5.900000095367432,154
2017-09-26,4.131868362426758,5.900000095367432,5.900000095367432,5.849999904632568,5.900000095367432,281
2017-09-27,4.16688346862793,5.949999809265137,5.949999809265137,5.949999809265137,5.949999809265137,18
2017-09-28,4.096853256225586,5.849999904632568,6.0,5.849999904632568,6.0,165
2017-09-29,4.201900482177734,6.0,6.0,6.0,6.0,41
2017-10-02,4.16688346862793,5.949999809265137,6.0,5.800000190734863,6.0,292
2017-10-03,4.0618367195129395,5.800000190734863,5.900000095367432,5.75,5.800000190734863,769
2017-10-04,4.0618367195129395,5.800000190734863,5.800000190734863,5.800000190734863,5.800000190734863,0
2017-10-05,4.16688346862793,5.949999809265137,5.949999809265137,5.949999809265137,5.949999809265137,58
2017-10-06,4.341963768005371,6.199999809265137,6.25,5.849999904632568,5.949999809265137,1397
2017-10-09,4.131868362426758,5.900000095367432,6.0,5.900000095367432,6.0,126
2017-10-10,4.306947231292725,6.150000095367432,6.150000095367432,5.949999809265137,5.949999809265137,325
2017-10-11,4.096853256225586,5.849999904632568,5.849999904632568,5.849999904632568,5.849999904632568,74
2017-10-12,4.2719316482543945,6.099999904632568,6.150000095367432,5.849999904632568,5.849999904632568,718
2017-10-13,4.306947231292725,6.150000095367432,6.199999809265137,6.0,6.199999809265137,1974
2017-10-16,4.236917018890381,6.050000190734863,6.099999904632568,6.050000190734863,6.050000190734863,453
2017-10-17,4.306947231292725,6.150000095367432,6.150000095367432,6.050000190734863,6.050000190734863,300
2017-10-18,4.236917018890381,6.050000190734863,6.150000095367432,6.050000190734863,6.050000190734863,21
2017-10-19,4.236917018890381,6.050000190734863,6.199999809265137,6.050000190734863,6.199999809265137,243
2017-10-20,3.8517420291900635,5.5,5.699999809265137,5.0,5.550000190734863,8677
2017-10-23,3.7116787433624268,5.300000190734863,5.5,5.150000095367432,5.349999904632568,10109
2017-10-24,3.6766626834869385,5.25,5.300000190734863,5.199999809265137,5.300000190734863,1199
2017-10-25,3.7116787433624268,5.300000190734863,5.300000190734863,5.25,5.25,783
2017-10-26,3.641646146774292,5.199999809265137,5.199999809265137,5.0,5.099999904632568,5131
2017-10-27,3.571614980697632,5.099999904632568,5.099999904632568,5.0,5.0,913
2017-10-30,3.5015833377838135,5.0,5.099999904632568,5.0,5.0,903
2017-10-31,3.396536111831665,4.849999904632568,5.0,4.849999904632568,5.0,467
2017-11-01,3.5015833377838135,5.0,5.0,4.849999904632568,4.849999904632568,1049
2017-11-02,3.466567277908325,4.949999809265137,5.0,4.800000190734863,4.900000095367432,1609
2017-11-03,3.5015833377838135,5.0,5.099999904632568,5.0,5.0,1015
2017-11-06,3.5015833377838135,5.0,5.0,4.900000095367432,5.0,161
2017-11-07,3.571614980697632,5.099999904632568,5.150000095367432,4.849999904632568,5.050000190734863,1313
2017-11-08,3.5015833377838135,5.0,5.0,5.0,5.0,18
2017-11-09,3.5015833377838135,5.0,5.150000095367432,4.800000190734863,5.099999904632568,535
2017-11-10,3.361520528793335,4.800000190734863,4.800000190734863,4.800000190734863,4.800000190734863,120
2017-11-13,3.361520528793335,4.800000190734863,4.949999809265137,4.800000190734863,4.800000190734863,161
2017-11-14,3.431551933288574,4.900000095367432,5.050000190734863,4.900000095367432,5.050000190734863,48
2017-11-15,3.396536111831665,4.849999904632568,4.900000095367432,4.849999904632568,4.900000095367432,326
2017-11-16,3.396536111831665,4.849999904632568,5.0,4.75,4.849999904632568,768
2017-11-17,3.5015833377838135,5.0,5.0,5.0,5.0,100
2017-11-20,3.536599636077881,5.050000190734863,5.449999809265137,4.75,5.449999809265137,243
2017-11-21,3.326504707336426,4.75,4.75,4.75,4.75,22
2017-11-22,3.466567277908325,4.949999809265137,4.949999809265137,4.75,4.75,181
2017-11-23,3.326504707336426,4.75,5.0,4.75,4.75,206
2017-11-24,3.396536111831665,4.849999904632568,5.0,4.849999904632568,5.0,797
2017-11-27,3.396536111831665,4.849999904632568,4.849999904632568,4.849999904632568,4.849999904632568,330
2017-11-28,3.396536111831665,4.849999904632568,5.099999904632568,4.75,4.75,1627
2017-11-29,3.326504707336426,4.75,4.849999904632568,4.75,4.75,682
2017-11-30,3.326504707336426,4.75,4.75,4.75,4.75,280
2017-12-01,3.466567277908325,4.949999809265137,4.949999809265137,4.599999904632568,4.599999904632568,280
2017-12-04,3.6766626834869385,5.25,5.25,4.900000095367432,4.900000095367432,1160
2017-12-05,3.431551933288574,4.900000095367432,5.150000095367432,4.900000095367432,5.0,294
2017-12-07,3.396536111831665,4.849999904632568,4.849999904632568,4.650000095367432,4.650000095367432,211
2017-12-08,3.396536111831665,4.849999904632568,4.849999904632568,4.699999809265137,4.699999809265137,112
2017-12-11,3.326504707336426,4.75,4.75,4.75,4.75,40
2017-12-12,3.326504707336426,4.75,4.75,4.75,4.75,0
2017-12-13,3.396536111831665,4.849999904632568,4.849999904632568,4.800000190734863,4.800000190734863,1630
2017-12-14,3.2914879322052,4.699999809265137,4.900000095367432,4.650000095367432,4.900000095367432,6618
2017-12-15,3.326504707336426,4.75,4.900000095367432,4.599999904632568,4.900000095367432,2320
2017-12-18,3.18644118309021,4.550000190734863,4.849999904632568,4.0,4.599999904632568,2246
2017-12-19,3.361520528793335,4.800000190734863,4.900000095367432,4.800000190734863,4.900000095367432,719
2017-12-20,3.326504707336426,4.75,4.849999904632568,4.550000190734863,4.849999904632568,1020
2017-12-21,3.326504707336426,4.75,4.900000095367432,4.699999809265137,4.699999809265137,3553
2017-12-22,3.326504707336426,4.75,4.75,4.699999809265137,4.75,1331
2017-12-27,3.1164088249206543,4.449999809265137,4.699999809265137,4.25,4.699999809265137,2237
2017-12-28,3.396536111831665,4.849999904632568,4.849999904632568,4.699999809265137,4.699999809265137,2152
2017-12-29,3.466567277908325,4.949999809265137,4.949999809265137,4.699999809265137,4.849999904632568,1762
2018-01-02,3.5015833377838135,5.0,5.449999809265137,4.949999809265137,5.449999809265137,1096
2018-01-03,3.7817108631134033,5.400000095367432,5.400000095367432,5.0,5.199999809265137,2674
2018-01-04,3.7817108631134033,5.400000095367432,5.900000095367432,5.25,5.400000095367432,4749
2018-01-05,3.8517420291900635,5.5,5.75,5.224999904632568,5.375,1054
2018-01-08,3.95678973197937,5.650000095367432,5.724999904632568,5.5,5.724999904632568,1492
2018-01-09,3.6766626834869385,5.25,5.650000095367432,5.25,5.650000095367432,1125
2018-01-10,3.729186534881592,5.324999809265137,5.849999904632568,5.050000190734863,5.25,591
2018-01-11,3.834233522415161,5.474999904632568,5.5,5.25,5.5,319
2018-01-12,3.834233522415161,5.474999904632568,5.5,5.474999904632568,5.5,83
2018-01-15,3.816725730895996,5.449999809265137,5.474999904632568,5.050000190734863,5.474999904632568,205
2018-01-16,3.7817108631134033,5.400000095367432,5.5,5.025000095367432,5.449999809265137,1296
2018-01-17,3.8517420291900635,5.5,5.5,5.5,5.5,407
2018-01-18,3.8517420291900635,5.5,5.5,5.25,5.25,150
2018-01-19,3.991804599761963,5.699999809265137,5.849999904632568,5.050000190734863,5.050000190734863,480
2018-01-22,3.834233522415161,5.474999904632568,5.699999809265137,5.349999904632568,5.699999809265137,610
2018-01-23,3.8517420291900635,5.5,5.5,5.474999904632568,5.474999904632568,7
2018-01-24,3.834233522415161,5.474999904632568,5.699999809265137,5.400000095367432,5.699999809265137,443
2018-01-25,3.816725730895996,5.449999809265137,5.699999809265137,5.25,5.699999809265137,1064
2018-01-26,3.799217700958252,5.425000190734863,5.650000095367432,5.425000190734863,5.650000095367432,229
2018-01-29,3.8517420291900635,5.5,5.650000095367432,5.275000095367432,5.5,460
2018-01-30,3.816725730895996,5.449999809265137,5.449999809265137,5.449999809265137,5.449999809265137,79
2018-01-31,3.7466940879821777,5.349999904632568,5.650000095367432,5.050000190734863,5.050000190734863,536
2018-02-01,3.95678973197937,5.650000095367432,5.650000095367432,5.074999809265137,5.349999904632568,368
2018-02-02,3.95678973197937,5.650000095367432,5.650000095367432,5.625,5.625,47
2018-02-05,3.8867578506469727,5.550000190734863,5.599999904632568,5.099999904632568,5.599999904632568,198
2018-02-06,3.8517420291900635,5.5,5.5,5.0,5.099999904632568,1340
2018-02-07,3.921773910522461,5.599999904632568,5.599999904632568,5.25,5.25,298
2018-02-08,3.921773910522461,5.599999904632568,5.599999904632568,5.599999904632568,5.599999904632568,69
2018-02-09,3.95678973197937,5.650000095367432,5.650000095367432,5.099999904632568,5.099999904632568,458
2018-02-12,3.939281702041626,5.625,5.625,5.25,5.25,70
2018-02-13,3.834233522415161,5.474999904632568,5.650000095367432,5.0,5.650000095367432,553
2018-02-14,3.5015833377838135,5.0,5.074999809265137,5.0,5.025000095367432,870
2018-02-15,3.799217700958252,5.425000190734863,5.474999904632568,5.0,5.474999904632568,492
2018-02-16,3.764202356338501,5.375,5.400000095367432,5.375,5.400000095367432,58
2018-02-19,3.536599636077881,5.050000190734863,5.400000095367432,5.025000095367432,5.025000095367432,205
2018-02-20,3.571614980697632,5.099999904632568,5.275000095367432,5.050000190734863,5.050000190734863,799
2018-02-21,3.7466940879821777,5.349999904632568,5.375,5.050000190734863,5.050000190734863,1238
2018-02-22,3.571614980697632,5.099999904632568,5.099999904632568,5.099999904632568,5.099999904632568,354
2018-02-23,3.7116787433624268,5.300000190734863,5.300000190734863,5.099999904632568,5.099999904632568,250
2018-02-26,3.7466940879821777,5.349999904632568,5.349999904632568,5.050000190734863,5.324999809265137,685
2018-02-27,3.816725730895996,5.449999809265137,5.449999809265137,5.199999809265137,5.349999904632568,572
2018-02-28,3.729186534881592,5.324999809265137,5.349999904632568,5.25,5.349999904632568,292
2018-03-01,3.764202356338501,5.375,5.474999904632568,5.0,5.474999904632568,1046
2018-03-02,3.5015833377838135,5.0,5.375,5.0,5.375,663
2018-03-05,3.6066315174102783,5.150000095367432,5.275000095367432,5.150000095367432,5.150000095367432,238
2018-03-06,3.6241393089294434,5.175000190734863,5.25,5.150000095367432,5.25,135
2018-03-07,3.641646146774292,5.199999809265137,5.224999904632568,5.0,5.224999904632568,212
2018-03-08,3.536599636077881,5.050000190734863,5.175000190734863,5.050000190734863,5.175000190734863,504
2018-03-09,3.4945802688598633,4.989999771118164,5.175000190734863,4.570000171661377,4.570000171661377,339
2018-03-12,3.5015833377838135,5.0,5.0,4.570000171661377,4.570000171661377,496
2018-03-13,3.5015833377838135,5.0,5.0,5.0,5.0,104
2018-03-14,3.396536111831665,4.849999904632568,4.989999771118164,4.840000152587891,4.989999771118164,1022
2018-03-15,3.4105427265167236,4.869999885559082,4.869999885559082,4.610000133514404,4.849999904632568,162
2018-03-16,3.5015833377838135,5.0,5.0,4.610000133514404,4.610000133514404,1076
2018-03-19,3.326504707336426,4.75,5.0,4.75,5.0,89
2018-03-20,3.326504707336426,4.75,4.75,4.75,4.75,39
2018-03-21,3.4945802688598633,4.989999771118164,4.989999771118164,4.980000019073486,4.980000019073486,1012
2018-03-22,3.431551933288574,4.900000095367432,4.989999771118164,4.900000095367432,4.989999771118164,705
2018-03-23,3.431551933288574,4.900000095367432,4.900000095367432,4.610000133514404,4.610000133514404,644
2018-03-26,3.326504707336426,4.75,4.75,4.650000095367432,4.75,211
2018-03-27,3.326504707336426,4.75,4.840000152587891,4.300000190734863,4.300000190734863,342
2018-03-28,3.361520528793335,4.800000190734863,4.989999771118164,4.75,4.849999904632568,1277
2018-03-29,3.4945802688598633,4.989999771118164,4.989999771118164,4.699999809265137,4.699999809265137,728
2018-04-03,3.431551933288574,4.900000095367432,4.989999771118164,4.550000190734863,4.989999771118164,566
2018-04-04,3.333507537841797,4.760000228881836,4.760000228881836,4.760000228881836,4.760000228881836,498
2018-04-05,3.361520528793335,4.800000190734863,4.800000190734863,4.760000228881836,4.760000228881836,14
2018-04-06,3.2284600734710693,4.610000133514404,4.760000228881836,4.610000133514404,4.760000228881836,210
2018-04-09,3.18644118309021,4.550000190734863,4.610000133514404,4.550000190734863,4.610000133514404,421
2018-04-10,3.480574369430542,4.96999979019165,4.96999979019165,4.550000190734863,4.550000190734863,1057
2018-04-11,3.2914879322052,4.699999809265137,4.96999979019165,4.699999809265137,4.96999979019165,15
2018-04-12,3.277482271194458,4.679999828338623,4.679999828338623,4.5,4.679999828338623,221
2018-04-13,3.193444013595581,4.559999942779541,4.920000076293945,4.550000190734863,4.920000076293945,429
2018-04-16,3.326504707336426,4.75,4.75,4.5,4.559999942779541,384
2018-04-17,3.2914879322052,4.699999809265137,4.900000095367432,4.699999809265137,4.75,344
2018-04-18,3.2914879322052,4.699999809265137,4.699999809265137,4.699999809265137,4.699999809265137,1
2018-04-19,3.2914879322052,4.699999809265137,4.699999809265137,4.699999809265137,4.699999809265137,2
2018-04-20,3.2914879322052,4.699999809265137,4.699999809265137,4.699999809265137,4.699999809265137,0
2018-04-23,3.22145676612854,4.599999904632568,4.599999904632568,4.0,4.0,139
2018-04-24,3.2914879322052,4.699999809265137,4.699999809265137,4.599999904632568,4.599999904632568,339
2018-04-25,3.5015833377838135,5.0,5.0,4.519999980926514,4.519999980926514,72
2018-04-26,3.7817108631134033,5.400000095367432,6.25,5.050000190734863,5.050000190734863,8835
2018-04-27,3.8517420291900635,5.5,5.974999904632568,5.150000095367432,5.974999904632568,3518
2018-04-30,3.8517420291900635,5.5,5.5,5.275000095367432,5.300000190734863,2248
2018-05-02,3.816725730895996,5.449999809265137,5.449999809265137,5.300000190734863,5.300000190734863,208
2018-05-03,3.816725730895996,5.449999809265137,5.449999809265137,5.300000190734863,5.300000190734863,20
2018-05-04,3.816725730895996,5.449999809265137,5.449999809265137,5.175000190734863,5.175000190734863,1040
2018-05-07,3.799217700958252,5.425000190734863,5.449999809265137,5.425000190734863,5.449999809265137,410
2018-05-08,3.816725730895996,5.449999809265137,5.449999809265137,5.449999809265137,5.449999809265137,35
2018-05-09,3.816725730895996,5.449999809265137,5.449999809265137,5.324999809265137,5.449999809265137,382
2018-05-11,3.7116787433624268,5.300000190734863,5.449999809265137,5.300000190734863,5.300000190734863,68
2018-05-14,3.8517420291900635,5.5,5.5,5.300000190734863,5.300000190734863,200
2018-05-15,3.7466940879821777,5.349999904632568,5.349999904632568,5.349999904632568,5.349999904632568,20
2018-05-16,3.8517420291900635,5.5,5.5,5.0,5.0,30
2018-05-17,4.009313106536865,5.724999904632568,5.724999904632568,5.25,5.5,847
2018-05-18,3.921773910522461,5.599999904632568,5.724999904632568,5.5,5.724999904632568,4162
2018-05-21,4.026820659637451,5.75,5.974999904632568,5.525000095367432,5.650000095367432,2786
2018-05-22,3.991804599761963,5.699999809265137,5.75,5.5,5.75,557
2018-05-23,3.991804599761963,5.699999809265137,5.949999809265137,5.699999809265137,5.699999809265137,332
2018-05-24,3.9042654037475586,5.574999809265137,5.574999809265137,5.550000190734863,5.550000190734863,53
2018-05-25,3.8517420291900635,5.5,5.550000190734863,5.300000190734863,5.300000190734863,101
2018-05-28,4.079344749450684,5.824999809265137,5.949999809265137,5.5,5.5,1109
2018-05-29,3.8517420291900635,5.5,5.925000190734863,5.5,5.925000190734863,92
2018-05-30,3.8517420291900635,5.5,5.849999904632568,5.5,5.849999904632568,473
2018-05-31,4.0443291664123535,5.775000095367432,5.775000095367432,5.775000095367432,5.775000095367432,87
2018-06-01,3.95678973197937,5.650000095367432,5.949999809265137,5.650000095367432,5.949999809265137,150
2018-06-04,3.939281702041626,5.625,5.974999904632568,5.599999904632568,5.974999904632568,978
2018-06-05,3.921773910522461,5.599999904632568,5.599999904632568,5.449999809265137,5.449999809265137,112
2018-06-06,4.114360809326172,5.875,5.949999809265137,5.75,5.75,94
2018-06-07,3.8517420291900635,5.5,5.875,5.5,5.875,483
2018-06-08,3.8517420291900635,5.5,5.5,5.5,5.5,95
2018-06-11,3.7116787433624268,5.300000190734863,5.5,5.074999809265137,5.5,1024
2018-06-12,3.8517420291900635,5.5,5.5,5.300000190734863,5.300000190734863,94
2018-06-13,3.8517420291900635,5.5,5.5,5.5,5.5,15
2018-06-14,3.8517420291900635,5.5,5.5,5.5,5.5,127
2018-06-15,3.8517420291900635,5.5,5.5,5.375,5.375,2949
2018-06-18,3.764202356338501,5.375,5.474999904632568,5.375,5.474999904632568,149
2018-06-19,3.431551933288574,4.900000095367432,5.25,4.900000095367432,5.175000190734863,4682
2018-06-20,3.6941704750061035,5.275000095367432,5.275000095367432,4.960000038146973,4.960000038146973,227
2018-06-21,3.4455580711364746,4.920000076293945,5.275000095367432,4.920000076293945,5.275000095367432,1330
2018-06-25,3.4455580711364746,4.920000076293945,4.920000076293945,4.920000076293945,4.920000076293945,80
2018-06-26,3.4455580711364746,4.920000076293945,4.920000076293945,4.920000076293945,4.920000076293945,0
2018-06-27,3.4945802688598633,4.989999771118164,4.989999771118164,4.989999771118164,4.989999771118164,0
2018-06-28,3.4945802688598633,4.989999771118164,5.074999809265137,4.989999771118164,5.0,699
2018-06-29,3.5015833377838135,5.0,5.0,5.0,5.0,500
2018-07-02,3.5015833377838135,5.0,5.0,5.0,5.0,0
2018-07-03,3.6241393089294434,5.175000190734863,5.275000095367432,5.0,5.0,20
2018-07-04,3.4945802688598633,4.989999771118164,4.989999771118164,4.510000228881836,4.510000228881836,14
2018-07-05,3.326504707336426,4.75,5.125,4.539999961853027,4.539999961853027,362
2018-07-06,3.4945802688598633,4.989999771118164,4.989999771118164,4.989999771118164,4.989999771118164,240
2018-07-09,3.4945802688598633,4.989999771118164,4.989999771118164,4.989999771118164,4.989999771118164,0
2018-07-10,3.6241393089294434,5.175000190734863,5.175000190734863,5.0,5.0,126
2018-07-11,3.431551933288574,4.900000095367432,5.199999809265137,4.900000095367432,5.0,29
2018-07-12,3.403538942337036,4.860000133514404,5.275000095367432,4.800000190734863,5.074999809265137,842
2018-07-13,3.396536111831665,4.849999904632568,4.860000133514404,4.849999904632568,4.860000133514404,247
2018-07-16,3.340510129928589,4.769999980926514,5.0,4.769999980926514,5.0,1378
2018-07-17,3.340510129928589,4.769999980926514,4.769999980926514,4.769999980926514,4.769999980926514,400
2018-07-18,3.466567277908325,4.949999809265137,4.949999809265137,4.949999809265137,4.949999809265137,20
2018-07-19,3.466567277908325,4.949999809265137,4.949999809265137,4.949999809265137,4.949999809265137,43
2018-07-20,3.361520528793335,4.800000190734863,4.940000057220459,4.760000228881836,4.760000228881836,136
2018-07-23,3.431551933288574,4.900000095367432,5.0,4.900000095367432,4.900000095367432,616
2018-07-24,3.5015833377838135,5.0,5.0,4.900000095367432,4.900000095367432,40
2018-07-25,3.466567277908325,4.949999809265137,4.949999809265137,4.949999809265137,4.949999809265137,40
2018-07-26,3.4385550022125244,4.909999847412109,5.0,4.909999847412109,4.949999809265137,452
2018-07-27,3.5015833377838135,5.0,5.0,4.989999771118164,4.989999771118164,303
2018-07-30,3.4945802688598633,4.989999771118164,5.199999809265137,4.900000095367432,5.0,1274
2018-07-31,3.4945802688598633,4.989999771118164,4.989999771118164,4.989999771118164,4.989999771118164,62
2018-08-01,3.431551933288574,4.900000095367432,5.0,4.900000095367432,4.900000095367432,328
2018-08-02,3.5015833377838135,5.0,5.0,4.900000095367432,5.0,1134
2018-08-03,3.361520528793335,4.800000190734863,5.0,4.800000190734863,5.0,128
2018-08-06,3.5015833377838135,5.0,5.0,4.800000190734863,4.800000190734863,412
2018-08-07,3.5015833377838135,5.0,5.0,5.0,5.0,171
2018-08-08,3.431551933288574,4.900000095367432,4.989999771118164,4.820000171661377,4.989999771118164,1373
2018-08-09,3.6941704750061035,5.275000095367432,5.650000095367432,5.0,5.0,13819
2018-08-10,3.6766626834869385,5.25,5.400000095367432,5.150000095367432,5.400000095367432,439
2018-08-13,3.554107427597046,5.074999809265137,5.25,5.074999809265137,5.25,2995
2018-08-14,3.5015833377838135,5.0,5.0,5.0,5.0,33
2018-08-15,3.5190913677215576,5.025000095367432,5.199999809265137,5.025000095367432,5.199999809265137,125
2018-08-16,3.5015833377838135,5.0,5.025000095367432,5.0,5.025000095367432,593
2018-08-17,3.6766626834869385,5.25,5.25,5.0,5.224999904632568,107
2018-08-20,3.5190913677215576,5.025000095367432,5.449999809265137,5.025000095367432,5.449999809265137,153
2018-08-21,3.5190913677215576,5.025000095367432,5.025000095367432,5.0,5.0,22
2018-08-22,3.5190913677215576,5.025000095367432,5.074999809265137,5.025000095367432,5.025000095367432,426
2018-08-23,3.5015833377838135,5.0,5.074999809265137,5.0,5.074999809265137,51
2018-08-24,3.554107427597046,5.074999809265137,5.074999809265137,5.0,5.0,28
2018-08-27,3.554107427597046,5.074999809265137,5.449999809265137,5.074999809265137,5.099999904632568,515
2018-08-28,3.6066315174102783,5.150000095367432,5.300000190734863,5.150000095367432,5.300000190734863,704
2018-08-29,3.641646146774292,5.199999809265137,5.199999809265137,5.0,5.0,668
2018-08-30,3.5015833377838135,5.0,5.175000190734863,4.940000057220459,5.0,235
2018-08-31,3.5015833377838135,5.0,5.0,5.0,5.0,10
2018-09-03,3.554107427597046,5.074999809265137,5.099999904632568,5.0,5.025000095367432,984
2018-09-04,3.5015833377838135,5.0,5.074999809265137,4.989999771118164,5.074999809265137,918
2018-09-05,3.459564685821533,4.940000057220459,5.125,4.940000057220459,5.0,308
2018-09-06,3.5015833377838135,5.0,5.025000095367432,5.0,5.025000095367432,151
2018-09-07,3.5190913677215576,5.025000095367432,5.025000095367432,5.025000095367432,5.025000095367432,159
2018-09-10,3.571614980697632,5.099999904632568,5.099999904632568,5.0,5.025000095367432,183
2018-09-11,3.466567277908325,4.949999809265137,5.099999904632568,4.940000057220459,5.099999904632568,9
2018-09-12,3.5015833377838135,5.0,5.099999904632568,5.0,5.0,528
2018-09-13,3.5015833377838135,5.0,5.074999809265137,4.989999771118164,5.0,484
2018-09-14,3.4945802688598633,4.989999771118164,5.0,4.949999809265137,5.0,398
2018-09-17,3.431551933288574,4.900000095367432,4.989999771118164,4.789999961853027,4.989999771118164,755
2018-09-18,3.459564685821533,4.940000057220459,4.980000019073486,4.820000171661377,4.980000019073486,2022
2018-09-19,3.403538942337036,4.860000133514404,4.960000038146973,4.820000171661377,4.820000171661377,228
2018-09-20,3.431551933288574,4.900000095367432,4.980000019073486,4.829999923706055,4.980000019073486,331
2018-09-21,3.361520528793335,4.800000190734863,4.989999771118164,4.78000020980835,4.989999771118164,214
2018-09-24,3.480574369430542,4.96999979019165,4.96999979019165,4.75,4.75,287
2018-09-25,3.487577438354492,4.980000019073486,4.980000019073486,4.760000228881836,4.96999979019165,1418
2018-09-26,3.480574369430542,4.96999979019165,4.96999979019165,4.96999979019165,4.96999979019165,60
2018-09-27,3.3475139141082764,4.78000020980835,4.900000095367432,4.78000020980835,4.900000095367432,70
2018-09-28,3.2914879322052,4.699999809265137,4.800000190734863,4.699999809265137,4.75,435
2018-10-01,3.326504707336426,4.75,4.75,4.670000076293945,4.670000076293945,2181
2018-10-02,3.431551933288574,4.900000095367432,4.900000095367432,4.710000038146973,4.710000038146973,76
2018-10-03,3.431551933288574,4.900000095367432,4.900000095367432,4.900000095367432,4.900000095367432,300
2018-10-04,3.396536111831665,4.849999904632568,4.849999904632568,4.849999904632568,4.849999904632568,0
2018-10-05,3.3195013999938965,4.739999771118164,4.789999961853027,4.5,4.75,2471
2018-10-08,3.312498092651367,4.730000019073486,4.730000019073486,4.5,4.730000019073486,337
2018-10-09,3.3195013999938965,4.739999771118164,4.739999771118164,4.5,4.5,306
2018-10-10,3.305495023727417,4.71999979019165,4.71999979019165,4.71999979019165,4.71999979019165,52
2018-10-11,3.151425361633301,4.5,4.739999771118164,4.5,4.5,509
2018-10-12,3.361520528793335,4.800000190734863,4.800000190734863,4.599999904632568,4.739999771118164,442
2018-10-15,3.22145676612854,4.599999904632568,4.75,4.539999961853027,4.550000190734863,603
2018-10-16,3.284485340118408,4.690000057220459,4.690000057220459,4.690000057220459,4.690000057220459,70
2018-10-17,3.2284600734710693,4.610000133514404,4.670000076293945,4.610000133514404,4.610000133514404,1020
2018-10-18,3.2284600734710693,4.610000133514404,4.610000133514404,4.610000133514404,4.610000133514404,1
2018-10-19,3.18644118309021,4.550000190734863,4.550000190734863,4.519999980926514,4.519999980926514,1400
2018-10-22,3.2564728260040283,4.650000095367432,4.849999904632568,4.510000228881836,4.519999980926514,1905
2018-10-23,3.1094064712524414,4.440000057220459,4.679999828338623,4.309999942779541,4.510000228881836,4573
2018-10-24,3.046377420425415,4.349999904632568,4.5,4.309999942779541,4.440000057220459,3015
2018-10-25,3.2704789638519287,4.670000076293945,4.670000076293945,4.050000190734863,4.050000190734863,522
2018-10-26,3.1794381141662598,4.539999961853027,4.659999847412109,4.539999961853027,4.659999847412109,1104
2018-10-29,3.2564728260040283,4.650000095367432,4.650000095367432,4.25,4.5,990
2018-10-30,2.983349561691284,4.260000228881836,4.489999771118164,4.260000228881836,4.260000228881836,225
2018-10-31,3.011362075805664,4.300000190734863,4.300000190734863,4.239999771118164,4.260000228881836,1483
2018-11-01,2.864295482635498,4.090000152587891,4.440000057220459,4.090000152587891,4.440000057220459,610
2018-11-02,3.0813939571380615,4.400000095367432,4.440000057220459,4.25,4.440000057220459,1474
2018-11-05,2.955336332321167,4.21999979019165,4.449999809265137,4.110000133514404,4.449999809265137,1915
2018-11-06,2.9413299560546875,4.199999809265137,4.300000190734863,4.199999809265137,4.21999979019165,448
2018-11-07,3.1094064712524414,4.440000057220459,4.440000057220459,4.099999904632568,4.199999809265137,387
2018-11-08,2.836282968521118,4.050000190734863,4.440000057220459,4.050000190734863,4.440000057220459,475
2018-11-09,2.976346015930176,4.25,4.300000190734863,4.21999979019165,4.25,245
2018-11-12,2.9133174419403076,4.159999847412109,4.25,4.159999847412109,4.25,128
2018-11-13,2.9063146114349365,4.150000095367432,4.25,4.150000095367432,4.25,299
2018-11-14,2.836282968521118,4.050000190734863,4.170000076293945,3.9100000858306885,4.170000076293945,1131
2018-11-15,3.1094064712524414,4.440000057220459,4.440000057220459,4.440000057220459,4.440000057220459,80
2018-11-16,2.976346015930176,4.25,4.340000152587891,4.0,4.340000152587891,664
2018-11-19,2.9063146114349365,4.150000095367432,4.25,4.059999942779541,4.25,579
2018-11-20,3.067387104034424,4.380000114440918,4.489999771118164,4.090000152587891,4.400000095367432,352
2018-11-21,2.8783013820648193,4.110000133514404,4.110000133514404,4.079999923706055,4.079999923706055,817
2018-11-22,2.9483330249786377,4.210000038146973,4.210000038146973,4.170000076293945,4.170000076293945,528
2018-11-23,2.8783013820648193,4.110000133514404,4.25,4.110000133514404,4.199999809265137,3084
2018-11-26,2.899311065673828,4.139999866485596,4.190000057220459,4.139999866485596,4.190000057220459,31
2018-11-27,2.871298313140869,4.099999904632568,4.159999847412109,4.099999904632568,4.159999847412109,243
2018-11-28,3.088397264480591,4.409999847412109,4.5,4.25,4.340000152587891,6882
2018-11-29,3.144421339035034,4.489999771118164,4.510000228881836,4.409999847412109,4.489999771118164,638
2018-11-30,3.1094064712524414,4.440000057220459,4.5,4.440000057220459,4.5,461
2018-12-03,2.864295482635498,4.090000152587891,4.5,4.090000152587891,4.440000057220459,1105
2018-12-04,2.864295482635498,4.090000152587891,4.090000152587891,4.090000152587891,4.090000152587891,324
2018-12-05,2.864295482635498,4.090000152587891,4.309999942779541,4.090000152587891,4.099999904632568,110
2018-12-07,3.011362075805664,4.300000190734863,4.300000190734863,4.090000152587891,4.090000152587891,121
2018-12-10,2.976346015930176,4.25,4.269999980926514,4.239999771118164,4.25,606
2018-12-11,2.955336332321167,4.21999979019165,4.25,3.9100000858306885,4.25,506
2018-12-12,2.80126690864563,4.0,4.239999771118164,3.940000057220459,4.239999771118164,2728
2018-12-13,2.7592475414276123,3.940000057220459,4.0,3.9000000953674316,3.930000066757202,565
2018-12-14,2.7662508487701416,3.950000047683716,4.0,3.950000047683716,3.950000047683716,72
2018-12-17,2.5211398601531982,3.5999999046325684,4.050000190734863,3.4000000953674316,4.050000190734863,931
2018-12-18,2.5281434059143066,3.609999895095825,3.609999895095825,3.609999895095825,3.609999895095825,849
2018-12-19,2.6752099990844727,3.819999933242798,4.010000228881836,3.75,3.75,1335
2018-12-20,2.7942633628845215,3.990000009536743,3.990000009536743,3.700000047683716,3.8299999237060547,619
2018-12-21,2.6401939392089844,3.7699999809265137,3.7699999809265137,3.700000047683716,3.7100000381469727,529
2018-12-27,2.451108694076538,3.5,4.0,3.5,4.0,2437
2018-12-28,2.563159465789795,3.6600000858306885,3.75,3.5,3.509999990463257,6408
2019-01-02,2.388079881668091,3.4100000858306885,3.6600000858306885,3.200000047683716,3.5,1198
2019-01-03,2.591171979904175,3.700000047683716,3.990000009536743,3.700000047683716,3.990000009536743,542
2019-01-04,2.626187562942505,3.75,3.9000000953674316,3.75,3.9000000953674316,229
2019-01-07,2.710225820541382,3.869999885559082,3.9000000953674316,3.609999895095825,3.9000000953674316,556
2019-01-08,2.6121814250946045,3.7300000190734863,3.9000000953674316,3.7200000286102295,3.869999885559082,447
2019-01-09,2.710225820541382,3.869999885559082,3.869999885559082,3.869999885559082,3.869999885559082,964
2019-01-10,2.6471970081329346,3.7799999713897705,4.230000019073486,3.740000009536743,3.869999885559082,491
2019-01-11,2.696218967437744,3.8499999046325684,3.8499999046325684,3.8499999046325684,3.8499999046325684,10
2019-01-14,2.7312355041503906,3.9000000953674316,4.170000076293945,3.809999942779541,4.170000076293945,610
2019-01-15,2.8292794227600098,4.039999961853027,4.179999828338623,4.0,4.0,391
2019-01-16,2.976346015930176,4.25,4.260000228881836,4.150000095367432,4.150000095367432,951
2019-01-17,3.277482271194458,4.679999828338623,4.960000038146973,4.420000076293945,4.420000076293945,509
2019-01-18,3.816725730895996,5.449999809265137,5.849999904632568,4.949999809265137,4.949999809265137,3451
2019-01-21,3.571614980697632,5.099999904632568,5.449999809265137,4.599999904632568,5.449999809265137,1672
2019-01-22,3.340510129928589,4.769999980926514,5.199999809265137,4.75,5.199999809265137,220
2019-01-23,3.361520528793335,4.800000190734863,5.0,4.769999980926514,4.769999980926514,455
2019-01-24,3.5015833377838135,5.0,5.0,4.800000190734863,4.800000190734863,154
2019-01-25,3.5015833377838135,5.0,5.0,4.800000190734863,5.0,607
2019-01-28,3.5015833377838135,5.0,5.0,4.989999771118164,5.0,79
2019-01-29,3.5015833377838135,5.0,5.0,4.800000190734863,5.0,362
2019-01-30,3.5015833377838135,5.0,5.25,5.0,5.0,1833
2019-01-31,3.193444013595581,4.559999942779541,5.050000190734863,4.010000228881836,5.050000190734863,258
2019-02-01,3.18644118309021,4.550000190734863,4.570000171661377,4.5,4.559999942779541,920
2019-02-04,3.3195013999938965,4.739999771118164,4.739999771118164,4.730000019073486,4.739999771118164,125
2019-02-05,3.326504707336426,4.75,5.0,4.75,5.0,320
2019-02-06,3.536599636077881,5.050000190734863,5.050000190734863,4.75,4.75,25
2019-02-07,3.431551933288574,4.900000095367432,5.0,4.900000095367432,5.0,881
2019-02-08,3.361520528793335,4.800000190734863,4.800000190734863,4.800000190734863,4.800000190734863,38
2019-02-11,3.165431499481201,4.519999980926514,4.800000190734863,4.5,4.800000190734863,919
2019-02-12,3.151425361633301,4.5,5.0,4.5,4.539999961853027,499
2019-02-13,3.452561378479004,4.929999828338623,5.0,4.929999828338623,5.0,35
2019-02-14,3.4455580711364746,4.920000076293945,4.949999809265137,4.920000076293945,4.949999809265137,3
2019-02-15,3.424548625946045,4.889999866485596,4.909999847412109,4.510000228881836,4.909999847412109,323
2019-02-18,3.4175448417663574,4.880000114440918,4.889999866485596,4.880000114440918,4.889999866485596,200
2019-02-19,3.193444013595581,4.559999942779541,4.900000095367432,4.559999942779541,4.900000095367432,508
2019-02-20,3.2284600734710693,4.610000133514404,4.610000133514404,4.610000133514404,4.610000133514404,119
2019-02-21,3.0813939571380615,4.400000095367432,4.889999866485596,4.400000095367432,4.889999866485596,1525
2019-02-22,3.2564728260040283,4.650000095367432,4.940000057220459,4.510000228881836,4.940000057220459,474
2019-02-25,3.2914879322052,4.699999809265137,4.699999809265137,4.650000095367432,4.699999809265137,106
2019-02-26,3.151425361633301,4.5,4.539999961853027,4.5,4.519999980926514,308
2019-02-27,3.151425361633301,4.5,4.5,4.5,4.5,0
2019-02-28,3.3195013999938965,4.739999771118164,4.75,4.5,4.539999961853027,634
2019-03-01,3.22145676612854,4.599999904632568,4.739999771118164,4.449999809265137,4.5,323
2019-03-04,3.1794381141662598,4.539999961853027,4.599999904632568,4.5,4.599999904632568,380
2019-03-05,3.151425361633301,4.5,4.590000152587891,4.5,4.510000228881836,208
2019-03-06,3.0813939571380615,4.400000095367432,4.5,4.400000095367432,4.5,99
2019-03-07,2.80126690864563,4.0,4.539999961853027,4.0,4.400000095367432,8452
2019-03-08,2.80126690864563,4.0,4.389999866485596,4.0,4.010000228881836,5296
2019-03-11,3.144421339035034,4.489999771118164,4.489999771118164,3.990000009536743,4.0,2361
2019-03-12,2.836282968521118,4.050000190734863,4.050000190734863,4.0,4.050000190734863,2596
2019-03-13,2.836282968521118,4.050000190734863,4.429999828338623,4.0,4.150000095367432,3714
2019-03-14,2.864295482635498,4.090000152587891,4.389999866485596,4.0,4.199999809265137,1924
2019-03-15,2.836282968521118,4.050000190734863,4.309999942779541,4.050000190734863,4.289999961853027,4045
2019-03-18,2.864295482635498,4.090000152587891,4.150000095367432,4.050000190734863,4.150000095367432,1232
2019-03-19,2.871298313140869,4.099999904632568,4.099999904632568,4.0,4.090000152587891,542
2019-03-20,2.871298313140869,4.099999904632568,4.099999904632568,4.0,4.059999942779541,594
2019-03-21,2.871298313140869,4.099999904632568,4.099999904632568,4.0,4.099999904632568,1381
2019-03-22,2.920320749282837,4.170000076293945,4.170000076293945,4.0,4.0,177
2019-03-25,2.920320749282837,4.170000076293945,4.170000076293945,3.9200000762939453,4.159999847412109,190
2019-03-26,2.899311065673828,4.139999866485596,4.150000095367432,4.139999866485596,4.150000095367432,165
2019-03-27,2.7942633628845215,3.990000009536743,4.159999847412109,3.740000009536743,4.0,5811
2019-03-28,2.9693424701690674,4.239999771118164,4.320000171661377,4.010000228881836,4.050000190734863,2546
2019-03-29,2.808270215988159,4.010000228881836,4.239999771118164,4.010000228881836,4.239999771118164,922
2019-04-01,2.9063146114349365,4.150000095367432,4.199999809265137,4.050000190734863,4.050000190734863,552
2019-04-02,2.853790521621704,4.074999809265137,4.275000095367432,4.0,4.099999904632568,1258
2019-04-03,2.836282968521118,4.050000190734863,4.25,4.050000190734863,4.25,43
2019-04-04,2.976346015930176,4.25,4.25,3.950000047683716,4.0,322
2019-04-05,2.95883846282959,4.224999904632568,4.275000095367432,4.0,4.25,998
2019-04-08,2.95883846282959,4.224999904632568,4.25,4.050000190734863,4.224999904632568,2373
2019-04-09,2.9413299560546875,4.199999809265137,4.199999809265137,4.050000190734863,4.199999809265137,140
2019-04-10,2.836282968521118,4.050000190734863,4.150000095367432,4.050000190734863,4.150000095367432,391
2019-04-11,2.836282968521118,4.050000190734863,4.050000190734863,4.050000190734863,4.050000190734863,0
2019-04-12,2.9063146114349365,4.150000095367432,4.150000095367432,4.050000190734863,4.150000095367432,96
2019-04-15,2.871298313140869,4.099999904632568,4.150000095367432,4.050000190734863,4.150000095367432,367
2019-04-16,2.836282968521118,4.050000190734863,4.150000095367432,3.9749999046325684,4.150000095367432,2487
2019-04-17,2.80126690864563,4.0,4.050000190734863,4.0,4.050000190734863,2908
2019-04-18,2.80126690864563,4.0,4.099999904632568,3.799999952316284,4.099999904632568,7829
2019-04-23,2.678711414337158,3.825000047683716,4.0,3.700000047683716,3.8499999046325684,6794
2019-04-24,2.7312355041503906,3.9000000953674316,3.950000047683716,3.875,3.875,996
2019-04-25,3.0813939571380615,4.400000095367432,4.5,4.099999904632568,4.400000095367432,9317
2019-04-26,2.9238221645355225,4.175000190734863,4.425000190734863,4.175000190734863,4.425000190734863,1455
2019-04-29,2.9063146114349365,4.150000095367432,4.150000095367432,4.099999904632568,4.150000095367432,362
2019-04-30,2.853790521621704,4.074999809265137,4.074999809265137,4.025000095367432,4.074999809265137,1011
2019-05-02,2.8888063430786133,4.125,4.150000095367432,4.125,4.150000095367432,979
2019-05-03,2.853790521621704,4.074999809265137,4.099999904632568,4.0,4.074999809265137,540
2019-05-06,2.9413299560546875,4.199999809265137,4.400000095367432,4.150000095367432,4.324999809265137,1327
2019-05-07,2.8888063430786133,4.125,4.150000095367432,4.125,4.150000095367432,947
2019-05-08,2.871298313140869,4.099999904632568,4.375,4.0,4.375,3466
2019-05-09,2.818774938583374,4.025000095367432,4.050000190734863,4.0,4.050000190734863,1266
2019-05-10,2.80126690864563,4.0,4.125,4.0,4.125,202
2019-05-13,2.8888063430786133,4.125,4.125,4.0,4.0,96
2019-05-14,2.80126690864563,4.0,4.099999904632568,4.0,4.099999904632568,1418
2019-05-15,2.80126690864563,4.0,4.0,4.0,4.0,547
2019-05-16,2.818774938583374,4.025000095367432,4.099999904632568,4.0,4.0,997
2019-05-17,2.80126690864563,4.0,4.025000095367432,3.8499999046325684,4.025000095367432,7925
2019-05-20,2.80126690864563,4.0,4.0,4.0,4.0,201
2019-05-21,2.7312355041503906,3.9000000953674316,3.9000000953674316,3.9000000953674316,3.9000000953674316,19
2019-05-22,2.80126690864563,4.0,4.0,3.924999952316284,4.0,130
2019-05-23,2.80126690864563,4.0,4.0,4.0,4.0,143
2019-05-24,2.7487428188323975,3.924999952316284,3.950000047683716,3.924999952316284,3.924999952316284,80
2019-05-27,2.7487428188323975,3.924999952316284,4.0,3.924999952316284,3.950000047683716,640
2019-05-28,2.80126690864563,4.0,4.0,3.924999952316284,3.950000047683716,517
2019-05-29,2.7137277126312256,3.875,3.9749999046325684,3.875,3.9749999046325684,590
2019-05-31,2.7137277126312256,3.875,3.875,3.875,3.875,591
2019-06-03,2.643695592880249,3.7750000953674316,3.7750000953674316,3.75,3.75,687
2019-06-04,2.696218967437744,3.8499999046325684,3.875,3.8499999046325684,3.875,910
2019-06-05,2.7137277126312256,3.875,3.9000000953674316,3.875,3.875,1759
2019-06-06,2.7137277126312256,3.875,3.875,3.799999952316284,3.8499999046325684,144
2019-06-07,2.661203384399414,3.799999952316284,3.9000000953674316,3.75,3.9000000953674316,693
2019-06-10,2.6086795330047607,3.7249999046325684,3.799999952316284,3.200000047683716,3.700000047683716,11700
2019-06-11,2.5036323070526123,3.575000047683716,3.7249999046325684,3.5,3.7249999046325684,990
2019-06-12,2.696218967437744,3.8499999046325684,3.875,3.5,3.5,497
2019-06-13,2.5736639499664307,3.674999952316284,3.674999952316284,3.5999999046325684,3.625,7014
2019-06-14,2.6086795330047607,3.7249999046325684,3.75,3.700000047683716,3.75,320
2019-06-17,2.5736639499664307,3.674999952316284,3.7249999046325684,3.5,3.7249999046325684,1283
2019-06-18,2.6086795330047607,3.7249999046325684,3.7249999046325684,3.5250000953674316,3.625,1520
2019-06-19,2.6086795330047607,3.7249999046325684,3.7249999046325684,3.7249999046325684,3.7249999046325684,64
2019-06-20,2.6086795330047607,3.7249999046325684,3.7249999046325684,3.7249999046325684,3.7249999046325684,0
2019-06-24,2.6086795330047607,3.7249999046325684,3.7249999046325684,3.5,3.625,700
2019-06-25,2.5561561584472656,3.6500000953674316,3.700000047683716,3.6500000953674316,3.6500000953674316,127
2019-06-26,2.591171979904175,3.700000047683716,3.700000047683716,3.700000047683716,3.700000047683716,166
2019-06-27,2.5211398601531982,3.5999999046325684,3.700000047683716,3.5,3.5999999046325684,9094
2019-06-28,2.626187562942505,3.75,3.75,3.700000047683716,3.700000047683716,930
2019-07-01,2.451108694076538,3.5,3.799999952316284,3.5,3.75,214
2019-07-02,2.451108694076538,3.5,3.700000047683716,3.5,3.5,273
2019-07-03,2.9413299560546875,4.199999809265137,4.300000190734863,3.5,3.5,192
2019-07-04,2.871298313140869,4.099999904632568,4.199999809265137,3.703000068664551,4.199999809265137,294
2019-07-05,2.7312355041503906,3.9000000953674316,3.9000000953674316,3.9000000953674316,3.9000000953674316,20
2019-07-08,2.9413299560546875,4.199999809265137,4.199999809265137,3.9600000381469727,4.0,1242
2019-07-09,2.6682066917419434,3.809999942779541,4.199999809265137,3.809999942779541,4.199999809265137,551
2019-07-10,2.9413299560546875,4.199999809265137,4.199999809265137,4.0,4.0,164
2019-07-11,2.7382383346557617,3.9100000858306885,4.199999809265137,3.9000000953674316,4.199999809265137,2415
2019-07-12,2.7312355041503906,3.9000000953674316,3.950000047683716,3.609999895095825,3.9000000953674316,2220
2019-07-15,2.6682066917419434,3.809999942779541,4.059999942779541,3.809999942779541,3.9000000953674316,211
2019-07-16,2.8222768306732178,4.03000020980835,4.03000020980835,4.03000020980835,4.03000020980835,34
2019-07-17,2.7312355041503906,3.9000000953674316,4.03000020980835,3.9000000953674316,4.03000020980835,161
2019-07-18,2.7312355041503906,3.9000000953674316,3.9800000190734863,3.819999933242798,3.9800000190734863,9
2019-07-19,2.7592475414276123,3.940000057220459,3.940000057220459,3.8299999237060547,3.8299999237060547,780
2019-07-22,2.6822125911712646,3.8299999237060547,3.940000057220459,3.8299999237060547,3.940000057220459,124
2019-07-23,2.9413299560546875,4.199999809265137,4.199999809265137,3.940000057220459,3.940000057220459,3028
2019-07-24,2.976346015930176,4.25,4.300000190734863,4.25,4.300000190734863,31
2019-07-25,2.871298313140869,4.099999904632568,4.099999904632568,4.099999904632568,4.099999904632568,14
2019-07-26,2.7312355041503906,3.9000000953674316,4.119999885559082,3.9000000953674316,3.9000000953674316,434
2019-07-29,2.7802577018737793,3.9700000286102295,3.9700000286102295,3.799999952316284,3.9700000286102295,977
2019-07-30,2.626187562942505,3.75,3.9000000953674316,3.75,3.9000000953674316,5549
2019-07-31,2.661203384399414,3.799999952316284,3.799999952316284,3.799999952316284,3.799999952316284,20
2019-08-01,2.7312355041503906,3.9000000953674316,3.9000000953674316,3.799999952316284,3.799999952316284,146
2019-08-02,2.717229127883911,3.880000114440918,3.9000000953674316,3.799999952316284,3.9000000953674316,44
2019-08-05,2.626187562942505,3.75,3.799999952316284,3.75,3.799999952316284,1
2019-08-06,2.45811128616333,3.509999990463257,3.75,3.5,3.75,700
2019-08-07,2.5001304149627686,3.569999933242798,3.799999952316284,3.569999933242798,3.799999952316284,1470
2019-08-08,2.5001304149627686,3.569999933242798,3.7799999713897705,3.569999933242798,3.569999933242798,85
2019-08-09,2.5001304149627686,3.569999933242798,3.7899999618530273,3.569999933242798,3.5999999046325684,282
2019-08-12,2.4651148319244385,3.5199999809265137,3.700000047683716,3.5,3.700000047683716,4618
2019-08-13,2.5211398601531982,3.5999999046325684,3.7799999713897705,3.5999999046325684,3.7799999713897705,217
2019-08-14,2.6471970081329346,3.7799999713897705,3.7799999713897705,3.5999999046325684,3.5999999046325684,449
2019-08-15,2.6471970081329346,3.7799999713897705,3.799999952316284,3.5,3.799999952316284,3331
2019-08-16,2.661203384399414,3.799999952316284,3.799999952316284,3.799999952316284,3.799999952316284,21
2019-08-19,2.577165365219116,3.680000066757202,3.759999990463257,3.4800000190734863,3.5,2025
2019-08-20,2.4651148319244385,3.5199999809265137,3.5199999809265137,3.5199999809265137,3.5199999809265137,6
2019-08-21,2.633190631866455,3.759999990463257,3.759999990463257,3.5,3.5199999809265137,335
2019-08-22,2.4931278228759766,3.559999942779541,3.7799999713897705,3.5199999809265137,3.7799999713897705,322
2019-08-23,2.4090893268585205,3.440000057220459,3.680000066757202,3.4200000762939453,3.5,2223
2019-08-26,2.4090893268585205,3.440000057220459,3.440000057220459,3.440000057220459,3.440000057220459,0
2019-08-27,2.507133722305298,3.5799999237060547,3.5799999237060547,3.440000057220459,3.440000057220459,1431
2019-08-28,2.451108694076538,3.5,3.5799999237060547,3.4200000762939453,3.4800000190734863,1097
2019-08-29,2.577165365219116,3.680000066757202,3.680000066757202,3.5,3.5,552
2019-08-30,2.479121208190918,3.5399999618530273,3.5999999046325684,3.5399999618530273,3.5999999046325684,200
2019-09-02,2.577165365219116,3.680000066757202,3.680000066757202,3.3399999141693115,3.5999999046325684,235
2019-09-03,2.5211398601531982,3.5999999046325684,3.680000066757202,3.440000057220459,3.5999999046325684,1152
2019-09-04,2.451108694076538,3.5,3.5999999046325684,3.5,3.5999999046325684,75
2019-09-05,2.423095703125,3.4600000381469727,3.5799999237060547,3.4600000381469727,3.5799999237060547,100
2019-09-06,2.605178117752075,3.7200000286102295,3.7200000286102295,3.7200000286102295,3.7200000286102295,118
2019-09-09,2.5211398601531982,3.5999999046325684,3.680000066757202,3.5,3.680000066757202,403
2019-09-10,2.5211398601531982,3.5999999046325684,3.5999999046325684,3.5999999046325684,3.5999999046325684,41
2019-09-11,2.5211398601531982,3.5999999046325684,3.5999999046325684,3.5199999809265137,3.5999999046325684,2050
2019-09-12,2.5211398601531982,3.5999999046325684,3.5999999046325684,3.5999999046325684,3.5999999046325684,0
2019-09-13,2.451108694076538,3.5,3.5,3.5,3.5,467
2019-09-16,2.451108694076538,3.5,3.5,3.5,3.5,0
2019-09-17,2.5211398601531982,3.5999999046325684,3.680000066757202,3.5,3.5,530
2019-09-18,2.5211398601531982,3.5999999046325684,3.5999999046325684,3.5,3.5,929
2019-09-19,2.577165365219116,3.680000066757202,3.700000047683716,3.680000066757202,3.700000047683716,15
2019-09-20,2.5211398601531982,3.5999999046325684,3.680000066757202,3.5999999046325684,3.5999999046325684,75
2019-09-23,2.4651148319244385,3.5199999809265137,3.5999999046325684,3.5199999809265137,3.5399999618530273,487
2019-09-24,2.4651148319244385,3.5199999809265137,3.5199999809265137,3.5199999809265137,3.5199999809265137,0
2019-09-25,2.5211398601531982,3.5999999046325684,3.5999999046325684,3.5,3.5199999809265137,2858
2019-09-26,2.5211398601531982,3.5999999046325684,3.5999999046325684,3.5999999046325684,3.5999999046325684,100
2019-09-27,2.5211398601531982,3.5999999046325684,3.5999999046325684,3.5999999046325684,3.5999999046325684,265
2019-09-30,2.5211398601531982,3.5999999046325684,3.5999999046325684,3.5199999809265137,3.5399999618530273,79
2019-10-01,2.5211398601531982,3.5999999046325684,3.5999999046325684,3.5999999046325684,3.5999999046325684,0
2019-10-02,2.4651148319244385,3.5199999809265137,3.5199999809265137,3.5199999809265137,3.5199999809265137,0
2019-10-03,2.591171979904175,3.700000047683716,3.700000047683716,3.700000047683716,3.700000047683716,27
2019-10-04,2.563159465789795,3.6600000858306885,3.6600000858306885,3.6600000858306885,3.6600000858306885,14
2019-10-07,2.5211398601531982,3.5999999046325684,3.5999999046325684,3.5,3.5,617
2019-10-08,2.451108694076538,3.5,3.6600000858306885,3.5,3.6600000858306885,225
2019-10-09,2.451108694076538,3.5,3.619999885559082,3.5,3.5,218
2019-10-10,2.5211398601531982,3.5999999046325684,3.5999999046325684,3.5999999046325684,3.5999999046325684,1
2019-10-11,2.451108694076538,3.5,3.5799999237060547,3.5,3.5799999237060547,1359
2019-10-14,2.451108694076538,3.5,3.5,3.5,3.5,2271
2019-10-15,2.5211398601531982,3.5999999046325684,3.640000104904175,3.5,3.5,1904
2019-10-16,2.5491528511047363,3.640000104904175,3.640000104904175,3.5399999618530273,3.640000104904175,2137
2019-10-17,2.5491528511047363,3.640000104904175,3.640000104904175,3.5399999618530273,3.5399999618530273,464
2019-10-18,2.591171979904175,3.700000047683716,3.700000047683716,3.559999942779541,3.559999942779541,2234
2019-10-21,2.451108694076538,3.5,3.700000047683716,3.5,3.700000047683716,388
2019-10-22,2.5211398601531982,3.5999999046325684,3.5999999046325684,3.5199999809265137,3.5199999809265137,1524
2019-10-23,2.5211398601531982,3.5999999046325684,3.680000066757202,3.5999999046325684,3.5999999046325684,1407
2019-10-24,2.451108694076538,3.5,3.5999999046325684,3.380000114440918,3.5999999046325684,15868
2019-10-25,2.451108694076538,3.5,3.5,3.5,3.5,0
2019-10-28,2.5211398601531982,3.5999999046325684,3.5999999046325684,3.5999999046325684,3.5999999046325684,150
2019-10-29,2.451108694076538,3.5,3.559999942779541,3.5,3.5199999809265137,642
2019-10-30,2.4651148319244385,3.5199999809265137,3.559999942779541,3.5,3.5,144
2019-10-31,2.451108694076538,3.5,3.559999942779541,3.5,3.559999942779541,3658
2019-11-01,2.4371020793914795,3.4800000190734863,3.5,3.4800000190734863,3.5,117
2019-11-04,2.3810768127441406,3.4000000953674316,3.4800000190734863,3.359999895095825,3.4800000190734863,68
2019-11-05,2.339057683944702,3.3399999141693115,3.4000000953674316,3.240000009536743,3.240000009536743,1836
2019-11-06,2.339057683944702,3.3399999141693115,3.380000114440918,3.259999990463257,3.299999952316284,1493
2019-11-07,2.339057683944702,3.3399999141693115,3.4000000953674316,3.299999952316284,3.3399999141693115,641
2019-11-08,2.3530640602111816,3.359999895095825,3.4000000953674316,3.299999952316284,3.299999952316284,2184
2019-11-11,2.339057683944702,3.3399999141693115,3.3399999141693115,3.2799999713897705,3.299999952316284,3338
2019-11-12,2.2830324172973633,3.259999990463257,3.319999933242798,3.240000009536743,3.299999952316284,8197
2019-11-13,2.269026279449463,3.240000009536743,3.299999952316284,3.240000009536743,3.240000009536743,911
2019-11-14,2.297039031982422,3.2799999713897705,3.319999933242798,3.240000009536743,3.240000009536743,489
2019-11-15,2.297039031982422,3.2799999713897705,3.2799999713897705,3.240000009536743,3.2799999713897705,41
2019-11-18,2.2830324172973633,3.259999990463257,3.259999990463257,3.240000009536743,3.240000009536743,684
2019-11-19,2.311044692993164,3.299999952316284,3.299999952316284,3.259999990463257,3.259999990463257,1968
2019-11-20,2.297039031982422,3.2799999713897705,3.5,3.2799999713897705,3.5,92
2019-11-21,2.269026279449463,3.240000009536743,3.2799999713897705,3.240000009536743,3.2799999713897705,2538
2019-11-22,2.241013526916504,3.200000047683716,3.2799999713897705,3.200000047683716,3.259999990463257,3733
2019-11-25,2.241013526916504,3.200000047683716,3.200000047683716,3.0799999237060547,3.0799999237060547,407
2019-11-26,2.2270076274871826,3.180000066757202,3.180000066757202,3.0199999809265137,3.0199999809265137,184
2019-11-27,2.1709818840026855,3.0999999046325684,3.180000066757202,3.0999999046325684,3.180000066757202,2320
2019-11-28,2.1709818840026855,3.0999999046325684,3.0999999046325684,3.0999999046325684,3.0999999046325684,2003
2019-11-29,2.128962755203247,3.0399999618530273,3.0799999237060547,3.0399999618530273,3.0799999237060547,400
2019-12-02,2.128962755203247,3.0399999618530273,3.4800000190734863,3.0399999618530273,3.0399999618530273,1597
2019-12-03,2.1149563789367676,3.0199999809265137,3.0199999809265137,3.0,3.0,2056
2019-12-04,2.3530640602111816,3.359999895095825,3.359999895095825,3.0199999809265137,3.0799999237060547,2144
2019-12-05,2.1709818840026855,3.0999999046325684,3.359999895095825,3.0199999809265137,3.359999895095825,520
2019-12-09,2.1709818840026855,3.0999999046325684,3.0999999046325684,3.0199999809265137,3.0999999046325684,2070
2019-12-10,2.1709818840026855,3.0999999046325684,3.0999999046325684,3.0199999809265137,3.0199999809265137,853
2019-12-11,2.1709818840026855,3.0999999046325684,3.0999999046325684,3.0999999046325684,3.0999999046325684,210
2019-12-12,2.156975507736206,3.0799999237060547,3.0999999046325684,3.0,3.059999942779541,3049
2019-12-13,2.1709818840026855,3.0999999046325684,3.0999999046325684,3.059999942779541,3.0799999237060547,935
2019-12-16,2.128962755203247,3.0399999618530273,3.359999895095825,3.0199999809265137,3.0999999046325684,245
2019-12-17,2.577927827835083,3.559999942779541,3.880000114440918,3.0999999046325684,3.0999999046325684,8300
2019-12-18,2.7372376918792725,3.7799999713897705,3.799999952316284,3.559999942779541,3.700000047683716,4814
2019-12-19,2.6648240089416504,3.680000066757202,3.7799999713897705,3.559999942779541,3.7799999713897705,2910
2019-12-20,2.4910311698913574,3.440000057220459,3.5799999237060547,3.4000000953674316,3.5,1084
2019-12-23,2.7517201900482178,3.799999952316284,3.799999952316284,3.180000066757202,3.380000114440918,3734
2019-12-27,2.679306745529175,3.700000047683716,3.700000047683716,3.619999885559082,3.680000066757202,637
2019-12-30,2.824134588241577,3.9000000953674316,3.9000000953674316,3.680000066757202,3.9000000953674316,2994
2020-01-02,2.708272695541382,3.740000009536743,3.9200000762939453,3.7200000286102295,3.9000000953674316,961
2020-01-03,2.853099822998047,3.940000057220459,3.940000057220459,3.759999990463257,3.759999990463257,345
2020-01-07,2.8820652961730957,3.9800000190734863,3.9800000190734863,3.940000057220459,3.940000057220459,1067
2020-01-08,2.9544789791107178,4.079999923706055,4.199999809265137,4.0,4.099999904632568,2522
2020-01-09,2.89654803276062,4.0,4.139999866485596,3.9000000953674316,4.139999866485596,1586
2020-01-10,3.0124099254608154,4.159999847412109,4.179999828338623,3.940000057220459,4.179999828338623,946
2020-01-13,2.997926950454712,4.139999866485596,4.179999828338623,3.940000057220459,4.159999847412109,270
2020-01-14,3.02689266204834,4.179999828338623,4.179999828338623,4.079999923706055,4.179999828338623,1186
2020-01-15,3.02689266204834,4.179999828338623,4.199999809265137,4.179999828338623,4.199999809265137,409
2020-01-16,2.89654803276062,4.0,4.099999904632568,4.0,4.099999904632568,900
2020-01-17,3.02689266204834,4.179999828338623,4.179999828338623,4.0,4.099999904632568,988
2020-01-20,3.041375160217285,4.199999809265137,4.199999809265137,4.159999847412109,4.159999847412109,2297
2020-01-21,3.041375160217285,4.199999809265137,4.300000190734863,4.159999847412109,4.28000020980835,1324
2020-01-22,3.1137895584106445,4.300000190734863,4.300000190734863,4.179999828338623,4.179999828338623,2322
2020-01-23,3.0848238468170166,4.260000228881836,4.300000190734863,4.159999847412109,4.199999809265137,1015
2020-01-24,3.1137895584106445,4.300000190734863,4.300000190734863,4.260000228881836,4.300000190734863,6926
2020-01-27,2.9110305309295654,4.019999980926514,4.28000020980835,4.0,4.28000020980835,808
2020-01-28,3.041375160217285,4.199999809265137,4.28000020980835,4.199999809265137,4.260000228881836,2066
2020-01-29,3.1137895584106445,4.300000190734863,4.300000190734863,4.28000020980835,4.28000020980835,85
2020-01-30,3.02689266204834,4.179999828338623,4.199999809265137,4.039999961853027,4.199999809265137,376
2020-01-31,3.02689266204834,4.179999828338623,4.199999809265137,4.039999961853027,4.199999809265137,227
2020-02-03,2.968961477279663,4.099999904632568,4.179999828338623,4.099999904632568,4.179999828338623,115
2020-02-04,2.89654803276062,4.0,4.099999904632568,4.0,4.0,1308
2020-02-05,2.89654803276062,4.0,4.0,4.0,4.0,414
2020-02-06,2.89654803276062,4.0,4.0,3.740000009536743,3.740000009536743,148
2020-02-07,2.9544789791107178,4.079999923706055,4.079999923706055,3.9000000953674316,3.9000000953674316,105
2020-02-10,2.9399962425231934,4.059999942779541,4.099999904632568,4.0,4.0,2071
2020-02-11,2.8096516132354736,3.880000114440918,4.019999980926514,3.8399999141693115,4.019999980926514,8209
2020-02-12,2.8820652961730957,3.9800000190734863,4.0,3.9000000953674316,4.0,679
2020-02-13,2.8386170864105225,3.9200000762939453,3.9200000762939453,3.799999952316284,3.9200000762939453,1013
2020-02-14,2.8675825595855713,3.9600000381469727,3.9600000381469727,3.5999999046325684,3.9600000381469727,1419
2020-02-17,2.824134588241577,3.9000000953674316,3.9600000381469727,3.5999999046325684,3.9600000381469727,328
2020-02-18,2.7517201900482178,3.799999952316284,3.9800000190734863,3.799999952316284,3.9800000190734863,1364
2020-02-19,2.824134588241577,3.9000000953674316,3.9000000953674316,3.799999952316284,3.9000000953674316,376
2020-02-20,2.8096516132354736,3.880000114440918,3.9800000190734863,3.880000114440918,3.9200000762939453,432
2020-02-21,2.7517201900482178,3.799999952316284,3.880000114440918,3.700000047683716,3.880000114440918,775
2020-02-24,2.6937899589538574,3.7200000286102295,3.880000114440918,3.3399999141693115,3.5399999618530273,541
2020-02-25,2.722754955291748,3.759999990463257,3.799999952316284,3.7200000286102295,3.7200000286102295,224
2020-02-26,2.548962116241455,3.5199999809265137,3.759999990463257,3.359999895095825,3.5,413
2020-02-27,2.577927827835083,3.559999942779541,3.759999990463257,3.5199999809265137,3.5199999809265137,168
2020-02-28,2.5634450912475586,3.5399999618530273,3.759999990463257,3.5399999618530273,3.759999990463257,164
2020-03-02,2.679306745529175,3.700000047683716,3.700000047683716,3.4000000953674316,3.5199999809265137,462
2020-03-03,2.6068930625915527,3.5999999046325684,3.5999999046325684,3.380000114440918,3.4000000953674316,3827
2020-03-04,2.6068930625915527,3.5999999046325684,3.5999999046325684,3.5999999046325684,3.5999999046325684,321
2020-03-05,2.4186174869537354,3.3399999141693115,3.4000000953674316,3.3399999141693115,3.4000000953674316,161
2020-03-06,2.259307622909546,3.119999885559082,3.4000000953674316,3.119999885559082,3.4000000953674316,680
2020-03-09,2.157927989959717,2.9800000190734863,3.059999942779541,2.799999952316284,3.0199999809265137,976
2020-03-10,2.2448246479034424,3.0999999046325684,3.5999999046325684,2.880000114440918,2.880000114440918,2572
2020-03-11,2.2448246479034424,3.0999999046325684,3.5399999618530273,3.0,3.0,171
2020-03-12,1.984135389328003,2.740000009536743,3.0,2.5999999046325684,3.0,448
2020-03-13,2.056549072265625,2.8399999141693115,3.0,2.8399999141693115,3.0,4190
2020-03-16,1.81034255027771,2.5,3.0,2.5,2.9000000953674316,11923
2020-03-17,1.8682737350463867,2.5799999237060547,3.0,2.5,2.5199999809265137,1173
2020-03-18,1.81034255027771,2.5,2.640000104904175,2.5,2.640000104904175,1985
2020-03-19,1.7958598136901855,2.4800000190734863,2.640000104904175,2.440000057220459,2.640000104904175,613
2020-03-20,1.8248251676559448,2.5199999809265137,2.5999999046325684,2.299999952316284,2.4000000953674316,301
2020-03-23,1.6655150651931763,2.299999952316284,2.5,2.140000104904175,2.5,1599
2020-03-24,1.7379289865493774,2.4000000953674316,2.5799999237060547,2.4000000953674316,2.5799999237060547,196
2020-03-25,1.8827558755874634,2.5999999046325684,2.5999999046325684,2.2200000286102295,2.4000000953674316,4439
2020-03-26,1.8827558755874634,2.5999999046325684,2.700000047683716,2.5999999046325684,2.5999999046325684,575
2020-03-27,1.8827558755874634,2.5999999046325684,2.700000047683716,2.5999999046325684,2.700000047683716,25
2020-03-30,1.7379289865493774,2.4000000953674316,2.700000047683716,2.200000047683716,2.700000047683716,3183
2020-03-31,1.7234461307525635,2.380000114440918,2.4800000190734863,2.200000047683716,2.4000000953674316,1369
2020-04-01,1.694480538368225,2.3399999141693115,2.380000114440918,2.3399999141693115,2.380000114440918,95
2020-04-02,1.6655150651931763,2.299999952316284,2.359999895095825,2.299999952316284,2.359999895095825,1195
2020-04-03,1.6510323286056519,2.2799999713897705,2.299999952316284,2.180000066757202,2.200000047683716,7824
2020-04-06,1.6510323286056519,2.2799999713897705,2.299999952316284,2.180000066757202,2.2799999713897705,429
2020-04-07,1.6220670938491821,2.240000009536743,2.299999952316284,2.180000066757202,2.299999952316284,5056
2020-04-08,1.54965341091156,2.140000104904175,2.2799999713897705,2.140000104904175,2.2799999713897705,3795
2020-04-09,1.5931013822555542,2.200000047683716,2.299999952316284,2.1600000858306885,2.200000047683716,5795
2020-04-14,1.6510323286056519,2.2799999713897705,2.2799999713897705,2.119999885559082,2.119999885559082,1882
2020-04-15,1.6655150651931763,2.299999952316284,2.299999952316284,2.119999885559082,2.299999952316284,1886
2020-04-16,1.7234461307525635,2.380000114440918,2.380000114440918,2.2799999713897705,2.299999952316284,1210
2020-04-17,1.6655150651931763,2.299999952316284,2.359999895095825,2.299999952316284,2.299999952316284,361
2020-04-20,1.5931013822555542,2.200000047683716,2.380000114440918,2.200000047683716,2.380000114440918,3107
2020-04-21,1.5931013822555542,2.200000047683716,2.200000047683716,2.180000066757202,2.180000066757202,2013
2020-04-22,1.54965341091156,2.140000104904175,2.200000047683716,2.140000104904175,2.200000047683716,949
2020-04-23,1.6655150651931763,2.299999952316284,2.299999952316284,2.2799999713897705,2.2799999713897705,900
2020-04-24,1.6510323286056519,2.2799999713897705,2.2799999713897705,2.200000047683716,2.200000047683716,1722
2020-04-27,1.6655150651931763,2.299999952316284,2.299999952316284,2.2200000286102295,2.299999952316284,2276
2020-04-28,1.5931013822555542,2.200000047683716,2.299999952316284,2.0999999046325684,2.299999952316284,9920
2020-04-29,1.5931013822555542,2.200000047683716,2.2799999713897705,2.200000047683716,2.2799999713897705,437
2020-04-30,1.6510323286056519,2.2799999713897705,2.2799999713897705,2.200000047683716,2.200000047683716,2544
2020-05-04,1.6510323286056519,2.2799999713897705,2.319999933242798,2.1600000858306885,2.319999933242798,403
2020-05-05,1.7234461307525635,2.380000114440918,2.380000114440918,2.200000047683716,2.200000047683716,1359
2020-05-06,1.6799979209899902,2.319999933242798,2.3399999141693115,2.119999885559082,2.3399999141693115,833
2020-05-07,1.5931013822555542,2.200000047683716,2.200000047683716,2.180000066757202,2.180000066757202,3874
2020-05-08,1.6655150651931763,2.299999952316284,2.3399999141693115,2.200000047683716,2.200000047683716,252
2020-05-11,1.6655150651931763,2.299999952316284,2.3399999141693115,2.299999952316284,2.3399999141693115,749
2020-05-12,1.708963394165039,2.359999895095825,2.359999895095825,2.200000047683716,2.319999933242798,279
2020-05-13,1.6220670938491821,2.240000009536743,2.3399999141693115,2.2200000286102295,2.2200000286102295,1344
2020-05-14,1.5931013822555542,2.200000047683716,2.2799999713897705,2.200000047683716,2.2200000286102295,2047
2020-05-15,1.5931013822555542,2.200000047683716,2.200000047683716,2.200000047683716,2.200000047683716,0
2020-05-18,1.5931013822555542,2.200000047683716,2.200000047683716,2.200000047683716,2.200000047683716,278
2020-05-19,1.5931013822555542,2.200000047683716,2.259999990463257,2.180000066757202,2.180000066757202,303
2020-05-20,1.6510323286056519,2.2799999713897705,2.2799999713897705,2.180000066757202,2.180000066757202,942
2020-05-22,1.6510323286056519,2.2799999713897705,2.2799999713897705,2.180000066757202,2.2799999713897705,2088
2020-05-25,1.6220670938491821,2.240000009536743,2.259999990463257,2.200000047683716,2.259999990463257,130
2020-05-26,1.6220670938491821,2.240000009536743,2.259999990463257,2.200000047683716,2.240000009536743,1459
2020-05-27,1.6075843572616577,2.2200000286102295,2.259999990463257,2.200000047683716,2.259999990463257,2464
2020-05-28,1.6220670938491821,2.240000009536743,2.259999990463257,2.240000009536743,2.259999990463257,568
2020-05-29,1.5931013822555542,2.200000047683716,2.240000009536743,2.200000047683716,2.240000009536743,5495
2020-06-01,1.6220670938491821,2.240000009536743,2.240000009536743,2.200000047683716,2.200000047683716,202
2020-06-02,1.54965341091156,2.140000104904175,2.2799999713897705,2.140000104904175,2.240000009536743,1800
2020-06-03,1.6510323286056519,2.2799999713897705,2.299999952316284,2.2200000286102295,2.2200000286102295,1999
2020-06-04,1.6220670938491821,2.240000009536743,2.299999952316284,2.1600000858306885,2.240000009536743,1819
2020-06-05,1.6510323286056519,2.2799999713897705,2.299999952316284,2.2200000286102295,2.2200000286102295,2626
2020-06-08,1.8682737350463867,2.5799999237060547,2.5799999237060547,2.2799999713897705,2.2799999713897705,4903
2020-06-09,1.766893982887268,2.440000057220459,2.5,2.319999933242798,2.5,1352
2020-06-10,1.81034255027771,2.5,2.5999999046325684,2.319999933242798,2.319999933242798,1783
2020-06-11,1.9551701545715332,2.700000047683716,2.9200000762939453,2.5,2.5,2368
2020-06-12,1.9551701545715332,2.700000047683716,2.700000047683716,2.299999952316284,2.559999942779541,1011
2020-06-15,1.694480538368225,2.3399999141693115,2.7200000286102295,2.319999933242798,2.319999933242798,492
2020-06-16,1.81034255027771,2.5,2.559999942779541,2.4000000953674316,2.559999942779541,367
2020-06-17,1.8682737350463867,2.5799999237060547,2.5799999237060547,2.4000000953674316,2.5,930
2020-06-18,1.7379289865493774,2.4000000953674316,2.5799999237060547,2.4000000953674316,2.5799999237060547,372
2020-06-22,1.7958598136901855,2.4800000190734863,2.5,2.299999952316284,2.299999952316284,328
2020-06-23,1.6655150651931763,2.299999952316284,2.4800000190734863,2.200000047683716,2.200000047683716,512
2020-06-24,1.766893982887268,2.440000057220459,2.5,2.4000000953674316,2.5,404
2020-06-25,1.6655150651931763,2.299999952316284,2.4000000953674316,2.299999952316284,2.4000000953674316,109
2020-06-26,1.7524114847183228,2.4200000762939453,2.440000057220459,2.259999990463257,2.440000057220459,122
2020-06-29,1.694480538368225,2.3399999141693115,2.4200000762939453,2.319999933242798,2.319999933242798,1011
2020-06-30,1.694480538368225,2.3399999141693115,2.3399999141693115,2.3399999141693115,2.3399999141693115,4
2020-07-01,1.7379289865493774,2.4000000953674316,2.5,2.259999990463257,2.259999990463257,1561
2020-07-02,1.7958598136901855,2.4800000190734863,2.5,2.2799999713897705,2.2799999713897705,764
2020-07-03,1.7958598136901855,2.4800000190734863,2.4800000190734863,2.4800000190734863,2.4800000190734863,285
2020-07-06,1.694480538368225,2.3399999141693115,2.680000066757202,2.299999952316284,2.299999952316284,445
2020-07-07,1.6655150651931763,2.299999952316284,2.3399999141693115,2.259999990463257,2.259999990463257,8219
2020-07-08,1.708963394165039,2.359999895095825,2.359999895095825,2.2799999713897705,2.2799999713897705,410
2020-07-09,1.6655150651931763,2.299999952316284,2.299999952316284,2.2200000286102295,2.259999990463257,68
2020-07-10,1.6220670938491821,2.240000009536743,2.240000009536743,2.240000009536743,2.240000009536743,3
2020-07-13,1.694480538368225,2.3399999141693115,2.3399999141693115,2.2200000286102295,2.240000009536743,290
2020-07-14,1.7379289865493774,2.4000000953674316,2.4000000953674316,2.259999990463257,2.259999990463257,130
2020-07-15,1.7379289865493774,2.4000000953674316,2.4000000953674316,2.319999933242798,2.4000000953674316,378
2020-07-16,1.7379289865493774,2.4000000953674316,2.4000000953674316,2.4000000953674316,2.4000000953674316,0
2020-07-17,1.81034255027771,2.5,2.5,2.359999895095825,2.5,390
2020-07-20,1.81034255027771,2.5,2.5,2.3399999141693115,2.3399999141693115,100
2020-07-21,1.81034255027771,2.5,2.5,2.240000009536743,2.240000009536743,13
2020-07-22,1.81034255027771,2.5,2.5,2.5,2.5,32
2020-07-23,2.1144800186157227,2.9200000762939453,3.0,2.6600000858306885,2.6600000858306885,18199
2020-07-24,2.1724109649658203,3.0,3.359999895095825,2.9000000953674316,2.9200000762939453,16009
2020-07-27,2.1724109649658203,3.0,3.0,2.759999990463257,3.0,1170
2020-07-28,2.1724109649658203,3.0,3.0,2.759999990463257,2.9800000190734863,1722
2020-07-29,2.1434454917907715,2.9600000381469727,3.0,2.819999933242798,3.0,824
2020-07-30,2.1144800186157227,2.9200000762939453,3.0,2.9200000762939453,3.0,3353
2020-07-31,2.1868937015533447,3.0199999809265137,3.2200000286102295,2.9200000762939453,2.9200000762939453,478
2020-08-03,2.2882728576660156,3.1600000858306885,3.200000047683716,2.9000000953674316,3.0999999046325684,4139
2020-08-04,2.201376438140869,3.0399999618530273,3.0999999046325684,3.0199999809265137,3.0999999046325684,534
2020-08-05,2.201376438140869,3.0399999618530273,3.0399999618530273,3.0199999809265137,3.0199999809265137,1484
2020-08-06,2.201376438140869,3.0399999618530273,3.0999999046325684,3.0399999618530273,3.0399999618530273,1916
2020-08-07,2.2448246479034424,3.0999999046325684,3.0999999046325684,3.0399999618530273,3.0399999618530273,132
2020-08-10,2.1724109649658203,3.0,3.2200000286102295,3.0,3.0999999046325684,2397
2020-08-11,2.1868937015533447,3.0199999809265137,3.0199999809265137,2.799999952316284,3.0,810
2020-08-12,2.0999975204467773,2.9000000953674316,3.2799999713897705,2.7200000286102295,2.799999952316284,13542
2020-08-13,2.085514783859253,2.880000114440918,2.9000000953674316,2.880000114440918,2.9000000953674316,529
2020-08-14,1.984135389328003,2.740000009536743,2.9000000953674316,2.740000009536743,2.9000000953674316,2116
2020-08-17,1.984135389328003,2.740000009536743,2.8399999141693115,2.740000009536743,2.8399999141693115,11
2020-08-18,2.056549072265625,2.8399999141693115,2.8399999141693115,2.7200000286102295,2.740000009536743,142
2020-08-19,2.0999975204467773,2.9000000953674316,2.9000000953674316,2.700000047683716,2.9000000953674316,5055
2020-08-20,2.085514783859253,2.880000114440918,2.9200000762939453,2.8399999141693115,2.8399999141693115,2357
2020-08-21,2.157927989959717,2.9800000190734863,2.9800000190734863,2.7200000286102295,2.9000000953674316,145
2020-08-24,2.1724109649658203,3.0,3.0999999046325684,2.819999933242798,3.0,1445
2020-08-25,2.157927989959717,2.9800000190734863,3.059999942779541,2.9800000190734863,2.9800000190734863,266
2020-08-26,2.157927989959717,2.9800000190734863,3.059999942779541,2.9800000190734863,2.9800000190734863,2523
2020-08-27,2.157927989959717,2.9800000190734863,2.9800000190734863,2.9800000190734863,2.9800000190734863,0
2020-08-28,2.0420660972595215,2.819999933242798,2.819999933242798,2.799999952316284,2.799999952316284,269
2020-08-31,2.273790121078491,3.140000104904175,3.140000104904175,2.819999933242798,2.9000000953674316,1212
2020-09-01,2.2158591747283936,3.059999942779541,3.0999999046325684,2.9000000953674316,3.0999999046325684,589
2020-09-02,2.2448246479034424,3.0999999046325684,3.0999999046325684,2.940000057220459,2.9800000190734863,1429
2020-09-03,2.2448246479034424,3.0999999046325684,3.0999999046325684,3.0999999046325684,3.0999999046325684,30
2020-09-04,2.1724109649658203,3.0,3.0999999046325684,3.0,3.0999999046325684,113
2020-09-07,2.0420660972595215,2.819999933242798,2.880000114440918,2.799999952316284,2.799999952316284,344
2020-09-08,2.1724109649658203,3.0,3.0,2.9000000953674316,3.0,2543
2020-09-09,2.1868937015533447,3.0199999809265137,3.0199999809265137,2.819999933242798,3.0,2208
2020-09-10,2.201376438140869,3.0399999618530273,3.0399999618530273,3.0,3.0,1725
2020-09-11,2.2158591747283936,3.059999942779541,3.059999942779541,2.880000114440918,3.0399999618530273,296
2020-09-14,2.027583599090576,2.799999952316284,3.059999942779541,2.7799999713897705,3.059999942779541,208
2020-09-15,2.1434454917907715,2.9600000381469727,3.2799999713897705,2.799999952316284,2.799999952316284,857
2020-09-16,2.230341911315918,3.0799999237060547,3.0999999046325684,2.9600000381469727,2.9600000381469727,573
2020-09-17,2.2448246479034424,3.0999999046325684,3.2799999713897705,3.0199999809265137,3.200000047683716,450
2020-09-18,2.2448246479034424,3.0999999046325684,3.299999952316284,3.0999999046325684,3.1600000858306885,7547
2020-09-21,2.1868937015533447,3.0199999809265137,3.240000009536743,3.0199999809265137,3.200000047683716,401
2020-09-22,2.331721067428589,3.2200000286102295,3.2799999713897705,2.7200000286102295,2.7200000286102295,937
2020-09-23,2.375169277191162,3.2799999713897705,3.2799999713897705,2.7200000286102295,3.2200000286102295,221
2020-09-24,2.273790121078491,3.140000104904175,3.259999990463257,2.799999952316284,3.259999990463257,4869
2020-09-25,2.201376438140869,3.0399999618530273,3.180000066757202,3.0399999618530273,3.180000066757202,2956
2020-09-28,2.3027563095092773,3.180000066757202,3.200000047683716,3.119999885559082,3.200000047683716,1333
2020-09-29,2.3172385692596436,3.200000047683716,3.200000047683716,3.180000066757202,3.180000066757202,1176
2020-09-30,2.3606863021850586,3.259999990463257,3.380000114440918,3.200000047683716,3.299999952316284,5300
2020-10-01,2.3172385692596436,3.200000047683716,3.200000047683716,3.200000047683716,3.200000047683716,79
2020-10-02,2.2448246479034424,3.0999999046325684,3.299999952316284,3.0999999046325684,3.299999952316284,806
2020-10-05,2.4475831985473633,3.380000114440918,3.4000000953674316,3.0999999046325684,3.4000000953674316,3574
2020-10-06,2.4475831985473633,3.380000114440918,3.380000114440918,3.359999895095825,3.359999895095825,148
2020-10-07,2.3896517753601074,3.299999952316284,3.380000114440918,3.2799999713897705,3.380000114440918,616
2020-10-08,2.331721067428589,3.2200000286102295,3.380000114440918,3.119999885559082,3.119999885559082,2130
2020-10-09,2.4475831985473633,3.380000114440918,3.4000000953674316,3.180000066757202,3.4000000953674316,547
2020-10-12,2.3606863021850586,3.259999990463257,3.4000000953674316,3.259999990463257,3.4000000953674316,1008
2020-10-13,2.3606863021850586,3.259999990463257,3.359999895095825,3.200000047683716,3.359999895095825,1110
2020-10-14,2.331721067428589,3.2200000286102295,3.299999952316284,3.200000047683716,3.200000047683716,729
2020-10-15,2.331721067428589,3.2200000286102295,3.3399999141693115,3.200000047683716,3.200000047683716,165
2020-10-16,2.433100461959839,3.359999895095825,3.359999895095825,3.2200000286102295,3.3399999141693115,384
2020-10-19,2.3896517753601074,3.299999952316284,3.380000114440918,3.240000009536743,3.380000114440918,1982
2020-10-20,2.433100461959839,3.359999895095825,3.380000114440918,3.200000047683716,3.200000047683716,740
2020-10-21,2.433100461959839,3.359999895095825,3.359999895095825,3.2200000286102295,3.359999895095825,664
2020-10-22,2.3896517753601074,3.299999952316284,3.4000000953674316,3.200000047683716,3.380000114440918,948
2020-10-23,2.4620659351348877,3.4000000953674316,3.4000000953674316,3.299999952316284,3.4000000953674316,849
2020-10-26,2.4620659351348877,3.4000000953674316,3.4000000953674316,3.4000000953674316,3.4000000953674316,319
2020-10-27,2.4475831985473633,3.380000114440918,3.4000000953674316,3.200000047683716,3.4000000953674316,326
2020-10-28,2.3172385692596436,3.200000047683716,3.2200000286102295,3.200000047683716,3.200000047683716,2267
2020-10-29,2.3172385692596436,3.200000047683716,3.200000047683716,3.1600000858306885,3.1600000858306885,99
2020-10-30,2.2882728576660156,3.1600000858306885,3.299999952316284,3.1600000858306885,3.1600000858306885,315
2020-11-02,2.2158591747283936,3.059999942779541,3.200000047683716,2.819999933242798,3.200000047683716,2498
2020-11-03,2.1724109649658203,3.0,3.1600000858306885,3.0,3.059999942779541,638
2020-11-04,2.2882728576660156,3.1600000858306885,3.1600000858306885,2.940000057220459,2.940000057220459,222
2020-11-05,2.3027563095092773,3.180000066757202,3.180000066757202,2.9600000381469727,3.1600000858306885,872
2020-11-06,2.3027563095092773,3.180000066757202,3.180000066757202,3.0999999046325684,3.119999885559082,294
2020-11-09,2.3027563095092773,3.180000066757202,3.200000047683716,3.0999999046325684,3.0999999046325684,742
2020-11-10,2.3172385692596436,3.200000047683716,3.2799999713897705,3.200000047683716,3.259999990463257,1780
2020-11-11,2.2448246479034424,3.0999999046325684,3.2799999713897705,3.0999999046325684,3.259999990463257,2882
2020-11-12,2.375169277191162,3.2799999713897705,3.2799999713897705,3.200000047683716,3.2799999713897705,321
2020-11-13,2.3896517753601074,3.299999952316284,3.299999952316284,3.2799999713897705,3.299999952316284,883
2020-11-16,2.548962116241455,3.5199999809265137,3.6600000858306885,3.319999933242798,3.4000000953674316,17602
2020-11-17,2.5344796180725098,3.5,3.5199999809265137,3.0999999046325684,3.5199999809265137,1510
2020-11-18,2.6068930625915527,3.5999999046325684,3.700000047683716,3.5799999237060547,3.700000047683716,1707
2020-11-19,2.6068930625915527,3.5999999046325684,3.700000047683716,3.4000000953674316,3.5,1100
2020-11-20,2.679306745529175,3.700000047683716,3.700000047683716,3.4000000953674316,3.5999999046325684,1213
2020-11-23,2.621375799179077,3.619999885559082,3.9000000953674316,3.5,3.5,1982
2020-11-24,2.5634450912475586,3.5399999618530273,3.9000000953674316,3.2200000286102295,3.2200000286102295,1553
2020-11-25,2.6648240089416504,3.680000066757202,3.799999952316284,3.5199999809265137,3.5199999809265137,2832
2020-11-26,2.8820652961730957,3.9800000190734863,4.5,3.7200000286102295,4.0,22127
2020-11-27,2.795168399810791,3.859999895095825,3.9800000190734863,3.7799999713897705,3.9800000190734863,2231
2020-11-30,2.853099822998047,3.940000057220459,3.940000057220459,3.7799999713897705,3.859999895095825,2150
2020-12-01,2.7517201900482178,3.799999952316284,3.940000057220459,3.799999952316284,3.940000057220459,1180
2020-12-02,2.853099822998047,3.940000057220459,3.940000057220459,3.799999952316284,3.799999952316284,238
2020-12-03,2.679306745529175,3.700000047683716,4.0,3.700000047683716,4.0,815
2020-12-04,2.7372376918792725,3.7799999713897705,3.940000057220459,3.740000009536743,3.740000009536743,872
2020-12-07,2.722754955291748,3.759999990463257,4.0,3.740000009536743,3.9600000381469727,1149
2020-12-08,2.7806859016418457,3.8399999141693115,4.0,3.759999990463257,4.0,753
2020-12-09,2.7517201900482178,3.799999952316284,3.819999933242798,3.799999952316284,3.799999952316284,1128
2020-12-10,2.7806859016418457,3.8399999141693115,3.8399999141693115,3.7200000286102295,3.7200000286102295,770
2020-12-11,2.7517201900482178,3.799999952316284,3.819999933242798,3.700000047683716,3.7799999713897705,7369
2020-12-14,2.8675825595855713,3.9600000381469727,3.9600000381469727,3.799999952316284,3.799999952316284,1088
2020-12-15,2.8820652961730957,3.9800000190734863,4.099999904632568,3.819999933242798,3.9600000381469727,4137
2020-12-16,2.8820652961730957,3.9800000190734863,4.039999961853027,3.7799999713897705,3.9800000190734863,1352
2020-12-17,2.89654803276062,4.0,4.099999904632568,3.9000000953674316,3.9800000190734863,2153
2020-12-18,2.7806859016418457,3.8399999141693115,4.199999809265137,3.8399999141693115,4.0,3117
2020-12-21,2.7806859016418457,3.8399999141693115,4.039999961853027,3.8399999141693115,3.8399999141693115,2703
2020-12-22,2.8820652961730957,3.9800000190734863,3.9800000190734863,3.7799999713897705,3.7799999713897705,3443
2020-12-23,2.8096516132354736,3.880000114440918,3.880000114440918,3.740000009536743,3.819999933242798,1215
2020-12-28,2.824134588241577,3.9000000953674316,3.9800000190734863,3.759999990463257,3.799999952316284,1926
2020-12-29,2.795168399810791,3.859999895095825,3.940000057220459,3.799999952316284,3.9000000953674316,2787
2020-12-30,2.8096516132354736,3.880000114440918,3.9200000762939453,3.799999952316284,3.819999933242798,4387
2021-01-04,2.8096516132354736,3.880000114440918,4.159999847412109,3.7799999713897705,3.799999952316284,3169
2021-01-05,2.7662034034729004,3.819999933242798,3.859999895095825,3.799999952316284,3.799999952316284,792
2021-01-07,2.7662034034729004,3.819999933242798,3.9800000190734863,3.819999933242798,3.819999933242798,1605
2021-01-08,2.8096516132354736,3.880000114440918,3.9000000953674316,3.700000047683716,3.819999933242798,1589
2021-01-11,2.7662034034729004,3.819999933242798,3.9200000762939453,3.740000009536743,3.740000009536743,2803
2021-01-12,2.853099822998047,3.940000057220459,3.940000057220459,3.700000047683716,3.9000000953674316,2246
2021-01-13,2.7806859016418457,3.8399999141693115,3.940000057220459,3.8399999141693115,3.940000057220459,183
2021-01-14,2.8096516132354736,3.880000114440918,3.9200000762939453,3.8399999141693115,3.880000114440918,4436
2021-01-15,2.795168399810791,3.859999895095825,3.9000000953674316,3.7200000286102295,3.859999895095825,4950
2021-01-18,2.795168399810791,3.859999895095825,3.880000114440918,3.759999990463257,3.859999895095825,3853
2021-01-19,2.7517201900482178,3.799999952316284,3.859999895095825,3.759999990463257,3.859999895095825,186
2021-01-20,2.7372376918792725,3.7799999713897705,3.9200000762939453,3.759999990463257,3.799999952316284,1617
2021-01-21,2.7372376918792725,3.7799999713897705,3.880000114440918,3.680000066757202,3.819999933242798,2960
2021-01-22,2.7517201900482178,3.799999952316284,3.819999933242798,3.700000047683716,3.819999933242798,1509
2021-01-25,2.722754955291748,3.759999990463257,3.799999952316284,3.700000047683716,3.740000009536743,1134
2021-01-26,2.708272695541382,3.740000009536743,3.759999990463257,3.680000066757202,3.759999990463257,2461
2021-01-27,2.6937899589538574,3.7200000286102295,3.799999952316284,3.5999999046325684,3.799999952316284,3407
2021-01-28,2.650341749191284,3.6600000858306885,3.7799999713897705,3.6600000858306885,3.7799999713897705,1128
2021-01-29,2.6937899589538574,3.7200000286102295,3.759999990463257,3.6600000858306885,3.700000047683716,1433
2021-02-01,2.6648240089416504,3.680000066757202,3.7200000286102295,3.619999885559082,3.680000066757202,5574
2021-02-02,2.679306745529175,3.700000047683716,3.7799999713897705,3.700000047683716,3.700000047683716,700
2021-02-03,2.679306745529175,3.700000047683716,3.7200000286102295,3.640000104904175,3.680000066757202,219
2021-02-04,2.6648240089416504,3.680000066757202,3.740000009536743,3.680000066757202,3.680000066757202,211
2021-02-05,2.722754955291748,3.759999990463257,3.759999990463257,3.700000047683716,3.700000047683716,636
2021-02-08,2.6648240089416504,3.680000066757202,3.759999990463257,3.6600000858306885,3.759999990463257,2124
2021-02-09,2.89654803276062,4.0,4.0,3.7200000286102295,3.740000009536743,6912
2021-02-10,3.0848238468170166,4.260000228881836,5.150000095367432,4.019999980926514,4.119999885559082,13482
2021-02-11,3.1137895584106445,4.300000190734863,4.5,4.0,4.460000038146973,7230
2021-02-12,3.0558578968048096,4.21999979019165,4.300000190734863,4.0,4.300000190734863,2949
2021-02-15,3.1137895584106445,4.300000190734863,4.400000095367432,4.019999980926514,4.179999828338623,13117
2021-02-16,3.1137895584106445,4.300000190734863,4.5,4.239999771118164,4.300000190734863,3746
2021-02-17,3.1137895584106445,4.300000190734863,4.380000114440918,4.21999979019165,4.320000171661377,1592
2021-02-18,3.1137895584106445,4.300000190734863,4.320000171661377,4.159999847412109,4.320000171661377,1168
2021-02-19,3.2441341876983643,4.480000019073486,4.480000019073486,4.139999866485596,4.300000190734863,1658
2021-02-22,3.2441341876983643,4.480000019073486,4.480000019073486,4.119999885559082,4.260000228881836,1961
2021-02-23,3.09930682182312,4.28000020980835,4.400000095367432,4.199999809265137,4.199999809265137,7715
2021-02-24,3.1862027645111084,4.400000095367432,4.619999885559082,4.300000190734863,4.300000190734863,8679
2021-02-25,3.3020646572113037,4.559999942779541,4.599999904632568,4.400000095367432,4.400000095367432,1805
2021-02-26,3.200685501098633,4.420000076293945,4.639999866485596,4.5,4.5,1423
2021-03-01,3.461374521255493,4.78000020980835,4.800000190734863,4.420000076293945,4.480000019073486,1912
2021-03-02,3.591719627380371,4.960000038146973,5.300000190734863,4.800000190734863,4.800000190734863,11833
2021-03-03,3.533787965774536,4.880000114440918,4.980000019073486,4.699999809265137,4.980000019073486,6481
2021-03-04,3.7293059825897217,5.150000095367432,5.300000190734863,4.880000114440918,4.880000114440918,11997
2021-03-05,3.5772366523742676,4.940000057220459,5.150000095367432,4.699999809265137,5.150000095367432,8559
2021-03-08,3.6062028408050537,4.980000019073486,4.980000019073486,4.699999809265137,4.699999809265137,545
2021-03-09,3.6062028408050537,4.980000019073486,5.0,4.71999979019165,4.980000019073486,1813
2021-03-10,3.8741326332092285,5.349999904632568,5.400000095367432,4.980000019073486,4.980000019073486,5278
2021-03-11,3.693098306655884,5.099999904632568,5.400000095367432,5.099999904632568,5.400000095367432,1951
2021-03-12,3.7293059825897217,5.150000095367432,5.349999904632568,5.050000190734863,5.349999904632568,7184
2021-03-15,3.8379263877868652,5.300000190734863,5.349999904632568,5.25,5.349999904632568,3455
2021-03-16,3.8017191886901855,5.25,5.400000095367432,5.0,5.300000190734863,1219
2021-03-17,4.453442573547363,6.150000095367432,6.550000190734863,5.349999904632568,5.349999904632568,19923
2021-03-18,4.5258564949035645,6.25,6.849999904632568,6.099999904632568,6.150000095367432,3930
2021-03-19,4.308614730834961,5.949999809265137,6.349999904632568,5.900000095367432,6.25,2461
2021-03-22,4.091374397277832,5.650000095367432,6.25,5.599999904632568,6.099999904632568,4598
2021-03-23,4.272408485412598,5.900000095367432,6.0,5.599999904632568,5.650000095367432,967
2021-03-24,4.417235374450684,6.099999904632568,6.300000190734863,5.900000095367432,5.949999809265137,4653
2021-03-25,4.706890106201172,6.5,6.5,6.0,6.099999904632568,700
2021-03-26,4.5258564949035645,6.25,6.400000095367432,6.0,6.349999904632568,5555
2021-03-29,4.634477138519287,6.400000095367432,6.400000095367432,6.300000190734863,6.349999904632568,3313
2021-03-30,4.5258564949035645,6.25,6.400000095367432,5.699999809265137,6.400000095367432,3532
2021-03-31,4.670682907104492,6.449999809265137,6.949999809265137,6.300000190734863,6.400000095367432,10696
2021-04-01,5.051812171936035,6.760000228881836,6.980000019073486,6.639999866485596,6.679999828338623,12295
2021-04-06,5.694497108459473,7.619999885559082,8.359999656677246,6.800000190734863,6.800000190734863,14656
2021-04-07,6.127936840057373,8.199999809265137,8.4399995803833,7.480000019073486,7.599999904632568,19200
2021-04-08,6.725784778594971,9.0,9.0,8.220000267028809,8.220000267028809,19126
2021-04-09,5.978475093841553,8.0,9.0,7.539999961853027,9.0,20953
2021-04-12,5.574928283691406,7.460000038146973,8.0,7.099999904632568,8.0,14861
2021-04-13,5.455358028411865,7.300000190734863,7.400000095367432,7.159999847412109,7.300000190734863,4238
2021-04-14,4.857510566711426,6.5,7.199999809265137,6.21999979019165,7.199999809265137,15769
2021-04-15,5.3656816482543945,7.179999828338623,7.300000190734863,6.019999980926514,6.400000095367432,15522
2021-04-16,5.231165885925293,7.0,7.320000171661377,6.639999866485596,7.179999828338623,8251
2021-04-19,5.156434535980225,6.900000095367432,7.0,6.800000190734863,7.0,1625
2021-04-20,5.0817036628723145,6.800000190734863,7.0,6.699999809265137,6.900000095367432,1253
2021-04-21,5.141489028930664,6.880000114440918,7.079999923706055,6.21999979019165,6.71999979019165,5563
2021-04-22,5.18632698059082,6.940000057220459,7.0,6.699999809265137,6.860000133514404,3515
2021-04-23,5.2012739181518555,6.960000038146973,7.119999885559082,6.800000190734863,7.0,1344
2021-04-26,5.0817036628723145,6.800000190734863,7.079999923706055,6.699999809265137,6.980000019073486,927
2021-04-27,4.977080821990967,6.659999847412109,7.0,6.619999885559082,6.900000095367432,3763
2021-04-28,5.036864757537842,6.739999771118164,6.960000038146973,6.739999771118164,6.900000095367432,351
2021-04-29,4.917295932769775,6.579999923706055,7.0,6.519999980926514,6.78000020980835,5041
2021-04-30,4.857510566711426,6.5,6.900000095367432,6.5,6.900000095367432,2273
2021-05-03,4.693103313446045,6.28000020980835,6.480000019073486,6.239999771118164,6.480000019073486,5905
2021-05-04,4.409125804901123,5.900000095367432,6.400000095367432,5.900000095367432,6.400000095367432,10914
2021-05-05,4.394179821014404,5.880000114440918,6.039999961853027,5.440000057220459,6.0,13203
2021-05-06,4.379233360290527,5.860000133514404,5.960000038146973,5.380000114440918,5.78000020980835,3846
2021-05-07,4.334394931793213,5.800000190734863,6.0,5.699999809265137,5.699999809265137,3186
2021-05-10,4.453963756561279,5.960000038146973,5.980000019073486,5.800000190734863,5.800000190734863,2856
2021-05-11,4.364286422729492,5.840000152587891,5.940000057220459,5.619999885559082,5.940000057220459,2825
2021-05-12,4.379233360290527,5.860000133514404,5.880000114440918,5.659999847412109,5.860000133514404,1485
2021-05-14,4.259663105010986,5.699999809265137,5.860000133514404,5.599999904632568,5.860000133514404,1979
2021-05-17,4.21482515335083,5.639999866485596,5.699999809265137,5.539999961853027,5.699999809265137,749
2021-05-18,4.633317947387695,6.199999809265137,6.199999809265137,5.619999885559082,5.699999809265137,7546
2021-05-19,4.289555549621582,5.739999771118164,6.199999809265137,5.619999885559082,6.199999809265137,3441
2021-05-20,4.349340915679932,5.820000171661377,5.960000038146973,5.71999979019165,5.960000038146973,493
2021-05-21,4.483856678009033,6.0,6.0,5.820000171661377,5.820000171661377,9
2021-05-24,4.394179821014404,5.880000114440918,6.0,5.840000152587891,6.0,1121
2021-05-25,4.334394931793213,5.800000190734863,5.980000019073486,5.760000228881836,5.860000133514404,2219
2021-05-26,4.409125804901123,5.900000095367432,5.900000095367432,5.800000190734863,5.800000190734863,428
2021-05-27,4.483856678009033,6.0,6.0,5.900000095367432,5.900000095367432,2383
2021-05-28,4.4390177726745605,5.940000057220459,6.0,5.840000152587891,6.0,2478
2021-05-31,4.4390177726745605,5.940000057220459,6.099999904632568,5.820000171661377,5.900000095367432,390
2021-06-01,4.379233360290527,5.860000133514404,6.0,5.860000133514404,6.0,1114
2021-06-02,4.334394931793213,5.800000190734863,5.980000019073486,5.800000190734863,5.820000171661377,724
2021-06-03,4.468910217285156,5.980000019073486,6.0,5.980000019073486,6.0,84
2021-06-04,4.468910217285156,5.980000019073486,5.980000019073486,5.820000171661377,5.980000019073486,147
2021-06-07,4.468910217285156,5.980000019073486,5.980000019073486,5.900000095367432,5.980000019073486,514
2021-06-08,4.409125804901123,5.900000095367432,5.980000019073486,5.900000095367432,5.980000019073486,124
2021-06-09,4.349340915679932,5.820000171661377,5.980000019073486,5.820000171661377,5.980000019073486,742
2021-06-10,4.468910217285156,5.980000019073486,5.980000019073486,5.920000076293945,5.920000076293945,438
2021-06-11,4.468910217285156,5.980000019073486,5.980000019073486,5.820000171661377,5.820000171661377,60
2021-06-14,4.409125804901123,5.900000095367432,5.960000038146973,5.800000190734863,5.800000190734863,1150
2021-06-15,4.349340915679932,5.820000171661377,6.139999866485596,5.820000171661377,5.900000095367432,2138
2021-06-16,4.483856678009033,6.0,6.079999923706055,6.0,6.0,58
2021-06-17,4.394179821014404,5.880000114440918,5.960000038146973,5.820000171661377,5.820000171661377,649
2021-06-18,4.5286946296691895,6.059999942779541,6.079999923706055,5.840000152587891,5.880000114440918,1183
2021-06-21,4.184932231903076,5.599999904632568,6.079999923706055,5.599999904632568,6.079999923706055,2437
2021-06-22,4.468910217285156,5.980000019073486,5.980000019073486,5.699999809265137,5.900000095367432,741
2021-06-23,4.259663105010986,5.699999809265137,5.699999809265137,5.699999809265137,5.699999809265137,7
2021-06-24,4.364286422729492,5.840000152587891,5.940000057220459,5.71999979019165,5.940000057220459,665
2021-06-28,4.349340915679932,5.820000171661377,5.820000171661377,5.699999809265137,5.800000190734863,1276
2021-06-29,4.334394931793213,5.800000190734863,5.900000095367432,5.800000190734863,5.820000171661377,849
2021-06-30,4.319448947906494,5.78000020980835,5.880000114440918,5.78000020980835,5.840000152587891,96
2021-07-01,4.483856678009033,6.0,6.0,5.78000020980835,5.860000133514404,1117
2021-07-02,4.782780170440674,6.400000095367432,6.639999866485596,5.800000190734863,6.0,5142
2021-07-05,4.633317947387695,6.199999809265137,6.300000190734863,6.019999980926514,6.300000190734863,3148
2021-07-06,4.483856678009033,6.0,6.199999809265137,6.0,6.019999980926514,3578
2021-07-07,4.752887725830078,6.360000133514404,6.360000133514404,6.099999904632568,6.099999904632568,1193
2021-07-08,4.573533535003662,6.119999885559082,6.239999771118164,6.119999885559082,6.119999885559082,319
2021-07-09,4.618371963500977,6.179999828338623,6.179999828338623,6.119999885559082,6.179999828338623,897
2021-07-12,4.558586597442627,6.099999904632568,6.260000228881836,6.099999904632568,6.179999828338623,587
2021-07-13,4.49880313873291,6.019999980926514,6.199999809265137,6.019999980926514,6.099999904632568,277
2021-07-14,4.49880313873291,6.019999980926514,6.019999980926514,6.0,6.0,321
2021-07-15,4.618371963500977,6.179999828338623,6.179999828338623,6.019999980926514,6.019999980926514,165
2021-07-16,4.633317947387695,6.199999809265137,6.21999979019165,6.059999942779541,6.21999979019165,1378
2021-07-19,4.633317947387695,6.199999809265137,6.21999979019165,6.119999885559082,6.21999979019165,1040
2021-07-20,4.618371963500977,6.179999828338623,6.199999809265137,6.0,6.179999828338623,1389
2021-07-21,4.678156852722168,6.260000228881836,6.300000190734863,6.099999904632568,6.179999828338623,6453
2021-07-22,5.481009006500244,7.099999904632568,7.199999809265137,6.5,7.019999980926514,35639
2021-07-23,5.465569019317627,7.079999923706055,7.099999904632568,6.679999828338623,7.0,8652
2021-07-26,5.388372421264648,6.980000019073486,7.139999866485596,6.940000057220459,7.0,2139
2021-07-27,5.3420538902282715,6.920000076293945,6.980000019073486,6.659999847412109,6.980000019073486,2976
2021-07-28,5.3420538902282715,6.920000076293945,6.960000038146973,6.800000190734863,6.960000038146973,1044
2021-07-29,5.388372421264648,6.980000019073486,6.980000019073486,6.820000171661377,6.920000076293945,3274
2021-07-30,5.326613903045654,6.900000095367432,6.980000019073486,6.820000171661377,6.980000019073486,893
2021-08-02,5.388372421264648,6.980000019073486,7.0,6.900000095367432,6.900000095367432,1216
2021-08-03,5.249416828155518,6.800000190734863,7.0,6.559999942779541,6.980000019073486,5055
2021-08-04,5.326613903045654,6.900000095367432,6.900000095367432,6.760000228881836,6.880000114440918,3194
2021-08-05,5.619964599609375,7.28000020980835,7.460000038146973,7.159999847412109,7.179999828338623,15777
2021-08-06,5.789797782897949,7.5,7.5,7.320000171661377,7.320000171661377,6559
2021-08-09,6.252982139587402,8.100000381469727,8.5,7.539999961853027,7.539999961853027,10909
2021-08-10,6.422815322875977,8.319999694824219,8.479999542236328,8.020000457763672,8.479999542236328,7315
2021-08-11,6.361057281494141,8.239999771118164,8.460000038146973,8.119999885559082,8.34000015258789,2202
2021-08-12,6.530892372131348,8.460000038146973,8.5,8.239999771118164,8.5,2916
2021-08-13,6.530892372131348,8.460000038146973,8.460000038146973,8.239999771118164,8.460000038146973,3360
2021-08-16,6.870560169219971,8.899999618530273,9.0,8.460000038146973,8.479999542236328,9331
2021-08-17,7.62709379196167,9.880000114440918,10.850000381469727,8.800000190734863,9.0,14340
2021-08-18,7.989921569824219,10.350000381469727,10.75,9.979999542236328,9.979999542236328,20456
2021-08-19,6.855120658874512,8.880000114440918,10.600000381469727,8.319999694824219,10.600000381469727,48896
2021-08-20,7.040393829345703,9.119999885559082,9.380000114440918,8.800000190734863,8.979999542236328,8360
2021-08-23,6.731605529785156,8.720000267028809,9.4399995803833,8.579999923706055,9.399999618530273,5819
2021-08-24,6.93231725692749,8.979999542236328,9.239999771118164,8.899999618530273,9.020000457763672,3112
2021-08-25,6.515451908111572,8.4399995803833,8.979999542236328,8.199999809265137,8.979999542236328,3573
2021-08-26,6.175784587860107,8.0,8.399999618530273,7.78000020980835,8.399999618530273,6090
2021-08-27,6.191224575042725,8.020000457763672,8.0600004196167,7.760000228881836,8.0,3151
2021-08-30,6.561770439147949,8.5,8.899999618530273,7.800000190734863,8.100000381469727,9000
2021-08-31,6.716165065765381,8.699999809265137,8.880000114440918,8.520000457763672,8.880000114440918,1971
2021-09-01,6.700725555419922,8.680000305175781,8.699999809265137,8.420000076293945,8.699999809265137,3709
2021-09-02,6.561770439147949,8.5,8.739999771118164,8.359999656677246,8.680000305175781,2318
2021-09-03,6.438255310058594,8.34000015258789,8.699999809265137,8.199999809265137,8.699999809265137,797
2021-09-06,6.561770439147949,8.5,8.5600004196167,8.34000015258789,8.5,1177
2021-09-07,6.4536943435668945,8.359999656677246,8.5,8.199999809265137,8.5,1649
2021-09-08,6.376497745513916,8.260000228881836,8.5,8.239999771118164,8.5,2707
2021-09-09,6.299299716949463,8.15999984741211,8.460000038146973,8.15999984741211,8.460000038146973,1923
2021-09-10,6.422815322875977,8.319999694824219,8.479999542236328,8.199999809265137,8.479999542236328,479
2021-09-13,6.036829471588135,7.820000171661377,8.34000015258789,7.820000171661377,8.34000015258789,4552
2021-09-14,6.036829471588135,7.820000171661377,7.960000038146973,7.820000171661377,7.820000171661377,1976
2021-09-15,5.836117267608643,7.559999942779541,7.760000228881836,7.320000171661377,7.760000228881836,4692
2021-09-16,5.650842666625977,7.320000171661377,7.559999942779541,7.300000190734863,7.559999942779541,820
2021-09-17,5.650842666625977,7.320000171661377,7.539999961853027,7.300000190734863,7.300000190734863,2936
2021-09-20,5.635403156280518,7.300000190734863,7.599999904632568,7.300000190734863,7.5,7295
2021-09-21,5.6662821769714355,7.340000152587891,7.360000133514404,7.199999809265137,7.300000190734863,2758
2021-09-22,5.897874355316162,7.639999866485596,7.920000076293945,7.340000152587891,7.340000152587891,3412
2021-09-23,5.897874355316162,7.639999866485596,7.880000114440918,7.599999904632568,7.880000114440918,1340
2021-09-24,5.897874355316162,7.639999866485596,7.900000095367432,7.400000095367432,7.880000114440918,3423
2021-09-27,5.805237293243408,7.519999980926514,7.519999980926514,7.400000095367432,7.400000095367432,2301
2021-09-28,5.635403156280518,7.300000190734863,7.5,7.300000190734863,7.420000076293945,843
2021-09-29,5.527327060699463,7.159999847412109,7.300000190734863,7.079999923706055,7.300000190734863,504
2021-09-30,5.619964599609375,7.28000020980835,7.28000020980835,7.179999828338623,7.179999828338623,65
2021-10-01,5.542766571044922,7.179999828338623,7.199999809265137,7.099999904632568,7.199999809265137,337
2021-10-04,5.527327060699463,7.159999847412109,7.199999809265137,6.960000038146973,7.199999809265137,3105
2021-10-05,5.481009006500244,7.099999904632568,7.159999847412109,7.079999923706055,7.159999847412109,780
2021-10-06,5.558205604553223,7.199999809265137,7.199999809265137,7.099999904632568,7.199999809265137,6894
2021-10-07,5.573644638061523,7.21999979019165,7.380000114440918,7.139999866485596,7.199999809265137,940
2021-10-08,5.542766571044922,7.179999828338623,7.340000152587891,7.179999828338623,7.21999979019165,2414
2021-10-11,5.604525566101074,7.260000228881836,7.320000171661377,7.0,7.239999771118164,2244
2021-10-12,5.635403156280518,7.300000190734863,7.400000095367432,7.119999885559082,7.139999866485596,743
2021-10-13,5.913313388824463,7.659999847412109,7.699999809265137,7.380000114440918,7.380000114440918,1724
2021-10-14,5.944192409515381,7.699999809265137,7.880000114440918,7.539999961853027,7.880000114440918,2401
2021-10-15,6.175784587860107,8.0,8.220000267028809,7.599999904632568,7.599999904632568,7310
2021-10-18,6.268421173095703,8.119999885559082,8.119999885559082,7.71999979019165,7.860000133514404,7368
2021-10-19,6.237542152404785,8.079999923706055,8.079999923706055,7.900000095367432,8.079999923706055,1103
2021-10-20,6.314740180969238,8.180000305175781,8.180000305175781,7.900000095367432,8.079999923706055,3476
2021-10-21,6.438255310058594,8.34000015258789,8.34000015258789,8.039999961853027,8.199999809265137,1870
2021-10-22,6.515451908111572,8.4399995803833,8.479999542236328,8.300000190734863,8.300000190734863,4941
2021-10-25,6.330178737640381,8.199999809265137,8.4399995803833,8.140000343322754,8.4399995803833,2036
2021-10-26,6.252982139587402,8.100000381469727,8.479999542236328,8.100000381469727,8.479999542236328,2184
2021-10-27,6.422815322875977,8.319999694824219,8.319999694824219,8.039999961853027,8.100000381469727,1453
2021-10-28,6.345618724822998,8.220000267028809,8.220000267028809,7.940000057220459,8.100000381469727,1421
2021-10-29,6.252982139587402,8.100000381469727,8.279999732971191,7.900000095367432,8.220000267028809,1751
2021-11-01,6.345618724822998,8.220000267028809,8.239999771118164,8.079999923706055,8.199999809265137,1254
2021-11-02,6.4845733642578125,8.399999618530273,8.479999542236328,8.119999885559082,8.119999885559082,3833
2021-11-03,6.762484550476074,8.760000228881836,8.899999618530273,8.100000381469727,8.100000381469727,24944
2021-11-04,6.66984748840332,8.640000343322754,8.960000038146973,8.600000381469727,8.699999809265137,8913
2021-11-05,6.6389689445495605,8.600000381469727,8.739999771118164,8.579999923706055,8.739999771118164,6568
2021-11-08,6.808802127838135,8.819999694824219,8.9399995803833,8.699999809265137,8.800000190734863,3691
2021-11-09,6.716165065765381,8.699999809265137,8.899999618530273,8.619999885559082,8.899999618530273,4194
2021-11-10,6.700725555419922,8.680000305175781,8.880000114440918,8.619999885559082,8.760000228881836,6020
2021-11-11,6.777922630310059,8.779999732971191,8.800000190734863,8.680000305175781,8.800000190734863,1256
2021-11-12,6.6544084548950195,8.619999885559082,8.960000038146973,8.619999885559082,8.960000038146973,1713
2021-11-15,6.515451908111572,8.4399995803833,8.800000190734863,8.4399995803833,8.800000190734863,3702
2021-11-16,6.577210426330566,8.520000457763672,8.800000190734863,8.5,8.800000190734863,718
2021-11-17,6.577210426330566,8.520000457763672,8.779999732971191,8.5,8.520000457763672,1543
2021-11-18,6.438255310058594,8.34000015258789,8.5,8.0,8.399999618530273,3459
2021-11-19,6.46913480758667,8.380000114440918,8.579999923706055,8.220000267028809,8.300000190734863,1566
2021-11-22,6.438255310058594,8.34000015258789,8.5,8.239999771118164,8.5,1880
2021-11-23,6.0677080154418945,7.860000133514404,8.239999771118164,7.599999904632568,8.220000267028809,8119
2021-11-24,6.160345554351807,7.980000019073486,8.0,7.820000171661377,7.860000133514404,2043
2021-11-25,6.175784587860107,8.0,8.100000381469727,7.760000228881836,8.0,3465
2021-11-26,6.005950450897217,7.78000020980835,8.0,7.199999809265137,8.0,6456
2021-11-29,6.021389961242676,7.800000190734863,7.880000114440918,7.320000171661377,7.78000020980835,5797
2021-11-30,6.005950450897217,7.78000020980835,7.800000190734863,7.519999980926514,7.800000190734863,3428
2021-12-01,6.160345554351807,7.980000019073486,8.0,7.760000228881836,7.78000020980835,2762
2021-12-02,6.206663608551025,8.039999961853027,8.079999923706055,7.699999809265137,7.980000019073486,2104
2021-12-03,6.237542152404785,8.079999923706055,8.319999694824219,7.860000133514404,8.079999923706055,3570
2021-12-07,6.112479209899902,7.820000171661377,8.079999923706055,7.739999771118164,8.079999923706055,2222
2021-12-08,6.128112316131592,7.840000152587891,8.0,7.840000152587891,8.0,406
2021-12-09,6.112479209899902,7.820000171661377,8.0,7.739999771118164,8.0,1479
2021-12-10,6.049947261810303,7.739999771118164,7.739999771118164,7.679999828338623,7.699999809265137,617
2021-12-13,6.034313678741455,7.71999979019165,7.980000019073486,7.71999979019165,7.71999979019165,2790
2021-12-14,5.956149101257324,7.619999885559082,7.920000076293945,7.619999885559082,7.920000076293945,1058
2021-12-15,5.893617630004883,7.539999961853027,7.679999828338623,7.460000038146973,7.599999904632568,2855
2021-12-16,6.003047943115234,7.679999828338623,7.820000171661377,7.619999885559082,7.619999885559082,2636
2021-12-17,5.846719264984131,7.480000019073486,7.619999885559082,7.340000152587891,7.619999885559082,1924
2021-12-20,5.690390110015869,7.28000020980835,7.400000095367432,7.199999809265137,7.400000095367432,498
2021-12-21,5.862351894378662,7.5,7.5,7.21999979019165,7.21999979019165,2400
2021-12-22,5.7529215812683105,7.360000133514404,7.5,7.340000152587891,7.5,303
2021-12-23,5.784187316894531,7.400000095367432,7.5,7.239999771118164,7.5,2354
2021-12-27,5.9092512130737305,7.559999942779541,7.599999904632568,7.420000076293945,7.480000019073486,3058
2021-12-28,5.987415313720703,7.659999847412109,7.699999809265137,7.599999904632568,7.599999904632568,2042
2021-12-29,5.9092512130737305,7.559999942779541,7.699999809265137,7.519999980926514,7.699999809265137,987
2021-12-30,6.096846580505371,7.800000190734863,7.800000190734863,7.599999904632568,7.739999771118164,6695
2022-01-03,6.487669467926025,8.300000190734863,8.399999618530273,7.900000095367432,8.15999984741211,4859
2022-01-04,6.487669467926025,8.300000190734863,8.5,8.300000190734863,8.399999618530273,2722
2022-01-05,6.612732887268066,8.460000038146973,8.5,8.4399995803833,8.479999542236328,3508
2022-01-07,6.393871784210205,8.180000305175781,8.460000038146973,8.119999885559082,8.399999618530273,2047
2022-01-10,6.018681049346924,7.699999809265137,8.279999732971191,7.139999866485596,8.199999809265137,3693
2022-01-11,6.409503936767578,8.199999809265137,8.359999656677246,8.039999961853027,8.039999961853027,2511
2022-01-12,6.409503936767578,8.199999809265137,8.34000015258789,8.0600004196167,8.34000015258789,942
2022-01-13,6.643998622894287,8.5,8.5,8.199999809265137,8.300000190734863,1735
2022-01-14,6.425138473510742,8.220000267028809,8.5,8.180000305175781,8.5,862
2022-01-17,6.550201416015625,8.380000114440918,8.399999618530273,8.239999771118164,8.399999618530273,985
2022-01-18,6.440770149230957,8.239999771118164,8.399999618530273,8.199999809265137,8.399999618530273,297
2022-01-19,6.425138473510742,8.220000267028809,8.380000114440918,8.199999809265137,8.380000114440918,379
2022-01-20,6.409503936767578,8.199999809265137,8.34000015258789,8.119999885559082,8.199999809265137,1238
2022-01-21,6.018681049346924,7.699999809265137,8.140000343322754,7.619999885559082,7.920000076293945,6155
2022-01-24,5.784187316894531,7.400000095367432,7.699999809265137,7.119999885559082,7.699999809265137,3608
2022-01-25,5.9092512130737305,7.559999942779541,7.71999979019165,7.099999904632568,7.119999885559082,1894
2022-01-26,5.956149101257324,7.619999885559082,7.840000152587891,7.599999904632568,7.699999809265137,2651
2022-01-27,5.940516471862793,7.599999904632568,7.639999866485596,7.619999885559082,7.619999885559082,2408
2022-01-28,5.7685546875,7.380000114440918,7.619999885559082,7.099999904632568,7.619999885559082,10573
2022-01-31,5.831086158752441,7.460000038146973,7.539999961853027,7.380000114440918,7.400000095367432,2540
2022-02-01,5.9248833656311035,7.579999923706055,7.679999828338623,7.420000076293945,7.460000038146973,853
2022-02-02,6.018681049346924,7.699999809265137,7.699999809265137,7.559999942779541,7.579999923706055,1107
2022-02-03,6.003047943115234,7.679999828338623,7.78000020980835,7.539999961853027,7.78000020980835,1002
2022-02-04,5.940516471862793,7.599999904632568,7.71999979019165,7.559999942779541,7.71999979019165,1261
2022-02-07,6.2062764167785645,7.940000057220459,7.940000057220459,7.5,7.860000133514404,3457
2022-02-08,6.096846580505371,7.800000190734863,7.860000133514404,7.800000190734863,7.800000190734863,44
2022-02-09,6.096846580505371,7.800000190734863,7.800000190734863,7.559999942779541,7.679999828338623,3128
2022-02-10,5.9717817306518555,7.639999866485596,7.760000228881836,7.599999904632568,7.760000228881836,3693
2022-02-11,5.940516471862793,7.599999904632568,7.760000228881836,7.599999904632568,7.760000228881836,2142
2022-02-14,5.40899658203125,6.920000076293945,7.619999885559082,6.619999885559082,7.599999904632568,61691
2022-02-15,5.627857685089111,7.199999809265137,7.21999979019165,7.0,7.0,11755
2022-02-16,5.784187316894531,7.400000095367432,7.420000076293945,7.179999828338623,7.199999809265137,6417
2022-02-17,5.7060227394104,7.300000190734863,7.400000095367432,7.300000190734863,7.400000095367432,972
2022-02-18,5.721655368804932,7.320000171661377,7.460000038146973,7.320000171661377,7.340000152587891,2421
2022-02-21,5.7060227394104,7.300000190734863,7.460000038146973,7.300000190734863,7.300000190734863,898
2022-02-22,5.7060227394104,7.300000190734863,7.320000171661377,6.980000019073486,7.300000190734863,5453
2022-02-23,5.893617630004883,7.539999961853027,7.599999904632568,7.099999904632568,7.099999904632568,3800
2022-02-24,5.424629211425781,6.940000057220459,7.260000228881836,6.599999904632568,6.599999904632568,23028
2022-02-25,5.56532621383667,7.119999885559082,7.21999979019165,6.800000190734863,7.0,8735
2022-02-28,5.56532621383667,7.119999885559082,7.119999885559082,6.920000076293945,7.119999885559082,1916
2022-03-01,5.502793788909912,7.039999961853027,7.21999979019165,7.039999961853027,7.119999885559082,1131
2022-03-02,5.659122943878174,7.239999771118164,7.320000171661377,7.0,7.320000171661377,3952
2022-03-03,5.67475700378418,7.260000228881836,7.400000095367432,7.039999961853027,7.400000095367432,734
2022-03-04,5.424629211425781,6.940000057220459,7.260000228881836,6.940000057220459,7.199999809265137,3964
2022-03-07,5.471529006958008,7.0,7.0,6.699999809265137,6.920000076293945,3172
2022-03-08,5.534060478210449,7.079999923706055,7.460000038146973,6.900000095367432,7.0,6322
2022-03-09,5.659122943878174,7.239999771118164,7.340000152587891,6.960000038146973,7.019999980926514,10025
2022-03-10,5.956149101257324,7.619999885559082,7.800000190734863,7.119999885559082,7.300000190734863,19912
2022-03-11,6.128112316131592,7.840000152587891,8.0,7.659999847412109,7.880000114440918,7957
2022-03-14,6.315707206726074,8.079999923706055,8.199999809265137,7.920000076293945,8.199999809265137,4712
2022-03-15,6.409503936767578,8.199999809265137,8.399999618530273,8.119999885559082,8.399999618530273,5178
2022-03-16,6.628365516662598,8.479999542236328,8.479999542236328,8.220000267028809,8.220000267028809,5473
2022-03-17,6.409503936767578,8.199999809265137,8.520000457763672,8.199999809265137,8.5,4105
2022-03-18,6.565833568572998,8.399999618530273,8.479999542236328,8.100000381469727,8.479999542236328,1528
2022-03-21,6.5814666748046875,8.420000076293945,8.699999809265137,8.199999809265137,8.5600004196167,6980
2022-03-22,6.628365516662598,8.479999542236328,8.65999984741211,8.34000015258789,8.65999984741211,1682
2022-03-23,6.769062519073486,8.65999984741211,8.699999809265137,8.399999618530273,8.699999809265137,3042
2022-03-24,6.7065300941467285,8.579999923706055,8.680000305175781,8.4399995803833,8.65999984741211,2486
2022-03-25,6.722163677215576,8.600000381469727,8.699999809265137,8.5,8.600000381469727,2589
2022-03-28,6.972290992736816,8.920000076293945,8.979999542236328,8.680000305175781,8.680000305175781,6660
2022-03-29,7.050455570220947,9.020000457763672,9.0600004196167,8.760000228881836,8.920000076293945,6080
2022-03-30,7.112987518310547,9.100000381469727,9.100000381469727,8.960000038146973,9.020000457763672,7477
2022-03-31,7.191151142120361,9.199999809265137,9.399999618530273,9.0,9.100000381469727,6945
2022-04-01,7.347480773925781,9.399999618530273,9.800000190734863,9.279999732971191,9.300000190734863,11691
2022-04-04,7.150505542755127,9.14799976348877,9.399999618530273,7.0,8.600000381469727,18965
2022-04-05,6.948841571807861,8.890000343322754,9.258000373840332,8.854999542236328,9.14799976348877,11871
2022-04-06,6.705757141113281,8.0,8.460000038146973,7.960000038146973,8.010000228881836,4039
2022-04-07,6.59678840637207,7.869999885559082,8.210000038146973,7.610000133514404,8.010000228881836,2141
2022-04-08,6.57164192199707,7.840000152587891,8.140000343322754,7.800000190734863,7.869999885559082,699
2022-04-11,6.378851890563965,7.610000133514404,7.840000152587891,7.590000152587891,7.840000152587891,574
2022-04-12,6.286647319793701,7.5,7.800000190734863,7.5,7.619999885559082,2517
2022-04-13,6.303411483764648,7.519999980926514,7.670000076293945,7.5,7.5,360
2022-04-14,6.219589710235596,7.420000076293945,7.559999942779541,7.25,7.519999980926514,7939
2022-04-19,6.051945686340332,7.21999979019165,7.380000114440918,7.079999923706055,7.380000114440918,4293
2022-04-20,6.110621452331543,7.289999961853027,7.289999961853027,7.090000152587891,7.230000019073486,2536
2022-04-21,6.119003772735596,7.300000190734863,7.46999979019165,7.190000057220459,7.369999885559082,1313
2022-04-22,5.959741592407227,7.110000133514404,7.21999979019165,7.110000133514404,7.150000095367432,2679
2022-04-25,5.825626373291016,6.949999809265137,7.119999885559082,6.710000038146973,7.119999885559082,2888
2022-04-26,5.968123435974121,7.119999885559082,7.599999904632568,6.909999847412109,6.949999809265137,5699
2022-04-27,5.901066303253174,7.039999961853027,7.190000057220459,7.03000020980835,7.119999885559082,2586
2022-04-28,5.70827579498291,6.809999942779541,7.019999980926514,6.579999923706055,7.019999980926514,5824
2022-04-29,5.70827579498291,6.809999942779541,7.190000057220459,6.809999942779541,6.989999771118164,676
2022-05-02,5.574161052703857,6.650000095367432,6.860000133514404,6.610000133514404,6.610000133514404,2411
2022-05-03,5.607689380645752,6.690000057220459,6.690000057220459,6.670000076293945,6.670000076293945,336
2022-05-04,5.5909247398376465,6.670000076293945,6.820000171661377,6.5,6.650000095367432,866
2022-05-05,5.490338325500488,6.550000190734863,6.710000038146973,6.550000190734863,6.710000038146973,284
2022-05-06,5.347841739654541,6.380000114440918,6.769999980926514,6.28000020980835,6.599999904632568,1027
2022-05-09,5.280783653259277,6.300000190734863,6.400000095367432,6.300000190734863,6.400000095367432,1493
2022-05-10,5.129903793334961,6.119999885559082,6.300000190734863,5.96999979019165,6.28000020980835,3705
2022-05-11,5.129903793334961,6.119999885559082,6.119999885559082,5.989999771118164,5.989999771118164,4779
2022-05-12,5.113139629364014,6.099999904632568,6.150000095367432,5.989999771118164,6.150000095367432,720
2022-05-13,5.104757308959961,6.090000152587891,6.099999904632568,6.010000228881836,6.039999961853027,152
2022-05-16,5.155050754547119,6.150000095367432,6.199999809265137,6.079999923706055,6.079999923706055,1335
2022-05-17,5.155050754547119,6.150000095367432,6.159999847412109,6.150000095367432,6.159999847412109,803
2022-05-18,5.16175651550293,6.1579999923706055,6.1579999923706055,6.059999942779541,6.150000095367432,500
2022-05-19,5.196124076843262,6.198999881744385,6.198999881744385,6.059999942779541,6.059999942779541,175
2022-05-20,5.195284843444824,6.197999954223633,6.199999809265137,6.110000133514404,6.199999809265137,1988
2022-05-23,5.139963150024414,6.131999969482422,6.198999881744385,6.091000080108643,6.091000080108643,1509
2022-05-24,5.180196762084961,6.179999828338623,6.179999828338623,6.011000156402588,6.131999969482422,884
2022-05-25,5.196124076843262,6.198999881744385,6.198999881744385,6.198999881744385,6.198999881744385,231
2022-05-27,5.155050754547119,6.150000095367432,6.198999881744385,6.079999923706055,6.198999881744385,305
2022-05-30,5.155050754547119,6.150000095367432,6.150000095367432,6.150000095367432,6.150000095367432,30
2022-05-31,5.113139629364014,6.099999904632568,6.150000095367432,6.099999904632568,6.150000095367432,676
2022-06-01,5.113139629364014,6.099999904632568,6.150000095367432,6.050000190734863,6.150000095367432,1621
2022-06-02,5.196961879730225,6.199999809265137,6.199999809265137,6.125,6.125,242
2022-06-03,5.196961879730225,6.199999809265137,6.199999809265137,6.184999942779541,6.199999809265137,130
2022-06-06,5.114816188812256,6.1020002365112305,6.184000015258789,6.040999889373779,6.110000133514404,583
2022-06-07,5.113139629364014,6.099999904632568,6.197000026702881,6.099999904632568,6.122000217437744,1141
2022-06-08,5.163432598114014,6.159999847412109,6.21999979019165,6.111000061035156,6.198999881744385,351
2022-06-09,5.280783653259277,6.300000190734863,6.431000232696533,6.099999904632568,6.099999904632568,739
2022-06-10,5.146668910980225,6.139999866485596,6.28000020980835,6.139999866485596,6.28000020980835,541
2022-06-13,5.113139629364014,6.099999904632568,6.159999847412109,5.860000133514404,6.039999961853027,143
2022-06-14,5.113139629364014,6.099999904632568,6.099999904632568,5.920000076293945,5.920000076293945,514
2022-06-15,5.079610824584961,6.059999942779541,6.099999904632568,5.920000076293945,5.920000076293945,512
2022-06-16,5.029317855834961,6.0,6.059999942779541,5.900000095367432,6.059999942779541,2984
2022-06-17,5.113139629364014,6.099999904632568,6.099999904632568,6.099999904632568,6.099999904632568,1065
2022-06-20,5.196961879730225,6.199999809265137,6.199999809265137,5.920000076293945,6.199999809265137,1075
2022-06-21,5.079610824584961,6.059999942779541,6.059999942779541,5.920000076293945,5.920000076293945,97
2022-06-22,5.062846660614014,6.039999961853027,6.059999942779541,5.960000038146973,5.960000038146973,1779
2022-06-23,4.995789051055908,5.960000038146973,6.139999866485596,5.960000038146973,6.119999885559082,523
2022-06-27,5.196961879730225,6.199999809265137,6.300000190734863,6.199999809265137,6.199999809265137,680
2022-06-28,5.046082496643066,6.019999980926514,6.260000228881836,6.0,6.260000228881836,1558
2022-06-29,5.062846660614014,6.039999961853027,6.039999961853027,6.039999961853027,6.039999961853027,4
2022-06-30,5.012553691864014,5.980000019073486,6.039999961853027,5.980000019073486,6.039999961853027,909
2022-07-01,4.995789051055908,5.960000038146973,6.019999980926514,5.71999979019165,6.0,3023
2022-07-04,5.213725566864014,6.21999979019165,6.21999979019165,6.0,6.0,380
2022-07-05,5.046082496643066,6.019999980926514,6.099999904632568,5.980000019073486,6.039999961853027,1155
2022-07-06,5.280783653259277,6.300000190734863,6.300000190734863,6.019999980926514,6.019999980926514,311
2022-07-07,5.247255802154541,6.260000228881836,6.559999942779541,6.019999980926514,6.019999980926514,177
2022-07-08,5.113139629364014,6.099999904632568,6.300000190734863,6.099999904632568,6.300000190734863,22
2022-07-11,5.196961879730225,6.199999809265137,6.199999809265137,6.0,6.0,424
2022-07-12,5.029317855834961,6.0,6.199999809265137,6.0,6.199999809265137,1978
2022-07-13,5.096375465393066,6.079999923706055,6.119999885559082,6.039999961853027,6.119999885559082,2551
2022-07-14,5.247255802154541,6.260000228881836,6.260000228881836,6.039999961853027,6.099999904632568,41
2022-07-15,5.247255802154541,6.260000228881836,6.260000228881836,6.260000228881836,6.260000228881836,13
2022-07-18,5.046082496643066,6.019999980926514,6.199999809265137,6.0,6.199999809265137,897
2022-07-19,5.046082496643066,6.019999980926514,6.039999961853027,6.0,6.019999980926514,4323
2022-07-20,4.777851581573486,5.699999809265137,6.099999904632568,5.699999809265137,6.0,3733
2022-07-21,4.744323253631592,5.659999847412109,5.800000190734863,5.420000076293945,5.78000020980835,6733
2022-07-22,4.895203113555908,5.840000152587891,5.840000152587891,5.699999809265137,5.699999809265137,610
2022-07-25,4.744323253631592,5.659999847412109,5.900000095367432,5.639999866485596,5.900000095367432,2050
2022-07-26,5.029317855834961,6.0,6.019999980926514,5.559999942779541,5.760000228881836,3356
2022-07-27,4.895203113555908,5.840000152587891,6.039999961853027,5.800000190734863,6.0,454
2022-07-28,4.777851581573486,5.699999809265137,6.099999904632568,5.699999809265137,6.059999942779541,6406
2022-07-29,4.945496082305908,5.900000095367432,5.940000057220459,5.739999771118164,5.940000057220459,1589
2022-08-01,4.895203113555908,5.840000152587891,5.920000076293945,5.78000020980835,5.920000076293945,924
2022-08-02,4.945496082305908,5.900000095367432,5.900000095367432,5.800000190734863,5.860000133514404,527
2022-08-03,4.979024410247803,5.940000057220459,5.940000057220459,5.900000095367432,5.900000095367432,533
2022-08-04,4.995789051055908,5.960000038146973,6.099999904632568,5.940000057220459,5.940000057220459,107
2022-08-05,4.995789051055908,5.960000038146973,6.0,5.960000038146973,6.0,185
2022-08-08,5.113139629364014,6.099999904632568,6.099999904632568,5.800000190734863,5.960000038146973,1335
2022-08-09,5.079610824584961,6.059999942779541,6.099999904632568,5.880000114440918,6.099999904632568,614
2022-08-10,5.029317855834961,6.0,6.0,5.900000095367432,6.0,1539
2022-08-11,4.9622602462768555,5.920000076293945,6.079999923706055,5.920000076293945,6.079999923706055,74
2022-08-12,5.096375465393066,6.079999923706055,6.079999923706055,5.920000076293945,6.059999942779541,403
2022-08-15,5.113139629364014,6.099999904632568,6.099999904632568,6.059999942779541,6.079999923706055,1028
2022-08-16,4.979024410247803,5.940000057220459,6.119999885559082,5.940000057220459,6.099999904632568,1388
2022-08-17,5.012553691864014,5.980000019073486,6.059999942779541,5.940000057220459,5.940000057220459,862
2022-08-18,5.029317855834961,6.0,6.079999923706055,5.860000133514404,5.980000019073486,133
2022-08-19,5.012553691864014,5.980000019073486,5.980000019073486,5.900000095367432,5.920000076293945,2403
2022-08-22,5.012553691864014,5.980000019073486,5.980000019073486,5.900000095367432,5.920000076293945,360
2022-08-23,4.945496082305908,5.900000095367432,5.980000019073486,5.840000152587891,5.980000019073486,879
2022-08-24,4.945496082305908,5.900000095367432,5.900000095367432,5.900000095367432,5.900000095367432,1
2022-08-25,4.945496082305908,5.900000095367432,6.059999942779541,5.900000095367432,5.900000095367432,1053
2022-08-26,4.945496082305908,5.900000095367432,5.900000095367432,5.900000095367432,5.900000095367432,0
2022-08-29,4.744323253631592,5.659999847412109,5.860000133514404,5.5,5.860000133514404,10128
2022-08-30,4.710794448852539,5.619999885559082,5.659999847412109,5.599999904632568,5.659999847412109,1180
2022-08-31,4.878438472747803,5.820000171661377,5.820000171661377,5.659999847412109,5.659999847412109,6
2022-09-01,4.861673831939697,5.800000190734863,5.860000133514404,5.659999847412109,5.860000133514404,143
2022-09-02,4.727558612823486,5.639999866485596,5.800000190734863,5.639999866485596,5.760000228881836,611
2022-09-05,4.710794448852539,5.619999885559082,5.800000190734863,5.599999904632568,5.800000190734863,1027
2022-09-06,4.777851581573486,5.699999809265137,5.699999809265137,5.619999885559082,5.619999885559082,170
2022-09-07,4.626972198486328,5.519999980926514,5.739999771118164,5.519999980926514,5.699999809265137,683
2022-09-08,4.744323253631592,5.659999847412109,5.739999771118164,5.539999961853027,5.739999771118164,1663
2022-09-09,4.84490966796875,5.78000020980835,5.78000020980835,5.480000019073486,5.659999847412109,1407
2022-09-12,4.79461669921875,5.71999979019165,5.820000171661377,5.480000019073486,5.5,1043
2022-09-13,4.79461669921875,5.71999979019165,5.920000076293945,5.519999980926514,5.519999980926514,547
2022-09-14,4.777851581573486,5.699999809265137,5.760000228881836,5.5,5.5,57
2022-09-15,4.677265644073486,5.579999923706055,5.699999809265137,5.5,5.699999809265137,2951
2022-09-16,4.677265644073486,5.579999923706055,5.739999771118164,5.5,5.739999771118164,283
2022-09-19,4.610208034515381,5.5,5.639999866485596,5.480000019073486,5.480000019073486,466
2022-09-20,4.643736839294434,5.539999961853027,5.599999904632568,5.539999961853027,5.559999942779541,791
2022-09-21,4.593443870544434,5.480000019073486,5.599999904632568,5.480000019073486,5.480000019073486,77
2022-09-22,4.660501003265381,5.559999942779541,5.599999904632568,5.480000019073486,5.480000019073486,290
2022-09-23,4.543150901794434,5.420000076293945,5.460000038146973,5.0,5.460000038146973,3603
2022-09-26,4.442564010620117,5.300000190734863,5.340000152587891,5.099999904632568,5.340000152587891,71
2022-09-27,4.543150901794434,5.420000076293945,5.460000038146973,5.420000076293945,5.420000076293945,75
2022-09-28,4.84490966796875,5.78000020980835,5.78000020980835,5.099999904632568,5.539999961853027,3219
2022-09-29,4.9622602462768555,5.920000076293945,6.21999979019165,5.739999771118164,5.739999771118164,1839
2022-09-30,4.878438472747803,5.820000171661377,5.980000019073486,5.539999961853027,5.920000076293945,1402
2022-10-03,4.861673831939697,5.800000190734863,5.820000171661377,5.760000228881836,5.820000171661377,66
2022-10-04,4.8281450271606445,5.760000228881836,5.760000228881836,5.559999942779541,5.579999923706055,637
2022-10-05,4.643736839294434,5.539999961853027,5.679999828338623,5.539999961853027,5.679999828338623,18
2022-10-06,4.710794448852539,5.619999885559082,5.739999771118164,5.539999961853027,5.539999961853027,1338
2022-10-07,4.694030284881592,5.599999904632568,5.619999885559082,5.599999904632568,5.619999885559082,366
2022-10-10,4.643736839294434,5.539999961853027,5.78000020980835,5.460000038146973,5.78000020980835,717
2022-10-11,4.559914588928223,5.440000057220459,5.679999828338623,5.440000057220459,5.659999847412109,320
2022-10-12,4.559914588928223,5.440000057220459,5.440000057220459,5.440000057220459,5.440000057220459,0
2022-10-13,4.559914588928223,5.440000057220459,5.440000057220459,5.440000057220459,5.440000057220459,200
2022-10-14,4.744323253631592,5.659999847412109,5.659999847412109,5.5,5.5,138
2022-10-17,4.677265644073486,5.579999923706055,5.78000020980835,5.539999961853027,5.659999847412109,1878
2022-10-18,4.610208034515381,5.5,5.78000020980835,5.300000190734863,5.78000020980835,7224
2022-10-19,4.593443870544434,5.480000019073486,5.5,5.480000019073486,5.5,84
2022-10-20,4.492857456207275,5.360000133514404,5.360000133514404,5.119999885559082,5.199999809265137,606
2022-10-21,4.559914588928223,5.440000057220459,5.440000057220459,5.099999904632568,5.340000152587891,248
2022-10-24,4.274920463562012,5.099999904632568,5.420000076293945,5.099999904632568,5.420000076293945,2189
2022-10-25,4.274920463562012,5.099999904632568,5.260000228881836,5.099999904632568,5.199999809265137,832
2022-10-26,4.274920463562012,5.099999904632568,5.099999904632568,5.099999904632568,5.099999904632568,7
2022-10-27,4.191097736358643,5.0,5.320000171661377,5.0,5.0,2041
2022-10-28,4.191097736358643,5.0,5.380000114440918,5.0,5.0,625
2022-10-31,4.2246270179748535,5.039999961853027,5.320000171661377,5.0,5.0,337
2022-11-01,4.2246270179748535,5.039999961853027,5.239999771118164,5.039999961853027,5.239999771118164,455
2022-11-02,4.241391181945801,5.059999942779541,5.199999809265137,5.059999942779541,5.199999809265137,363
2022-11-03,4.2246270179748535,5.039999961853027,5.059999942779541,5.039999961853027,5.059999942779541,298
2022-11-04,4.274920463562012,5.099999904632568,5.260000228881836,5.039999961853027,5.039999961853027,2281
2022-11-07,4.258155822753906,5.079999923706055,5.199999809265137,5.079999923706055,5.199999809265137,202
2022-11-08,4.358741760253906,5.199999809265137,5.199999809265137,5.079999923706055,5.099999904632568,211
2022-11-09,4.3252129554748535,5.159999847412109,5.199999809265137,5.159999847412109,5.199999809265137,290
2022-11-10,4.3252129554748535,5.159999847412109,5.159999847412109,5.099999904632568,5.139999866485596,120
2022-11-11,4.4090352058410645,5.260000228881836,5.300000190734863,5.179999828338623,5.179999828338623,2053
2022-11-14,4.341977596282959,5.179999828338623,5.440000057220459,5.179999828338623,5.239999771118164,518
2022-11-15,4.358741760253906,5.199999809265137,5.440000057220459,5.179999828338623,5.440000057220459,1250
2022-11-16,4.358741760253906,5.199999809265137,5.360000133514404,5.199999809265137,5.199999809265137,1101
2022-11-17,4.543150901794434,5.420000076293945,5.420000076293945,5.199999809265137,5.199999809265137,59
2022-11-18,4.526386260986328,5.400000095367432,5.440000057220459,5.300000190734863,5.420000076293945,895
2022-11-21,4.476093292236328,5.340000152587891,5.599999904632568,5.28000020980835,5.400000095367432,924
2022-11-22,4.643736839294434,5.539999961853027,5.559999942779541,5.28000020980835,5.28000020980835,93
2022-11-23,4.576679229736328,5.460000038146973,5.599999904632568,5.460000038146973,5.599999904632568,282
2022-11-24,4.559914588928223,5.440000057220459,5.440000057220459,5.340000152587891,5.440000057220459,1674
2022-11-25,4.677265644073486,5.579999923706055,5.599999904632568,5.300000190734863,5.5,1454
2022-11-28,4.576679229736328,5.460000038146973,5.460000038146973,5.400000095367432,5.400000095367432,160
2022-11-29,4.543150901794434,5.420000076293945,5.460000038146973,5.420000076293945,5.460000038146973,37
2022-11-30,4.626972198486328,5.519999980926514,5.519999980926514,5.420000076293945,5.519999980926514,1709
2022-12-01,4.543150901794434,5.420000076293945,5.71999979019165,5.420000076293945,5.519999980926514,1375
2022-12-02,4.694030284881592,5.599999904632568,5.679999828338623,5.420000076293945,5.420000076293945,4184
2022-12-05,4.660501003265381,5.559999942779541,5.659999847412109,5.539999961853027,5.659999847412109,931
2022-12-07,4.660501003265381,5.559999942779541,5.599999904632568,5.539999961853027,5.579999923706055,2509
2022-12-08,4.694030284881592,5.599999904632568,5.599999904632568,5.440000057220459,5.559999942779541,1051
2022-12-09,4.610208034515381,5.5,5.619999885559082,5.440000057220459,5.599999904632568,1085
2022-12-12,4.610208034515381,5.5,5.599999904632568,5.5,5.5,586
2022-12-13,4.559914588928223,5.440000057220459,5.5,5.360000133514404,5.5,3048
2022-12-14,4.559915065765381,5.340000152587891,5.440000057220459,5.199999809265137,5.440000057220459,2742
2022-12-15,4.559915065765381,5.340000152587891,5.340000152587891,5.239999771118164,5.320000171661377,1817
2022-12-16,4.423287868499756,5.179999828338623,5.340000152587891,5.159999847412109,5.340000152587891,332
2022-12-19,4.389131546020508,5.139999866485596,5.179999828338623,5.139999866485596,5.179999828338623,1099
2022-12-20,4.406209945678711,5.159999847412109,5.179999828338623,5.159999847412109,5.159999847412109,718
2022-12-21,4.406209945678711,5.159999847412109,5.340000152587891,5.159999847412109,5.179999828338623,125
2022-12-22,4.389131546020508,5.139999866485596,5.320000171661377,5.139999866485596,5.159999847412109,412
2022-12-23,4.269583225250244,5.0,5.260000228881836,4.96999979019165,5.139999866485596,4974
2022-12-27,4.184191703796387,4.900000095367432,5.0,4.900000095367432,5.0,648
2022-12-28,4.201270580291748,4.920000076293945,5.0,4.900000095367432,4.909999847412109,1957
2022-12-29,4.184191703796387,4.900000095367432,5.0,4.800000190734863,4.989999771118164,3585
2022-12-30,4.235426902770996,4.960000038146973,4.96999979019165,4.860000133514404,4.860000133514404,3325
2023-01-02,4.252504825592041,4.980000019073486,5.139999866485596,4.960000038146973,5.0,3887
2023-01-03,4.226887226104736,4.949999809265137,5.0,4.949999809265137,4.980000019073486,1753
2023-01-04,4.235426902770996,4.960000038146973,5.099999904632568,4.949999809265137,4.949999809265137,242
2023-01-05,4.337896823883057,5.079999923706055,5.099999904632568,4.949999809265137,4.949999809265137,107
2023-01-09,4.50868034362793,5.28000020980835,5.300000190734863,5.079999923706055,5.079999923706055,2073
2023-01-10,4.50868034362793,5.28000020980835,5.28000020980835,5.260000228881836,5.28000020980835,475
2023-01-11,4.50868034362793,5.28000020980835,5.28000020980835,5.28000020980835,5.28000020980835,305
2023-01-12,4.559915065765381,5.340000152587891,5.340000152587891,5.28000020980835,5.28000020980835,1365
2023-01-13,4.747776031494141,5.559999942779541,5.679999828338623,5.440000057220459,5.440000057220459,2763
2023-01-16,4.850246429443359,5.679999828338623,5.679999828338623,5.579999923706055,5.679999828338623,1497
2023-01-17,4.850246429443359,5.679999828338623,5.71999979019165,5.559999942779541,5.699999809265137,1622
2023-01-18,4.850246429443359,5.679999828338623,5.679999828338623,5.679999828338623,5.679999828338623,22
2023-01-19,4.8673248291015625,5.699999809265137,5.699999809265137,5.699999809265137,5.699999809265137,620
2023-01-20,4.884402751922607,5.71999979019165,5.71999979019165,5.579999923706055,5.579999923706055,490
2023-01-23,4.816089630126953,5.639999866485596,5.679999828338623,5.599999904632568,5.679999828338623,452
2023-01-24,4.816089630126953,5.639999866485596,5.639999866485596,5.579999923706055,5.579999923706055,479
2023-01-25,4.816089630126953,5.639999866485596,5.639999866485596,5.639999866485596,5.639999866485596,2544
2023-01-26,4.850246429443359,5.679999828338623,5.679999828338623,5.619999885559082,5.639999866485596,1965
2023-01-27,4.8673248291015625,5.699999809265137,5.699999809265137,5.679999828338623,5.679999828338623,1086
2023-01-30,4.901481628417969,5.739999771118164,5.78000020980835,5.599999904632568,5.760000228881836,1628
2023-01-31,4.901481628417969,5.739999771118164,5.800000190734863,5.739999771118164,5.78000020980835,693
2023-02-01,4.8673248291015625,5.699999809265137,5.820000171661377,5.699999809265137,5.820000171661377,269
2023-02-02,4.969795227050781,5.820000171661377,5.820000171661377,5.71999979019165,5.800000190734863,535
2023-02-03,4.935638427734375,5.78000020980835,5.820000171661377,5.639999866485596,5.820000171661377,877
2023-02-06,4.935638427734375,5.78000020980835,5.800000190734863,5.760000228881836,5.760000228881836,391
2023-02-07,4.816089630126953,5.639999866485596,5.820000171661377,5.639999866485596,5.800000190734863,159
2023-02-08,4.8331685066223145,5.659999847412109,5.78000020980835,5.659999847412109,5.679999828338623,298
2023-02-09,4.8331685066223145,5.659999847412109,5.760000228881836,5.599999904632568,5.659999847412109,1277
2023-02-10,4.850246429443359,5.679999828338623,5.78000020980835,5.659999847412109,5.659999847412109,579
2023-02-13,4.884402751922607,5.71999979019165,5.71999979019165,5.320000171661377,5.599999904632568,1955
2023-02-14,4.918560028076172,5.760000228881836,5.760000228881836,5.760000228881836,5.760000228881836,16
2023-02-15,4.850246429443359,5.679999828338623,5.679999828338623,5.599999904632568,5.599999904632568,167
2023-02-16,4.884402751922607,5.71999979019165,5.820000171661377,5.559999942779541,5.820000171661377,657
2023-02-17,4.95271635055542,5.800000190734863,5.800000190734863,5.559999942779541,5.559999942779541,553
2023-02-20,4.850246429443359,5.679999828338623,5.800000190734863,5.579999923706055,5.800000190734863,2262
2023-02-21,4.781933307647705,5.599999904632568,5.699999809265137,5.599999904632568,5.699999809265137,976
2023-02-22,4.8331685066223145,5.659999847412109,5.71999979019165,5.5,5.639999866485596,6267
2023-02-23,4.440366268157959,5.199999809265137,5.480000019073486,5.139999866485596,5.480000019073486,6769
2023-02-24,4.269583225250244,5.0,5.21999979019165,5.0,5.199999809265137,1257
2023-02-27,4.730698108673096,5.539999961853027,5.659999847412109,5.199999809265137,5.199999809265137,4672
2023-02-28,4.576993465423584,5.360000133514404,5.539999961853027,5.239999771118164,5.539999961853027,2926
2023-03-01,4.525758266448975,5.300000190734863,5.400000095367432,5.300000190734863,5.400000095367432,1112
2023-03-02,4.594071388244629,5.380000114440918,5.400000095367432,5.340000152587891,5.400000095367432,2520
2023-03-03,4.594071388244629,5.380000114440918,5.480000019073486,5.380000114440918,5.480000019073486,1737
2023-03-06,4.576993465423584,5.360000133514404,5.400000095367432,5.360000133514404,5.380000114440918,841
2023-03-07,4.525758266448975,5.300000190734863,5.320000171661377,5.179999828338623,5.320000171661377,3506
2023-03-08,4.440366268157959,5.199999809265137,5.340000152587891,5.179999828338623,5.300000190734863,1244
2023-03-09,4.525758266448975,5.300000190734863,5.340000152587891,5.300000190734863,5.340000152587891,220
2023-03-10,4.542837142944336,5.320000171661377,5.320000171661377,5.139999866485596,5.320000171661377,456
2023-03-13,4.525758266448975,5.300000190734863,5.300000190734863,5.28000020980835,5.300000190734863,1130
2023-03-14,4.764854907989502,5.579999923706055,5.579999923706055,5.159999847412109,5.300000190734863,1097
2023-03-15,4.50868034362793,5.28000020980835,5.360000133514404,5.0,5.360000133514404,2299
2023-03-16,4.423287868499756,5.179999828338623,5.28000020980835,5.079999923706055,5.28000020980835,122
2023-03-17,4.542837142944336,5.320000171661377,5.340000152587891,5.199999809265137,5.340000152587891,1006
2023-03-20,4.406209945678711,5.159999847412109,5.519999980926514,5.139999866485596,5.519999980926514,664
2023-03-21,4.457444667816162,5.21999979019165,5.28000020980835,5.159999847412109,5.159999847412109,535
2023-03-22,4.474523067474365,5.239999771118164,5.239999771118164,5.239999771118164,5.239999771118164,123
2023-03-23,4.423287868499756,5.179999828338623,5.179999828338623,5.159999847412109,5.179999828338623,196
2023-03-24,4.440366268157959,5.199999809265137,5.28000020980835,5.179999828338623,5.179999828338623,158
2023-03-27,4.594071388244629,5.380000114440918,5.440000057220459,5.380000114440918,5.400000095367432,701
2023-03-28,4.611149787902832,5.400000095367432,5.420000076293945,5.300000190734863,5.380000114440918,3007
2023-03-29,4.628228187561035,5.420000076293945,5.420000076293945,5.28000020980835,5.420000076293945,562
2023-03-30,4.645306587219238,5.440000057220459,5.480000019073486,5.440000057220459,5.480000019073486,6
2023-03-31,4.525758266448975,5.300000190734863,5.5,5.199999809265137,5.5,794
2023-04-03,4.423287868499756,5.179999828338623,5.300000190734863,5.159999847412109,5.300000190734863,738
2023-04-04,4.474523067474365,5.239999771118164,5.320000171661377,5.239999771118164,5.320000171661377,412
2023-04-05,4.542837142944336,5.320000171661377,5.5,5.239999771118164,5.239999771118164,1137
2023-04-06,4.525758266448975,5.300000190734863,5.460000038146973,5.300000190734863,5.340000152587891,1484
2023-04-11,4.645306587219238,5.440000057220459,5.480000019073486,5.300000190734863,5.320000171661377,2028
2023-04-12,4.696541786193848,5.5,5.5,5.320000171661377,5.440000057220459,2339
2023-04-13,4.611149787902832,5.400000095367432,5.519999980926514,5.400000095367432,5.519999980926514,720
2023-04-14,4.747776031494141,5.559999942779541,6.119999885559082,5.420000076293945,5.539999961853027,8489
2023-04-17,4.6623854637146,5.460000038146973,5.760000228881836,5.440000057220459,5.599999904632568,2849
2023-04-18,4.805843353271484,5.360000133514404,5.519999980926514,5.199999809265137,5.519999980926514,1007
2023-04-19,4.805843353271484,5.360000133514404,5.360000133514404,5.320000171661377,5.320000171661377,31
2023-04-20,4.680317401885986,5.21999979019165,5.480000019073486,5.019999980926514,5.480000019073486,1810
2023-04-21,4.30374002456665,4.800000190734863,5.079999923706055,4.800000190734863,5.079999923706055,5072
2023-04-24,4.2858076095581055,4.78000020980835,4.800000190734863,4.269999980926514,4.800000190734863,4348
2023-04-25,4.30374002456665,4.800000190734863,4.96999979019165,4.71999979019165,4.71999979019165,1246
2023-04-26,4.30374002456665,4.800000190734863,4.800000190734863,4.610000133514404,4.610000133514404,4134
2023-04-27,4.214078903198242,4.699999809265137,4.800000190734863,4.630000114440918,4.800000190734863,989
2023-04-28,4.232010841369629,4.71999979019165,4.800000190734863,4.699999809265137,4.800000190734863,2372
2023-05-02,4.258909225463867,4.75,4.849999904632568,4.71999979019165,4.71999979019165,1486
2023-05-03,4.240976810455322,4.730000019073486,4.869999885559082,4.730000019073486,4.829999923706055,1534
2023-05-04,4.258909225463867,4.75,4.840000152587891,4.610000133514404,4.800000190734863,143
2023-05-05,4.169248104095459,4.650000095367432,4.699999809265137,4.599999904632568,4.699999809265137,91
2023-05-08,3.900264024734497,4.349999904632568,4.650000095367432,4.340000152587891,4.650000095367432,1038
2023-05-09,3.963027238845825,4.420000076293945,4.699999809265137,4.420000076293945,4.690000057220459,1628
2023-05-10,4.070621013641357,4.539999961853027,4.610000133514404,4.349999904632568,4.610000133514404,1259
2023-05-11,4.1423492431640625,4.619999885559082,4.75,4.409999847412109,4.699999809265137,293
2023-05-12,4.115451335906982,4.590000152587891,4.789999961853027,4.590000152587891,4.789999961853027,465
2023-05-15,3.900264024734497,4.349999904632568,4.579999923706055,4.289999961853027,4.579999923706055,2220
2023-05-16,3.891298294067383,4.340000152587891,4.349999904632568,4.340000152587891,4.349999904632568,184
2023-05-17,3.891298294067383,4.340000152587891,4.400000095367432,4.320000171661377,4.340000152587891,380
2023-05-19,3.8464677333831787,4.289999961853027,4.340000152587891,4.289999961853027,4.340000152587891,263
2023-05-22,3.6940433979034424,4.119999885559082,4.28000020980835,4.0,4.150000095367432,1462
2023-05-23,3.7837042808532715,4.21999979019165,4.239999771118164,4.0,4.010000228881836,745
2023-05-24,3.7657721042633057,4.199999809265137,4.289999961853027,4.199999809265137,4.21999979019165,186
2023-05-25,3.667145252227783,4.090000152587891,4.099999904632568,4.090000152587891,4.099999904632568,79
2023-05-26,3.640246629714966,4.059999942779541,4.079999923706055,4.010000228881836,4.079999923706055,338
2023-05-29,3.6133482456207275,4.03000020980835,4.03000020980835,4.019999980926514,4.019999980926514,289
2023-05-30,3.6312808990478516,4.050000190734863,4.159999847412109,4.050000190734863,4.159999847412109,631
2023-05-31,3.5864500999450684,4.0,4.090000152587891,4.0,4.070000171661377,800
2023-06-01,3.5505852699279785,3.9600000381469727,4.0,3.9600000381469727,4.0,183
2023-06-02,3.577483892440796,3.990000009536743,4.03000020980835,3.990000009536743,3.990000009536743,3132
2023-06-05,3.685077428817749,4.110000133514404,4.110000133514404,4.059999942779541,4.059999942779541,967
2023-06-06,3.622314453125,4.039999961853027,4.039999961853027,4.039999961853027,4.039999961853027,138
2023-06-07,3.6940433979034424,4.119999885559082,4.199999809265137,4.119999885559082,4.119999885559082,260
2023-06-08,3.6761109828948975,4.099999904632568,4.119999885559082,4.059999942779541,4.119999885559082,366
2023-06-09,3.703009605407715,4.130000114440918,4.139999866485596,4.079999923706055,4.139999866485596,22
2023-06-12,3.729907751083374,4.159999847412109,4.159999847412109,4.130000114440918,4.159999847412109,639
2023-06-13,3.685077428817749,4.110000133514404,4.130000114440918,4.110000133514404,4.130000114440918,40
2023-06-14,3.7209417819976807,4.150000095367432,4.159999847412109,4.079999923706055,4.130000114440918,655
2023-06-15,3.747840166091919,4.179999828338623,4.179999828338623,4.059999942779541,4.150000095367432,1366
2023-06-16,3.7657721042633057,4.199999809265137,4.199999809265137,4.179999828338623,4.199999809265137,184
2023-06-19,3.6940433979034424,4.119999885559082,4.199999809265137,4.119999885559082,4.199999809265137,26
2023-06-20,3.7209417819976807,4.150000095367432,4.150000095367432,4.150000095367432,4.150000095367432,11
2023-06-21,3.7209417819976807,4.150000095367432,4.150000095367432,4.119999885559082,4.150000095367432,190
2023-06-22,3.7209417819976807,4.150000095367432,4.150000095367432,4.150000095367432,4.150000095367432,0
2023-06-26,3.7568063735961914,4.190000057220459,4.190000057220459,4.059999942779541,4.150000095367432,275
2023-06-27,3.6761109828948975,4.099999904632568,4.190000057220459,4.050000190734863,4.190000057220459,582
2023-06-28,3.6761109828948975,4.099999904632568,4.119999885559082,4.099999904632568,4.099999904632568,297
2023-06-29,3.7568063735961914,4.190000057220459,4.199999809265137,4.190000057220459,4.199999809265137,72
2023-06-30,3.7657721042633057,4.199999809265137,4.199999809265137,4.110000133514404,4.119999885559082,214
2023-07-03,3.7657721042633057,4.199999809265137,4.199999809265137,4.199999809265137,4.199999809265137,3
2023-07-04,3.792670726776123,4.230000019073486,4.230000019073486,4.21999979019165,4.21999979019165,142
2023-07-05,3.711975574493408,4.139999866485596,4.230000019073486,4.139999866485596,4.230000019073486,536
2023-07-06,3.7209417819976807,4.150000095367432,4.199999809265137,4.150000095367432,4.199999809265137,1431
2023-07-07,3.8464677333831787,4.289999961853027,4.449999809265137,4.25,4.449999809265137,236
2023-07-10,3.7657721042633057,4.199999809265137,4.210000038146973,4.199999809265137,4.210000038146973,711
2023-07-11,3.6761109828948975,4.099999904632568,4.210000038146973,4.099999904632568,4.199999809265137,758
2023-07-12,3.7568063735961914,4.190000057220459,4.190000057220459,4.099999904632568,4.179999828338623,325
2023-07-13,3.873366355895996,4.320000171661377,4.329999923706055,4.190000057220459,4.190000057220459,519
2023-07-14,3.7657721042633057,4.199999809265137,4.400000095367432,4.099999904632568,4.269999980926514,470
2023-07-17,3.855433940887451,4.300000190734863,4.400000095367432,4.199999809265137,4.199999809265137,298
2023-07-18,3.747840166091919,4.179999828338623,4.449999809265137,4.159999847412109,4.289999961853027,404
2023-07-19,3.729907751083374,4.159999847412109,4.369999885559082,4.159999847412109,4.190000057220459,325
2023-07-20,3.711975574493408,4.139999866485596,4.349999904632568,3.9800000190734863,4.349999904632568,917
2023-07-21,3.7388741970062256,4.170000076293945,4.170000076293945,4.159999847412109,4.170000076293945,179
2023-07-24,3.9271624088287354,4.380000114440918,4.380000114440918,4.170000076293945,4.170000076293945,45
2023-07-25,3.703009605407715,4.130000114440918,4.309999942779541,4.130000114440918,4.28000020980835,1808
2023-07-26,3.703009605407715,4.130000114440918,4.269999980926514,4.130000114440918,4.269999980926514,95
2023-07-27,3.729907751083374,4.159999847412109,4.159999847412109,4.130000114440918,4.130000114440918,210
2023-07-28,3.6581788063049316,4.079999923706055,4.239999771118164,4.070000171661377,4.159999847412109,112
2023-07-31,3.8016366958618164,4.239999771118164,4.239999771118164,4.079999923706055,4.119999885559082,413
2023-08-01,3.6492130756378174,4.070000171661377,4.199999809265137,4.070000171661377,4.199999809265137,122
2023-08-02,3.640246629714966,4.059999942779541,4.150000095367432,4.059999942779541,4.150000095367432,281
2023-08-03,3.640246629714966,4.059999942779541,4.199999809265137,4.059999942779541,4.070000171661377,37
2023-08-04,3.747840166091919,4.179999828338623,4.179999828338623,4.179999828338623,4.179999828338623,67
2023-08-07,3.6312808990478516,4.050000190734863,4.050000190734863,4.010000228881836,4.010000228881836,480
2023-08-08,3.5864500999450684,4.0,4.019999980926514,4.0,4.0,2217
2023-08-09,3.5685176849365234,3.9800000190734863,4.019999980926514,3.9800000190734863,4.010000228881836,1633
2023-08-10,3.55955171585083,3.9700000286102295,4.0,3.930000066757202,3.9800000190734863,2426
2023-08-11,3.514721155166626,3.9200000762939453,4.0,3.9200000762939453,4.0,2077
2023-08-14,3.5057549476623535,3.9100000858306885,4.03000020980835,3.9100000858306885,3.9200000762939453,720
2023-08-15,3.3353984355926514,3.7200000286102295,3.890000104904175,3.7200000286102295,3.890000104904175,380
2023-08-16,3.2905678749084473,3.6700000762939453,3.7200000286102295,3.5199999809265137,3.700000047683716,1595
2023-08-17,3.2278048992156982,3.5999999046325684,3.5999999046325684,3.5199999809265137,3.5799999237060547,833
2023-08-18,3.245737075805664,3.619999885559082,3.619999885559082,3.619999885559082,3.619999885559082,285
2023-08-21,3.1740081310272217,3.5399999618530273,3.690000057220459,3.5299999713897705,3.6500000953674316,825
2023-08-22,3.1740081310272217,3.5399999618530273,3.740000009536743,3.5399999618530273,3.559999942779541,290
2023-08-23,3.2278048992156982,3.5999999046325684,3.619999885559082,3.569999933242798,3.5799999237060547,3202
2023-08-24,3.1919403076171875,3.559999942779541,3.990000009536743,3.559999942779541,3.990000009536743,594
2023-08-25,3.030550479888916,3.380000114440918,3.559999942779541,3.380000114440918,3.559999942779541,3611
2023-08-28,3.0664145946502686,3.4200000762939453,3.569999933242798,3.380000114440918,3.380000114440918,855
2023-08-29,3.1471097469329834,3.509999990463257,3.700000047683716,3.5,3.5,1530
2023-08-30,3.182974338531494,3.549999952316284,3.609999895095825,3.509999990463257,3.5199999809265137,9719
2023-08-31,3.2098727226257324,3.5799999237060547,3.7200000286102295,3.559999942779541,3.559999942779541,4783
2023-09-01,3.3174660205841064,3.700000047683716,3.9000000953674316,3.700000047683716,3.809999942779541,454
2023-09-04,3.3174660205841064,3.700000047683716,3.75,3.5799999237060547,3.700000047683716,861
2023-09-05,3.2367708683013916,3.609999895095825,3.819999933242798,3.609999895095825,3.819999933242798,166
2023-09-06,3.326432466506958,3.7100000381469727,3.8399999141693115,3.5899999141693115,3.5899999141693115,541
2023-09-07,3.4250595569610596,3.819999933242798,3.8399999141693115,3.5799999237060547,3.7100000381469727,1467
2023-09-08,3.344364643096924,3.7300000190734863,3.819999933242798,3.619999885559082,3.819999933242798,399
2023-09-11,3.308500051498413,3.690000057220459,3.809999942779541,3.5399999618530273,3.7300000190734863,3007
2023-09-12,3.218838691711426,3.5899999141693115,3.5899999141693115,3.4100000858306885,3.4100000858306885,40
2023-09-13,3.218838691711426,3.5899999141693115,3.609999895095825,3.5899999141693115,3.609999895095825,1067
2023-09-14,3.2367708683013916,3.609999895095825,3.859999895095825,3.5999999046325684,3.609999895095825,1344
2023-09-15,3.2547032833099365,3.630000114440918,3.630000114440918,3.5999999046325684,3.619999885559082,806
2023-09-18,3.389195203781128,3.7799999713897705,3.7799999713897705,3.630000114440918,3.700000047683716,27
2023-09-19,3.389195203781128,3.7799999713897705,3.9000000953674316,3.7799999713897705,3.9000000953674316,401
2023-09-20,3.326432466506958,3.7100000381469727,3.869999885559082,3.5999999046325684,3.7799999713897705,1599
2023-09-21,3.281601905822754,3.6600000858306885,3.7799999713897705,3.5999999046325684,3.7100000381469727,309
2023-09-22,3.3533308506011963,3.740000009536743,3.799999952316284,3.740000009536743,3.75,378
2023-09-25,3.3533308506011963,3.740000009536743,3.8399999141693115,3.740000009536743,3.8299999237060547,207
2023-09-26,3.3533308506011963,3.740000009536743,3.740000009536743,3.5999999046325684,3.7100000381469727,1467
2023-09-27,3.2905678749084473,3.6700000762939453,3.75,3.5999999046325684,3.740000009536743,524
2023-09-28,3.308500051498413,3.690000057220459,3.7300000190734863,3.6700000762939453,3.6700000762939453,249
2023-09-29,3.344364643096924,3.7300000190734863,3.75,3.690000057220459,3.75,711
2023-10-02,3.3353984355926514,3.7200000286102295,3.759999990463257,3.7200000286102295,3.75,959
2023-10-03,3.3981614112854004,3.7899999618530273,3.809999942779541,3.640000104904175,3.640000104904175,115
2023-10-04,3.434025764465332,3.8299999237060547,3.8299999237060547,3.6500000953674316,3.7899999618530273,923
2023-10-05,3.434025764465332,3.8299999237060547,3.940000057220459,3.8299999237060547,3.869999885559082,2377
2023-10-06,3.4071273803710938,3.799999952316284,3.930000066757202,3.7799999713897705,3.930000066757202,321
2023-10-09,3.496788740158081,3.9000000953674316,3.9000000953674316,3.740000009536743,3.7899999618530273,369
2023-10-10,3.541619300842285,3.950000047683716,3.9800000190734863,3.9000000953674316,3.9000000953674316,1775
2023-10-11,3.5685176849365234,3.9800000190734863,4.0,3.9800000190734863,3.9800000190734863,1602
2023-10-12,3.5864500999450684,4.0,4.0,4.0,4.0,2559
2023-10-13,3.577483892440796,3.990000009536743,4.0,3.799999952316284,4.0,392
2023-10-16,3.496788740158081,3.9000000953674316,4.0,3.9000000953674316,3.990000009536743,933
2023-10-17,3.577483892440796,3.990000009536743,3.990000009536743,3.990000009536743,3.990000009536743,1125
2023-10-18,3.5685176849365234,3.9800000190734863,4.0,3.9000000953674316,4.0,1431
2023-10-19,3.577483892440796,3.990000009536743,4.0,3.990000009536743,4.0,225
2023-10-20,3.5864500999450684,4.0,4.0,3.990000009536743,4.0,5620
2023-10-23,3.5864500999450684,4.0,4.0,3.950000047683716,4.0,1278
2023-10-24,3.7568063735961914,4.190000057220459,4.190000057220459,3.9600000381469727,4.0,1550
2023-10-25,3.6761109828948975,4.099999904632568,4.190000057220459,4.099999904632568,4.190000057220459,85
2023-10-26,3.810602903366089,4.25,4.25,4.199999809265137,4.199999809265137,631
2023-10-27,3.711975574493408,4.139999866485596,4.199999809265137,4.010000228881836,4.010000228881836,802
2023-10-30,3.747840166091919,4.179999828338623,4.179999828338623,4.110000133514404,4.110000133514404,908
2023-10-31,3.810602903366089,4.25,4.25,4.179999828338623,4.179999828338623,2932
2023-11-01,3.873366355895996,4.320000171661377,4.400000095367432,3.9600000381469727,4.389999866485596,9401
2023-11-02,3.873366355895996,4.320000171661377,4.320000171661377,4.28000020980835,4.320000171661377,210
2023-11-03,3.7568063735961914,4.190000057220459,4.269999980926514,4.099999904632568,4.099999904632568,805
2023-11-06,3.7568063735961914,4.190000057220459,4.199999809265137,4.150000095367432,4.199999809265137,1544
2023-11-07,3.7657721042633057,4.199999809265137,4.199999809265137,4.150000095367432,4.159999847412109,362
2023-11-08,3.729907751083374,4.159999847412109,4.159999847412109,4.159999847412109,4.159999847412109,25
2023-11-09,3.7568063735961914,4.190000057220459,4.199999809265137,4.159999847412109,4.199999809265137,162
2023-11-10,3.7388741970062256,4.170000076293945,4.199999809265137,4.170000076293945,4.199999809265137,933
2023-11-13,3.7657721042633057,4.199999809265137,4.199999809265137,4.179999828338623,4.179999828338623,2773
2023-11-14,3.7568063735961914,4.190000057220459,4.199999809265137,4.190000057220459,4.199999809265137,1440
2023-11-15,3.810602903366089,4.25,4.300000190734863,4.190000057220459,4.190000057220459,542
2023-11-16,3.9719934463500977,4.429999828338623,4.460000038146973,4.25,4.25,5582
2023-11-17,4.034756183624268,4.5,4.5,4.179999828338623,4.179999828338623,3886
2023-11-20,4.025789737701416,4.489999771118164,4.5,4.489999771118164,4.5,576
2023-11-21,4.124417304992676,4.599999904632568,4.639999866485596,4.5,4.5,2154
2023-11-22,4.124417304992676,4.599999904632568,4.670000076293945,4.579999923706055,4.650000095367432,1229
2023-11-23,4.124417304992676,4.599999904632568,4.599999904632568,4.590000152587891,4.599999904632568,602
2023-11-24,4.357536792755127,4.860000133514404,4.869999885559082,4.579999923706055,4.579999923706055,343
2023-11-27,4.357536792755127,4.860000133514404,4.869999885559082,4.739999771118164,4.869999885559082,312
2023-11-28,4.438231945037842,4.949999809265137,4.949999809265137,4.710000038146973,4.710000038146973,728
2023-11-29,4.42926549911499,4.940000057220459,4.940000057220459,4.880000114440918,4.880000114440918,1016
2023-11-30,4.393401145935059,4.900000095367432,4.980000019073486,4.849999904632568,4.940000057220459,2054
2023-12-01,4.46513032913208,4.980000019073486,4.980000019073486,4.900000095367432,4.900000095367432,1905
2023-12-04,4.483062267303467,5.0,5.0,4.949999809265137,4.96999979019165,2424
2023-12-05,4.474096298217773,4.989999771118164,5.0,4.980000019073486,4.980000019073486,1092
2023-12-07,4.662384986877441,5.199999809265137,5.480000019073486,4.820000171661377,4.980000019073486,4703
2023-12-08,4.59065580368042,5.119999885559082,5.199999809265137,5.099999904632568,5.119999885559082,5513
2023-12-11,4.716181755065918,5.260000228881836,5.340000152587891,5.119999885559082,5.159999847412109,5438
2023-12-12,4.4561638832092285,4.96999979019165,5.300000190734863,4.710000038146973,5.199999809265137,6921
2023-12-13,4.428078651428223,4.730000019073486,4.96999979019165,4.730000019073486,4.96999979019165,13
2023-12-14,4.119143486022949,4.400000095367432,4.599999904632568,4.199999809265137,4.599999904632568,1486
2023-12-15,3.950632333755493,4.21999979019165,4.239999771118164,4.139999866485596,4.239999771118164,953
2023-12-18,3.875739097595215,4.139999866485596,4.21999979019165,4.139999866485596,4.21999979019165,1026
2023-12-19,3.838292360305786,4.099999904632568,4.400000095367432,4.099999904632568,4.139999866485596,1511
2023-12-20,3.847654342651367,4.110000133514404,4.150000095367432,4.099999904632568,4.099999904632568,815
2023-12-21,3.885100841522217,4.150000095367432,4.289999961853027,4.0,4.090000152587891,4063
2023-12-22,3.969355821609497,4.239999771118164,4.980000019073486,4.150000095367432,4.150000095367432,649
2023-12-27,4.016164779663086,4.289999961853027,4.510000228881836,4.239999771118164,4.239999771118164,1529
2023-12-28,3.9038243293762207,4.170000076293945,4.25,4.099999904632568,4.25,2147
2023-12-29,3.875739097595215,4.139999866485596,4.210000038146973,4.130000114440918,4.139999866485596,3123
2024-01-02,4.072334289550781,4.349999904632568,4.480000019073486,4.199999809265137,4.199999809265137,2013
2024-01-03,4.222121715545654,4.510000228881836,4.739999771118164,4.489999771118164,4.489999771118164,1308
2024-01-04,4.203397750854492,4.489999771118164,4.489999771118164,4.489999771118164,4.489999771118164,100
2024-01-05,4.231482982635498,4.519999980926514,4.599999904632568,4.5,4.5,105
2024-01-08,4.399993896484375,4.699999809265137,4.730000019073486,4.550000190734863,4.550000190734863,215
2024-01-09,4.437440395355225,4.739999771118164,4.829999923706055,4.739999771118164,4.739999771118164,2382
2024-01-10,3.997441291809082,4.269999980926514,4.599999904632568,4.269999980926514,4.599999904632568,1282
2024-01-11,3.997441291809082,4.269999980926514,4.550000190734863,4.269999980926514,4.550000190734863,1039
2024-01-12,4.091057777404785,4.369999885559082,4.369999885559082,4.300000190734863,4.340000152587891,92
2024-01-15,4.278292179107666,4.570000171661377,4.840000152587891,4.570000171661377,4.789999961853027,8070
2024-01-16,4.212759971618652,4.5,4.820000171661377,4.5,4.579999923706055,3438
2024-01-17,4.278292179107666,4.570000171661377,4.570000171661377,4.340000152587891,4.489999771118164,649
2024-01-18,4.28765344619751,4.579999923706055,4.590000152587891,4.570000171661377,4.570000171661377,900
2024-01-19,4.343823432922363,4.639999866485596,4.639999866485596,4.639999866485596,4.639999866485596,1
2024-01-22,4.119143486022949,4.400000095367432,4.599999904632568,4.400000095367432,4.599999904632568,1637
2024-01-23,4.353185176849365,4.650000095367432,4.78000020980835,4.650000095367432,4.650000095367432,2390
2024-01-24,4.353185176849365,4.650000095367432,4.739999771118164,4.650000095367432,4.650000095367432,2031
2024-01-25,4.306376934051514,4.599999904632568,4.75,4.599999904632568,4.75,135
2024-01-26,4.306376934051514,4.599999904632568,4.71999979019165,4.599999904632568,4.710000038146973,596
2024-01-29,4.25020694732666,4.539999961853027,4.639999866485596,4.519999980926514,4.599999904632568,617
2024-01-30,4.072334289550781,4.349999904632568,4.539999961853027,4.349999904632568,4.510000228881836,780
2024-01-31,4.100419521331787,4.380000114440918,4.400000095367432,4.349999904632568,4.360000133514404,319
2024-02-01,4.259568691253662,4.550000190734863,4.579999923706055,4.340000152587891,4.340000152587891,238
2024-02-02,4.203397750854492,4.489999771118164,4.489999771118164,4.489999771118164,4.489999771118164,20
2024-02-05,4.072334289550781,4.349999904632568,4.349999904632568,4.21999979019165,4.349999904632568,4758
2024-02-06,4.025526523590088,4.300000190734863,4.349999904632568,4.300000190734863,4.349999904632568,59
2024-02-07,4.100419521331787,4.380000114440918,4.550000190734863,4.380000114440918,4.5,432
2024-02-08,4.100419521331787,4.380000114440918,4.409999847412109,4.210000038146973,4.210000038146973,732
2024-02-09,3.959994316101074,4.230000019073486,4.239999771118164,4.230000019073486,4.239999771118164,616
2024-02-12,3.9319090843200684,4.199999809265137,4.230000019073486,4.199999809265137,4.230000019073486,598
2024-02-13,3.9319090843200684,4.199999809265137,4.210000038146973,4.199999809265137,4.199999809265137,1262
2024-02-14,3.9225478172302246,4.190000057220459,4.190000057220459,4.010000228881836,4.010000228881836,420
2024-02-15,3.744675636291504,4.0,4.150000095367432,4.0,4.150000095367432,430
2024-02-16,3.9225478172302246,4.190000057220459,4.190000057220459,4.0,4.170000076293945,124
2024-02-19,3.847654342651367,4.110000133514404,4.179999828338623,3.75,4.179999828338623,528
2024-02-20,3.847654342651367,4.110000133514404,4.150000095367432,4.110000133514404,4.110000133514404,276
2024-02-21,3.9225478172302246,4.190000057220459,4.199999809265137,4.139999866485596,4.139999866485596,260
2024-02-22,3.3046762943267822,3.5299999713897705,4.0,3.390000104904175,4.0,7068
2024-02-23,3.042548894882202,3.25,3.5199999809265137,2.490000009536743,3.5199999809265137,6017
2024-02-26,3.1268041133880615,3.3399999141693115,3.509999990463257,3.190000057220459,3.4000000953674316,653
2024-02-27,2.90212345123291,3.0999999046325684,3.3399999141693115,3.0,3.3399999141693115,966
2024-02-28,2.789783239364624,2.9800000190734863,3.1700000762939453,2.950000047683716,3.1700000762939453,1410
2024-02-29,2.771059989929199,2.9600000381469727,3.1500000953674316,2.75,2.9800000190734863,885
2024-03-01,2.6306345462799072,2.809999942779541,2.809999942779541,2.75,2.75,72
2024-03-04,2.518294334411621,2.690000057220459,2.819999933242798,2.5899999141693115,2.809999942779541,1334
2024-03-05,2.5838260650634766,2.759999990463257,2.799999952316284,2.700000047683716,2.799999952316284,940
2024-03-06,2.6025493144989014,2.7799999713897705,2.799999952316284,2.7799999713897705,2.799999952316284,778
2024-03-07,2.518294334411621,2.690000057220459,2.759999990463257,2.690000057220459,2.759999990463257,17
2024-03-08,2.4902093410491943,2.6600000858306885,2.690000057220459,2.6600000858306885,2.690000057220459,85
2024-03-11,2.3310606479644775,2.490000009536743,2.6600000858306885,2.490000009536743,2.6600000858306885,1209
2024-03-12,2.405953884124756,2.569999933242798,2.5899999141693115,2.490000009536743,2.490000009536743,2320
2024-03-13,2.3216989040374756,2.4800000190734863,2.5899999141693115,2.4800000190734863,2.569999933242798,884
2024-03-14,2.2936136722564697,2.450000047683716,2.509999990463257,2.450000047683716,2.450000047683716,228
2024-03-15,2.3216989040374756,2.4800000190734863,2.490000009536743,2.440000057220459,2.450000047683716,1036
2024-03-18,2.284252166748047,2.440000057220459,2.4700000286102295,2.440000057220459,2.4700000286102295,225
2024-03-19,2.3310606479644775,2.490000009536743,2.490000009536743,2.490000009536743,2.490000009536743,101
2024-03-20,2.3123371601104736,2.4700000286102295,2.4800000190734863,2.4200000762939453,2.4800000190734863,424
2024-03-21,2.246805429458618,2.4000000953674316,2.509999990463257,2.4000000953674316,2.4200000762939453,2201
2024-03-22,2.25616717338562,2.4100000858306885,2.440000057220459,2.4000000953674316,2.4000000953674316,855
2024-03-25,2.246805429458618,2.4000000953674316,2.5,2.4000000953674316,2.5,655
2024-03-26,2.246805429458618,2.4000000953674316,2.450000047683716,2.4000000953674316,2.430000066757202,1168
2024-03-27,2.2280819416046143,2.380000114440918,2.4000000953674316,2.380000114440918,2.4000000953674316,202
2024-03-28,2.2936136722564697,2.450000047683716,2.450000047683716,2.380000114440918,2.380000114440918,2497
2024-04-02,2.2187201976776123,2.369999885559082,2.390000104904175,2.2200000286102295,2.390000104904175,5665
2024-04-03,2.237443685531616,2.390000104904175,2.390000104904175,2.3499999046325684,2.3499999046325684,319
2024-04-04,2.0595717430114746,2.200000047683716,2.380000114440918,2.200000047683716,2.380000114440918,4239
2024-04-05,2.0502097606658936,2.190000057220459,2.299999952316284,2.190000057220459,2.299999952316284,1736
2024-04-08,2.0502097606658936,2.190000057220459,2.2899999618530273,2.190000057220459,2.190000057220459,751
2024-04-09,2.0502097606658936,2.190000057220459,2.2799999713897705,2.190000057220459,2.190000057220459,2861
2024-04-10,2.003401517868042,2.140000104904175,2.2899999618530273,2.130000114440918,2.190000057220459,3981
2024-04-11,2.106379985809326,2.25,2.25,2.1500000953674316,2.1500000953674316,1521
2024-04-12,2.003401517868042,2.140000104904175,2.4000000953674316,2.119999885559082,2.4000000953674316,6117
2024-04-15,2.097018241882324,2.240000009536743,2.299999952316284,2.1500000953674316,2.1500000953674316,2392
2024-04-16,2.106379985809326,2.25,2.299999952316284,2.180000066757202,2.299999952316284,1742
2024-04-17,2.0876567363739014,2.2300000190734863,2.3499999046325684,2.2300000190734863,2.2300000190734863,281
2024-04-18,2.0876567363739014,2.2300000190734863,2.299999952316284,2.2200000286102295,2.299999952316284,1042
2024-04-19,2.284252166748047,2.440000057220459,2.440000057220459,2.2200000286102295,2.259999990463257,648
2024-04-22,2.246805429458618,2.4000000953674316,2.440000057220459,2.4000000953674316,2.440000057220459,203
2024-04-23,2.106379985809326,2.25,2.25,2.2300000190734863,2.2300000190734863,26
2024-04-24,2.134464979171753,2.2799999713897705,2.369999885559082,2.2200000286102295,2.240000009536743,664
2024-04-25,2.0782949924468994,2.2200000286102295,2.2799999713897705,2.2200000286102295,2.2799999713897705,1345
2024-04-26,2.1999969482421875,2.3499999046325684,2.3499999046325684,2.2200000286102295,2.2200000286102295,28
2024-04-29,2.1625499725341797,2.309999942779541,2.309999942779541,2.309999942779541,2.309999942779541,100
2024-04-30,2.1625499725341797,2.309999942779541,2.309999942779541,2.309999942779541,2.309999942779541,24
2024-05-02,2.12510347366333,2.2699999809265137,2.2699999809265137,2.0999999046325684,2.0999999046325684,680
2024-05-03,2.12510347366333,2.2699999809265137,2.299999952316284,2.2699999809265137,2.299999952316284,89
2024-05-06,2.097018241882324,2.240000009536743,2.2699999809265137,2.240000009536743,2.2699999809265137,14
2024-05-07,2.0876567363739014,2.2300000190734863,2.2699999809265137,2.2300000190734863,2.25,1214
2024-05-08,2.106379985809326,2.25,2.25,2.0799999237060547,2.0999999046325684,553
2024-05-10,2.115741491317749,2.259999990463257,2.259999990463257,2.25,2.25,285
2024-05-13,2.106379985809326,2.25,2.259999990463257,2.0899999141693115,2.259999990463257,607
2024-05-14,2.0782949924468994,2.2200000286102295,2.25,2.1600000858306885,2.25,917
2024-05-15,2.0408482551574707,2.180000066757202,2.2200000286102295,2.1600000858306885,2.1600000858306885,2217
2024-05-16,2.0408482551574707,2.180000066757202,2.180000066757202,2.180000066757202,2.180000066757202,87
2024-05-17,2.012763261795044,2.1500000953674316,2.1600000858306885,2.1500000953674316,2.1600000858306885,676
2024-05-20,2.012763261795044,2.1500000953674316,2.1600000858306885,2.1500000953674316,2.1500000953674316,675
2024-05-21,2.022125005722046,2.1600000858306885,2.2100000381469727,2.1600000858306885,2.200000047683716,3702
2024-05-22,2.022125005722046,2.1600000858306885,2.1600000858306885,2.1600000858306885,2.1600000858306885,28
2024-05-23,2.012763261795044,2.1500000953674316,2.1600000858306885,2.1500000953674316,2.1600000858306885,956
2024-05-24,2.012763261795044,2.1500000953674316,2.2799999713897705,2.1500000953674316,2.1500000953674316,2441
2024-05-27,2.012763261795044,2.1500000953674316,2.3299999237060547,2.1500000953674316,2.299999952316284,363
2024-05-28,2.0408482551574707,2.180000066757202,2.200000047683716,2.1600000858306885,2.1600000858306885,225
2024-05-29,2.022125005722046,2.1600000858306885,2.200000047683716,2.1600000858306885,2.200000047683716,354
2024-05-30,2.0502097606658936,2.190000057220459,2.190000057220459,2.190000057220459,2.190000057220459,43
2024-05-31,2.0876567363739014,2.2300000190734863,2.2300000190734863,2.069999933242798,2.190000057220459,1134
2024-06-03,2.0689332485198975,2.2100000381469727,2.2100000381469727,2.069999933242798,2.180000066757202,165
2024-06-04,2.0595717430114746,2.200000047683716,2.200000047683716,2.069999933242798,2.069999933242798,1387
2024-06-05,1.9378695487976074,2.069999933242798,2.0799999237060547,2.069999933242798,2.0799999237060547,418
2024-06-06,1.9659545421600342,2.0999999046325684,2.0999999046325684,2.069999933242798,2.0999999046325684,413
2024-06-07,2.143826723098755,2.2899999618530273,2.2899999618530273,2.0799999237060547,2.0799999237060547,1445
2024-06-10,2.1906352043151855,2.3399999141693115,2.3499999046325684,2.0799999237060547,2.0799999237060547,2652
2024-06-11,2.1999969482421875,2.3499999046325684,2.3499999046325684,2.3399999141693115,2.3399999141693115,514
2024-06-12,2.153188467025757,2.299999952316284,2.299999952316284,2.299999952316284,2.299999952316284,20
2024-06-13,2.003401517868042,2.140000104904175,2.140000104904175,2.0899999141693115,2.0899999141693115,486
2024-06-14,2.115741491317749,2.259999990463257,2.2699999809265137,2.25,2.25,226
2024-06-17,2.134464979171753,2.2799999713897705,2.2799999713897705,2.259999990463257,2.259999990463257,77
2024-06-18,1.99403977394104,2.130000114440918,2.130000114440918,2.0899999141693115,2.130000114440918,1551
2024-06-19,2.1906352043151855,2.3399999141693115,2.3399999141693115,2.0999999046325684,2.0999999046325684,3721
2024-06-20,2.1906352043151855,2.3399999141693115,2.3399999141693115,2.2100000381469727,2.2100000381469727,449
2024-06-24,2.106379985809326,2.25,2.25,2.25,2.25,61
2024-06-25,2.106379985809326,2.25,2.2799999713897705,2.25,2.2799999713897705,81
2024-06-26,2.153188467025757,2.299999952316284,2.299999952316284,2.299999952316284,2.299999952316284,1
2024-06-27,2.106379985809326,2.25,2.299999952316284,2.25,2.299999952316284,1041
2024-06-28,2.097018241882324,2.240000009536743,2.299999952316284,2.240000009536743,2.240000009536743,209
2024-07-01,2.097018241882324,2.240000009536743,2.240000009536743,2.0899999141693115,2.0899999141693115,11
2024-07-02,2.097018241882324,2.240000009536743,2.240000009536743,2.2200000286102295,2.2200000286102295,925
2024-07-03,2.0782949924468994,2.2200000286102295,2.240000009536743,2.2200000286102295,2.2200000286102295,89
2024-07-04,2.1625499725341797,2.309999942779541,2.309999942779541,2.2200000286102295,2.2200000286102295,803
2024-07-05,2.153188467025757,2.299999952316284,2.299999952316284,2.240000009536743,2.299999952316284,247
2024-07-08,2.1999969482421875,2.3499999046325684,2.3499999046325684,2.2899999618530273,2.2899999618530273,1872
2024-07-09,2.1999969482421875,2.3499999046325684,2.3499999046325684,2.2699999809265137,2.299999952316284,2021
2024-07-10,2.12510347366333,2.2699999809265137,2.3499999046325684,2.2699999809265137,2.2699999809265137,1349
2024-07-11,2.246805429458618,2.4000000953674316,2.4000000953674316,2.2100000381469727,2.3499999046325684,1029
2024-07-12,2.153188467025757,2.299999952316284,2.299999952316284,2.299999952316284,2.299999952316284,673
2024-07-15,2.1719117164611816,2.319999933242798,2.5,2.2899999618530273,2.390000104904175,1058
2024-07-16,2.2936136722564697,2.450000047683716,2.4700000286102295,2.3299999237060547,2.3299999237060547,203
2024-07-17,2.4340391159057617,2.5999999046325684,2.8299999237060547,2.5,2.5,128
2024-07-18,2.3685073852539062,2.5299999713897705,2.5299999713897705,2.5299999713897705,2.5299999713897705,38
2024-07-19,2.4340391159057617,2.5999999046325684,2.5999999046325684,2.380000114440918,2.5,1147
2024-07-22,2.377868890762329,2.5399999618530273,2.75,2.5399999618530273,2.5999999046325684,445
2024-07-23,2.4246773719787598,2.5899999141693115,2.700000047683716,2.549999952316284,2.549999952316284,929
2024-07-24,2.265528917312622,2.4200000762939453,2.549999952316284,2.4200000762939453,2.549999952316284,1290
2024-07-25,2.246805429458618,2.4000000953674316,2.4000000953674316,2.2200000286102295,2.380000114440918,78
2024-07-26,2.1999969482421875,2.3499999046325684,2.369999885559082,2.2100000381469727,2.369999885559082,1311
2024-07-29,2.527656078338623,2.700000047683716,2.859999895095825,2.3499999046325684,2.3499999046325684,187
2024-07-30,2.415315628051758,2.5799999237060547,2.5799999237060547,2.3499999046325684,2.3499999046325684,60
2024-07-31,2.3497838973999023,2.509999990463257,2.5799999237060547,2.450000047683716,2.450000047683716,550
2024-08-01,2.359145402908325,2.5199999809265137,2.549999952316284,2.5199999809265137,2.549999952316284,81
2024-08-02,2.359145402908325,2.5199999809265137,2.559999942779541,2.490000009536743,2.5199999809265137,2262
2024-08-05,2.4246773719787598,2.5899999141693115,2.5899999141693115,2.4000000953674316,2.5199999809265137,906
2024-08-06,2.153188467025757,2.299999952316284,2.5899999141693115,2.299999952316284,2.5899999141693115,266
2024-08-07,2.1625499725341797,2.309999942779541,2.569999933242798,2.299999952316284,2.569999933242798,82
2024-08-08,2.1625499725341797,2.309999942779541,2.309999942779541,2.309999942779541,2.309999942779541,0
2024-08-09,2.1812734603881836,2.3299999237060547,2.5899999141693115,2.3299999237060547,2.450000047683716,551
2024-08-12,2.1812734603881836,2.3299999237060547,2.3299999237060547,2.3299999237060547,2.3299999237060547,200
2024-08-13,2.0595717430114746,2.200000047683716,2.240000009536743,2.190000057220459,2.240000009536743,898
2024-08-14,2.3310606479644775,2.490000009536743,2.509999990463257,2.490000009536743,2.509999990463257,623
2024-08-15,2.3310606479644775,2.490000009536743,2.490000009536743,2.2699999809265137,2.4000000953674316,1284
2024-08-16,2.265528917312622,2.4200000762939453,2.490000009536743,2.319999933242798,2.490000009536743,825
2024-08-19,2.1812734603881836,2.3299999237060547,2.4200000762939453,2.3299999237060547,2.4200000762939453,141
2024-08-20,2.377868890762329,2.5399999618530273,2.5399999618530273,2.309999942779541,2.3499999046325684,310
2024-08-21,2.246805429458618,2.4000000953674316,2.450000047683716,2.3499999046325684,2.450000047683716,82
2024-08-22,2.246805429458618,2.4000000953674316,2.440000057220459,2.4000000953674316,2.4000000953674316,253
2024-08-23,2.3216989040374756,2.4800000190734863,2.5,2.119999885559082,2.5,4401
2024-08-26,2.3123371601104736,2.4700000286102295,2.4700000286102295,2.25,2.25,308
2024-08-27,2.246805429458618,2.4000000953674316,2.4600000381469727,2.25,2.25,2512
2024-08-28,2.3497838973999023,2.509999990463257,2.509999990463257,2.319999933242798,2.4200000762939453,608
2024-08-29,2.3310606479644775,2.490000009536743,2.490000009536743,2.2699999809265137,2.299999952316284,154
2024-08-30,2.265528917312622,2.4200000762939453,2.490000009536743,2.309999942779541,2.490000009536743,482
2024-09-02,2.1999969482421875,2.3499999046325684,2.4200000762939453,2.3499999046325684,2.4200000762939453,21
2024-09-03,2.2936136722564697,2.450000047683716,2.450000047683716,2.2899999618530273,2.3299999237060547,978
2024-09-04,2.274890422821045,2.430000066757202,2.450000047683716,2.430000066757202,2.450000047683716,11
2024-09-05,2.2187201976776123,2.369999885559082,2.490000009536743,2.369999885559082,2.490000009536743,383
2024-09-06,2.274890422821045,2.430000066757202,2.430000066757202,2.430000066757202,2.430000066757202,2
2024-09-09,2.246805429458618,2.4000000953674316,2.430000066757202,2.2899999618530273,2.430000066757202,174
2024-09-10,2.153188467025757,2.299999952316284,2.380000114440918,2.299999952316284,2.309999942779541,56
2024-09-11,2.153188467025757,2.299999952316284,2.299999952316284,2.2799999713897705,2.299999952316284,46
2024-09-12,2.153188467025757,2.299999952316284,2.4600000381469727,2.299999952316284,2.299999952316284,33
2024-09-13,2.302975654602051,2.4600000381469727,2.4600000381469727,2.299999952316284,2.299999952316284,102
2024-09-16,2.237443685531616,2.390000104904175,2.4600000381469727,2.2799999713897705,2.4600000381469727,4321
2024-09-17,2.115741491317749,2.259999990463257,2.4700000286102295,2.259999990463257,2.3499999046325684,1868
2024-09-18,2.143826723098755,2.2899999618530273,2.299999952316284,2.200000047683716,2.200000047683716,2122
2024-09-19,2.237443685531616,2.390000104904175,2.390000104904175,2.2899999618530273,2.2899999618530273,1700
2024-09-20,2.246805429458618,2.4000000953674316,2.4000000953674316,2.2699999809265137,2.390000104904175,155
2024-09-23,2.12510347366333,2.2699999809265137,2.2699999809265137,2.2100000381469727,2.2100000381469727,215
2024-09-24,2.1625499725341797,2.309999942779541,2.5,2.240000009536743,2.5,7743
2024-09-25,2.115741491317749,2.259999990463257,2.299999952316284,2.25,2.299999952316284,1558
2024-09-26,2.0876567363739014,2.2300000190734863,2.2799999713897705,2.1700000762939453,2.1700000762939453,2724
2024-09-27,2.0876567363739014,2.2300000190734863,2.2300000190734863,2.180000066757202,2.2100000381469727,820
2024-09-30,2.12510347366333,2.2699999809265137,2.359999895095825,2.2200000286102295,2.2300000190734863,1637
2024-10-01,2.0782949924468994,2.2200000286102295,2.2699999809265137,2.2200000286102295,2.2699999809265137,1120
2024-10-02,2.1625499725341797,2.309999942779541,2.309999942779541,2.2200000286102295,2.2200000286102295,316
2024-10-03,2.0876567363739014,2.2300000190734863,2.309999942779541,2.2300000190734863,2.309999942779541,58
2024-10-04,2.115741491317749,2.259999990463257,2.259999990463257,2.2200000286102295,2.2200000286102295,96
2024-10-07,2.0782949924468994,2.2200000286102295,2.259999990463257,2.2200000286102295,2.259999990463257,27
2024-10-08,2.153188467025757,2.299999952316284,2.299999952316284,2.2300000190734863,2.2300000190734863,52
2024-10-09,2.1719117164611816,2.319999933242798,2.319999933242798,2.2899999618530273,2.2899999618530273,1354
2024-10-10,2.12510347366333,2.2699999809265137,2.3499999046325684,2.259999990463257,2.3499999046325684,2696
2024-10-11,2.246805429458618,2.4000000953674316,2.4000000953674316,2.2699999809265137,2.2699999809265137,5671
2024-10-14,2.1625499725341797,2.309999942779541,2.359999895095825,2.2699999809265137,2.2899999618530273,524
2024-10-15,2.2936136722564697,2.450000047683716,2.450000047683716,2.2799999713897705,2.2799999713897705,77
2024-10-16,2.2936136722564697,2.450000047683716,2.450000047683716,2.2899999618530273,2.4100000858306885,1909
2024-10-17,2.246805429458618,2.4000000953674316,2.440000057220459,2.4000000953674316,2.440000057220459,23
2024-10-18,2.1999969482421875,2.3499999046325684,2.3499999046325684,2.3499999046325684,2.3499999046325684,60
2024-10-21,2.246805429458618,2.4000000953674316,2.4000000953674316,2.2699999809265137,2.2799999713897705,971
2024-10-22,2.237443685531616,2.390000104904175,2.390000104904175,2.259999990463257,2.259999990463257,1042
2024-10-23,2.237443685531616,2.390000104904175,2.390000104904175,2.2799999713897705,2.390000104904175,53
2024-10-24,2.153188467025757,2.299999952316284,2.299999952316284,2.2799999713897705,2.2799999713897705,1240
2024-10-25,2.134464979171753,2.2799999713897705,2.369999885559082,2.2699999809265137,2.2699999809265137,324
2024-10-28,2.134464979171753,2.2799999713897705,2.2899999618530273,2.2699999809265137,2.2699999809265137,100
2024-10-29,2.1625499725341797,2.309999942779541,2.309999942779541,2.2799999713897705,2.2799999713897705,344
2024-10-30,2.12510347366333,2.2699999809265137,2.299999952316284,2.2699999809265137,2.2899999618530273,760
2024-10-31,2.115741491317749,2.259999990463257,2.2699999809265137,2.259999990463257,2.259999990463257,196
2024-11-01,2.106379985809326,2.25,2.259999990463257,2.25,2.259999990463257,1895
2024-11-04,2.106379985809326,2.25,2.259999990463257,2.25,2.25,503
2024-11-05,2.106379985809326,2.25,2.25,2.25,2.25,236
2024-11-06,2.153188467025757,2.299999952316284,2.299999952316284,2.299999952316284,2.299999952316284,5
2024-11-07,2.115741491317749,2.259999990463257,2.299999952316284,2.2200000286102295,2.299999952316284,347
2024-11-08,2.1625499725341797,2.309999942779541,2.309999942779541,2.200000047683716,2.2200000286102295,1545
2024-11-11,2.106379985809326,2.25,2.309999942779541,2.2100000381469727,2.309999942779541,1003
2024-11-12,2.0595717430114746,2.200000047683716,2.2100000381469727,2.200000047683716,2.2100000381469727,782
2024-11-13,2.0689332485198975,2.2100000381469727,2.4000000953674316,2.2100000381469727,2.3299999237060547,347
2024-11-14,2.0782949924468994,2.2200000286102295,2.2200000286102295,2.2100000381469727,2.2100000381469727,85
2024-11-15,2.0876567363739014,2.2300000190734863,2.25,2.130000114440918,2.2300000190734863,3635
2024-11-18,2.0502097606658936,2.190000057220459,2.2300000190734863,2.1600000858306885,2.1600000858306885,755
2024-11-19,1.9378695487976074,2.069999933242798,2.190000057220459,2.049999952316284,2.190000057220459,3142
2024-11-20,1.9472311735153198,2.0799999237060547,2.0999999046325684,2.059999942779541,2.069999933242798,5116
2024-11-21,1.9565929174423218,2.0899999141693115,2.240000009536743,2.049999952316284,2.2300000190734863,8421
2024-11-22,1.9659545421600342,2.0999999046325684,2.0999999046325684,2.0,2.059999942779541,4676
2024-11-25,2.097018241882324,2.240000009536743,2.240000009536743,2.009999990463257,2.009999990463257,3042
2024-11-26,1.928507924079895,2.059999942779541,2.0999999046325684,2.049999952316284,2.0999999046325684,3353
2024-11-27,2.022125005722046,2.1600000858306885,2.1600000858306885,2.0299999713897705,2.0299999713897705,58
2024-11-28,2.0314865112304688,2.1700000762939453,2.1700000762939453,2.0799999237060547,2.0799999237060547,79
2024-11-29,1.919146180152893,2.049999952316284,2.0999999046325684,2.049999952316284,2.0799999237060547,653
2024-12-02,2.022125005722046,2.1600000858306885,2.1600000858306885,2.059999942779541,2.059999942779541,2355
2024-12-03,2.012763261795044,2.1500000953674316,2.1500000953674316,2.0799999237060547,2.0799999237060547,1030
2024-12-04,1.9472311735153198,2.0799999237060547,2.1500000953674316,2.0799999237060547,2.140000104904175,3223
2024-12-05,1.9659545421600342,2.0999999046325684,2.1500000953674316,2.0999999046325684,2.119999885559082,1201
2024-12-09,1.9846779108047485,2.119999885559082,2.119999885559082,2.0399999618530273,2.0399999618530273,1650
2024-12-10,1.9659545421600342,2.0999999046325684,2.0999999046325684,2.0899999141693115,2.0999999046325684,769
2024-12-11,2.0595717430114746,2.200000047683716,2.200000047683716,2.059999942779541,2.200000047683716,917
2024-12-12,2.0689332485198975,2.2100000381469727,2.299999952316284,2.200000047683716,2.240000009536743,818
2024-12-13,2.0314865112304688,2.1700000762939453,2.2100000381469727,2.1700000762939453,2.200000047683716,1074
2024-12-16,2.0689332485198975,2.2100000381469727,2.2200000286102295,2.130000114440918,2.2200000286102295,786
2024-12-17,2.0314865112304688,2.1700000762939453,2.1700000762939453,2.109999895095825,2.109999895095825,1143
2024-12-18,2.0408482551574707,2.180000066757202,2.180000066757202,2.109999895095825,2.1500000953674316,436
2024-12-19,1.9659545421600342,2.0999999046325684,2.0999999046325684,2.059999942779541,2.0999999046325684,2415
2024-12-20,2.0782949924468994,2.2200000286102295,2.2200000286102295,2.1600000858306885,2.1600000858306885,402
2024-12-23,1.9659545421600342,2.0999999046325684,2.2200000286102295,2.0999999046325684,2.2200000286102295,1154
2024-12-27,1.9659545421600342,2.0999999046325684,2.109999895095825,2.0199999809265137,2.109999895095825,3692
2024-12-30,1.919146180152893,2.049999952316284,2.119999885559082,2.0199999809265137,2.109999895095825,6762
2025-01-02,1.99403977394104,2.130000114440918,2.1700000762939453,2.049999952316284,2.049999952316284,809
2025-01-03,2.003401517868042,2.140000104904175,2.1500000953674316,2.140000104904175,2.1500000953674316,566
2025-01-07,1.9378695487976074,2.069999933242798,2.2100000381469727,2.069999933242798,2.0999999046325684,4203
2025-01-08,1.9378695487976074,2.069999933242798,2.069999933242798,2.0399999618530273,2.069999933242798,425
2025-01-09,2.022125005722046,2.1600000858306885,2.1600000858306885,2.0299999713897705,2.0299999713897705,12
2025-01-10,1.99403977394104,2.130000114440918,2.140000104904175,2.0399999618530273,2.069999933242798,2227
2025-01-13,1.9097844362258911,2.0399999618530273,2.0399999618530273,2.0399999618530273,2.0399999618530273,5
2025-01-14,2.0595717430114746,2.200000047683716,2.200000047683716,2.1500000953674316,2.1500000953674316,3941
2025-01-15,1.9846779108047485,2.119999885559082,2.119999885559082,2.119999885559082,2.119999885559082,360
2025-01-16,1.9097844362258911,2.0399999618530273,2.0399999618530273,2.0399999618530273,2.0399999618530273,17
2025-01-17,2.115741491317749,2.259999990463257,2.2699999809265137,2.0999999046325684,2.2699999809265137,981
2025-01-20,2.115741491317749,2.259999990463257,2.2699999809265137,2.259999990463257,2.259999990463257,682
2025-01-21,2.134464979171753,2.2799999713897705,2.2799999713897705,2.109999895095825,2.2799999713897705,775
2025-01-22,2.246805429458618,2.4000000953674316,2.4000000953674316,2.2799999713897705,2.2799999713897705,1169
2025-01-23,2.237443685531616,2.390000104904175,2.390000104904175,2.390000104904175,2.390000104904175,15
2025-01-24,2.237443685531616,2.390000104904175,2.390000104904175,2.380000114440918,2.380000114440918,62
2025-01-27,2.097018241882324,2.240000009536743,2.390000104904175,2.2200000286102295,2.390000104904175,477
2025-01-28,2.106379985809326,2.25,2.259999990463257,2.240000009536743,2.259999990463257,703
2025-01-29,2.12510347366333,2.2699999809265137,2.319999933242798,2.2300000190734863,2.299999952316284,1056
2025-01-30,2.106379985809326,2.25,2.319999933242798,2.25,2.319999933242798,123
2025-01-31,2.097018241882324,2.240000009536743,2.25,2.140000104904175,2.140000104904175,56
2025-02-03,2.0502097606658936,2.190000057220459,2.2200000286102295,2.109999895095825,2.2200000286102295,230
2025-02-04,2.003401517868042,2.140000104904175,2.1700000762939453,2.140000104904175,2.1700000762939453,190
2025-02-05,2.003401517868042,2.140000104904175,2.1500000953674316,2.140000104904175,2.1500000953674316,906
2025-02-06,1.9846779108047485,2.119999885559082,2.119999885559082,2.0799999237060547,2.109999895095825,1842
2025-02-07,1.9659545421600342,2.0999999046325684,2.0999999046325684,2.0799999237060547,2.0799999237060547,317
2025-02-10,1.9753161668777466,2.109999895095825,2.2200000286102295,2.0999999046325684,2.0999999046325684,639
2025-02-11,2.0595717430114746,2.200000047683716,2.200000047683716,2.0899999141693115,2.0899999141693115,204
2025-02-12,2.003401517868042,2.140000104904175,2.200000047683716,2.140000104904175,2.200000047683716,60
2025-02-13,2.003401517868042,2.140000104904175,2.140000104904175,2.0999999046325684,2.0999999046325684,2
2025-02-14,2.0408482551574707,2.180000066757202,2.180000066757202,2.109999895095825,2.109999895095825,468
2025-02-17,1.9753161668777466,2.109999895095825,2.130000114440918,2.109999895095825,2.130000114440918,359
2025-02-18,2.1719117164611816,2.319999933242798,2.319999933242798,2.140000104904175,2.1500000953674316,1584
2025-02-19,2.003401517868042,2.140000104904175,2.140000104904175,2.109999895095825,2.140000104904175,113
2025-02-20,2.003401517868042,2.140000104904175,2.140000104904175,2.059999942779541,2.119999885559082,1039
2025-02-21,2.003401517868042,2.140000104904175,2.1500000953674316,2.140000104904175,2.1500000953674316,4
2025-02-24,2.0595717430114746,2.200000047683716,2.200000047683716,2.130000114440918,2.130000114440918,2670
2025-02-25,2.097018241882324,2.240000009536743,2.240000009536743,2.240000009536743,2.240000009536743,106
2025-02-26,2.0689332485198975,2.2100000381469727,2.2100000381469727,2.119999885559082,2.130000114440918,175
2025-02-27,2.1906352043151855,2.3399999141693115,2.359999895095825,2.2200000286102295,2.2200000286102295,2932
2025-02-28,2.0408482551574707,2.180000066757202,2.3399999141693115,2.180000066757202,2.3399999141693115,152
2025-03-03,2.022125005722046,2.1600000858306885,2.259999990463257,2.0999999046325684,2.180000066757202,760
2025-03-04,1.9753161668777466,2.109999895095825,2.109999895095825,2.109999895095825,2.109999895095825,476
2025-03-05,2.0595717430114746,2.200000047683716,2.2699999809265137,2.0899999141693115,2.109999895095825,1184
2025-03-06,1.99403977394104,2.130000114440918,2.190000057220459,2.130000114440918,2.190000057220459,713
2025-03-07,1.9659545421600342,2.0999999046325684,2.180000066757202,2.0,2.130000114440918,1264
2025-03-10,2.003401517868042,2.140000104904175,2.140000104904175,2.0999999046325684,2.0999999046325684,43
2025-03-11,2.003401517868042,2.140000104904175,2.140000104904175,2.130000114440918,2.130000114440918,11
2025-03-12,1.99403977394104,2.130000114440918,2.1700000762939453,2.130000114440918,2.140000104904175,255
2025-03-13,1.9659545421600342,2.0999999046325684,2.130000114440918,2.0199999809265137,2.130000114440918,1913
2025-03-14,1.9753161668777466,2.109999895095825,2.109999895095825,2.0999999046325684,2.0999999046325684,20
2025-03-17,1.9846779108047485,2.119999885559082,2.119999885559082,2.109999895095825,2.109999895095825,451
2025-03-18,1.9097844362258911,2.0399999618530273,2.119999885559082,2.0399999618530273,2.119999885559082,1086
2025-03-19,1.9472311735153198,2.0799999237060547,2.0999999046325684,2.0799999237060547,2.0999999046325684,1146
2025-03-20,1.8910611867904663,2.0199999809265137,2.140000104904175,2.0199999809265137,2.140000104904175,489
2025-03-21,1.9097844362258911,2.0399999618530273,2.069999933242798,2.0399999618530273,2.069999933242798,215
2025-03-24,1.9753161668777466,2.109999895095825,2.109999895095825,2.0399999618530273,2.0399999618530273,534
2025-03-25,2.0314865112304688,2.1700000762939453,2.1700000762939453,2.0999999046325684,2.109999895095825,236
2025-03-26,2.0502097606658936,2.190000057220459,2.190000057220459,2.0999999046325684,2.0999999046325684,384
2025-03-27,2.011888027191162,2.0999999046325684,2.109999895095825,1.975000023841858,1.975000023841858,189
2025-03-28,1.9831467866897583,2.069999933242798,2.0799999237060547,2.009999990463257,2.009999990463257,951
2025-03-31,1.9927271604537964,2.0799999237060547,2.180000066757202,2.0799999237060547,2.1500000953674316,1289
2025-04-01,2.088531494140625,2.180000066757202,2.180000066757202,2.180000066757202,2.180000066757202,2
2025-04-02,2.002307653427124,2.0899999141693115,2.109999895095825,2.0,2.109999895095825,1068
2025-04-03,1.9352447986602783,2.0199999809265137,2.0199999809265137,2.009999990463257,2.0199999809265137,1156
2025-04-04,1.9448251724243164,2.0299999713897705,2.0999999046325684,2.0299999713897705,2.0999999046325684,1420
2025-04-07,2.011888027191162,2.0999999046325684,2.0999999046325684,2.0,2.0399999618530273,1947
2025-04-08,1.9544055461883545,2.0399999618530273,2.0799999237060547,2.0,2.0399999618530273,366
2025-04-09,1.9352447986602783,2.0199999809265137,2.0199999809265137,2.0,2.0,641
2025-04-10,1.9352447986602783,2.0199999809265137,2.0999999046325684,2.0199999809265137,2.0199999809265137,175
2025-04-11,2.088531494140625,2.180000066757202,2.180000066757202,2.180000066757202,2.180000066757202,484
2025-04-14,2.088531494140625,2.180000066757202,2.180000066757202,2.0999999046325684,2.119999885559082,1063
2025-04-15,2.088531494140625,2.180000066757202,2.180000066757202,2.180000066757202,2.180000066757202,0
2025-04-16,2.011888027191162,2.0999999046325684,2.180000066757202,2.0999999046325684,2.180000066757202,2070
2025-04-17,2.0502099990844727,2.140000104904175,2.140000104904175,2.140000104904175,2.140000104904175,250
2025-04-22,2.165174722671509,2.259999990463257,2.259999990463257,2.180000066757202,2.180000066757202,422
2025-04-23,1.9065035581588745,1.9900000095367432,2.259999990463257,1.9700000286102295,2.259999990463257,1374
2025-04-24,1.9735664129257202,2.059999942779541,2.240000009536743,2.059999942779541,2.240000009536743,7
2025-04-25,2.1076924800872803,2.200000047683716,2.200000047683716,2.180000066757202,2.180000066757202,345
2025-04-28,2.165174722671509,2.259999990463257,2.259999990463257,2.119999885559082,2.200000047683716,4710
2025-04-29,2.011888027191162,2.0999999046325684,2.1600000858306885,2.0999999046325684,2.1600000858306885,458
2025-04-30,2.0310487747192383,2.119999885559082,2.119999885559082,2.0999999046325684,2.0999999046325684,109
2025-05-02,2.1076924800872803,2.200000047683716,2.200000047683716,2.119999885559082,2.119999885559082,156
2025-05-05,2.0310487747192383,2.119999885559082,2.200000047683716,2.119999885559082,2.200000047683716,118
2025-05-06,2.088531494140625,2.180000066757202,2.180000066757202,2.0999999046325684,2.0999999046325684,91
2025-05-07,2.0310487747192383,2.119999885559082,2.119999885559082,2.119999885559082,2.119999885559082,1
2025-05-08,2.088531494140625,2.180000066757202,2.180000066757202,2.180000066757202,2.180000066757202,3
2025-05-09,2.069370746612549,2.1600000858306885,2.1600000858306885,2.0999999046325684,2.0999999046325684,1705
2025-05-12,2.088531494140625,2.180000066757202,2.200000047683716,2.119999885559082,2.1600000858306885,1157
2025-05-13,2.184335708618164,2.2799999713897705,2.2799999713897705,2.180000066757202,2.200000047683716,318
2025-05-14,2.0502099990844727,2.140000104904175,2.200000047683716,2.119999885559082,2.200000047683716,1082
2025-05-15,2.0502099990844727,2.140000104904175,2.140000104904175,2.119999885559082,2.140000104904175,630
2025-05-16,2.0502099990844727,2.140000104904175,2.140000104904175,2.140000104904175,2.140000104904175,4
2025-05-19,2.0310487747192383,2.119999885559082,2.119999885559082,2.119999885559082,2.119999885559082,13
2025-05-20,1.9544055461883545,2.0399999618530273,2.119999885559082,2.0399999618530273,2.119999885559082,1288
2025-05-21,2.0310487747192383,2.119999885559082,2.119999885559082,2.0399999618530273,2.0399999618530273,2519
2025-05-22,2.0310487747192383,2.119999885559082,2.119999885559082,2.119999885559082,2.119999885559082,0
2025-05-23,1.9927271604537964,2.0799999237060547,2.0799999237060547,2.0799999237060547,2.0799999237060547,50
2025-05-26,2.088531494140625,2.180000066757202,2.180000066757202,2.059999942779541,2.059999942779541,726
2025-05-27,2.1076924800872803,2.200000047683716,2.200000047683716,2.119999885559082,2.119999885559082,728
2025-05-28,2.011888027191162,2.0999999046325684,2.0999999046325684,2.0999999046325684,2.0999999046325684,150
2025-05-30,2.088531494140625,2.180000066757202,2.180000066757202,2.0799999237060547,2.0999999046325684,128
2025-06-02,2.0502099990844727,2.140000104904175,2.140000104904175,2.059999942779541,2.0999999046325684,182
2025-06-03,2.0502099990844727,2.140000104904175,2.140000104904175,2.140000104904175,2.140000104904175,1
2025-06-04,2.0310487747192383,2.119999885559082,2.2200000286102295,2.119999885559082,2.1600000858306885,513
2025-06-05,2.0310487747192383,2.119999885559082,2.119999885559082,2.119999885559082,2.119999885559082,1
2025-06-06,2.1076924800872803,2.200000047683716,2.200000047683716,2.200000047683716,2.200000047683716,73
2025-06-09,2.1076924800872803,2.200000047683716,2.200000047683716,2.200000047683716,2.200000047683716,1
2025-06-10,2.088531494140625,2.180000066757202,2.200000047683716,2.0799999237060547,2.200000047683716,38
2025-06-11,2.088531494140625,2.180000066757202,2.200000047683716,2.0799999237060547,2.0799999237060547,43
2025-06-12,2.088531494140625,2.180000066757202,2.180000066757202,2.059999942779541,2.0799999237060547,49
2025-06-13,2.011888027191162,2.0999999046325684,2.0999999046325684,2.059999942779541,2.059999942779541,36
2025-06-16,1.9735664129257202,2.059999942779541,2.0999999046325684,2.059999942779541,2.0999999046325684,246
2025-06-17,1.9544055461883545,2.0399999618530273,2.059999942779541,2.0399999618530273,2.059999942779541,13
2025-06-18,2.0502099990844727,2.140000104904175,2.140000104904175,2.0199999809265137,2.0199999809265137,29
2025-06-19,2.069370746612549,2.1600000858306885,2.1600000858306885,2.1600000858306885,2.1600000858306885,2
2025-06-23,2.088531494140625,2.180000066757202,2.180000066757202,2.180000066757202,2.180000066757202,60
2025-06-24,2.011888027191162,2.0999999046325684,2.180000066757202,2.0999999046325684,2.180000066757202,1032
2025-06-25,2.0310487747192383,2.119999885559082,2.119999885559082,2.0399999618530273,2.0999999046325684,262
2025-06-26,2.0502099990844727,2.140000104904175,2.140000104904175,2.0399999618530273,2.0399999618530273,515
2025-06-27,2.088531494140625,2.180000066757202,2.180000066757202,2.059999942779541,2.059999942779541,346
2025-06-30,2.088531494140625,2.180000066757202,2.180000066757202,2.180000066757202,2.180000066757202,0
2025-07-01,2.088531494140625,2.180000066757202,2.180000066757202,2.180000066757202,2.180000066757202,0
2025-07-02,2.0502099990844727,2.140000104904175,2.140000104904175,2.059999942779541,2.059999942779541,779
2025-07-03,1.9927271604537964,2.0799999237060547,2.0999999046325684,2.0799999237060547,2.0999999046325684,160
2025-07-04,1.9927271604537964,2.0799999237060547,2.0799999237060547,2.0199999809265137,2.0199999809265137,32
2025-07-07,1.9927271604537964,2.0799999237060547,2.0799999237060547,2.0199999809265137,2.0199999809265137,36
2025-07-08,2.011888027191162,2.0999999046325684,2.0999999046325684,2.0799999237060547,2.0799999237060547,27
2025-07-09,1.9352447986602783,2.0199999809265137,2.0999999046325684,2.0199999809265137,2.0799999237060547,154
2025-07-10,1.9160839319229126,2.0,2.0199999809265137,2.0,2.0199999809265137,1077
2025-07-11,1.8969230651855469,1.9800000190734863,2.0,1.9800000190734863,2.0,2001
2025-07-14,1.9544055461883545,2.0399999618530273,2.059999942779541,1.9900000095367432,1.9900000095367432,1697
2025-07-15,1.9352447986602783,2.0199999809265137,2.0799999237060547,2.0199999809265137,2.0799999237060547,49
2025-07-16,2.069370746612549,2.1600000858306885,2.1600000858306885,2.0199999809265137,2.0199999809265137,408
2025-07-17,2.1268532276153564,2.2200000286102295,2.259999990463257,2.180000066757202,2.2200000286102295,6395
2025-07-18,2.184335708618164,2.2799999713897705,2.2799999713897705,2.0999999046325684,2.0999999046325684,2128
2025-07-21,2.184335708618164,2.2799999713897705,2.2799999713897705,2.2799999713897705,2.2799999713897705,10
2025-07-22,2.165174722671509,2.259999990463257,2.259999990463257,2.259999990463257,2.259999990463257,1
2025-07-23,2.0502099990844727,2.140000104904175,2.140000104904175,2.140000104904175,2.140000104904175,1
2025-07-24,1.9927271604537964,2.0799999237060547,2.140000104904175,2.0399999618530273,2.140000104904175,1420
2025-07-25,2.1076924800872803,2.200000047683716,2.200000047683716,2.200000047683716,2.200000047683716,225
2025-07-28,1.9544055461883545,2.0399999618530273,2.0399999618530273,2.0199999809265137,2.0399999618530273,130
2025-07-29,1.9544055461883545,2.0399999618530273,2.0799999237060547,2.0199999809265137,2.0799999237060547,3463
2025-07-30,2.2034964561462402,2.299999952316284,2.299999952316284,2.0199999809265137,2.0199999809265137,642
2025-07-31,2.2226572036743164,2.319999933242798,2.4200000762939453,2.319999933242798,2.380000114440918,721
2025-08-01,2.184335708618164,2.2799999713897705,2.319999933242798,2.0199999809265137,2.319999933242798,315
2025-08-04,1.9735664129257202,2.059999942779541,2.2799999713897705,2.0399999618530273,2.2799999713897705,294
2025-08-05,2.2993009090423584,2.4000000953674316,2.4200000762939453,2.0999999046325684,2.259999990463257,7378
2025-08-06,2.184335708618164,2.2799999713897705,2.440000057220459,2.140000104904175,2.440000057220459,5770
2025-08-07,2.1268532276153564,2.2200000286102295,2.2799999713897705,2.1600000858306885,2.2799999713897705,1589
2025-08-08,2.069370746612549,2.1600000858306885,2.1600000858306885,2.1600000858306885,2.1600000858306885,600
2025-08-11,1.9927271604537964,2.0799999237060547,2.1600000858306885,2.0799999237060547,2.1600000858306885,280
2025-08-12,2.011888027191162,2.0999999046325684,2.200000047683716,2.0999999046325684,2.0999999046325684,415
2025-08-13,2.0502099990844727,2.140000104904175,2.140000104904175,2.140000104904175,2.140000104904175,481
2025-08-14,2.165174722671509,2.259999990463257,2.259999990463257,2.240000009536743,2.240000009536743,984
2025-08-15,2.088531494140625,2.180000066757202,2.259999990463257,2.0999999046325684,2.259999990463257,354
2025-08-18,2.088531494140625,2.180000066757202,2.200000047683716,2.180000066757202,2.200000047683716,7
2025-08-19,2.011888027191162,2.0999999046325684,2.140000104904175,2.0999999046325684,2.140000104904175,1007
2025-08-20,2.43342661857605,2.5399999618530273,2.5399999618530273,2.0999999046325684,2.0999999046325684,10139
2025-08-21,2.1460139751434326,2.240000009536743,2.5,2.180000066757202,2.5,10749
2025-08-22,2.1460139751434326,2.240000009536743,2.240000009536743,2.2200000286102295,2.240000009536743,55
2025-08-25,2.1076924800872803,2.200000047683716,2.240000009536743,2.0999999046325684,2.240000009536743,1276
2025-08-26,2.165174722671509,2.259999990463257,2.2799999713897705,2.200000047683716,2.200000047683716,215
2025-08-27,2.1076924800872803,2.200000047683716,2.299999952316284,2.1600000858306885,2.259999990463257,1241
2025-08-28,2.088531494140625,2.180000066757202,2.180000066757202,2.119999885559082,2.119999885559082,629
2025-08-29,2.088531494140625,2.180000066757202,2.180000066757202,2.0999999046325684,2.119999885559082,473
2025-09-01,2.1076924800872803,2.200000047683716,2.200000047683716,2.140000104904175,2.140000104904175,182
2025-09-02,2.0310487747192383,2.119999885559082,2.200000047683716,2.119999885559082,2.200000047683716,94
2025-09-03,2.1076924800872803,2.200000047683716,2.200000047683716,2.119999885559082,2.119999885559082,296
2025-09-04,2.1460139751434326,2.240000009536743,2.240000009536743,2.1600000858306885,2.2200000286102295,2331
2025-09-05,2.1460139751434326,2.240000009536743,2.259999990463257,2.140000104904175,2.2200000286102295,132
2025-09-08,2.1076924800872803,2.200000047683716,2.200000047683716,2.140000104904175,2.140000104904175,161
2025-09-09,2.069370746612549,2.1600000858306885,2.200000047683716,2.1600000858306885,2.1600000858306885,240
2025-09-10,2.1076924800872803,2.200000047683716,2.200000047683716,2.1600000858306885,2.1600000858306885,137
2025-09-11,2.1076924800872803,2.200000047683716,2.4000000953674316,2.200000047683716,2.2799999713897705,3176
2025-09-12,2.2226572036743164,2.319999933242798,2.319999933242798,2.319999933242798,2.319999933242798,4
2025-09-15,2.1268532276153564,2.2200000286102295,2.319999933242798,2.200000047683716,2.319999933242798,2999
2025-09-16,2.1268532276153564,2.2200000286102295,2.240000009536743,2.2200000286102295,2.240000009536743,117
2025-09-17,2.1268532276153564,2.2200000286102295,2.319999933242798,2.2200000286102295,2.240000009536743,1394
2025-09-18,2.1268532276153564,2.2200000286102295,2.299999952316284,2.2200000286102295,2.299999952316284,68
2025-09-19,2.1268532276153564,2.2200000286102295,2.240000009536743,2.2200000286102295,2.240000009536743,188
2025-09-22,2.0502099990844727,2.140000104904175,2.2200000286102295,2.140000104904175,2.2200000286102295,265
2025-09-23,2.0502099990844727,2.140000104904175,2.140000104904175,2.140000104904175,2.140000104904175,501
2025-09-24,2.165174722671509,2.259999990463257,2.259999990463257,2.119999885559082,2.119999885559082,1652
2025-09-25,2.0502099990844727,2.140000104904175,2.240000009536743,2.119999885559082,2.240000009536743,811
2025-09-26,2.0502099990844727,2.140000104904175,2.140000104904175,2.140000104904175,2.140000104904175,0
2025-09-29,2.069370746612549,2.1600000858306885,2.259999990463257,2.1600000858306885,2.240000009536743,1461
2025-09-30,2.0502099990844727,2.140000104904175,2.140000104904175,2.140000104904175,2.140000104904175,255
2025-10-01,2.1460139751434326,2.240000009536743,2.240000009536743,2.119999885559082,2.140000104904175,37
2025-10-02,2.1268532276153564,2.2200000286102295,2.2200000286102295,2.119999885559082,2.140000104904175,343
2025-10-03,2.0310487747192383,2.119999885559082,2.200000047683716,2.119999885559082,2.200000047683716,90
2025-10-06,2.0310487747192383,2.119999885559082,2.119999885559082,2.119999885559082,2.119999885559082,18
2025-10-07,2.0502099990844727,2.140000104904175,2.200000047683716,2.119999885559082,2.119999885559082,660
2025-10-08,2.0502099990844727,2.140000104904175,2.240000009536743,2.119999885559082,2.200000047683716,322
2025-10-09,1.9927271604537964,2.0799999237060547,2.1600000858306885,2.0799999237060547,2.140000104904175,3529
2025-10-10,1.9735664129257202,2.059999942779541,2.2200000286102295,2.059999942779541,2.059999942779541,4088
2025-10-13,2.088531494140625,2.180000066757202,2.180000066757202,2.0799999237060547,2.0799999237060547,74
2025-10-14,1.9735664129257202,2.059999942779541,2.1600000858306885,2.059999942779541,2.059999942779541,2088
2025-10-15,2.0502099990844727,2.140000104904175,2.180000066757202,2.0999999046325684,2.140000104904175,2006
2025-10-16,2.069370746612549,2.1600000858306885,2.240000009536743,2.0999999046325684,2.240000009536743,41
2025-10-17,2.088531494140625,2.180000066757202,2.180000066757202,2.0799999237060547,2.0799999237060547,149
2025-10-20,1.9735664129257202,2.059999942779541,2.0799999237060547,2.059999942779541,2.0799999237060547,130
2025-10-21,1.9735664129257202,2.059999942779541,2.059999942779541,2.059999942779541,2.059999942779541,0
2025-10-22,1.9735664129257202,2.059999942779541,2.0999999046325684,2.059999942779541,2.0799999237060547,340
2025-10-23,1.9735664129257202,2.059999942779541,2.259999990463257,2.059999942779541,2.059999942779541,1013
2025-10-24,2.1076924800872803,2.200000047683716,2.200000047683716,2.200000047683716,2.200000047683716,22
2025-10-27,1.9735664129257202,2.059999942779541,2.200000047683716,2.059999942779541,2.200000047683716,757
2025-10-28,1.9544055461883545,2.0399999618530273,2.0999999046325684,2.0399999618530273,2.0399999618530273,576
2025-10-29,2.165174722671509,2.259999990463257,2.299999952316284,2.0399999618530273,2.0399999618530273,7277
2025-10-30,2.2226572036743164,2.319999933242798,2.4000000953674316,2.299999952316284,2.4000000953674316,3682
2025-10-31,2.2226572036743164,2.319999933242798,2.4800000190734863,2.319999933242798,2.4600000381469727,1315
2025-11-03,2.2226572036743164,2.319999933242798,2.319999933242798,2.2200000286102295,2.2200000286102295,1128
2025-11-04,2.2418181896209717,2.3399999141693115,2.3399999141693115,2.299999952316284,2.319999933242798,80
2025-11-05,2.088531494140625,2.180000066757202,2.259999990463257,2.180000066757202,2.259999990463257,100
2025-11-06,2.2418181896209717,2.3399999141693115,2.3399999141693115,2.2799999713897705,2.2799999713897705,174
2025-11-07,2.2418181896209717,2.3399999141693115,2.3399999141693115,2.0999999046325684,2.0999999046325684,96
2025-11-10,2.280139923095703,2.380000114440918,2.380000114440918,2.299999952316284,2.3399999141693115,4631
2025-11-11,2.280139923095703,2.380000114440918,2.380000114440918,2.299999952316284,2.380000114440918,814
2025-11-12,2.2034964561462402,2.299999952316284,2.380000114440918,2.299999952316284,2.380000114440918,158
2025-11-13,2.2034964561462402,2.299999952316284,2.299999952316284,2.240000009536743,2.299999952316284,413
2025-11-14,2.2034964561462402,2.299999952316284,2.299999952316284,2.299999952316284,2.299999952316284,1115
2025-11-17,2.165174722671509,2.259999990463257,2.299999952316284,2.259999990463257,2.259999990463257,944
2025-11-18,2.2993009090423584,2.4000000953674316,2.4000000953674316,2.259999990463257,2.259999990463257,1722
2025-11-19,2.2993009090423584,2.4000000953674316,2.4000000953674316,2.380000114440918,2.380000114440918,758
2025-11-20,2.2993009090423584,2.4000000953674316,2.4000000953674316,2.380000114440918,2.380000114440918,125
2025-11-21,2.43342661857605,2.5399999618530273,2.5399999618530273,2.380000114440918,2.4000000953674316,1438
2025-11-24,2.548391819000244,2.6600000858306885,2.799999952316284,2.5199999809265137,2.5199999809265137,2105
2025-11-25,2.548391819000244,2.6600000858306885,2.6600000858306885,2.6600000858306885,2.6600000858306885,0
2025-11-26,2.6633565425872803,2.7799999713897705,2.799999952316284,2.7799999713897705,2.799999952316284,423
2025-11-27,2.43342661857605,2.5399999618530273,2.7799999713897705,2.5,2.7799999713897705,1832
2025-11-28,2.529230833053589,2.640000104904175,2.740000009536743,2.440000057220459,2.5799999237060547,1356
2025-12-01,2.529230833053589,2.640000104904175,2.640000104904175,2.640000104904175,2.640000104904175,28
2025-12-02,2.4142656326293945,2.5199999809265137,2.5199999809265137,2.5199999809265137,2.5199999809265137,93
2025-12-03,2.5867133140563965,2.700000047683716,2.700000047683716,2.5399999618530273,2.5399999618530273,2583
2025-12-04,2.529230833053589,2.640000104904175,2.759999990463257,2.559999942779541,2.7200000286102295,2078
2025-12-05,2.452587366104126,2.559999942779541,2.680000066757202,2.5199999809265137,2.640000104904175,609
2025-12-08,2.43342661857605,2.5399999618530273,2.559999942779541,2.5399999618530273,2.559999942779541,237
2025-12-09,2.5100698471069336,2.619999885559082,2.640000104904175,2.559999942779541,2.559999942779541,202
2025-12-10,2.5100698471069336,2.619999885559082,2.619999885559082,2.5999999046325684,2.5999999046325684,785
2025-12-11,2.529230833053589,2.640000104904175,2.640000104904175,2.619999885559082,2.619999885559082,574
2025-12-12,2.3951048851013184,2.5,2.6600000858306885,2.5,2.5999999046325684,1388
2025-12-15,2.452587366104126,2.559999942779541,2.6600000858306885,2.440000057220459,2.6600000858306885,1085
2025-12-16,2.43342661857605,2.5399999618530273,2.559999942779541,2.440000057220459,2.559999942779541,37
2025-12-17,2.4909090995788574,2.5999999046325684,2.5999999046325684,2.4000000953674316,2.4000000953674316,1828
2025-12-18,2.4909090995788574,2.5999999046325684,2.5999999046325684,2.380000114440918,2.5999999046325684,273
2025-12-19,2.4909090995788574,2.5999999046325684,2.5999999046325684,2.5999999046325684,2.5999999046325684,0
2025-12-22,2.3951048851013184,2.5,2.5799999237060547,2.4600000381469727,2.4800000190734863,3807
2025-12-23,2.471748113632202,2.5799999237060547,2.5999999046325684,2.5,2.5399999618530273,984
2025-12-29,2.3951048851013184,2.5,2.619999885559082,2.5,2.619999885559082,2152
2025-12-30,2.3184616565704346,2.4200000762939453,2.5199999809265137,2.4000000953674316,2.5199999809265137,2755
2026-01-02,2.356783390045166,2.4600000381469727,2.4600000381469727,2.4200000762939453,2.4200000762939453,162
2026-01-05,2.6825175285339355,2.799999952316284,2.799999952316284,2.5,2.5,225
2026-01-07,2.471748113632202,2.5799999237060547,2.7799999713897705,2.5799999237060547,2.7799999713897705,2014
2026-01-08,2.3951048851013184,2.5,2.559999942779541,2.4800000190734863,2.559999942779541,1347
2026-01-09,2.644195795059204,2.759999990463257,2.759999990463257,2.4800000190734863,2.5,222
2026-01-12,2.625035047531128,2.740000009536743,2.740000009536743,2.740000009536743,2.740000009536743,42
2026-01-13,2.529230833053589,2.640000104904175,2.640000104904175,2.640000104904175,2.640000104904175,101
2026-01-14,2.471748113632202,2.5799999237060547,2.740000009536743,2.5199999809265137,2.740000009536743,1760
2026-01-15,2.7591609954833984,2.880000114440918,2.9600000381469727,2.5399999618530273,2.5799999237060547,7255
2026-01-16,2.7591609954833984,2.880000114440918,2.880000114440918,2.7200000286102295,2.859999895095825,380
2026-01-19,2.740000009536743,2.859999895095825,2.880000114440918,2.700000047683716,2.700000047683716,2295
2026-01-20,2.8549649715423584,2.9800000190734863,3.0,2.7200000286102295,2.859999895095825,2113
2026-01-21,2.8358042240142822,2.9600000381469727,2.9800000190734863,2.9000000953674316,2.9800000190734863,427
2026-01-22,2.9316084384918213,3.059999942779541,3.059999942779541,2.7200000286102295,2.7200000286102295,4991
2026-01-23,2.8741259574890137,3.0,3.299999952316284,3.0,3.059999942779541,5455
2026-01-26,2.89328670501709,3.0199999809265137,3.0199999809265137,3.0,3.0,121
2026-01-27,2.9507691860198975,3.0799999237060547,3.140000104904175,3.0199999809265137,3.0199999809265137,779
2026-01-28,2.9507691860198975,3.0799999237060547,3.0799999237060547,3.0799999237060547,3.0799999237060547,146
2026-01-29,2.8358042240142822,2.9600000381469727,3.0799999237060547,2.9600000381469727,3.0799999237060547,25
2026-01-30,2.79748272895813,2.9200000762939453,2.9200000762939453,2.9000000953674316,2.9000000953674316,81
2026-02-02,2.7783217430114746,2.9000000953674316,3.0199999809265137,2.759999990463257,3.0199999809265137,2621
2026-02-03,2.7783217430114746,2.9000000953674316,2.9200000762939453,2.759999990463257,2.9000000953674316,2913
2026-02-04,2.7783217430114746,2.9000000953674316,2.9000000953674316,2.9000000953674316,2.9000000953674316,44
2026-02-05,2.7783217430114746,2.9000000953674316,2.9000000953674316,2.9000000953674316,2.9000000953674316,37
2026-02-06,2.816643476486206,2.940000057220459,2.940000057220459,2.799999952316284,2.9000000953674316,1107
2026-02-09,2.8741259574890137,3.0,3.0,2.940000057220459,2.9600000381469727,194
2026-02-10,2.8741259574890137,3.0,3.0,3.0,3.0,2
2026-02-11,2.8741259574890137,3.0,3.0,3.0,3.0,1
2026-02-12,2.8741259574890137,3.0,3.0,2.700000047683716,2.700000047683716,145
2026-02-13,2.5675525665283203,2.680000066757202,2.9800000190734863,2.680000066757202,2.9800000190734863,2222
2026-02-16,2.5675525665283203,2.680000066757202,2.680000066757202,2.619999885559082,2.680000066757202,226
2026-02-17,2.5675525665283203,2.680000066757202,2.680000066757202,2.5999999046325684,2.5999999046325684,357
2026-02-18,2.43342661857605,2.5399999618530273,2.5399999618530273,2.5,2.5399999618530273,63
2026-02-19,2.6825175285339355,2.799999952316284,2.799999952316284,2.5199999809265137,2.5399999618530273,414
2026-02-20,2.7783217430114746,2.9000000953674316,3.0,2.9000000953674316,2.9000000953674316,233
2026-02-23,2.644195795059204,2.759999990463257,2.880000114440918,2.5999999046325684,2.5999999046325684,895
2026-02-24,2.5100698471069336,2.619999885559082,2.880000114440918,2.619999885559082,2.880000114440918,63
2026-02-25,2.3951048851013184,2.5,2.5999999046325684,2.5,2.5999999046325684,1349
2026-02-26,2.356783390045166,2.4600000381469727,2.799999952316284,2.4600000381469727,2.799999952316284,2263
2026-02-27,2.452587366104126,2.559999942779541,2.819999933242798,2.5199999809265137,2.799999952316284,1865
2026-03-02,2.4909090995788574,2.5999999046325684,2.799999952316284,2.5999999046325684,2.759999990463257,619
2026-03-03,2.375944137573242,2.4800000190734863,2.5999999046325684,2.2799999713897705,2.5999999046325684,7132
2026-03-04,2.375944137573242,2.4800000190734863,2.4800000190734863,2.4600000381469727,2.4600000381469727,525
2026-03-05,2.280139923095703,2.380000114440918,2.680000066757202,2.380000114440918,2.680000066757202,51
2026-03-06,2.260978937149048,2.359999895095825,2.359999895095825,2.359999895095825,2.359999895095825,259
2026-03-09,2.2418181896209717,2.3399999141693115,2.799999952316284,2.3399999141693115,2.799999952316284,3577
2026-03-10,2.280139923095703,2.380000114440918,2.380000114440918,2.380000114440918,2.380000114440918,231
2026-03-11,2.4142656326293945,2.5199999809265137,2.5999999046325684,2.359999895095825,2.359999895095825,3169
2026-03-12,2.4142656326293945,2.5199999809265137,2.5199999809265137,2.4200000762939453,2.4200000762939453,2
2026-03-13,2.280139923095703,2.380000114440918,2.380000114440918,2.359999895095825,2.359999895095825,26
2026-03-16,2.2993009090423584,2.4000000953674316,2.5,2.4000000953674316,2.4600000381469727,702
2026-03-17,2.5867133140563965,2.700000047683716,2.700000047683716,2.4000000953674316,2.4000000953674316,536
2026-03-18,2.6058740615844727,2.7200000286102295,2.759999990463257,2.700000047683716,2.700000047683716,140
2026-03-19,2.5867133140563965,2.700000047683716,2.759999990463257,2.700000047683716,2.7200000286102295,1184
2026-03-20,2.625035047531128,2.740000009536743,2.740000009536743,2.740000009536743,2.740000009536743,3
2026-03-23,2.3376224040985107,2.440000057220459,2.5,2.4200000762939453,2.5,273
2026-03-24,2.471748113632202,2.5799999237060547,2.759999990463257,2.4600000381469727,2.4600000381469727,130
2026-03-25,2.625035047531128,2.740000009536743,2.740000009536743,2.440000057220459,2.440000057220459,493
2026-03-26,2.644195795059204,2.759999990463257,2.759999990463257,2.4800000190734863,2.740000009536743,1564
2026-03-27,2.6058740615844727,2.7200000286102295,2.759999990463257,2.700000047683716,2.759999990463257,653
2026-03-30,2.740000009536743,2.859999895095825,3.359999895095825,2.359999895095825,2.440000057220459,540
2026-03-31,2.7799999713897705,2.7799999713897705,2.859999895095825,2.7799999713897705,2.859999895095825,72
2026-04-01,2.7799999713897705,2.7799999713897705,2.7799999713897705,2.7799999713897705,2.7799999713897705,10
2026-04-02,2.799999952316284,2.799999952316284,2.799999952316284,2.680000066757202,2.680000066757202,249
2026-04-07,2.7200000286102295,2.7200000286102295,2.799999952316284,2.5,2.799999952316284,988
2026-04-08,2.7799999713897705,2.7799999713897705,2.799999952316284,2.700000047683716,2.799999952316284,56
2026-04-09,2.799999952316284,2.799999952316284,2.799999952316284,2.380000114440918,2.799999952316284,68
2026-04-10,2.700000047683716,2.700000047683716,2.799999952316284,2.4200000762939453,2.4200000762939453,60
2026-04-13,2.799999952316284,2.799999952316284,2.799999952316284,2.680000066757202,2.700000047683716,451
2026-04-14,2.799999952316284,2.799999952316284,2.799999952316284,2.799999952316284,2.799999952316284,25
2026-04-15,2.799999952316284,2.799999952316284,2.799999952316284,2.799999952316284,2.799999952316284,27
2026-04-16,2.799999952316284,2.799999952316284,2.9600000381469727,2.5999999046325684,2.799999952316284,675
2026-04-17,2.799999952316284,2.799999952316284,2.799999952316284,2.799999952316284,2.799999952316284,0
2026-04-20,2.799999952316284,2.799999952316284,2.799999952316284,2.799999952316284,2.799999952316284,0
2026-04-21,2.6600000858306885,2.6600000858306885,2.9000000953674316,2.6600000858306885,2.880000114440918,603
2026-04-22,2.799999952316284,2.799999952316284,2.880000114440918,2.799999952316284,2.880000114440918,142
2026-04-23,2.5199999809265137,2.5199999809265137,2.700000047683716,2.5199999809265137,2.700000047683716,137
2026-04-24,2.5999999046325684,2.5999999046325684,2.799999952316284,2.5999999046325684,2.799999952316284,56
2026-04-27,2.680000066757202,2.680000066757202,2.700000047683716,2.5999999046325684,2.5999999046325684,731
2026-04-28,2.5199999809265137,2.5199999809265137,2.7799999713897705,2.5199999809265137,2.7799999713897705,607
2026-04-29,2.4200000762939453,2.4200000762939453,2.5,2.4000000953674316,2.5,565
2026-04-30,2.4600000381469727,2.4600000381469727,2.5799999237060547,2.4600000381469727,2.5199999809265137,464
2026-05-04,2.4600000381469727,2.4600000381469727,2.7200000286102295,2.4600000381469727,2.4800000190734863,456
2026-05-05,2.4000000953674316,2.4000000953674316,2.5199999809265137,2.4000000953674316,2.5199999809265137,125
2026-05-06,2.4600000381469727,2.4600000381469727,2.5199999809265137,2.3399999141693115,2.380000114440918,2996
2026-05-07,2.359999895095825,2.359999895095825,2.359999895095825,2.319999933242798,2.319999933242798,3155
2026-05-08,2.4200000762939453,2.4200000762939453,2.4200000762939453,2.359999895095825,2.359999895095825,201
2026-05-11,2.380000114440918,2.380000114440918,2.440000057220459,2.2200000286102295,2.4200000762939453,7929
2026-05-12,2.2799999713897705,2.2799999713897705,2.2799999713897705,2.200000047683716,2.200000047683716,317
2026-05-13,2.299999952316284,2.299999952316284,2.319999933242798,2.2799999713897705,2.319999933242798,2423
2026-05-15,2.2200000286102295,2.2200000286102295,2.319999933242798,2.2200000286102295,2.2200000286102295,618
2026-05-18,2.200000047683716,2.200000047683716,2.200000047683716,2.1600000858306885,2.200000047683716,601
2026-05-19,2.200000047683716,2.200000047683716,2.5399999618530273,2.200000047683716,2.359999895095825,3323
2026-05-20,2.200000047683716,2.200000047683716,2.359999895095825,2.180000066757202,2.200000047683716,6187
2026-05-21,2.200000047683716,2.200000047683716,2.2799999713897705,2.180000066757202,2.240000009536743,2920
2026-05-22,2.2200000286102295,2.2200000286102295,2.3399999141693115,2.1600000858306885,2.200000047683716,1825
2026-05-25,2.2200000286102295,2.2200000286102295,2.299999952316284,2.200000047683716,2.200000047683716,3904
2026-05-26,2.3399999141693115,2.3399999141693115,2.3399999141693115,2.180000066757202,2.180000066757202,489
2026-05-27,2.299999952316284,2.299999952316284,2.299999952316284,2.180000066757202,2.180000066757202,117
2026-05-28,2.299999952316284,2.299999952316284,2.299999952316284,2.200000047683716,2.200000047683716,300
2026-05-29,2.200000047683716,2.200000047683716,2.200000047683716,2.200000047683716,2.200000047683716,3
2026-06-01,2.200000047683716,2.200000047683716,2.380000114440918,2.200000047683716,2.380000114440918,616
2026-06-02,2.0799999237060547,2.0799999237060547,2.140000104904175,2.0799999237060547,2.119999885559082,830
2026-06-03,2.140000104904175,2.140000104904175,2.380000114440918,2.0999999046325684,2.0999999046325684,533
2026-06-04,2.200000047683716,2.200000047683716,2.299999952316284,2.180000066757202,2.180000066757202,3741
2026-06-05,2.380000114440918,2.380000114440918,2.380000114440918,2.1600000858306885,2.1600000858306885,55
2026-06-08,2.200000047683716,2.200000047683716,2.380000114440918,2.200000047683716,2.380000114440918,630
2026-06-09,2.140000104904175,2.140000104904175,2.200000047683716,2.119999885559082,2.200000047683716,2092
2026-06-10,2.240000009536743,2.240000009536743,2.3399999141693115,2.240000009536743,2.240000009536743,2241
2026-06-11,2.200000047683716,2.200000047683716,2.2200000286102295,2.180000066757202,2.180000066757202,869
2026-06-12,2.200000047683716,2.200000047683716,2.4000000953674316,2.200000047683716,2.4000000953674316,206
2026-06-15,2.240000009536743,2.240000009536743,2.4200000762939453,2.240000009536743,2.359999895095825,1010
2026-06-16,2.200000047683716,2.200000047683716,2.200000047683716,2.200000047683716,2.200000047683716,8
2026-06-17,2.180000066757202,2.180000066757202,2.299999952316284,2.180000066757202,2.180000066757202,867
2026-06-18,2.180000066757202,2.180000066757202,2.180000066757202,2.180000066757202,2.180000066757202,150
2026-06-22,2.180000066757202,2.180000066757202,2.359999895095825,2.180000066757202,2.180000066757202,254
2026-06-23,2.180000066757202,2.180000066757202,2.180000066757202,2.180000066757202,2.180000066757202,0
2026-06-24,2.119999885559082,2.119999885559082,2.119999885559082,2.0999999046325684,2.0999999046325684,1435
2026-06-25,2.200000047683716,2.200000047683716,2.3399999141693115,2.200000047683716,2.3399999141693115,392
2026-06-26,2.0999999046325684,2.0999999046325684,2.0999999046325684,2.0999999046325684,2.0999999046325684,1
2026-06-29,2.119999885559082,2.119999885559082,2.119999885559082,2.119999885559082,2.119999885559082,104
2026-06-30,2.119999885559082,2.119999885559082,2.200000047683716,2.119999885559082,2.200000047683716,80
2026-07-01,2.0999999046325684,2.0999999046325684,2.0999999046325684,2.0999999046325684,2.0999999046325684,101
2026-07-02,2.119999885559082,2.119999885559082,2.2799999713897705,2.0999999046325684,2.0999999046325684,853
2026-07-03,2.2200000286102295,2.2200000286102295,2.240000009536743,2.2200000286102295,2.240000009536743,38
2026-07-06,2.2200000286102295,2.2200000286102295,2.2200000286102295,2.2200000286102295,2.2200000286102295,100
2026-07-07,2.0199999809265137,2.0199999809265137,2.0999999046325684,2.0199999809265137,2.0999999046325684,157
2026-07-08,2.0399999618530273,2.0399999618530273,2.0399999618530273,2.0199999809265137,2.0199999809265137,91
2026-07-09,2.299999952316284,2.299999952316284,2.319999933242798,2.299999952316284,2.299999952316284,310
2026-07-10,2.319999933242798,2.319999933242798,2.319999933242798,2.319999933242798,2.319999933242798,2
2026-07-13,2.319999933242798,2.319999933242798,2.319999933242798,2.319999933242798,2.319999933242798,1
2026-07-14,2.319999933242798,2.319999933242798,2.319999933242798,2.319999933242798,2.319999933242798,0
2026-07-15,2.200000047683716,2.200000047683716,2.200000047683716,2.200000047683716,2.200000047683716,25
2026-07-16,2.0999999046325684,2.0999999046325684,2.259999990463257,2.0999999046325684,2.200000047683716,135
2026-07-17,2.0999999046325684,2.0999999046325684,2.0999999046325684,2.0799999237060547,2.0799999237060547,96
2026-07-20,2.0999999046325684,2.0999999046325684,2.3399999141693115,2.0999999046325684,2.3399999141693115,1154
2026-07-21,2.0799999237060547,2.0799999237060547,2.0799999237060547,2.0799999237060547,2.0799999237060547,6
2026-07-22,2.0999999046325684,2.0999999046325684,2.140000104904175,2.0999999046325684,2.119999885559082,5049
2026-07-23,2.0999999046325684,2.0999999046325684,2.0999999046325684,2.0999999046325684,2.0999999046325684,558
2026-07-24,2.3399999141693115,2.3399999141693115,2.3399999141693115,2.0999999046325684,2.0999999046325684,363
2026-07-27,2.319999933242798,2.319999933242798,2.319999933242798,2.0999999046325684,2.299999952316284,24
2026-07-28,2.119999885559082,2.119999885559082,2.119999885559082,2.119999885559082,2.119999885559082,10
2026-07-29,2.1600000858306885,2.1600000858306885,2.1600000858306885,2.0999999046325684,2.0999999046325684,171
2026-07-30,2.0999999046325684,2.0999999046325684,2.319999933242798,2.0999999046325684,2.0999999046325684,589
2026-07-31,2.0999999046325684,2.0999999046325684,2.0999999046325684,2.0999999046325684,2.0999999046325684,329
2026-08-03,2.319999933242798,2.319999933242798,2.319999933242798,2.140000104904175,2.140000104904175,1162
2026-08-04,2.4200000762939453,2.4200000762939453,2.4200000762939453,2.200000047683716,2.200000047683716,1053
2026-08-05,2.200000047683716,2.200000047683716,2.380000114440918,2.200000047683716,2.299999952316284,721
2026-08-06,2.299999952316284,2.299999952316284,2.380000114440918,2.119999885559082,2.380000114440918,330
2026-08-07,2.299999952316284,2.299999952316284,2.319999933242798,2.299999952316284,2.319999933242798,982
2026-08-10,2.299999952316284,2.299999952316284,2.4600000381469727,2.299999952316284,2.4000000953674316,1844
2026-08-11,2.200000047683716,2.200000047683716,2.200000047683716,2.119999885559082,2.119999885559082,30
2026-08-12,2.200000047683716,2.200000047683716,2.4000000953674316,2.200000047683716,2.4000000953674316,535
2026-08-13,2.359999895095825,2.359999895095825,2.4000000953674316,2.240000009536743,2.240000009536743,311
2026-08-14,2.3399999141693115,2.3399999141693115,2.359999895095825,2.3399999141693115,2.359999895095825,151
2026-08-17,2.299999952316284,2.299999952316284,2.299999952316284,2.299999952316284,2.299999952316284,20
2026-08-18,2.359999895095825,2.359999895095825,2.359999895095825,2.359999895095825,2.359999895095825,2457
2026-08-19,2.4000000953674316,2.4000000953674316,2.4000000953674316,2.380000114440918,2.4000000953674316,2047
2026-08-20,2.380000114440918,2.380000114440918,2.4000000953674316,2.380000114440918,2.4000000953674316,35
2026-08-21,2.4000000953674316,2.4000000953674316,2.4000000953674316,2.4000000953674316,2.4000000953674316,30
2026-08-24,2.299999952316284,2.299999952316284,2.4000000953674316,2.0999999046325684,2.0999999046325684,2930
2026-08-25,2.200000047683716,2.200000047683716,2.380000114440918,2.200000047683716,2.299999952316284,97
2026-08-26,2.380000114440918,2.380000114440918,2.380000114440918,2.380000114440918,2.380000114440918,2
2026-08-27,2.359999895095825,2.359999895095825,2.380000114440918,2.200000047683716,2.200000047683716,3092
2026-08-28,2.2799999713897705,2.2799999713897705,2.3399999141693115,2.1600000858306885,2.3399999141693115,4574
2026-08-31,2.180000066757202,2.180000066757202,2.299999952316284,2.1600000858306885,2.2799999713897705,100
2026-09-01,2.140000104904175,2.140000104904175,2.259999990463257,2.140000104904175,2.259999990463257,677
2026-09-02,2.180000066757202,2.180000066757202,2.2799999713897705,2.140000104904175,2.140000104904175,73
2026-09-03,2.140000104904175,2.140000104904175,2.2799999713897705,2.119999885559082,2.119999885559082,607
2026-09-04,2.200000047683716,2.200000047683716,2.200000047683716,2.1600000858306885,2.1600000858306885,246
2026-09-08,2.200000047683716,2.200000047683716,2.200000047683716,2.1600000858306885,2.1600000858306885,21
2026-09-09,2.2200000286102295,2.2200000286102295,2.259999990463257,2.1600000858306885,2.1600000858306885,140
2026-09-10,2.1600000858306885,2.1600000858306885,2.1600000858306885,2.1600000858306885,2.1600000858306885,215
2026-09-11,2.140000104904175,2.140000104904175,2.2799999713897705,2.140000104904175,2.2799999713897705,92
2026-09-14,2.180000066757202,2.180000066757202,2.180000066757202,2.140000104904175,2.1600000858306885,521
2026-09-15,2.200000047683716,2.200000047683716,2.200000047683716,2.200000047683716,2.200000047683716,1
2026-09-16,2.180000066757202,2.180000066757202,2.180000066757202,2.119999885559082,2.119999885559082,1034
