Price,Adj Close,Close,High,Low,Open,Volume
Ticker,UPM.HE,UPM.HE,UPM.HE,UPM.HE,UPM.HE,UPM.HE
Date,,,,,,
2016-01-04,10.401310920715332,17.229999542236328,17.329999923706055,17.049999237060547,17.110000610351562,810110
2016-01-05,10.039105415344238,16.6299991607666,16.959999084472656,16.549999237060547,16.790000915527344,1156210
2016-01-07,10.039105415344238,16.6299991607666,16.959999084472656,16.549999237060547,16.790000915527344,1156210
2016-01-08,9.749342918395996,16.149999618530273,16.65999984741211,16.059999465942383,16.1200008392334,1924062
2016-01-11,9.99685001373291,16.559999465942383,16.829999923706055,16.0,16.030000686645508,1618734
2016-01-12,10.07532787322998,16.690000534057617,16.84000015258789,16.450000762939453,16.5,1242781
2016-01-13,10.159843444824219,16.829999923706055,17.149999618530273,16.700000762939453,16.899999618530273,1559739
2016-01-14,9.224145889282227,15.279999732971191,16.31999969482422,15.0600004196167,16.31999969482422,5009897
2016-01-15,8.855905532836914,14.670000076293945,15.350000381469727,14.569999694824219,15.300000190734863,3082016
2016-01-18,8.801572799682617,14.579999923706055,14.90999984741211,14.479999542236328,14.670000076293945,1420243
2016-01-19,8.976638793945312,14.869999885559082,15.079999923706055,14.760000228881836,14.920000076293945,1786244
2016-01-20,8.656692504882812,14.34000015258789,14.710000038146973,14.270000457763672,14.600000381469727,2016613
2016-01-21,8.867979049682617,14.6899995803833,14.720000267028809,14.319999694824219,14.470000267028809,1851027
2016-01-22,9.018898010253906,14.9399995803833,15.140000343322754,14.739999771118164,14.9399995803833,2146706
2016-01-25,8.946455955505371,14.819999694824219,15.1899995803833,14.729999542236328,15.050000190734863,1286609
2016-01-26,9.055118560791016,15.0,15.0,14.34000015258789,14.600000381469727,1461263
2016-01-27,9.085301399230957,15.050000190734863,15.119999885559082,14.869999885559082,15.0,1258974
2016-01-28,9.000787734985352,14.90999984741211,15.260000228881836,14.819999694824219,15.0,1769953
2016-01-29,9.024934768676758,14.949999809265137,15.180000305175781,14.75,15.149999618530273,2132178
2016-02-01,9.109448432922363,15.09000015258789,15.479999542236328,14.8100004196167,15.449999809265137,1909047
2016-02-02,9.688974380493164,16.049999237060547,16.1200008392334,15.359999656677246,15.649999618530273,3567370
2016-02-03,9.417323112487793,15.600000381469727,15.989999771118164,15.4399995803833,15.630000114440918,2506225
2016-02-04,9.018898010253906,14.9399995803833,15.890000343322754,14.829999923706055,15.680000305175781,2699507
2016-02-05,9.03097152709961,14.960000038146973,15.25,14.630000114440918,14.850000381469727,2245157
2016-02-08,8.614435195922852,14.270000457763672,15.210000038146973,14.210000038146973,15.09000015258789,1727402
2016-02-09,8.511809349060059,14.100000381469727,14.359999656677246,13.829999923706055,14.180000305175781,2369004
2016-02-10,8.656692504882812,14.34000015258789,14.670000076293945,13.9399995803833,14.100000381469727,1853667
2016-02-11,8.312597274780273,13.770000457763672,14.25,13.760000228881836,14.25,2030083
2016-02-12,8.535957336425781,14.140000343322754,14.239999771118164,13.710000038146973,13.75,2142759
2016-02-15,8.898161888122559,14.739999771118164,14.850000381469727,14.510000228881836,14.510000228881836,1240047
2016-02-16,8.807612419128418,14.59000015258789,15.170000076293945,14.550000190734863,14.970000267028809,1428726
2016-02-17,9.272439956665039,15.359999656677246,15.420000076293945,14.699999809265137,14.729999542236328,1588687
2016-02-18,9.417323112487793,15.600000381469727,15.710000038146973,15.229999542236328,15.399999618530273,1314174
2016-02-19,9.435431480407715,15.630000114440918,15.800000190734863,15.529999732971191,15.550000190734863,1355908
2016-02-22,9.652755737304688,15.989999771118164,16.110000610351562,15.789999961853027,15.800000190734863,1365526
2016-02-23,9.399212837219238,15.569999694824219,15.989999771118164,15.520000457763672,15.989999771118164,1111977
2016-02-24,9.109448432922363,15.09000015258789,15.569999694824219,14.979999542236328,15.5600004196167,1731123
2016-02-25,9.181888580322266,15.210000038146973,15.569999694824219,15.199999809265137,15.279999732971191,1847258
2016-02-26,9.278478622436523,15.369999885559082,15.579999923706055,15.279999732971191,15.4399995803833,1285833
2016-02-29,9.447505950927734,15.649999618530273,15.6899995803833,15.210000038146973,15.260000228881836,1493527
2016-03-01,9.634645462036133,15.960000038146973,15.979999542236328,15.460000038146973,15.569999694824219,1349241
2016-03-02,9.556167602539062,15.829999923706055,16.25,15.640000343322754,16.079999923706055,1684329
2016-03-03,9.66482925415039,16.010000228881836,16.079999923706055,15.800000190734863,15.9399995803833,1146912
2016-03-04,9.731233596801758,16.1200008392334,16.239999771118164,15.819999694824219,16.18000030517578,1701049
2016-03-07,9.447505950927734,15.649999618530273,16.18000030517578,15.529999732971191,16.1200008392334,1553425
2016-03-08,9.254329681396484,15.329999923706055,15.640000343322754,15.1899995803833,15.619999885559082,1695771
2016-03-09,9.320734024047852,15.4399995803833,15.5600004196167,15.279999732971191,15.449999809265137,1540968
2016-03-10,9.218110084533691,15.270000457763672,15.850000381469727,15.220000267028809,15.4399995803833,1346118
2016-03-11,9.387139320373535,15.550000190734863,15.710000038146973,15.390000343322754,15.529999732971191,1045385
2016-03-14,9.707085609436035,16.079999923706055,16.079999923706055,15.710000038146973,15.739999771118164,1439657
2016-03-15,9.519947052001953,15.770000457763672,16.100000381469727,15.680000305175781,15.899999618530273,1355255
2016-03-16,9.598424911499023,15.899999618530273,15.989999771118164,15.819999694824219,15.90999984741211,1211577
2016-03-17,9.731233596801758,16.1200008392334,16.420000076293945,15.960000038146973,16.229999542236328,2748693
2016-03-18,9.725196838378906,16.110000610351562,16.260000228881836,15.970000267028809,16.1200008392334,2280374
2016-03-21,9.713123321533203,16.09000015258789,16.239999771118164,15.920000076293945,16.040000915527344,1127349
2016-03-22,9.737269401550293,16.1299991607666,16.139999389648438,15.760000228881836,16.06999969482422,989982
2016-03-23,9.942519187927246,16.469999313354492,16.469999313354492,16.18000030517578,16.280000686645508,2050750
2016-03-24,9.882153511047363,16.3700008392334,16.469999313354492,16.190000534057617,16.420000076293945,1164804
2016-03-29,9.809710502624512,16.25,16.559999465942383,16.200000762939453,16.5,1926688
2016-03-30,9.845931053161621,16.309999465942383,16.600000381469727,16.260000228881836,16.459999084472656,1865456
2016-03-31,9.610499382019043,15.920000076293945,16.219999313354492,15.90999984741211,16.209999084472656,1889845
2016-04-01,9.405247688293457,15.579999923706055,15.829999923706055,15.460000038146973,15.800000190734863,1590312
2016-04-04,9.411285400390625,15.59000015258789,15.739999771118164,15.460000038146973,15.640000343322754,1532715
2016-04-05,9.471652030944824,15.6899995803833,15.800000190734863,15.420000076293945,15.5600004196167,2333729
2016-04-06,9.187925338745117,15.220000267028809,15.789999961853027,15.149999618530273,15.739999771118164,2062407
2016-04-07,9.018898010253906,14.9399995803833,15.350000381469727,14.90999984741211,15.329999923706055,2064676
2016-04-08,9.184148788452148,14.449999809265137,14.5,14.130000114440918,14.319999694824219,2018376
2016-04-11,9.222284317016602,14.510000228881836,14.5600004196167,14.260000228881836,14.460000038146973,1223136
2016-04-12,9.254063606262207,14.5600004196167,14.569999694824219,14.109999656677246,14.550000190734863,2186922
2016-04-13,9.686257362365723,15.239999771118164,15.279999732971191,14.670000076293945,14.680000305175781,2132786
2016-04-14,9.813373565673828,15.4399995803833,15.460000038146973,15.180000305175781,15.329999923706055,1522749
2016-04-15,9.660835266113281,15.199999809265137,15.380000114440918,15.199999809265137,15.380000114440918,1204896
2016-04-18,9.80701732635498,15.430000305175781,15.569999694824219,14.9399995803833,15.069999694824219,1658722
2016-04-19,9.81972885131836,15.449999809265137,15.630000114440918,15.3100004196167,15.449999809265137,1726478
2016-04-20,9.965912818908691,15.680000305175781,15.680000305175781,15.319999694824219,15.449999809265137,1521929
2016-04-21,9.813373565673828,15.4399995803833,15.640000343322754,15.15999984741211,15.609999656677246,1537561
2016-04-22,9.667191505432129,15.210000038146973,15.399999618530273,15.109999656677246,15.399999618530273,1543939
2016-04-25,9.476515769958496,14.90999984741211,15.239999771118164,14.850000381469727,15.210000038146973,1812025
2016-04-26,10.328193664550781,16.25,16.75,15.699999809265137,16.100000381469727,5224623
2016-04-27,10.56971549987793,16.6299991607666,16.75,16.100000381469727,16.100000381469727,2565857
2016-04-28,10.86208438873291,17.09000015258789,17.170000076293945,16.530000686645508,16.639999389648438,2929059
2016-04-29,10.601494789123535,16.68000030517578,17.079999923706055,16.56999969482422,17.030000686645508,2487530
2016-05-02,10.49344539642334,16.510000228881836,16.75,16.399999618530273,16.639999389648438,1518644
2016-05-03,10.404465675354004,16.3700008392334,16.520000457763672,16.100000381469727,16.489999771118164,2672925
2016-05-04,10.448955535888672,16.440000534057617,16.549999237060547,16.280000686645508,16.399999618530273,2013897
2016-05-06,10.448955535888672,16.440000534057617,16.559999465942383,16.200000762939453,16.43000030517578,1492007
2016-05-09,10.531579971313477,16.56999969482422,16.639999389648438,16.40999984741211,16.469999313354492,1626056
2016-05-10,10.55064868927002,16.600000381469727,16.68000030517578,16.360000610351562,16.6299991607666,1628059
2016-05-11,10.582426071166992,16.649999618530273,16.729999542236328,16.360000610351562,16.59000015258789,1461152
2016-05-12,10.468021392822266,16.469999313354492,16.700000762939453,16.260000228881836,16.530000686645508,1534106
2016-05-13,10.461668014526367,16.459999084472656,16.510000228881836,16.09000015258789,16.450000762939453,1441905
2016-05-16,10.537936210632324,16.579999923706055,16.600000381469727,16.31999969482422,16.440000534057617,643612
2016-05-17,10.557004928588867,16.610000610351562,16.770000457763672,16.520000457763672,16.600000381469727,1041585
2016-05-18,10.544291496276855,16.59000015258789,16.649999618530273,16.350000381469727,16.579999923706055,1209195
2016-05-19,10.518868446350098,16.549999237060547,16.600000381469727,16.309999465942383,16.489999771118164,1470481
2016-05-20,10.582426071166992,16.649999618530273,16.809999465942383,16.56999969482422,16.600000381469727,1133771
2016-05-23,10.557004928588867,16.610000610351562,16.770000457763672,16.469999313354492,16.68000030517578,1014644
2016-05-24,10.703187942504883,16.84000015258789,16.850000381469727,16.3799991607666,16.579999923706055,1440864
2016-05-25,10.72225570678711,16.8700008392334,16.979999542236328,16.780000686645508,16.889999389648438,1173064
2016-05-26,10.963775634765625,17.25,17.270000457763672,16.850000381469727,16.850000381469727,1520370
2016-05-27,10.982845306396484,17.280000686645508,17.280000686645508,17.09000015258789,17.200000762939453,1502770
2016-05-30,10.95742130279541,17.239999771118164,17.270000457763672,17.030000686645508,17.25,807597
2016-05-31,10.989200592041016,17.290000915527344,17.3799991607666,17.15999984741211,17.280000686645508,2109547
2016-06-01,10.95742130279541,17.239999771118164,17.280000686645508,17.059999465942383,17.260000228881836,1581292
2016-06-02,10.95742130279541,17.239999771118164,17.329999923706055,17.15999984741211,17.25,2285882
2016-06-03,10.773100852966309,16.950000762939453,17.360000610351562,16.90999984741211,17.329999923706055,1644974
2016-06-06,10.944708824157715,17.219999313354492,17.229999542236328,16.950000762939453,16.950000762939453,867463
2016-06-07,11.020977973937988,17.34000015258789,17.360000610351562,17.219999313354492,17.329999923706055,1521756
2016-06-08,11.071823120117188,17.420000076293945,17.520000457763672,17.290000915527344,17.329999923706055,1421839
2016-06-09,11.020977973937988,17.34000015258789,17.5,17.25,17.420000076293945,1285667
2016-06-10,10.741320610046387,16.899999618530273,17.34000015258789,16.889999389648438,17.34000015258789,1474901
2016-06-13,10.588783264160156,16.65999984741211,16.8799991607666,16.540000915527344,16.75,1881997
2016-06-14,10.372684478759766,16.31999969482422,16.579999923706055,16.309999465942383,16.549999237060547,1480212
2016-06-15,10.436245918273926,16.420000076293945,16.559999465942383,16.3700008392334,16.43000030517578,1216004
2016-06-16,10.277347564697266,16.170000076293945,16.329999923706055,16.139999389648438,16.25,1841368
2016-06-17,10.468021392822266,16.469999313354492,16.610000610351562,16.280000686645508,16.34000015258789,2154208
2016-06-20,10.874795913696289,17.110000610351562,17.139999389648438,16.809999465942383,16.850000381469727,1244398
2016-06-21,10.919286727905273,17.18000030517578,17.200000762939453,16.920000076293945,17.100000381469727,1280595
2016-06-22,10.938350677490234,17.209999084472656,17.299999237060547,17.010000228881836,17.18000030517578,1175211
2016-06-23,11.281566619873047,17.75,17.780000686645508,17.15999984741211,17.209999084472656,2558342
2016-06-27,9.965912818908691,15.680000305175781,16.56999969482422,15.609999656677246,15.699999809265137,4060308
2016-06-28,10.143876075744629,15.960000038146973,16.190000534057617,15.880000114440918,16.100000381469727,1686585
2016-06-29,10.353617668151855,16.290000915527344,16.34000015258789,16.020000457763672,16.280000686645508,2017471
2016-06-30,10.423531532287598,16.399999618530273,16.520000457763672,16.030000686645508,16.280000686645508,2655465
2016-07-01,10.944708824157715,17.219999313354492,17.270000457763672,16.479999542236328,16.549999237060547,1825418
2016-07-04,10.849370956420898,17.06999969482422,17.479999542236328,17.059999465942383,17.219999313354492,1061850
2016-07-05,10.506156921386719,16.530000686645508,17.059999465942383,16.360000610351562,17.0,1444607
2016-07-06,10.398109436035156,16.360000610351562,16.559999465942383,16.1200008392334,16.459999084472656,1257695
2016-07-07,10.455309867858887,16.450000762939453,16.690000534057617,16.3799991607666,16.420000076293945,1333361
2016-07-08,10.658696174621582,16.770000457763672,16.780000686645508,16.3700008392334,16.43000030517578,1467858
2016-07-11,10.95742130279541,17.239999771118164,17.270000457763672,16.959999084472656,16.989999771118164,1310932
2016-07-12,11.040046691894531,17.3700008392334,17.489999771118164,17.200000762939453,17.239999771118164,1666554
2016-07-13,11.059111595153809,17.399999618530273,17.59000015258789,17.280000686645508,17.350000381469727,1420109
2016-07-14,11.141738891601562,17.530000686645508,17.59000015258789,17.40999984741211,17.5,1174601
2016-07-15,11.103601455688477,17.469999313354492,17.510000228881836,17.31999969482422,17.5,937905
2016-07-18,11.141738891601562,17.530000686645508,17.610000610351562,17.34000015258789,17.43000030517578,1023084
2016-07-19,11.141738891601562,17.530000686645508,17.6299991607666,17.329999923706055,17.5,1156310
2016-07-20,11.218008995056152,17.649999618530273,17.790000915527344,17.510000228881836,17.549999237060547,1596299
2016-07-21,11.198941230773926,17.6200008392334,17.889999389648438,17.200000762939453,17.719999313354492,1408478
2016-07-22,11.351481437683105,17.860000610351562,17.950000762939453,17.489999771118164,17.520000457763672,1209560
2016-07-25,11.37690258026123,17.899999618530273,18.139999389648438,17.709999084472656,17.889999389648438,1446743
2016-07-26,11.783677101135254,18.540000915527344,18.93000030517578,18.489999771118164,18.75,2457771
2016-07-27,11.599358558654785,18.25,19.209999084472656,18.040000915527344,18.90999984741211,2684566
2016-07-28,11.688338279724121,18.389999389648438,18.579999923706055,18.270000457763672,18.299999237060547,1352059
2016-07-29,11.713762283325195,18.43000030517578,18.469999313354492,18.190000534057617,18.40999984741211,1883480
2016-08-01,11.637491226196289,18.309999465942383,18.6299991607666,18.139999389648438,18.489999771118164,1228064
2016-08-02,11.497664451599121,18.09000015258789,18.3700008392334,17.84000015258789,18.290000915527344,1538389
2016-08-03,11.472241401672363,18.049999237060547,18.200000762939453,17.860000610351562,18.09000015258789,1340907
2016-08-04,11.605711936950684,18.260000228881836,18.309999465942383,18.030000686645508,18.100000381469727,1354860
2016-08-05,11.828166007995605,18.610000610351562,18.709999084472656,18.290000915527344,18.389999389648438,1756862
2016-08-08,11.936217308044434,18.780000686645508,18.8799991607666,18.65999984741211,18.729999542236328,876731
2016-08-09,12.17773723602295,19.15999984741211,19.15999984741211,18.700000762939453,18.760000228881836,1269158
2016-08-10,12.018839836120605,18.90999984741211,19.1299991607666,18.8799991607666,19.040000915527344,1345782
2016-08-11,12.037909507751465,18.940000534057617,19.0,18.8700008392334,18.950000762939453,1119797
2016-08-12,11.980705261230469,18.850000381469727,18.969999313354492,18.75,18.93000030517578,1038630
2016-08-15,11.987062454223633,18.860000610351562,18.889999389648438,18.59000015258789,18.81999969482422,1004587
2016-08-16,11.821810722351074,18.600000381469727,18.950000762939453,18.540000915527344,18.790000915527344,1964672
2016-08-17,11.7010498046875,18.40999984741211,18.600000381469727,18.329999923706055,18.549999237060547,941439
2016-08-18,11.840879440307617,18.6299991607666,18.65999984741211,18.469999313354492,18.540000915527344,660463
2016-08-19,11.713762283325195,18.43000030517578,18.690000534057617,18.270000457763672,18.670000076293945,552963
2016-08-22,11.70740795135498,18.420000076293945,18.6299991607666,18.299999237060547,18.459999084472656,766805
2016-08-23,11.790031433105469,18.549999237060547,18.639999389648438,18.469999313354492,18.530000686645508,741642
2016-08-24,11.821810722351074,18.600000381469727,18.75,18.399999618530273,18.479999542236328,913741
2016-08-25,11.834524154663086,18.6200008392334,18.65999984741211,18.40999984741211,18.59000015258789,1088411
2016-08-26,11.987062454223633,18.860000610351562,18.860000610351562,18.600000381469727,18.649999618530273,778207
2016-08-29,11.917146682739258,18.75,18.770000457763672,18.56999969482422,18.770000457763672,546106
2016-08-30,11.758251190185547,18.5,18.799999237060547,18.469999313354492,18.770000457763672,1200118
2016-08-31,11.446818351745605,18.010000228881836,18.489999771118164,17.959999084472656,18.399999618530273,1936402
2016-09-01,11.49130630493164,18.079999923706055,18.350000381469727,17.969999313354492,18.1299991607666,1908238
2016-09-02,11.853590965270996,18.649999618530273,18.65999984741211,18.1299991607666,18.18000030517578,1522869
2016-09-05,11.847233772277832,18.639999389648438,18.850000381469727,18.600000381469727,18.649999618530273,996842
2016-09-06,11.828166007995605,18.610000610351562,18.799999237060547,18.559999465942383,18.68000030517578,845995
2016-09-07,11.936217308044434,18.780000686645508,18.799999237060547,18.579999923706055,18.649999618530273,677184
2016-09-08,11.885367393493652,18.700000762939453,19.020000457763672,18.65999984741211,18.780000686645508,1104427
2016-09-09,11.631134986877441,18.299999237060547,18.75,18.260000228881836,18.700000762939453,1040713
2016-09-12,11.548511505126953,18.170000076293945,18.170000076293945,17.8799991607666,18.020000457763672,1145074
2016-09-13,11.351481437683105,17.860000610351562,18.31999969482422,17.84000015258789,18.25,1281204
2016-09-14,11.402328491210938,17.940000534057617,18.15999984741211,17.8799991607666,17.940000534057617,1028046
2016-09-15,11.453174591064453,18.020000457763672,18.040000915527344,17.84000015258789,17.950000762939453,841072
2016-09-16,11.446818351745605,18.010000228881836,18.149999618530273,17.809999465942383,17.959999084472656,1177261
2016-09-19,11.669270515441895,18.360000610351562,18.3700008392334,18.09000015258789,18.09000015258789,778000
2016-09-20,11.681982040405273,18.3799991607666,18.540000915527344,18.239999771118164,18.360000610351562,997084
2016-09-21,11.770965576171875,18.520000457763672,18.649999618530273,18.420000076293945,18.520000457763672,771309
2016-09-22,11.980705261230469,18.850000381469727,18.8799991607666,18.649999618530273,18.700000762939453,1006918
2016-09-23,11.942570686340332,18.790000915527344,18.889999389648438,18.670000076293945,18.770000457763672,1075248
2016-09-26,11.790031433105469,18.549999237060547,18.760000228881836,18.510000228881836,18.760000228881836,737012
2016-09-27,11.847233772277832,18.639999389648438,18.709999084472656,18.3700008392334,18.639999389648438,949409
2016-09-28,11.993416786193848,18.8700008392334,18.979999542236328,18.649999618530273,18.65999984741211,1030559
2016-09-29,11.859945297241211,18.65999984741211,19.030000686645508,18.6200008392334,19.0,1019006
2016-09-30,11.94892406463623,18.799999237060547,18.829999923706055,18.280000686645508,18.530000686645508,1350891
2016-10-03,12.082396507263184,19.010000228881836,19.010000228881836,18.760000228881836,18.790000915527344,985934
2016-10-04,11.961640357971191,18.81999969482422,19.1200008392334,18.790000915527344,19.0,1614750
2016-10-05,11.987062454223633,18.860000610351562,18.899999618530273,18.6200008392334,18.760000228881836,1631566
2016-10-06,12.00612735748291,18.889999389648438,18.979999542236328,18.770000457763672,18.850000381469727,918790
2016-10-07,12.012486457824707,18.899999618530273,19.010000228881836,18.790000915527344,18.8799991607666,1496562
2016-10-10,12.171380043029785,19.149999618530273,19.149999618530273,18.790000915527344,18.899999618530273,740256
2016-10-11,12.12053394317627,19.06999969482422,19.280000686645508,19.059999465942383,19.149999618530273,981023
2016-10-12,11.967994689941406,18.829999923706055,19.149999618530273,18.780000686645508,19.059999465942383,942739
2016-10-13,11.87265682220459,18.68000030517578,18.75,18.510000228881836,18.75,1333585
2016-10-14,11.987062454223633,18.860000610351562,18.979999542236328,18.799999237060547,18.829999923706055,890989
2016-10-17,11.955279350280762,18.809999465942383,18.90999984741211,18.6299991607666,18.780000686645508,890197
2016-10-18,12.13960075378418,19.100000381469727,19.139999389648438,18.850000381469727,18.969999313354492,1178925
2016-10-19,12.23493766784668,19.25,19.290000915527344,19.059999465942383,19.100000381469727,1181260
2016-10-20,12.196805000305176,19.190000534057617,19.290000915527344,19.110000610351562,19.25,1296316
2016-10-21,12.222228050231934,19.229999542236328,19.350000381469727,19.18000030517578,19.25,1041250
2016-10-24,12.063331604003906,18.979999542236328,19.309999465942383,18.979999542236328,19.25,1306479
2016-10-25,13.359916687011719,21.020000457763672,21.299999237060547,19.700000762939453,19.700000762939453,4581845
2016-10-26,13.40440845489502,21.09000015258789,21.290000915527344,20.829999923706055,21.020000457763672,1811305
2016-10-27,13.576013565063477,21.360000610351562,21.489999771118164,21.079999923706055,21.100000381469727,1624436
2016-10-28,13.696773529052734,21.549999237060547,21.739999771118164,21.290000915527344,21.5,2000319
2016-10-31,13.474323272705078,21.200000762939453,21.6299991607666,21.030000686645508,21.040000915527344,1963839
2016-11-01,13.347204208374023,21.0,21.459999084472656,21.0,21.209999084472656,1405506
2016-11-02,13.23279857635498,20.81999969482422,21.010000228881836,20.690000534057617,20.969999313354492,1326956
2016-11-03,13.277290344238281,20.889999389648438,21.049999237060547,20.780000686645508,20.81999969482422,1384453
2016-11-04,13.09933090209961,20.610000610351562,20.84000015258789,20.510000228881836,20.84000015258789,1018338
2016-11-07,13.302714347839355,20.93000030517578,21.06999969482422,20.84000015258789,20.8700008392334,762928
2016-11-08,13.239156723022461,20.829999923706055,21.06999969482422,20.719999313354492,20.920000076293945,898863
2016-11-09,13.779400825500488,21.68000030517578,21.760000228881836,20.040000915527344,20.1200008392334,2412335
2016-11-10,13.95736312866211,21.959999084472656,22.190000534057617,21.670000076293945,21.75,2189591
2016-11-11,13.474323272705078,21.200000762939453,22.010000228881836,21.09000015258789,22.0,1262241
2016-11-14,13.429830551147461,21.1299991607666,21.459999084472656,20.799999237060547,21.280000686645508,1674385
2016-11-15,13.506101608276367,21.25,21.299999237060547,20.739999771118164,21.06999969482422,1477558
2016-11-16,13.328139305114746,20.969999313354492,21.389999389648438,20.790000915527344,21.329999923706055,1059154
2016-11-17,13.512455940246582,21.260000228881836,21.260000228881836,20.93000030517578,20.940000534057617,1156160
2016-11-18,13.569657325744629,21.350000381469727,21.5,21.09000015258789,21.290000915527344,1227816
2016-11-21,13.639571189880371,21.459999084472656,21.5,21.09000015258789,21.5,883818
2016-11-22,13.741267204284668,21.6200008392334,21.700000762939453,21.450000762939453,21.5,1124947
2016-11-23,13.7921142578125,21.700000762939453,22.149999618530273,21.6200008392334,21.68000030517578,1461488
2016-11-24,13.817534446716309,21.739999771118164,21.950000762939453,21.690000534057617,21.719999313354492,1439497
2016-11-25,13.817534446716309,21.739999771118164,21.81999969482422,21.489999771118164,21.75,583318
2016-11-28,13.588726043701172,21.3799991607666,21.899999618530273,21.350000381469727,21.8799991607666,949570
2016-11-29,13.6522855758667,21.479999542236328,21.610000610351562,21.200000762939453,21.389999389648438,979989
2016-11-30,13.728553771972656,21.600000381469727,21.850000381469727,21.450000762939453,21.479999542236328,2115817
2016-12-01,13.709486961364746,21.56999969482422,21.760000228881836,21.450000762939453,21.639999389648438,1035271
2016-12-02,13.703131675720215,21.559999465942383,21.649999618530273,21.469999313354492,21.540000915527344,1034831
2016-12-05,13.684062957763672,21.530000686645508,21.690000534057617,21.459999084472656,21.540000915527344,1279136
2016-12-07,13.951007843017578,21.950000762939453,22.040000915527344,21.670000076293945,21.790000915527344,2133326
2016-12-08,14.198884963989258,22.34000015258789,22.34000015258789,21.84000015258789,22.06999969482422,2061928
2016-12-09,14.02092170715332,22.059999465942383,22.360000610351562,21.959999084472656,22.299999237060547,1518325
2016-12-12,14.103547096252441,22.190000534057617,22.309999465942383,21.989999771118164,22.030000686645508,1920597
2016-12-13,14.287866592407227,22.479999542236328,22.479999542236328,22.079999923706055,22.229999542236328,1635974
2016-12-14,14.084478378295898,22.15999984741211,22.729999542236328,22.06999969482422,22.459999084472656,2073912
2016-12-15,14.268797874450684,22.450000762939453,22.5,22.020000457763672,22.15999984741211,2269609
2016-12-16,14.141680717468262,22.25,22.489999771118164,22.25,22.420000076293945,2065990
2016-12-19,14.275154113769531,22.459999084472656,22.719999313354492,22.100000381469727,22.209999084472656,1246259
2016-12-20,14.357780456542969,22.59000015258789,22.770000457763672,22.459999084472656,22.5,980347
2016-12-21,14.440403938293457,22.719999313354492,22.75,22.520000457763672,22.559999465942383,881558
2016-12-22,14.548455238342285,22.889999389648438,22.889999389648438,22.6299991607666,22.6299991607666,964080
2016-12-23,14.650144577026367,23.049999237060547,23.170000076293945,22.739999771118164,22.8700008392334,685970
2016-12-27,14.700992584228516,23.1299991607666,23.15999984741211,23.0,23.059999465942383,464429
2016-12-28,14.815397262573242,23.309999465942383,23.360000610351562,23.06999969482422,23.079999923706055,838426
2016-12-29,14.7963285446167,23.280000686645508,23.299999237060547,23.1299991607666,23.190000534057617,676285
2016-12-30,14.834465980529785,23.34000015258789,23.40999984741211,23.170000076293945,23.219999313354492,1141878
2017-01-02,14.923446655273438,23.479999542236328,23.56999969482422,23.290000915527344,23.34000015258789,460247
2017-01-03,14.993362426757812,23.59000015258789,23.649999618530273,23.43000030517578,23.510000228881836,1174512
2017-01-04,14.866244316101074,23.389999389648438,23.600000381469727,23.200000762939453,23.600000381469727,1403354
2017-01-05,14.910733222961426,23.459999084472656,23.549999237060547,23.350000381469727,23.40999984741211,818397
2017-01-09,14.764552116394043,23.229999542236328,23.549999237060547,23.1200008392334,23.469999313354492,1284407
2017-01-10,14.732773780822754,23.18000030517578,23.3799991607666,23.139999389648438,23.229999542236328,1388134
2017-01-11,14.770905494689941,23.239999771118164,23.290000915527344,22.959999084472656,23.18000030517578,1100022
2017-01-12,14.815397262573242,23.309999465942383,23.59000015258789,23.170000076293945,23.190000534057617,1420792
2017-01-13,15.037848472595215,23.65999984741211,23.719999313354492,23.450000762939453,23.450000762939453,1286066
2017-01-16,15.031493186950684,23.649999618530273,23.829999923706055,23.549999237060547,23.600000381469727,1226676
2017-01-17,14.955225944519043,23.530000686645508,23.610000610351562,23.40999984741211,23.549999237060547,1113050
2017-01-18,15.120478630065918,23.790000915527344,23.790000915527344,23.450000762939453,23.520000457763672,1260657
2017-01-19,15.209458351135254,23.93000030517578,24.010000228881836,23.75,23.799999237060547,1364486
2017-01-20,15.304794311523438,24.079999923706055,24.1200008392334,23.829999923706055,23.90999984741211,1223913
2017-01-23,15.190391540527344,23.899999618530273,24.190000534057617,23.84000015258789,23.979999542236328,1132112
2017-01-24,15.43826675415039,24.290000915527344,24.290000915527344,23.889999389648438,23.969999313354492,1523857
2017-01-25,15.565383911132812,24.489999771118164,24.600000381469727,24.25,24.34000015258789,1148846
2017-01-26,15.304794311523438,24.079999923706055,24.510000228881836,23.969999313354492,24.5,1408762
2017-01-27,15.457337379455566,24.31999969482422,24.360000610351562,24.020000457763672,24.049999237060547,1330300
2017-01-30,15.215815544128418,23.940000534057617,24.329999923706055,23.8799991607666,24.280000686645508,1053653
2017-01-31,13.347204208374023,21.0,23.399999618530273,20.81999969482422,23.25,8760157
2017-02-01,14.19252872467041,22.329999923706055,22.40999984741211,21.010000228881836,21.100000381469727,4313238
2017-02-02,14.605656623840332,22.979999542236328,23.059999465942383,22.209999084472656,22.329999923706055,2809845
2017-02-03,14.097193717956543,22.18000030517578,23.170000076293945,22.149999618530273,22.90999984741211,2825846
2017-02-06,13.995497703552246,22.020000457763672,22.520000457763672,21.989999771118164,22.200000762939453,1599962
2017-02-07,13.951007843017578,21.950000762939453,22.229999542236328,21.780000686645508,21.90999984741211,1796472
2017-02-08,13.84931468963623,21.790000915527344,22.139999389648438,21.6200008392334,22.079999923706055,1602487
2017-02-09,14.078121185302734,22.149999618530273,22.280000686645508,21.899999618530273,21.899999618530273,1544398
2017-02-10,14.211596488952637,22.360000610351562,22.5,22.170000076293945,22.299999237060547,1343372
2017-02-13,14.275154113769531,22.459999084472656,22.610000610351562,22.290000915527344,22.5,1501937
2017-02-14,14.186171531677246,22.31999969482422,22.489999771118164,22.229999542236328,22.350000381469727,1377158
2017-02-15,14.338712692260742,22.559999465942383,22.6299991607666,22.18000030517578,22.43000030517578,1472605
2017-02-16,14.440403938293457,22.719999313354492,22.969999313354492,22.59000015258789,22.59000015258789,1322458
2017-02-17,14.453113555908203,22.739999771118164,22.809999465942383,22.510000228881836,22.719999313354492,1218047
2017-02-20,14.453113555908203,22.739999771118164,22.84000015258789,22.639999389648438,22.799999237060547,799754
2017-02-21,14.554808616638184,22.899999618530273,22.93000030517578,22.540000915527344,22.709999084472656,588550
2017-02-22,14.516674041748047,22.84000015258789,23.040000915527344,22.65999984741211,22.979999542236328,1179438
2017-02-23,14.300578117370605,22.5,22.950000762939453,22.5,22.860000610351562,1243669
2017-02-24,14.198884963989258,22.34000015258789,22.579999923706055,22.040000915527344,22.5,939610
2017-02-27,14.243374824523926,22.40999984741211,22.579999923706055,22.290000915527344,22.399999618530273,743762
2017-02-28,14.256088256835938,22.43000030517578,22.540000915527344,22.31999969482422,22.450000762939453,1685977
2017-03-01,14.63107967376709,23.020000457763672,23.09000015258789,22.549999237060547,22.559999465942383,1533938
2017-03-02,14.751840591430664,23.209999084472656,23.270000457763672,23.0,23.020000457763672,1682491
2017-03-03,14.694637298583984,23.1200008392334,23.31999969482422,22.989999771118164,23.06999969482422,1074753
2017-03-06,14.554808616638184,22.899999618530273,23.079999923706055,22.770000457763672,23.079999923706055,928790
2017-03-07,14.542097091674805,22.8799991607666,23.110000610351562,22.809999465942383,22.989999771118164,1101737
2017-03-08,14.529385566711426,22.860000610351562,23.09000015258789,22.780000686645508,22.899999618530273,997659
2017-03-09,14.535741806030273,22.8700008392334,23.040000915527344,22.68000030517578,22.8799991607666,973815
2017-03-10,14.491250038146973,22.799999237060547,23.059999465942383,22.770000457763672,22.8799991607666,1270382
2017-03-13,14.472184181213379,22.770000457763672,22.969999313354492,22.68000030517578,22.93000030517578,1306024
2017-03-14,14.465826988220215,22.760000228881836,22.850000381469727,22.6200008392334,22.760000228881836,1516568
2017-03-15,14.580231666564941,22.940000534057617,22.940000534057617,22.729999542236328,22.84000015258789,1787134
2017-03-16,14.713704109191895,23.149999618530273,23.270000457763672,23.059999465942383,23.139999389648438,1754526
2017-03-17,14.815397262573242,23.309999465942383,23.309999465942383,22.969999313354492,23.1200008392334,2548328
2017-03-20,14.809041023254395,23.299999237060547,23.3799991607666,23.170000076293945,23.309999465942383,857892
2017-03-21,14.440403938293457,22.719999313354492,23.31999969482422,22.709999084472656,23.280000686645508,2302718
2017-03-22,14.376850128173828,22.6200008392334,22.68000030517578,22.399999618530273,22.600000381469727,1233930
2017-03-23,14.59294319152832,22.959999084472656,22.969999313354492,22.600000381469727,22.6200008392334,988068
2017-03-24,14.580231666564941,22.940000534057617,23.100000381469727,22.850000381469727,22.979999542236328,980469
2017-03-27,14.510320663452148,22.829999923706055,22.829999923706055,22.530000686645508,22.760000228881836,1519133
2017-03-28,14.542097091674805,22.8799991607666,22.940000534057617,22.56999969482422,22.899999618530273,1298972
2017-03-29,14.586587905883789,22.950000762939453,22.979999542236328,22.729999542236328,22.979999542236328,1209424
2017-03-30,14.725823402404785,22.209999084472656,22.209999084472656,21.729999542236328,22.010000228881836,1929292
2017-03-31,14.599851608276367,22.020000457763672,22.15999984741211,21.940000534057617,22.139999389648438,1663544
2017-04-03,14.526917457580566,21.90999984741211,22.100000381469727,21.889999389648438,22.040000915527344,1356253
2017-04-04,14.719196319580078,22.200000762939453,22.260000228881836,21.8799991607666,21.950000762939453,1583622
2017-04-05,14.639631271362305,22.079999923706055,22.299999237060547,22.079999923706055,22.260000228881836,1669823
2017-04-06,14.785496711730957,22.299999237060547,22.350000381469727,21.8799991607666,22.030000686645508,1192715
2017-04-07,14.91810417175293,22.5,22.5,22.170000076293945,22.299999237060547,1192143
2017-04-10,14.9048433303833,22.479999542236328,22.579999923706055,22.420000076293945,22.579999923706055,813137
2017-04-11,14.91810417175293,22.5,22.540000915527344,22.280000686645508,22.43000030517578,1496580
2017-04-12,14.858431816101074,22.40999984741211,22.6299991607666,22.31999969482422,22.5,984070
2017-04-13,14.891581535339355,22.459999084472656,22.469999313354492,22.219999313354492,22.350000381469727,623578
2017-04-18,14.77886962890625,22.290000915527344,22.489999771118164,22.190000534057617,22.450000762939453,1147945
2017-04-19,14.639631271362305,22.079999923706055,22.389999389648438,22.049999237060547,22.309999465942383,1092461
2017-04-20,14.792126655578613,22.309999465942383,22.360000610351562,22.079999923706055,22.09000015258789,1401303
2017-04-21,14.785496711730957,22.299999237060547,22.610000610351562,22.260000228881836,22.5,1265540
2017-04-24,15.322549819946289,23.110000610351562,23.149999618530273,22.6299991607666,22.649999618530273,1347450
2017-04-25,16.409910202026367,24.75,24.860000610351562,23.549999237060547,23.549999237060547,2277843
2017-04-26,16.409910202026367,24.75,24.950000762939453,24.469999313354492,24.700000762939453,1925912
2017-04-27,16.191112518310547,24.420000076293945,24.770000457763672,24.3799991607666,24.690000534057617,1507407
2017-04-28,16.06513786315918,24.229999542236328,24.649999618530273,24.229999542236328,24.360000610351562,1778664
2017-05-02,16.270679473876953,24.540000915527344,24.610000610351562,24.3799991607666,24.479999542236328,1376024
2017-05-03,16.078397750854492,24.25,24.600000381469727,24.049999237060547,24.600000381469727,1296896
2017-05-04,16.171220779418945,24.389999389648438,24.389999389648438,24.110000610351562,24.239999771118164,1023047
2017-05-05,16.277307510375977,24.549999237060547,24.56999969482422,24.219999313354492,24.329999923706055,888980
2017-05-08,16.191112518310547,24.420000076293945,24.719999313354492,24.309999465942383,24.639999389648438,943187
2017-05-09,16.264047622680664,24.530000686645508,24.770000457763672,24.459999084472656,24.459999084472656,1254487
2017-05-10,16.383390426635742,24.709999084472656,24.719999313354492,24.5,24.5,738392
2017-05-11,16.370132446289062,24.690000534057617,24.81999969482422,24.579999923706055,24.719999313354492,1013940
2017-05-12,16.29056739807129,24.56999969482422,24.81999969482422,24.520000457763672,24.81999969482422,796281
2017-05-15,16.423173904418945,24.770000457763672,24.790000915527344,24.6200008392334,24.690000534057617,678239
2017-05-16,16.44969367980957,24.809999465942383,25.020000457763672,24.68000030517578,24.799999237060547,1163344
2017-05-17,16.257413864135742,24.520000457763672,24.899999618530273,24.450000762939453,24.809999465942383,1219690
2017-05-18,16.02535629272461,24.170000076293945,24.639999389648438,23.860000610351562,24.450000762939453,1582176
2017-05-19,16.376760482788086,24.700000762939453,24.75,24.200000762939453,24.200000762939453,972663
2017-05-22,16.297199249267578,24.579999923706055,25.040000915527344,24.399999618530273,24.979999542236328,1089007
2017-05-23,16.350238800048828,24.65999984741211,24.719999313354492,24.479999542236328,24.579999923706055,1129613
2017-05-24,16.59556007385254,25.030000686645508,25.040000915527344,24.6299991607666,24.670000076293945,1225567
2017-05-26,16.728166580200195,25.229999542236328,25.329999923706055,25.0,25.0,1085492
2017-05-29,16.69501495361328,25.18000030517578,25.270000457763672,25.09000015258789,25.200000762939453,379713
2017-05-30,16.787839889526367,25.31999969482422,25.3799991607666,25.049999237060547,25.149999618530273,758931
2017-05-31,16.6419734954834,25.100000381469727,25.360000610351562,24.989999771118164,25.280000686645508,1934118
2017-06-01,16.78120994567871,25.309999465942383,25.3799991607666,24.940000534057617,25.0,809541
2017-06-02,16.847511291503906,25.40999984741211,25.600000381469727,25.309999465942383,25.399999618530273,959823
2017-06-05,16.83424949645996,25.389999389648438,25.530000686645508,25.280000686645508,25.360000610351562,567121
2017-06-06,16.8939208984375,25.479999542236328,25.530000686645508,25.299999237060547,25.350000381469727,904117
2017-06-07,16.953594207763672,25.56999969482422,25.639999389648438,25.280000686645508,25.389999389648438,1049029
2017-06-08,16.92707633972168,25.530000686645508,25.760000228881836,25.450000762939453,25.6299991607666,744091
2017-06-09,17.112722396850586,25.809999465942383,25.940000534057617,25.489999771118164,25.520000457763672,1157012
2017-06-12,16.92707633972168,25.530000686645508,25.799999237060547,25.3799991607666,25.799999237060547,1090409
2017-06-13,17.06631088256836,25.739999771118164,25.850000381469727,25.579999923706055,25.600000381469727,2066129
2017-06-14,16.887292861938477,25.469999313354492,25.8799991607666,25.450000762939453,25.68000030517578,1455298
2017-06-15,16.82098960876465,25.3700008392334,25.479999542236328,25.139999389648438,25.479999542236328,1152925
2017-06-16,17.112722396850586,25.809999465942383,25.860000610351562,25.399999618530273,25.399999618530273,3226298
2017-06-19,17.47075653076172,26.350000381469727,26.450000762939453,25.8700008392334,25.899999618530273,1056603
2017-06-20,17.192285537719727,25.93000030517578,26.459999084472656,25.889999389648438,26.350000381469727,1543798
2017-06-21,16.97348403930664,25.600000381469727,25.920000076293945,25.530000686645508,25.860000610351562,1594665
2017-06-22,16.6419734954834,25.100000381469727,25.610000610351562,24.940000534057617,25.600000381469727,2235196
2017-06-26,16.741426467895508,25.25,25.34000015258789,25.049999237060547,25.049999237060547,1010016
2017-06-27,16.655235290527344,25.1200008392334,25.329999923706055,24.989999771118164,25.25,902592
2017-06-28,16.847511291503906,25.40999984741211,25.450000762939453,24.799999237060547,25.049999237060547,1421906
2017-06-29,16.376760482788086,24.700000762939453,25.600000381469727,24.670000076293945,25.399999618530273,1245478
2017-06-30,16.549148559570312,24.959999084472656,25.049999237060547,24.639999389648438,24.65999984741211,1403695
2017-07-03,16.847511291503906,25.40999984741211,25.40999984741211,25.010000228881836,25.010000228881836,1612420
2017-07-04,16.82098960876465,25.3700008392334,25.3799991607666,25.06999969482422,25.3799991607666,963541
2017-07-05,17.033157348632812,25.690000534057617,25.700000762939453,25.299999237060547,25.329999923706055,1527073
2017-07-06,16.874032974243164,25.450000762939453,25.770000457763672,25.290000915527344,25.770000457763672,1239447
2017-07-07,16.78120994567871,25.309999465942383,25.450000762939453,25.049999237060547,25.420000076293945,1232144
2017-07-10,16.907182693481445,25.5,25.5,25.209999084472656,25.450000762939453,884435
2017-07-11,16.946962356567383,25.559999465942383,25.579999923706055,25.43000030517578,25.450000762939453,905603
2017-07-12,17.271848678588867,26.049999237060547,26.149999618530273,25.670000076293945,25.68000030517578,1355124
2017-07-13,17.404455184936523,26.25,26.530000686645508,26.010000228881836,26.049999237060547,1157730
2017-07-14,17.38456153869629,26.219999313354492,26.40999984741211,26.079999923706055,26.34000015258789,836384
2017-07-17,17.437599182128906,26.299999237060547,26.360000610351562,26.18000030517578,26.200000762939453,769517
2017-07-18,17.18565559387207,25.920000076293945,26.260000228881836,25.700000762939453,26.200000762939453,1118270
2017-07-19,17.26521873474121,26.040000915527344,26.149999618530273,25.850000381469727,26.049999237060547,930400
2017-07-20,17.172393798828125,25.899999618530273,26.280000686645508,25.8799991607666,26.18000030517578,1625688
2017-07-21,17.079570770263672,25.760000228881836,26.059999465942383,25.59000015258789,25.920000076293945,828112
2017-07-24,16.840877532958984,25.399999618530273,25.950000762939453,25.3700008392334,25.799999237060547,1316862
2017-07-25,15.594390869140625,23.520000457763672,23.969999313354492,23.15999984741211,23.649999618530273,5276375
2017-07-26,15.859598159790039,23.920000076293945,24.079999923706055,23.229999542236328,23.530000686645508,2465007
2017-07-27,15.813189506530762,23.850000381469727,24.09000015258789,23.790000915527344,23.950000762939453,1598966
2017-07-28,15.62091064453125,23.559999465942383,23.799999237060547,23.510000228881836,23.799999237060547,1242366
2017-07-31,15.256246566772461,23.010000228881836,23.579999923706055,23.010000228881836,23.5,2162593
2017-08-01,15.296024322509766,23.06999969482422,23.190000534057617,22.829999923706055,23.079999923706055,1569171
2017-08-02,15.077227592468262,22.739999771118164,23.1200008392334,22.719999313354492,23.110000610351562,1608386
2017-08-03,15.063965797424316,22.719999313354492,22.84000015258789,22.649999618530273,22.809999465942383,1212962
2017-08-04,15.150163650512695,22.850000381469727,22.850000381469727,22.520000457763672,22.739999771118164,940643
2017-08-07,15.050707817077637,22.700000762939453,23.059999465942383,22.700000762939453,22.920000076293945,947542
2017-08-08,15.156790733337402,22.860000610351562,22.860000610351562,22.540000915527344,22.649999618530273,1255323
2017-08-09,15.017556190490723,22.649999618530273,22.760000228881836,22.43000030517578,22.760000228881836,1519786
2017-08-10,14.937994003295898,22.530000686645508,22.65999984741211,22.450000762939453,22.649999618530273,830563
2017-08-11,14.931364059448242,22.520000457763672,22.6299991607666,22.329999923706055,22.469999313354492,1041969
2017-08-14,14.977776527404785,22.59000015258789,22.809999465942383,22.420000076293945,22.600000381469727,1148550
2017-08-15,14.924734115600586,22.510000228881836,22.719999313354492,22.350000381469727,22.649999618530273,1234310
2017-08-16,15.024189949035645,22.65999984741211,22.690000534057617,22.479999542236328,22.559999465942383,988250
2017-08-17,15.097119331359863,22.770000457763672,22.84000015258789,22.56999969482422,22.670000076293945,1057862
2017-08-18,14.91147232055664,22.489999771118164,22.670000076293945,22.399999618530273,22.639999389648438,1221690
2017-08-21,14.884952545166016,22.450000762939453,22.639999389648438,22.420000076293945,22.489999771118164,1077644
2017-08-22,15.117008209228516,22.799999237060547,22.799999237060547,22.510000228881836,22.520000457763672,1068511
2017-08-23,15.123641014099121,22.809999465942383,22.989999771118164,22.780000686645508,22.81999969482422,1128424
2017-08-24,15.249614715576172,23.0,23.079999923706055,22.780000686645508,22.809999465942383,1075697
2017-08-25,15.216461181640625,22.950000762939453,23.190000534057617,22.90999984741211,23.049999237060547,843788
2017-08-28,14.599851608276367,22.020000457763672,22.75,21.969999313354492,22.739999771118164,1286395
2017-08-29,14.274967193603516,21.530000686645508,21.959999084472656,21.479999542236328,21.940000534057617,1678729
2017-08-30,14.40093994140625,21.719999313354492,21.75,21.229999542236328,21.549999237060547,2435497
2017-08-31,14.493764877319336,21.860000610351562,22.110000610351562,21.719999313354492,21.920000076293945,2334081
2017-09-01,14.646260261535645,22.09000015258789,22.25,21.8700008392334,21.8700008392334,1285928
2017-09-04,14.606481552124023,22.030000686645508,22.100000381469727,21.8799991607666,21.989999771118164,790881
2017-09-05,14.440725326538086,21.780000686645508,22.31999969482422,21.780000686645508,22.030000686645508,1341823
2017-09-06,14.520286560058594,21.899999618530273,22.040000915527344,21.610000610351562,21.75,1371679
2017-09-07,14.719196319580078,22.200000762939453,22.200000762939453,21.920000076293945,22.0,1214120
2017-09-08,14.69267463684082,22.15999984741211,22.299999237060547,22.020000457763672,22.170000076293945,1051040
2017-09-11,14.971144676208496,22.579999923706055,22.649999618530273,22.270000457763672,22.280000686645508,1304091
2017-09-12,15.322549819946289,23.110000610351562,23.149999618530273,22.739999771118164,22.760000228881836,2544495
2017-09-13,15.017556190490723,22.649999618530273,23.0,22.639999389648438,23.0,2237578
2017-09-14,14.772238731384277,22.280000686645508,22.65999984741211,22.229999542236328,22.65999984741211,1784601
2017-09-15,14.77886962890625,22.290000915527344,22.3700008392334,22.190000534057617,22.280000686645508,1400779
2017-09-18,15.00429630279541,22.6299991607666,22.799999237060547,22.399999618530273,22.399999618530273,1493483
2017-09-19,14.957884788513184,22.559999465942383,22.799999237060547,22.479999542236328,22.6299991607666,1135193
2017-09-20,14.87832260131836,22.440000534057617,22.6299991607666,22.420000076293945,22.600000381469727,1199972
2017-09-21,15.103750228881836,22.780000686645508,22.899999618530273,22.479999542236328,22.530000686645508,1875954
2017-09-22,15.123641014099121,22.809999465942383,22.920000076293945,22.59000015258789,22.770000457763672,1248912
2017-09-25,15.010926246643066,22.639999389648438,22.899999618530273,22.610000610351562,22.780000686645508,1243213
2017-09-26,14.984403610229492,22.600000381469727,22.889999389648438,22.579999923706055,22.670000076293945,1973938
2017-09-27,15.017556190490723,22.649999618530273,22.799999237060547,22.579999923706055,22.649999618530273,1703005
2017-09-28,15.31591796875,23.100000381469727,23.100000381469727,22.690000534057617,22.75,2166002
2017-09-29,15.203201293945312,22.93000030517578,23.149999618530273,22.90999984741211,23.09000015258789,1893674
2017-10-02,15.368959426879883,23.18000030517578,23.18000030517578,22.940000534057617,22.940000534057617,1136183
2017-10-03,15.574501991271973,23.489999771118164,23.6200008392334,23.209999084472656,23.209999084472656,1479186
2017-10-04,15.720366477966309,23.709999084472656,23.799999237060547,23.399999618530273,23.579999923706055,2006339
2017-10-05,15.773408889770508,23.790000915527344,23.950000762939453,23.690000534057617,23.739999771118164,1164292
2017-10-06,15.700472831726074,23.68000030517578,24.06999969482422,23.6299991607666,23.829999923706055,1233706
2017-10-09,15.806557655334473,23.84000015258789,23.93000030517578,23.540000915527344,23.68000030517578,1369143
2017-10-10,15.766775131225586,23.780000686645508,23.979999542236328,23.719999313354492,23.950000762939453,1502890
2017-10-11,15.786667823791504,23.809999465942383,23.8700008392334,23.700000762939453,23.75,848981
2017-10-12,16.00546646118164,24.139999389648438,24.229999542236328,23.829999923706055,23.93000030517578,1301007
2017-10-13,15.899382591247559,23.979999542236328,24.219999313354492,23.90999984741211,24.149999618530273,1057254
2017-10-16,15.833076477050781,23.8799991607666,24.030000686645508,23.81999969482422,24.0,779405
2017-10-17,15.726996421813965,23.719999313354492,23.81999969482422,23.6299991607666,23.799999237060547,1153338
2017-10-18,15.96568489074707,24.079999923706055,24.190000534057617,23.780000686645508,23.780000686645508,1454426
2017-10-19,16.06513786315918,24.229999542236328,24.290000915527344,24.059999465942383,24.100000381469727,1653365
2017-10-20,16.224260330200195,24.469999313354492,24.6299991607666,24.280000686645508,24.31999969482422,1793331
2017-10-23,16.56903648376465,24.989999771118164,24.989999771118164,24.43000030517578,24.469999313354492,1976292
2017-10-24,16.907182693481445,25.5,25.989999771118164,24.90999984741211,25.959999084472656,3005616
2017-10-25,17.033157348632812,25.690000534057617,25.850000381469727,25.440000534057617,25.5,2116598
2017-10-26,17.072940826416016,25.75,25.90999984741211,25.399999618530273,25.670000076293945,1809229
2017-10-27,17.311630249023438,26.110000610351562,26.270000457763672,25.65999984741211,25.799999237060547,1848187
2017-10-30,17.31825828552246,26.1200008392334,26.290000915527344,26.010000228881836,26.110000610351562,1378724
2017-10-31,17.106088638305664,25.799999237060547,26.09000015258789,25.760000228881836,26.030000686645508,1944556
2017-11-01,17.397823333740234,26.239999771118164,26.399999618530273,25.8799991607666,25.8799991607666,1235987
2017-11-02,17.397823333740234,26.239999771118164,26.530000686645508,26.18000030517578,26.270000457763672,1612834
2017-11-03,17.477386474609375,26.360000610351562,26.610000610351562,26.190000534057617,26.229999542236328,1261015
2017-11-06,17.477386474609375,26.360000610351562,26.59000015258789,26.350000381469727,26.3700008392334,1002627
2017-11-07,17.23869514465332,26.0,26.450000762939453,26.0,26.440000534057617,1706550
2017-11-08,17.47075653076172,26.350000381469727,26.389999389648438,26.020000457763672,26.020000457763672,1836737
2017-11-09,17.013267517089844,25.65999984741211,26.290000915527344,25.559999465942383,26.290000915527344,1652350
2017-11-10,16.933704376220703,25.540000915527344,25.90999984741211,25.540000915527344,25.709999084472656,1191929
2017-11-13,17.006637573242188,25.649999618530273,25.8799991607666,25.420000076293945,25.6200008392334,1383717
2017-11-14,16.966854095458984,25.59000015258789,25.850000381469727,25.459999084472656,25.670000076293945,1471989
2017-11-15,16.78120994567871,25.309999465942383,25.469999313354492,25.030000686645508,25.399999618530273,1278738
2017-11-16,16.92707633972168,25.530000686645508,25.719999313354492,25.40999984741211,25.600000381469727,1492486
2017-11-17,16.9138126373291,25.510000228881836,25.65999984741211,25.329999923706055,25.59000015258789,1188041
2017-11-20,17.145872116088867,25.860000610351562,25.989999771118164,25.350000381469727,25.479999542236328,1177507
2017-11-21,17.2519588470459,26.020000457763672,26.149999618530273,25.56999969482422,25.889999389648438,1430044
2017-11-22,16.9138126373291,25.510000228881836,26.149999618530273,25.510000228881836,26.059999465942383,1516534
2017-11-23,16.97348403930664,25.600000381469727,25.670000076293945,25.260000228881836,25.389999389648438,684169
2017-11-24,16.92707633972168,25.530000686645508,25.649999618530273,25.40999984741211,25.549999237060547,759144
2017-11-27,16.761320114135742,25.280000686645508,25.459999084472656,25.219999313354492,25.450000762939453,1082353
2017-11-28,16.728166580200195,25.229999542236328,25.3700008392334,25.1299991607666,25.25,1349706
2017-11-29,17.019899368286133,25.670000076293945,26.110000610351562,25.520000457763672,25.530000686645508,1693922
2017-11-30,16.767946243286133,25.290000915527344,25.760000228881836,25.239999771118164,25.6299991607666,3498719
2017-12-01,16.50936508178711,24.899999618530273,25.399999618530273,24.780000686645508,25.360000610351562,1540682
2017-12-04,16.608823776245117,25.049999237060547,25.329999923706055,24.969999313354492,25.25,1379509
2017-12-05,16.602191925048828,25.040000915527344,25.350000381469727,24.889999389648438,25.0,1386926
2017-12-07,16.61545181274414,25.059999465942383,25.290000915527344,24.899999618530273,24.899999618530273,2104576
2017-12-08,16.794469833374023,25.329999923706055,25.510000228881836,25.18000030517578,25.18000030517578,1145114
2017-12-11,16.82098960876465,25.3700008392334,25.459999084472656,25.200000762939453,25.329999923706055,1052881
2017-12-12,16.82098960876465,25.3700008392334,25.520000457763672,25.149999618530273,25.360000610351562,1731750
2017-12-13,17.099464416503906,25.790000915527344,25.860000610351562,25.40999984741211,25.40999984741211,1622281
2017-12-14,16.966854095458984,25.59000015258789,25.989999771118164,25.59000015258789,25.799999237060547,1404966
2017-12-15,17.099464416503906,25.790000915527344,25.790000915527344,25.399999618530273,25.5,1910808
2017-12-18,17.517166137695312,26.420000076293945,26.540000915527344,25.860000610351562,25.860000610351562,1940564
2017-12-19,17.351411819458008,26.170000076293945,26.6299991607666,26.1200008392334,26.450000762939453,1488468
2017-12-20,17.338150024414062,26.149999618530273,26.299999237060547,26.049999237060547,26.200000762939453,1163170
2017-12-21,17.56357765197754,26.489999771118164,26.690000534057617,25.969999313354492,26.18000030517578,1323336
2017-12-22,17.49727439880371,26.389999389648438,26.65999984741211,26.190000534057617,26.520000457763672,684685
2017-12-27,17.49727439880371,26.389999389648438,26.459999084472656,26.170000076293945,26.43000030517578,536148
2017-12-28,17.391191482543945,26.229999542236328,26.43000030517578,26.200000762939453,26.399999618530273,487709
2017-12-29,17.17902374267578,25.90999984741211,26.229999542236328,25.8799991607666,26.229999542236328,763847
2018-01-02,17.271848678588867,26.049999237060547,26.049999237060547,25.700000762939453,25.950000762939453,958075
2018-01-03,17.351411819458008,26.170000076293945,26.309999465942383,26.049999237060547,26.049999237060547,979522
2018-01-04,17.444232940673828,26.309999465942383,26.420000076293945,26.219999313354492,26.299999237060547,858274
2018-01-05,17.49727439880371,26.389999389648438,26.40999984741211,26.209999084472656,26.290000915527344,860935
2018-01-08,17.46412467956543,26.34000015258789,26.540000915527344,26.219999313354492,26.420000076293945,666976
2018-01-09,17.556949615478516,26.479999542236328,26.489999771118164,26.1200008392334,26.350000381469727,1449990
2018-01-10,17.457496643066406,26.329999923706055,26.530000686645508,26.239999771118164,26.389999389648438,1389691
2018-01-11,17.391191482543945,26.229999542236328,26.489999771118164,26.18000030517578,26.3799991607666,1133139
2018-01-12,17.556949615478516,26.479999542236328,26.540000915527344,26.270000457763672,26.3700008392334,1371546
2018-01-15,17.603363037109375,26.549999237060547,26.729999542236328,26.420000076293945,26.540000915527344,961014
2018-01-16,17.97465705871582,27.110000610351562,27.43000030517578,26.670000076293945,26.670000076293945,2139625
2018-01-17,17.716073989868164,26.719999313354492,27.229999542236328,26.700000762939453,26.979999542236328,2082916
2018-01-18,17.901721954345703,27.0,27.0,26.700000762939453,26.799999237060547,1543855
2018-01-19,18.17356300354004,27.40999984741211,27.639999389648438,27.0,27.0,1871874
2018-01-22,18.27964973449707,27.56999969482422,27.65999984741211,27.239999771118164,27.450000762939453,1195625
2018-01-23,18.034330368041992,27.200000762939453,27.700000762939453,26.979999542236328,27.690000534057617,1447723
2018-01-24,17.861942291259766,26.940000534057617,27.290000915527344,26.93000030517578,27.209999084472656,1089265
2018-01-25,17.742597579956055,26.760000228881836,26.950000762939453,26.670000076293945,26.860000610351562,1332964
2018-01-26,17.97465705871582,27.110000610351562,27.1299991607666,26.549999237060547,26.8799991607666,919311
2018-01-29,18.06747817993164,27.25,27.450000762939453,27.079999923706055,27.100000381469727,1084124
2018-01-30,17.84204864501953,26.90999984741211,27.270000457763672,26.90999984741211,27.100000381469727,1418941
2018-01-31,17.99454689025879,27.139999389648438,27.809999465942383,26.670000076293945,27.799999237060547,2695279
2018-02-01,18.710615158081055,28.219999313354492,28.450000762939453,27.399999618530273,27.399999618530273,2742349
2018-02-02,18.445402145385742,27.81999969482422,28.530000686645508,27.760000228881836,28.079999923706055,2118660
2018-02-05,18.432146072387695,27.799999237060547,27.899999618530273,27.360000610351562,27.75,1706171
2018-02-06,17.961393356323242,27.09000015258789,27.469999313354492,26.549999237060547,26.700000762939453,2362725
2018-02-07,18.425514221191406,27.790000915527344,27.860000610351562,27.049999237060547,27.489999771118164,2093609
2018-02-08,17.68955421447754,26.68000030517578,27.8700008392334,26.65999984741211,27.739999771118164,2237388
2018-02-09,17.21217155456543,25.959999084472656,26.850000381469727,25.59000015258789,26.600000381469727,2821372
2018-02-12,17.58346939086914,26.520000457763672,26.739999771118164,26.239999771118164,26.399999618530273,1311147
2018-02-13,17.57021141052246,26.5,26.690000534057617,26.469999313354492,26.56999969482422,836630
2018-02-14,17.888460159301758,26.979999542236328,27.059999465942383,26.270000457763672,26.690000534057617,1231549
2018-02-15,18.0078067779541,27.15999984741211,27.530000686645508,27.0,27.25,1258406
2018-02-16,18.425514221191406,27.790000915527344,27.809999465942383,27.25,27.31999969482422,1056671
2018-02-19,18.33268928527832,27.649999618530273,27.8799991607666,27.530000686645508,27.8700008392334,658250
2018-02-20,18.637683868408203,28.110000610351562,28.110000610351562,27.649999618530273,27.649999618530273,881516
2018-02-21,19.002347946166992,28.65999984741211,28.760000228881836,28.15999984741211,28.56999969482422,1778185
2018-02-22,18.737136840820312,28.260000228881836,28.3700008392334,28.0,28.3700008392334,1416705
2018-02-23,18.631052017211914,28.100000381469727,28.34000015258789,27.799999237060547,28.34000015258789,970805
2018-02-26,18.757030487060547,28.290000915527344,28.43000030517578,28.209999084472656,28.229999542236328,958452
2018-02-27,18.790176391601562,28.34000015258789,28.3799991607666,28.06999969482422,28.299999237060547,1284295
2018-02-28,18.717243194580078,28.229999542236328,28.40999984741211,28.049999237060547,28.229999542236328,1622712
2018-03-01,18.3658447265625,27.700000762939453,28.229999542236328,27.610000610351562,28.200000762939453,1519140
2018-03-02,18.15367317199707,27.3799991607666,27.540000915527344,27.09000015258789,27.469999313354492,1534471
2018-03-05,18.180194854736328,27.420000076293945,27.670000076293945,27.299999237060547,27.309999465942383,1732311
2018-03-06,18.405624389648438,27.760000228881836,28.049999237060547,27.670000076293945,27.75,1651364
2018-03-07,18.611162185668945,28.06999969482422,28.18000030517578,27.440000534057617,27.65999984741211,1604143
2018-03-08,18.869739532470703,28.459999084472656,28.579999923706055,28.049999237060547,28.100000381469727,1302121
2018-03-09,19.055387496948242,28.739999771118164,28.81999969482422,28.1200008392334,28.43000030517578,1596490
2018-03-12,19.101804733276367,28.809999465942383,28.989999771118164,28.760000228881836,28.8799991607666,840125
2018-03-13,18.975826263427734,28.6200008392334,29.06999969482422,28.56999969482422,28.75,1320793
2018-03-14,19.028867721557617,28.700000762939453,28.889999389648438,28.600000381469727,28.739999771118164,1477699
2018-03-15,19.45320701599121,29.34000015258789,29.479999542236328,28.670000076293945,28.739999771118164,2014124
2018-03-16,19.592439651489258,29.549999237060547,29.719999313354492,29.350000381469727,29.56999969482422,2728914
2018-03-19,19.386903762817383,29.239999771118164,29.579999923706055,29.209999084472656,29.479999542236328,997192
2018-03-20,19.605701446533203,29.56999969482422,29.770000457763672,29.299999237060547,29.299999237060547,1112172
2018-03-21,19.75156593322754,29.790000915527344,30.079999923706055,29.360000610351562,29.549999237060547,1549789
2018-03-22,19.605701446533203,29.56999969482422,29.81999969482422,29.15999984741211,29.6299991607666,1453568
2018-03-23,19.37364387512207,29.219999313354492,29.350000381469727,28.65999984741211,29.280000686645508,1262384
2018-03-26,19.181364059448242,28.93000030517578,29.489999771118164,28.920000076293945,29.200000762939453,1117500
2018-03-27,19.38027572631836,29.229999542236328,29.65999984741211,29.0,29.43000030517578,1112583
2018-03-28,19.307340621948242,29.1200008392334,29.200000762939453,28.530000686645508,29.0,1082213
2018-03-29,19.957107543945312,30.100000381469727,30.219999313354492,29.389999389648438,29.5,1727845
2018-04-03,19.784719467163086,29.84000015258789,29.959999084472656,29.3799991607666,29.959999084472656,1511973
2018-04-04,19.406797409057617,29.270000457763672,30.06999969482422,28.860000610351562,30.059999465942383,2013088
2018-04-05,19.937213897705078,30.06999969482422,30.09000015258789,29.559999465942383,29.709999084472656,1477678
2018-04-06,19.84759521484375,28.790000915527344,29.1200008392334,28.700000762939453,28.860000610351562,1258908
2018-04-09,19.840702056884766,28.780000686645508,29.170000076293945,28.600000381469727,28.81999969482422,1320532
2018-04-10,20.006153106689453,29.020000457763672,29.260000228881836,28.719999313354492,29.239999771118164,1247177
2018-04-11,19.820018768310547,28.75,28.989999771118164,28.690000534057617,28.959999084472656,899962
2018-04-12,20.026836395263672,29.049999237060547,29.149999618530273,28.790000915527344,28.950000762939453,1207303
2018-04-13,20.474943161010742,29.700000762939453,30.149999618530273,29.43000030517578,29.90999984741211,1578846
2018-04-16,20.17160987854004,29.260000228881836,29.709999084472656,29.239999771118164,29.709999084472656,938851
2018-04-17,20.35085105895996,29.520000457763672,29.6200008392334,29.209999084472656,29.260000228881836,1171220
2018-04-18,20.58524513244629,29.860000610351562,29.8799991607666,29.510000228881836,29.719999313354492,809695
2018-04-19,20.785165786743164,30.149999618530273,30.149999618530273,29.670000076293945,29.90999984741211,1067812
2018-04-20,20.743804931640625,30.09000015258789,30.350000381469727,29.969999313354492,30.219999313354492,1075600
2018-04-23,20.97819709777832,30.43000030517578,30.510000228881836,30.030000686645508,30.100000381469727,913665
2018-04-24,21.20569610595703,30.760000228881836,30.790000915527344,30.350000381469727,30.440000534057617,1481778
2018-04-25,20.785165786743164,30.149999618530273,30.559999465942383,29.81999969482422,30.559999465942383,892993
2018-04-26,20.523197174072266,29.770000457763672,29.950000762939453,28.25,28.5,1850869
2018-04-27,20.605926513671875,29.889999389648438,30.110000610351562,29.739999771118164,29.790000915527344,954537
2018-04-30,20.461153030395508,29.68000030517578,29.950000762939453,29.649999618530273,29.889999389648438,1441218
2018-05-02,21.11607551574707,30.6299991607666,30.899999618530273,30.020000457763672,30.170000076293945,1832995
2018-05-03,20.7989559173584,30.170000076293945,30.75,30.020000457763672,30.6299991607666,1308633
2018-05-04,20.771379470825195,30.1299991607666,30.420000076293945,30.010000228881836,30.200000762939453,820197
2018-05-07,21.033348083496094,30.510000228881836,30.56999969482422,30.1299991607666,30.1299991607666,602566
2018-05-08,21.150545120239258,30.68000030517578,30.68000030517578,30.229999542236328,30.5,779083
2018-05-09,21.109182357788086,30.6200008392334,30.739999771118164,30.31999969482422,30.68000030517578,1157385
2018-05-11,21.384939193725586,31.020000457763672,31.200000762939453,30.709999084472656,30.81999969482422,1085897
2018-05-14,21.391834259033203,31.030000686645508,31.100000381469727,30.540000915527344,31.06999969482422,1314026
2018-05-15,21.715850830078125,31.5,31.5,30.850000381469727,30.989999771118164,1354743
2018-05-16,21.833044052124023,31.670000076293945,31.780000686645508,31.34000015258789,31.459999084472656,1186878
2018-05-17,21.784786224365234,31.600000381469727,31.790000915527344,31.469999313354492,31.6200008392334,916962
2018-05-18,21.722742080688477,31.510000228881836,31.610000610351562,31.31999969482422,31.600000381469727,1053258
2018-05-21,22.019176483154297,31.940000534057617,31.989999771118164,31.600000381469727,31.600000381469727,566201
2018-05-22,22.0743350982666,32.02000045776367,32.130001068115234,31.459999084472656,31.940000534057617,884100
2018-05-23,21.571075439453125,31.290000915527344,31.979999542236328,31.100000381469727,31.959999084472656,965290
2018-05-24,21.48145294189453,31.15999984741211,31.6200008392334,31.0,31.3700008392334,956982
2018-05-25,21.21259307861328,30.770000457763672,31.459999084472656,30.530000686645508,31.299999237060547,1322135
2018-05-28,21.509031295776367,31.200000762939453,31.549999237060547,31.0,31.0,624082
2018-05-29,21.157440185546875,30.690000534057617,31.049999237060547,30.610000610351562,30.969999313354492,1519189
2018-05-30,21.391834259033203,31.030000686645508,31.260000228881836,30.540000915527344,30.540000915527344,1458975
2018-05-31,21.6538028717041,31.40999984741211,31.540000915527344,30.68000030517578,31.190000534057617,2678335
2018-06-01,22.060544967651367,32.0,32.310001373291016,31.56999969482422,31.56999969482422,1513785
2018-06-04,22.18463134765625,32.18000030517578,32.279998779296875,31.81999969482422,32.099998474121094,854403
2018-06-05,22.03296661376953,31.959999084472656,32.2599983215332,31.90999984741211,32.09000015258789,874256
2018-06-06,22.336301803588867,32.400001525878906,32.400001525878906,32.04999923706055,32.04999923706055,878777
2018-06-07,22.122589111328125,32.09000015258789,32.720001220703125,32.06999969482422,32.4900016784668,1031630
2018-06-08,22.115692138671875,32.08000183105469,32.34000015258789,31.700000762939453,31.899999618530273,737447
2018-06-11,21.86061668395996,31.709999084472656,32.189998626708984,31.649999618530273,32.189998626708984,1246503
2018-06-12,21.584863662719727,31.309999465942383,31.989999771118164,31.309999465942383,31.690000534057617,1567557
2018-06-13,22.060544967651367,32.0,32.04999923706055,31.299999237060547,31.420000076293945,1914216
2018-06-14,21.957134246826172,31.850000381469727,31.889999389648438,31.350000381469727,31.649999618530273,1897430
2018-06-15,22.046756744384766,31.979999542236328,32.189998626708984,31.719999313354492,31.719999313354492,2383676
2018-06-18,21.743423461914062,31.540000915527344,31.969999313354492,31.209999084472656,31.950000762939453,1250471
2018-06-19,21.391834259033203,31.030000686645508,31.329999923706055,30.979999542236328,31.270000457763672,909453
2018-06-20,21.543498992919922,31.25,31.65999984741211,31.079999923706055,31.190000534057617,1198486
2018-06-21,20.895471572875977,30.309999465942383,31.360000610351562,30.309999465942383,31.299999237060547,1041290
2018-06-25,20.661075592041016,29.969999313354492,30.639999389648438,29.950000762939453,30.309999465942383,1219234
2018-06-26,21.088499069213867,30.59000015258789,30.719999313354492,30.09000015258789,30.209999084472656,1302224
2018-06-27,21.17812156677246,30.719999313354492,30.899999618530273,30.31999969482422,30.6299991607666,881409
2018-06-28,21.012664794921875,30.479999542236328,30.8700008392334,30.280000686645508,30.610000610351562,821161
2018-06-29,21.109182357788086,30.6200008392334,30.899999618530273,30.579999923706055,30.75,1460684
2018-07-02,20.909257888793945,30.329999923706055,30.56999969482422,30.149999618530273,30.360000610351562,905724
2018-07-03,21.019561767578125,30.489999771118164,30.6299991607666,30.25,30.389999389648438,1062017
2018-07-04,20.716228485107422,30.049999237060547,30.6200008392334,29.940000534057617,30.5,635836
2018-07-05,20.805849075317383,30.18000030517578,30.40999984741211,30.110000610351562,30.190000534057617,976182
2018-07-06,20.750699996948242,30.100000381469727,30.40999984741211,30.0,30.350000381469727,787496
2018-07-09,21.20569610595703,30.760000228881836,30.850000381469727,30.31999969482422,30.329999923706055,999486
2018-07-10,21.136756896972656,30.65999984741211,31.040000915527344,30.610000610351562,31.040000915527344,1185511
2018-07-11,20.950620651245117,30.389999389648438,30.469999313354492,30.100000381469727,30.440000534057617,1074710
2018-07-12,20.998878479003906,30.459999084472656,30.540000915527344,30.170000076293945,30.5,808622
2018-07-13,20.785165786743164,30.149999618530273,30.670000076293945,29.989999771118164,30.559999465942383,1071662
2018-07-16,20.833423614501953,30.219999313354492,30.329999923706055,30.0,30.149999618530273,564188
2018-07-17,21.371150970458984,31.0,31.079999923706055,30.200000762939453,30.329999923706055,1076401
2018-07-18,21.21259307861328,30.770000457763672,31.270000457763672,30.559999465942383,30.979999542236328,1123313
2018-07-19,21.136756896972656,30.65999984741211,30.799999237060547,30.479999542236328,30.770000457763672,831306
2018-07-20,20.013050079345703,29.030000686645508,29.979999542236328,28.93000030517578,29.790000915527344,2249347
2018-07-23,19.75107765197754,28.649999618530273,29.18000030517578,28.530000686645508,29.079999923706055,1721934
2018-07-24,20.736909866333008,30.079999923706055,31.190000534057617,29.389999389648438,30.81999969482422,2566636
2018-07-25,21.019561767578125,30.489999771118164,30.719999313354492,30.040000915527344,30.450000762939453,1753782
2018-07-26,21.26774024963379,30.850000381469727,31.0,30.559999465942383,30.6200008392334,1247419
2018-07-27,21.253955841064453,30.829999923706055,31.459999084472656,30.809999465942383,31.0,1093331
2018-07-30,21.136756896972656,30.65999984741211,30.959999084472656,30.610000610351562,30.8799991607666,790694
2018-07-31,20.92993927001953,30.360000610351562,30.709999084472656,30.040000915527344,30.579999923706055,1393586
2018-08-01,21.384939193725586,31.020000457763672,31.049999237060547,30.3799991607666,30.3799991607666,1528666
2018-08-02,21.150545120239258,30.68000030517578,31.06999969482422,30.510000228881836,30.729999542236328,1078509
2018-08-03,21.233272552490234,30.799999237060547,31.06999969482422,30.559999465942383,30.799999237060547,1062670
2018-08-06,21.143651962280273,30.670000076293945,30.8799991607666,30.56999969482422,30.809999465942383,716807
2018-08-07,21.37804412841797,31.010000228881836,31.049999237060547,30.56999969482422,30.56999969482422,527414
2018-08-08,21.646907806396484,31.399999618530273,31.540000915527344,31.040000915527344,31.049999237060547,868312
2018-08-09,21.85372543334961,31.700000762939453,31.709999084472656,31.219999313354492,31.43000030517578,809615
2018-08-10,21.198802947998047,30.75,31.6299991607666,30.6299991607666,31.559999465942383,1018650
2018-08-13,21.19190788269043,30.739999771118164,30.809999465942383,30.40999984741211,30.6299991607666,517413
2018-08-14,21.060922622680664,30.549999237060547,30.84000015258789,30.309999465942383,30.84000015258789,631621
2018-08-15,20.530094146728516,29.780000686645508,30.649999618530273,29.690000534057617,30.530000686645508,922959
2018-08-16,20.950620651245117,30.389999389648438,30.559999465942383,30.0,30.100000381469727,765256
2018-08-17,20.923044204711914,30.350000381469727,30.6200008392334,30.190000534057617,30.399999618530273,780457
2018-08-20,21.136756896972656,30.65999984741211,31.020000457763672,30.530000686645508,30.530000686645508,1099244
2018-08-21,21.48834800720215,31.170000076293945,31.280000686645508,30.639999389648438,30.700000762939453,835050
2018-08-22,21.6538028717041,31.40999984741211,31.479999542236328,31.020000457763672,31.15999984741211,1128062
2018-08-23,21.915773391723633,31.790000915527344,31.850000381469727,31.280000686645508,31.43000030517578,1262338
2018-08-24,21.867511749267578,31.719999313354492,32.029998779296875,31.489999771118164,31.790000915527344,1169056
2018-08-27,21.881301879882812,31.739999771118164,31.899999618530273,31.3700008392334,31.899999618530273,841260
2018-08-28,22.377662658691406,32.459999084472656,32.459999084472656,31.780000686645508,31.780000686645508,1077354
2018-08-29,22.680997848510742,32.900001525878906,32.970001220703125,32.380001068115234,32.5,1199667
2018-08-30,22.922283172607422,33.25,33.33000183105469,32.540000915527344,32.810001373291016,1346742
2018-08-31,22.887813568115234,33.20000076293945,33.27000045776367,33.04999923706055,33.099998474121094,1919578
2018-09-03,22.977434158325195,33.33000183105469,33.47999954223633,33.13999938964844,33.150001525878906,878854
2018-09-04,22.743043899536133,32.9900016784668,33.380001068115234,32.54999923706055,33.349998474121094,1347791
2018-09-05,22.639633178710938,32.84000015258789,33.18000030517578,32.65999984741211,32.86000061035156,1581380
2018-09-06,22.45349884033203,32.56999969482422,32.880001068115234,32.56999969482422,32.84000015258789,1595042
2018-09-07,22.501752853393555,32.63999938964844,32.7599983215332,32.31999969482422,32.70000076293945,1790758
2018-09-10,22.260467529296875,32.290000915527344,32.779998779296875,32.290000915527344,32.63999938964844,1129288
2018-09-11,22.439708709716797,32.54999923706055,32.54999923706055,31.8700008392334,32.290000915527344,1443933
2018-09-12,22.460391998291016,32.58000183105469,33.029998779296875,32.5,32.54999923706055,1092418
2018-09-13,22.39145278930664,32.47999954223633,32.959999084472656,32.36000061035156,32.58000183105469,990778
2018-09-14,22.701679229736328,32.93000030517578,32.93000030517578,32.5,32.560001373291016,734777
2018-09-17,22.71546745300293,32.95000076293945,33.02000045776367,32.599998474121094,32.75,775173
2018-09-18,22.646526336669922,32.849998474121094,33.04999923706055,32.709999084472656,32.95000076293945,1576953
2018-09-19,23.04637336730957,33.43000030517578,33.47999954223633,32.91999816894531,32.97999954223633,1996254
2018-09-20,23.053266525268555,33.439998626708984,33.47999954223633,33.150001525878906,33.369998931884766,1990994
2018-09-21,23.266977310180664,33.75,33.810001373291016,33.45000076293945,33.599998474121094,2356777
2018-09-24,23.466907501220703,34.040000915527344,34.040000915527344,33.41999816894531,33.65999984741211,1222447
2018-09-25,23.67371940612793,34.34000015258789,34.5099983215332,33.880001068115234,34.0,1725877
2018-09-26,23.494482040405273,34.08000183105469,34.47999954223633,33.91999816894531,34.38999938964844,1448654
2018-09-27,23.825389862060547,34.560001373291016,34.70000076293945,33.970001220703125,34.2400016784668,1335860
2018-09-28,23.301448822021484,33.79999923706055,34.41999816894531,33.709999084472656,34.41999816894531,1799171
2018-10-01,23.260086059570312,33.7400016784668,34.06999969482422,33.7400016784668,33.79999923706055,1061756
2018-10-02,23.122207641601562,33.540000915527344,33.88999938964844,33.41999816894531,33.70000076293945,1026368
2018-10-03,23.067052841186523,33.459999084472656,33.7400016784668,33.349998474121094,33.5,635647
2018-10-04,22.90849494934082,33.22999954223633,33.709999084472656,33.20000076293945,33.459999084472656,994278
2018-10-05,22.756826400756836,33.0099983215332,33.33000183105469,32.81999969482422,33.22999954223633,904294
2018-10-08,22.536224365234375,32.689998626708984,33.040000915527344,32.529998779296875,33.0,1345838
2018-10-09,22.336301803588867,32.400001525878906,32.84000015258789,31.989999771118164,32.75,1272747
2018-10-10,21.233272552490234,30.799999237060547,32.599998474121094,30.65999984741211,32.599998474121094,1880290
2018-10-11,20.709333419799805,30.040000915527344,30.59000015258789,29.81999969482422,30.3700008392334,2770249
2018-10-12,20.750699996948242,30.100000381469727,30.780000686645508,30.100000381469727,30.299999237060547,1468296
2018-10-15,20.709333419799805,30.040000915527344,30.280000686645508,29.65999984741211,30.1200008392334,936873
2018-10-16,21.054033279418945,30.540000915527344,30.739999771118164,30.0,30.100000381469727,1624841
2018-10-17,20.957515716552734,30.399999618530273,30.75,30.260000228881836,30.600000381469727,1442257
2018-10-18,20.530094146728516,29.780000686645508,30.709999084472656,29.760000228881836,30.34000015258789,1190889
2018-10-19,20.736909866333008,30.079999923706055,30.219999313354492,29.389999389648438,29.739999771118164,1495876
2018-10-22,20.509408950805664,29.75,30.290000915527344,29.56999969482422,30.200000762939453,1182913
2018-10-23,19.399490356445312,28.139999389648438,29.420000076293945,28.079999923706055,29.420000076293945,2451157
2018-10-24,18.910022735595703,27.43000030517578,28.559999465942383,26.6200008392334,27.100000381469727,3156766
2018-10-25,19.089263916015625,27.690000534057617,28.18000030517578,26.700000762939453,26.989999771118164,2403311
2018-10-26,19.199567794799805,27.850000381469727,27.950000762939453,26.979999542236328,27.5,2301197
2018-10-29,18.951383590698242,27.489999771118164,28.020000457763672,27.40999984741211,27.899999618530273,1255047
2018-10-30,18.82040023803711,27.299999237060547,27.700000762939453,26.920000076293945,27.690000534057617,1108539
2018-10-31,19.58562660217285,28.40999984741211,28.6200008392334,27.520000457763672,27.520000457763672,2008533
2018-11-01,19.17198944091797,27.809999465942383,28.920000076293945,27.540000915527344,28.459999084472656,1442898
2018-11-02,19.544261932373047,28.350000381469727,28.700000762939453,28.0,28.299999237060547,1412978
2018-11-05,19.27539825439453,27.959999084472656,28.350000381469727,27.809999465942383,28.350000381469727,1318188
2018-11-06,19.041006088256836,27.6200008392334,28.100000381469727,27.530000686645508,27.959999084472656,1505428
2018-11-07,19.068586349487305,27.65999984741211,27.899999618530273,27.3799991607666,27.65999984741211,1498792
2018-11-08,19.089263916015625,27.690000534057617,28.020000457763672,27.56999969482422,27.81999969482422,1328255
2018-11-09,18.468807220458984,26.790000915527344,27.510000228881836,26.75,27.5,1149949
2018-11-12,18.220630645751953,26.43000030517578,27.15999984741211,26.43000030517578,27.079999923706055,1967840
2018-11-13,18.151691436767578,26.329999923706055,26.68000030517578,26.059999465942383,26.59000015258789,1581324
2018-11-14,18.08275032043457,26.229999542236328,26.5,25.760000228881836,26.270000457763672,1362785
2018-11-15,18.04138946533203,26.170000076293945,26.540000915527344,26.020000457763672,26.299999237060547,1950068
2018-11-16,18.110326766967773,26.270000457763672,26.8700008392334,26.06999969482422,26.350000381469727,1791127
2018-11-19,17.965553283691406,26.059999465942383,26.969999313354492,25.889999389648438,26.899999618530273,1299833
2018-11-20,17.469192504882812,25.34000015258789,26.700000762939453,24.90999984741211,25.8799991607666,1708828
2018-11-21,17.67601203918457,25.639999389648438,25.690000534057617,25.079999923706055,25.479999542236328,1438430
2018-11-22,17.193435668945312,24.940000534057617,25.610000610351562,24.829999923706055,25.610000610351562,1398734
2018-11-23,17.296842575073242,25.09000015258789,25.1299991607666,24.3799991607666,24.93000030517578,1726897
2018-11-26,17.27616310119629,25.059999465942383,25.309999465942383,24.8799991607666,25.170000076293945,1631580
2018-11-27,16.38684844970703,23.770000457763672,25.110000610351562,23.649999618530273,25.049999237060547,2010190
2018-11-28,16.4144229888916,23.809999465942383,24.079999923706055,23.440000534057617,23.959999084472656,2141494
2018-11-29,16.469575881958008,23.889999389648438,24.219999313354492,23.81999969482422,23.989999771118164,1173310
2018-11-30,16.221393585205078,23.530000686645508,23.959999084472656,23.520000457763672,23.959999084472656,2977292
2018-12-03,16.752225875854492,24.299999237060547,24.520000457763672,24.020000457763672,24.15999984741211,1502585
2018-12-04,16.441999435424805,23.850000381469727,24.40999984741211,23.770000457763672,24.299999237060547,1501739
2018-12-05,16.22828483581543,23.540000915527344,23.760000228881836,23.270000457763672,23.600000381469727,978158
2018-12-07,15.504426002502441,22.489999771118164,23.229999542236328,22.3700008392334,23.139999389648438,2344470
2018-12-10,15.22177505493164,22.079999923706055,22.440000534057617,22.06999969482422,22.260000228881836,1690532
2018-12-11,15.421698570251465,22.3700008392334,22.489999771118164,22.1200008392334,22.229999542236328,1310291
2018-12-12,16.13866424560547,23.40999984741211,23.440000534057617,22.389999389648438,22.469999313354492,1599373
2018-12-13,15.738815307617188,22.829999923706055,23.270000457763672,22.360000610351562,23.25,1860905
2018-12-14,15.807755470275879,22.93000030517578,23.06999969482422,22.450000762939453,22.65999984741211,1596114
2018-12-17,15.532001495361328,22.530000686645508,22.979999542236328,22.3700008392334,22.950000762939453,1680400
2018-12-18,15.780184745788574,22.889999389648438,23.110000610351562,22.049999237060547,22.399999618530273,3030866
2018-12-19,16.021467208862305,23.239999771118164,23.350000381469727,22.649999618530273,22.84000015258789,2538385
2018-12-20,15.318290710449219,22.219999313354492,22.829999923706055,22.219999313354492,22.81999969482422,1733217
2018-12-21,15.194199562072754,22.040000915527344,22.270000457763672,21.690000534057617,22.200000762939453,4618700
2018-12-27,15.207989692687988,22.059999465942383,22.40999984741211,21.950000762939453,22.1200008392334,1183065
2018-12-28,15.270031929016113,22.149999618530273,22.389999389648438,21.979999542236328,22.15999984741211,1058714
2019-01-02,15.207989692687988,22.059999465942383,22.450000762939453,21.799999237060547,22.049999237060547,1125441
2019-01-03,14.973591804504395,21.719999313354492,22.1299991607666,21.600000381469727,22.0,1303882
2019-01-04,15.614727973937988,22.649999618530273,22.649999618530273,21.799999237060547,21.920000076293945,1280019
2019-01-07,15.780184745788574,22.889999389648438,23.059999465942383,22.420000076293945,22.829999923706055,1599199
2019-01-08,16.069725036621094,23.309999465942383,23.610000610351562,22.649999618530273,22.81999969482422,1445866
2019-01-09,16.317909240722656,23.670000076293945,24.1299991607666,23.399999618530273,23.520000457763672,1531143
2019-01-10,16.435104370117188,23.84000015258789,23.969999313354492,23.510000228881836,23.739999771118164,1516100
2019-01-11,16.60055923461914,24.079999923706055,24.309999465942383,23.729999542236328,24.0,1800681
2019-01-14,16.51782989501953,23.959999084472656,24.049999237060547,23.579999923706055,24.0,1403340
2019-01-15,16.786693572998047,24.350000381469727,24.6200008392334,24.149999618530273,24.170000076293945,1196314
2019-01-16,17.296842575073242,25.09000015258789,25.15999984741211,24.25,24.479999542236328,1805670
2019-01-17,17.441614151000977,25.299999237060547,25.3700008392334,24.459999084472656,24.65999984741211,1363506
2019-01-18,17.66911506652832,25.6299991607666,25.639999389648438,25.100000381469727,25.489999771118164,1815910
2019-01-21,17.806997299194336,25.829999923706055,25.940000534057617,25.530000686645508,25.65999984741211,1017757
2019-01-22,17.869041442871094,25.920000076293945,26.469999313354492,25.889999389648438,26.170000076293945,1963976
2019-01-23,17.593284606933594,25.520000457763672,26.030000686645508,25.520000457763672,25.829999923706055,1620496
2019-01-24,17.607070922851562,25.540000915527344,25.899999618530273,25.25,25.5,1395908
2019-01-25,17.9104061126709,25.979999542236328,26.139999389648438,25.649999618530273,25.649999618530273,1293979
2019-01-28,17.73116111755371,25.719999313354492,26.09000015258789,25.510000228881836,26.0,1253635
2019-01-29,17.78631019592285,25.799999237060547,26.1299991607666,25.309999465942383,25.68000030517578,1083563
2019-01-30,17.93108558654785,26.010000228881836,26.079999923706055,25.579999923706055,25.920000076293945,1602754
2019-01-31,17.414039611816406,25.260000228881836,26.5,25.190000534057617,26.100000381469727,2612635
2019-02-01,17.882829666137695,25.940000534057617,26.190000534057617,25.329999923706055,25.510000228881836,2231215
2019-02-04,18.49638557434082,26.829999923706055,26.8799991607666,25.799999237060547,25.940000534057617,2250334
2019-02-05,18.992748260498047,27.549999237060547,27.59000015258789,26.8700008392334,26.989999771118164,1610075
2019-02-06,19.15131378173828,27.780000686645508,27.809999465942383,27.530000686645508,27.549999237060547,1222675
2019-02-07,18.75835418701172,27.209999084472656,27.829999923706055,27.09000015258789,27.719999313354492,1267106
2019-02-08,18.289567947387695,26.530000686645508,27.3799991607666,26.530000686645508,27.15999984741211,1841386
2019-02-11,18.49638557434082,26.829999923706055,27.09000015258789,26.670000076293945,26.700000762939453,1013969
2019-02-12,18.337825775146484,26.600000381469727,27.18000030517578,26.59000015258789,27.059999465942383,1350609
2019-02-13,18.51706886291504,26.860000610351562,26.860000610351562,26.59000015258789,26.709999084472656,1316263
2019-02-14,18.427448272705078,26.729999542236328,27.06999969482422,26.6200008392334,26.969999313354492,1275487
2019-02-15,18.48259735107422,26.809999465942383,27.1200008392334,26.540000915527344,26.65999984741211,1597068
2019-02-18,18.62047576904297,27.010000228881836,27.239999771118164,26.8700008392334,26.8700008392334,763476
2019-02-19,18.441234588623047,26.75,27.06999969482422,26.639999389648438,27.010000228881836,969505
2019-02-20,18.551536560058594,26.90999984741211,26.940000534057617,26.459999084472656,26.809999465942383,1111881
2019-02-21,18.096542358398438,26.25,26.969999313354492,26.06999969482422,26.969999313354492,1309265
2019-02-22,18.38608169555664,26.670000076293945,26.989999771118164,26.25,26.3799991607666,1374469
2019-02-25,18.79971694946289,27.270000457763672,27.40999984741211,26.709999084472656,26.8700008392334,1541381
2019-02-26,19.00653839111328,27.56999969482422,27.6200008392334,27.020000457763672,27.25,1291871
2019-02-27,18.847976684570312,27.34000015258789,27.600000381469727,27.15999984741211,27.56999969482422,1307545
2019-02-28,18.28267478942871,26.520000457763672,27.270000457763672,26.520000457763672,27.239999771118164,1651483
2019-03-01,18.916915893554688,27.440000534057617,27.549999237060547,26.239999771118164,26.68000030517578,1622591
2019-03-04,18.999643325805664,27.559999465942383,27.760000228881836,27.399999618530273,27.5,1917019
2019-03-05,18.606687545776367,26.989999771118164,27.610000610351562,26.969999313354492,27.579999923706055,1350200
2019-03-06,18.51706886291504,26.860000610351562,27.110000610351562,26.850000381469727,26.989999771118164,1098251
2019-03-07,17.9104061126709,25.979999542236328,26.809999465942383,25.979999542236328,26.760000228881836,1740207
2019-03-08,17.9104061126709,25.979999542236328,26.229999542236328,25.610000610351562,25.8700008392334,2118020
2019-03-11,18.04138946533203,26.170000076293945,26.209999084472656,25.90999984741211,26.079999923706055,1260226
2019-03-12,17.93798065185547,26.020000457763672,26.489999771118164,25.8799991607666,26.299999237060547,2096334
2019-03-13,17.834571838378906,25.8700008392334,25.989999771118164,25.670000076293945,25.8700008392334,1765414
2019-03-14,18.16547966003418,26.350000381469727,26.510000228881836,25.899999618530273,25.899999618530273,1447294
2019-03-15,18.441234588623047,26.75,26.90999984741211,26.440000534057617,26.469999313354492,2553330
2019-03-18,18.675626754760742,27.09000015258789,27.149999618530273,26.639999389648438,26.75,1075159
2019-03-19,18.903127670288086,27.420000076293945,27.600000381469727,26.93000030517578,27.139999389648438,1356800
2019-03-20,18.53774642944336,26.889999389648438,27.209999084472656,26.610000610351562,27.200000762939453,1568281
2019-03-21,18.25510025024414,26.479999542236328,26.940000534057617,26.40999984741211,26.920000076293945,1159215
2019-03-22,17.57949447631836,25.5,26.389999389648438,25.440000534057617,26.389999389648438,1879491
2019-03-25,17.5174503326416,25.40999984741211,25.8700008392334,25.209999084472656,25.5,1352829
2019-03-26,17.317529678344727,25.1200008392334,25.6299991607666,24.979999542236328,25.459999084472656,1692459
2019-03-27,17.531240463256836,25.43000030517578,25.59000015258789,25.040000915527344,25.1200008392334,1259953
2019-03-28,17.427831649780273,25.280000686645508,25.790000915527344,25.260000228881836,25.520000457763672,994822
2019-03-29,17.924190521240234,26.0,26.06999969482422,25.399999618530273,25.459999084472656,1564950
2019-04-01,18.737674713134766,27.18000030517578,27.280000686645508,26.34000015258789,26.34000015258789,2100918
2019-04-02,18.930702209472656,27.459999084472656,27.65999984741211,26.950000762939453,27.31999969482422,1695623
2019-04-03,19.475324630737305,28.25,28.479999542236328,27.700000762939453,27.75,1874965
2019-04-04,19.475324630737305,28.25,28.420000076293945,27.899999618530273,28.25,1228327
2019-04-05,19.72825050354004,27.299999237060547,27.299999237060547,26.84000015258789,27.190000534057617,1227013
2019-04-08,19.381380081176758,26.81999969482422,27.389999389648438,26.760000228881836,27.329999923706055,1604477
2019-04-09,19.05618667602539,26.3700008392334,26.799999237060547,26.360000610351562,26.780000686645508,1561617
2019-04-10,19.186264038085938,26.549999237060547,26.84000015258789,26.209999084472656,26.3700008392334,1659963
2019-04-11,19.23685073852539,26.6200008392334,26.649999618530273,26.329999923706055,26.549999237060547,909340
2019-04-12,19.3741512298584,26.809999465942383,27.0,26.350000381469727,26.649999618530273,1175301
2019-04-15,19.200716018676758,26.56999969482422,26.93000030517578,26.510000228881836,26.920000076293945,1169442
2019-04-16,18.52142906188965,25.6299991607666,26.600000381469727,25.3799991607666,26.56999969482422,2009631
2019-04-17,18.18901252746582,25.170000076293945,25.700000762939453,25.09000015258789,25.530000686645508,2302131
2019-04-18,18.36967658996582,25.420000076293945,25.59000015258789,25.06999969482422,25.15999984741211,1496052
2019-04-23,18.59369659423828,25.729999542236328,25.790000915527344,25.260000228881836,25.420000076293945,1682258
2019-04-24,18.58646583557129,25.719999313354492,26.06999969482422,25.399999618530273,25.729999542236328,1927029
2019-04-25,18.904430389404297,26.15999984741211,26.510000228881836,25.34000015258789,25.799999237060547,1724743
2019-04-26,18.694868087768555,25.8700008392334,26.459999084472656,25.8700008392334,26.299999237060547,1311738
2019-04-29,18.673185348510742,25.84000015258789,26.18000030517578,25.760000228881836,26.0,849949
2019-04-30,18.145652770996094,25.110000610351562,25.850000381469727,24.940000534057617,25.84000015258789,1630535
2019-05-02,18.355220794677734,25.399999618530273,25.520000457763672,24.850000381469727,25.190000534057617,1545305
2019-05-03,18.290184020996094,25.309999465942383,25.59000015258789,25.299999237060547,25.299999237060547,859297
2019-05-06,18.073389053344727,25.010000228881836,25.010000228881836,24.600000381469727,24.850000381469727,894182
2019-05-07,17.59644317626953,24.350000381469727,25.09000015258789,24.239999771118164,25.030000686645508,2082526
2019-05-08,17.56031036376953,24.299999237060547,24.68000030517578,24.049999237060547,24.350000381469727,1414913
2019-05-09,17.314611434936523,23.959999084472656,24.18000030517578,23.530000686645508,24.18000030517578,2230327
2019-05-10,17.57476234436035,24.31999969482422,24.459999084472656,24.18000030517578,24.209999084472656,1424154
2019-05-13,17.003873825073242,23.530000686645508,24.280000686645508,23.3799991607666,24.280000686645508,2231387
2019-05-14,17.03277587890625,23.56999969482422,23.81999969482422,23.450000762939453,23.6200008392334,1564659
2019-05-15,16.98941993713379,23.510000228881836,23.770000457763672,23.260000228881836,23.68000030517578,1489304
2019-05-16,17.21343994140625,23.81999969482422,23.860000610351562,23.329999923706055,23.510000228881836,1194126
2019-05-17,17.141176223754883,23.719999313354492,23.84000015258789,23.420000076293945,23.829999923706055,1326094
2019-05-20,16.779848098754883,23.219999313354492,23.799999237060547,23.020000457763672,23.719999313354492,1180990
2019-05-21,16.953285217285156,23.459999084472656,23.559999465942383,23.170000076293945,23.360000610351562,1349072
2019-05-22,16.967741012573242,23.479999542236328,23.68000030517578,23.40999984741211,23.559999465942383,1017770
2019-05-23,16.454662322998047,22.770000457763672,23.299999237060547,22.760000228881836,23.290000915527344,1531335
2019-05-24,16.534151077270508,22.8799991607666,23.239999771118164,22.860000610351562,22.989999771118164,1607082
2019-05-27,16.59918785095215,22.969999313354492,23.149999618530273,22.899999618530273,23.100000381469727,506398
2019-05-28,16.31013298034668,22.56999969482422,23.139999389648438,22.510000228881836,22.93000030517578,2690023
2019-05-29,16.143924713134766,22.34000015258789,22.459999084472656,21.969999313354492,22.420000076293945,1489392
2019-05-31,16.20173454284668,22.420000076293945,22.420000076293945,21.920000076293945,22.200000762939453,1714411
2019-06-03,16.208959579467773,22.43000030517578,22.549999237060547,21.93000030517578,22.350000381469727,1621213
2019-06-04,16.476337432861328,22.799999237060547,22.84000015258789,22.290000915527344,22.5,2051234
2019-06-05,16.324583053588867,22.59000015258789,23.0,22.450000762939453,22.899999618530273,1146444
2019-06-06,16.006620407104492,22.149999618530273,22.739999771118164,22.100000381469727,22.670000076293945,1898577
2019-06-07,16.22341537475586,22.450000762939453,22.65999984741211,22.15999984741211,22.15999984741211,1236597
2019-06-10,16.20173454284668,22.420000076293945,22.729999542236328,22.420000076293945,22.649999618530273,797113
2019-06-11,16.736492156982422,23.15999984741211,23.280000686645508,22.5,22.5,1807493
2019-06-12,16.534151077270508,22.8799991607666,23.059999465942383,22.610000610351562,22.889999389648438,1295746
2019-06-13,16.982192993164062,23.5,23.729999542236328,22.81999969482422,22.8799991607666,2264294
2019-06-14,16.779848098754883,23.219999313354492,23.530000686645508,23.100000381469727,23.5,1185165
2019-06-17,16.584739685058594,22.950000762939453,23.360000610351562,22.950000762939453,23.139999389648438,1299649
2019-06-18,16.931608200073242,23.43000030517578,23.489999771118164,22.56999969482422,22.959999084472656,2163781
2019-06-19,17.12672233581543,23.700000762939453,23.899999618530273,23.399999618530273,23.440000534057617,2149284
2019-06-20,16.69313621520996,23.100000381469727,23.969999313354492,23.049999237060547,23.75,4190106
2019-06-24,16.367944717407227,22.649999618530273,23.260000228881836,22.579999923706055,23.100000381469727,4154067
2019-06-25,16.64977264404297,23.040000915527344,23.25,22.65999984741211,22.700000762939453,1953317
2019-06-26,16.7220401763916,23.139999389648438,23.290000915527344,22.799999237060547,22.950000762939453,1560541
2019-06-27,16.591960906982422,22.959999084472656,23.440000534057617,22.920000076293945,23.239999771118164,1400882
2019-06-28,16.88825035095215,23.3700008392334,23.3700008392334,22.690000534057617,23.0,1819623
2019-07-01,17.307384490966797,23.950000762939453,24.260000228881836,23.75,23.75,2153326
2019-07-02,16.909927368164062,23.399999618530273,24.100000381469727,23.31999969482422,24.040000915527344,1808557
2019-07-03,17.02555274963379,23.559999465942383,23.670000076293945,23.219999313354492,23.440000534057617,1154673
2019-07-04,16.852115631103516,23.31999969482422,23.829999923706055,23.31999969482422,23.649999618530273,1061562
2019-07-05,16.931608200073242,23.43000030517578,23.670000076293945,22.8700008392334,23.329999923706055,1631210
2019-07-08,16.91715431213379,23.40999984741211,23.670000076293945,23.270000457763672,23.299999237060547,1051621
2019-07-09,16.34626579284668,22.6200008392334,23.309999465942383,22.520000457763672,23.309999465942383,1996391
2019-07-10,16.187280654907227,22.399999618530273,22.68000030517578,22.329999923706055,22.5,1635609
2019-07-11,16.136695861816406,22.329999923706055,22.579999923706055,22.299999237060547,22.43000030517578,1203565
2019-07-12,16.389623641967773,22.68000030517578,22.770000457763672,22.389999389648438,22.440000534057617,1253642
2019-07-15,16.42575454711914,22.729999542236328,22.940000534057617,22.469999313354492,22.68000030517578,815540
2019-07-16,16.498018264770508,22.829999923706055,22.8700008392334,22.559999465942383,22.68000030517578,935494
2019-07-17,16.12946891784668,22.31999969482422,22.940000534057617,22.229999542236328,22.829999923706055,1224875
2019-07-18,15.775375366210938,21.829999923706055,22.219999313354492,21.729999542236328,22.219999313354492,1794236
2019-07-19,15.717560768127441,21.75,22.020000457763672,21.100000381469727,21.389999389648438,1937361
2019-07-22,16.086111068725586,22.260000228881836,22.479999542236328,21.760000228881836,21.84000015258789,1815593
2019-07-23,17.726520538330078,24.530000686645508,25.149999618530273,23.020000457763672,23.079999923706055,5418087
2019-07-24,18.210693359375,25.200000762939453,25.399999618530273,24.43000030517578,24.600000381469727,2631401
2019-07-25,18.282955169677734,25.299999237060547,25.600000381469727,25.110000610351562,25.270000457763672,2690266
2019-07-26,18.145652770996094,25.110000610351562,25.3799991607666,24.829999923706055,25.260000228881836,1538424
2019-07-29,18.03725814819336,24.959999084472656,25.18000030517578,24.920000076293945,25.110000610351562,1068193
2019-07-30,17.80600929260254,24.639999389648438,24.940000534057617,24.440000534057617,24.899999618530273,1358237
2019-07-31,17.668704986572266,24.450000762939453,24.860000610351562,24.40999984741211,24.6299991607666,2190915
2019-08-01,17.827686309814453,24.670000076293945,24.760000228881836,24.200000762939453,24.309999465942383,1846357
2019-08-02,17.227893829345703,23.84000015258789,24.229999542236328,23.3700008392334,24.020000457763672,3338947
2019-08-05,16.93883514404297,23.440000534057617,23.700000762939453,23.200000762939453,23.600000381469727,2397329
2019-08-06,16.671457290649414,23.06999969482422,23.700000762939453,23.040000915527344,23.399999618530273,1801912
2019-08-07,16.570283889770508,22.93000030517578,23.190000534057617,22.75,23.190000534057617,1140742
2019-08-08,17.03277587890625,23.56999969482422,23.6299991607666,23.309999465942383,23.360000610351562,1362978
2019-08-09,16.982192993164062,23.5,23.75,23.440000534057617,23.59000015258789,1149320
2019-08-12,16.808757781982422,23.260000228881836,23.700000762939453,23.09000015258789,23.6299991607666,1005165
2019-08-13,16.982192993164062,23.5,23.760000228881836,22.860000610351562,23.229999542236328,1795335
2019-08-14,16.584739685058594,22.950000762939453,23.56999969482422,22.809999465942383,23.5,1709378
2019-08-15,16.37516975402832,22.65999984741211,23.200000762939453,22.450000762939453,22.959999084472656,1657666
2019-08-16,16.74371910095215,23.170000076293945,23.31999969482422,22.690000534057617,22.799999237060547,1653365
2019-08-19,17.083358764648438,23.639999389648438,23.729999542236328,23.290000915527344,23.290000915527344,1167726
2019-08-20,16.837661743164062,23.299999237060547,23.829999923706055,23.270000457763672,23.649999618530273,1089049
2019-08-21,17.090591430664062,23.649999618530273,23.8799991607666,23.360000610351562,23.399999618530273,1055199
2019-08-22,17.018325805664062,23.549999237060547,23.799999237060547,23.309999465942383,23.6200008392334,1143228
2019-08-23,16.801532745361328,23.25,23.889999389648438,23.229999542236328,23.639999389648438,1222069
2019-08-26,16.736492156982422,23.15999984741211,23.31999969482422,22.860000610351562,23.1200008392334,801313
2019-08-27,16.765399932861328,23.200000762939453,23.6299991607666,23.0,23.25,1736469
2019-08-28,16.664226531982422,23.059999465942383,23.299999237060547,22.8799991607666,23.200000762939453,1621061
2019-08-29,17.38687515258789,24.059999465942383,24.100000381469727,22.989999771118164,23.030000686645508,1754264
2019-08-30,17.719295501708984,24.520000457763672,24.600000381469727,23.940000534057617,24.059999465942383,1785977
2019-09-02,17.531404495239258,24.260000228881836,24.600000381469727,24.100000381469727,24.479999542236328,1249944
2019-09-03,17.42300796508789,24.110000610351562,24.329999923706055,24.0,24.309999465942383,1272790
2019-09-04,17.8493709564209,24.700000762939453,24.770000457763672,24.239999771118164,24.31999969482422,1170257
2019-09-05,17.94331169128418,24.829999923706055,25.239999771118164,24.68000030517578,24.920000076293945,1565398
2019-09-06,18.246824264526367,25.25,25.309999465942383,24.709999084472656,24.860000610351562,1367208
2019-09-09,18.355220794677734,25.399999618530273,25.399999618530273,25.049999237060547,25.260000228881836,1139019
2019-09-10,18.955018997192383,26.229999542236328,26.309999465942383,25.399999618530273,25.399999618530273,2626471
2019-09-11,18.955018997192383,26.229999542236328,26.549999237060547,26.040000915527344,26.350000381469727,1978740
2019-09-12,19.02005386352539,26.31999969482422,26.59000015258789,25.889999389648438,26.31999969482422,2174162
2019-09-13,19.41028594970703,26.860000610351562,26.93000030517578,26.31999969482422,26.360000610351562,1566015
2019-09-16,19.569265365600586,27.079999923706055,27.360000610351562,26.549999237060547,26.719999313354492,2420147
2019-09-17,19.171812057495117,26.530000686645508,27.1299991607666,26.219999313354492,27.0,2687635
2019-09-18,18.991151809692383,26.280000686645508,26.90999984741211,26.25,26.540000915527344,1332041
2019-09-19,19.128454208374023,26.469999313354492,26.700000762939453,26.0,26.260000228881836,1473209
2019-09-20,18.868301391601562,26.110000610351562,26.579999923706055,26.040000915527344,26.579999923706055,2819432
2019-09-23,18.62982749938965,25.780000686645508,26.079999923706055,25.5,26.079999923706055,1149580
2019-09-24,18.564788818359375,25.690000534057617,25.989999771118164,25.610000610351562,25.850000381469727,754504
2019-09-25,18.694868087768555,25.8700008392334,25.8700008392334,25.25,25.600000381469727,957092
2019-09-26,18.752676010131836,25.950000762939453,26.049999237060547,25.639999389648438,25.8799991607666,993169
2019-09-27,19.3741512298584,26.809999465942383,26.950000762939453,26.0,26.0,2236057
2019-09-30,19.598173141479492,27.1200008392334,27.229999542236328,26.719999313354492,26.809999465942383,1862220
2019-10-01,19.590946197509766,27.110000610351562,27.6299991607666,27.110000610351562,27.200000762939453,2156978
2019-10-02,19.359699249267578,26.790000915527344,26.989999771118164,26.450000762939453,26.959999084472656,2326919
2019-10-03,19.02005386352539,26.31999969482422,26.81999969482422,25.979999542236328,26.81999969482422,1498931
2019-10-04,19.027280807495117,26.329999923706055,26.489999771118164,26.030000686645508,26.350000381469727,1279457
2019-10-07,19.41028594970703,26.860000610351562,26.950000762939453,26.200000762939453,26.459999084472656,1075741
2019-10-08,19.244075775146484,26.6299991607666,27.18000030517578,26.450000762939453,27.139999389648438,1111843
2019-10-09,19.540363311767578,27.040000915527344,27.1200008392334,26.450000762939453,26.670000076293945,1357201
2019-10-10,19.858327865600586,27.479999542236328,27.6200008392334,26.81999969482422,27.100000381469727,1005889
2019-10-11,20.212421417236328,27.969999313354492,28.020000457763672,27.34000015258789,27.65999984741211,2023868
2019-10-14,20.104026794433594,27.81999969482422,27.889999389648438,27.520000457763672,27.889999389648438,925501
2019-10-15,20.16183853149414,27.899999618530273,28.25,27.649999618530273,27.950000762939453,1056963
2019-10-16,20.241329193115234,28.010000228881836,28.030000686645508,27.690000534057617,27.790000915527344,825049
2019-10-17,20.400312423706055,28.229999542236328,28.459999084472656,27.84000015258789,27.889999389648438,1484330
2019-10-18,20.48702621459961,28.350000381469727,28.3700008392334,27.90999984741211,28.170000076293945,1299294
2019-10-21,20.66046142578125,28.59000015258789,28.770000457763672,28.209999084472656,28.299999237060547,1713328
2019-10-22,20.385854721069336,28.209999084472656,28.540000915527344,28.040000915527344,28.489999771118164,1034414
2019-10-23,20.43644142150879,28.280000686645508,28.479999542236328,28.0,28.020000457763672,1119493
2019-10-24,21.433692932128906,29.65999984741211,29.829999923706055,28.0,28.0,1745605
2019-10-25,21.49150848388672,29.739999771118164,29.920000076293945,29.360000610351562,29.639999389648438,987749
2019-10-28,21.896188735961914,30.299999237060547,30.350000381469727,29.68000030517578,29.700000762939453,1063385
2019-10-29,21.426469802856445,29.649999618530273,29.8799991607666,28.84000015258789,29.8799991607666,2217906
2019-10-30,21.64326286315918,29.950000762939453,30.030000686645508,29.540000915527344,29.649999618530273,1145707
2019-10-31,21.057920455932617,29.139999389648438,29.729999542236328,29.040000915527344,29.559999465942383,1745621
2019-11-01,21.49150848388672,29.739999771118164,29.850000381469727,29.1299991607666,29.139999389648438,618531
2019-11-04,22.026264190673828,30.479999542236328,30.540000915527344,29.75,29.850000381469727,1298873
2019-11-05,22.07684898376465,30.549999237060547,30.719999313354492,30.25,30.5,1316489
2019-11-06,21.896188735961914,30.299999237060547,30.68000030517578,30.1299991607666,30.6200008392334,1312309
2019-11-07,22.29364585876465,30.850000381469727,30.950000762939453,30.360000610351562,30.360000610351562,874385
2019-11-08,22.22138023376465,30.75,30.979999542236328,30.520000457763672,30.700000762939453,908192
2019-11-11,22.387588500976562,30.979999542236328,31.100000381469727,30.5,30.6299991607666,844006
2019-11-12,22.546571731567383,31.200000762939453,31.260000228881836,30.90999984741211,30.979999542236328,1341646
2019-11-13,22.329774856567383,30.899999618530273,31.1299991607666,30.790000915527344,31.1299991607666,1141054
2019-11-14,22.105758666992188,30.59000015258789,30.93000030517578,30.459999084472656,30.899999618530273,1020652
2019-11-15,22.387588500976562,30.979999542236328,31.06999969482422,30.6200008392334,30.889999389648438,769696
2019-11-18,22.22138023376465,30.75,31.059999465942383,30.6200008392334,30.979999542236328,587097
2019-11-19,22.07684898376465,30.549999237060547,30.889999389648438,30.40999984741211,30.799999237060547,1074449
2019-11-20,22.149112701416016,30.649999618530273,30.700000762939453,30.18000030517578,30.420000076293945,1021834
2019-11-21,21.932323455810547,30.350000381469727,30.600000381469727,30.190000534057617,30.350000381469727,922082
2019-11-22,21.968454360961914,30.399999618530273,30.649999618530273,30.219999313354492,30.350000381469727,1296206
2019-11-25,22.06239891052246,30.530000686645508,30.639999389648438,30.40999984741211,30.5,864279
2019-11-26,22.047945022583008,30.510000228881836,30.610000610351562,30.34000015258789,30.530000686645508,1610171
2019-11-27,21.95400047302246,30.3799991607666,30.739999771118164,30.3799991607666,30.530000686645508,1008072
2019-11-28,22.00458526611328,30.450000762939453,30.579999923706055,30.229999542236328,30.350000381469727,601574
2019-11-29,21.910642623901367,30.31999969482422,30.450000762939453,30.260000228881836,30.440000534057617,1089809
2019-12-02,21.90341567993164,30.309999465942383,30.84000015258789,30.280000686645508,30.389999389648438,1273588
2019-12-03,21.664941787719727,29.979999542236328,30.450000762939453,29.829999923706055,30.3700008392334,1508517
2019-12-04,21.932323455810547,30.350000381469727,30.399999618530273,29.760000228881836,29.920000076293945,958185
2019-12-05,21.838375091552734,30.219999313354492,30.440000534057617,30.149999618530273,30.350000381469727,714575
2019-12-09,22.07684898376465,30.549999237060547,30.59000015258789,29.139999389648438,29.200000762939453,1703139
2019-12-10,21.932323455810547,30.350000381469727,30.610000610351562,30.209999084472656,30.450000762939453,1420685
2019-12-11,21.990129470825195,30.43000030517578,30.489999771118164,30.209999084472656,30.420000076293945,1213343
2019-12-12,22.105758666992188,30.59000015258789,30.770000457763672,30.190000534057617,30.420000076293945,1495396
2019-12-13,22.37313461303711,30.959999084472656,31.3799991607666,30.799999237060547,30.989999771118164,1408926
2019-12-16,22.286415100097656,30.84000015258789,31.309999465942383,30.760000228881836,31.0,1045325
2019-12-17,22.329774856567383,30.899999618530273,31.049999237060547,30.75,30.899999618530273,895470
2019-12-18,22.27196502685547,30.81999969482422,30.989999771118164,30.75,30.809999465942383,1099904
2019-12-19,22.141887664794922,30.639999389648438,31.049999237060547,30.579999923706055,30.809999465942383,1665240
2019-12-20,22.51766586303711,31.15999984741211,31.15999984741211,30.610000610351562,30.670000076293945,2170517
2019-12-23,22.575475692749023,31.239999771118164,31.3700008392334,31.06999969482422,31.15999984741211,647856
2019-12-27,22.45985221862793,31.079999923706055,31.489999771118164,30.959999084472656,31.299999237060547,811366
2019-12-30,22.337003707885742,30.90999984741211,31.149999618530273,30.799999237060547,31.020000457763672,919467
2020-01-02,22.546571731567383,31.200000762939453,31.5,30.889999389648438,31.059999465942383,1375499
2020-01-03,22.19247055053711,30.709999084472656,30.989999771118164,30.520000457763672,30.989999771118164,1009594
2020-01-07,22.11298179626465,30.600000381469727,30.809999465942383,30.09000015258789,30.719999313354492,1677282
2020-01-08,21.621583938598633,29.920000076293945,30.260000228881836,29.760000228881836,30.209999084472656,1002091
2020-01-09,21.549320220947266,29.81999969482422,30.299999237060547,29.770000457763672,30.229999542236328,1736194
2020-01-10,21.585451126098633,29.8700008392334,30.059999465942383,29.729999542236328,29.850000381469727,937945
2020-01-13,21.67939567565918,30.0,30.139999389648438,29.600000381469727,29.790000915527344,1094902
2020-01-14,21.08682632446289,29.18000030517578,29.809999465942383,29.079999923706055,29.729999542236328,1641941
2020-01-15,20.580970764160156,28.479999542236328,29.270000457763672,28.260000228881836,29.100000381469727,2229548
2020-01-16,20.682144165039062,28.6200008392334,29.049999237060547,28.280000686645508,28.479999542236328,1960656
2020-01-17,21.02178955078125,29.09000015258789,29.239999771118164,28.399999618530273,28.469999313354492,1610350
2020-01-20,21.159090042114258,29.280000686645508,29.440000534057617,29.059999465942383,29.09000015258789,838212
2020-01-21,21.166316986083984,29.290000915527344,29.31999969482422,28.979999542236328,29.200000762939453,849532
2020-01-22,21.13741111755371,29.25,29.40999984741211,29.0,29.389999389648438,935260
2020-01-23,20.906164169311523,28.93000030517578,29.360000610351562,28.829999923706055,29.190000534057617,1100461
2020-01-24,21.11573028564453,29.219999313354492,29.469999313354492,28.969999313354492,29.049999237060547,954727
2020-01-27,20.31359100341797,28.110000610351562,28.700000762939453,27.969999313354492,28.6299991607666,1847945
2020-01-28,20.43644142150879,28.280000686645508,28.350000381469727,27.899999618530273,28.229999542236328,1127160
2020-01-29,20.49425506591797,28.360000610351562,28.8799991607666,28.239999771118164,28.280000686645508,1683263
2020-01-30,21.187997817993164,29.31999969482422,29.530000686645508,28.309999465942383,28.309999465942383,2006857
2020-01-31,20.617107391357422,28.530000686645508,29.600000381469727,28.360000610351562,29.420000076293945,1878808
2020-02-03,20.64600944519043,28.56999969482422,28.700000762939453,28.25,28.479999542236328,1122511
2020-02-04,21.10850715637207,29.209999084472656,29.360000610351562,28.65999984741211,28.719999313354492,974567
2020-02-05,21.860055923461914,30.25,30.25,29.110000610351562,29.200000762939453,1995419
2020-02-06,21.686620712280273,30.010000228881836,30.799999237060547,29.889999389648438,30.5,1474343
2020-02-07,21.12295913696289,29.229999542236328,30.020000457763672,29.040000915527344,30.020000457763672,1295103
2020-02-10,21.426469802856445,29.649999618530273,29.799999237060547,29.100000381469727,29.239999771118164,742139
2020-02-11,21.968454360961914,30.399999618530273,30.399999618530273,29.8700008392334,29.8700008392334,1060671
2020-02-12,21.975679397583008,30.40999984741211,30.540000915527344,30.18000030517578,30.209999084472656,1491975
2020-02-13,21.70107650756836,30.030000686645508,30.299999237060547,29.809999465942383,30.200000762939453,1686352
2020-02-14,21.722753524780273,30.059999465942383,30.260000228881836,29.84000015258789,29.90999984741211,856808
2020-02-17,21.72998046875,30.06999969482422,30.329999923706055,30.020000457763672,30.059999465942383,470158
2020-02-18,21.289165496826172,29.459999084472656,30.299999237060547,29.40999984741211,30.299999237060547,1084459
2020-02-19,21.686620712280273,30.010000228881836,30.049999237060547,29.489999771118164,29.489999771118164,720143
2020-02-20,22.134666442871094,30.6299991607666,30.670000076293945,29.850000381469727,29.959999084472656,1406595
2020-02-21,22.07684898376465,30.549999237060547,30.700000762939453,30.139999389648438,30.290000915527344,1294547
2020-02-24,21.289165496826172,29.459999084472656,29.959999084472656,29.3700008392334,29.959999084472656,2292576
2020-02-25,21.01456069946289,29.079999923706055,29.709999084472656,29.049999237060547,29.459999084472656,1488721
2020-02-26,21.31084442138672,29.489999771118164,29.639999389648438,27.93000030517578,28.93000030517578,2228577
2020-02-27,20.48702621459961,28.350000381469727,29.040000915527344,27.899999618530273,29.040000915527344,1399590
2020-02-28,20.038986206054688,27.729999542236328,27.84000015258789,27.139999389648438,27.5,2452563
2020-03-02,20.08234405517578,27.790000915527344,28.649999618530273,27.059999465942383,28.5,1722424
2020-03-03,20.400312423706055,28.229999542236328,29.1200008392334,27.920000076293945,28.18000030517578,1822103
2020-03-04,20.19797134399414,27.950000762939453,28.530000686645508,27.739999771118164,28.3700008392334,1798341
2020-03-05,19.937816619873047,27.59000015258789,28.450000762939453,27.3700008392334,28.290000915527344,1382239
2020-03-06,19.403057098388672,26.850000381469727,27.229999542236328,26.350000381469727,27.0,1644295
2020-03-09,18.528657913208008,25.639999389648438,25.969999313354492,24.829999923706055,25.399999618530273,3539063
2020-03-10,18.29741096496582,25.31999969482422,26.850000381469727,25.1299991607666,25.760000228881836,2322069
2020-03-11,17.777103424072266,24.600000381469727,25.989999771118164,24.31999969482422,25.450000762939453,1768382
2020-03-12,16.8304386138916,23.290000915527344,23.93000030517578,22.6299991607666,23.399999618530273,2744737
2020-03-13,16.534151077270508,22.8799991607666,24.3799991607666,22.81999969482422,23.639999389648438,3672193
2020-03-16,16.049978256225586,22.209999084472656,22.59000015258789,21.200000762939453,21.920000076293945,3044456
2020-03-17,15.804281234741211,21.8700008392334,23.219999313354492,21.18000030517578,23.0,3428210
2020-03-18,15.204485893249512,21.040000915527344,22.25,20.639999389648438,21.31999969482422,2542988
2020-03-19,15.753693580627441,21.799999237060547,22.209999084472656,20.309999465942383,21.0,3300681
2020-03-20,16.483566284179688,22.809999465942383,23.40999984741211,22.25,22.93000030517578,3181894
2020-03-23,15.16112232208252,20.979999542236328,21.850000381469727,20.690000534057617,21.760000228881836,2076390
2020-03-24,16.237863540649414,22.469999313354492,22.59000015258789,21.639999389648438,21.829999923706055,2295099
2020-03-25,17.16285514831543,23.75,23.75,22.610000610351562,23.100000381469727,2536847
2020-03-26,17.21343994140625,23.81999969482422,24.290000915527344,23.15999984741211,23.479999542236328,1876296
2020-03-27,16.64977264404297,23.040000915527344,23.56999969482422,22.700000762939453,23.440000534057617,1668929
2020-03-30,16.866567611694336,23.34000015258789,23.610000610351562,22.65999984741211,23.149999618530273,1395284
2020-03-31,18.131200790405273,25.09000015258789,25.09000015258789,23.59000015258789,23.59000015258789,3603497
2020-04-01,17.58246612548828,23.06999969482422,23.700000762939453,22.670000076293945,23.06999969482422,2161582
2020-04-02,17.513872146606445,22.979999542236328,23.610000610351562,22.780000686645508,23.18000030517578,1434226
2020-04-03,17.62057113647461,23.1200008392334,23.520000457763672,22.81999969482422,22.989999771118164,1186891
2020-04-06,18.131202697753906,23.790000915527344,23.969999313354492,23.399999618530273,23.610000610351562,1621603
2020-04-07,18.76377296447754,24.6200008392334,25.479999542236328,24.280000686645508,24.6299991607666,1851949
2020-04-08,18.74091148376465,24.59000015258789,24.59000015258789,24.1200008392334,24.43000030517578,1535335
2020-04-09,18.756153106689453,24.610000610351562,25.239999771118164,24.399999618530273,25.139999389648438,2311659
2020-04-14,19.11435890197754,25.079999923706055,25.469999313354492,24.90999984741211,25.469999313354492,1674636
2020-04-15,18.46653938293457,24.229999542236328,25.309999465942383,24.1200008392334,25.100000381469727,1514996
2020-04-16,18.283628463745117,23.989999771118164,24.760000228881836,23.75,24.350000381469727,1611724
2020-04-17,18.756153106689453,24.610000610351562,25.010000228881836,24.469999313354492,24.6299991607666,1369849
2020-04-20,18.413188934326172,24.15999984741211,24.520000457763672,23.90999984741211,24.479999542236328,912782
2020-04-21,18.016878128051758,23.639999389648438,24.209999084472656,23.639999389648438,24.049999237060547,1637131
2020-04-22,18.390323638916016,24.1299991607666,24.479999542236328,23.729999542236328,23.729999542236328,1620852
2020-04-23,18.733287811279297,24.579999923706055,25.239999771118164,24.34000015258789,25.0,2057588
2020-04-24,18.291250228881836,24.0,24.399999618530273,23.81999969482422,24.31999969482422,1365914
2020-04-27,18.55037498474121,24.34000015258789,24.389999389648438,24.010000228881836,24.270000457763672,1090074
2020-04-28,19.34299659729004,25.3799991607666,25.3799991607666,24.350000381469727,24.450000762939453,1576384
2020-04-29,19.647851943969727,25.780000686645508,25.959999084472656,25.030000686645508,25.3799991607666,1183891
2020-04-30,19.251541137695312,25.260000228881836,25.950000762939453,25.219999313354492,25.899999618530273,2119175
2020-05-04,19.02290153503418,24.959999084472656,25.31999969482422,24.329999923706055,24.600000381469727,1666093
2020-05-05,18.9771728515625,24.899999618530273,25.510000228881836,24.700000762939453,25.3799991607666,1050820
2020-05-06,18.794260025024414,24.65999984741211,25.200000762939453,24.520000457763672,24.899999618530273,1067887
2020-05-07,19.17532730102539,25.15999984741211,25.270000457763672,24.65999984741211,24.799999237060547,872298
2020-05-08,19.304889678955078,25.329999923706055,25.799999237060547,25.329999923706055,25.360000610351562,705059
2020-05-11,18.954307556152344,24.8700008392334,25.6299991607666,24.75,25.440000534057617,1091870
2020-05-12,18.89333724975586,24.790000915527344,25.079999923706055,24.56999969482422,24.690000534057617,1387309
2020-05-13,18.649452209472656,24.469999313354492,24.639999389648438,24.329999923706055,24.600000381469727,1223407
2020-05-14,18.138822555541992,23.799999237060547,24.329999923706055,23.469999313354492,24.280000686645508,1776762
2020-05-15,18.10071563720703,23.75,24.18000030517578,23.639999389648438,24.0,1587599
2020-05-18,19.304889678955078,25.329999923706055,25.329999923706055,24.139999389648438,24.139999389648438,1369180
2020-05-19,19.434450149536133,25.5,25.6299991607666,25.100000381469727,25.5,1084211
2020-05-20,19.46493911743164,25.540000915527344,25.649999618530273,25.110000610351562,25.3799991607666,1259506
2020-05-22,19.190570831298828,25.18000030517578,25.239999771118164,24.670000076293945,24.84000015258789,980939
2020-05-25,19.137218475341797,25.110000610351562,25.399999618530273,24.829999923706055,25.31999969482422,942691
2020-05-26,19.624988555908203,25.75,25.889999389648438,25.25,25.34000015258789,1574322
2020-05-27,19.746925354003906,25.90999984741211,26.200000762939453,25.700000762939453,25.75,2077842
2020-05-28,19.868867874145508,26.06999969482422,26.270000457763672,25.920000076293945,26.06999969482422,1397396
2020-05-29,19.79265594482422,25.969999313354492,25.969999313354492,25.6200008392334,25.8799991607666,2471166
2020-06-01,19.998432159423828,26.239999771118164,26.399999618530273,25.850000381469727,26.399999618530273,836150
2020-06-02,20.08989143371582,26.360000610351562,26.479999542236328,25.979999542236328,26.3799991607666,1491256
2020-06-03,20.478578567504883,26.8700008392334,26.8700008392334,26.3700008392334,26.489999771118164,1334975
2020-06-04,20.470956802368164,26.860000610351562,27.100000381469727,26.760000228881836,26.790000915527344,1316604
2020-06-05,20.79105567932129,27.280000686645508,27.350000381469727,26.760000228881836,27.049999237060547,1420879
2020-06-08,20.829160690307617,27.329999923706055,27.350000381469727,26.8799991607666,27.049999237060547,1337077
2020-06-09,20.608142852783203,27.040000915527344,27.3799991607666,26.690000534057617,27.3799991607666,1566454
2020-06-10,19.967947006225586,26.200000762939453,27.010000228881836,26.139999389648438,27.0,1648794
2020-06-11,19.3277530670166,25.360000610351562,25.81999969482422,25.350000381469727,25.81999969482422,1571037
2020-06-12,19.6097469329834,25.729999542236328,26.079999923706055,25.0,25.15999984741211,1751762
2020-06-15,19.701200485229492,25.850000381469727,25.8799991607666,24.8700008392334,25.0,1392675
2020-06-16,20.173725128173828,26.469999313354492,26.5,26.010000228881836,26.209999084472656,2024478
2020-06-17,20.28042221069336,26.610000610351562,26.780000686645508,26.079999923706055,26.469999313354492,1606992
2020-06-18,20.219451904296875,26.530000686645508,27.06999969482422,26.459999084472656,26.489999771118164,3644412
2020-06-22,20.234695434570312,26.549999237060547,26.75,25.860000610351562,26.200000762939453,1253074
2020-06-23,20.21183204650879,26.520000457763672,26.809999465942383,26.270000457763672,26.709999084472656,1153475
2020-06-24,20.03653907775879,26.290000915527344,26.6200008392334,26.200000762939453,26.43000030517578,1084866
2020-06-25,19.693578720092773,25.84000015258789,26.1299991607666,25.540000915527344,26.1299991607666,1405759
2020-06-26,19.495420455932617,25.579999923706055,26.010000228881836,25.579999923706055,26.0,1226170
2020-06-29,19.525907516479492,25.6200008392334,25.700000762939453,25.3799991607666,25.579999923706055,920441
2020-06-30,19.60211944580078,25.719999313354492,25.829999923706055,25.459999084472656,25.600000381469727,1466684
2020-07-01,19.548770904541016,25.649999618530273,26.040000915527344,25.530000686645508,25.719999313354492,1109921
2020-07-02,19.472558975219727,25.549999237060547,25.860000610351562,25.40999984741211,25.860000610351562,1409585
2020-07-03,19.419204711914062,25.479999542236328,25.8799991607666,25.360000610351562,25.549999237060547,861698
2020-07-06,19.6630916595459,25.799999237060547,25.969999313354492,25.6200008392334,25.75,1165093
2020-07-07,19.28202247619629,25.299999237060547,25.700000762939453,25.260000228881836,25.700000762939453,902705
2020-07-08,18.961929321289062,24.8799991607666,25.200000762939453,24.8700008392334,25.1299991607666,1450608
2020-07-09,18.565614700317383,24.360000610351562,24.989999771118164,24.360000610351562,24.969999313354492,1306932
2020-07-10,18.35222053527832,24.079999923706055,24.25,24.010000228881836,24.010000228881836,1687372
2020-07-13,18.367462158203125,24.100000381469727,24.43000030517578,24.020000457763672,24.350000381469727,2504358
2020-07-14,18.44367790222168,24.200000762939453,24.229999542236328,23.559999465942383,23.969999313354492,2690156
2020-07-15,18.306489944458008,24.020000457763672,24.440000534057617,24.010000228881836,24.309999465942383,1332769
2020-07-16,18.001638412475586,23.6200008392334,24.030000686645508,23.450000762939453,23.950000762939453,1221332
2020-07-17,18.29886817932129,24.010000228881836,24.010000228881836,23.450000762939453,23.690000534057617,1743578
2020-07-20,18.321735382080078,24.040000915527344,24.360000610351562,23.940000534057617,24.0,990460
2020-07-21,18.428436279296875,24.18000030517578,24.540000915527344,24.020000457763672,24.139999389648438,1592984
2020-07-22,18.44367790222168,24.200000762939453,24.280000686645508,24.1200008392334,24.219999313354492,1226070
2020-07-23,18.664695739746094,24.489999771118164,25.260000228881836,23.959999084472656,25.0,2340619
2020-07-24,18.771394729614258,24.6299991607666,24.899999618530273,24.06999969482422,24.389999389648438,1798490
2020-07-27,18.725664138793945,24.56999969482422,24.719999313354492,24.360000610351562,24.709999084472656,861753
2020-07-28,18.199790954589844,23.8799991607666,24.56999969482422,23.790000915527344,24.56999969482422,1454884
2020-07-29,18.15406608581543,23.81999969482422,24.059999465942383,23.739999771118164,23.799999237060547,1081441
2020-07-30,17.551979064941406,23.030000686645508,23.8799991607666,22.690000534057617,23.809999465942383,1569003
2020-07-31,17.24712562561035,22.6299991607666,23.290000915527344,22.610000610351562,23.040000915527344,1475125
2020-08-03,17.61294937133789,23.110000610351562,23.219999313354492,22.459999084472656,22.6299991607666,1153160
2020-08-04,17.529115676879883,23.0,23.170000076293945,22.889999389648438,23.1200008392334,1296526
2020-08-05,17.658676147460938,23.170000076293945,23.309999465942383,22.950000762939453,23.1299991607666,1045328
2020-08-06,17.452898025512695,22.899999618530273,23.18000030517578,22.770000457763672,23.149999618530273,1080807
2020-08-07,17.44527816772461,22.889999389648438,22.989999771118164,22.670000076293945,22.799999237060547,660580
2020-08-10,17.48338508605957,22.940000534057617,23.170000076293945,22.600000381469727,23.020000457763672,1187255
2020-08-11,17.574840545654297,23.059999465942383,23.239999771118164,22.959999084472656,23.0,1263068
2020-08-12,17.643434524536133,23.149999618530273,23.229999542236328,22.989999771118164,23.059999465942383,1209326
2020-08-13,17.628190994262695,23.1299991607666,23.239999771118164,23.049999237060547,23.170000076293945,773444
2020-08-14,17.567222595214844,23.049999237060547,23.079999923706055,22.850000381469727,23.030000686645508,820880
2020-08-17,17.841588973999023,23.40999984741211,23.510000228881836,23.040000915527344,23.040000915527344,862160
2020-08-18,17.894941329956055,23.479999542236328,23.600000381469727,23.139999389648438,23.290000915527344,1009946
2020-08-19,17.910181045532227,23.5,23.600000381469727,23.309999465942383,23.479999542236328,904946
2020-08-20,17.887319564819336,23.469999313354492,23.510000228881836,23.190000534057617,23.350000381469727,1094099
2020-08-21,18.047367095947266,23.68000030517578,23.709999084472656,23.350000381469727,23.5,1286982
2020-08-24,18.375085830688477,24.110000610351562,24.239999771118164,23.850000381469727,23.950000762939453,1426494
2020-08-25,18.8552303314209,24.739999771118164,24.969999313354492,24.15999984741211,24.15999984741211,1932040
2020-08-26,19.419204711914062,25.479999542236328,25.579999923706055,24.709999084472656,24.739999771118164,1962986
2020-08-27,19.472558975219727,25.549999237060547,25.739999771118164,25.190000534057617,25.440000534057617,1516976
2020-08-28,19.24391746520996,25.25,25.65999984741211,25.1200008392334,25.600000381469727,1514514
2020-08-31,19.36585807800293,25.40999984741211,25.739999771118164,25.299999237060547,25.299999237060547,1809715
2020-09-01,19.22867774963379,25.229999542236328,25.700000762939453,25.06999969482422,25.649999618530273,1545790
2020-09-02,19.617361068725586,25.739999771118164,26.110000610351562,25.290000915527344,25.290000915527344,1743378
2020-09-03,19.746925354003906,25.90999984741211,26.75,25.829999923706055,26.079999923706055,2196745
2020-09-04,20.044160842895508,26.299999237060547,26.5,25.59000015258789,25.829999923706055,1957558
2020-09-07,20.135616302490234,26.420000076293945,26.450000762939453,26.149999618530273,26.200000762939453,1256908
2020-09-08,19.8383846282959,26.030000686645508,26.510000228881836,25.8700008392334,26.450000762939453,1248886
2020-09-09,20.05940055847168,26.31999969482422,26.34000015258789,25.920000076293945,26.0,935303
2020-09-10,20.074647903442383,26.34000015258789,26.5,26.190000534057617,26.31999969482422,1313459
2020-09-11,20.272802352905273,26.600000381469727,26.6299991607666,26.219999313354492,26.329999923706055,1459896
2020-09-14,20.05940055847168,26.31999969482422,26.75,26.31999969482422,26.700000762939453,1289274
2020-09-15,20.03653907775879,26.290000915527344,26.579999923706055,26.219999313354492,26.389999389648438,1236279
2020-09-16,20.943483352661133,27.479999542236328,27.479999542236328,26.25,26.290000915527344,2255531
2020-09-17,20.79105567932129,27.280000686645508,27.309999465942383,26.84000015258789,27.139999389648438,1226490
2020-09-18,20.7681884765625,27.25,27.670000076293945,27.18000030517578,27.31999969482422,2700719
2020-09-21,19.91459846496582,26.1299991607666,27.1299991607666,25.989999771118164,27.1299991607666,1587001
2020-09-22,19.891733169555664,26.100000381469727,26.479999542236328,26.049999237060547,26.09000015258789,784191
2020-09-23,20.135616302490234,26.420000076293945,26.579999923706055,26.049999237060547,26.149999618530273,1429397
2020-09-24,19.846004486083984,26.040000915527344,26.229999542236328,25.920000076293945,26.209999084472656,1212808
2020-09-25,19.58687973022461,25.700000762939453,26.260000228881836,25.5,26.040000915527344,1277274
2020-09-28,20.28042221069336,26.610000610351562,26.6299991607666,26.040000915527344,26.040000915527344,1603362
2020-09-29,19.92222023010254,26.139999389648438,26.610000610351562,26.0,26.600000381469727,990385
2020-09-30,19.80790138244629,25.989999771118164,26.25,25.81999969482422,25.959999084472656,1243474
2020-10-01,19.7316837310791,25.889999389648438,26.149999618530273,25.790000915527344,26.079999923706055,1056672
2020-10-02,19.823143005371094,26.010000228881836,26.020000457763672,25.540000915527344,25.760000228881836,828256
2020-10-05,19.998432159423828,26.239999771118164,26.399999618530273,26.09000015258789,26.209999084472656,981598
2020-10-06,20.044160842895508,26.299999237060547,26.579999923706055,26.239999771118164,26.31999969482422,885335
2020-10-07,20.074647903442383,26.34000015258789,26.40999984741211,26.09000015258789,26.219999313354492,1035716
2020-10-08,19.777414321899414,25.950000762939453,26.450000762939453,25.8700008392334,26.40999984741211,1391708
2020-10-09,19.937461853027344,26.15999984741211,26.329999923706055,25.969999313354492,26.100000381469727,996205
2020-10-12,20.288043975830078,26.6200008392334,26.65999984741211,26.059999465942383,26.110000610351562,995126
2020-10-13,19.95270347595215,26.18000030517578,26.809999465942383,26.020000457763672,26.6200008392334,1115706
2020-10-14,20.028919219970703,26.280000686645508,26.3799991607666,26.1299991607666,26.3799991607666,758382
2020-10-15,19.685956954956055,25.829999923706055,26.049999237060547,25.649999618530273,26.010000228881836,1130083
2020-10-16,20.074647903442383,26.34000015258789,26.6299991607666,26.110000610351562,26.31999969482422,1411979
2020-10-19,20.234695434570312,26.549999237060547,26.59000015258789,26.34000015258789,26.34000015258789,973786
2020-10-20,19.83076286315918,26.020000457763672,27.049999237060547,26.010000228881836,26.690000534057617,1373056
2020-10-21,19.846004486083984,26.040000915527344,26.43000030517578,25.639999389648438,26.15999984741211,1357624
2020-10-22,19.7316837310791,25.889999389648438,26.190000534057617,25.809999465942383,26.030000686645508,915463
2020-10-23,19.670713424682617,25.809999465942383,26.1299991607666,25.790000915527344,25.850000381469727,624355
2020-10-26,19.525907516479492,25.6200008392334,25.829999923706055,25.389999389648438,25.600000381469727,1878150
2020-10-27,18.961929321289062,24.8799991607666,25.6200008392334,24.360000610351562,25.6200008392334,3284434
2020-10-28,18.504648208618164,24.280000686645508,24.469999313354492,23.950000762939453,24.399999618530273,1600852
2020-10-29,18.237899780273438,23.93000030517578,24.309999465942383,23.93000030517578,24.0,1486187
2020-10-30,18.489404678344727,24.260000228881836,24.260000228881836,23.739999771118164,23.739999771118164,1377020
2020-11-02,18.542755126953125,24.329999923706055,24.549999237060547,24.200000762939453,24.31999969482422,1203118
2020-11-03,18.96954917907715,24.889999389648438,24.969999313354492,24.479999542236328,24.649999618530273,1188957
2020-11-04,19.06100845336914,25.010000228881836,25.059999465942383,24.40999984741211,24.540000915527344,1030655
2020-11-05,19.015275955200195,24.950000762939453,25.18000030517578,24.899999618530273,25.1200008392334,1383840
2020-11-06,19.16770362854004,25.149999618530273,25.200000762939453,24.719999313354492,25.0,1499645
2020-11-09,19.92222023010254,26.139999389648438,26.450000762939453,25.329999923706055,25.360000610351562,1806889
2020-11-10,20.34901237487793,26.700000762939453,26.950000762939453,26.09000015258789,26.329999923706055,1525627
2020-11-11,20.463335037231445,26.850000381469727,26.969999313354492,26.540000915527344,26.600000381469727,1176811
2020-11-12,20.08226776123047,26.350000381469727,26.899999618530273,26.350000381469727,26.600000381469727,1072739
2020-11-13,20.12037467956543,26.399999618530273,26.459999084472656,25.950000762939453,26.200000762939453,956078
2020-11-16,20.227075576782227,26.540000915527344,26.739999771118164,26.329999923706055,26.5,1394091
2020-11-17,20.333772659301758,26.68000030517578,26.68000030517578,26.350000381469727,26.5,1074884
2020-11-18,20.57003402709961,26.989999771118164,27.190000534057617,26.520000457763672,26.649999618530273,1224641
2020-11-19,20.19658660888672,26.5,26.84000015258789,26.450000762939453,26.84000015258789,1006682
2020-11-20,20.28042221069336,26.610000610351562,26.950000762939453,26.34000015258789,26.420000076293945,925877
2020-11-23,20.56241226196289,26.979999542236328,27.170000076293945,26.700000762939453,26.829999923706055,1250786
2020-11-24,20.821537017822266,27.31999969482422,27.389999389648438,26.959999084472656,27.0,1281019
2020-11-25,20.623384475708008,27.059999465942383,27.420000076293945,26.979999542236328,27.31999969482422,1217414
2020-11-26,20.98158836364746,27.530000686645508,27.639999389648438,27.030000686645508,27.1200008392334,1052566
2020-11-27,21.568429946899414,28.299999237060547,28.299999237060547,27.299999237060547,27.40999984741211,1420877
2020-11-30,21.050182342529297,27.6200008392334,28.8799991607666,27.6200008392334,28.299999237060547,4825602
2020-12-01,22.132413864135742,29.040000915527344,29.15999984741211,27.75,27.760000228881836,2292127
2020-12-02,21.9799861907959,28.84000015258789,29.399999618530273,28.56999969482422,29.049999237060547,1313977
2020-12-03,21.682750701904297,28.450000762939453,28.950000762939453,28.399999618530273,28.950000762939453,2023818
2020-12-04,21.545570373535156,28.270000457763672,28.68000030517578,28.18000030517578,28.43000030517578,1642570
2020-12-07,22.124792098999023,29.030000686645508,29.100000381469727,28.139999389648438,28.299999237060547,1656459
2020-12-08,22.307703018188477,29.270000457763672,29.270000457763672,28.799999237060547,29.030000686645508,1537893
2020-12-09,22.322946548461914,29.290000915527344,29.690000534057617,29.18000030517578,29.399999618530273,1586115
2020-12-10,22.086685180664062,28.979999542236328,29.290000915527344,28.6299991607666,29.290000915527344,1559542
2020-12-11,22.20862579345703,29.139999389648438,29.18000030517578,28.719999313354492,29.0,1466759
2020-12-14,22.315326690673828,29.280000686645508,29.43000030517578,29.149999618530273,29.280000686645508,1420687
2020-12-15,22.925031661987305,30.079999923706055,30.079999923706055,29.280000686645508,29.299999237060547,2196256
2020-12-16,23.22226333618164,30.469999313354492,30.469999313354492,29.950000762939453,30.100000381469727,2893859
2020-12-17,22.993623733520508,30.170000076293945,30.760000228881836,30.0,30.5,1766202
2020-12-18,23.016490936279297,30.200000762939453,30.350000381469727,29.920000076293945,30.190000534057617,2515345
2020-12-21,22.543968200683594,29.579999923706055,29.799999237060547,29.100000381469727,29.780000686645508,1505768
2020-12-22,22.650663375854492,29.719999313354492,29.920000076293945,29.59000015258789,29.6299991607666,778564
2020-12-23,22.74974250793457,29.850000381469727,29.989999771118164,29.75,29.75,680934
2020-12-28,23.11556625366211,30.329999923706055,30.760000228881836,29.989999771118164,30.0,662495
2020-12-29,23.267993927001953,30.530000686645508,30.700000762939453,30.329999923706055,30.360000610351562,824963
2020-12-30,23.22226333618164,30.469999313354492,30.690000534057617,30.469999313354492,30.549999237060547,593801
2021-01-04,23.1917781829834,30.43000030517578,30.809999465942383,30.219999313354492,30.649999618530273,1456372
2021-01-05,22.764984130859375,29.8700008392334,30.1200008392334,29.719999313354492,30.100000381469727,1095794
2021-01-07,24.068235397338867,31.579999923706055,31.649999618530273,30.6200008392334,30.81999969482422,2011503
2021-01-08,23.969158172607422,31.450000762939453,31.65999984741211,31.09000015258789,31.600000381469727,1831422
2021-01-11,23.87007713317871,31.31999969482422,31.579999923706055,31.110000610351562,31.399999618530273,1074090
2021-01-12,24.197797775268555,31.75,31.989999771118164,31.25,31.309999465942383,1765207
2021-01-13,24.243526458740234,31.809999465942383,32.29999923706055,31.799999237060547,31.799999237060547,1204815
2021-01-14,23.54998207092285,30.899999618530273,32.11000061035156,30.56999969482422,31.829999923706055,2114059
2021-01-15,23.37469482421875,30.670000076293945,31.260000228881836,30.350000381469727,30.950000762939453,1455517
2021-01-18,23.679546356201172,31.06999969482422,31.18000030517578,30.520000457763672,30.600000381469727,686505
2021-01-19,23.32896614074707,30.610000610351562,31.6200008392334,30.610000610351562,31.290000915527344,1213626
2021-01-20,23.534738540649414,30.8799991607666,31.1299991607666,30.700000762939453,30.700000762939453,909351
2021-01-21,23.908187866210938,31.3700008392334,31.549999237060547,31.040000915527344,31.040000915527344,1032641
2021-01-22,23.76338005065918,31.18000030517578,31.31999969482422,30.940000534057617,31.299999237060547,802959
2021-01-25,23.4356632232666,30.75,31.389999389648438,30.65999984741211,31.31999969482422,969061
2021-01-26,23.534738540649414,30.8799991607666,30.959999084472656,30.510000228881836,30.600000381469727,1661921
2021-01-27,22.94027328491211,30.100000381469727,30.729999542236328,29.75,30.719999313354492,2082963
2021-01-28,22.787845611572266,29.899999618530273,30.31999969482422,29.559999465942383,30.100000381469727,1466776
2021-01-29,22.475372314453125,29.489999771118164,30.059999465942383,29.110000610351562,29.799999237060547,1876175
2021-02-01,22.566829681396484,29.610000610351562,30.0,29.399999618530273,29.75,1512194
2021-02-02,22.970760345458984,30.139999389648438,30.229999542236328,29.6299991607666,29.75,1594825
2021-02-03,23.267993927001953,30.530000686645508,30.68000030517578,29.989999771118164,30.299999237060547,1219504
2021-02-04,23.397558212280273,30.700000762939453,30.770000457763672,30.459999084472656,30.6299991607666,1243324
2021-02-05,23.37469482421875,30.670000076293945,30.950000762939453,30.450000762939453,30.709999084472656,982240
2021-02-08,23.831972122192383,31.270000457763672,31.459999084472656,30.709999084472656,30.729999542236328,945381
2021-02-09,23.69478988647461,31.09000015258789,31.399999618530273,31.09000015258789,31.299999237060547,833544
2021-02-10,24.06061553955078,31.56999969482422,31.729999542236328,31.09000015258789,31.09000015258789,990830
2021-02-11,24.48741340637207,32.130001068115234,32.13999938964844,31.479999542236328,31.65999984741211,1385080
2021-02-12,24.502655029296875,32.150001525878906,32.2599983215332,31.729999542236328,32.130001068115234,819444
2021-02-15,24.769399642944336,32.5,32.619998931884766,32.25,32.29999923706055,851832
2021-02-16,25.257165908813477,33.13999938964844,33.33000183105469,32.560001373291016,32.560001373291016,1317847
2021-02-17,24.723669052124023,32.439998626708984,33.29999923706055,32.2599983215332,32.959999084472656,1592217
2021-02-18,24.266389846801758,31.84000015258789,32.720001220703125,31.709999084472656,32.29999923706055,1294636
2021-02-19,24.365467071533203,31.969999313354492,32.220001220703125,31.729999542236328,31.899999618530273,1191204
2021-02-22,24.068235397338867,31.579999923706055,32.04999923706055,31.43000030517578,32.0,1197059
2021-02-23,23.915809631347656,31.3799991607666,31.959999084472656,30.889999389648438,31.579999923706055,1093167
2021-02-24,24.571247100830078,32.2400016784668,32.2400016784668,31.1299991607666,31.299999237060547,1344255
2021-02-25,24.69318962097168,32.400001525878906,32.63999938964844,31.989999771118164,32.349998474121094,1311963
2021-02-26,24.083477020263672,31.600000381469727,32.06999969482422,31.56999969482422,32.040000915527344,913965
2021-03-01,24.43406105041504,32.060001373291016,32.099998474121094,31.790000915527344,31.969999313354492,1087073
2021-03-02,24.59410858154297,32.27000045776367,32.369998931884766,31.940000534057617,32.0099983215332,929925
2021-03-03,25.11236000061035,32.95000076293945,32.95000076293945,32.22999954223633,32.33000183105469,1260585
2021-03-04,24.860857009887695,32.619998931884766,32.84000015258789,32.459999084472656,32.810001373291016,1119234
2021-03-05,24.59410858154297,32.27000045776367,32.650001525878906,32.040000915527344,32.560001373291016,1204883
2021-03-08,25.36386489868164,33.279998779296875,33.310001373291016,32.31999969482422,32.41999816894531,995735
2021-03-09,25.295272827148438,33.189998626708984,33.58000183105469,33.0099983215332,33.29999923706055,976775
2021-03-10,25.04376983642578,32.86000061035156,33.290000915527344,32.709999084472656,33.18000030517578,1211187
2021-03-11,24.96755599975586,32.7599983215332,33.290000915527344,32.68000030517578,32.869998931884766,1272895
2021-03-12,24.91420555114746,32.689998626708984,32.75,32.209999084472656,32.70000076293945,935108
2021-03-15,24.53313636779785,32.189998626708984,33.13999938964844,32.08000183105469,32.70000076293945,1132721
2021-03-16,24.31212043762207,31.899999618530273,32.5,31.770000457763672,32.349998474121094,1983651
2021-03-17,24.152070999145508,31.690000534057617,32.189998626708984,31.579999923706055,31.90999984741211,1869931
2021-03-18,24.540760040283203,32.20000076293945,32.43000030517578,31.8700008392334,31.8700008392334,1553138
2021-03-19,24.510272979736328,32.15999984741211,32.209999084472656,31.8799991607666,32.0,3305651
2021-03-22,24.03013038635254,31.530000686645508,32.2400016784668,31.43000030517578,31.979999542236328,1286524
2021-03-23,24.220664978027344,31.780000686645508,32.029998779296875,31.399999618530273,31.469999313354492,956585
2021-03-24,24.34260368347168,31.940000534057617,32.130001068115234,31.5,31.709999084472656,979652
2021-03-25,24.472166061401367,32.11000061035156,32.18000030517578,31.760000228881836,32.0,940737
2021-03-26,24.860857009887695,32.619998931884766,32.63999938964844,32.20000076293945,32.34000015258789,698646
2021-03-29,24.792261123657227,32.529998779296875,32.959999084472656,32.529998779296875,32.70000076293945,1108652
2021-03-30,25.020906448364258,32.83000183105469,32.959999084472656,32.630001068115234,32.650001525878906,1049040
2021-03-31,24.306703567504883,30.6299991607666,31.739999771118164,30.6299991607666,31.610000610351562,1620480
2021-04-01,24.57651138305664,30.969999313354492,31.190000534057617,30.75,30.84000015258789,798073
2021-04-06,24.774900436401367,31.219999313354492,31.440000534057617,31.110000610351562,31.3700008392334,1126159
2021-04-07,24.695547103881836,31.1200008392334,31.420000076293945,30.979999542236328,31.270000457763672,1036475
2021-04-08,24.85425567626953,31.31999969482422,31.329999923706055,30.959999084472656,31.200000762939453,868290
2021-04-09,24.901870727539062,31.3799991607666,31.600000381469727,31.170000076293945,31.459999084472656,808790
2021-04-12,24.600318908691406,31.0,31.540000915527344,30.93000030517578,31.3799991607666,951720
2021-04-13,24.505090713500977,30.8799991607666,31.280000686645508,30.8799991607666,31.059999465942383,972097
2021-04-14,24.25115394592285,30.559999465942383,30.950000762939453,30.399999618530273,30.899999618530273,910969
2021-04-15,25.16374397277832,31.709999084472656,32.0,30.68000030517578,30.68000030517578,1950535
2021-04-16,25.560523986816406,32.209999084472656,32.560001373291016,31.90999984741211,32.0,1248082
2021-04-19,25.6954288482666,32.380001068115234,32.470001220703125,32.15999984741211,32.470001220703125,799980
2021-04-20,25.31452178955078,31.899999618530273,32.56999969482422,31.84000015258789,32.43000030517578,1284186
2021-04-21,25.838272094726562,32.560001373291016,32.79999923706055,31.850000381469727,31.93000030517578,1501488
2021-04-22,25.854145050048828,32.58000183105469,32.86000061035156,32.470001220703125,32.689998626708984,871744
2021-04-23,26.139822006225586,32.939998626708984,32.939998626708984,32.52000045776367,32.7599983215332,1018571
2021-04-26,26.227113723754883,33.04999923706055,33.29999923706055,32.72999954223633,32.939998626708984,1161035
2021-04-27,25.973175048828125,32.72999954223633,33.25,32.38999938964844,33.099998474121094,1489063
2021-04-28,26.052532196044922,32.83000183105469,33.06999969482422,32.599998474121094,33.0,1060619
2021-04-29,25.965240478515625,32.720001220703125,33.349998474121094,32.720001220703125,33.349998474121094,1394888
2021-04-30,25.830333709716797,32.54999923706055,32.880001068115234,32.349998474121094,32.779998779296875,1093253
2021-05-03,25.838272094726562,32.560001373291016,32.75,32.40999984741211,32.58000183105469,585237
2021-05-04,25.719236373901367,32.40999984741211,32.81999969482422,32.290000915527344,32.59000015258789,1061798
2021-05-05,26.274730682373047,33.11000061035156,33.18000030517578,32.5099983215332,32.58000183105469,983847
2021-05-06,26.29060173034668,33.130001068115234,33.27000045776367,32.720001220703125,33.11000061035156,760998
2021-05-07,26.242984771728516,33.06999969482422,33.380001068115234,33.06999969482422,33.220001220703125,1037019
2021-05-10,26.338211059570312,33.189998626708984,33.36000061035156,32.97999954223633,33.2400016784668,655531
2021-05-11,25.862075805664062,32.59000015258789,32.900001525878906,32.220001220703125,32.86000061035156,1184868
2021-05-12,25.93349838256836,32.68000030517578,32.810001373291016,32.36000061035156,32.5,783743
2021-05-14,25.94143295288086,32.689998626708984,32.900001525878906,32.61000061035156,32.72999954223633,943363
2021-05-17,25.838272094726562,32.560001373291016,32.880001068115234,32.34000015258789,32.84000015258789,681890
2021-05-18,26.012853622436523,32.779998779296875,32.9900016784668,32.70000076293945,32.70000076293945,827501
2021-05-19,25.449424743652344,32.06999969482422,32.52000045776367,31.770000457763672,32.41999816894531,1035174
2021-05-20,25.600202560424805,32.2599983215332,32.349998474121094,31.8799991607666,32.220001220703125,817776
2021-05-21,25.52084732055664,32.15999984741211,32.38999938964844,32.0,32.38999938964844,885462
2021-05-24,25.409748077392578,32.02000045776367,32.290000915527344,31.8799991607666,32.189998626708984,393726
2021-05-25,25.449424743652344,32.06999969482422,32.2599983215332,31.75,31.799999237060547,839396
2021-05-26,25.10025978088379,31.6299991607666,32.20000076293945,31.459999084472656,32.099998474121094,992724
2021-05-27,24.909805297851562,31.389999389648438,31.610000610351562,31.049999237060547,31.549999237060547,2551531
2021-05-28,24.86219596862793,31.329999923706055,31.579999923706055,31.190000534057617,31.440000534057617,1031303
2021-05-31,24.72728729248047,31.15999984741211,31.459999084472656,31.010000228881836,31.350000381469727,824582
2021-06-01,25.15580940246582,31.700000762939453,32.130001068115234,31.260000228881836,31.299999237060547,1115461
2021-06-02,25.608139038085938,32.27000045776367,32.45000076293945,31.719999313354492,31.770000457763672,1178654
2021-06-03,25.330392837524414,31.920000076293945,32.34000015258789,31.739999771118164,32.27000045776367,843662
2021-06-04,25.322460174560547,31.90999984741211,32.18000030517578,31.84000015258789,31.950000762939453,602414
2021-06-07,25.266910552978516,31.84000015258789,32.099998474121094,31.790000915527344,31.920000076293945,543950
2021-06-08,25.42561912536621,32.040000915527344,32.099998474121094,31.790000915527344,31.84000015258789,101305
2021-06-09,25.30658531188965,31.889999389648438,31.979999542236328,31.579999923706055,31.920000076293945,1018007
2021-06-10,25.14787483215332,31.690000534057617,32.060001373291016,31.670000076293945,31.940000534057617,848989
2021-06-11,25.512910842895508,32.150001525878906,32.2400016784668,31.690000534057617,31.729999542236328,910119
2021-06-14,25.79065704345703,32.5,32.5,32.06999969482422,32.06999969482422,1065564
2021-06-15,25.370071411132812,31.969999313354492,32.599998474121094,31.829999923706055,32.58000183105469,755315
2021-06-16,25.89381980895996,32.630001068115234,32.689998626708984,32.099998474121094,32.11000061035156,1202265
2021-06-17,25.592267990112305,32.25,32.75,32.25,32.599998474121094,1097687
2021-06-18,24.8383846282959,31.299999237060547,32.4900016784668,31.260000228881836,32.20000076293945,2263319
2021-06-21,25.132003784179688,31.670000076293945,31.670000076293945,30.950000762939453,31.149999618530273,820117
2021-06-22,25.34626579284668,31.940000534057617,32.04999923706055,31.469999313354492,31.709999084472656,1033870
2021-06-23,25.09232521057129,31.6200008392334,32.099998474121094,31.6200008392334,31.940000534057617,988492
2021-06-24,25.322460174560547,31.90999984741211,31.989999771118164,31.639999389648438,31.719999313354492,825203
2021-06-28,25.393877029418945,32.0,32.2599983215332,31.93000030517578,32.209999084472656,1009176
2021-06-29,25.258974075317383,31.829999923706055,32.15999984741211,31.790000915527344,32.0,752938
2021-06-30,25.31452178955078,31.899999618530273,31.979999542236328,31.459999084472656,31.829999923706055,937612
2021-07-01,25.338329315185547,31.93000030517578,32.540000915527344,31.899999618530273,32.09000015258789,681525
2021-07-02,25.528779983520508,32.16999816894531,32.29999923706055,31.860000610351562,32.0,688829
2021-07-05,26.004919052124023,32.77000045776367,32.81999969482422,32.25,32.29999923706055,748037
2021-07-06,25.7827205657959,32.4900016784668,32.900001525878906,32.470001220703125,32.70000076293945,571214
2021-07-07,26.060468673706055,32.84000015258789,32.880001068115234,32.47999954223633,32.599998474121094,652148
2021-07-08,25.901756286621094,32.63999938964844,32.779998779296875,32.31999969482422,32.779998779296875,1020056
2021-07-09,26.338211059570312,33.189998626708984,33.439998626708984,32.66999816894531,32.7400016784668,1111538
2021-07-12,26.465179443359375,33.349998474121094,33.349998474121094,32.88999938964844,33.189998626708984,754684
2021-07-13,26.29060173034668,33.130001068115234,33.34000015258789,32.9900016784668,33.34000015258789,730334
2021-07-14,26.32234001159668,33.16999816894531,33.209999084472656,32.86000061035156,33.0,609898
2021-07-15,26.068403244018555,32.849998474121094,33.08000183105469,32.779998779296875,33.04999923706055,673086
2021-07-16,25.925559997558594,32.66999816894531,33.130001068115234,32.599998474121094,33.0,909760
2021-07-19,25.616071701049805,32.279998779296875,32.540000915527344,32.060001373291016,32.540000915527344,991738
2021-07-20,26.052532196044922,32.83000183105469,32.939998626708984,32.220001220703125,32.47999954223633,833786
2021-07-21,26.068403244018555,32.849998474121094,33.400001525878906,32.529998779296875,33.29999923706055,1120108
2021-07-22,26.885770797729492,33.880001068115234,34.47999954223633,33.099998474121094,33.540000915527344,2063668
2021-07-23,27.290481567382812,34.38999938964844,34.77000045776367,33.95000076293945,34.0,1297192
2021-07-26,27.306352615356445,34.40999984741211,34.58000183105469,34.22999954223633,34.529998779296875,761438
2021-07-27,27.385713577270508,34.5099983215332,34.529998779296875,34.04999923706055,34.400001525878906,753980
2021-07-28,27.44126319885254,34.58000183105469,34.61000061035156,34.2599983215332,34.54999923706055,793819
2021-07-29,27.46506690979004,34.61000061035156,34.90999984741211,34.470001220703125,34.59000015258789,814716
2021-07-30,27.330163955688477,34.439998626708984,34.599998474121094,34.31999969482422,34.400001525878906,1032446
2021-08-02,27.131771087646484,34.189998626708984,34.689998626708984,34.130001068115234,34.58000183105469,880385
2021-08-03,27.20319366455078,34.279998779296875,34.380001068115234,34.130001068115234,34.20000076293945,617626
2021-08-04,27.472999572753906,34.619998931884766,34.65999984741211,34.38999938964844,34.43000030517578,944668
2021-08-05,27.338098526000977,34.45000076293945,34.650001525878906,34.43000030517578,34.599998474121094,1137978
2021-08-06,27.266677856445312,34.36000061035156,34.459999084472656,34.29999923706055,34.380001068115234,683710
2021-08-09,27.23493194580078,34.31999969482422,34.40999984741211,34.189998626708984,34.36000061035156,560056
2021-08-10,27.35396957397461,34.470001220703125,34.47999954223633,34.22999954223633,34.36000061035156,589088
2021-08-11,27.6317138671875,34.81999969482422,34.81999969482422,34.470001220703125,34.470001220703125,1261316
2021-08-12,27.774553298950195,35.0,35.09000015258789,34.79999923706055,34.84000015258789,1023392
2021-08-13,27.814231872558594,35.04999923706055,35.20000076293945,34.95000076293945,34.97999954223633,464056
2021-08-16,27.687265396118164,34.88999938964844,34.95000076293945,34.630001068115234,34.95000076293945,717800
2021-08-17,27.496807098388672,34.650001525878906,34.849998474121094,34.58000183105469,34.720001220703125,791050
2021-08-18,27.43332290649414,34.56999969482422,34.77000045776367,34.470001220703125,34.61000061035156,605627
2021-08-19,27.187318801879883,34.2599983215332,34.47999954223633,34.0,34.279998779296875,1101975
2021-08-20,27.23493194580078,34.31999969482422,34.369998931884766,34.0,34.150001525878906,640745
2021-08-23,27.322223663330078,34.43000030517578,34.689998626708984,34.33000183105469,34.560001373291016,608918
2021-08-24,27.480937957763672,34.630001068115234,34.790000915527344,34.41999816894531,34.459999084472656,597614
2021-08-25,27.425392150878906,34.560001373291016,34.70000076293945,34.540000915527344,34.56999969482422,447071
2021-08-26,27.480937957763672,34.630001068115234,34.65999984741211,34.36000061035156,34.54999923706055,635193
2021-08-27,27.544418334960938,34.709999084472656,34.7599983215332,34.369998931884766,34.52000045776367,491376
2021-08-30,27.496807098388672,34.650001525878906,34.790000915527344,34.529998779296875,34.709999084472656,466472
2021-08-31,27.322223663330078,34.43000030517578,34.88999938964844,34.36000061035156,34.650001525878906,1616394
2021-09-01,27.385713577270508,34.5099983215332,34.84000015258789,34.47999954223633,34.70000076293945,911842
2021-09-02,27.58409309387207,34.7599983215332,34.880001068115234,34.5,34.5,502639
2021-09-03,27.615840911865234,34.79999923706055,34.93000030517578,34.650001525878906,34.7599983215332,550628
2021-09-06,27.814231872558594,35.04999923706055,35.150001525878906,34.81999969482422,34.880001068115234,530942
2021-09-07,27.988815307617188,35.27000045776367,35.369998931884766,34.91999816894531,35.0,1063933
2021-09-08,27.568227767944336,34.7400016784668,35.09000015258789,34.4900016784668,35.060001373291016,887963
2021-09-09,27.40157699584961,34.529998779296875,34.709999084472656,34.33000183105469,34.599998474121094,803019
2021-09-10,27.44919776916504,34.59000015258789,34.849998474121094,34.470001220703125,34.650001525878906,610546
2021-09-13,26.663570404052734,33.599998474121094,34.130001068115234,33.02000045776367,34.0,1936975
2021-09-14,26.377893447875977,33.2400016784668,33.779998779296875,33.18000030517578,33.599998474121094,1223788
2021-09-15,26.235050201416016,33.060001373291016,33.279998779296875,32.900001525878906,33.2400016784668,958106
2021-09-16,26.12394905090332,32.91999816894531,33.18000030517578,32.79999923706055,33.060001373291016,867706
2021-09-17,25.354204177856445,31.950000762939453,33.060001373291016,31.950000762939453,33.0,2269351
2021-09-20,24.663803100585938,31.079999923706055,31.6299991607666,30.950000762939453,31.489999771118164,1657144
2021-09-21,24.901870727539062,31.3799991607666,31.6200008392334,31.1299991607666,31.1299991607666,1536836
2021-09-22,25.30658531188965,31.889999389648438,32.04999923706055,31.59000015258789,31.809999465942383,1055114
2021-09-23,25.56846046447754,32.220001220703125,32.36000061035156,32.0099983215332,32.2400016784668,1050019
2021-09-24,25.211360931396484,31.770000457763672,32.15999984741211,31.559999465942383,32.15999984741211,668894
2021-09-27,24.870128631591797,31.34000015258789,32.09000015258789,31.229999542236328,32.029998779296875,945560
2021-09-28,24.393991470336914,30.739999771118164,31.3799991607666,30.739999771118164,31.34000015258789,1103480
2021-09-29,24.306703567504883,30.6299991607666,30.90999984741211,30.510000228881836,30.700000762939453,921803
2021-09-30,24.37018394470215,30.709999084472656,31.0,30.520000457763672,30.829999923706055,991536
2021-10-01,24.108312606811523,30.3799991607666,30.65999984741211,30.059999465942383,30.219999313354492,689518
2021-10-04,24.25115394592285,30.559999465942383,30.860000610351562,30.25,30.3799991607666,774551
2021-10-05,24.409862518310547,30.760000228881836,30.809999465942383,30.469999313354492,30.65999984741211,649754
2021-10-06,24.37018394470215,30.709999084472656,30.84000015258789,30.260000228881836,30.6200008392334,981811
2021-10-07,24.74315643310547,31.18000030517578,31.530000686645508,30.979999542236328,30.979999542236328,960475
2021-10-08,24.687610626220703,31.110000610351562,31.3799991607666,31.049999237060547,31.260000228881836,719607
2021-10-11,24.647932052612305,31.059999465942383,31.190000534057617,30.829999923706055,31.100000381469727,633410
2021-10-12,24.02895736694336,30.280000686645508,30.989999771118164,29.479999542236328,30.739999771118164,2357508
2021-10-13,24.163862228393555,30.450000762939453,30.559999465942383,30.059999465942383,30.280000686645508,798147
2021-10-14,24.24321746826172,30.549999237060547,30.860000610351562,30.440000534057617,30.610000610351562,1109187
2021-10-15,24.171796798706055,30.459999084472656,30.700000762939453,30.280000686645508,30.600000381469727,1231872
2021-10-18,24.171796798706055,30.459999084472656,30.520000457763672,30.190000534057617,30.420000076293945,654665
2021-10-19,24.624126434326172,31.030000686645508,31.079999923706055,30.5,30.530000686645508,938921
2021-10-20,24.330509185791016,30.65999984741211,31.170000076293945,30.479999542236328,31.1200008392334,1172860
2021-10-21,24.076570510864258,30.34000015258789,30.739999771118164,30.299999237060547,30.709999084472656,720227
2021-10-22,24.57651138305664,30.969999313354492,31.229999542236328,30.31999969482422,30.399999618530273,1009823
2021-10-25,24.536832809448242,30.920000076293945,31.209999084472656,30.799999237060547,31.040000915527344,952758
2021-10-26,24.774900436401367,31.219999313354492,31.479999542236328,30.65999984741211,31.3700008392334,1305853
2021-10-27,24.85425567626953,31.31999969482422,31.5,31.010000228881836,31.34000015258789,726680
2021-10-28,24.759031295776367,31.200000762939453,31.290000915527344,30.770000457763672,31.290000915527344,754681
2021-10-29,24.21941375732422,30.520000457763672,31.079999923706055,30.489999771118164,31.040000915527344,1376189
2021-11-01,24.505090713500977,30.8799991607666,31.030000686645508,30.600000381469727,30.649999618530273,818629
2021-11-02,24.298768997192383,30.6200008392334,30.84000015258789,30.43000030517578,30.799999237060547,899464
2021-11-03,24.65587043762207,31.06999969482422,31.079999923706055,30.510000228881836,30.65999984741211,756605
2021-11-04,24.34638023376465,30.68000030517578,31.200000762939453,30.670000076293945,31.200000762939453,563022
2021-11-05,24.536832809448242,30.920000076293945,31.09000015258789,30.540000915527344,30.68000030517578,715590
2021-11-08,24.489221572875977,30.860000610351562,31.079999923706055,30.709999084472656,31.0,606476
2021-11-09,24.505090713500977,30.8799991607666,31.15999984741211,30.760000228881836,30.799999237060547,627101
2021-11-10,24.759031295776367,31.200000762939453,31.219999313354492,30.780000686645508,30.93000030517578,786371
2021-11-11,25.409748077392578,32.02000045776367,32.16999816894531,31.15999984741211,31.229999542236328,1413139
2021-11-12,25.7747859954834,32.47999954223633,32.54999923706055,31.780000686645508,31.989999771118164,980149
2021-11-15,25.7827205657959,32.4900016784668,32.52000045776367,32.150001525878906,32.34000015258789,737569
2021-11-16,25.822397232055664,32.540000915527344,32.630001068115234,32.290000915527344,32.540000915527344,667428
2021-11-17,25.7430419921875,32.439998626708984,32.619998931884766,32.2400016784668,32.540000915527344,600920
2021-11-18,25.7430419921875,32.439998626708984,32.58000183105469,32.150001525878906,32.40999984741211,703943
2021-11-19,25.63194465637207,32.29999923706055,32.43000030517578,31.969999313354492,32.400001525878906,1028657
2021-11-22,25.7985897064209,32.5099983215332,32.66999816894531,32.220001220703125,32.310001373291016,865063
2021-11-23,25.7113037109375,32.400001525878906,32.5099983215332,32.040000915527344,32.29999923706055,972054
2021-11-24,25.7430419921875,32.439998626708984,32.66999816894531,32.29999923706055,32.41999816894531,913783
2021-11-25,26.187437057495117,33.0,33.060001373291016,32.439998626708984,32.54999923706055,628803
2021-11-26,25.48910140991211,32.119998931884766,32.43000030517578,31.809999465942383,31.920000076293945,929782
2021-11-29,25.949369430541992,32.70000076293945,33.11000061035156,32.310001373291016,32.310001373291016,1468273
2021-11-30,25.43355369567871,32.04999923706055,32.43000030517578,32.04999923706055,32.31999969482422,2281628
2021-12-01,26.330276489257812,33.18000030517578,33.33000183105469,32.33000183105469,32.369998931884766,1457247
2021-12-02,26.409631729125977,33.279998779296875,33.279998779296875,32.790000915527344,32.91999816894531,845518
2021-12-03,25.909690856933594,32.650001525878906,33.63999938964844,32.56999969482422,33.45000076293945,1123078
2021-12-07,26.814348220825195,33.790000915527344,33.88999938964844,33.2400016784668,33.380001068115234,1434010
2021-12-08,26.520729064941406,33.41999816894531,33.849998474121094,33.41999816894531,33.79999923706055,627405
2021-12-09,26.401697158813477,33.27000045776367,33.720001220703125,33.22999954223633,33.650001525878906,648459
2021-12-10,26.084274291992188,32.869998931884766,33.189998626708984,32.84000015258789,33.119998931884766,980619
2021-12-13,25.7747859954834,32.47999954223633,33.119998931884766,32.459999084472656,32.91999816894531,1323134
2021-12-14,25.497039794921875,32.130001068115234,32.72999954223633,32.04999923706055,32.630001068115234,1067018
2021-12-15,25.47323226928711,32.099998474121094,32.38999938964844,32.060001373291016,32.130001068115234,957265
2021-12-16,25.47323226928711,32.099998474121094,32.84000015258789,32.099998474121094,32.56999969482422,1711199
2021-12-17,25.512910842895508,32.150001525878906,32.290000915527344,31.809999465942383,32.099998474121094,1866556
2021-12-20,25.084388732910156,31.610000610351562,31.799999237060547,31.31999969482422,31.510000228881836,758455
2021-12-21,25.449424743652344,32.06999969482422,32.38999938964844,31.770000457763672,31.93000030517578,619125
2021-12-22,25.877946853637695,32.61000061035156,32.61000061035156,32.029998779296875,32.099998474121094,967360
2021-12-23,26.187437057495117,33.0,33.099998474121094,32.70000076293945,32.7400016784668,654516
2021-12-27,26.409631729125977,33.279998779296875,33.459999084472656,32.849998474121094,32.849998474121094,366737
2021-12-28,26.465179443359375,33.349998474121094,33.47999954223633,33.279998779296875,33.279998779296875,324936
2021-12-29,26.520729064941406,33.41999816894531,33.56999969482422,33.27000045776367,33.29999923706055,512511
2021-12-30,26.552471160888672,33.459999084472656,33.66999816894531,33.400001525878906,33.41999816894531,456868
2022-01-03,26.417572021484375,33.290000915527344,33.63999938964844,33.189998626708984,33.400001525878906,679261
2022-01-04,26.893701553344727,33.88999938964844,34.040000915527344,33.16999816894531,33.31999969482422,921948
2022-01-05,27.504741668701172,34.65999984741211,34.68000030517578,34.06999969482422,34.08000183105469,1178500
2022-01-07,27.250804901123047,34.34000015258789,34.709999084472656,34.25,34.52000045776367,1256408
2022-01-10,26.988927841186523,34.0099983215332,34.630001068115234,33.810001373291016,34.380001068115234,931470
2022-01-11,27.028608322143555,34.060001373291016,34.380001068115234,33.849998474121094,34.220001220703125,758939
2022-01-12,26.965124130249023,33.97999954223633,34.380001068115234,33.93000030517578,34.22999954223633,768768
2022-01-13,27.6396541595459,34.83000183105469,34.939998626708984,34.0,34.0,1005980
2022-01-14,27.36983871459961,34.4900016784668,34.72999954223633,34.0099983215332,34.619998931884766,897324
2022-01-17,27.44126319885254,34.58000183105469,34.900001525878906,34.54999923706055,34.709999084472656,760491
2022-01-18,27.623781204223633,34.810001373291016,35.060001373291016,34.38999938964844,34.5,1106629
2022-01-19,27.909454345703125,35.16999816894531,35.58000183105469,34.45000076293945,34.5,991758
2022-01-20,28.115785598754883,35.43000030517578,35.68000030517578,35.040000915527344,35.310001373291016,971893
2022-01-21,27.361906051635742,34.47999954223633,35.29999923706055,34.11000061035156,35.0,1690343
2022-01-24,26.988927841186523,34.0099983215332,34.779998779296875,33.59000015258789,34.65999984741211,1691919
2022-01-25,27.457130432128906,34.599998474121094,34.86000061035156,34.2400016784668,34.41999816894531,767774
2022-01-26,28.12371826171875,35.439998626708984,35.58000183105469,34.7599983215332,34.779998779296875,1569766
2022-01-27,26.139822006225586,32.939998626708984,35.349998474121094,32.63999938964844,35.04999923706055,3607219
2022-01-28,25.838272094726562,32.560001373291016,33.66999816894531,32.11000061035156,33.0,3169599
2022-01-31,25.512910842895508,32.150001525878906,32.939998626708984,31.90999984741211,32.79999923706055,2023577
2022-02-01,26.409631729125977,33.279998779296875,33.599998474121094,32.459999084472656,32.5,1307076
2022-02-02,26.274730682373047,33.11000061035156,33.70000076293945,33.040000915527344,33.52000045776367,992345
2022-02-03,26.020788192749023,32.790000915527344,33.150001525878906,32.56999969482422,33.11000061035156,749806
2022-02-04,25.870010375976562,32.599998474121094,33.0,32.34000015258789,32.790000915527344,1517363
2022-02-07,25.870010375976562,32.599998474121094,33.11000061035156,32.4900016784668,32.75,1017233
2022-02-08,26.235050201416016,33.060001373291016,33.27000045776367,32.59000015258789,32.599998474121094,1105049
2022-02-09,26.441375732421875,33.31999969482422,33.650001525878906,32.79999923706055,33.150001525878906,971420
2022-02-10,26.060468673706055,32.84000015258789,33.459999084472656,32.58000183105469,33.400001525878906,1355316
2022-02-11,26.26679039001465,33.099998474121094,33.150001525878906,32.619998931884766,32.72999954223633,867382
2022-02-14,26.04459571838379,32.81999969482422,32.81999969482422,32.31999969482422,32.599998474121094,1039597
2022-02-15,26.377893447875977,33.2400016784668,33.279998779296875,32.529998779296875,32.70000076293945,709256
2022-02-16,26.854028701782227,33.84000015258789,33.84000015258789,33.15999984741211,33.400001525878906,1393581
2022-02-17,26.242984771728516,33.06999969482422,33.779998779296875,33.0,33.75,800919
2022-02-18,26.227113723754883,33.04999923706055,33.25,32.7400016784668,33.040000915527344,911396
2022-02-21,26.004919052124023,32.77000045776367,33.290000915527344,32.22999954223633,33.27000045776367,723569
2022-02-22,25.401811599731445,32.0099983215332,32.400001525878906,31.469999313354492,31.81999969482422,962562
2022-02-23,25.43355369567871,32.04999923706055,32.59000015258789,31.969999313354492,32.0099983215332,964629
2022-02-24,24.20353889465332,30.5,31.579999923706055,30.09000015258789,30.600000381469727,1662001
2022-02-25,25.15580940246582,31.700000762939453,31.809999465942383,30.700000762939453,30.8700008392334,993428
2022-02-28,24.600318908691406,31.0,31.3700008392334,30.6200008392334,31.0,1657936
2022-03-01,23.378236770629883,29.459999084472656,30.959999084472656,29.31999969482422,30.959999084472656,1277088
2022-03-02,23.655981063842773,29.809999465942383,29.850000381469727,28.350000381469727,28.8700008392334,1621770
2022-03-03,22.156160354614258,27.920000076293945,30.09000015258789,27.65999984741211,29.8799991607666,2442945
2022-03-04,21.045175552368164,26.520000457763672,27.600000381469727,26.34000015258789,27.600000381469727,1779087
2022-03-07,20.79123878479004,26.200000762939453,26.739999771118164,24.850000381469727,25.540000915527344,2077719
2022-03-08,20.815044403076172,26.229999542236328,26.889999389648438,25.5,25.719999313354492,1411615
2022-03-09,21.35466194152832,26.90999984741211,27.610000610351562,26.3700008392334,27.030000686645508,1983503
2022-03-10,22.045061111450195,27.780000686645508,28.049999237060547,26.850000381469727,27.149999618530273,2061334
2022-03-11,22.767200469970703,28.690000534057617,29.190000534057617,27.520000457763672,27.6299991607666,1899712
2022-03-14,24.044828414916992,30.299999237060547,30.56999969482422,29.0,29.0,1784360
2022-03-15,23.44965934753418,29.549999237060547,30.290000915527344,29.420000076293945,29.90999984741211,2095627
2022-03-16,24.005146026611328,30.25,30.959999084472656,29.93000030517578,30.399999618530273,2594498
2022-03-17,23.814697265625,30.010000228881836,30.93000030517578,29.770000457763672,30.5,1293659
2022-03-18,23.73533821105957,29.90999984741211,30.579999923706055,29.690000534057617,30.049999237060547,2786745
2022-03-21,24.021020889282227,30.270000457763672,30.3799991607666,29.81999969482422,29.90999984741211,1087040
2022-03-22,24.56064224243164,30.950000762939453,30.950000762939453,29.979999542236328,30.219999313354492,1324701
2022-03-23,24.449541091918945,30.809999465942383,31.309999465942383,30.729999542236328,31.15999984741211,1041913
2022-03-24,24.703479766845703,31.1299991607666,31.190000534057617,30.68000030517578,30.81999969482422,852660
2022-03-25,24.663803100585938,31.079999923706055,31.540000915527344,30.670000076293945,31.1299991607666,865580
2022-03-28,24.7987060546875,31.25,31.5,31.15999984741211,31.200000762939453,940689
2022-03-29,25.09232521057129,31.6200008392334,32.2400016784668,31.350000381469727,31.510000228881836,1286934
2022-03-30,25.017841339111328,30.229999542236328,30.600000381469727,30.1299991607666,30.43000030517578,1324428
2022-03-31,24.546119689941406,29.65999984741211,30.530000686645508,29.479999542236328,30.299999237060547,1469082
2022-04-01,24.827497482299805,30.0,30.229999542236328,29.540000915527344,29.780000686645508,681073
2022-04-04,24.736461639404297,29.889999389648438,30.229999542236328,29.610000610351562,30.18000030517578,824990
2022-04-05,25.464736938476562,30.770000457763672,30.950000762939453,29.719999313354492,29.860000610351562,1511287
2022-04-06,24.943361282348633,30.139999389648438,32.0,29.84000015258789,30.68000030517578,1785517
2022-04-07,25.415081024169922,30.709999084472656,31.010000228881836,29.969999313354492,30.139999389648438,1514822
2022-04-08,26.275768280029297,31.75,32.189998626708984,31.15999984741211,31.200000762939453,1482673
2022-04-11,26.284046173095703,31.760000228881836,31.8799991607666,31.25,31.799999237060547,1064326
2022-04-12,25.655080795288086,31.0,31.450000762939453,30.479999542236328,31.15999984741211,1558659
2022-04-13,25.886804580688477,31.280000686645508,31.579999923706055,31.06999969482422,31.079999923706055,906801
2022-04-14,25.340599060058594,30.6200008392334,31.639999389648438,29.700000762939453,31.639999389648438,1934869
2022-04-19,25.36542510986328,30.649999618530273,31.049999237060547,30.3799991607666,30.579999923706055,1102467
2022-04-20,25.795772552490234,31.170000076293945,31.389999389648438,30.709999084472656,30.739999771118164,911646
2022-04-21,26.987489700317383,32.61000061035156,32.72999954223633,30.979999542236328,31.25,1619073
2022-04-22,26.987489700317383,32.61000061035156,34.29999923706055,32.119998931884766,32.43000030517578,2137720
2022-04-25,26.151630401611328,31.600000381469727,32.599998474121094,31.549999237060547,32.150001525878906,1625609
2022-04-26,26.209564208984375,31.670000076293945,33.959999084472656,31.549999237060547,33.45000076293945,1606519
2022-04-27,27.484039306640625,33.209999084472656,33.279998779296875,31.59000015258789,32.130001068115234,2019514
2022-04-28,26.85507583618164,32.45000076293945,33.70000076293945,32.13999938964844,33.5,1388082
2022-04-29,27.343351364135742,33.040000915527344,33.36000061035156,32.5,32.54999923706055,1431144
2022-05-02,27.11162757873535,32.7599983215332,33.2400016784668,29.75,32.86000061035156,1068656
2022-05-03,26.921283721923828,32.529998779296875,33.45000076293945,32.29999923706055,33.08000183105469,970377
2022-05-04,26.813701629638672,32.400001525878906,32.75,32.209999084472656,32.650001525878906,1034414
2022-05-05,26.648181915283203,32.20000076293945,33.119998931884766,32.0099983215332,32.79999923706055,1107430
2022-05-06,26.101978302001953,31.540000915527344,32.40999984741211,31.25,32.20000076293945,1276075
2022-05-09,25.83715057373047,31.219999313354492,31.649999618530273,30.959999084472656,31.3700008392334,1136961
2022-05-10,26.085424423217773,31.520000457763672,31.969999313354492,31.329999923706055,31.549999237060547,860905
2022-05-11,26.449562072753906,31.959999084472656,32.40999984741211,31.440000534057617,31.6200008392334,1155162
2022-05-12,26.25921630859375,31.729999542236328,32.0099983215332,31.360000610351562,31.5,1051059
2022-05-13,26.21784019470215,31.68000030517578,32.06999969482422,31.40999984741211,31.799999237060547,817931
2022-05-16,26.399904251098633,31.899999618530273,32.36000061035156,31.520000457763672,31.559999465942383,870021
2022-05-17,27.07852554321289,32.720001220703125,33.20000076293945,32.06999969482422,32.20000076293945,1721755
2022-05-18,26.90473175048828,32.5099983215332,32.90999984741211,32.220001220703125,32.70000076293945,849829
2022-05-19,26.234390258789062,31.700000762939453,32.31999969482422,31.389999389648438,32.25,1163169
2022-05-20,26.70611000061035,32.27000045776367,32.61000061035156,31.93000030517578,31.93000030517578,881314
2022-05-23,26.95438575744629,32.56999969482422,32.779998779296875,32.08000183105469,32.709999084472656,624856
2022-05-24,26.987489700317383,32.61000061035156,33.130001068115234,32.2400016784668,32.349998474121094,865522
2022-05-25,27.69921112060547,33.470001220703125,33.4900016784668,32.5,32.90999984741211,1137432
2022-05-27,27.781967163085938,33.56999969482422,33.869998931884766,32.93000030517578,33.83000183105469,877207
2022-05-30,28.013690948486328,33.849998474121094,34.15999984741211,33.52000045776367,33.54999923706055,662213
2022-05-31,27.301971435546875,32.9900016784668,33.779998779296875,32.86000061035156,33.63999938964844,1954230
2022-06-01,27.359901428222656,33.060001373291016,33.5,32.81999969482422,33.209999084472656,826496
2022-06-02,27.318523406982422,33.0099983215332,33.66999816894531,32.77000045776367,33.459999084472656,515069
2022-06-03,27.401283264160156,33.11000061035156,33.31999969482422,32.79999923706055,33.220001220703125,319589
2022-06-06,27.682659149169922,33.45000076293945,33.619998931884766,33.060001373291016,33.29999923706055,555904
2022-06-07,27.781967163085938,33.56999969482422,33.68000030517578,33.15999984741211,33.25,1168484
2022-06-08,27.79852294921875,33.59000015258789,33.63999938964844,33.04999923706055,33.540000915527344,896239
2022-06-09,27.18610954284668,32.849998474121094,33.400001525878906,32.70000076293945,33.29999923706055,1789220
2022-06-10,26.606801986694336,32.150001525878906,32.939998626708984,31.649999618530273,32.650001525878906,1190880
2022-06-13,25.83715057373047,31.219999313354492,32.2599983215332,30.84000015258789,32.06999969482422,1198712
2022-06-14,25.332324981689453,30.610000610351562,31.450000762939453,29.8799991607666,31.280000686645508,1033342
2022-06-15,25.787494659423828,31.15999984741211,31.440000534057617,30.729999542236328,30.8700008392334,1273819
2022-06-16,25.28266716003418,30.549999237060547,31.100000381469727,30.219999313354492,31.100000381469727,969010
2022-06-17,25.20818519592285,30.459999084472656,30.860000610351562,30.079999923706055,30.549999237060547,2271476
2022-06-20,25.804046630859375,31.18000030517578,31.18000030517578,30.139999389648438,30.5,652571
2022-06-21,25.704736709594727,31.059999465942383,31.799999237060547,31.059999465942383,31.350000381469727,850914
2022-06-22,24.827497482299805,30.0,30.75,30.0,30.559999465942383,1451561
2022-06-23,24.140605926513672,29.170000076293945,29.93000030517578,29.040000915527344,29.860000610351562,1330341
2022-06-27,24.66197967529297,29.799999237060547,30.270000457763672,29.200000762939453,29.43000030517578,1371657
2022-06-28,24.819223403930664,29.989999771118164,31.049999237060547,29.850000381469727,29.860000610351562,1559855
2022-06-29,24.819223403930664,29.989999771118164,30.049999237060547,29.350000381469727,29.670000076293945,1197641
2022-06-30,24.008190155029297,29.010000228881836,29.420000076293945,28.799999237060547,29.420000076293945,1493213
2022-07-01,24.066120147705078,29.079999923706055,29.25,28.739999771118164,28.860000610351562,708126
2022-07-04,24.620601654052734,29.75,30.09000015258789,29.270000457763672,29.270000457763672,551262
2022-07-05,24.082674026489258,29.100000381469727,30.229999542236328,28.989999771118164,30.079999923706055,996045
2022-07-06,24.1737060546875,29.209999084472656,29.780000686645508,29.049999237060547,29.229999542236328,1153537
2022-07-07,24.769567489624023,29.93000030517578,30.1299991607666,29.350000381469727,29.459999084472656,1145778
2022-07-08,24.521289825439453,29.6299991607666,29.829999923706055,29.200000762939453,29.829999923706055,1491227
2022-07-11,23.975088119506836,28.969999313354492,29.350000381469727,28.850000381469727,29.219999313354492,700048
2022-07-12,24.289567947387695,29.350000381469727,29.440000534057617,28.809999465942383,28.969999313354492,1194885
2022-07-13,23.743366241455078,28.690000534057617,29.3700008392334,28.40999984741211,29.219999313354492,1133487
2022-07-14,23.685434341430664,28.6200008392334,28.790000915527344,28.31999969482422,28.700000762939453,708509
2022-07-15,24.463359832763672,29.559999465942383,29.639999389648438,28.700000762939453,28.709999084472656,1027934
2022-07-18,24.68680763244629,29.829999923706055,30.149999618530273,29.639999389648438,29.709999084472656,585316
2022-07-19,25.00128746032715,30.209999084472656,30.260000228881836,29.450000762939453,29.739999771118164,726894
2022-07-20,25.150253295898438,30.389999389648438,30.530000686645508,30.110000610351562,30.299999237060547,647996
2022-07-21,24.86887550354004,30.049999237060547,30.31999969482422,29.079999923706055,29.459999084472656,1742492
2022-07-22,24.041292190551758,29.049999237060547,30.15999984741211,28.860000610351562,30.049999237060547,2337577
2022-07-25,24.44681167602539,29.540000915527344,29.690000534057617,28.579999923706055,29.049999237060547,1067034
2022-07-26,24.231639862060547,29.280000686645508,29.75,29.1299991607666,29.399999618530273,953937
2022-07-27,24.769567489624023,29.93000030517578,30.110000610351562,29.3799991607666,29.3799991607666,1290592
2022-07-28,25.175081253051758,30.420000076293945,30.700000762939453,30.15999984741211,30.200000762939453,1379195
2022-07-29,25.564048767089844,30.889999389648438,30.940000534057617,30.479999542236328,30.700000762939453,1793090
2022-08-01,25.828874588012695,31.209999084472656,31.360000610351562,30.920000076293945,30.989999771118164,946077
2022-08-02,25.762666702270508,31.1299991607666,31.190000534057617,30.649999618530273,31.149999618530273,740839
2022-08-03,25.97783851623535,31.389999389648438,31.450000762939453,30.989999771118164,31.1299991607666,827796
2022-08-04,26.341976165771484,31.829999923706055,31.829999923706055,31.329999923706055,31.469999313354492,926226
2022-08-05,26.184736251831055,31.639999389648438,32.33000183105469,31.6200008392334,31.860000610351562,983162
2022-08-08,26.590251922607422,32.130001068115234,32.380001068115234,31.6200008392334,31.770000457763672,674698
2022-08-09,26.333698272705078,31.81999969482422,32.2400016784668,31.690000534057617,32.15999984741211,581484
2022-08-10,27.50058937072754,33.22999954223633,33.41999816894531,31.760000228881836,31.8700008392334,1047665
2022-08-11,27.64128303527832,33.400001525878906,33.630001068115234,33.22999954223633,33.22999954223633,789898
2022-08-12,28.228864669799805,34.11000061035156,34.36000061035156,33.79999923706055,34.0,1145265
2022-08-15,28.195762634277344,34.06999969482422,34.31999969482422,33.79999923706055,34.279998779296875,588862
2022-08-16,28.088172912597656,33.939998626708984,34.27000045776367,33.56999969482422,34.13999938964844,849281
2022-08-17,27.972314834594727,33.79999923706055,34.11000061035156,33.52000045776367,33.95000076293945,879615
2022-08-18,28.3861026763916,34.29999923706055,34.34000015258789,33.79999923706055,33.79999923706055,802851
2022-08-19,28.510242462158203,34.45000076293945,34.58000183105469,34.119998931884766,34.20000076293945,1334826
2022-08-22,28.187484741210938,34.060001373291016,34.70000076293945,33.58000183105469,34.45000076293945,916654
2022-08-23,28.28679656982422,34.18000030517578,34.52000045776367,33.810001373291016,33.81999969482422,1512005
2022-08-24,28.4688663482666,34.400001525878906,34.400001525878906,33.9900016784668,34.08000183105469,1458841
2022-08-25,28.4688663482666,34.400001525878906,34.5099983215332,34.04999923706055,34.5,1434309
2022-08-26,28.344724655151367,34.25,34.79999923706055,34.18000030517578,34.5,806127
2022-08-29,27.997142791748047,33.83000183105469,34.130001068115234,33.0,34.130001068115234,824121
2022-08-30,27.98886489868164,33.81999969482422,34.5099983215332,33.72999954223633,33.83000183105469,922246
2022-08-31,28.04679298400879,33.88999938964844,34.20000076293945,33.7400016784668,33.939998626708984,1739597
2022-09-01,27.285425186157227,32.970001220703125,33.939998626708984,32.7599983215332,33.70000076293945,1325232
2022-09-02,27.401283264160156,33.11000061035156,33.380001068115234,32.900001525878906,33.13999938964844,881794
2022-09-05,27.17783546447754,32.84000015258789,33.0099983215332,32.2599983215332,32.88999938964844,1539120
2022-09-06,27.359901428222656,33.060001373291016,33.18000030517578,32.65999984741211,32.84000015258789,552743
2022-09-07,27.724037170410156,33.5,33.61000061035156,32.619998931884766,32.790000915527344,1588797
2022-09-08,27.93093490600586,33.75,34.529998779296875,33.599998474121094,33.70000076293945,1340244
2022-09-09,28.237138748168945,34.119998931884766,34.65999984741211,33.790000915527344,33.93000030517578,1065940
2022-09-12,28.60955238342285,34.56999969482422,34.849998474121094,34.060001373291016,34.119998931884766,1586617
2022-09-13,28.87438201904297,34.88999938964844,35.47999954223633,34.59000015258789,34.900001525878906,1581686
2022-09-14,28.311622619628906,34.209999084472656,34.959999084472656,33.91999816894531,34.81999969482422,1543433
2022-09-15,28.60127830505371,34.560001373291016,34.72999954223633,34.25,34.34000015258789,871755
2022-09-16,29.03989601135254,35.09000015258789,35.29999923706055,34.20000076293945,34.439998626708984,2612167
2022-09-19,28.78334617614746,34.779998779296875,35.06999969482422,34.189998626708984,35.060001373291016,719295
2022-09-20,28.3861026763916,34.29999923706055,35.34000015258789,33.93000030517578,34.959999084472656,896485
2022-09-21,28.311622619628906,34.209999084472656,34.779998779296875,34.029998779296875,34.290000915527344,761867
2022-09-22,27.4923152923584,33.220001220703125,34.150001525878906,33.02000045776367,33.849998474121094,1031297
2022-09-23,26.9295597076416,32.540000915527344,33.52000045776367,32.2400016784668,33.47999954223633,1110149
2022-09-26,26.590251922607422,32.130001068115234,32.529998779296875,31.90999984741211,32.22999954223633,1011839
2022-09-27,26.74749183654785,32.31999969482422,32.619998931884766,32.15999984741211,32.290000915527344,923586
2022-09-28,26.979211807250977,32.599998474121094,32.599998474121094,31.290000915527344,32.130001068115234,1312261
2022-09-29,26.13507843017578,31.579999923706055,32.47999954223633,31.25,32.47999954223633,1069460
2022-09-30,26.962665557861328,32.58000183105469,32.630001068115234,31.65999984741211,31.760000228881836,1444533
2022-10-03,27.690933227539062,33.459999084472656,33.720001220703125,32.29999923706055,32.349998474121094,1063882
2022-10-04,28.775068283081055,34.77000045776367,34.77000045776367,33.88999938964844,33.88999938964844,1329201
2022-10-05,28.410932540893555,34.33000183105469,34.75,33.81999969482422,34.56999969482422,759393
2022-10-06,28.237138748168945,34.119998931884766,34.63999938964844,33.84000015258789,34.459999084472656,796169
2022-10-07,27.575075149536133,33.31999969482422,34.119998931884766,33.13999938964844,34.119998931884766,566464
2022-10-10,27.649555206298828,33.40999984741211,33.779998779296875,33.04999923706055,33.04999923706055,849300
2022-10-11,27.69921112060547,33.470001220703125,33.58000183105469,33.040000915527344,33.2599983215332,652558
2022-10-12,27.682659149169922,33.45000076293945,33.77000045776367,33.349998474121094,33.52000045776367,824545
2022-10-13,27.666109085083008,33.43000030517578,33.43000030517578,32.56999969482422,32.79999923706055,960446
2022-10-14,29.23851776123047,35.33000183105469,35.869998931884766,34.52000045776367,34.83000183105469,2208878
2022-10-17,30.008163452148438,36.2599983215332,36.459999084472656,35.13999938964844,35.38999938964844,1141592
2022-10-18,29.37920570373535,35.5,36.61000061035156,35.45000076293945,36.38999938964844,1546589
2022-10-19,28.6674861907959,34.63999938964844,35.2599983215332,34.34000015258789,35.13999938964844,1394314
2022-10-20,28.692312240600586,34.66999816894531,35.4900016784668,34.380001068115234,34.63999938964844,1089439
2022-10-21,28.750242233276367,34.7400016784668,34.790000915527344,33.70000076293945,34.5,1051423
2022-10-24,28.965415954589844,35.0,35.439998626708984,34.5,34.7599983215332,1057262
2022-10-25,29.130929946899414,35.20000076293945,35.349998474121094,34.560001373291016,35.349998474121094,1080302
2022-10-26,29.644031524658203,35.81999969482422,35.959999084472656,35.099998474121094,35.25,1028620
2022-10-27,29.296451568603516,35.400001525878906,35.849998474121094,34.939998626708984,35.83000183105469,902890
2022-10-28,28.60955238342285,34.56999969482422,35.119998931884766,34.22999954223633,35.119998931884766,935416
2022-10-31,28.0633487701416,33.90999984741211,34.5,33.75,34.5,1409376
2022-11-01,28.460588455200195,34.38999938964844,34.7400016784668,33.97999954223633,34.0,877507
2022-11-02,28.444034576416016,34.369998931884766,34.689998626708984,34.15999984741211,34.349998474121094,747213
2022-11-03,28.295068740844727,34.189998626708984,34.439998626708984,33.65999984741211,34.029998779296875,751118
2022-11-04,29.122655868530273,35.189998626708984,35.40999984741211,34.34000015258789,34.34000015258789,937871
2022-11-07,29.37920570373535,35.5,35.90999984741211,35.060001373291016,35.15999984741211,876467
2022-11-08,29.428861618041992,35.560001373291016,35.869998931884766,35.310001373291016,35.5099983215332,852684
2022-11-09,29.33782958984375,35.45000076293945,35.709999084472656,35.310001373291016,35.59000015258789,636575
2022-11-10,28.915760040283203,34.939998626708984,35.58000183105469,34.939998626708984,35.310001373291016,1535161
2022-11-11,28.31989860534668,34.220001220703125,35.349998474121094,33.619998931884766,35.11000061035156,1605913
2022-11-14,28.146102905273438,34.0099983215332,34.5099983215332,33.88999938964844,34.349998474121094,868705
2022-11-15,28.270244598388672,34.15999984741211,34.38999938964844,33.939998626708984,34.02000045776367,1238382
2022-11-16,28.6674861907959,34.63999938964844,34.75,34.0099983215332,34.15999984741211,405495
2022-11-17,28.27851676940918,34.16999816894531,34.61000061035156,33.93000030517578,34.06999969482422,1096534
2022-11-18,28.485414505004883,34.41999816894531,34.7400016784668,34.15999984741211,34.41999816894531,807466
2022-11-21,28.435762405395508,34.36000061035156,34.41999816894531,33.939998626708984,34.41999816894531,598397
2022-11-22,28.67576026916504,34.650001525878906,34.790000915527344,34.400001525878906,34.400001525878906,583576
2022-11-23,28.750242233276367,34.7400016784668,34.900001525878906,34.58000183105469,34.75,611023
2022-11-24,28.60127830505371,34.560001373291016,34.959999084472656,34.5099983215332,34.70000076293945,674064
2022-11-25,28.7088623046875,34.689998626708984,34.779998779296875,34.369998931884766,34.56999969482422,611387
2022-11-28,28.270244598388672,34.15999984741211,34.630001068115234,34.029998779296875,34.630001068115234,773778
2022-11-29,28.684036254882812,34.65999984741211,34.84000015258789,34.20000076293945,34.220001220703125,1013528
2022-11-30,28.940587997436523,34.970001220703125,35.06999969482422,34.599998474121094,34.83000183105469,3348650
2022-12-01,29.197134017944336,35.279998779296875,35.58000183105469,34.65999984741211,34.95000076293945,1117851
2022-12-02,29.230239868164062,35.31999969482422,35.63999938964844,35.06999969482422,35.38999938964844,586625
2022-12-05,29.478515625,35.619998931884766,36.150001525878906,35.04999923706055,35.25,877074
2022-12-07,29.66058349609375,35.84000015258789,36.08000183105469,35.310001373291016,35.43000030517578,1081007
2022-12-08,29.710243225097656,35.900001525878906,36.290000915527344,35.869998931884766,35.88999938964844,1269547
2022-12-09,30.57920265197754,36.95000076293945,37.13999938964844,36.0099983215332,36.0099983215332,1457035
2022-12-12,30.099199295043945,36.369998931884766,37.0099983215332,36.130001068115234,36.959999084472656,1474536
2022-12-13,29.966787338256836,36.209999084472656,36.91999816894531,36.04999923706055,36.5,1322154
2022-12-14,30.190235137939453,36.47999954223633,36.5,36.06999969482422,36.2599983215332,1533515
2022-12-15,29.048173904418945,35.099998474121094,36.25,35.060001373291016,36.25,1780734
2022-12-16,28.84955596923828,34.86000061035156,35.36000061035156,34.22999954223633,35.18000030517578,2417187
2022-12-19,29.0730037689209,35.130001068115234,35.400001525878906,34.7599983215332,35.0,779910
2022-12-20,29.246793746948242,35.34000015258789,35.560001373291016,34.709999084472656,34.91999816894531,758825
2022-12-21,29.66885757446289,35.849998474121094,35.959999084472656,35.25,35.36000061035156,941757
2022-12-22,29.66058349609375,35.84000015258789,36.189998626708984,35.720001220703125,35.869998931884766,633361
2022-12-23,29.503345489501953,35.650001525878906,36.060001373291016,35.459999084472656,35.83000183105469,754163
2022-12-27,29.495065689086914,35.63999938964844,36.189998626708984,35.619998931884766,35.9900016784668,487941
2022-12-28,29.395755767822266,35.52000045776367,35.880001068115234,35.439998626708984,35.720001220703125,477962
2022-12-29,29.089555740356445,35.150001525878906,35.43000030517578,35.150001525878906,35.400001525878906,621807
2022-12-30,28.90748405456543,34.93000030517578,35.36000061035156,34.93000030517578,35.20000076293945,520036
2023-01-02,29.619211196899414,35.790000915527344,35.869998931884766,35.150001525878906,35.150001525878906,590430
2023-01-03,29.01506996154785,35.060001373291016,35.9900016784668,34.970001220703125,35.849998474121094,1144644
2023-01-04,28.493690490722656,34.43000030517578,35.06999969482422,34.36000061035156,34.880001068115234,1580863
2023-01-05,28.85782814025879,34.869998931884766,35.060001373291016,33.97999954223633,34.45000076293945,1014718
2023-01-09,28.998516082763672,35.040000915527344,35.54999923706055,34.720001220703125,35.29999923706055,1234747
2023-01-10,28.791622161865234,34.790000915527344,35.029998779296875,34.630001068115234,34.88999938964844,789539
2023-01-11,28.410932540893555,34.33000183105469,34.880001068115234,34.29999923706055,34.619998931884766,1047217
2023-01-12,28.642658233642578,34.61000061035156,34.79999923706055,34.41999816894531,34.439998626708984,915737
2023-01-13,27.649555206298828,33.40999984741211,34.189998626708984,32.7599983215332,34.09000015258789,2090999
2023-01-16,27.21921157836914,32.88999938964844,33.560001373291016,32.88999938964844,33.4900016784668,1076855
2023-01-17,27.194387435913086,32.86000061035156,33.08000183105469,32.65999984741211,32.88999938964844,1219016
2023-01-18,27.64128303527832,33.400001525878906,33.58000183105469,32.66999816894531,32.81999969482422,1287953
2023-01-19,27.426109313964844,33.13999938964844,33.41999816894531,33.11000061035156,33.16999816894531,864658
2023-01-20,27.4923152923584,33.220001220703125,33.45000076293945,32.9900016784668,33.31999969482422,927552
2023-01-23,27.889556884765625,33.70000076293945,34.029998779296875,33.29999923706055,33.33000183105469,960075
2023-01-24,28.121278762817383,33.97999954223633,33.97999954223633,33.630001068115234,33.81999969482422,769717
2023-01-25,27.74059295654297,33.52000045776367,33.95000076293945,32.959999084472656,33.95000076293945,842111
2023-01-26,27.64128303527832,33.400001525878906,33.54999923706055,33.11000061035156,33.31999969482422,723280
2023-01-27,27.4923152923584,33.220001220703125,33.470001220703125,32.88999938964844,33.43000030517578,1042189
2023-01-30,27.51714515686035,33.25,33.310001373291016,32.86000061035156,33.040000915527344,875479
2023-01-31,27.51714515686035,33.25,33.349998474121094,32.630001068115234,33.11000061035156,1899910
2023-02-01,28.013690948486328,33.849998474121094,34.060001373291016,33.31999969482422,33.33000183105469,1277461
2023-02-02,28.187484741210938,34.060001373291016,34.459999084472656,33.220001220703125,34.099998474121094,2815419
2023-02-03,28.816452026367188,34.81999969482422,35.16999816894531,34.08000183105469,34.220001220703125,1479069
2023-02-06,28.60955238342285,34.56999969482422,34.900001525878906,34.2400016784668,34.84000015258789,1080475
2023-02-07,29.279897689819336,35.380001068115234,35.810001373291016,34.630001068115234,34.709999084472656,1749661
2023-02-08,29.048173904418945,35.099998474121094,35.59000015258789,34.86000061035156,35.52000045776367,875182
2023-02-09,29.048173904418945,35.099998474121094,35.38999938964844,34.869998931884766,35.279998779296875,1094781
2023-02-10,28.444034576416016,34.369998931884766,35.25,34.27000045776367,34.9900016784668,901847
2023-02-13,29.03989601135254,35.09000015258789,35.27000045776367,34.349998474121094,34.5,985577
2023-02-14,28.85782814025879,34.869998931884766,35.47999954223633,34.849998474121094,35.06999969482422,754728
2023-02-15,28.47713851928711,34.40999984741211,34.83000183105469,34.2599983215332,34.790000915527344,860322
2023-02-16,28.35300064086914,34.2599983215332,34.65999984741211,33.959999084472656,34.529998779296875,777709
2023-02-17,28.187484741210938,34.060001373291016,34.27000045776367,33.91999816894531,34.15999984741211,1123904
2023-02-20,28.53507423400879,34.47999954223633,34.72999954223633,34.20000076293945,34.209999084472656,875490
2023-02-21,28.311622619628906,34.209999084472656,34.58000183105469,34.08000183105469,34.470001220703125,839061
2023-02-22,28.377830505371094,34.290000915527344,34.290000915527344,33.90999984741211,34.20000076293945,640580
2023-02-23,27.889556884765625,33.70000076293945,34.400001525878906,33.70000076293945,34.310001373291016,774272
2023-02-24,27.50058937072754,33.22999954223633,34.0099983215332,33.189998626708984,33.79999923706055,878430
2023-02-27,28.121278762817383,33.97999954223633,34.099998474121094,33.22999954223633,33.22999954223633,610217
2023-02-28,28.394384384155273,34.310001373291016,34.33000183105469,33.599998474121094,33.849998474121094,1442445
2023-03-01,29.106101989746094,35.16999816894531,35.41999816894531,34.59000015258789,34.59000015258789,1165459
2023-03-02,29.03989601135254,35.09000015258789,35.13999938964844,34.70000076293945,35.08000183105469,941611
2023-03-03,29.26333999633789,35.36000061035156,35.59000015258789,35.22999954223633,35.2599983215332,983628
2023-03-06,28.61783218383789,34.58000183105469,35.34000015258789,34.47999954223633,35.34000015258789,942100
2023-03-07,28.32817268371582,34.22999954223633,34.79999923706055,34.150001525878906,34.540000915527344,1314008
2023-03-08,28.700586318969727,34.68000030517578,34.7599983215332,34.22999954223633,34.22999954223633,1478195
2023-03-09,28.187484741210938,34.060001373291016,34.86000061035156,34.02000045776367,34.619998931884766,887767
2023-03-10,27.806798934936523,33.599998474121094,33.84000015258789,33.34000015258789,33.619998931884766,1098935
2023-03-13,27.252315521240234,32.93000030517578,33.5,32.5099983215332,33.5,1413205
2023-03-14,27.475765228271484,33.20000076293945,33.369998931884766,32.47999954223633,32.93000030517578,1531233
2023-03-15,27.03714370727539,32.66999816894531,33.36000061035156,32.540000915527344,33.310001373291016,1210822
2023-03-16,26.79714584350586,32.380001068115234,32.90999984741211,31.84000015258789,32.88999938964844,2132761
2023-03-17,25.861976623535156,31.25,33.060001373291016,31.06999969482422,32.54999923706055,4986525
2023-03-20,25.903352737426758,31.299999237060547,31.579999923706055,30.469999313354492,31.270000457763672,1755323
2023-03-21,26.62335205078125,32.16999816894531,32.470001220703125,31.600000381469727,31.600000381469727,1497005
2023-03-22,26.101978302001953,31.540000915527344,32.29999923706055,31.350000381469727,32.29999923706055,1149285
2023-03-23,26.05232048034668,31.479999542236328,31.90999984741211,31.15999984741211,31.690000534057617,884197
2023-03-24,25.787494659423828,31.15999984741211,31.56999969482422,30.600000381469727,31.479999542236328,1100293
2023-03-27,25.423357009887695,30.719999313354492,31.690000534057617,30.709999084472656,31.479999542236328,1422888
2023-03-28,25.448184967041016,30.75,31.200000762939453,30.579999923706055,31.0,817839
2023-03-29,25.332324981689453,30.610000610351562,31.0,30.399999618530273,30.799999237060547,994990
2023-03-30,25.671634674072266,31.020000457763672,31.15999984741211,30.709999084472656,30.799999237060547,1102576
2023-03-31,25.61370277404785,30.950000762939453,31.290000915527344,30.75,31.200000762939453,1199682
2023-04-03,25.53921890258789,30.860000610351562,31.34000015258789,30.649999618530273,31.15999984741211,945765
2023-04-04,25.564048767089844,30.889999389648438,31.149999618530273,30.799999237060547,31.049999237060547,1135975
2023-04-05,25.58887481689453,30.920000076293945,31.040000915527344,30.670000076293945,30.940000534057617,1071706
2023-04-06,25.58887481689453,30.920000076293945,31.149999618530273,30.8700008392334,30.940000534057617,999449
2023-04-11,25.67991065979004,31.030000686645508,31.280000686645508,30.850000381469727,31.149999618530273,1049675
2023-04-12,24.95991325378418,30.15999984741211,30.610000610351562,29.739999771118164,30.479999542236328,2544729
2023-04-13,25.129650115966797,29.610000610351562,29.790000915527344,29.34000015258789,29.549999237060547,1194235
2023-04-14,24.688329696655273,29.09000015258789,30.06999969482422,29.0,29.979999542236328,1554984
2023-04-17,25.214515686035156,29.709999084472656,29.950000762939453,29.360000610351562,29.43000030517578,1094151
2023-04-18,25.42669105529785,29.959999084472656,29.959999084472656,29.450000762939453,29.719999313354492,1410947
2023-04-19,25.435176849365234,29.969999313354492,30.219999313354492,29.790000915527344,29.969999313354492,1037490
2023-04-20,25.27392578125,29.780000686645508,29.950000762939453,28.739999771118164,29.0,1767943
2023-04-21,25.155109405517578,29.639999389648438,29.780000686645508,29.469999313354492,29.780000686645508,1193984
2023-04-24,25.401229858398438,29.93000030517578,29.93000030517578,29.469999313354492,29.639999389648438,973664
2023-04-25,24.942935943603516,29.389999389648438,29.93000030517578,28.280000686645508,28.5,1850907
2023-04-26,24.2215518951416,28.540000915527344,29.100000381469727,28.530000686645508,28.690000534057617,1818930
2023-04-27,24.476158142089844,28.84000015258789,29.010000228881836,28.459999084472656,28.5,1327475
2023-04-28,24.527080535888672,28.899999618530273,29.459999084472656,28.770000457763672,29.030000686645508,1936497
2023-05-02,24.69681739807129,29.100000381469727,29.610000610351562,28.950000762939453,29.270000457763672,1636178
2023-05-03,25.189058303833008,29.68000030517578,29.860000610351562,29.1299991607666,29.139999389648438,1295838
2023-05-04,25.16359519958496,29.649999618530273,29.729999542236328,29.3799991607666,29.56999969482422,1158251
2023-05-05,25.59642791748047,30.15999984741211,30.290000915527344,29.65999984741211,29.739999771118164,1219348
2023-05-08,25.834060668945312,30.440000534057617,30.559999465942383,30.1299991607666,30.229999542236328,572087
2023-05-09,25.503070831298828,30.049999237060547,30.469999313354492,30.010000228881836,30.469999313354492,831104
2023-05-10,25.715242385864258,30.299999237060547,30.5,30.010000228881836,30.049999237060547,1197053
2023-05-11,25.698270797729492,30.280000686645508,30.610000610351562,30.280000686645508,30.360000610351562,1044168
2023-05-12,25.053266525268555,29.520000457763672,29.799999237060547,28.690000534057617,28.700000762939453,3627003
2023-05-15,24.908987045288086,29.350000381469727,29.670000076293945,29.100000381469727,29.5,1081860
2023-05-16,25.03629493713379,29.5,29.770000457763672,29.260000228881836,29.3799991607666,1181079
2023-05-17,24.357343673706055,28.700000762939453,29.65999984741211,28.700000762939453,29.5,1198935
2023-05-19,24.92596435546875,29.3700008392334,29.489999771118164,28.8700008392334,28.8799991607666,1325754
2023-05-22,24.807147979736328,29.229999542236328,29.489999771118164,29.110000610351562,29.469999313354492,986243
2023-05-23,25.282413482666016,29.790000915527344,30.3700008392334,29.25,29.25,2157757
2023-05-24,25.02780532836914,29.489999771118164,29.809999465942383,29.389999389648438,29.700000762939453,1460791
2023-05-25,24.71379280090332,29.1200008392334,29.739999771118164,29.1200008392334,29.59000015258789,838035
2023-05-26,24.959911346435547,29.40999984741211,29.56999969482422,29.1200008392334,29.190000534057617,816622
2023-05-29,24.976884841918945,29.43000030517578,29.719999313354492,29.3700008392334,29.559999465942383,425852
2023-05-30,24.54405403137207,28.920000076293945,29.540000915527344,28.899999618530273,29.43000030517578,1015217
2023-05-31,23.822669982910156,28.06999969482422,28.829999923706055,28.040000915527344,28.780000686645508,2483996
2023-06-01,23.763261795043945,28.0,28.239999771118164,27.920000076293945,28.100000381469727,1431003
2023-06-02,24.306421279907227,28.639999389648438,28.799999237060547,28.06999969482422,28.200000762939453,1486526
2023-06-05,24.688329696655273,29.09000015258789,29.190000534057617,28.719999313354492,28.920000076293945,795567
2023-06-06,25.239978790283203,29.739999771118164,29.770000457763672,29.15999984741211,29.56999969482422,1559139
2023-06-07,24.92596435546875,29.3700008392334,29.760000228881836,29.270000457763672,29.420000076293945,1022037
2023-06-08,25.16359519958496,29.649999618530273,29.790000915527344,29.329999923706055,29.3700008392334,895559
2023-06-09,25.33333396911621,29.850000381469727,29.8799991607666,29.579999923706055,29.700000762939453,1484676
2023-06-12,25.053266525268555,29.520000457763672,30.149999618530273,29.520000457763672,29.940000534057617,1416623
2023-06-13,25.04477882385254,29.510000228881836,29.790000915527344,29.479999542236328,29.6299991607666,1862429
2023-06-14,25.35030746459961,29.8700008392334,30.3799991607666,29.31999969482422,29.510000228881836,2005855
2023-06-15,25.10418701171875,29.579999923706055,29.860000610351562,28.90999984741211,29.81999969482422,1765170
2023-06-16,24.908987045288086,29.350000381469727,29.790000915527344,29.010000228881836,29.68000030517578,3039307
2023-06-19,24.654382705688477,29.049999237060547,29.6200008392334,29.040000915527344,29.610000610351562,1110042
2023-06-20,24.000892639160156,28.280000686645508,29.049999237060547,28.280000686645508,29.0,1274454
2023-06-21,23.296483993530273,27.450000762939453,28.25,27.3799991607666,28.25,1539238
2023-06-22,23.050365447998047,27.15999984741211,27.600000381469727,27.100000381469727,27.270000457763672,1136547
2023-06-26,23.118257522583008,27.239999771118164,27.239999771118164,26.6200008392334,27.100000381469727,1529290
2023-06-27,23.160694122314453,27.290000915527344,27.549999237060547,26.709999084472656,27.34000015258789,1045285
2023-06-28,23.075824737548828,27.190000534057617,27.450000762939453,27.170000076293945,27.299999237060547,799068
2023-06-29,23.050365447998047,27.15999984741211,27.209999084472656,26.799999237060547,27.149999618530273,939726
2023-06-30,23.14371681213379,27.270000457763672,27.489999771118164,27.229999542236328,27.350000381469727,1585369
2023-07-03,23.5426025390625,27.739999771118164,27.799999237060547,27.260000228881836,27.350000381469727,778405
2023-07-04,23.924510955810547,28.190000534057617,28.329999923706055,27.739999771118164,27.739999771118164,837246
2023-07-05,23.771747589111328,28.010000228881836,28.030000686645508,27.6200008392334,27.969999313354492,853742
2023-07-06,23.14371681213379,27.270000457763672,28.1299991607666,27.170000076293945,27.950000762939453,1219961
2023-07-07,23.508655548095703,27.700000762939453,27.739999771118164,27.31999969482422,27.469999313354492,984117
2023-07-10,23.474708557128906,27.65999984741211,27.860000610351562,27.59000015258789,27.690000534057617,492926
2023-07-11,23.90753936767578,28.170000076293945,28.280000686645508,27.770000457763672,27.799999237060547,794912
2023-07-12,24.501623153686523,28.8700008392334,28.989999771118164,28.079999923706055,28.209999084472656,1096052
2023-07-13,24.620437622070312,29.010000228881836,29.280000686645508,28.8799991607666,28.950000762939453,942274
2023-07-14,24.569517135620117,28.950000762939453,29.09000015258789,28.75,28.90999984741211,747636
2023-07-17,24.230037689208984,28.549999237060547,29.0,28.489999771118164,28.84000015258789,724552
2023-07-18,24.357343673706055,28.700000762939453,28.790000915527344,28.389999389648438,28.399999618530273,659112
2023-07-19,24.578001022338867,28.959999084472656,29.1200008392334,28.56999969482422,28.84000015258789,924496
2023-07-20,24.722280502319336,29.1299991607666,29.450000762939453,28.829999923706055,29.040000915527344,638053
2023-07-21,24.306421279907227,28.639999389648438,28.90999984741211,28.229999542236328,28.5,1616019
2023-07-24,24.357343673706055,28.700000762939453,28.90999984741211,28.479999542236328,28.639999389648438,1517414
2023-07-25,25.214515686035156,29.709999084472656,29.889999389648438,27.389999389648438,27.969999313354492,2036994
2023-07-26,25.223003387451172,29.719999313354492,29.850000381469727,29.31999969482422,29.59000015258789,959999
2023-07-27,25.56247901916504,30.1200008392334,30.389999389648438,29.65999984741211,29.780000686645508,1009165
2023-07-28,25.375768661499023,29.899999618530273,30.260000228881836,29.6299991607666,30.020000457763672,611090
2023-07-31,25.54550552368164,30.100000381469727,30.200000762939453,29.68000030517578,29.850000381469727,1201959
2023-08-01,25.528532028198242,30.079999923706055,30.260000228881836,29.940000534057617,30.100000381469727,694328
2023-08-02,24.917476654052734,29.360000610351562,29.90999984741211,29.270000457763672,29.899999618530273,883497
2023-08-03,24.841094970703125,29.270000457763672,29.59000015258789,29.200000762939453,29.280000686645508,1306342
2023-08-04,25.35030746459961,29.8700008392334,29.8700008392334,29.31999969482422,29.31999969482422,730513
2023-08-07,25.223003387451172,29.719999313354492,29.940000534057617,29.549999237060547,29.8700008392334,429064
2023-08-08,24.942935943603516,29.389999389648438,29.719999313354492,29.3700008392334,29.6299991607666,784558
2023-08-09,25.095699310302734,29.56999969482422,29.93000030517578,29.530000686645508,29.649999618530273,608777
2023-08-10,25.20603370666504,29.700000762939453,29.860000610351562,29.6299991607666,29.850000381469727,517530
2023-08-11,25.04477882385254,29.510000228881836,29.690000534057617,29.3700008392334,29.639999389648438,626838
2023-08-14,24.69681739807129,29.100000381469727,29.75,29.030000686645508,29.479999542236328,506829
2023-08-15,24.654382705688477,29.049999237060547,29.34000015258789,29.0,29.1299991607666,543182
2023-08-16,24.71379280090332,29.1200008392334,29.25,28.93000030517578,28.93000030517578,620527
2023-08-17,24.900503158569336,29.34000015258789,29.59000015258789,29.0,29.0,589900
2023-08-18,24.688329696655273,29.09000015258789,29.450000762939453,28.780000686645508,29.309999465942383,692918
2023-08-21,24.900503158569336,29.34000015258789,29.649999618530273,29.200000762939453,29.200000762939453,678309
2023-08-22,25.223003387451172,29.719999313354492,29.81999969482422,29.479999542236328,29.530000686645508,463779
2023-08-23,25.324846267700195,29.84000015258789,29.899999618530273,29.56999969482422,29.75,534168
2023-08-24,25.078723907470703,29.549999237060547,30.049999237060547,29.530000686645508,29.899999618530273,630876
2023-08-25,25.358793258666992,29.8799991607666,30.06999969482422,29.5,29.5,671058
2023-08-28,25.698270797729492,30.280000686645508,30.290000915527344,30.020000457763672,30.020000457763672,483228
2023-08-29,26.37721824645996,31.079999923706055,31.149999618530273,30.350000381469727,30.350000381469727,1297927
2023-08-30,26.877946853637695,31.670000076293945,31.850000381469727,31.200000762939453,31.200000762939453,1117444
2023-08-31,26.83551025390625,31.6200008392334,31.969999313354492,31.530000686645508,31.920000076293945,1986137
2023-09-01,26.877946853637695,31.670000076293945,31.81999969482422,31.540000915527344,31.540000915527344,813645
2023-09-04,26.954328536987305,31.760000228881836,32.04999923706055,31.760000228881836,31.790000915527344,605645
2023-09-05,26.521495819091797,31.25,31.739999771118164,31.1200008392334,31.6200008392334,796591
2023-09-06,26.445112228393555,31.15999984741211,31.200000762939453,30.850000381469727,31.100000381469727,472634
2023-09-07,26.385705947875977,31.09000015258789,31.56999969482422,31.020000457763672,31.309999465942383,1095251
2023-09-08,26.12261390686035,30.780000686645508,31.200000762939453,30.649999618530273,31.059999465942383,715673
2023-09-11,26.453601837158203,31.170000076293945,31.420000076293945,30.84000015258789,30.899999618530273,1098091
2023-09-12,26.10563850402832,30.760000228881836,31.299999237060547,30.530000686645508,31.219999313354492,1162466
2023-09-13,26.139585494995117,30.799999237060547,30.940000534057617,30.520000457763672,30.760000228881836,1073027
2023-09-14,26.742156982421875,31.510000228881836,31.6299991607666,30.780000686645508,30.8799991607666,1505342
2023-09-15,27.259855270385742,32.119998931884766,32.34000015258789,31.770000457763672,31.790000915527344,2663941
2023-09-18,27.251367568969727,32.11000061035156,32.29999923706055,31.950000762939453,32.119998931884766,628618
2023-09-19,27.395647048950195,32.279998779296875,32.470001220703125,32.060001373291016,32.11000061035156,924225
2023-09-20,27.42959213256836,32.31999969482422,32.47999954223633,31.969999313354492,32.31999969482422,1335847
2023-09-21,27.208932876586914,32.060001373291016,32.470001220703125,31.969999313354492,32.18000030517578,862721
2023-09-22,26.98827362060547,31.799999237060547,32.189998626708984,31.670000076293945,31.90999984741211,818713
2023-09-25,26.920379638671875,31.719999313354492,31.75,31.450000762939453,31.729999542236328,928762
2023-09-26,27.15801429748535,32.0,32.310001373291016,31.59000015258789,31.690000534057617,846258
2023-09-27,26.920379638671875,31.719999313354492,31.979999542236328,31.690000534057617,31.969999313354492,473335
2023-09-28,27.37866973876953,32.2599983215332,32.27000045776367,31.600000381469727,31.8700008392334,837600
2023-09-29,27.556896209716797,32.470001220703125,32.599998474121094,32.279998779296875,32.290000915527344,973966
2023-10-02,27.2004451751709,32.04999923706055,32.77000045776367,31.899999618530273,32.540000915527344,911232
2023-10-03,26.496034622192383,31.219999313354492,32.09000015258789,31.09000015258789,31.989999771118164,1236304
2023-10-04,26.911890029907227,31.709999084472656,32.0,31.209999084472656,31.309999465942383,968779
2023-10-05,27.030710220336914,31.850000381469727,32.029998779296875,31.579999923706055,31.760000228881836,819311
2023-10-06,27.53143310546875,32.439998626708984,32.47999954223633,31.799999237060547,31.989999771118164,874493
2023-10-09,27.73512077331543,32.68000030517578,32.68000030517578,32.31999969482422,32.380001068115234,874022
2023-10-10,28.210386276245117,33.2400016784668,33.33000183105469,32.84000015258789,32.93000030517578,1140975
2023-10-11,28.5413761138916,33.630001068115234,34.09000015258789,33.02000045776367,33.279998779296875,1176960
2023-10-12,28.26130485534668,33.29999923706055,33.93000030517578,33.29999923706055,33.720001220703125,946249
2023-10-13,28.10005760192871,33.11000061035156,33.47999954223633,33.0,33.2599983215332,1167470
2023-10-16,28.337688446044922,33.38999938964844,33.59000015258789,33.08000183105469,33.16999816894531,729725
2023-10-17,27.989723205566406,32.97999954223633,33.29999923706055,32.79999923706055,32.97999954223633,869202
2023-10-18,27.013736724853516,31.829999923706055,33.040000915527344,31.649999618530273,32.97999954223633,1527096
2023-10-19,26.85248565673828,31.639999389648438,31.81999969482422,31.3700008392334,31.81999969482422,1114677
2023-10-20,26.07168960571289,30.719999313354492,31.510000228881836,30.65999984741211,31.440000534057617,1295369
2023-10-23,25.825572967529297,30.43000030517578,30.850000381469727,30.190000534057617,30.719999313354492,1074710
2023-10-24,27.285316467285156,32.150001525878906,32.63999938964844,31.1299991607666,31.799999237060547,1722779
2023-10-25,27.711105346679688,31.889999389648438,32.220001220703125,30.959999084472656,31.719999313354492,1214696
2023-10-26,27.424346923828125,31.559999465942383,31.670000076293945,31.09000015258789,31.639999389648438,1004881
2023-10-27,27.624210357666016,31.790000915527344,32.060001373291016,31.190000534057617,31.59000015258789,857615
2023-10-30,27.77193260192871,31.959999084472656,32.15999984741211,31.75,31.790000915527344,535355
2023-10-31,27.60683250427246,31.770000457763672,32.18000030517578,31.540000915527344,32.0,1188175
2023-11-01,28.102136611938477,32.34000015258789,32.439998626708984,31.93000030517578,32.0,888262
2023-11-02,28.37151527404785,32.650001525878906,32.84000015258789,32.2599983215332,32.400001525878906,913080
2023-11-03,28.310688018798828,32.58000183105469,32.75,32.369998931884766,32.650001525878906,661857
2023-11-06,28.805994033813477,33.150001525878906,33.20000076293945,32.56999969482422,32.58000183105469,934738
2023-11-07,28.56268310546875,32.869998931884766,33.20000076293945,32.779998779296875,33.029998779296875,712314
2023-11-08,28.719097137451172,33.04999923706055,33.2400016784668,32.41999816894531,32.720001220703125,1511789
2023-11-09,28.588756561279297,32.900001525878906,33.220001220703125,32.599998474121094,33.04999923706055,883962
2023-11-10,28.15427589416504,32.400001525878906,32.84000015258789,32.130001068115234,32.65999984741211,674788
2023-11-13,27.945724487304688,32.15999984741211,32.66999816894531,32.06999969482422,32.470001220703125,654684
2023-11-14,28.397584915161133,32.68000030517578,32.83000183105469,31.809999465942383,32.22999954223633,1463007
2023-11-15,28.336755752563477,32.61000061035156,32.959999084472656,32.38999938964844,32.790000915527344,814475
2023-11-16,28.03261947631836,32.2599983215332,32.689998626708984,32.20000076293945,32.59000015258789,720686
2023-11-17,28.675649642944336,33.0,33.189998626708984,32.38999938964844,32.38999938964844,990042
2023-11-20,28.50185775756836,32.79999923706055,33.18000030517578,32.650001525878906,33.06999969482422,727591
2023-11-21,28.40627098083496,32.689998626708984,32.93000030517578,32.61000061035156,32.79999923706055,635436
2023-11-22,27.754554748535156,31.940000534057617,32.880001068115234,31.770000457763672,32.689998626708984,1012729
2023-11-23,27.70241355895996,31.8799991607666,32.16999816894531,31.600000381469727,32.08000183105469,840810
2023-11-24,27.493865966796875,31.639999389648438,31.940000534057617,31.5,31.8799991607666,597643
2023-11-27,27.276626586914062,31.389999389648438,31.600000381469727,30.979999542236328,31.579999923706055,790349
2023-11-28,27.685035705566406,31.860000610351562,31.8700008392334,31.34000015258789,31.389999389648438,721701
2023-11-29,27.806690216064453,32.0,32.189998626708984,31.6299991607666,31.75,618356
2023-11-30,27.87620735168457,32.08000183105469,32.25,31.690000534057617,32.0,1902977
2023-12-01,28.223791122436523,32.47999954223633,32.68000030517578,32.06999969482422,32.209999084472656,943395
2023-12-04,27.824071884155273,32.02000045776367,32.439998626708984,31.850000381469727,32.2599983215332,656470
2023-12-05,27.719791412353516,31.899999618530273,31.969999313354492,31.549999237060547,31.809999465942383,938169
2023-12-07,28.362825393676758,32.63999938964844,32.65999984741211,31.670000076293945,32.47999954223633,1129068
2023-12-08,29.144887924194336,33.540000915527344,33.65999984741211,32.689998626708984,32.689998626708984,1293040
2023-12-11,28.97109603881836,33.34000015258789,33.7400016784668,33.22999954223633,33.36000061035156,1620884
2023-12-12,28.467098236083984,32.7599983215332,32.93000030517578,31.739999771118164,32.70000076293945,1727818
2023-12-13,28.475788116455078,32.77000045776367,33.09000015258789,32.56999969482422,32.7599983215332,1204441
2023-12-14,28.719097137451172,33.04999923706055,33.380001068115234,32.790000915527344,33.119998931884766,1353968
2023-12-15,29.0058536529541,33.380001068115234,33.66999816894531,33.189998626708984,33.2599983215332,2818508
2023-12-18,29.353437423706055,33.779998779296875,33.83000183105469,33.33000183105469,33.36000061035156,1020691
2023-12-19,29.622812271118164,34.09000015258789,34.31999969482422,33.84000015258789,33.869998931884766,939480
2023-12-20,29.561988830566406,34.02000045776367,34.189998626708984,33.869998931884766,34.04999923706055,764366
2023-12-21,29.64888572692871,34.119998931884766,34.20000076293945,33.79999923706055,33.95000076293945,453798
2023-12-22,29.83136558532715,34.33000183105469,34.38999938964844,33.810001373291016,34.099998474121094,696531
2023-12-27,29.909570693969727,34.41999816894531,34.56999969482422,34.20000076293945,34.220001220703125,488860
2023-12-28,29.909570693969727,34.41999816894531,34.560001373291016,34.20000076293945,34.41999816894531,356689
2023-12-29,29.657573699951172,34.130001068115234,34.4900016784668,34.119998931884766,34.439998626708984,127999
2024-01-02,29.840055465698242,34.34000015258789,34.599998474121094,34.20000076293945,34.25,649289
2024-01-03,29.605436325073242,34.06999969482422,34.619998931884766,33.88999938964844,34.400001525878906,775021
2024-01-04,29.953022003173828,34.470001220703125,34.470001220703125,34.18000030517578,34.209999084472656,1174091
2024-01-05,30.213706970214844,34.77000045776367,34.900001525878906,34.25,34.34000015258789,572086
2024-01-08,30.526531219482422,35.130001068115234,35.220001220703125,34.720001220703125,34.77000045776367,473049
2024-01-09,30.231090545654297,34.790000915527344,35.279998779296875,34.40999984741211,35.130001068115234,667940
2024-01-10,29.996471405029297,34.52000045776367,34.83000183105469,34.41999816894531,34.81999969482422,796529
2024-01-11,30.0399169921875,34.56999969482422,34.900001525878906,34.45000076293945,34.72999954223633,777996
2024-01-12,30.422256469726562,35.0099983215332,35.0099983215332,34.599998474121094,34.75,749401
2024-01-15,30.239776611328125,34.79999923706055,35.06999969482422,34.79999923706055,35.029998779296875,462302
2024-01-16,30.178945541381836,34.72999954223633,34.79999923706055,34.36000061035156,34.79999923706055,553105
2024-01-17,29.71840476989746,34.20000076293945,34.560001373291016,34.0099983215332,34.5,961620
2024-01-18,29.727088928222656,34.209999084472656,34.40999984741211,34.040000915527344,34.2400016784668,676694
2024-01-19,29.03192138671875,33.40999984741211,34.54999923706055,33.33000183105469,34.25,815002
2024-01-22,28.858131408691406,33.209999084472656,33.54999923706055,32.91999816894531,33.5,921735
2024-01-23,29.03192138671875,33.40999984741211,33.59000015258789,32.93000030517578,33.279998779296875,1030903
2024-01-24,29.336057662963867,33.7599983215332,33.95000076293945,33.54999923706055,33.630001068115234,660135
2024-01-25,29.118818283081055,33.5099983215332,34.0,33.130001068115234,33.720001220703125,862992
2024-01-26,29.414260864257812,33.849998474121094,33.9900016784668,33.22999954223633,33.470001220703125,788560
2024-01-29,29.588054656982422,34.04999923706055,34.099998474121094,33.27000045776367,33.79999923706055,807422
2024-01-30,29.0579891204834,33.439998626708984,34.0,33.33000183105469,34.0,876910
2024-01-31,29.257850646972656,33.66999816894531,33.68000030517578,33.119998931884766,33.52000045776367,1642667
2024-02-01,26.07746124267578,30.010000228881836,31.940000534057617,29.829999923706055,30.5,5256494
2024-02-02,25.851531982421875,29.75,30.450000762939453,29.40999984741211,30.110000610351562,2068970
2024-02-05,25.72987937927246,29.610000610351562,30.1299991607666,29.520000457763672,29.75,1105672
2024-02-06,25.6777400970459,29.549999237060547,29.799999237060547,29.280000686645508,29.709999084472656,1020962
2024-02-07,25.590845108032227,29.450000762939453,29.770000457763672,29.309999465942383,29.600000381469727,959808
2024-02-08,24.939125061035156,28.700000762939453,29.40999984741211,28.690000534057617,29.280000686645508,2097360
2024-02-09,25.39098358154297,29.219999313354492,29.290000915527344,28.540000915527344,28.6200008392334,1534413
2024-02-12,25.43443489074707,29.270000457763672,29.65999984741211,29.1200008392334,29.25,1101560
2024-02-13,25.034711837768555,28.809999465942383,29.290000915527344,28.709999084472656,29.280000686645508,1148690
2024-02-14,24.643678665161133,28.360000610351562,28.790000915527344,28.360000610351562,28.75,1010547
2024-02-15,24.886987686157227,28.639999389648438,28.719999313354492,28.329999923706055,28.360000610351562,905776
2024-02-16,25.121606826782227,28.90999984741211,29.06999969482422,28.65999984741211,28.75,924354
2024-02-19,25.260639190673828,29.06999969482422,29.09000015258789,28.75,28.90999984741211,503340
2024-02-20,25.495258331298828,29.34000015258789,29.56999969482422,28.93000030517578,29.06999969482422,880668
2024-02-21,25.451810836791992,29.290000915527344,29.540000915527344,29.15999984741211,29.209999084472656,593392
2024-02-22,25.44312286376953,29.280000686645508,29.75,29.260000228881836,29.549999237060547,982880
2024-02-23,25.851531982421875,29.75,29.860000610351562,29.25,29.309999465942383,996504
2024-02-26,25.62560272216797,29.489999771118164,30.0,29.479999542236328,29.709999084472656,852592
2024-02-27,26.56407928466797,30.56999969482422,30.600000381469727,29.65999984741211,29.790000915527344,1371602
2024-02-28,26.955108642578125,31.020000457763672,31.139999389648438,30.6200008392334,30.6200008392334,1104413
2024-02-29,26.876903533935547,30.93000030517578,31.059999465942383,30.674999237060547,30.889999389648438,1792288
2024-03-01,26.894285202026367,30.950000762939453,31.110000610351562,30.56999969482422,30.93000030517578,710279
2024-03-04,26.581457138061523,30.59000015258789,31.06999969482422,30.469999313354492,30.959999084472656,761779
2024-03-05,26.060081481933594,29.989999771118164,30.440000534057617,29.920000076293945,30.399999618530273,757883
2024-03-06,25.77332878112793,29.65999984741211,30.200000762939453,29.6200008392334,30.049999237060547,1127995
2024-03-07,26.659664154052734,30.68000030517578,30.739999771118164,29.34000015258789,29.59000015258789,1202892
2024-03-08,26.529321670532227,30.530000686645508,30.75,30.309999465942383,30.700000762939453,777486
2024-03-11,26.49456214904785,30.489999771118164,30.549999237060547,30.219999313354492,30.5,458886
2024-03-12,27.08545684814453,31.170000076293945,31.280000686645508,30.420000076293945,30.459999084472656,1060959
2024-03-13,26.086153030395508,30.020000457763672,31.510000228881836,30.020000457763672,31.18000030517578,2404468
2024-03-14,25.47787857055664,29.31999969482422,30.270000457763672,29.200000762939453,30.149999618530273,1871043
2024-03-15,25.460500717163086,29.299999237060547,29.790000915527344,29.299999237060547,29.389999389648438,2852299
2024-03-18,25.373605728149414,29.200000762939453,29.5,29.110000610351562,29.399999618530273,809045
2024-03-19,26.086153030395508,30.020000457763672,30.030000686645508,28.899999618530273,29.170000076293945,1061574
2024-03-20,25.868911743164062,29.770000457763672,30.18000030517578,29.219999313354492,30.0,942259
2024-03-21,26.642284393310547,30.65999984741211,30.719999313354492,30.0,30.0,1190351
2024-03-22,26.659664154052734,30.68000030517578,30.8700008392334,30.469999313354492,30.6299991607666,837929
2024-03-25,26.9898681640625,31.059999465942383,31.18000030517578,30.670000076293945,30.75,776914
2024-03-26,26.85952377319336,30.90999984741211,31.110000610351562,30.290000915527344,30.959999084472656,771036
2024-03-27,27.076763153076172,31.15999984741211,31.43000030517578,30.93000030517578,30.93000030517578,705456
2024-03-28,26.82476806640625,30.8700008392334,31.299999237060547,30.780000686645508,31.15999984741211,756148
2024-04-02,27.068077087402344,31.149999618530273,31.520000457763672,31.06999969482422,31.260000228881836,1149573
2024-04-03,27.154972076416016,31.25,31.760000228881836,31.18000030517578,31.260000228881836,1330629
2024-04-04,28.049999237060547,32.279998779296875,32.470001220703125,31.219999313354492,31.280000686645508,1849801
2024-04-05,28.414749145507812,31.940000534057617,32.06999969482422,31.309999465942383,31.31999969482422,1155594
2024-04-08,28.094480514526367,31.579999923706055,32.04999923706055,31.549999237060547,31.940000534057617,899743
2024-04-09,28.094480514526367,31.579999923706055,31.610000610351562,31.389999389648438,31.579999923706055,755998
2024-04-10,27.640769958496094,31.06999969482422,31.780000686645508,31.0,31.739999771118164,911576
2024-04-11,27.827590942382812,31.280000686645508,31.479999542236328,30.979999542236328,31.079999923706055,980086
2024-04-12,27.827590942382812,31.280000686645508,31.489999771118164,31.079999923706055,31.299999237060547,783540
2024-04-15,27.54290771484375,30.959999084472656,31.889999389648438,30.93000030517578,31.399999618530273,1204461
2024-04-16,27.55180549621582,30.969999313354492,31.209999084472656,30.549999237060547,30.709999084472656,832682
2024-04-17,27.61408233642578,31.040000915527344,31.420000076293945,30.84000015258789,30.959999084472656,776658
2024-04-18,27.756420135498047,31.200000762939453,31.290000915527344,30.90999984741211,31.040000915527344,810123
2024-04-19,28.468124389648438,32.0,32.0,31.1200008392334,31.1200008392334,1769733
2024-04-22,28.64605140686035,32.20000076293945,32.31999969482422,31.780000686645508,31.84000015258789,860099
2024-04-23,28.361366271972656,31.8799991607666,32.47999954223633,31.809999465942383,32.20000076293945,1088682
2024-04-24,28.50370979309082,32.040000915527344,32.209999084472656,31.700000762939453,31.950000762939453,984275
2024-04-25,28.957420349121094,32.54999923706055,34.560001373291016,32.13999938964844,33.63999938964844,2332372
2024-04-26,29.3399600982666,32.97999954223633,33.59000015258789,32.5,32.75,1156509
2024-04-29,29.411130905151367,33.060001373291016,33.20000076293945,32.7599983215332,33.099998474121094,852096
2024-04-30,29.28658103942871,32.91999816894531,33.06999969482422,32.68000030517578,33.060001373291016,1045510
2024-05-02,29.580163955688477,33.25,33.45000076293945,33.02000045776367,33.18000030517578,947618
2024-05-03,29.793670654296875,33.4900016784668,33.65999984741211,33.31999969482422,33.36000061035156,809883
2024-05-06,30.051660537719727,33.779998779296875,33.849998474121094,33.400001525878906,33.4900016784668,630866
2024-05-07,30.35413932800293,34.119998931884766,34.279998779296875,33.72999954223633,33.779998779296875,760017
2024-05-08,30.265174865722656,34.02000045776367,34.529998779296875,33.97999954223633,34.130001068115234,621550
2024-05-10,30.65660858154297,34.459999084472656,34.86000061035156,34.310001373291016,34.310001373291016,1085933
2024-05-13,30.514270782470703,34.29999923706055,34.4900016784668,34.20000076293945,34.459999084472656,519050
2024-05-14,30.80784797668457,34.630001068115234,34.95000076293945,34.279998779296875,34.29999923706055,628826
2024-05-15,30.834537506103516,34.65999984741211,35.4900016784668,34.599998474121094,34.63999938964844,1087134
2024-05-16,30.923494338989258,34.7599983215332,34.869998931884766,34.4900016784668,34.70000076293945,751576
2024-05-17,31.225975036621094,35.099998474121094,35.099998474121094,34.63999938964844,34.70000076293945,825200
2024-05-20,31.225975036621094,35.099998474121094,35.470001220703125,34.959999084472656,35.16999816894531,619858
2024-05-21,31.822025299072266,35.77000045776367,35.77000045776367,34.959999084472656,35.06999969482422,940606
2024-05-22,31.715272903442383,35.650001525878906,35.650001525878906,35.13999938964844,35.5,1117397
2024-05-23,31.33272933959961,35.220001220703125,35.72999954223633,35.060001373291016,35.56999969482422,708290
2024-05-24,31.225975036621094,35.099998474121094,35.20000076293945,34.79999923706055,35.060001373291016,503259
2024-05-27,31.128116607666016,34.9900016784668,35.099998474121094,34.630001068115234,35.06999969482422,334146
2024-05-28,31.24376106262207,35.119998931884766,35.119998931884766,34.65999984741211,35.0,664074
2024-05-29,30.950191497802734,34.790000915527344,35.029998779296875,34.34000015258789,34.939998626708984,968270
2024-05-30,31.225975036621094,35.099998474121094,35.189998626708984,34.439998626708984,34.52000045776367,638649
2024-05-31,31.270458221435547,35.150001525878906,35.29999923706055,34.84000015258789,35.09000015258789,2797194
2024-06-03,31.36831283569336,35.2599983215332,35.400001525878906,35.02000045776367,35.25,520783
2024-06-04,31.04804801940918,34.900001525878906,35.349998474121094,34.619998931884766,35.310001373291016,589096
2024-06-05,30.709991455078125,34.52000045776367,35.220001220703125,34.16999816894531,35.0099983215332,803468
2024-06-06,30.451995849609375,34.22999954223633,34.709999084472656,34.06999969482422,34.59000015258789,677780
2024-06-07,30.265174865722656,34.02000045776367,34.2599983215332,33.619998931884766,34.22999954223633,745333
2024-06-10,30.282968521118164,34.040000915527344,34.06999969482422,33.77000045776367,33.95000076293945,463210
2024-06-11,29.66912078857422,33.349998474121094,34.099998474121094,33.130001068115234,34.06999969482422,832044
2024-06-12,29.68691635131836,33.369998931884766,33.56999969482422,33.11000061035156,33.459999084472656,616074
2024-06-13,29.589054107666016,33.2599983215332,33.33000183105469,32.959999084472656,33.29999923706055,849105
2024-06-14,29.081966400146484,32.689998626708984,33.33000183105469,32.34000015258789,33.31999969482422,973462
2024-06-17,29.14423942565918,32.7599983215332,32.959999084472656,32.400001525878906,32.689998626708984,599947
2024-06-18,29.81146240234375,33.5099983215332,33.599998474121094,32.75,32.75,864820
2024-06-19,29.606849670410156,33.279998779296875,33.849998474121094,33.189998626708984,33.5099983215332,1482579
2024-06-20,30.20290184020996,33.95000076293945,33.95000076293945,33.22999954223633,33.279998779296875,3208745
2024-06-24,29.40223503112793,33.04999923706055,33.619998931884766,32.81999969482422,33.099998474121094,950258
2024-06-25,29.651330947875977,33.33000183105469,33.369998931884766,32.88999938964844,33.0,689936
2024-06-26,29.197622299194336,32.81999969482422,33.45000076293945,32.650001525878906,33.45000076293945,607263
2024-06-27,29.3399600982666,32.97999954223633,33.060001373291016,32.5099983215332,32.79999923706055,678734
2024-06-28,29.019695281982422,32.619998931884766,33.25,32.459999084472656,33.060001373291016,985901
2024-07-01,29.224306106567383,32.849998474121094,32.93000030517578,32.59000015258789,32.84000015258789,622338
2024-07-02,28.726116180419922,32.290000915527344,32.7599983215332,32.08000183105469,32.7599983215332,694044
2024-07-03,28.708322525024414,32.27000045776367,32.5,32.22999954223633,32.45000076293945,724563
2024-07-04,28.806184768676758,32.380001068115234,32.5099983215332,32.209999084472656,32.27000045776367,525600
2024-07-05,28.138961791992188,31.6299991607666,32.36000061035156,31.59000015258789,32.31999969482422,835803
2024-07-08,28.103376388549805,31.59000015258789,31.68000030517578,31.389999389648438,31.6299991607666,941292
2024-07-09,28.0233097076416,31.5,31.920000076293945,31.360000610351562,31.709999084472656,756867
2024-07-10,28.201234817504883,31.700000762939453,31.780000686645508,31.3700008392334,31.3700008392334,1161593
2024-07-11,28.005516052246094,31.479999542236328,31.8700008392334,31.25,31.8700008392334,489079
2024-07-12,28.076684951782227,31.559999465942383,31.770000457763672,31.309999465942383,31.540000915527344,673437
2024-07-15,27.969932556152344,31.440000534057617,31.610000610351562,31.260000228881836,31.559999465942383,611835
2024-07-16,27.898761749267578,31.360000610351562,31.520000457763672,31.149999618530273,31.469999313354492,806032
2024-07-17,27.836488723754883,31.290000915527344,31.489999771118164,30.989999771118164,31.399999618530273,623340
2024-07-18,27.685251235961914,31.1200008392334,31.31999969482422,31.020000457763672,31.280000686645508,1026651
2024-07-19,27.703041076660156,31.139999389648438,31.260000228881836,30.8799991607666,31.139999389648438,741388
2024-07-22,27.996620178222656,31.469999313354492,31.579999923706055,31.190000534057617,31.209999084472656,843311
2024-07-23,26.982444763183594,30.329999923706055,31.309999465942383,29.959999084472656,31.200000762939453,1936302
2024-07-24,26.831207275390625,30.15999984741211,30.3700008392334,29.829999923706055,30.299999237060547,1084202
2024-07-25,26.4842529296875,29.770000457763672,30.100000381469727,29.639999389648438,29.8799991607666,1518436
2024-07-26,26.679969787597656,29.989999771118164,30.149999618530273,29.600000381469727,29.75,911757
2024-07-29,26.875688552856445,30.209999084472656,30.420000076293945,30.010000228881836,30.030000686645508,684066
2024-07-30,26.831207275390625,30.15999984741211,30.329999923706055,30.049999237060547,30.299999237060547,776061
2024-07-31,27.160369873046875,30.530000686645508,30.690000534057617,30.329999923706055,30.40999984741211,1499985
2024-08-01,26.777830123901367,30.100000381469727,30.65999984741211,30.030000686645508,30.600000381469727,941516
2024-08-02,25.719173431396484,28.90999984741211,29.989999771118164,28.799999237060547,29.989999771118164,1591658
2024-08-05,25.229873657226562,28.360000610351562,28.600000381469727,27.920000076293945,28.229999542236328,1484719
2024-08-06,25.523454666137695,28.690000534057617,28.90999984741211,28.510000228881836,28.600000381469727,944465
2024-08-07,25.86151123046875,29.06999969482422,29.239999771118164,28.799999237060547,28.84000015258789,851713
2024-08-08,26.19957160949707,29.450000762939453,29.450000762939453,28.799999237060547,28.950000762939453,1326626
2024-08-09,26.404186248779297,29.68000030517578,29.809999465942383,29.40999984741211,29.579999923706055,1142243
2024-08-12,26.448667526245117,29.729999542236328,29.829999923706055,29.530000686645508,29.68000030517578,996167
2024-08-13,26.688867568969727,30.0,30.15999984741211,29.6299991607666,30.030000686645508,1314667
2024-08-14,26.493148803710938,29.780000686645508,30.1200008392334,29.739999771118164,30.030000686645508,611647
2024-08-15,26.822309494018555,30.149999618530273,30.389999389648438,29.860000610351562,29.860000610351562,657906
2024-08-16,26.929067611694336,30.270000457763672,30.270000457763672,30.06999969482422,30.15999984741211,465911
2024-08-19,27.17816162109375,30.549999237060547,30.600000381469727,30.200000762939453,30.270000457763672,502780
2024-08-20,27.462844848632812,30.8700008392334,31.0,30.6200008392334,30.6200008392334,687935
2024-08-21,27.480636596679688,30.889999389648438,31.049999237060547,30.799999237060547,30.8700008392334,482192
2024-08-22,27.062511444091797,30.420000076293945,30.799999237060547,30.350000381469727,30.739999771118164,562569
2024-08-23,27.293811798095703,30.68000030517578,30.809999465942383,30.479999542236328,30.5,522101
2024-08-26,27.489532470703125,30.899999618530273,31.0,30.31999969482422,30.350000381469727,460346
2024-08-27,26.973546981811523,30.31999969482422,31.06999969482422,30.31999969482422,30.8799991607666,951164
2024-08-28,26.893478393554688,30.229999542236328,30.440000534057617,30.139999389648438,30.31999969482422,839731
2024-08-29,26.94685935974121,30.290000915527344,30.6200008392334,30.25,30.25,829200
2024-08-30,27.204853057861328,30.579999923706055,30.709999084472656,30.309999465942383,30.309999465942383,1798261
2024-09-02,27.51622200012207,30.93000030517578,31.1299991607666,30.360000610351562,30.579999923706055,749142
2024-09-03,27.3649845123291,30.760000228881836,31.239999771118164,30.520000457763672,30.93000030517578,1084892
2024-09-04,26.786725997924805,30.110000610351562,30.3799991607666,30.110000610351562,30.25,833610
2024-09-05,26.35080909729004,29.6200008392334,30.479999542236328,29.43000030517578,30.110000610351562,820317
2024-09-06,26.0483341217041,29.280000686645508,29.670000076293945,29.040000915527344,29.6200008392334,915622
2024-09-09,25.745859146118164,28.940000534057617,29.479999542236328,28.93000030517578,29.280000686645508,689624
2024-09-10,25.843721389770508,29.049999237060547,29.270000457763672,28.940000534057617,28.950000762939453,817900
2024-09-11,25.576831817626953,28.75,29.18000030517578,28.65999984741211,29.049999237060547,1262784
2024-09-12,25.817031860351562,29.020000457763672,29.229999542236328,28.899999618530273,28.899999618530273,1025617
2024-09-13,26.066125869750977,29.299999237060547,29.3700008392334,29.059999465942383,29.059999465942383,1184499
2024-09-16,25.897098541259766,29.110000610351562,29.260000228881836,29.06999969482422,29.200000762939453,1142068
2024-09-17,26.181777954101562,29.43000030517578,29.510000228881836,29.010000228881836,29.049999237060547,1559078
2024-09-18,26.34191131591797,29.610000610351562,29.610000610351562,29.309999465942383,29.43000030517578,1280475
2024-09-19,26.564319610595703,29.860000610351562,30.40999984741211,29.81999969482422,29.81999969482422,1171771
2024-09-20,25.941577911376953,29.15999984741211,29.989999771118164,28.969999313354492,29.93000030517578,2683315
2024-09-23,26.0483341217041,29.280000686645508,29.3799991607666,28.979999542236328,29.15999984741211,1156243
2024-09-24,26.582111358642578,29.8799991607666,30.020000457763672,29.59000015258789,29.59000015258789,940966
2024-09-25,26.163984298706055,29.40999984741211,30.049999237060547,29.3700008392334,29.799999237060547,948375
2024-09-26,26.76003646850586,30.079999923706055,30.209999084472656,29.639999389648438,29.649999618530273,985434
2024-09-27,26.591005325317383,29.889999389648438,30.3799991607666,29.8700008392334,30.079999923706055,1230177
2024-09-30,26.751140594482422,30.06999969482422,30.290000915527344,29.760000228881836,29.920000076293945,935670
2024-10-01,26.72445297241211,30.040000915527344,30.420000076293945,29.75,30.049999237060547,861812
2024-10-02,26.69776153564453,30.010000228881836,30.1299991607666,29.829999923706055,30.100000381469727,438928
2024-10-03,26.466459274291992,29.75,30.270000457763672,29.639999389648438,29.899999618530273,1069261
2024-10-04,27.204853057861328,30.579999923706055,30.610000610351562,29.739999771118164,29.75,933368
2024-10-07,26.973546981811523,30.31999969482422,30.610000610351562,29.889999389648438,30.579999923706055,759325
2024-10-08,26.13729476928711,29.3799991607666,30.040000915527344,29.170000076293945,29.950000762939453,1303217
2024-10-09,26.4842529296875,29.770000457763672,29.770000457763672,29.3799991607666,29.3799991607666,833833
2024-10-10,26.324119567871094,29.59000015258789,29.719999313354492,29.209999084472656,29.719999313354492,733603
2024-10-11,26.86679458618164,30.200000762939453,30.260000228881836,29.59000015258789,29.59000015258789,888955
2024-10-14,26.51093864440918,29.799999237060547,30.200000762939453,29.440000534057617,30.200000762939453,1016389
2024-10-15,25.77254867553711,28.969999313354492,29.690000534057617,28.90999984741211,29.690000534057617,1179629
2024-10-16,24.93630027770996,28.030000686645508,29.329999923706055,27.459999084472656,28.940000534057617,2772716
2024-10-17,25.025259017944336,28.1299991607666,28.25,27.600000381469727,27.979999542236328,1125041
2024-10-18,25.496763229370117,28.65999984741211,28.809999465942383,28.1299991607666,28.1299991607666,1099267
2024-10-21,25.0964298248291,28.209999084472656,28.549999237060547,28.209999084472656,28.540000915527344,583561
2024-10-22,25.30104637145996,28.440000534057617,28.549999237060547,28.149999618530273,28.270000457763672,546429
2024-10-23,25.3099422454834,28.450000762939453,28.6200008392334,28.239999771118164,28.299999237060547,905157
2024-10-24,25.034156799316406,28.139999389648438,28.760000228881836,28.139999389648438,28.450000762939453,1008775
2024-10-25,25.76365089416504,28.959999084472656,29.040000915527344,28.18000030517578,28.18000030517578,1110904
2024-10-28,25.85261344909668,29.059999465942383,29.389999389648438,29.059999465942383,29.09000015258789,876995
2024-10-29,25.3099422454834,28.450000762939453,29.219999313354492,28.450000762939453,28.969999313354492,1103519
2024-10-30,24.84394645690918,27.190000534057617,27.969999313354492,27.139999389648438,27.709999084472656,2321018
2024-10-31,24.606380462646484,26.93000030517578,27.219999313354492,26.809999465942383,27.110000610351562,1561111
2024-11-01,24.71602439880371,27.049999237060547,27.18000030517578,26.93000030517578,26.979999542236328,704461
2024-11-04,24.533283233642578,26.850000381469727,27.239999771118164,26.799999237060547,27.049999237060547,820165
2024-11-05,24.734298706054688,27.06999969482422,27.149999618530273,26.889999389648438,26.889999389648438,751124
2024-11-06,24.158658981323242,26.440000534057617,27.440000534057617,26.329999923706055,27.06999969482422,1193031
2024-11-07,24.250032424926758,26.540000915527344,26.889999389648438,26.520000457763672,26.579999923706055,1318537
2024-11-08,23.975915908813477,26.239999771118164,26.600000381469727,26.219999313354492,26.5,1105996
2024-11-11,23.756624221801758,26.0,26.360000610351562,26.0,26.280000686645508,1466399
2024-11-12,22.925142288208008,25.09000015258789,25.8700008392334,25.09000015258789,25.8700008392334,1988567
2024-11-13,23.162708282470703,25.350000381469727,25.579999923706055,25.09000015258789,25.09000015258789,1317124
2024-11-14,23.665252685546875,25.899999618530273,26.110000610351562,25.6299991607666,25.920000076293945,1451333
2024-11-15,23.92109489440918,26.18000030517578,26.280000686645508,25.719999313354492,25.760000228881836,1488205
2024-11-18,23.692665100097656,25.93000030517578,26.239999771118164,25.899999618530273,26.1299991607666,957942
2024-11-19,23.40027618408203,25.610000610351562,26.290000915527344,25.43000030517578,26.059999465942383,884570
2024-11-20,23.171846389770508,25.360000610351562,25.860000610351562,25.260000228881836,25.649999618530273,1734730
2024-11-21,23.135297775268555,25.31999969482422,25.420000076293945,25.190000534057617,25.229999542236328,798482
2024-11-22,23.43682289123535,25.649999618530273,25.729999542236328,25.219999313354492,25.450000762939453,813440
2024-11-25,23.665252685546875,25.899999618530273,25.979999542236328,25.729999542236328,25.790000915527344,2017887
2024-11-26,23.053062438964844,25.229999542236328,25.780000686645508,25.209999084472656,25.770000457763672,794945
2024-11-27,22.852046966552734,25.010000228881836,25.25,24.93000030517578,25.200000762939453,959567
2024-11-28,22.89773178100586,25.059999465942383,25.1200008392334,24.8799991607666,25.059999465942383,504771
2024-11-29,22.751535415649414,24.899999618530273,25.139999389648438,24.780000686645508,25.059999465942383,2151802
2024-12-02,23.117023468017578,25.299999237060547,25.450000762939453,24.809999465942383,24.899999618530273,800808
2024-12-03,23.610429763793945,25.84000015258789,25.899999618530273,25.290000915527344,25.350000381469727,1340689
2024-12-04,23.857135772705078,26.110000610351562,26.350000381469727,25.639999389648438,25.850000381469727,1323783
2024-12-05,24.00333023071289,26.270000457763672,26.40999984741211,25.799999237060547,26.079999923706055,1371034
2024-12-09,24.48759651184082,26.799999237060547,27.030000686645508,26.639999389648438,26.920000076293945,1653597
2024-12-10,24.496734619140625,26.809999465942383,27.030000686645508,26.610000610351562,26.690000534057617,1304571
2024-12-11,24.61551856994629,26.940000534057617,27.040000915527344,26.5,26.75,1058381
2024-12-12,24.12211036682129,26.399999618530273,26.899999618530273,26.329999923706055,26.899999618530273,927042
2024-12-13,23.747488021850586,25.989999771118164,26.3799991607666,25.8799991607666,26.3799991607666,940909
2024-12-16,23.811447143554688,26.059999465942383,26.059999465942383,25.829999923706055,25.950000762939453,980325
2024-12-17,23.829721450805664,26.079999923706055,26.110000610351562,25.8700008392334,26.0,1444545
2024-12-18,23.546470642089844,25.770000457763672,26.020000457763672,25.43000030517578,26.010000228881836,1796172
2024-12-19,23.491647720336914,25.709999084472656,25.899999618530273,25.540000915527344,25.600000381469727,1427376
2024-12-20,23.445960998535156,25.65999984741211,25.760000228881836,25.360000610351562,25.600000381469727,3272344
2024-12-23,23.500782012939453,25.719999313354492,25.75,25.43000030517578,25.65999984741211,678415
2024-12-27,24.277442932128906,26.56999969482422,26.65999984741211,25.799999237060547,25.799999237060547,1239693
2024-12-30,24.2683048248291,26.559999465942383,26.780000686645508,26.43000030517578,26.5,1045678
2025-01-02,24.834810256958008,27.18000030517578,27.219999313354492,26.709999084472656,26.709999084472656,1390931
2025-01-03,24.542421340942383,26.860000610351562,27.270000457763672,26.84000015258789,27.18000030517578,787238
2025-01-07,24.999279022216797,27.360000610351562,27.790000915527344,27.059999465942383,27.15999984741211,1718594
2025-01-08,24.578969955444336,26.899999618530273,27.450000762939453,26.59000015258789,27.329999923706055,1033816
2025-01-09,24.84394645690918,27.190000534057617,27.34000015258789,26.860000610351562,26.899999618530273,522303
2025-01-10,24.56069564819336,26.8799991607666,27.75,26.8799991607666,27.25,602564
2025-01-13,24.825672149658203,27.170000076293945,27.25,26.8799991607666,26.8799991607666,753749
2025-01-14,24.423635482788086,26.729999542236328,27.280000686645508,26.510000228881836,27.219999313354492,1520083
2025-01-15,24.524145126342773,26.84000015258789,26.989999771118164,26.68000030517578,26.68000030517578,1302300
2025-01-16,24.36881446838379,26.670000076293945,26.969999313354492,26.600000381469727,26.959999084472656,1120237
2025-01-17,24.72516441345215,27.059999465942383,27.059999465942383,26.790000915527344,26.799999237060547,1232386
2025-01-20,24.633790969848633,26.959999084472656,27.049999237060547,26.799999237060547,27.010000228881836,546353
2025-01-21,24.597244262695312,26.920000076293945,26.959999084472656,26.700000762939453,26.959999084472656,570318
2025-01-22,24.834810256958008,27.18000030517578,27.239999771118164,26.790000915527344,26.920000076293945,1116438
2025-01-23,24.597244262695312,26.920000076293945,27.209999084472656,26.770000457763672,27.100000381469727,914894
2025-01-24,25.556644439697266,27.969999313354492,28.170000076293945,27.219999313354492,27.219999313354492,1927642
2025-01-27,25.501821517944336,27.90999984741211,28.239999771118164,27.670000076293945,27.670000076293945,841428
2025-01-28,25.58405876159668,28.0,28.020000457763672,27.670000076293945,27.920000076293945,982510
2025-01-29,25.821622848510742,28.260000228881836,28.489999771118164,27.899999618530273,28.040000915527344,1070334
2025-01-30,25.876445770263672,28.31999969482422,28.530000686645508,28.219999313354492,28.260000228881836,1083566
2025-01-31,25.949541091918945,28.399999618530273,28.459999084472656,28.040000915527344,28.25,1452796
2025-02-03,25.48354721069336,27.889999389648438,28.18000030517578,27.729999542236328,27.899999618530273,1170613
2025-02-04,25.52923583984375,27.940000534057617,28.049999237060547,27.510000228881836,27.889999389648438,1088767
2025-02-05,25.03582763671875,27.399999618530273,29.030000686645508,27.040000915527344,28.729999542236328,2708440
2025-02-06,26.159698486328125,28.6299991607666,28.690000534057617,27.280000686645508,27.450000762939453,1979335
2025-02-07,25.456138610839844,27.860000610351562,28.700000762939453,27.719999313354492,28.6299991607666,1041004
2025-02-10,25.14547348022461,27.520000457763672,27.90999984741211,27.510000228881836,27.84000015258789,802131
2025-02-11,24.7617130279541,27.100000381469727,27.440000534057617,26.780000686645508,27.40999984741211,1710535
2025-02-12,25.44700050354004,27.850000381469727,28.0,27.18000030517578,27.81999969482422,1810975
2025-02-13,26.077463150024414,28.540000915527344,28.559999465942383,27.93000030517578,27.950000762939453,1937957
2025-02-14,26.918081283569336,29.459999084472656,29.899999618530273,28.350000381469727,28.479999542236328,1646778
2025-02-17,27.17392349243164,29.739999771118164,30.06999969482422,29.34000015258789,29.399999618530273,1269532
2025-02-18,27.05514144897461,29.610000610351562,29.780000686645508,29.459999084472656,29.700000762939453,903976
2025-02-19,26.735340118408203,29.260000228881836,29.90999984741211,29.010000228881836,29.610000610351562,1174933
2025-02-20,26.72620391845703,29.25,29.639999389648438,29.020000457763672,29.110000610351562,930783
2025-02-21,26.680517196655273,29.200000762939453,29.75,29.200000762939453,29.280000686645508,1198355
2025-02-24,26.826711654663086,29.360000610351562,29.770000457763672,29.15999984741211,29.610000610351562,691876
2025-02-25,26.525184631347656,29.030000686645508,29.489999771118164,29.030000686645508,29.229999542236328,940660
2025-02-26,26.30589485168457,28.790000915527344,29.299999237060547,28.59000015258789,29.200000762939453,1372443
2025-02-27,26.022640228271484,28.479999542236328,28.719999313354492,28.280000686645508,28.59000015258789,1235633
2025-02-28,25.711977005004883,28.139999389648438,28.270000457763672,27.8700008392334,28.200000762939453,2215137
2025-03-03,25.849035263061523,28.290000915527344,28.43000030517578,27.829999923706055,28.219999313354492,571455
2025-03-04,25.3099422454834,27.700000762939453,28.110000610351562,27.510000228881836,28.0,1615865
2025-03-05,25.629741668701172,28.049999237060547,28.6299991607666,28.010000228881836,28.100000381469727,1179075
2025-03-06,26.287620544433594,28.770000457763672,28.850000381469727,28.209999084472656,28.350000381469727,1522231
2025-03-07,26.059188842773438,28.520000457763672,28.649999618530273,28.1200008392334,28.600000381469727,942616
2025-03-10,25.73025131225586,28.15999984741211,28.639999389648438,28.15999984741211,28.600000381469727,1089453
2025-03-11,25.410451889038086,27.809999465942383,28.780000686645508,27.760000228881836,28.200000762939453,1130499
2025-03-12,25.163747787475586,27.540000915527344,27.989999771118164,27.170000076293945,27.969999313354492,1591022
2025-03-13,24.944456100463867,27.299999237060547,27.440000534057617,27.1200008392334,27.299999237060547,1024434
2025-03-14,25.09065055847168,27.459999084472656,27.520000457763672,26.979999542236328,27.360000610351562,1493432
2025-03-17,25.227706909179688,27.610000610351562,27.84000015258789,27.5,27.530000686645508,996966
2025-03-18,24.84394645690918,27.190000534057617,27.770000457763672,27.139999389648438,27.6299991607666,1256014
2025-03-19,24.95359230041504,27.309999465942383,27.420000076293945,27.040000915527344,27.100000381469727,1547616
2025-03-20,24.907907485961914,27.260000228881836,27.489999771118164,27.040000915527344,27.309999465942383,1484265
2025-03-21,24.204345703125,26.489999771118164,27.299999237060547,26.469999313354492,27.049999237060547,2496947
2025-03-24,23.985055923461914,26.25,26.719999313354492,26.06999969482422,26.670000076293945,1281117
2025-03-25,23.939369201660156,26.200000762939453,26.479999542236328,26.18000030517578,26.329999923706055,781797
2025-03-26,23.747488021850586,25.989999771118164,26.31999969482422,25.979999542236328,26.260000228881836,1171164
2025-03-27,23.573881149291992,25.799999237060547,26.010000228881836,25.719999313354492,25.850000381469727,1179947
2025-03-28,23.762096405029297,25.25,25.579999923706055,25.049999237060547,25.049999237060547,1209598
2025-03-31,23.2445068359375,24.700000762939453,25.0,24.549999237060547,25.0,1839741
2025-04-01,23.715044021606445,25.200000762939453,25.360000610351562,24.520000457763672,24.920000076293945,1754347
2025-04-02,23.545650482177734,25.020000457763672,25.200000762939453,24.899999618530273,25.030000686645508,1159708
2025-04-03,23.103343963623047,24.549999237060547,24.889999389648438,24.3700008392334,24.5,1935824
2025-04-04,22.09639549255371,23.479999542236328,24.450000762939453,22.940000534057617,24.290000915527344,1792546
2025-04-07,21.719966888427734,23.079999923706055,23.850000381469727,21.93000030517578,22.020000457763672,1974873
2025-04-08,21.68232536315918,23.040000915527344,23.579999923706055,22.989999771118164,23.170000076293945,1823922
2025-04-09,20.807126998901367,22.110000610351562,22.43000030517578,21.81999969482422,22.100000381469727,1943007
2025-04-10,21.249431610107422,22.579999923706055,24.0,22.479999542236328,23.850000381469727,1804786
2025-04-11,21.30589485168457,22.639999389648438,22.799999237060547,22.059999465942383,22.799999237060547,1691216
2025-04-14,21.785842895507812,23.149999618530273,23.239999771118164,22.940000534057617,23.1200008392334,1728970
2025-04-15,21.823486328125,23.190000534057617,23.3799991607666,23.030000686645508,23.190000534057617,1115440
2025-04-16,21.4188232421875,22.760000228881836,23.110000610351562,22.530000686645508,22.950000762939453,1696575
2025-04-17,21.400001525878906,22.739999771118164,22.940000534057617,22.549999237060547,22.709999084472656,874833
2025-04-22,21.625858306884766,22.979999542236328,22.979999542236328,22.420000076293945,22.700000762939453,1112687
2025-04-23,21.889360427856445,23.260000228881836,23.579999923706055,23.170000076293945,23.209999084472656,1289400
2025-04-24,22.02111053466797,23.399999618530273,23.959999084472656,23.0,23.8700008392334,2336983
2025-04-25,21.823486328125,23.190000534057617,23.579999923706055,22.809999465942383,23.479999542236328,1915764
2025-04-28,22.16227149963379,23.549999237060547,23.639999389648438,22.989999771118164,23.1200008392334,1241057
2025-04-29,21.84230613708496,23.209999084472656,23.700000762939453,23.079999923706055,23.5,1813597
2025-04-30,21.945823669433594,23.31999969482422,23.600000381469727,23.010000228881836,23.200000762939453,1920570
2025-05-02,22.04934310913086,23.43000030517578,24.020000457763672,23.34000015258789,23.65999984741211,954432
2025-05-05,22.011699676513672,23.389999389648438,23.510000228881836,23.309999465942383,23.43000030517578,475747
2025-05-06,21.672914505004883,23.030000686645508,23.479999542236328,22.940000534057617,23.450000762939453,927783
2025-05-07,21.84230613708496,23.209999084472656,23.549999237060547,22.940000534057617,22.969999313354492,1151261
2025-05-08,22.10580825805664,23.489999771118164,23.639999389648438,23.209999084472656,23.280000686645508,808593
2025-05-09,22.444595336914062,23.850000381469727,23.959999084472656,23.43000030517578,23.56999969482422,967711
2025-05-12,23.564472198486328,25.040000915527344,25.18000030517578,24.110000610351562,24.110000610351562,1552547
2025-05-13,23.762096405029297,25.25,25.299999237060547,24.989999771118164,25.020000457763672,1271102
2025-05-14,23.630346298217773,25.110000610351562,25.229999542236328,24.90999984741211,25.190000534057617,1413395
2025-05-15,23.51741600036621,24.989999771118164,25.059999465942383,24.65999984741211,24.959999084472656,1207144
2025-05-16,23.451541900634766,24.920000076293945,25.079999923706055,24.719999313354492,25.040000915527344,1192639
2025-05-19,23.235095977783203,24.690000534057617,25.0,24.479999542236328,24.799999237060547,795523
2025-05-20,23.752685546875,25.239999771118164,25.489999771118164,24.6200008392334,24.690000534057617,1068940
2025-05-21,23.715044021606445,25.200000762939453,25.329999923706055,24.93000030517578,25.239999771118164,708361
2025-05-22,23.508007049560547,24.979999542236328,25.75,24.84000015258789,25.200000762939453,1191351
2025-05-23,23.140987396240234,24.59000015258789,25.34000015258789,24.190000534057617,24.989999771118164,1299512
2025-05-26,23.26332664489746,24.719999313354492,24.93000030517578,24.639999389648438,24.799999237060547,460432
2025-05-27,23.38566780090332,24.850000381469727,25.059999465942383,24.600000381469727,24.719999313354492,902133
2025-05-28,23.235095977783203,24.690000534057617,24.899999618530273,24.549999237060547,24.790000915527344,663028
2025-05-30,22.95277214050293,24.389999389648438,24.81999969482422,24.389999389648438,24.579999923706055,2137215
2025-06-02,22.47282600402832,23.8799991607666,24.420000076293945,23.8799991607666,24.18000030517578,1660339
2025-06-03,22.397539138793945,23.799999237060547,23.93000030517578,23.56999969482422,23.899999618530273,975026
2025-06-04,22.510469436645508,23.920000076293945,24.170000076293945,23.790000915527344,23.829999923706055,586296
2025-06-05,22.548110961914062,23.959999084472656,24.049999237060547,23.6200008392334,23.950000762939453,789906
2025-06-06,22.27520179748535,23.670000076293945,23.959999084472656,23.549999237060547,23.959999084472656,602072
2025-06-09,22.519880294799805,23.93000030517578,23.93000030517578,23.59000015258789,23.670000076293945,635972
2025-06-10,22.708093643188477,24.1299991607666,24.1299991607666,23.829999923706055,23.969999313354492,819705
2025-06-11,22.35989761352539,23.760000228881836,24.18000030517578,23.760000228881836,24.149999618530273,1003207
2025-06-12,22.10580825805664,23.489999771118164,23.760000228881836,23.1299991607666,23.709999084472656,1456899
2025-06-13,21.68232536315918,23.040000915527344,23.280000686645508,22.889999389648438,23.049999237060547,1085108
2025-06-16,21.738788604736328,23.100000381469727,23.389999389648438,22.979999542236328,23.020000457763672,1247153
2025-06-17,21.672914505004883,23.030000686645508,23.309999465942383,22.940000534057617,23.1299991607666,1123638
2025-06-18,21.84230613708496,23.209999084472656,23.209999084472656,22.959999084472656,23.0,1389180
2025-06-19,22.19050407409668,23.579999923706055,23.670000076293945,23.25,23.299999237060547,4202642
2025-06-23,21.691734313964844,23.049999237060547,23.59000015258789,22.8700008392334,23.579999923706055,1124509
2025-06-24,21.738788604736328,23.100000381469727,23.309999465942383,22.989999771118164,23.239999771118164,1218937
2025-06-25,21.230609893798828,22.559999465942383,23.079999923706055,22.440000534057617,23.079999923706055,1489411
2025-06-26,21.87053871154785,23.239999771118164,23.239999771118164,22.6200008392334,22.6299991607666,1361918
2025-06-27,22.181093215942383,23.56999969482422,23.600000381469727,23.290000915527344,23.360000610351562,1139037
2025-06-30,21.795251846313477,23.15999984741211,23.65999984741211,23.110000610351562,23.6200008392334,1368728
2025-07-01,21.691734313964844,23.049999237060547,23.260000228881836,22.860000610351562,23.15999984741211,785230
2025-07-02,22.811613082885742,24.239999771118164,24.309999465942383,23.079999923706055,23.229999542236328,1758199
2025-07-03,22.576345443725586,23.989999771118164,24.479999542236328,23.90999984741211,24.389999389648438,817473
2025-07-04,22.27520179748535,23.670000076293945,23.81999969482422,23.559999465942383,23.809999465942383,674209
2025-07-07,22.039932250976562,23.420000076293945,23.579999923706055,23.309999465942383,23.5,1109465
2025-07-08,22.3316650390625,23.729999542236328,23.770000457763672,23.329999923706055,23.420000076293945,1075648
2025-07-09,22.47282600402832,23.8799991607666,23.979999542236328,23.59000015258789,23.770000457763672,1022757
2025-07-10,22.877487182617188,24.309999465942383,24.940000534057617,23.969999313354492,23.969999313354492,1567457
2025-07-11,22.623397827148438,24.040000915527344,24.270000457763672,23.899999618530273,24.270000457763672,692673
2025-07-14,22.444595336914062,23.850000381469727,24.040000915527344,23.739999771118164,23.90999984741211,585515
2025-07-15,22.491647720336914,23.899999618530273,24.229999542236328,23.8799991607666,23.8799991607666,740243
2025-07-16,22.454004287719727,23.860000610351562,23.979999542236328,23.739999771118164,23.850000381469727,551954
2025-07-17,22.077573776245117,23.459999084472656,24.270000457763672,23.420000076293945,23.959999084472656,942463
2025-07-18,21.785842895507812,23.149999618530273,23.530000686645508,23.079999923706055,23.520000457763672,960544
2025-07-21,22.030521392822266,23.40999984741211,23.690000534057617,23.229999542236328,23.229999542236328,782376
2025-07-22,22.058753967285156,23.440000534057617,23.540000915527344,23.15999984741211,23.43000030517578,584801
2025-07-23,22.491647720336914,23.899999618530273,24.139999389648438,23.770000457763672,23.770000457763672,1645237
2025-07-24,22.322254180908203,23.719999313354492,24.309999465942383,23.100000381469727,23.5,2042636
2025-07-25,23.07511329650879,24.520000457763672,24.739999771118164,23.719999313354492,23.719999313354492,1819537
2025-07-28,22.990415573120117,24.43000030517578,24.93000030517578,24.15999984741211,24.920000076293945,1001657
2025-07-29,23.2445068359375,24.700000762939453,24.700000762939453,23.93000030517578,24.389999389648438,446083
2025-07-30,22.265789031982422,23.65999984741211,24.1299991607666,23.65999984741211,24.040000915527344,939932
2025-07-31,21.409414291381836,22.75,23.559999465942383,22.75,23.489999771118164,2322391
2025-08-01,21.17414665222168,22.5,22.81999969482422,22.469999313354492,22.799999237060547,1187671
2025-08-04,21.089448928833008,22.40999984741211,22.610000610351562,22.260000228881836,22.530000686645508,1123608
2025-08-05,21.4188232421875,22.760000228881836,22.780000686645508,22.5,22.510000228881836,745467
2025-08-06,21.861127853393555,23.229999542236328,23.389999389648438,22.790000915527344,22.790000915527344,1582273
2025-08-07,22.698684692382812,24.1200008392334,24.31999969482422,23.239999771118164,23.239999771118164,1308948
2025-08-08,23.07511329650879,24.520000457763672,24.579999923706055,24.229999542236328,24.229999542236328,1008748
2025-08-11,22.75514793395996,24.18000030517578,24.649999618530273,24.170000076293945,24.559999465942383,1135826
2025-08-12,22.661041259765625,24.079999923706055,24.270000457763672,23.770000457763672,24.18000030517578,903164
2025-08-13,22.708093643188477,24.1299991607666,24.25,23.959999084472656,24.149999618530273,468193
2025-08-14,22.548110961914062,23.959999084472656,24.209999084472656,23.8799991607666,24.149999618530273,680900
2025-08-15,22.67986297607422,24.100000381469727,24.350000381469727,24.059999465942383,24.100000381469727,545011
2025-08-18,22.42577362060547,23.829999923706055,24.100000381469727,23.799999237060547,24.100000381469727,663837
2025-08-19,23.17862892150879,24.6299991607666,24.649999618530273,23.950000762939453,23.950000762939453,1054626
2025-08-20,23.12216567993164,24.56999969482422,24.670000076293945,24.450000762939453,24.600000381469727,453368
2025-08-21,23.159809112548828,24.610000610351562,24.670000076293945,24.280000686645508,24.56999969482422,747011
2025-08-22,23.856203079223633,25.350000381469727,25.440000534057617,24.639999389648438,24.700000762939453,1087779
2025-08-25,23.88443374633789,25.3799991607666,25.559999465942383,25.260000228881836,25.329999923706055,575278
2025-08-26,23.818559646606445,25.309999465942383,25.559999465942383,25.200000762939453,25.3799991607666,1537742
2025-08-27,23.338613510131836,24.799999237060547,25.520000457763672,24.799999237060547,25.309999465942383,836894
2025-08-28,23.112754821777344,24.559999465942383,25.09000015258789,24.559999465942383,24.8799991607666,897254
2025-08-29,22.89630889892578,24.329999923706055,24.530000686645508,24.0,24.200000762939453,1050322
2025-09-01,22.93395233154297,24.3700008392334,24.68000030517578,24.309999465942383,24.3700008392334,511672
2025-09-02,22.42577362060547,23.829999923706055,24.489999771118164,23.829999923706055,24.3700008392334,828687
2025-09-03,22.303434371948242,23.700000762939453,24.049999237060547,23.6200008392334,23.90999984741211,973460
2025-09-04,22.143451690673828,23.530000686645508,24.200000762939453,23.530000686645508,23.809999465942383,858798
2025-09-05,22.388132095336914,23.790000915527344,24.1299991607666,23.6299991607666,23.6299991607666,702568
2025-09-08,22.397539138793945,23.799999237060547,23.959999084472656,23.56999969482422,23.84000015258789,855112
2025-09-09,22.09639549255371,23.479999542236328,24.09000015258789,23.440000534057617,23.8799991607666,1003582
2025-09-10,21.832897186279297,23.200000762939453,23.65999984741211,23.09000015258789,23.549999237060547,853327
2025-09-11,21.832897186279297,23.200000762939453,23.350000381469727,23.040000915527344,23.25,851699
2025-09-12,21.76702117919922,23.1299991607666,23.3799991607666,22.989999771118164,23.290000915527344,1518422
2025-09-15,21.84230613708496,23.209999084472656,23.56999969482422,23.1200008392334,23.18000030517578,980275
2025-09-16,22.3316650390625,23.729999542236328,23.860000610351562,23.200000762939453,23.239999771118164,1603897
2025-09-17,22.152862548828125,23.540000915527344,23.969999313354492,23.469999313354492,23.700000762939453,1352304
2025-09-18,21.6164493560791,22.969999313354492,23.59000015258789,22.940000534057617,23.510000228881836,1414793
2025-09-19,21.550573348999023,22.899999618530273,23.329999923706055,22.899999618530273,22.979999542236328,3345281
2025-09-22,21.832897186279297,23.200000762939453,23.329999923706055,22.969999313354492,23.030000686645508,957805
2025-09-23,22.16227149963379,23.549999237060547,24.1299991607666,23.06999969482422,23.079999923706055,1201217
2025-09-24,21.889360427856445,23.260000228881836,23.540000915527344,23.139999389648438,23.540000915527344,666962
2025-09-25,21.691734313964844,23.049999237060547,23.459999084472656,22.989999771118164,23.239999771118164,623855
2025-09-26,21.785842895507812,23.149999618530273,23.270000457763672,23.06999969482422,23.079999923706055,537296
2025-09-29,21.974058151245117,23.350000381469727,23.510000228881836,23.1200008392334,23.200000762939453,644485
2025-09-30,21.898773193359375,23.270000457763672,23.3799991607666,22.8799991607666,23.309999465942383,1487699
2025-10-01,22.152862548828125,23.540000915527344,23.790000915527344,23.200000762939453,23.270000457763672,1132601
2025-10-02,22.124629974365234,23.510000228881836,23.799999237060547,23.239999771118164,23.700000762939453,568477
2025-10-03,22.21873664855957,23.610000610351562,23.739999771118164,23.3799991607666,23.56999969482422,597863
2025-10-06,21.324718475341797,22.65999984741211,23.3700008392334,22.530000686645508,23.360000610351562,2011909
2025-10-07,21.023574829101562,22.34000015258789,22.6200008392334,22.260000228881836,22.299999237060547,1335627
2025-10-08,20.79771614074707,22.100000381469727,22.350000381469727,22.020000457763672,22.270000457763672,1672388
2025-10-09,20.920055389404297,22.229999542236328,22.440000534057617,22.020000457763672,22.06999969482422,948702
2025-10-10,20.56244659423828,21.850000381469727,22.329999923706055,21.729999542236328,22.209999084472656,1437652
2025-10-13,20.67537498474121,21.969999313354492,21.969999313354492,21.719999313354492,21.780000686645508,899425
2025-10-14,20.62832260131836,21.920000076293945,22.079999923706055,21.84000015258789,21.899999618530273,723171
2025-10-15,20.825946807861328,22.1299991607666,22.200000762939453,21.959999084472656,22.0,700188
2025-10-16,20.647144317626953,21.940000534057617,22.1299991607666,21.760000228881836,22.1299991607666,1160387
2025-10-17,20.957698822021484,22.270000457763672,22.270000457763672,21.75,21.860000610351562,1503978
2025-10-20,21.127092361450195,22.450000762939453,22.450000762939453,22.1200008392334,22.25,1040972
2025-10-21,21.183555603027344,22.510000228881836,22.510000228881836,22.239999771118164,22.399999618530273,824944
2025-10-22,21.268253326416016,22.600000381469727,22.690000534057617,22.34000015258789,22.520000457763672,761993
2025-10-23,21.889360427856445,23.260000228881836,23.299999237060547,22.719999313354492,22.719999313354492,1612831
2025-10-24,22.27520179748535,23.670000076293945,23.68000030517578,23.200000762939453,23.350000381469727,1247164
2025-10-27,22.171682357788086,23.559999465942383,23.84000015258789,23.43000030517578,23.700000762939453,1214353
2025-10-28,22.115217208862305,23.5,23.59000015258789,23.31999969482422,23.510000228881836,1085079
2025-10-29,22.143451690673828,23.530000686645508,23.639999389648438,22.75,23.190000534057617,2344904
2025-10-30,22.40590476989746,23.049999237060547,23.110000610351562,22.6200008392334,22.790000915527344,1727570
2025-10-31,22.629478454589844,23.280000686645508,23.510000228881836,23.030000686645508,23.040000915527344,1675120
2025-11-03,22.493389129638672,23.139999389648438,23.530000686645508,23.049999237060547,23.15999984741211,1629062
2025-11-04,22.541994094848633,23.190000534057617,23.229999542236328,22.780000686645508,23.030000686645508,1069832
2025-11-05,22.503110885620117,23.149999618530273,23.290000915527344,22.799999237060547,22.889999389648438,1002008
2025-11-06,22.668359756469727,23.31999969482422,23.549999237060547,23.149999618530273,23.149999618530273,886981
2025-11-07,22.192052841186523,22.829999923706055,23.1299991607666,22.510000228881836,22.729999542236328,1495019
2025-11-10,22.89193344116211,23.549999237060547,23.81999969482422,23.1299991607666,23.280000686645508,1706368
2025-11-11,23.484888076782227,24.15999984741211,24.15999984741211,23.600000381469727,23.600000381469727,1172998
2025-11-12,23.65985870361328,24.34000015258789,24.43000030517578,24.09000015258789,24.200000762939453,1098631
2025-11-13,23.582094192504883,24.260000228881836,24.6200008392334,24.229999542236328,24.3700008392334,1061311
2025-11-14,23.280757904052734,23.950000762939453,24.600000381469727,23.799999237060547,24.209999084472656,1534074
2025-11-17,22.92109489440918,23.579999923706055,23.959999084472656,23.469999313354492,23.940000534057617,728834
2025-11-18,22.182331085205078,22.81999969482422,23.329999923706055,22.81999969482422,23.309999465942383,1155545
2025-11-19,22.590595245361328,23.239999771118164,23.459999084472656,22.739999771118164,22.889999389648438,955116
2025-11-20,22.182331085205078,22.81999969482422,23.450000762939453,22.81999969482422,23.3799991607666,883775
2025-11-21,22.269817352294922,22.90999984741211,23.06999969482422,22.329999923706055,22.3799991607666,1017510
2025-11-24,22.39618492126465,23.040000915527344,23.170000076293945,22.760000228881836,23.010000228881836,2788555
2025-11-25,22.687801361083984,23.34000015258789,23.489999771118164,22.90999984741211,23.040000915527344,897891
2025-11-26,22.746124267578125,23.399999618530273,23.520000457763672,23.18000030517578,23.3700008392334,1009002
2025-11-27,22.930816650390625,23.59000015258789,23.6299991607666,23.3799991607666,23.40999984741211,430471
2025-11-28,22.853052139282227,23.510000228881836,23.75,23.450000762939453,23.6299991607666,754569
2025-12-01,22.746124267578125,23.399999618530273,23.520000457763672,23.299999237060547,23.5,537440
2025-12-02,22.580875396728516,23.229999542236328,23.559999465942383,23.200000762939453,23.5,677928
2025-12-03,22.97941780090332,23.639999389648438,24.079999923706055,23.280000686645508,23.280000686645508,1267123
2025-12-04,23.79594612121582,24.479999542236328,24.790000915527344,23.610000610351562,23.700000762939453,2853409
2025-12-05,23.562652587890625,24.239999771118164,24.459999084472656,24.040000915527344,24.239999771118164,1133332
2025-12-08,23.504329681396484,24.18000030517578,24.229999542236328,23.920000076293945,24.1200008392334,865408
2025-12-09,23.25159454345703,23.920000076293945,24.190000534057617,23.799999237060547,24.1299991607666,1321473
2025-12-10,23.309917449951172,23.979999542236328,23.979999542236328,23.489999771118164,23.90999984741211,972873
2025-12-11,23.037742614746094,23.700000762939453,24.25,23.700000762939453,24.0,1519711
2025-12-12,23.115507125854492,23.780000686645508,23.959999084472656,23.600000381469727,23.799999237060547,1351981
2025-12-15,22.959978103637695,23.6200008392334,24.020000457763672,23.59000015258789,23.760000228881836,890436
2025-12-16,23.144668579101562,23.809999465942383,24.010000228881836,23.6299991607666,23.809999465942383,1487330
2025-12-17,23.202993392944336,23.8700008392334,23.93000030517578,23.549999237060547,23.739999771118164,983272
2025-12-18,23.47516632080078,24.149999618530273,24.149999618530273,23.770000457763672,23.850000381469727,1648217
2025-12-19,23.377960205078125,24.049999237060547,24.31999969482422,23.899999618530273,24.149999618530273,3412906
2025-12-22,23.377960205078125,24.049999237060547,24.06999969482422,23.8700008392334,24.049999237060547,681382
2025-12-23,23.38768196105957,24.059999465942383,24.270000457763672,23.950000762939453,24.049999237060547,641434
2025-12-29,23.980636596679688,24.670000076293945,24.760000228881836,24.100000381469727,24.100000381469727,838637
2025-12-30,24.0972843170166,24.790000915527344,24.93000030517578,24.670000076293945,24.670000076293945,745201
2026-01-02,24.437503814697266,25.139999389648438,25.299999237060547,24.8700008392334,24.899999618530273,738632
2026-01-05,24.136165618896484,24.829999923706055,25.389999389648438,24.559999465942383,25.31999969482422,757506
2026-01-07,24.155607223510742,24.850000381469727,25.59000015258789,24.770000457763672,24.8799991607666,1184171
2026-01-08,23.727901458740234,24.40999984741211,24.850000381469727,23.8799991607666,24.850000381469727,1055664
2026-01-09,23.96119499206543,24.649999618530273,24.719999313354492,24.420000076293945,24.549999237060547,905184
2026-01-12,23.941753387451172,24.6299991607666,24.75,24.350000381469727,24.719999313354492,692615
2026-01-13,24.029239654541016,24.719999313354492,25.079999923706055,24.59000015258789,24.709999084472656,989599
2026-01-14,23.990358352661133,24.68000030517578,24.84000015258789,24.25,24.799999237060547,1705682
2026-01-15,23.932035446166992,24.6200008392334,24.6200008392334,24.260000228881836,24.610000610351562,1198829
2026-01-16,23.970916748046875,24.65999984741211,24.670000076293945,24.360000610351562,24.65999984741211,1125468
2026-01-19,23.46544647216797,24.139999389648438,24.399999618530273,24.010000228881836,24.399999618530273,850072
2026-01-20,22.63920021057129,23.290000915527344,24.079999923706055,23.049999237060547,24.0,2144120
2026-01-21,23.10578727722168,23.770000457763672,24.059999465942383,23.229999542236328,23.290000915527344,1574982
2026-01-22,23.73762321472168,24.420000076293945,24.450000762939453,23.950000762939453,23.950000762939453,949956
2026-01-23,23.455724716186523,24.1299991607666,24.3799991607666,24.0,24.3799991607666,961938
2026-01-26,23.533489227294922,24.209999084472656,24.549999237060547,24.1299991607666,24.200000762939453,863406
2026-01-27,23.533489227294922,24.209999084472656,24.3799991607666,24.100000381469727,24.270000457763672,1010835
2026-01-28,23.543210983276367,24.219999313354492,24.350000381469727,23.959999084472656,24.290000915527344,955272
2026-01-29,23.22243309020996,23.889999389648438,24.31999969482422,23.739999771118164,24.219999313354492,447407
2026-01-30,22.716964721679688,23.3700008392334,23.700000762939453,23.170000076293945,23.700000762939453,1470512
2026-02-02,22.86277198791504,23.520000457763672,23.649999618530273,23.15999984741211,23.299999237060547,940040
2026-02-03,23.076623916625977,23.739999771118164,23.889999389648438,23.479999542236328,23.549999237060547,1232695
2026-02-04,24.524988174438477,25.229999542236328,25.520000457763672,23.530000686645508,24.079999923706055,2672069
2026-02-05,24.71940040588379,25.43000030517578,25.43000030517578,24.760000228881836,25.229999542236328,1574731
2026-02-06,24.49582862854004,25.200000762939453,25.229999542236328,24.75,25.229999542236328,892412
2026-02-09,24.904090881347656,25.6200008392334,25.6200008392334,25.299999237060547,25.34000015258789,914075
2026-02-10,25.603971481323242,26.34000015258789,26.459999084472656,25.790000915527344,25.790000915527344,1497076
2026-02-11,26.84820556640625,27.6200008392334,27.6200008392334,26.440000534057617,26.479999542236328,2593064
2026-02-12,26.974571228027344,27.75,27.940000534057617,27.5,27.700000762939453,2082911
2026-02-13,26.789880752563477,27.559999465942383,27.850000381469727,26.979999542236328,27.68000030517578,1398912
2026-02-16,26.206645965576172,26.959999084472656,27.59000015258789,26.81999969482422,27.559999465942383,1142409
2026-02-17,26.352455139160156,27.110000610351562,27.1299991607666,26.81999969482422,27.0,826548
2026-02-18,26.323293685913086,27.079999923706055,27.31999969482422,26.940000534057617,27.1299991607666,812759
2026-02-19,26.138601303100586,26.889999389648438,27.1200008392334,26.670000076293945,27.0,641741
2026-02-20,26.22608757019043,26.979999542236328,27.1299991607666,26.670000076293945,27.0,1494355
2026-02-23,26.060836791992188,26.809999465942383,27.1299991607666,26.639999389648438,27.1299991607666,1361167
2026-02-24,26.37189483642578,27.1299991607666,27.459999084472656,26.959999084472656,26.989999771118164,1089456
2026-02-25,26.352455139160156,27.110000610351562,27.280000686645508,26.860000610351562,27.149999618530273,679119
2026-02-26,26.31357192993164,27.06999969482422,27.290000915527344,26.829999923706055,27.110000610351562,856245
2026-02-27,26.22608757019043,26.979999542236328,27.31999969482422,26.979999542236328,27.15999984741211,1958014
2026-03-02,25.613693237304688,26.350000381469727,26.860000610351562,26.0,26.56999969482422,1620962
2026-03-03,25.506765365600586,26.239999771118164,26.299999237060547,25.59000015258789,26.170000076293945,1634873
2026-03-04,25.73033905029297,26.469999313354492,26.690000534057617,26.010000228881836,26.200000762939453,1141874
2026-03-05,25.662294387817383,26.399999618530273,26.979999542236328,26.34000015258789,26.469999313354492,1144765
2026-03-06,25.672016143798828,26.40999984741211,26.780000686645508,26.139999389648438,26.739999771118164,1026311
2026-03-09,25.030458450317383,25.75,26.270000457763672,25.610000610351562,25.950000762939453,1511205
2026-03-10,25.429000854492188,26.15999984741211,26.3700008392334,26.1200008392334,26.18000030517578,1298795
2026-03-11,25.710899353027344,26.450000762939453,26.450000762939453,25.989999771118164,26.200000762939453,977361
2026-03-12,26.09000015258789,26.84000015258789,26.979999542236328,26.280000686645508,26.40999984741211,1159269
2026-03-13,25.438722610473633,26.170000076293945,26.719999313354492,26.170000076293945,26.649999618530273,1237135
2026-03-16,25.438722610473633,26.170000076293945,26.299999237060547,26.059999465942383,26.170000076293945,954653
2026-03-17,25.438722610473633,26.170000076293945,26.290000915527344,25.8799991607666,26.139999389648438,772065
2026-03-18,25.18598747253418,25.90999984741211,26.540000915527344,25.739999771118164,26.25,1644901
2026-03-19,24.408342361450195,25.110000610351562,25.65999984741211,25.010000228881836,25.65999984741211,1739204
2026-03-20,24.466665267944336,25.170000076293945,25.600000381469727,25.09000015258789,25.299999237060547,3126391
2026-03-23,24.8846492767334,25.600000381469727,25.850000381469727,24.3799991607666,24.790000915527344,1149836
2026-03-24,24.91381072998047,25.6299991607666,25.809999465942383,25.010000228881836,25.3799991607666,1067315
2026-03-25,25.448442459106445,26.18000030517578,26.280000686645508,25.889999389648438,25.889999389648438,953729
2026-03-26,25.603971481323242,26.34000015258789,26.420000076293945,26.0,26.09000015258789,915981
2026-03-27,25.166545867919922,25.889999389648438,26.40999984741211,25.889999389648438,26.329999923706055,933836
2026-03-30,25.467884063720703,26.200000762939453,26.270000457763672,25.780000686645508,25.889999389648438,718617
2026-03-31,26.051116943359375,26.799999237060547,26.989999771118164,26.299999237060547,26.299999237060547,1542327
2026-04-01,26.294130325317383,27.049999237060547,27.549999237060547,26.84000015258789,27.5,437798
2026-04-02,25.96363067626953,26.709999084472656,26.979999542236328,26.579999923706055,26.700000762939453,1030778
2026-04-07,25.672016143798828,26.40999984741211,27.149999618530273,26.3799991607666,26.709999084472656,1143714
2026-04-08,26.323293685913086,27.079999923706055,27.31999969482422,26.719999313354492,27.299999237060547,1529735
2026-04-09,26.09000015258789,26.84000015258789,27.280000686645508,26.729999542236328,27.15999984741211,1207301
2026-04-10,26.649999618530273,26.649999618530273,26.770000457763672,26.040000915527344,26.100000381469727,1275595
2026-04-13,26.81999969482422,26.81999969482422,26.81999969482422,26.540000915527344,26.649999618530273,931535
2026-04-14,26.559999465942383,26.559999465942383,27.0,26.329999923706055,26.979999542236328,951950
2026-04-15,26.239999771118164,26.239999771118164,26.59000015258789,26.18000030517578,26.559999465942383,917977
2026-04-16,26.09000015258789,26.09000015258789,26.5,25.979999542236328,26.350000381469727,1169960
2026-04-17,26.479999542236328,26.479999542236328,26.479999542236328,25.940000534057617,26.219999313354492,1795400
2026-04-20,26.520000457763672,26.520000457763672,26.649999618530273,26.139999389648438,26.299999237060547,1228612
2026-04-21,26.34000015258789,26.34000015258789,26.579999923706055,26.309999465942383,26.479999542236328,1062167
2026-04-22,26.360000610351562,26.360000610351562,26.6299991607666,26.34000015258789,26.34000015258789,738268
2026-04-23,26.459999084472656,26.459999084472656,26.489999771118164,26.219999313354492,26.25,593259
2026-04-24,25.040000915527344,25.040000915527344,26.459999084472656,24.979999542236328,26.459999084472656,1507496
2026-04-27,24.860000610351562,24.860000610351562,25.040000915527344,24.65999984741211,25.0,1002612
2026-04-28,24.610000610351562,24.610000610351562,24.8700008392334,24.579999923706055,24.860000610351562,1109548
2026-04-29,24.850000381469727,24.850000381469727,25.059999465942383,24.15999984741211,24.889999389648438,1413013
2026-04-30,25.469999313354492,25.469999313354492,25.6200008392334,24.889999389648438,24.93000030517578,1923356
2026-05-04,25.350000381469727,25.350000381469727,25.8700008392334,25.350000381469727,25.719999313354492,830227
2026-05-05,25.8799991607666,25.8799991607666,26.049999237060547,25.34000015258789,25.350000381469727,1326352
2026-05-06,25.729999542236328,25.729999542236328,26.31999969482422,25.700000762939453,25.979999542236328,756343
2026-05-07,25.420000076293945,25.420000076293945,25.959999084472656,25.309999465942383,25.8799991607666,1213664
2026-05-08,25.329999923706055,25.329999923706055,25.43000030517578,25.110000610351562,25.40999984741211,613125
2026-05-11,25.299999237060547,25.299999237060547,25.43000030517578,25.15999984741211,25.299999237060547,687765
2026-05-12,25.18000030517578,25.18000030517578,25.43000030517578,25.170000076293945,25.299999237060547,757778
2026-05-13,25.34000015258789,25.34000015258789,25.459999084472656,24.979999542236328,25.219999313354492,599655
2026-05-15,25.049999237060547,25.049999237060547,25.68000030517578,24.809999465942383,25.469999313354492,1090840
2026-05-18,25.270000457763672,25.270000457763672,25.389999389648438,24.75,24.989999771118164,925408
2026-05-19,25.6299991607666,25.6299991607666,25.940000534057617,25.350000381469727,25.350000381469727,1132198
2026-05-20,25.309999465942383,25.309999465942383,25.690000534057617,25.239999771118164,25.68000030517578,869989
2026-05-21,25.360000610351562,25.360000610351562,25.540000915527344,25.079999923706055,25.489999771118164,287273
2026-05-22,25.170000076293945,25.170000076293945,25.360000610351562,24.8799991607666,25.25,1063930
2026-05-25,25.420000076293945,25.420000076293945,25.549999237060547,25.260000228881836,25.329999923706055,584934
2026-05-26,25.06999969482422,25.06999969482422,25.489999771118164,25.010000228881836,25.420000076293945,820488
2026-05-27,25.5,25.5,25.700000762939453,25.149999618530273,25.149999618530273,399281
2026-05-28,25.309999465942383,25.309999465942383,25.520000457763672,25.209999084472656,25.5,367882
2026-05-29,25.209999084472656,25.209999084472656,25.43000030517578,25.100000381469727,25.329999923706055,661562
2026-06-01,24.90999984741211,24.90999984741211,25.389999389648438,24.8700008392334,25.1299991607666,561588
2026-06-02,25.149999618530273,25.149999618530273,25.350000381469727,24.809999465942383,25.040000915527344,398623
2026-06-03,25.270000457763672,25.270000457763672,25.34000015258789,24.889999389648438,25.06999969482422,287674
2026-06-04,25.100000381469727,25.100000381469727,25.510000228881836,25.0,25.0,311475
2026-06-05,25.329999923706055,25.329999923706055,25.40999984741211,25.049999237060547,25.1200008392334,238221
2026-06-08,25.3700008392334,25.3700008392334,25.420000076293945,24.889999389648438,25.0,390874
2026-06-09,25.239999771118164,25.239999771118164,25.360000610351562,25.110000610351562,25.200000762939453,221368
2026-06-10,24.770000457763672,24.770000457763672,25.600000381469727,24.469999313354492,25.299999237060547,745257
2026-06-11,24.719999313354492,24.719999313354492,24.90999984741211,24.6200008392334,24.75,206105
2026-06-12,24.700000762939453,24.700000762939453,24.829999923706055,24.299999237060547,24.579999923706055,1043919
2026-06-15,24.649999618530273,24.649999618530273,25.280000686645508,24.6200008392334,24.899999618530273,451652
2026-06-16,24.719999313354492,24.719999313354492,24.850000381469727,24.459999084472656,24.75,397647
2026-06-17,24.75,24.75,24.770000457763672,24.40999984741211,24.6299991607666,468126
2026-06-18,24.260000228881836,24.260000228881836,24.649999618530273,23.709999084472656,24.649999618530273,923641
2026-06-22,24.350000381469727,24.350000381469727,24.5,23.809999465942383,24.299999237060547,1306906
2026-06-23,24.010000228881836,24.010000228881836,24.31999969482422,23.8799991607666,24.25,945565
2026-06-24,23.59000015258789,23.59000015258789,24.059999465942383,23.59000015258789,23.959999084472656,1082999
2026-06-25,23.700000762939453,23.700000762939453,23.809999465942383,23.3799991607666,23.549999237060547,729202
2026-06-26,23.280000686645508,23.280000686645508,23.75,23.09000015258789,23.700000762939453,1073524
2026-06-29,23.030000686645508,23.030000686645508,23.299999237060547,22.979999542236328,23.280000686645508,1086887
2026-06-30,23.200000762939453,23.200000762939453,23.239999771118164,23.0,23.149999618530273,1262476
2026-07-01,22.75,22.75,23.170000076293945,22.670000076293945,23.15999984741211,1028500
2026-07-02,23.040000915527344,23.040000915527344,23.049999237060547,22.68000030517578,22.780000686645508,1202413
2026-07-03,23.34000015258789,23.34000015258789,23.34000015258789,23.110000610351562,23.1299991607666,865599
2026-07-06,23.09000015258789,23.09000015258789,23.3700008392334,23.010000228881836,23.280000686645508,947456
2026-07-07,22.8799991607666,22.8799991607666,23.1299991607666,22.739999771118164,22.950000762939453,1089293
2026-07-08,22.520000457763672,22.520000457763672,22.899999618530273,22.520000457763672,22.809999465942383,2058166
2026-07-09,22.850000381469727,22.850000381469727,22.850000381469727,22.479999542236328,22.600000381469727,1062914
2026-07-10,23.149999618530273,23.149999618530273,23.489999771118164,22.950000762939453,22.950000762939453,1127699
2026-07-13,23.219999313354492,23.219999313354492,23.329999923706055,22.989999771118164,23.049999237060547,808920
2026-07-14,23.280000686645508,23.280000686645508,23.459999084472656,23.1200008392334,23.200000762939453,735953
2026-07-15,23.31999969482422,23.31999969482422,23.479999542236328,23.219999313354492,23.34000015258789,812317
2026-07-16,23.25,23.25,23.459999084472656,23.239999771118164,23.40999984741211,997805
2026-07-17,23.450000762939453,23.450000762939453,23.700000762939453,23.139999389648438,23.18000030517578,3383697
2026-07-20,23.40999984741211,23.40999984741211,23.639999389648438,23.260000228881836,23.450000762939453,1258481
2026-07-21,23.469999313354492,23.469999313354492,23.649999618530273,23.309999465942383,23.350000381469727,997080
2026-07-22,24.100000381469727,24.100000381469727,24.270000457763672,23.43000030517578,23.469999313354492,1242172
2026-07-23,22.229999542236328,22.229999542236328,23.540000915527344,22.1200008392334,23.469999313354492,4369739
2026-07-24,22.459999084472656,22.459999084472656,22.6299991607666,22.229999542236328,22.229999542236328,1544386
2026-07-27,23.239999771118164,23.239999771118164,23.239999771118164,22.3799991607666,22.459999084472656,1853281
2026-07-28,23.190000534057617,23.190000534057617,23.440000534057617,22.989999771118164,23.239999771118164,1285833
2026-07-29,23.309999465942383,23.309999465942383,23.389999389648438,23.139999389648438,23.200000762939453,1071379
2026-07-30,23.510000228881836,23.510000228881836,23.8700008392334,23.209999084472656,23.239999771118164,1339055
2026-07-31,23.520000457763672,23.520000457763672,23.68000030517578,23.3700008392334,23.510000228881836,1000333
2026-08-03,23.65999984741211,23.65999984741211,23.889999389648438,23.510000228881836,23.530000686645508,1139537
2026-08-04,23.559999465942383,23.559999465942383,23.790000915527344,23.459999084472656,23.65999984741211,937670
2026-08-05,23.399999618530273,23.399999618530273,23.790000915527344,23.299999237060547,23.649999618530273,926474
2026-08-06,23.479999542236328,23.479999542236328,23.84000015258789,23.389999389648438,23.5,1127805
2026-08-07,23.65999984741211,23.65999984741211,23.65999984741211,23.31999969482422,23.510000228881836,929829
2026-08-10,23.469999313354492,23.469999313354492,23.530000686645508,23.229999542236328,23.450000762939453,1409725
2026-08-11,23.209999084472656,23.209999084472656,23.540000915527344,23.149999618530273,23.5,703010
2026-08-12,23.18000030517578,23.18000030517578,23.450000762939453,23.040000915527344,23.229999542236328,894141
2026-08-13,23.079999923706055,23.079999923706055,23.280000686645508,23.079999923706055,23.15999984741211,1173914
2026-08-14,23.0,23.0,23.219999313354492,23.0,23.110000610351562,1044552
2026-08-17,22.790000915527344,22.790000915527344,23.1299991607666,22.790000915527344,23.010000228881836,952312
2026-08-18,22.780000686645508,22.780000686645508,22.969999313354492,22.729999542236328,22.850000381469727,1099660
2026-08-19,23.110000610351562,23.110000610351562,23.110000610351562,22.770000457763672,22.780000686645508,1584121
2026-08-20,23.579999923706055,23.579999923706055,23.579999923706055,23.030000686645508,23.06999969482422,1170879
2026-08-21,23.670000076293945,23.670000076293945,23.90999984741211,23.639999389648438,23.700000762939453,1099885
2026-08-24,23.940000534057617,23.940000534057617,23.969999313354492,23.649999618530273,23.670000076293945,678321
2026-08-25,23.790000915527344,23.790000915527344,24.190000534057617,23.790000915527344,23.969999313354492,855703
2026-08-26,23.760000228881836,23.760000228881836,23.8799991607666,23.6299991607666,23.790000915527344,526220
2026-08-27,23.84000015258789,23.84000015258789,23.84000015258789,23.559999465942383,23.770000457763672,799116
2026-08-28,24.0,24.0,24.329999923706055,23.8799991607666,23.899999618530273,1192907
2026-08-31,24.059999465942383,24.059999465942383,24.290000915527344,23.959999084472656,24.010000228881836,1531394
2026-09-01,24.270000457763672,24.270000457763672,24.450000762939453,23.940000534057617,24.1200008392334,1374275
2026-09-02,24.309999465942383,24.309999465942383,24.3799991607666,24.06999969482422,24.270000457763672,1136156
2026-09-03,24.010000228881836,24.010000228881836,24.579999923706055,24.010000228881836,24.5,1140451
2026-09-04,24.239999771118164,24.239999771118164,24.34000015258789,23.93000030517578,24.049999237060547,808951
2026-09-08,24.290000915527344,24.290000915527344,24.520000457763672,23.989999771118164,24.0,1183592
2026-09-09,25.600000381469727,25.600000381469727,25.709999084472656,24.299999237060547,24.299999237060547,2527174
2026-09-10,25.6200008392334,25.6200008392334,26.0,25.510000228881836,25.530000686645508,1393473
2026-09-11,25.770000457763672,25.770000457763672,26.200000762939453,25.610000610351562,25.719999313354492,1212957
2026-09-14,25.459999084472656,25.459999084472656,25.770000457763672,25.3700008392334,25.709999084472656,1099151
2026-09-15,26.06999969482422,26.06999969482422,26.280000686645508,25.290000915527344,25.5,1398028
2026-09-16,26.1299991607666,26.1299991607666,26.3700008392334,25.940000534057617,26.06999969482422,1472985
