Price,Adj Close,Close,High,Low,Open,Volume
Ticker,WETTERI.HE,WETTERI.HE,WETTERI.HE,WETTERI.HE,WETTERI.HE,WETTERI.HE
Date,,,,,,
2016-01-04,0.42100000381469727,0.42100000381469727,0.43299999833106995,0.42100000381469727,0.43299999833106995,76203
2016-01-05,0.44999998807907104,0.44999998807907104,0.46399998664855957,0.44999998807907104,0.45399999618530273,12356
2016-01-07,0.44999998807907104,0.44999998807907104,0.46399998664855957,0.44999998807907104,0.45399999618530273,12356
2016-01-08,0.4480000138282776,0.4480000138282776,0.4519999921321869,0.4480000138282776,0.44999998807907104,27568
2016-01-11,0.4440000057220459,0.4440000057220459,0.4490000009536743,0.4440000057220459,0.4490000009536743,18343
2016-01-12,0.4580000042915344,0.4580000042915344,0.4580000042915344,0.44999998807907104,0.45500001311302185,8510
2016-01-13,0.44999998807907104,0.44999998807907104,0.45100000500679016,0.44999998807907104,0.45100000500679016,7237
2016-01-14,0.4480000138282776,0.4480000138282776,0.45100000500679016,0.4480000138282776,0.44999998807907104,11799
2016-01-15,0.44699999690055847,0.44699999690055847,0.4580000042915344,0.44699999690055847,0.4580000042915344,1150
2016-01-18,0.4440000057220459,0.4440000057220459,0.4449999928474426,0.4440000057220459,0.4440000057220459,981
2016-01-19,0.4440000057220459,0.4440000057220459,0.4440000057220459,0.4440000057220459,0.4440000057220459,0
2016-01-20,0.4300000071525574,0.4300000071525574,0.4440000057220459,0.4300000071525574,0.4440000057220459,37248
2016-01-21,0.4099999964237213,0.4099999964237213,0.42399999499320984,0.4050000011920929,0.42399999499320984,58385
2016-01-22,0.4099999964237213,0.4099999964237213,0.41999998688697815,0.4099999964237213,0.41100001335144043,17821
2016-01-25,0.3659999966621399,0.3659999966621399,0.4009999930858612,0.3540000021457672,0.4009999930858612,78847
2016-01-26,0.375,0.375,0.3779999911785126,0.3700000047683716,0.375,5570
2016-01-27,0.36000001430511475,0.36000001430511475,0.3659999966621399,0.36000001430511475,0.3659999966621399,16318
2016-01-28,0.36000001430511475,0.36000001430511475,0.36000001430511475,0.35899999737739563,0.36000001430511475,3800
2016-01-29,0.36500000953674316,0.36500000953674316,0.36500000953674316,0.35600000619888306,0.35600000619888306,15250
2016-02-01,0.3580000102519989,0.3580000102519989,0.3700000047683716,0.3580000102519989,0.3700000047683716,18269
2016-02-02,0.3709999918937683,0.3709999918937683,0.3709999918937683,0.36000001430511475,0.36000001430511475,5227
2016-02-03,0.3499999940395355,0.3499999940395355,0.36399999260902405,0.3499999940395355,0.36399999260902405,13123
2016-02-04,0.3499999940395355,0.3499999940395355,0.3499999940395355,0.34700000286102295,0.3499999940395355,6500
2016-02-05,0.3370000123977661,0.3370000123977661,0.3499999940395355,0.3319999873638153,0.3499999940395355,3740
2016-02-08,0.3269999921321869,0.3269999921321869,0.3319999873638153,0.3100000023841858,0.3319999873638153,17323
2016-02-09,0.30000001192092896,0.30000001192092896,0.3269999921321869,0.30000001192092896,0.3269999921321869,26343
2016-02-10,0.3100000023841858,0.3100000023841858,0.3100000023841858,0.3009999990463257,0.3009999990463257,4200
2016-02-11,0.30000001192092896,0.30000001192092896,0.3109999895095825,0.30000001192092896,0.3109999895095825,9722
2016-02-12,0.3009999990463257,0.3009999990463257,0.31200000643730164,0.3009999990463257,0.3059999942779541,67842
2016-02-15,0.32199999690055847,0.32199999690055847,0.3700000047683716,0.31200000643730164,0.3700000047683716,55931
2016-02-16,0.33000001311302185,0.33000001311302185,0.33000001311302185,0.3199999928474426,0.3199999928474426,21175
2016-02-17,0.3160000145435333,0.3160000145435333,0.33000001311302185,0.3160000145435333,0.33000001311302185,32587
2016-02-18,0.3230000138282776,0.3230000138282776,0.3310000002384186,0.31700000166893005,0.3269999921321869,57904
2016-02-19,0.32199999690055847,0.32199999690055847,0.3230000138282776,0.32199999690055847,0.3230000138282776,1490
2016-02-22,0.32499998807907104,0.32499998807907104,0.36899998784065247,0.3199999928474426,0.3199999928474426,69662
2016-02-23,0.32899999618530273,0.32899999618530273,0.32899999618530273,0.3179999887943268,0.328000009059906,11003
2016-02-24,0.32499998807907104,0.32499998807907104,0.3370000123977661,0.32499998807907104,0.32899999618530273,48053
2016-02-25,0.33000001311302185,0.33000001311302185,0.36899998784065247,0.33000001311302185,0.33000001311302185,30144
2016-02-26,0.3490000069141388,0.3490000069141388,0.3700000047683716,0.33899998664855957,0.3700000047683716,38599
2016-02-29,0.3400000035762787,0.3400000035762787,0.3490000069141388,0.33799999952316284,0.3490000069141388,10773
2016-03-01,0.3499999940395355,0.3499999940395355,0.3700000047683716,0.3499999940395355,0.3499999940395355,28438
2016-03-02,0.4000000059604645,0.4000000059604645,0.4000000059604645,0.3499999940395355,0.3499999940395355,48905
2016-03-03,0.44999998807907104,0.44999998807907104,0.4819999933242798,0.4000000059604645,0.4000000059604645,118444
2016-03-04,0.43799999356269836,0.43799999356269836,0.44200000166893005,0.4000000059604645,0.4390000104904175,70779
2016-03-07,0.42500001192092896,0.42500001192092896,0.4390000104904175,0.39899998903274536,0.4390000104904175,75021
2016-03-08,0.4000000059604645,0.4000000059604645,0.421999990940094,0.4000000059604645,0.421999990940094,20760
2016-03-09,0.4000000059604645,0.4000000059604645,0.4009999930858612,0.4000000059604645,0.4000000059604645,5540
2016-03-10,0.38499999046325684,0.38499999046325684,0.3970000147819519,0.38499999046325684,0.3970000147819519,26748
2016-03-11,0.4000000059604645,0.4000000059604645,0.4099999964237213,0.39899998903274536,0.39899998903274536,11830
2016-03-14,0.4129999876022339,0.4129999876022339,0.42500001192092896,0.4129999876022339,0.41999998688697815,20183
2016-03-15,0.41999998688697815,0.41999998688697815,0.41999998688697815,0.4180000126361847,0.41999998688697815,7200
2016-03-16,0.41999998688697815,0.41999998688697815,0.41999998688697815,0.4129999876022339,0.4129999876022339,2803
2016-03-17,0.40799999237060547,0.40799999237060547,0.4090000092983246,0.40799999237060547,0.4090000092983246,1600
2016-03-18,0.4000000059604645,0.4000000059604645,0.4099999964237213,0.4000000059604645,0.4099999964237213,17393
2016-03-21,0.4090000092983246,0.4090000092983246,0.41100001335144043,0.4090000092983246,0.41100001335144043,725
2016-03-22,0.3869999945163727,0.3869999945163727,0.4090000092983246,0.3869999945163727,0.4090000092983246,11964
2016-03-23,0.38499999046325684,0.38499999046325684,0.39899998903274536,0.38499999046325684,0.39100000262260437,22905
2016-03-24,0.38499999046325684,0.38499999046325684,0.38999998569488525,0.38499999046325684,0.38999998569488525,2529
2016-03-29,0.4000000059604645,0.4000000059604645,0.4000000059604645,0.3869999945163727,0.3869999945163727,110
2016-03-30,0.38999998569488525,0.38999998569488525,0.4000000059604645,0.38100001215934753,0.4000000059604645,8318
2016-03-31,0.39399999380111694,0.39399999380111694,0.39399999380111694,0.38100001215934753,0.38100001215934753,3003
2016-04-01,0.3700000047683716,0.3700000047683716,0.38999998569488525,0.3009999990463257,0.38999998569488525,236833
2016-04-04,0.3400000035762787,0.3400000035762787,0.35600000619888306,0.3400000035762787,0.35600000619888306,45795
2016-04-05,0.3400000035762787,0.3400000035762787,0.3400000035762787,0.3400000035762787,0.3400000035762787,0
2016-04-06,0.34299999475479126,0.34299999475479126,0.3499999940395355,0.34299999475479126,0.3499999940395355,6700
2016-04-07,0.3499999940395355,0.3499999940395355,0.3499999940395355,0.33899998664855957,0.3400000035762787,4500
2016-04-08,0.35899999737739563,0.35899999737739563,0.3700000047683716,0.3499999940395355,0.3499999940395355,74070
2016-04-11,0.35100001096725464,0.35100001096725464,0.36000001430511475,0.35100001096725464,0.36000001430511475,19709
2016-04-12,0.34299999475479126,0.34299999475479126,0.35199999809265137,0.34299999475479126,0.35199999809265137,14813
2016-04-13,0.34299999475479126,0.34299999475479126,0.3440000116825104,0.34299999475479126,0.3440000116825104,11000
2016-04-14,0.3700000047683716,0.3700000047683716,0.3700000047683716,0.34700000286102295,0.34700000286102295,13200
2016-04-15,0.3449999988079071,0.3449999988079071,0.3529999852180481,0.3449999988079071,0.3529999852180481,26757
2016-04-18,0.35600000619888306,0.35600000619888306,0.3700000047683716,0.3449999988079071,0.3449999988079071,54972
2016-04-19,0.36800000071525574,0.36800000071525574,0.36800000071525574,0.36800000071525574,0.36800000071525574,994
2016-04-20,0.3799999952316284,0.3799999952316284,0.3799999952316284,0.36800000071525574,0.36800000071525574,16524
2016-04-21,0.3610000014305115,0.3610000014305115,0.3840000033378601,0.35899999737739563,0.3799999952316284,35925
2016-04-22,0.35600000619888306,0.35600000619888306,0.3610000014305115,0.35600000619888306,0.3610000014305115,9763
2016-04-25,0.35600000619888306,0.35600000619888306,0.35600000619888306,0.35600000619888306,0.35600000619888306,0
2016-04-26,0.35600000619888306,0.35600000619888306,0.35600000619888306,0.35600000619888306,0.35600000619888306,0
2016-04-27,0.35100001096725464,0.35100001096725464,0.3540000021457672,0.35100001096725464,0.3540000021457672,5586
2016-04-28,0.3490000069141388,0.3490000069141388,0.35100001096725464,0.3490000069141388,0.3499999940395355,12076
2016-04-29,0.3619999885559082,0.3619999885559082,0.3619999885559082,0.3619999885559082,0.3619999885559082,12532
2016-05-02,0.37299999594688416,0.37299999594688416,0.39899998903274536,0.3630000054836273,0.3630000054836273,46514
2016-05-03,0.36000001430511475,0.36000001430511475,0.37299999594688416,0.36000001430511475,0.36000001430511475,10110
2016-05-04,0.35600000619888306,0.35600000619888306,0.36000001430511475,0.35600000619888306,0.36000001430511475,18173
2016-05-06,0.34299999475479126,0.34299999475479126,0.3529999852180481,0.34299999475479126,0.3529999852180481,5893
2016-05-09,0.3720000088214874,0.3720000088214874,0.4000000059604645,0.35499998927116394,0.35499998927116394,62542
2016-05-10,0.3700000047683716,0.3700000047683716,0.39399999380111694,0.36000001430511475,0.39399999380111694,25934
2016-05-11,0.3659999966621399,0.3659999966621399,0.3799999952316284,0.36000001430511475,0.3799999952316284,22700
2016-05-12,0.3659999966621399,0.3659999966621399,0.3659999966621399,0.3659999966621399,0.3659999966621399,0
2016-05-13,0.3630000054836273,0.3630000054836273,0.36500000953674316,0.35499998927116394,0.36500000953674316,4232
2016-05-16,0.3610000014305115,0.3610000014305115,0.3610000014305115,0.35100001096725464,0.35100001096725464,600
2016-05-17,0.35100001096725464,0.35100001096725464,0.36399999260902405,0.35100001096725464,0.36399999260902405,5739
2016-05-18,0.35100001096725464,0.35100001096725464,0.35100001096725464,0.35100001096725464,0.35100001096725464,0
2016-05-19,0.36000001430511475,0.36000001430511475,0.36000001430511475,0.35199999809265137,0.35199999809265137,130
2016-05-20,0.3619999885559082,0.3619999885559082,0.3619999885559082,0.3619999885559082,0.3619999885559082,50
2016-05-23,0.36000001430511475,0.36000001430511475,0.36000001430511475,0.35199999809265137,0.35199999809265137,2150
2016-05-24,0.36000001430511475,0.36000001430511475,0.36000001430511475,0.36000001430511475,0.36000001430511475,0
2016-05-25,0.3610000014305115,0.3610000014305115,0.3610000014305115,0.35199999809265137,0.3610000014305115,8790
2016-05-26,0.3499999940395355,0.3499999940395355,0.36000001430511475,0.3499999940395355,0.36000001430511475,6990
2016-05-27,0.34700000286102295,0.34700000286102295,0.36000001430511475,0.34700000286102295,0.36000001430511475,18024
2016-05-30,0.3499999940395355,0.3499999940395355,0.36000001430511475,0.34700000286102295,0.36000001430511475,18110
2016-05-31,0.35499998927116394,0.35499998927116394,0.35499998927116394,0.3499999940395355,0.35499998927116394,750
2016-06-01,0.35899999737739563,0.35899999737739563,0.35899999737739563,0.35899999737739563,0.35899999737739563,2050
2016-06-02,0.34599998593330383,0.34599998593330383,0.3490000069141388,0.34599998593330383,0.3490000069141388,17715
2016-06-03,0.3529999852180481,0.3529999852180481,0.3529999852180481,0.3529999852180481,0.3529999852180481,1
2016-06-06,0.3529999852180481,0.3529999852180481,0.3529999852180481,0.3529999852180481,0.3529999852180481,0
2016-06-07,0.3529999852180481,0.3529999852180481,0.3529999852180481,0.3529999852180481,0.3529999852180481,0
2016-06-08,0.35199999809265137,0.35199999809265137,0.35199999809265137,0.3409999907016754,0.34599998593330383,1992
2016-06-09,0.3580000102519989,0.3580000102519989,0.3610000014305115,0.3499999940395355,0.3499999940395355,1108
2016-06-10,0.34599998593330383,0.34599998593330383,0.34599998593330383,0.34599998593330383,0.34599998593330383,10622
2016-06-13,0.3490000069141388,0.3490000069141388,0.3490000069141388,0.3490000069141388,0.3490000069141388,100
2016-06-14,0.33399999141693115,0.33399999141693115,0.3400000035762787,0.33399999141693115,0.3400000035762787,18900
2016-06-15,0.3449999988079071,0.3449999988079071,0.3449999988079071,0.3400000035762787,0.3400000035762787,3093
2016-06-16,0.3449999988079071,0.3449999988079071,0.3449999988079071,0.3449999988079071,0.3449999988079071,0
2016-06-17,0.3490000069141388,0.3490000069141388,0.3490000069141388,0.3449999988079071,0.3449999988079071,176
2016-06-20,0.33799999952316284,0.33799999952316284,0.3490000069141388,0.3370000123977661,0.3490000069141388,12093
2016-06-21,0.3140000104904175,0.3140000104904175,0.33899998664855957,0.3100000023841858,0.33799999952316284,110132
2016-06-22,0.3009999990463257,0.3009999990463257,0.3100000023841858,0.3009999990463257,0.3100000023841858,21900
2016-06-23,0.30000001192092896,0.30000001192092896,0.3009999990463257,0.29499998688697815,0.3009999990463257,60600
2016-06-27,0.296999990940094,0.296999990940094,0.30000001192092896,0.296999990940094,0.296999990940094,3499
2016-06-28,0.30000001192092896,0.30000001192092896,0.30000001192092896,0.296999990940094,0.296999990940094,8900
2016-06-29,0.29899999499320984,0.29899999499320984,0.29899999499320984,0.29899999499320984,0.29899999499320984,280
2016-06-30,0.30000001192092896,0.30000001192092896,0.30000001192092896,0.30000001192092896,0.30000001192092896,54050
2016-07-01,0.33000001311302185,0.33000001311302185,0.33000001311302185,0.30000001192092896,0.30000001192092896,76000
2016-07-04,0.3100000023841858,0.3100000023841858,0.32600000500679016,0.3019999861717224,0.32600000500679016,160584
2016-07-05,0.3100000023841858,0.3100000023841858,0.3100000023841858,0.3009999990463257,0.3050000071525574,36625
2016-07-06,0.3089999854564667,0.3089999854564667,0.3179999887943268,0.3070000112056732,0.3179999887943268,18777
2016-07-07,0.3149999976158142,0.3149999976158142,0.3149999976158142,0.3149999976158142,0.3149999976158142,200
2016-07-08,0.3160000145435333,0.3160000145435333,0.3160000145435333,0.3089999854564667,0.3089999854564667,300
2016-07-11,0.31200000643730164,0.31200000643730164,0.3140000104904175,0.3109999895095825,0.3140000104904175,3600
2016-07-12,0.31299999356269836,0.31299999356269836,0.31299999356269836,0.31200000643730164,0.31200000643730164,6750
2016-07-13,0.32499998807907104,0.32499998807907104,0.32499998807907104,0.31700000166893005,0.31700000166893005,16750
2016-07-14,0.3179999887943268,0.3179999887943268,0.3240000009536743,0.3160000145435333,0.3199999928474426,23464
2016-07-15,0.3199999928474426,0.3199999928474426,0.3199999928474426,0.3190000057220459,0.3190000057220459,12000
2016-07-18,0.3140000104904175,0.3140000104904175,0.3140000104904175,0.3140000104904175,0.3140000104904175,4700
2016-07-19,0.3149999976158142,0.3149999976158142,0.3199999928474426,0.31299999356269836,0.3140000104904175,25804
2016-07-20,0.32199999690055847,0.32199999690055847,0.3230000138282776,0.31700000166893005,0.3230000138282776,9890
2016-07-21,0.32899999618530273,0.32899999618530273,0.33799999952316284,0.3230000138282776,0.3230000138282776,59645
2016-07-22,0.36000001430511475,0.36000001430511475,0.3799999952316284,0.33399999141693115,0.33399999141693115,177516
2016-07-25,0.3659999966621399,0.3659999966621399,0.37299999594688416,0.36000001430511475,0.36000001430511475,82425
2016-07-26,0.3610000014305115,0.3610000014305115,0.3799999952316284,0.35600000619888306,0.35600000619888306,53655
2016-07-27,0.36500000953674316,0.36500000953674316,0.3720000088214874,0.36000001430511475,0.3610000014305115,36388
2016-07-28,0.35899999737739563,0.35899999737739563,0.3720000088214874,0.35899999737739563,0.35899999737739563,31121
2016-07-29,0.35899999737739563,0.35899999737739563,0.36000001430511475,0.35899999737739563,0.36000001430511475,19436
2016-08-01,0.3610000014305115,0.3610000014305115,0.36500000953674316,0.35899999737739563,0.36000001430511475,24252
2016-08-02,0.3720000088214874,0.3720000088214874,0.3720000088214874,0.3709999918937683,0.3709999918937683,34044
2016-08-03,0.3700000047683716,0.3700000047683716,0.3700000047683716,0.36000001430511475,0.36000001430511475,19448
2016-08-04,0.35899999737739563,0.35899999737739563,0.36899998784065247,0.35899999737739563,0.36899998784065247,11000
2016-08-05,0.35899999737739563,0.35899999737739563,0.35899999737739563,0.3540000021457672,0.35899999737739563,34606
2016-08-08,0.35499998927116394,0.35499998927116394,0.35499998927116394,0.35499998927116394,0.35499998927116394,1000
2016-08-09,0.3659999966621399,0.3659999966621399,0.3659999966621399,0.36000001430511475,0.3659999966621399,14070
2016-08-10,0.367000013589859,0.367000013589859,0.367000013589859,0.3659999966621399,0.3659999966621399,13569
2016-08-11,0.37400001287460327,0.37400001287460327,0.4000000059604645,0.37299999594688416,0.37299999594688416,25555
2016-08-12,0.38199999928474426,0.38199999928474426,0.39500001072883606,0.38100001215934753,0.39500001072883606,39407
2016-08-15,0.4000000059604645,0.4000000059604645,0.4099999964237213,0.38199999928474426,0.38199999928474426,90360
2016-08-16,0.3889999985694885,0.3889999985694885,0.4000000059604645,0.3869999945163727,0.4000000059604645,41200
2016-08-17,0.3930000066757202,0.3930000066757202,0.4000000059604645,0.3930000066757202,0.39899998903274536,17450
2016-08-18,0.3959999978542328,0.3959999978542328,0.4000000059604645,0.38999998569488525,0.39500001072883606,36886
2016-08-19,0.4000000059604645,0.4000000059604645,0.40400001406669617,0.3919999897480011,0.4000000059604645,29090
2016-08-22,0.39899998903274536,0.39899998903274536,0.39899998903274536,0.39800000190734863,0.39800000190734863,15500
2016-08-23,0.39399999380111694,0.39399999380111694,0.3970000147819519,0.39399999380111694,0.39399999380111694,7600
2016-08-24,0.3970000147819519,0.3970000147819519,0.4000000059604645,0.39100000262260437,0.4000000059604645,32850
2016-08-25,0.40700000524520874,0.40700000524520874,0.41999998688697815,0.4000000059604645,0.4000000059604645,153633
2016-08-26,0.40400001406669617,0.40400001406669617,0.4050000011920929,0.40400001406669617,0.4050000011920929,3100
2016-08-29,0.3959999978542328,0.3959999978542328,0.4009999930858612,0.3959999978542328,0.4000000059604645,23091
2016-08-30,0.39399999380111694,0.39399999380111694,0.3959999978542328,0.3840000033378601,0.3959999978542328,76792
2016-08-31,0.39100000262260437,0.39100000262260437,0.4000000059604645,0.39100000262260437,0.4000000059604645,5300
2016-09-01,0.38499999046325684,0.38499999046325684,0.39800000190734863,0.38499999046325684,0.3869999945163727,50596
2016-09-02,0.4009999930858612,0.4009999930858612,0.41999998688697815,0.38499999046325684,0.38499999046325684,45645
2016-09-05,0.4000000059604645,0.4000000059604645,0.4009999930858612,0.4000000059604645,0.4009999930858612,1217
2016-09-06,0.39500001072883606,0.39500001072883606,0.4000000059604645,0.39500001072883606,0.4000000059604645,11300
2016-09-07,0.39800000190734863,0.39800000190734863,0.39800000190734863,0.39800000190734863,0.39800000190734863,1000
2016-09-08,0.39800000190734863,0.39800000190734863,0.39800000190734863,0.39800000190734863,0.39800000190734863,7000
2016-09-09,0.39800000190734863,0.39800000190734863,0.39800000190734863,0.39800000190734863,0.39800000190734863,0
2016-09-12,0.39100000262260437,0.39100000262260437,0.39100000262260437,0.39100000262260437,0.39100000262260437,32951
2016-09-13,0.3869999945163727,0.3869999945163727,0.3869999945163727,0.38600000739097595,0.38600000739097595,5000
2016-09-14,0.38600000739097595,0.38600000739097595,0.39899998903274536,0.38600000739097595,0.39899998903274536,5150
2016-09-15,0.38600000739097595,0.38600000739097595,0.38600000739097595,0.38600000739097595,0.38600000739097595,0
2016-09-16,0.3959999978542328,0.3959999978542328,0.3959999978542328,0.38499999046325684,0.38600000739097595,10049
2016-09-19,0.39899998903274536,0.39899998903274536,0.39899998903274536,0.3880000114440918,0.3880000114440918,2530
2016-09-20,0.3959999978542328,0.3959999978542328,0.3959999978542328,0.3959999978542328,0.3959999978542328,4000
2016-09-21,0.3869999945163727,0.3869999945163727,0.3869999945163727,0.3869999945163727,0.3869999945163727,750
2016-09-22,0.39899998903274536,0.39899998903274536,0.39899998903274536,0.38499999046325684,0.38499999046325684,19000
2016-09-23,0.38499999046325684,0.38499999046325684,0.38999998569488525,0.38499999046325684,0.38999998569488525,5000
2016-09-26,0.38499999046325684,0.38499999046325684,0.38499999046325684,0.38499999046325684,0.38499999046325684,1000
2016-09-27,0.39800000190734863,0.39800000190734863,0.4000000059604645,0.39800000190734863,0.39899998903274536,10650
2016-09-28,0.39800000190734863,0.39800000190734863,0.39800000190734863,0.39800000190734863,0.39800000190734863,0
2016-09-29,0.39800000190734863,0.39800000190734863,0.39800000190734863,0.39800000190734863,0.39800000190734863,0
2016-09-30,0.39500001072883606,0.39500001072883606,0.39500001072883606,0.39399999380111694,0.39399999380111694,2606
2016-10-03,0.4000000059604645,0.4000000059604645,0.41600000858306885,0.38999998569488525,0.38999998569488525,32333
2016-10-04,0.3919999897480011,0.3919999897480011,0.39899998903274536,0.39100000262260437,0.3919999897480011,5260
2016-10-05,0.3889999985694885,0.3889999985694885,0.38999998569488525,0.3889999985694885,0.38999998569488525,3700
2016-10-06,0.38999998569488525,0.38999998569488525,0.38999998569488525,0.38999998569488525,0.38999998569488525,2551
2016-10-07,0.39800000190734863,0.39800000190734863,0.39800000190734863,0.3889999985694885,0.3889999985694885,28939
2016-10-10,0.3869999945163727,0.3869999945163727,0.3889999985694885,0.38499999046325684,0.3889999985694885,17342
2016-10-11,0.39399999380111694,0.39399999380111694,0.39399999380111694,0.3869999945163727,0.3869999945163727,29949
2016-10-12,0.3930000066757202,0.3930000066757202,0.3930000066757202,0.3930000066757202,0.3930000066757202,15
2016-10-13,0.3919999897480011,0.3919999897480011,0.3930000066757202,0.3840000033378601,0.3930000066757202,6036
2016-10-14,0.38499999046325684,0.38499999046325684,0.3930000066757202,0.38499999046325684,0.3930000066757202,1485
2016-10-17,0.3930000066757202,0.3930000066757202,0.3930000066757202,0.3919999897480011,0.3919999897480011,995
2016-10-18,0.39399999380111694,0.39399999380111694,0.39399999380111694,0.3930000066757202,0.3930000066757202,7000
2016-10-19,0.39399999380111694,0.39399999380111694,0.39399999380111694,0.39399999380111694,0.39399999380111694,0
2016-10-20,0.39500001072883606,0.39500001072883606,0.39500001072883606,0.38600000739097595,0.39399999380111694,7264
2016-10-21,0.39500001072883606,0.39500001072883606,0.39500001072883606,0.39500001072883606,0.39500001072883606,5000
2016-10-24,0.3869999945163727,0.3869999945163727,0.39899998903274536,0.3869999945163727,0.38999998569488525,17609
2016-10-25,0.3869999945163727,0.3869999945163727,0.3869999945163727,0.382999986410141,0.38499999046325684,1815
2016-10-26,0.3840000033378601,0.3840000033378601,0.38999998569488525,0.3840000033378601,0.3889999985694885,13945
2016-10-27,0.3840000033378601,0.3840000033378601,0.3840000033378601,0.382999986410141,0.3840000033378601,6744
2016-10-28,0.3790000081062317,0.3790000081062317,0.38499999046325684,0.3790000081062317,0.38499999046325684,49645
2016-10-31,0.3799999952316284,0.3799999952316284,0.38100001215934753,0.3799999952316284,0.3799999952316284,10500
2016-11-01,0.38999998569488525,0.38999998569488525,0.38999998569488525,0.3790000081062317,0.3790000081062317,76976
2016-11-02,0.36399999260902405,0.36399999260902405,0.38100001215934753,0.3610000014305115,0.38100001215934753,20303
2016-11-03,0.3569999933242798,0.3569999933242798,0.3619999885559082,0.3569999933242798,0.3619999885559082,26424
2016-11-04,0.3569999933242798,0.3569999933242798,0.3569999933242798,0.3569999933242798,0.3569999933242798,0
2016-11-07,0.3580000102519989,0.3580000102519989,0.3580000102519989,0.3569999933242798,0.3569999933242798,2000
2016-11-08,0.34599998593330383,0.34599998593330383,0.34700000286102295,0.34599998593330383,0.34700000286102295,18894
2016-11-09,0.33799999952316284,0.33799999952316284,0.3499999940395355,0.32600000500679016,0.3499999940395355,19700
2016-11-10,0.32499998807907104,0.32499998807907104,0.335999995470047,0.3230000138282776,0.3230000138282776,52640
2016-11-11,0.328000009059906,0.328000009059906,0.33000001311302185,0.32600000500679016,0.32600000500679016,32000
2016-11-14,0.3230000138282776,0.3230000138282776,0.3400000035762787,0.3179999887943268,0.3400000035762787,31480
2016-11-15,0.32499998807907104,0.32499998807907104,0.328000009059906,0.32499998807907104,0.32499998807907104,21907
2016-11-16,0.33000001311302185,0.33000001311302185,0.33000001311302185,0.32600000500679016,0.32600000500679016,3007
2016-11-17,0.3409999907016754,0.3409999907016754,0.3409999907016754,0.33000001311302185,0.3400000035762787,17142
2016-11-18,0.3490000069141388,0.3490000069141388,0.3580000102519989,0.3490000069141388,0.3580000102519989,350
2016-11-21,0.3400000035762787,0.3400000035762787,0.3499999940395355,0.3400000035762787,0.3499999940395355,300
2016-11-22,0.35600000619888306,0.35600000619888306,0.35600000619888306,0.33000001311302185,0.33000001311302185,23551
2016-11-23,0.3779999911785126,0.3779999911785126,0.3779999911785126,0.34299999475479126,0.3440000116825104,26070
2016-11-24,0.36000001430511475,0.36000001430511475,0.37700000405311584,0.36000001430511475,0.37700000405311584,4050
2016-11-25,0.367000013589859,0.367000013589859,0.3790000081062317,0.3659999966621399,0.3659999966621399,84352
2016-11-28,0.35499998927116394,0.35499998927116394,0.35600000619888306,0.35499998927116394,0.35600000619888306,26017
2016-11-29,0.35899999737739563,0.35899999737739563,0.35899999737739563,0.3499999940395355,0.35199999809265137,3500
2016-11-30,0.35899999737739563,0.35899999737739563,0.36000001430511475,0.3580000102519989,0.3580000102519989,11000
2016-12-01,0.35899999737739563,0.35899999737739563,0.35899999737739563,0.35899999737739563,0.35899999737739563,0
2016-12-02,0.35899999737739563,0.35899999737739563,0.35899999737739563,0.35899999737739563,0.35899999737739563,50
2016-12-05,0.3529999852180481,0.3529999852180481,0.3529999852180481,0.35199999809265137,0.35199999809265137,7550
2016-12-07,0.3569999933242798,0.3569999933242798,0.3569999933242798,0.3529999852180481,0.3529999852180481,1120
2016-12-08,0.3499999940395355,0.3499999940395355,0.36000001430511475,0.3499999940395355,0.36000001430511475,18050
2016-12-09,0.34700000286102295,0.34700000286102295,0.3499999940395355,0.34700000286102295,0.3490000069141388,3402
2016-12-12,0.34700000286102295,0.34700000286102295,0.34700000286102295,0.34700000286102295,0.34700000286102295,0
2016-12-13,0.3529999852180481,0.3529999852180481,0.3540000021457672,0.35100001096725464,0.3529999852180481,9598
2016-12-14,0.3499999940395355,0.3499999940395355,0.3499999940395355,0.3499999940395355,0.3499999940395355,8865
2016-12-15,0.3499999940395355,0.3499999940395355,0.3499999940395355,0.3499999940395355,0.3499999940395355,4915
2016-12-16,0.3499999940395355,0.3499999940395355,0.3499999940395355,0.34200000762939453,0.3499999940395355,8110
2016-12-19,0.3499999940395355,0.3499999940395355,0.3529999852180481,0.34299999475479126,0.3499999940395355,18256
2016-12-20,0.3499999940395355,0.3499999940395355,0.3529999852180481,0.3499999940395355,0.35199999809265137,8878
2016-12-21,0.3499999940395355,0.3499999940395355,0.3499999940395355,0.335999995470047,0.335999995470047,16525
2016-12-22,0.34599998593330383,0.34599998593330383,0.34599998593330383,0.3449999988079071,0.34599998593330383,7169
2016-12-23,0.3499999940395355,0.3499999940395355,0.3499999940395355,0.3499999940395355,0.3499999940395355,8500
2016-12-27,0.3449999988079071,0.3449999988079071,0.3499999940395355,0.3449999988079071,0.3499999940395355,20620
2016-12-28,0.34700000286102295,0.34700000286102295,0.34700000286102295,0.33899998664855957,0.34700000286102295,73906
2016-12-29,0.34700000286102295,0.34700000286102295,0.34700000286102295,0.34700000286102295,0.34700000286102295,4350
2016-12-30,0.3449999988079071,0.3449999988079071,0.3479999899864197,0.3449999988079071,0.3449999988079071,16697
2017-01-02,0.3449999988079071,0.3449999988079071,0.35100001096725464,0.3400000035762787,0.34599998593330383,32035
2017-01-03,0.3569999933242798,0.3569999933242798,0.3799999952316284,0.3440000116825104,0.3799999952316284,150614
2017-01-04,0.35899999737739563,0.35899999737739563,0.35899999737739563,0.35899999737739563,0.35899999737739563,3611
2017-01-05,0.36899998784065247,0.36899998784065247,0.36899998784065247,0.3499999940395355,0.3529999852180481,67130
2017-01-09,0.3700000047683716,0.3700000047683716,0.38199999928474426,0.36500000953674316,0.36899998784065247,64485
2017-01-10,0.37400001287460327,0.37400001287460327,0.37400001287460327,0.37299999594688416,0.37299999594688416,5000
2017-01-11,0.36500000953674316,0.36500000953674316,0.375,0.36500000953674316,0.3700000047683716,20177
2017-01-12,0.36500000953674316,0.36500000953674316,0.36899998784065247,0.3540000021457672,0.36800000071525574,39159
2017-01-13,0.3630000054836273,0.3630000054836273,0.3630000054836273,0.3630000054836273,0.3630000054836273,15000
2017-01-16,0.36899998784065247,0.36899998784065247,0.36899998784065247,0.36800000071525574,0.36800000071525574,7824
2017-01-17,0.36399999260902405,0.36399999260902405,0.36399999260902405,0.36000001430511475,0.36000001430511475,2840
2017-01-18,0.3580000102519989,0.3580000102519989,0.3580000102519989,0.3580000102519989,0.3580000102519989,82
2017-01-19,0.367000013589859,0.367000013589859,0.36800000071525574,0.36000001430511475,0.3610000014305115,7548
2017-01-20,0.36000001430511475,0.36000001430511475,0.3700000047683716,0.36000001430511475,0.3659999966621399,23644
2017-01-23,0.3580000102519989,0.3580000102519989,0.36000001430511475,0.3580000102519989,0.36000001430511475,1161
2017-01-24,0.3610000014305115,0.3610000014305115,0.3610000014305115,0.3540000021457672,0.35600000619888306,33837
2017-01-25,0.36000001430511475,0.36000001430511475,0.367000013589859,0.36000001430511475,0.36500000953674316,16005
2017-01-26,0.37400001287460327,0.37400001287460327,0.37400001287460327,0.36500000953674316,0.36500000953674316,22069
2017-01-27,0.3720000088214874,0.3720000088214874,0.3720000088214874,0.3709999918937683,0.3709999918937683,4170
2017-01-30,0.37299999594688416,0.37299999594688416,0.37299999594688416,0.3659999966621399,0.3659999966621399,10926
2017-01-31,0.36399999260902405,0.36399999260902405,0.37299999594688416,0.36399999260902405,0.37299999594688416,20015
2017-02-01,0.3630000054836273,0.3630000054836273,0.3720000088214874,0.3630000054836273,0.367000013589859,26800
2017-02-02,0.3610000014305115,0.3610000014305115,0.36500000953674316,0.3610000014305115,0.36500000953674316,6550
2017-02-03,0.3889999985694885,0.3889999985694885,0.4000000059604645,0.36899998784065247,0.36899998784065247,42530
2017-02-06,0.3720000088214874,0.3720000088214874,0.38999998569488525,0.3709999918937683,0.3889999985694885,82633
2017-02-07,0.37299999594688416,0.37299999594688416,0.37299999594688416,0.3700000047683716,0.3720000088214874,10400
2017-02-08,0.3700000047683716,0.3700000047683716,0.3709999918937683,0.3700000047683716,0.3709999918937683,3200
2017-02-09,0.36899998784065247,0.36899998784065247,0.37700000405311584,0.36899998784065247,0.37599998712539673,11246
2017-02-10,0.3700000047683716,0.3700000047683716,0.3700000047683716,0.3700000047683716,0.3700000047683716,7242
2017-02-13,0.38499999046325684,0.38499999046325684,0.39800000190734863,0.37400001287460327,0.3840000033378601,30329
2017-02-14,0.47999998927116394,0.47999998927116394,0.5299999713897705,0.38600000739097595,0.38600000739097595,181511
2017-02-15,0.4569999873638153,0.4569999873638153,0.49000000953674316,0.4300000071525574,0.49000000953674316,212766
2017-02-16,0.42800000309944153,0.42800000309944153,0.4580000042915344,0.421999990940094,0.44999998807907104,226209
2017-02-17,0.4300000071525574,0.4300000071525574,0.4399999976158142,0.42800000309944153,0.4399999976158142,22917
2017-02-20,0.4410000145435333,0.4410000145435333,0.44699999690055847,0.4300000071525574,0.4300000071525574,27593
2017-02-21,0.4399999976158142,0.4399999976158142,0.4410000145435333,0.4399999976158142,0.4399999976158142,6956
2017-02-22,0.44999998807907104,0.44999998807907104,0.46000000834465027,0.4399999976158142,0.4399999976158142,39651
2017-02-23,0.4950000047683716,0.4950000047683716,0.4950000047683716,0.46000000834465027,0.46000000834465027,77489
2017-02-24,0.47999998927116394,0.47999998927116394,0.4950000047683716,0.47999998927116394,0.4950000047683716,20548
2017-02-27,0.4749999940395355,0.4749999940395355,0.492000013589859,0.4749999940395355,0.49000000953674316,38544
2017-02-28,0.4790000021457672,0.4790000021457672,0.48100000619888306,0.4790000021457672,0.48100000619888306,10100
2017-03-01,0.49900001287460327,0.49900001287460327,0.5,0.49000000953674316,0.5,67260
2017-03-02,0.4699999988079071,0.4699999988079071,0.49900001287460327,0.41600000858306885,0.49900001287460327,88496
2017-03-03,0.4699999988079071,0.4699999988079071,0.48100000619888306,0.44999998807907104,0.4690000116825104,55423
2017-03-06,0.45500001311302185,0.45500001311302185,0.4690000116825104,0.45500001311302185,0.45500001311302185,8800
2017-03-07,0.43299999833106995,0.43299999833106995,0.45100000500679016,0.4300000071525574,0.45100000500679016,23311
2017-03-08,0.4350000023841858,0.4350000023841858,0.4350000023841858,0.4339999854564667,0.4339999854564667,1001
2017-03-09,0.4309999942779541,0.4309999942779541,0.4440000057220459,0.4300000071525574,0.4359999895095825,18658
2017-03-10,0.42399999499320984,0.42399999499320984,0.4390000104904175,0.42399999499320984,0.4390000104904175,18329
2017-03-13,0.41200000047683716,0.41200000047683716,0.41999998688697815,0.41200000047683716,0.4180000126361847,13649
2017-03-14,0.4169999957084656,0.4169999957084656,0.41999998688697815,0.414000004529953,0.414000004529953,17001
2017-03-15,0.40799999237060547,0.40799999237060547,0.41999998688697815,0.40799999237060547,0.41999998688697815,38310
2017-03-16,0.4189999997615814,0.4189999997615814,0.4189999997615814,0.4059999883174896,0.4169999957084656,6850
2017-03-17,0.41600000858306885,0.41600000858306885,0.41600000858306885,0.4020000100135803,0.4020000100135803,7318
2017-03-20,0.42500001192092896,0.42500001192092896,0.4580000042915344,0.40799999237060547,0.4580000042915344,19070
2017-03-21,0.4259999990463257,0.4259999990463257,0.4449999928474426,0.4259999990463257,0.4390000104904175,24840
2017-03-22,0.4300000071525574,0.4300000071525574,0.4300000071525574,0.41999998688697815,0.4259999990463257,8725
2017-03-23,0.42899999022483826,0.42899999022483826,0.42899999022483826,0.41999998688697815,0.42800000309944153,3048
2017-03-24,0.4169999957084656,0.4169999957084656,0.4230000078678131,0.4169999957084656,0.41999998688697815,6289
2017-03-27,0.4259999990463257,0.4259999990463257,0.4320000112056732,0.42100000381469727,0.42500001192092896,3156
2017-03-28,0.41999998688697815,0.41999998688697815,0.4269999861717224,0.4050000011920929,0.4269999861717224,6348
2017-03-29,0.40799999237060547,0.40799999237060547,0.41999998688697815,0.4059999883174896,0.4099999964237213,22784
2017-03-30,0.4189999997615814,0.4189999997615814,0.42399999499320984,0.4090000092983246,0.4090000092983246,14366
2017-03-31,0.4090000092983246,0.4090000092983246,0.4180000126361847,0.4059999883174896,0.4059999883174896,7848
2017-04-03,0.40700000524520874,0.40700000524520874,0.41999998688697815,0.4020000100135803,0.4090000092983246,11017
2017-04-04,0.4099999964237213,0.4099999964237213,0.4099999964237213,0.4099999964237213,0.4099999964237213,10000
2017-04-05,0.4099999964237213,0.4099999964237213,0.41499999165534973,0.4059999883174896,0.4059999883174896,4451
2017-04-06,0.4099999964237213,0.4099999964237213,0.41999998688697815,0.4099999964237213,0.41999998688697815,454
2017-04-07,0.41100001335144043,0.41100001335144043,0.41200000047683716,0.41100001335144043,0.41100001335144043,5000
2017-04-10,0.41100001335144043,0.41100001335144043,0.41999998688697815,0.41100001335144043,0.41999998688697815,2021
2017-04-11,0.41499999165534973,0.41499999165534973,0.421999990940094,0.41100001335144043,0.41100001335144043,2851
2017-04-12,0.4129999876022339,0.4129999876022339,0.42100000381469727,0.4129999876022339,0.42100000381469727,3028
2017-04-13,0.414000004529953,0.414000004529953,0.4269999861717224,0.4009999930858612,0.4009999930858612,7492
2017-04-18,0.414000004529953,0.414000004529953,0.414000004529953,0.41100001335144043,0.41100001335144043,154
2017-04-19,0.41999998688697815,0.41999998688697815,0.4399999976158142,0.4099999964237213,0.4099999964237213,24503
2017-04-20,0.42399999499320984,0.42399999499320984,0.43799999356269836,0.41100001335144043,0.41999998688697815,15920
2017-04-21,0.45100000500679016,0.45100000500679016,0.47999998927116394,0.42500001192092896,0.42500001192092896,55752
2017-04-24,0.4860000014305115,0.4860000014305115,0.49799999594688416,0.46000000834465027,0.46000000834465027,49400
2017-04-25,0.49000000953674316,0.49000000953674316,0.49900001287460327,0.4860000014305115,0.49900001287460327,23073
2017-04-26,0.6100000143051147,0.6100000143051147,0.6949999928474426,0.48100000619888306,0.49000000953674316,525803
2017-04-27,0.5649999976158142,0.5649999976158142,0.6150000095367432,0.5550000071525574,0.6050000190734863,101164
2017-04-28,0.5799999833106995,0.5799999833106995,0.6100000143051147,0.5450000166893005,0.5600000023841858,59951
2017-05-02,0.5950000286102295,0.5950000286102295,0.6200000047683716,0.5849999785423279,0.6050000190734863,49737
2017-05-03,0.5899999737739563,0.5899999737739563,0.6100000143051147,0.5799999833106995,0.6000000238418579,43048
2017-05-04,0.5899999737739563,0.5899999737739563,0.5950000286102295,0.5799999833106995,0.5950000286102295,13948
2017-05-05,0.5799999833106995,0.5799999833106995,0.5849999785423279,0.5649999976158142,0.5849999785423279,4749
2017-05-08,0.5400000214576721,0.5400000214576721,0.5799999833106995,0.5400000214576721,0.5799999833106995,93798
2017-05-09,0.5199999809265137,0.5199999809265137,0.5450000166893005,0.49000000953674316,0.5450000166893005,118141
2017-05-10,0.5400000214576721,0.5400000214576721,0.5550000071525574,0.5199999809265137,0.5199999809265137,67353
2017-05-11,0.5649999976158142,0.5649999976158142,0.574999988079071,0.5400000214576721,0.5400000214576721,34382
2017-05-12,0.5299999713897705,0.5299999713897705,0.5699999928474426,0.5249999761581421,0.5649999976158142,109411
2017-05-15,0.550000011920929,0.550000011920929,0.5600000023841858,0.5350000262260437,0.550000011920929,82068
2017-05-16,0.5450000166893005,0.5450000166893005,0.5450000166893005,0.5350000262260437,0.5400000214576721,15075
2017-05-17,0.550000011920929,0.550000011920929,0.5600000023841858,0.5450000166893005,0.5450000166893005,15481
2017-05-18,0.5649999976158142,0.5649999976158142,0.5649999976158142,0.5400000214576721,0.5600000023841858,9802
2017-05-19,0.550000011920929,0.550000011920929,0.5849999785423279,0.5450000166893005,0.5450000166893005,97496
2017-05-22,0.5299999713897705,0.5299999713897705,0.5550000071525574,0.5299999713897705,0.550000011920929,29260
2017-05-23,0.5350000262260437,0.5350000262260437,0.5450000166893005,0.5249999761581421,0.5450000166893005,35770
2017-05-24,0.5350000262260437,0.5350000262260437,0.5400000214576721,0.5350000262260437,0.5400000214576721,21750
2017-05-26,0.5550000071525574,0.5550000071525574,0.5699999928474426,0.5450000166893005,0.5450000166893005,105231
2017-05-29,0.5450000166893005,0.5450000166893005,0.5550000071525574,0.5400000214576721,0.5550000071525574,30902
2017-05-30,0.5350000262260437,0.5350000262260437,0.574999988079071,0.5350000262260437,0.5600000023841858,92632
2017-05-31,0.5450000166893005,0.5450000166893005,0.5450000166893005,0.5299999713897705,0.5350000262260437,28705
2017-06-01,0.550000011920929,0.550000011920929,0.5649999976158142,0.550000011920929,0.550000011920929,14000
2017-06-02,0.5350000262260437,0.5350000262260437,0.5600000023841858,0.5299999713897705,0.5350000262260437,7636
2017-06-05,0.5550000071525574,0.5550000071525574,0.5550000071525574,0.5450000166893005,0.550000011920929,3663
2017-06-06,0.5450000166893005,0.5450000166893005,0.5550000071525574,0.5299999713897705,0.5550000071525574,29472
2017-06-07,0.5249999761581421,0.5249999761581421,0.550000011920929,0.5249999761581421,0.5450000166893005,60281
2017-06-08,0.5249999761581421,0.5249999761581421,0.5299999713897705,0.5099999904632568,0.5099999904632568,4137
2017-06-09,0.5249999761581421,0.5249999761581421,0.5249999761581421,0.5099999904632568,0.5199999809265137,4556
2017-06-12,0.5199999809265137,0.5199999809265137,0.5199999809265137,0.5149999856948853,0.5149999856948853,2280
2017-06-13,0.5149999856948853,0.5149999856948853,0.5450000166893005,0.5149999856948853,0.5199999809265137,21935
2017-06-14,0.5149999856948853,0.5149999856948853,0.5400000214576721,0.5149999856948853,0.5199999809265137,27615
2017-06-15,0.5400000214576721,0.5400000214576721,0.5400000214576721,0.5400000214576721,0.5400000214576721,8385
2017-06-16,0.5350000262260437,0.5350000262260437,0.5450000166893005,0.5199999809265137,0.5400000214576721,22811
2017-06-19,0.5299999713897705,0.5299999713897705,0.5299999713897705,0.5299999713897705,0.5299999713897705,1578
2017-06-20,0.5199999809265137,0.5199999809265137,0.5350000262260437,0.5199999809265137,0.5350000262260437,3982
2017-06-21,0.5249999761581421,0.5249999761581421,0.5400000214576721,0.5249999761581421,0.5400000214576721,10561
2017-06-22,0.5400000214576721,0.5400000214576721,0.5400000214576721,0.5249999761581421,0.5249999761581421,4370
2017-06-26,0.5249999761581421,0.5249999761581421,0.5299999713897705,0.5249999761581421,0.5249999761581421,3499
2017-06-27,0.5450000166893005,0.5450000166893005,0.5649999976158142,0.5350000262260437,0.5450000166893005,18002
2017-06-28,0.5350000262260437,0.5350000262260437,0.5450000166893005,0.5350000262260437,0.5450000166893005,4116
2017-06-29,0.5400000214576721,0.5400000214576721,0.5400000214576721,0.5350000262260437,0.5350000262260437,2551
2017-06-30,0.5600000023841858,0.5600000023841858,0.5600000023841858,0.5350000262260437,0.5350000262260437,1449
2017-07-03,0.5550000071525574,0.5550000071525574,0.5550000071525574,0.5550000071525574,0.5550000071525574,1887
2017-07-04,0.5799999833106995,0.5799999833106995,0.6000000238418579,0.550000011920929,0.550000011920929,46847
2017-07-05,0.574999988079071,0.574999988079071,0.5899999737739563,0.550000011920929,0.5799999833106995,18381
2017-07-06,0.5699999928474426,0.5699999928474426,0.5699999928474426,0.5400000214576721,0.5600000023841858,12955
2017-07-07,0.5699999928474426,0.5699999928474426,0.5699999928474426,0.5699999928474426,0.5699999928474426,723
2017-07-10,0.5699999928474426,0.5699999928474426,0.5699999928474426,0.5699999928474426,0.5699999928474426,95
2017-07-11,0.5600000023841858,0.5600000023841858,0.5600000023841858,0.5400000214576721,0.5600000023841858,10045
2017-07-12,0.5699999928474426,0.5699999928474426,0.5699999928474426,0.5550000071525574,0.5550000071525574,1727
2017-07-13,0.5699999928474426,0.5699999928474426,0.5799999833106995,0.5600000023841858,0.5799999833106995,1593
2017-07-14,0.5450000166893005,0.5450000166893005,0.5649999976158142,0.5450000166893005,0.5649999976158142,12820
2017-07-17,0.5699999928474426,0.5699999928474426,0.5699999928474426,0.5450000166893005,0.5450000166893005,800
2017-07-18,0.550000011920929,0.550000011920929,0.5699999928474426,0.550000011920929,0.5699999928474426,3020
2017-07-19,0.5649999976158142,0.5649999976158142,0.5649999976158142,0.5649999976158142,0.5649999976158142,5030
2017-07-20,0.5550000071525574,0.5550000071525574,0.5649999976158142,0.550000011920929,0.5649999976158142,5874
2017-07-21,0.5649999976158142,0.5649999976158142,0.5649999976158142,0.5550000071525574,0.5550000071525574,5754
2017-07-24,0.550000011920929,0.550000011920929,0.5649999976158142,0.5400000214576721,0.5649999976158142,893
2017-07-25,0.550000011920929,0.550000011920929,0.5649999976158142,0.5450000166893005,0.550000011920929,21479
2017-07-26,0.550000011920929,0.550000011920929,0.5649999976158142,0.550000011920929,0.5649999976158142,11550
2017-07-27,0.550000011920929,0.550000011920929,0.550000011920929,0.550000011920929,0.550000011920929,2000
2017-07-28,0.5350000262260437,0.5350000262260437,0.550000011920929,0.5350000262260437,0.550000011920929,8888
2017-07-31,0.5350000262260437,0.5350000262260437,0.5350000262260437,0.5350000262260437,0.5350000262260437,0
2017-08-01,0.5400000214576721,0.5400000214576721,0.5400000214576721,0.5350000262260437,0.5350000262260437,1015
2017-08-02,0.5450000166893005,0.5450000166893005,0.5799999833106995,0.5450000166893005,0.5799999833106995,23170
2017-08-03,0.5600000023841858,0.5600000023841858,0.5600000023841858,0.5600000023841858,0.5600000023841858,5000
2017-08-04,0.5550000071525574,0.5550000071525574,0.5550000071525574,0.5550000071525574,0.5550000071525574,20
2017-08-07,0.550000011920929,0.550000011920929,0.550000011920929,0.550000011920929,0.550000011920929,2031
2017-08-08,0.5450000166893005,0.5450000166893005,0.5450000166893005,0.5400000214576721,0.5400000214576721,6122
2017-08-09,0.550000011920929,0.550000011920929,0.5550000071525574,0.5400000214576721,0.5400000214576721,5468
2017-08-10,0.550000011920929,0.550000011920929,0.550000011920929,0.550000011920929,0.550000011920929,2100
2017-08-11,0.5350000262260437,0.5350000262260437,0.5400000214576721,0.5350000262260437,0.5400000214576721,500
2017-08-14,0.5550000071525574,0.5550000071525574,0.5600000023841858,0.5400000214576721,0.5400000214576721,12185
2017-08-15,0.550000011920929,0.550000011920929,0.550000011920929,0.5350000262260437,0.5400000214576721,13411
2017-08-16,0.550000011920929,0.550000011920929,0.550000011920929,0.550000011920929,0.550000011920929,727
2017-08-17,0.6100000143051147,0.6100000143051147,0.6150000095367432,0.5550000071525574,0.5550000071525574,305572
2017-08-18,0.6000000238418579,0.6000000238418579,0.6150000095367432,0.5899999737739563,0.6050000190734863,96646
2017-08-21,0.6000000238418579,0.6000000238418579,0.6050000190734863,0.6000000238418579,0.6050000190734863,6613
2017-08-22,0.5950000286102295,0.5950000286102295,0.6000000238418579,0.574999988079071,0.6000000238418579,46972
2017-08-23,0.574999988079071,0.574999988079071,0.5849999785423279,0.5550000071525574,0.5849999785423279,122646
2017-08-24,0.5699999928474426,0.5699999928474426,0.5799999833106995,0.5600000023841858,0.574999988079071,18099
2017-08-25,0.5799999833106995,0.5799999833106995,0.5950000286102295,0.5699999928474426,0.5699999928474426,3596
2017-08-28,0.5799999833106995,0.5799999833106995,0.5899999737739563,0.5799999833106995,0.5899999737739563,1844
2017-08-29,0.5649999976158142,0.5649999976158142,0.5799999833106995,0.5649999976158142,0.5799999833106995,575
2017-08-30,0.5600000023841858,0.5600000023841858,0.5849999785423279,0.5600000023841858,0.5799999833106995,15133
2017-08-31,0.5600000023841858,0.5600000023841858,0.574999988079071,0.5550000071525574,0.574999988079071,2413
2017-09-01,0.5699999928474426,0.5699999928474426,0.5849999785423279,0.550000011920929,0.550000011920929,23810
2017-09-04,0.5699999928474426,0.5699999928474426,0.5699999928474426,0.5699999928474426,0.5699999928474426,1365
2017-09-05,0.5699999928474426,0.5699999928474426,0.5799999833106995,0.5600000023841858,0.5799999833106995,8888
2017-09-06,0.5649999976158142,0.5649999976158142,0.5699999928474426,0.5600000023841858,0.5600000023841858,8002
2017-09-07,0.550000011920929,0.550000011920929,0.5699999928474426,0.5400000214576721,0.5450000166893005,43797
2017-09-08,0.5699999928474426,0.5699999928474426,0.5699999928474426,0.5699999928474426,0.5699999928474426,850
2017-09-11,0.5699999928474426,0.5699999928474426,0.5699999928474426,0.5699999928474426,0.5699999928474426,11218
2017-09-12,0.5649999976158142,0.5649999976158142,0.574999988079071,0.550000011920929,0.5699999928474426,1910
2017-09-13,0.5649999976158142,0.5649999976158142,0.5649999976158142,0.5450000166893005,0.5649999976158142,20648
2017-09-14,0.574999988079071,0.574999988079071,0.574999988079071,0.5550000071525574,0.5649999976158142,1730
2017-09-15,0.5699999928474426,0.5699999928474426,0.5799999833106995,0.5550000071525574,0.5799999833106995,2680
2017-09-18,0.5699999928474426,0.5699999928474426,0.5699999928474426,0.550000011920929,0.550000011920929,268
2017-09-19,0.5550000071525574,0.5550000071525574,0.5799999833106995,0.5350000262260437,0.5799999833106995,17541
2017-09-20,0.5550000071525574,0.5550000071525574,0.5550000071525574,0.5450000166893005,0.5550000071525574,12101
2017-09-21,0.550000011920929,0.550000011920929,0.550000011920929,0.5299999713897705,0.5400000214576721,42539
2017-09-22,0.550000011920929,0.550000011920929,0.5550000071525574,0.5299999713897705,0.5550000071525574,11005
2017-09-25,0.5299999713897705,0.5299999713897705,0.5550000071525574,0.5299999713897705,0.5550000071525574,2777
2017-09-26,0.5600000023841858,0.5600000023841858,0.5600000023841858,0.5299999713897705,0.5400000214576721,1203
2017-09-27,0.5400000214576721,0.5400000214576721,0.5600000023841858,0.5400000214576721,0.5600000023841858,1000
2017-09-28,0.550000011920929,0.550000011920929,0.5600000023841858,0.550000011920929,0.5600000023841858,2030
2017-09-29,0.5649999976158142,0.5649999976158142,0.5649999976158142,0.5649999976158142,0.5649999976158142,8
2017-10-02,0.550000011920929,0.550000011920929,0.5600000023841858,0.550000011920929,0.5600000023841858,9226
2017-10-03,0.550000011920929,0.550000011920929,0.5600000023841858,0.550000011920929,0.550000011920929,9347
2017-10-04,0.550000011920929,0.550000011920929,0.550000011920929,0.550000011920929,0.550000011920929,0
2017-10-05,0.5600000023841858,0.5600000023841858,0.5600000023841858,0.5550000071525574,0.5550000071525574,4263
2017-10-06,0.5600000023841858,0.5600000023841858,0.5600000023841858,0.5600000023841858,0.5600000023841858,2589
2017-10-09,0.550000011920929,0.550000011920929,0.550000011920929,0.5400000214576721,0.5400000214576721,7629
2017-10-10,0.550000011920929,0.550000011920929,0.550000011920929,0.550000011920929,0.550000011920929,0
2017-10-11,0.5400000214576721,0.5400000214576721,0.5400000214576721,0.5400000214576721,0.5400000214576721,3500
2017-10-12,0.5400000214576721,0.5400000214576721,0.5400000214576721,0.5400000214576721,0.5400000214576721,0
2017-10-13,0.550000011920929,0.550000011920929,0.550000011920929,0.550000011920929,0.550000011920929,194
2017-10-16,0.5400000214576721,0.5400000214576721,0.550000011920929,0.5400000214576721,0.5400000214576721,3753
2017-10-17,0.5400000214576721,0.5400000214576721,0.5400000214576721,0.5400000214576721,0.5400000214576721,1250
2017-10-18,0.5400000214576721,0.5400000214576721,0.550000011920929,0.5400000214576721,0.5400000214576721,855
2017-10-19,0.5400000214576721,0.5400000214576721,0.5400000214576721,0.5400000214576721,0.5400000214576721,10103
2017-10-20,0.5550000071525574,0.5550000071525574,0.5550000071525574,0.5350000262260437,0.5350000262260437,600
2017-10-23,0.550000011920929,0.550000011920929,0.550000011920929,0.5299999713897705,0.5400000214576721,9591
2017-10-24,0.550000011920929,0.550000011920929,0.550000011920929,0.550000011920929,0.550000011920929,300
2017-10-25,0.550000011920929,0.550000011920929,0.550000011920929,0.550000011920929,0.550000011920929,2200
2017-10-26,0.5299999713897705,0.5299999713897705,0.550000011920929,0.5299999713897705,0.5350000262260437,27319
2017-10-27,0.5350000262260437,0.5350000262260437,0.5350000262260437,0.5199999809265137,0.5299999713897705,10200
2017-10-30,0.5350000262260437,0.5350000262260437,0.5350000262260437,0.5350000262260437,0.5350000262260437,550
2017-10-31,0.5450000166893005,0.5450000166893005,0.5450000166893005,0.5199999809265137,0.5199999809265137,3500
2017-11-01,0.5450000166893005,0.5450000166893005,0.5450000166893005,0.5450000166893005,0.5450000166893005,934
2017-11-02,0.5400000214576721,0.5400000214576721,0.5400000214576721,0.5299999713897705,0.5299999713897705,500
2017-11-03,0.550000011920929,0.550000011920929,0.550000011920929,0.5199999809265137,0.5450000166893005,10350
2017-11-06,0.5450000166893005,0.5450000166893005,0.5550000071525574,0.5450000166893005,0.5550000071525574,110
2017-11-07,0.5450000166893005,0.5450000166893005,0.5450000166893005,0.5450000166893005,0.5450000166893005,0
2017-11-08,0.5450000166893005,0.5450000166893005,0.5450000166893005,0.5099999904632568,0.5199999809265137,27088
2017-11-09,0.5049999952316284,0.5049999952316284,0.5299999713897705,0.4830000102519989,0.5199999809265137,102905
2017-11-10,0.5099999904632568,0.5099999904632568,0.5099999904632568,0.49399998784065247,0.5,1205
2017-11-13,0.4880000054836273,0.4880000054836273,0.5,0.4620000123977661,0.4909999966621399,55249
2017-11-14,0.4950000047683716,0.4950000047683716,0.4950000047683716,0.46299999952316284,0.46299999952316284,10750
2017-11-15,0.46000000834465027,0.46000000834465027,0.4620000123977661,0.46000000834465027,0.4620000123977661,9824
2017-11-16,0.48899999260902405,0.48899999260902405,0.48899999260902405,0.48899999260902405,0.48899999260902405,1
2017-11-17,0.48899999260902405,0.48899999260902405,0.49000000953674316,0.4880000054836273,0.49000000953674316,6331
2017-11-20,0.49000000953674316,0.49000000953674316,0.5049999952316284,0.49000000953674316,0.5049999952316284,581
2017-11-21,0.47600001096725464,0.47600001096725464,0.49000000953674316,0.4620000123977661,0.4620000123977661,14130
2017-11-22,0.46000000834465027,0.46000000834465027,0.46799999475479126,0.46000000834465027,0.46299999952316284,28218
2017-11-23,0.45899999141693115,0.45899999141693115,0.45899999141693115,0.4490000009536743,0.453000009059906,14611
2017-11-24,0.46000000834465027,0.46000000834465027,0.46000000834465027,0.45899999141693115,0.45899999141693115,14436
2017-11-27,0.46000000834465027,0.46000000834465027,0.4729999899864197,0.46000000834465027,0.4729999899864197,52929
2017-11-28,0.4650000035762787,0.4650000035762787,0.4779999852180481,0.44999998807907104,0.4580000042915344,14921
2017-11-29,0.4650000035762787,0.4650000035762787,0.4650000035762787,0.4519999921321869,0.46399998664855957,11904
2017-11-30,0.45100000500679016,0.45100000500679016,0.4519999921321869,0.44999998807907104,0.44999998807907104,9693
2017-12-01,0.46399998664855957,0.46399998664855957,0.46399998664855957,0.45100000500679016,0.45100000500679016,16794
2017-12-04,0.4690000116825104,0.4690000116825104,0.4699999988079071,0.44999998807907104,0.4699999988079071,33970
2017-12-05,0.4690000116825104,0.4690000116825104,0.4690000116825104,0.44999998807907104,0.45100000500679016,8251
2017-12-07,0.4699999988079071,0.4699999988079071,0.4699999988079071,0.4699999988079071,0.4699999988079071,310
2017-12-08,0.4650000035762787,0.4650000035762787,0.4650000035762787,0.4650000035762787,0.4650000035762787,2750
2017-12-11,0.45399999618530273,0.45399999618530273,0.46399998664855957,0.44999998807907104,0.45100000500679016,7542
2017-12-12,0.4519999921321869,0.4519999921321869,0.453000009059906,0.4490000009536743,0.453000009059906,17341
2017-12-13,0.45500001311302185,0.45500001311302185,0.45500001311302185,0.4519999921321869,0.4519999921321869,3000
2017-12-14,0.46000000834465027,0.46000000834465027,0.46799999475479126,0.45899999141693115,0.460999995470047,48841
2017-12-15,0.45399999618530273,0.45399999618530273,0.4690000116825104,0.453000009059906,0.453000009059906,37313
2017-12-18,0.4519999921321869,0.4519999921321869,0.46700000762939453,0.4519999921321869,0.46700000762939453,7261
2017-12-19,0.4519999921321869,0.4519999921321869,0.4519999921321869,0.4399999976158142,0.4519999921321869,23383
2017-12-20,0.4399999976158142,0.4399999976158142,0.4490000009536743,0.4390000104904175,0.4399999976158142,24147
2017-12-21,0.4410000145435333,0.4410000145435333,0.4410000145435333,0.43299999833106995,0.4399999976158142,12363
2017-12-22,0.4490000009536743,0.4490000009536743,0.45399999618530273,0.4390000104904175,0.4390000104904175,7700
2017-12-27,0.43799999356269836,0.43799999356269836,0.44999998807907104,0.4320000112056732,0.44999998807907104,56840
2017-12-28,0.44999998807907104,0.44999998807907104,0.44999998807907104,0.4300000071525574,0.4300000071525574,83040
2017-12-29,0.460999995470047,0.460999995470047,0.4749999940395355,0.4449999928474426,0.4749999940395355,102268
2018-01-02,0.4659999907016754,0.4659999907016754,0.49000000953674316,0.4560000002384186,0.4740000069141388,44933
2018-01-03,0.47999998927116394,0.47999998927116394,0.47999998927116394,0.4699999988079071,0.4740000069141388,40680
2018-01-04,0.47099998593330383,0.47099998593330383,0.4749999940395355,0.4699999988079071,0.47099998593330383,25000
2018-01-05,0.4790000021457672,0.4790000021457672,0.47999998927116394,0.4699999988079071,0.47999998927116394,5800
2018-01-08,0.4790000021457672,0.4790000021457672,0.47999998927116394,0.4699999988079071,0.4779999852180481,8408
2018-01-09,0.46399998664855957,0.46399998664855957,0.4779999852180481,0.46299999952316284,0.4779999852180481,16845
2018-01-10,0.48899999260902405,0.48899999260902405,0.4950000047683716,0.46299999952316284,0.4790000021457672,67800
2018-01-11,0.49000000953674316,0.49000000953674316,0.49000000953674316,0.47999998927116394,0.48500001430511475,21344
2018-01-12,0.515999972820282,0.515999972820282,0.527999997138977,0.48100000619888306,0.48899999260902405,31724
2018-01-15,0.515999972820282,0.515999972820282,0.515999972820282,0.4950000047683716,0.515999972820282,7456
2018-01-16,0.515999972820282,0.515999972820282,0.515999972820282,0.515999972820282,0.515999972820282,0
2018-01-17,0.5180000066757202,0.5180000066757202,0.5180000066757202,0.4959999918937683,0.4959999918937683,18600
2018-01-18,0.5180000066757202,0.5180000066757202,0.5180000066757202,0.5180000066757202,0.5180000066757202,100
2018-01-19,0.5180000066757202,0.5180000066757202,0.5180000066757202,0.49799999594688416,0.5180000066757202,17122
2018-01-22,0.49300000071525574,0.49300000071525574,0.49300000071525574,0.4819999933242798,0.4830000102519989,15000
2018-01-23,0.5,0.5,0.5180000066757202,0.49300000071525574,0.49300000071525574,14760
2018-01-24,0.515999972820282,0.515999972820282,0.515999972820282,0.5099999904632568,0.515999972820282,2700
2018-01-25,0.5099999904632568,0.5099999904632568,0.5139999985694885,0.5099999904632568,0.5139999985694885,965
2018-01-26,0.5099999904632568,0.5099999904632568,0.5099999904632568,0.5099999904632568,0.5099999904632568,0
2018-01-29,0.515999972820282,0.515999972820282,0.515999972820282,0.515999972820282,0.515999972820282,5000
2018-01-30,0.5080000162124634,0.5080000162124634,0.515999972820282,0.49900001287460327,0.515999972820282,5568
2018-01-31,0.5139999985694885,0.5139999985694885,0.5139999985694885,0.49900001287460327,0.49900001287460327,6000
2018-02-01,0.5120000243186951,0.5120000243186951,0.5120000243186951,0.5,0.5019999742507935,5641
2018-02-02,0.5120000243186951,0.5120000243186951,0.5120000243186951,0.5120000243186951,0.5120000243186951,0
2018-02-05,0.4909999966621399,0.4909999966621399,0.4909999966621399,0.48100000619888306,0.4819999933242798,11100
2018-02-06,0.4790000021457672,0.4790000021457672,0.4790000021457672,0.44999998807907104,0.4779999852180481,27800
2018-02-07,0.49000000953674316,0.49000000953674316,0.49000000953674316,0.48899999260902405,0.48899999260902405,2800
2018-02-08,0.49000000953674316,0.49000000953674316,0.49000000953674316,0.49000000953674316,0.49000000953674316,0
2018-02-09,0.49000000953674316,0.49000000953674316,0.49000000953674316,0.49000000953674316,0.49000000953674316,1000
2018-02-12,0.49000000953674316,0.49000000953674316,0.49000000953674316,0.49000000953674316,0.49000000953674316,3500
2018-02-13,0.5,0.5,0.5,0.48399999737739563,0.48399999737739563,9348
2018-02-14,0.5,0.5,0.5,0.5,0.5,216
2018-02-15,0.5080000162124634,0.5080000162124634,0.5080000162124634,0.5080000162124634,0.5080000162124634,100
2018-02-16,0.5080000162124634,0.5080000162124634,0.5080000162124634,0.5,0.5,9540
2018-02-19,0.5099999904632568,0.5099999904632568,0.5099999904632568,0.46299999952316284,0.46299999952316284,2704
2018-02-20,0.5099999904632568,0.5099999904632568,0.5099999904632568,0.5099999904632568,0.5099999904632568,0
2018-02-21,0.5099999904632568,0.5099999904632568,0.5099999904632568,0.5099999904632568,0.5099999904632568,1000
2018-02-22,0.5099999904632568,0.5099999904632568,0.5099999904632568,0.5099999904632568,0.5099999904632568,0
2018-02-23,0.5080000162124634,0.5080000162124634,0.5080000162124634,0.49900001287460327,0.5,5120
2018-02-26,0.5080000162124634,0.5080000162124634,0.5199999809265137,0.4909999966621399,0.5080000162124634,28344
2018-02-27,0.5080000162124634,0.5080000162124634,0.5080000162124634,0.5,0.5,13738
2018-02-28,0.5299999713897705,0.5299999713897705,0.5299999713897705,0.5099999904632568,0.5099999904632568,14614
2018-03-01,0.527999997138977,0.527999997138977,0.5299999713897705,0.5199999809265137,0.5299999713897705,42561
2018-03-02,0.5019999742507935,0.5019999742507935,0.5260000228881836,0.5019999742507935,0.5260000228881836,8148
2018-03-05,0.5,0.5,0.5,0.47200000286102295,0.49900001287460327,30739
2018-03-06,0.5,0.5,0.5,0.5,0.5,0
2018-03-07,0.5,0.5,0.5,0.4779999852180481,0.4779999852180481,1168
2018-03-08,0.49799999594688416,0.49799999594688416,0.49799999594688416,0.4779999852180481,0.4779999852180481,1454
2018-03-09,0.49900001287460327,0.49900001287460327,0.49900001287460327,0.4650000035762787,0.4779999852180481,7518
2018-03-12,0.49900001287460327,0.49900001287460327,0.49900001287460327,0.4699999988079071,0.49900001287460327,1100
2018-03-13,0.49900001287460327,0.49900001287460327,0.49900001287460327,0.49900001287460327,0.49900001287460327,0
2018-03-14,0.5,0.5,0.5,0.4699999988079071,0.47099998593330383,46505
2018-03-15,0.49900001287460327,0.49900001287460327,0.49900001287460327,0.48899999260902405,0.48899999260902405,8500
2018-03-16,0.49399998784065247,0.49399998784065247,0.49399998784065247,0.48500001430511475,0.48500001430511475,3000
2018-03-19,0.49399998784065247,0.49399998784065247,0.49399998784065247,0.47099998593330383,0.4749999940395355,3309
2018-03-20,0.49399998784065247,0.49399998784065247,0.49399998784065247,0.49399998784065247,0.49399998784065247,0
2018-03-21,0.4950000047683716,0.4950000047683716,0.4950000047683716,0.49000000953674316,0.49000000953674316,3000
2018-03-22,0.49399998784065247,0.49399998784065247,0.49399998784065247,0.47600001096725464,0.47600001096725464,5000
2018-03-23,0.49399998784065247,0.49399998784065247,0.49399998784065247,0.49399998784065247,0.49399998784065247,0
2018-03-26,0.49000000953674316,0.49000000953674316,0.49000000953674316,0.4699999988079071,0.4699999988079071,1001
2018-03-27,0.45899999141693115,0.45899999141693115,0.4860000014305115,0.4519999921321869,0.4860000014305115,110480
2018-03-28,0.460999995470047,0.460999995470047,0.460999995470047,0.460999995470047,0.460999995470047,283
2018-03-29,0.460999995470047,0.460999995470047,0.4699999988079071,0.460999995470047,0.4699999988079071,1584
2018-04-03,0.44600000977516174,0.44600000977516174,0.4690000116825104,0.44600000977516174,0.4690000116825104,1400
2018-04-04,0.43799999356269836,0.43799999356269836,0.44600000977516174,0.42100000381469727,0.44600000977516174,47361
2018-04-05,0.4399999976158142,0.4399999976158142,0.4399999976158142,0.4399999976158142,0.4399999976158142,1500
2018-04-06,0.4449999928474426,0.4449999928474426,0.4449999928474426,0.4449999928474426,0.4449999928474426,140
2018-04-09,0.4449999928474426,0.4449999928474426,0.4449999928474426,0.4449999928474426,0.4449999928474426,859
2018-04-10,0.4300000071525574,0.4300000071525574,0.4300000071525574,0.41999998688697815,0.421999990940094,4641
2018-04-11,0.4300000071525574,0.4300000071525574,0.4300000071525574,0.4300000071525574,0.4300000071525574,0
2018-04-12,0.41999998688697815,0.41999998688697815,0.4490000009536743,0.41999998688697815,0.4490000009536743,1025
2018-04-13,0.4399999976158142,0.4399999976158142,0.4399999976158142,0.4399999976158142,0.4399999976158142,1000
2018-04-16,0.4399999976158142,0.4399999976158142,0.4399999976158142,0.4399999976158142,0.4399999976158142,0
2018-04-17,0.4490000009536743,0.4490000009536743,0.44999998807907104,0.41600000858306885,0.44999998807907104,21329
2018-04-18,0.44999998807907104,0.44999998807907104,0.44999998807907104,0.44999998807907104,0.44999998807907104,6000
2018-04-19,0.4659999907016754,0.4659999907016754,0.4659999907016754,0.4659999907016754,0.4659999907016754,250
2018-04-20,0.4729999899864197,0.4729999899864197,0.4729999899864197,0.4729999899864197,0.4729999899864197,500
2018-04-23,0.4790000021457672,0.4790000021457672,0.4790000021457672,0.4449999928474426,0.4729999899864197,26270
2018-04-24,0.4790000021457672,0.4790000021457672,0.4790000021457672,0.4790000021457672,0.4790000021457672,0
2018-04-25,0.4790000021457672,0.4790000021457672,0.4790000021457672,0.4790000021457672,0.4790000021457672,0
2018-04-26,0.4699999988079071,0.4699999988079071,0.4740000069141388,0.4259999990463257,0.4259999990463257,39512
2018-04-27,0.4690000116825104,0.4690000116825104,0.4690000116825104,0.44999998807907104,0.44999998807907104,4661
2018-04-30,0.47699999809265137,0.47699999809265137,0.4779999852180481,0.4390000104904175,0.4399999976158142,2455
2018-05-02,0.4749999940395355,0.4749999940395355,0.4749999940395355,0.4749999940395355,0.4749999940395355,20
2018-05-03,0.4749999940395355,0.4749999940395355,0.4749999940395355,0.4749999940395355,0.4749999940395355,4
2018-05-04,0.4749999940395355,0.4749999940395355,0.4749999940395355,0.4749999940395355,0.4749999940395355,0
2018-05-07,0.4699999988079071,0.4699999988079071,0.4699999988079071,0.4350000023841858,0.4350000023841858,3946
2018-05-08,0.4699999988079071,0.4699999988079071,0.4699999988079071,0.4699999988079071,0.4699999988079071,0
2018-05-09,0.4699999988079071,0.4699999988079071,0.4699999988079071,0.4429999887943268,0.4429999887943268,3914
2018-05-11,0.4699999988079071,0.4699999988079071,0.4699999988079071,0.4699999988079071,0.4699999988079071,4000
2018-05-14,0.4699999988079071,0.4699999988079071,0.4699999988079071,0.4699999988079071,0.4699999988079071,0
2018-05-15,0.4699999988079071,0.4699999988079071,0.4699999988079071,0.4699999988079071,0.4699999988079071,0
2018-05-16,0.4749999940395355,0.4749999940395355,0.4749999940395355,0.4740000069141388,0.4740000069141388,2340
2018-05-17,0.4749999940395355,0.4749999940395355,0.4749999940395355,0.4749999940395355,0.4749999940395355,0
2018-05-18,0.4740000069141388,0.4740000069141388,0.4749999940395355,0.45500001311302185,0.45500001311302185,8800
2018-05-21,0.4740000069141388,0.4740000069141388,0.4749999940395355,0.4740000069141388,0.4749999940395355,1014
2018-05-22,0.4740000069141388,0.4740000069141388,0.4740000069141388,0.4740000069141388,0.4740000069141388,0
2018-05-23,0.4740000069141388,0.4740000069141388,0.4740000069141388,0.4740000069141388,0.4740000069141388,0
2018-05-24,0.46000000834465027,0.46000000834465027,0.46000000834465027,0.46000000834465027,0.46000000834465027,4600
2018-05-25,0.46000000834465027,0.46000000834465027,0.46000000834465027,0.46000000834465027,0.46000000834465027,0
2018-05-28,0.46000000834465027,0.46000000834465027,0.46000000834465027,0.46000000834465027,0.46000000834465027,0
2018-05-29,0.4729999899864197,0.4729999899864197,0.4729999899864197,0.44999998807907104,0.44999998807907104,2200
2018-05-30,0.4690000116825104,0.4690000116825104,0.4690000116825104,0.4350000023841858,0.4350000023841858,12460
2018-05-31,0.46399998664855957,0.46399998664855957,0.46399998664855957,0.46399998664855957,0.46399998664855957,420
2018-06-01,0.4390000104904175,0.4390000104904175,0.46399998664855957,0.4390000104904175,0.46399998664855957,8179
2018-06-04,0.4519999921321869,0.4519999921321869,0.4519999921321869,0.4390000104904175,0.4390000104904175,5350
2018-06-05,0.4519999921321869,0.4519999921321869,0.4519999921321869,0.4519999921321869,0.4519999921321869,0
2018-06-06,0.4519999921321869,0.4519999921321869,0.4519999921321869,0.44999998807907104,0.44999998807907104,1300
2018-06-07,0.4399999976158142,0.4399999976158142,0.4399999976158142,0.42500001192092896,0.4259999990463257,28941
2018-06-08,0.4480000138282776,0.4480000138282776,0.4480000138282776,0.4350000023841858,0.4390000104904175,9691
2018-06-11,0.4480000138282776,0.4480000138282776,0.4480000138282776,0.4480000138282776,0.4480000138282776,0
2018-06-12,0.4480000138282776,0.4480000138282776,0.4480000138282776,0.4480000138282776,0.4480000138282776,0
2018-06-13,0.4480000138282776,0.4480000138282776,0.4480000138282776,0.4480000138282776,0.4480000138282776,0
2018-06-14,0.44999998807907104,0.44999998807907104,0.4519999921321869,0.42100000381469727,0.4490000009536743,19307
2018-06-15,0.46000000834465027,0.46000000834465027,0.46000000834465027,0.44999998807907104,0.44999998807907104,2000
2018-06-18,0.46000000834465027,0.46000000834465027,0.46000000834465027,0.46000000834465027,0.46000000834465027,0
2018-06-19,0.46000000834465027,0.46000000834465027,0.4650000035762787,0.4399999976158142,0.4399999976158142,6396
2018-06-20,0.4650000035762787,0.4650000035762787,0.4650000035762787,0.46000000834465027,0.46000000834465027,529
2018-06-21,0.4650000035762787,0.4650000035762787,0.4650000035762787,0.4650000035762787,0.4650000035762787,0
2018-06-25,0.4399999976158142,0.4399999976158142,0.4790000021457672,0.4399999976158142,0.4699999988079071,3500
2018-06-26,0.45899999141693115,0.45899999141693115,0.45899999141693115,0.4399999976158142,0.4399999976158142,4275
2018-06-27,0.45899999141693115,0.45899999141693115,0.45899999141693115,0.45899999141693115,0.45899999141693115,0
2018-06-28,0.46000000834465027,0.46000000834465027,0.460999995470047,0.46000000834465027,0.46000000834465027,21588
2018-06-29,0.45899999141693115,0.45899999141693115,0.45899999141693115,0.45899999141693115,0.45899999141693115,1000
2018-07-02,0.45899999141693115,0.45899999141693115,0.45899999141693115,0.45899999141693115,0.45899999141693115,0
2018-07-03,0.45899999141693115,0.45899999141693115,0.45899999141693115,0.45899999141693115,0.45899999141693115,0
2018-07-04,0.46399998664855957,0.46399998664855957,0.4650000035762787,0.4300000071525574,0.4300000071525574,922
2018-07-05,0.4659999907016754,0.4659999907016754,0.4659999907016754,0.4659999907016754,0.4659999907016754,5000
2018-07-06,0.5479999780654907,0.5479999780654907,0.5479999780654907,0.4659999907016754,0.4659999907016754,11320
2018-07-09,0.5139999985694885,0.5139999985694885,0.5180000066757202,0.5099999904632568,0.5180000066757202,935
2018-07-10,0.5099999904632568,0.5099999904632568,0.5099999904632568,0.5099999904632568,0.5099999904632568,50
2018-07-11,0.5099999904632568,0.5099999904632568,0.5099999904632568,0.5099999904632568,0.5099999904632568,0
2018-07-12,0.5,0.5,0.5,0.44999998807907104,0.4699999988079071,5311
2018-07-13,0.5080000162124634,0.5080000162124634,0.5080000162124634,0.5,0.5,2550
2018-07-16,0.5080000162124634,0.5080000162124634,0.5080000162124634,0.5080000162124634,0.5080000162124634,0
2018-07-17,0.5080000162124634,0.5080000162124634,0.5080000162124634,0.5080000162124634,0.5080000162124634,0
2018-07-18,0.5080000162124634,0.5080000162124634,0.5080000162124634,0.5080000162124634,0.5080000162124634,0
2018-07-19,0.5080000162124634,0.5080000162124634,0.5080000162124634,0.5080000162124634,0.5080000162124634,0
2018-07-20,0.5,0.5,0.5,0.5,0.5,10
2018-07-23,0.5,0.5,0.5,0.45500001311302185,0.45500001311302185,3600
2018-07-24,0.5,0.5,0.5,0.4560000002384186,0.4560000002384186,5811
2018-07-25,0.5,0.5,0.5,0.47099998593330383,0.47099998593330383,1980
2018-07-26,0.49900001287460327,0.49900001287460327,0.49900001287460327,0.49900001287460327,0.49900001287460327,100
2018-07-27,0.49900001287460327,0.49900001287460327,0.49900001287460327,0.49900001287460327,0.49900001287460327,0
2018-07-30,0.49900001287460327,0.49900001287460327,0.5,0.45100000500679016,0.5,3835
2018-07-31,0.49799999594688416,0.49799999594688416,0.49799999594688416,0.46700000762939453,0.46700000762939453,3868
2018-08-01,0.49900001287460327,0.49900001287460327,0.49900001287460327,0.49000000953674316,0.49000000953674316,7350
2018-08-02,0.5,0.5,0.5,0.5,0.5,2036
2018-08-03,0.49799999594688416,0.49799999594688416,0.49799999594688416,0.49799999594688416,0.49799999594688416,20
2018-08-06,0.4959999918937683,0.4959999918937683,0.4959999918937683,0.47699999809265137,0.4959999918937683,7476
2018-08-07,0.49799999594688416,0.49799999594688416,0.49799999594688416,0.4410000145435333,0.4819999933242798,17686
2018-08-08,0.49799999594688416,0.49799999594688416,0.49799999594688416,0.49799999594688416,0.49799999594688416,0
2018-08-09,0.49799999594688416,0.49799999594688416,0.49799999594688416,0.4740000069141388,0.49799999594688416,5052
2018-08-10,0.5,0.5,0.5120000243186951,0.4740000069141388,0.49000000953674316,14669
2018-08-13,0.5099999904632568,0.5099999904632568,0.5180000066757202,0.5,0.5,7648
2018-08-14,0.5099999904632568,0.5099999904632568,0.5099999904632568,0.47999998927116394,0.4950000047683716,10746
2018-08-15,0.5099999904632568,0.5099999904632568,0.5099999904632568,0.5080000162124634,0.5080000162124634,667
2018-08-16,0.5080000162124634,0.5080000162124634,0.5080000162124634,0.5080000162124634,0.5080000162124634,110
2018-08-17,0.5059999823570251,0.5059999823570251,0.5059999823570251,0.5059999823570251,0.5059999823570251,29
2018-08-20,0.5080000162124634,0.5080000162124634,0.5080000162124634,0.5059999823570251,0.5059999823570251,16000
2018-08-21,0.49799999594688416,0.49799999594688416,0.49799999594688416,0.492000013589859,0.492000013589859,800
2018-08-22,0.5040000081062317,0.5040000081062317,0.5040000081062317,0.49799999594688416,0.49799999594688416,7000
2018-08-23,0.5080000162124634,0.5080000162124634,0.5199999809265137,0.4569999873638153,0.4569999873638153,31095
2018-08-24,0.48899999260902405,0.48899999260902405,0.48899999260902405,0.46399998664855957,0.47999998927116394,5167
2018-08-27,0.4449999928474426,0.4449999928474426,0.46700000762939453,0.4449999928474426,0.46700000762939453,44210
2018-08-28,0.4659999907016754,0.4659999907016754,0.4659999907016754,0.4659999907016754,0.4659999907016754,2240
2018-08-29,0.4410000145435333,0.4410000145435333,0.45100000500679016,0.4410000145435333,0.4449999928474426,37981
2018-08-30,0.45500001311302185,0.45500001311302185,0.46299999952316284,0.4449999928474426,0.4580000042915344,8201
2018-08-31,0.45500001311302185,0.45500001311302185,0.45500001311302185,0.45500001311302185,0.45500001311302185,0
2018-09-03,0.4410000145435333,0.4410000145435333,0.4410000145435333,0.4410000145435333,0.4410000145435333,500
2018-09-04,0.4410000145435333,0.4410000145435333,0.4410000145435333,0.4410000145435333,0.4410000145435333,0
2018-09-05,0.4339999854564667,0.4339999854564667,0.4339999854564667,0.4339999854564667,0.4339999854564667,720
2018-09-06,0.4339999854564667,0.4339999854564667,0.4339999854564667,0.4339999854564667,0.4339999854564667,290
2018-09-07,0.4300000071525574,0.4300000071525574,0.4339999854564667,0.4300000071525574,0.4339999854564667,7701
2018-09-10,0.4129999876022339,0.4129999876022339,0.4129999876022339,0.4129999876022339,0.4129999876022339,3920
2018-09-11,0.414000004529953,0.414000004529953,0.414000004529953,0.414000004529953,0.414000004529953,181
2018-09-12,0.4099999964237213,0.4099999964237213,0.41999998688697815,0.4099999964237213,0.41999998688697815,3090
2018-09-13,0.4099999964237213,0.4099999964237213,0.4099999964237213,0.4099999964237213,0.4099999964237213,0
2018-09-14,0.4650000035762787,0.4650000035762787,0.4650000035762787,0.40299999713897705,0.40299999713897705,4784
2018-09-17,0.46399998664855957,0.46399998664855957,0.46399998664855957,0.46399998664855957,0.46399998664855957,100
2018-09-18,0.41999998688697815,0.41999998688697815,0.41999998688697815,0.4059999883174896,0.4059999883174896,320
2018-09-19,0.41999998688697815,0.41999998688697815,0.41999998688697815,0.41999998688697815,0.41999998688697815,1000
2018-09-20,0.41999998688697815,0.41999998688697815,0.41999998688697815,0.41999998688697815,0.41999998688697815,0
2018-09-21,0.4090000092983246,0.4090000092983246,0.4090000092983246,0.4090000092983246,0.4090000092983246,500
2018-09-24,0.41999998688697815,0.41999998688697815,0.4490000009536743,0.4090000092983246,0.4490000009536743,13629
2018-09-25,0.4449999928474426,0.4449999928474426,0.4480000138282776,0.4449999928474426,0.4480000138282776,750
2018-09-26,0.4449999928474426,0.4449999928474426,0.4449999928474426,0.4449999928474426,0.4449999928474426,0
2018-09-27,0.4449999928474426,0.4449999928474426,0.44600000977516174,0.4449999928474426,0.44600000977516174,650
2018-09-28,0.43700000643730164,0.43700000643730164,0.43700000643730164,0.4099999964237213,0.4099999964237213,1120
2018-10-01,0.43700000643730164,0.43700000643730164,0.43700000643730164,0.43700000643730164,0.43700000643730164,0
2018-10-02,0.43700000643730164,0.43700000643730164,0.43700000643730164,0.43700000643730164,0.43700000643730164,0
2018-10-03,0.43700000643730164,0.43700000643730164,0.43700000643730164,0.43700000643730164,0.43700000643730164,0
2018-10-04,0.43700000643730164,0.43700000643730164,0.43700000643730164,0.43700000643730164,0.43700000643730164,150
2018-10-05,0.43700000643730164,0.43700000643730164,0.43700000643730164,0.43700000643730164,0.43700000643730164,500
2018-10-08,0.43700000643730164,0.43700000643730164,0.43700000643730164,0.43700000643730164,0.43700000643730164,0
2018-10-09,0.43700000643730164,0.43700000643730164,0.43700000643730164,0.43700000643730164,0.43700000643730164,0
2018-10-10,0.4269999861717224,0.4269999861717224,0.4269999861717224,0.4020000100135803,0.4020000100135803,500
2018-10-11,0.4269999861717224,0.4269999861717224,0.4269999861717224,0.4269999861717224,0.4269999861717224,0
2018-10-12,0.41999998688697815,0.41999998688697815,0.41999998688697815,0.41999998688697815,0.41999998688697815,300
2018-10-15,0.41999998688697815,0.41999998688697815,0.41999998688697815,0.4020000100135803,0.4020000100135803,899
2018-10-16,0.41999998688697815,0.41999998688697815,0.41999998688697815,0.41999998688697815,0.41999998688697815,0
2018-10-17,0.41999998688697815,0.41999998688697815,0.41999998688697815,0.41999998688697815,0.41999998688697815,0
2018-10-18,0.40400001406669617,0.40400001406669617,0.40400001406669617,0.40400001406669617,0.40400001406669617,4000
2018-10-19,0.41499999165534973,0.41499999165534973,0.41499999165534973,0.41499999165534973,0.41499999165534973,700
2018-10-22,0.41499999165534973,0.41499999165534973,0.41499999165534973,0.41499999165534973,0.41499999165534973,0
2018-10-23,0.35199999809265137,0.35199999809265137,0.4000000059604645,0.35199999809265137,0.4000000059604645,2300
2018-10-24,0.35199999809265137,0.35199999809265137,0.35199999809265137,0.35199999809265137,0.35199999809265137,0
2018-10-25,0.3799999952316284,0.3799999952316284,0.38999998569488525,0.3799999952316284,0.38999998569488525,300
2018-10-26,0.3630000054836273,0.3630000054836273,0.3630000054836273,0.3630000054836273,0.3630000054836273,68
2018-10-29,0.3799999952316284,0.3799999952316284,0.3799999952316284,0.3799999952316284,0.3799999952316284,110
2018-10-30,0.3799999952316284,0.3799999952316284,0.3799999952316284,0.3799999952316284,0.3799999952316284,1315
2018-10-31,0.4090000092983246,0.4090000092983246,0.4090000092983246,0.3790000081062317,0.3790000081062317,5000
2018-11-01,0.4129999876022339,0.4129999876022339,0.4129999876022339,0.4090000092983246,0.4090000092983246,249
2018-11-02,0.4129999876022339,0.4129999876022339,0.4129999876022339,0.4129999876022339,0.4129999876022339,0
2018-11-05,0.35199999809265137,0.35199999809265137,0.35199999809265137,0.35199999809265137,0.35199999809265137,250
2018-11-06,0.3610000014305115,0.3610000014305115,0.3619999885559082,0.3610000014305115,0.3619999885559082,1500
2018-11-07,0.375,0.375,0.41200000047683716,0.35499998927116394,0.41200000047683716,11720
2018-11-08,0.38999998569488525,0.38999998569488525,0.38999998569488525,0.38999998569488525,0.38999998569488525,1497
2018-11-09,0.38999998569488525,0.38999998569488525,0.38999998569488525,0.38999998569488525,0.38999998569488525,0
2018-11-12,0.4000000059604645,0.4000000059604645,0.4000000059604645,0.4000000059604645,0.4000000059604645,5
2018-11-13,0.4000000059604645,0.4000000059604645,0.4000000059604645,0.4000000059604645,0.4000000059604645,0
2018-11-14,0.3880000114440918,0.3880000114440918,0.3889999985694885,0.3799999952316284,0.3799999952316284,11127
2018-11-15,0.3799999952316284,0.3799999952316284,0.3799999952316284,0.3799999952316284,0.3799999952316284,120
2018-11-16,0.39899998903274536,0.39899998903274536,0.39899998903274536,0.3540000021457672,0.3540000021457672,1001
2018-11-19,0.3400000035762787,0.3400000035762787,0.4000000059604645,0.3400000035762787,0.4000000059604645,17934
2018-11-20,0.31299999356269836,0.31299999356269836,0.3779999911785126,0.31299999356269836,0.3779999911785126,7186
2018-11-21,0.3199999928474426,0.3199999928474426,0.3199999928474426,0.3199999928474426,0.3199999928474426,2500
2018-11-22,0.3199999928474426,0.3199999928474426,0.3199999928474426,0.3199999928474426,0.3199999928474426,1499
2018-11-23,0.3199999928474426,0.3199999928474426,0.3199999928474426,0.3199999928474426,0.3199999928474426,0
2018-11-26,0.3569999933242798,0.3569999933242798,0.3569999933242798,0.3199999928474426,0.3199999928474426,1075
2018-11-27,0.3499999940395355,0.3499999940395355,0.3499999940395355,0.3499999940395355,0.3499999940395355,700
2018-11-28,0.3499999940395355,0.3499999940395355,0.3580000102519989,0.3499999940395355,0.3580000102519989,528
2018-11-29,0.35499998927116394,0.35499998927116394,0.35499998927116394,0.3199999928474426,0.3199999928474426,3155
2018-11-30,0.35499998927116394,0.35499998927116394,0.35499998927116394,0.35499998927116394,0.35499998927116394,0
2018-12-03,0.3490000069141388,0.3490000069141388,0.3490000069141388,0.3490000069141388,0.3490000069141388,79
2018-12-04,0.33000001311302185,0.33000001311302185,0.33000001311302185,0.33000001311302185,0.33000001311302185,280
2018-12-05,0.33000001311302185,0.33000001311302185,0.33000001311302185,0.33000001311302185,0.33000001311302185,1050
2018-12-07,0.31200000643730164,0.31200000643730164,0.3199999928474426,0.31200000643730164,0.3199999928474426,3300
2018-12-10,0.2809999883174896,0.2809999883174896,0.3100000023841858,0.2809999883174896,0.3100000023841858,3445
2018-12-11,0.296999990940094,0.296999990940094,0.296999990940094,0.2849999964237213,0.2849999964237213,2631
2018-12-12,0.2980000078678131,0.2980000078678131,0.2980000078678131,0.2980000078678131,0.2980000078678131,1301
2018-12-13,0.2750000059604645,0.2750000059604645,0.2980000078678131,0.2750000059604645,0.28999999165534973,3160
2018-12-14,0.2750000059604645,0.2750000059604645,0.2809999883174896,0.27399998903274536,0.2809999883174896,10310
2018-12-17,0.2750000059604645,0.2750000059604645,0.2750000059604645,0.25099998712539673,0.2750000059604645,2610
2018-12-18,0.2750000059604645,0.2750000059604645,0.2750000059604645,0.2750000059604645,0.2750000059604645,500
2018-12-19,0.25600001215934753,0.25600001215934753,0.2750000059604645,0.25600001215934753,0.27000001072883606,4900
2018-12-20,0.29899999499320984,0.29899999499320984,0.3089999854564667,0.22200000286102295,0.22200000286102295,4934
2018-12-21,0.28999999165534973,0.28999999165534973,0.3089999854564667,0.2800000011920929,0.296999990940094,24851
2018-12-27,0.27000001072883606,0.27000001072883606,0.2750000059604645,0.25200000405311584,0.25200000405311584,15405
2018-12-28,0.24500000476837158,0.24500000476837158,0.30000001192092896,0.24500000476837158,0.27000001072883606,18694
2019-01-02,0.25999999046325684,0.25999999046325684,0.25999999046325684,0.25999999046325684,0.25999999046325684,80
2019-01-03,0.25999999046325684,0.25999999046325684,0.25999999046325684,0.25999999046325684,0.25999999046325684,0
2019-01-04,0.3199999928474426,0.3199999928474426,0.3199999928474426,0.3199999928474426,0.3199999928474426,437
2019-01-07,0.3790000081062317,0.3790000081062317,0.38499999046325684,0.3790000081062317,0.38499999046325684,2233
2019-01-08,0.3790000081062317,0.3790000081062317,0.38199999928474426,0.3790000081062317,0.38199999928474426,4430
2019-01-09,0.3790000081062317,0.3790000081062317,0.3790000081062317,0.3790000081062317,0.3790000081062317,0
2019-01-10,0.3790000081062317,0.3790000081062317,0.3790000081062317,0.3790000081062317,0.3790000081062317,0
2019-01-11,0.3790000081062317,0.3790000081062317,0.3790000081062317,0.3790000081062317,0.3790000081062317,0
2019-01-14,0.36800000071525574,0.36800000071525574,0.36800000071525574,0.36800000071525574,0.36800000071525574,21
2019-01-15,0.35600000619888306,0.35600000619888306,0.35600000619888306,0.35600000619888306,0.35600000619888306,150
2019-01-16,0.35600000619888306,0.35600000619888306,0.35600000619888306,0.35600000619888306,0.35600000619888306,0
2019-01-17,0.35600000619888306,0.35600000619888306,0.35600000619888306,0.35600000619888306,0.35600000619888306,0
2019-01-18,0.3540000021457672,0.3540000021457672,0.3540000021457672,0.3540000021457672,0.3540000021457672,858
2019-01-21,0.3540000021457672,0.3540000021457672,0.3540000021457672,0.3540000021457672,0.3540000021457672,885
2019-01-22,0.3540000021457672,0.3540000021457672,0.3540000021457672,0.3009999990463257,0.3540000021457672,2322
2019-01-23,0.3569999933242798,0.3569999933242798,0.3569999933242798,0.3540000021457672,0.3540000021457672,1212
2019-01-24,0.3149999976158142,0.3149999976158142,0.35600000619888306,0.3149999976158142,0.35600000619888306,9106
2019-01-25,0.3009999990463257,0.3009999990463257,0.33000001311302185,0.3009999990463257,0.33000001311302185,11900
2019-01-28,0.3009999990463257,0.3009999990463257,0.3009999990463257,0.3009999990463257,0.3009999990463257,0
2019-01-29,0.33799999952316284,0.33799999952316284,0.3400000035762787,0.33000001311302185,0.3400000035762787,356
2019-01-30,0.3310000002384186,0.3310000002384186,0.3310000002384186,0.3310000002384186,0.3310000002384186,500
2019-01-31,0.3019999861717224,0.3019999861717224,0.3199999928474426,0.3019999861717224,0.3199999928474426,7622
2019-02-01,0.3199999928474426,0.3199999928474426,0.3199999928474426,0.3199999928474426,0.3199999928474426,1
2019-02-04,0.3400000035762787,0.3400000035762787,0.3400000035762787,0.3400000035762787,0.3400000035762787,130
2019-02-05,0.3400000035762787,0.3400000035762787,0.3400000035762787,0.3400000035762787,0.3400000035762787,0
2019-02-06,0.3400000035762787,0.3400000035762787,0.3400000035762787,0.3400000035762787,0.3400000035762787,0
2019-02-07,0.33000001311302185,0.33000001311302185,0.33799999952316284,0.3190000057220459,0.3190000057220459,2665
2019-02-08,0.33000001311302185,0.33000001311302185,0.33000001311302185,0.33000001311302185,0.33000001311302185,0
2019-02-11,0.33899998664855957,0.33899998664855957,0.33899998664855957,0.33899998664855957,0.33899998664855957,3000
2019-02-12,0.33899998664855957,0.33899998664855957,0.33899998664855957,0.33899998664855957,0.33899998664855957,0
2019-02-13,0.33899998664855957,0.33899998664855957,0.33899998664855957,0.33899998664855957,0.33899998664855957,0
2019-02-14,0.33899998664855957,0.33899998664855957,0.33899998664855957,0.33899998664855957,0.33899998664855957,0
2019-02-15,0.33899998664855957,0.33899998664855957,0.33899998664855957,0.33899998664855957,0.33899998664855957,0
2019-02-18,0.33799999952316284,0.33799999952316284,0.33799999952316284,0.3019999861717224,0.3019999861717224,1550
2019-02-19,0.33799999952316284,0.33799999952316284,0.33799999952316284,0.33799999952316284,0.33799999952316284,0
2019-02-20,0.33799999952316284,0.33799999952316284,0.33799999952316284,0.33799999952316284,0.33799999952316284,0
2019-02-21,0.3059999942779541,0.3059999942779541,0.3059999942779541,0.3019999861717224,0.30399999022483826,2661
2019-02-22,0.3199999928474426,0.3199999928474426,0.3199999928474426,0.3199999928474426,0.3199999928474426,1065
2019-02-25,0.3199999928474426,0.3199999928474426,0.3199999928474426,0.3199999928474426,0.3199999928474426,0
2019-02-26,0.375,0.375,0.41999998688697815,0.35499998927116394,0.35499998927116394,115352
2019-02-27,0.36000001430511475,0.36000001430511475,0.37599998712539673,0.3569999933242798,0.37599998712539673,8043
2019-02-28,0.36000001430511475,0.36000001430511475,0.36000001430511475,0.36000001430511475,0.36000001430511475,0
2019-03-01,0.3499999940395355,0.3499999940395355,0.35499998927116394,0.3499999940395355,0.35499998927116394,2985
2019-03-04,0.35100001096725464,0.35100001096725464,0.35100001096725464,0.3499999940395355,0.3499999940395355,47760
2019-03-05,0.3799999952316284,0.3799999952316284,0.39800000190734863,0.3310000002384186,0.3310000002384186,18903
2019-03-06,0.36500000953674316,0.36500000953674316,0.375,0.36500000953674316,0.375,7049
2019-03-07,0.34299999475479126,0.34299999475479126,0.34299999475479126,0.34299999475479126,0.34299999475479126,151
2019-03-08,0.3700000047683716,0.3700000047683716,0.3700000047683716,0.34599998593330383,0.34599998593330383,1065
2019-03-11,0.3610000014305115,0.3610000014305115,0.3790000081062317,0.3610000014305115,0.3700000047683716,23788
2019-03-12,0.36000001430511475,0.36000001430511475,0.36000001430511475,0.36000001430511475,0.36000001430511475,69
2019-03-13,0.36500000953674316,0.36500000953674316,0.36500000953674316,0.36500000953674316,0.36500000953674316,307
2019-03-14,0.35100001096725464,0.35100001096725464,0.367000013589859,0.35100001096725464,0.367000013589859,12627
2019-03-15,0.35499998927116394,0.35499998927116394,0.36399999260902405,0.35499998927116394,0.35499998927116394,4449
2019-03-18,0.35499998927116394,0.35499998927116394,0.35499998927116394,0.35499998927116394,0.35499998927116394,0
2019-03-19,0.33799999952316284,0.33799999952316284,0.34299999475479126,0.33799999952316284,0.34299999475479126,11600
2019-03-20,0.34700000286102295,0.34700000286102295,0.34700000286102295,0.32199999690055847,0.3370000123977661,12000
2019-03-21,0.3449999988079071,0.3449999988079071,0.34700000286102295,0.3449999988079071,0.34700000286102295,2235
2019-03-22,0.3449999988079071,0.3449999988079071,0.3449999988079071,0.3449999988079071,0.3449999988079071,10145
2019-03-25,0.3449999988079071,0.3449999988079071,0.3449999988079071,0.3449999988079071,0.3449999988079071,100
2019-03-26,0.3319999873638153,0.3319999873638153,0.33799999952316284,0.3319999873638153,0.33799999952316284,8000
2019-03-27,0.3370000123977661,0.3370000123977661,0.3370000123977661,0.3330000042915344,0.3330000042915344,5000
2019-03-28,0.33000001311302185,0.33000001311302185,0.33000001311302185,0.33000001311302185,0.33000001311302185,103
2019-03-29,0.31299999356269836,0.31299999356269836,0.3230000138282776,0.31299999356269836,0.3230000138282776,40053
2019-04-01,0.3140000104904175,0.3140000104904175,0.3140000104904175,0.3140000104904175,0.3140000104904175,84
2019-04-02,0.32199999690055847,0.32199999690055847,0.32199999690055847,0.31200000643730164,0.31200000643730164,5410
2019-04-03,0.335999995470047,0.335999995470047,0.335999995470047,0.33000001311302185,0.33000001311302185,370
2019-04-04,0.3240000009536743,0.3240000009536743,0.3240000009536743,0.3240000009536743,0.3240000009536743,4022
2019-04-05,0.3199999928474426,0.3199999928474426,0.328000009059906,0.3199999928474426,0.3240000009536743,8282
2019-04-08,0.335999995470047,0.335999995470047,0.3499999940395355,0.335999995470047,0.3499999940395355,9244
2019-04-09,0.33000001311302185,0.33000001311302185,0.33000001311302185,0.328000009059906,0.328000009059906,1527
2019-04-10,0.33000001311302185,0.33000001311302185,0.33000001311302185,0.33000001311302185,0.33000001311302185,0
2019-04-11,0.33000001311302185,0.33000001311302185,0.33000001311302185,0.32600000500679016,0.32600000500679016,7100
2019-04-12,0.32600000500679016,0.32600000500679016,0.32600000500679016,0.32600000500679016,0.32600000500679016,50
2019-04-15,0.335999995470047,0.335999995470047,0.335999995470047,0.3319999873638153,0.3319999873638153,3571
2019-04-16,0.33799999952316284,0.33799999952316284,0.33799999952316284,0.33799999952316284,0.33799999952316284,28
2019-04-17,0.335999995470047,0.335999995470047,0.335999995470047,0.335999995470047,0.335999995470047,13
2019-04-18,0.335999995470047,0.335999995470047,0.335999995470047,0.335999995470047,0.335999995470047,0
2019-04-23,0.3400000035762787,0.3400000035762787,0.3400000035762787,0.33000001311302185,0.3400000035762787,281
2019-04-24,0.34200000762939453,0.34200000762939453,0.34200000762939453,0.33399999141693115,0.3400000035762787,7002
2019-04-25,0.34200000762939453,0.34200000762939453,0.34200000762939453,0.34200000762939453,0.34200000762939453,2000
2019-04-26,0.34200000762939453,0.34200000762939453,0.34200000762939453,0.34200000762939453,0.34200000762939453,0
2019-04-29,0.33399999141693115,0.33399999141693115,0.33399999141693115,0.33399999141693115,0.33399999141693115,4523
2019-04-30,0.32600000500679016,0.32600000500679016,0.32600000500679016,0.32600000500679016,0.32600000500679016,6672
2019-05-02,0.33000001311302185,0.33000001311302185,0.33000001311302185,0.33000001311302185,0.33000001311302185,1600
2019-05-03,0.335999995470047,0.335999995470047,0.335999995470047,0.335999995470047,0.335999995470047,1
2019-05-06,0.32199999690055847,0.32199999690055847,0.335999995470047,0.32199999690055847,0.335999995470047,12629
2019-05-07,0.3160000145435333,0.3160000145435333,0.32199999690055847,0.3160000145435333,0.32199999690055847,8414
2019-05-08,0.29600000381469727,0.29600000381469727,0.30000001192092896,0.28999999165534973,0.2939999997615814,30822
2019-05-09,0.30399999022483826,0.30399999022483826,0.30399999022483826,0.30399999022483826,0.30399999022483826,245
2019-05-10,0.2980000078678131,0.2980000078678131,0.30000001192092896,0.2980000078678131,0.2980000078678131,6395
2019-05-13,0.2879999876022339,0.2879999876022339,0.28999999165534973,0.2800000011920929,0.2800000011920929,6993
2019-05-14,0.2879999876022339,0.2879999876022339,0.2879999876022339,0.2879999876022339,0.2879999876022339,0
2019-05-15,0.2879999876022339,0.2879999876022339,0.2879999876022339,0.2879999876022339,0.2879999876022339,0
2019-05-16,0.28999999165534973,0.28999999165534973,0.28999999165534973,0.28999999165534973,0.28999999165534973,2284
2019-05-17,0.28999999165534973,0.28999999165534973,0.28999999165534973,0.28999999165534973,0.28999999165534973,540
2019-05-20,0.28999999165534973,0.28999999165534973,0.28999999165534973,0.28999999165534973,0.28999999165534973,2243
2019-05-21,0.27799999713897705,0.27799999713897705,0.2980000078678131,0.27799999713897705,0.2980000078678131,36830
2019-05-22,0.2840000092983246,0.2840000092983246,0.2840000092983246,0.2840000092983246,0.2840000092983246,220
2019-05-23,0.2840000092983246,0.2840000092983246,0.2840000092983246,0.2840000092983246,0.2840000092983246,0
2019-05-24,0.28600001335144043,0.28600001335144043,0.2939999997615814,0.28200000524520874,0.2939999997615814,11554
2019-05-27,0.28600001335144043,0.28600001335144043,0.28999999165534973,0.28600001335144043,0.28999999165534973,130
2019-05-28,0.28600001335144043,0.28600001335144043,0.28600001335144043,0.28600001335144043,0.28600001335144043,0
2019-05-29,0.2800000011920929,0.2800000011920929,0.2800000011920929,0.2800000011920929,0.2800000011920929,5000
2019-05-31,0.2800000011920929,0.2800000011920929,0.28600001335144043,0.2800000011920929,0.2800000011920929,10914
2019-06-03,0.2840000092983246,0.2840000092983246,0.28600001335144043,0.2840000092983246,0.2840000092983246,751
2019-06-04,0.2840000092983246,0.2840000092983246,0.2840000092983246,0.2840000092983246,0.2840000092983246,0
2019-06-05,0.2879999876022339,0.2879999876022339,0.28999999165534973,0.28600001335144043,0.28999999165534973,2315
2019-06-06,0.28200000524520874,0.28200000524520874,0.28200000524520874,0.28200000524520874,0.28200000524520874,19
2019-06-07,0.28200000524520874,0.28200000524520874,0.28200000524520874,0.28200000524520874,0.28200000524520874,0
2019-06-10,0.2800000011920929,0.2800000011920929,0.2879999876022339,0.2800000011920929,0.2879999876022339,3040
2019-06-11,0.28600001335144043,0.28600001335144043,0.28600001335144043,0.27399998903274536,0.27399998903274536,5100
2019-06-12,0.28600001335144043,0.28600001335144043,0.28600001335144043,0.28600001335144043,0.28600001335144043,0
2019-06-13,0.28600001335144043,0.28600001335144043,0.28600001335144043,0.28600001335144043,0.28600001335144043,0
2019-06-14,0.28600001335144043,0.28600001335144043,0.28600001335144043,0.28600001335144043,0.28600001335144043,135
2019-06-17,0.28600001335144043,0.28600001335144043,0.28999999165534973,0.28600001335144043,0.28999999165534973,555
2019-06-18,0.28600001335144043,0.28600001335144043,0.28600001335144043,0.28600001335144043,0.28600001335144043,0
2019-06-19,0.28600001335144043,0.28600001335144043,0.28600001335144043,0.28600001335144043,0.28600001335144043,0
2019-06-20,0.28600001335144043,0.28600001335144043,0.28600001335144043,0.28600001335144043,0.28600001335144043,0
2019-06-24,0.28999999165534973,0.28999999165534973,0.2919999957084656,0.28999999165534973,0.2919999957084656,8518
2019-06-25,0.28999999165534973,0.28999999165534973,0.28999999165534973,0.28999999165534973,0.28999999165534973,10040
2019-06-26,0.28999999165534973,0.28999999165534973,0.28999999165534973,0.28999999165534973,0.28999999165534973,0
2019-06-27,0.29600000381469727,0.29600000381469727,0.29600000381469727,0.28999999165534973,0.28999999165534973,2000
2019-06-28,0.2939999997615814,0.2939999997615814,0.30000001192092896,0.2919999957084656,0.30000001192092896,3230
2019-07-01,0.30000001192092896,0.30000001192092896,0.30000001192092896,0.30000001192092896,0.30000001192092896,70
2019-07-02,0.2939999997615814,0.2939999997615814,0.3400000035762787,0.2939999997615814,0.3400000035762787,14068
2019-07-03,0.3019999861717224,0.3019999861717224,0.3019999861717224,0.29600000381469727,0.2980000078678131,4653
2019-07-04,0.30799999833106995,0.30799999833106995,0.30799999833106995,0.30799999833106995,0.30799999833106995,2030
2019-07-05,0.30000001192092896,0.30000001192092896,0.30000001192092896,0.30000001192092896,0.30000001192092896,3756
2019-07-08,0.30000001192092896,0.30000001192092896,0.3059999942779541,0.30000001192092896,0.3059999942779541,74
2019-07-09,0.30000001192092896,0.30000001192092896,0.30000001192092896,0.30000001192092896,0.30000001192092896,25
2019-07-10,0.30000001192092896,0.30000001192092896,0.30000001192092896,0.30000001192092896,0.30000001192092896,0
2019-07-11,0.30000001192092896,0.30000001192092896,0.30000001192092896,0.30000001192092896,0.30000001192092896,0
2019-07-12,0.3019999861717224,0.3019999861717224,0.3019999861717224,0.30000001192092896,0.30000001192092896,10246
2019-07-15,0.30000001192092896,0.30000001192092896,0.30000001192092896,0.29600000381469727,0.30000001192092896,7804
2019-07-16,0.30000001192092896,0.30000001192092896,0.30000001192092896,0.30000001192092896,0.30000001192092896,1819
2019-07-17,0.28999999165534973,0.28999999165534973,0.28999999165534973,0.28999999165534973,0.28999999165534973,30
2019-07-18,0.29600000381469727,0.29600000381469727,0.29600000381469727,0.28999999165534973,0.28999999165534973,2618
2019-07-19,0.29600000381469727,0.29600000381469727,0.29600000381469727,0.29600000381469727,0.29600000381469727,0
2019-07-22,0.2919999957084656,0.2919999957084656,0.29600000381469727,0.28999999165534973,0.28999999165534973,858
2019-07-23,0.30399999022483826,0.30399999022483826,0.30399999022483826,0.2980000078678131,0.2980000078678131,5750
2019-07-24,0.30000001192092896,0.30000001192092896,0.30000001192092896,0.2980000078678131,0.30000001192092896,11000
2019-07-25,0.3019999861717224,0.3019999861717224,0.3019999861717224,0.30000001192092896,0.30000001192092896,7100
2019-07-26,0.3019999861717224,0.3019999861717224,0.3019999861717224,0.3019999861717224,0.3019999861717224,0
2019-07-29,0.3019999861717224,0.3019999861717224,0.3019999861717224,0.3019999861717224,0.3019999861717224,2100
2019-07-30,0.2919999957084656,0.2919999957084656,0.2980000078678131,0.28999999165534973,0.29600000381469727,8789
2019-07-31,0.2879999876022339,0.2879999876022339,0.2879999876022339,0.2879999876022339,0.2879999876022339,227
2019-08-01,0.29600000381469727,0.29600000381469727,0.29600000381469727,0.2939999997615814,0.2939999997615814,5000
2019-08-02,0.2980000078678131,0.2980000078678131,0.2980000078678131,0.28999999165534973,0.28999999165534973,9513
2019-08-05,0.31200000643730164,0.31200000643730164,0.31200000643730164,0.30000001192092896,0.30399999022483826,16600
2019-08-06,0.3019999861717224,0.3019999861717224,0.3059999942779541,0.3019999861717224,0.3059999942779541,1800
2019-08-07,0.29600000381469727,0.29600000381469727,0.29600000381469727,0.29600000381469727,0.29600000381469727,5000
2019-08-08,0.30000001192092896,0.30000001192092896,0.30000001192092896,0.2980000078678131,0.2980000078678131,22089
2019-08-09,0.2939999997615814,0.2939999997615814,0.2939999997615814,0.2939999997615814,0.2939999997615814,5003
2019-08-12,0.2879999876022339,0.2879999876022339,0.2879999876022339,0.2879999876022339,0.2879999876022339,458
2019-08-13,0.2980000078678131,0.2980000078678131,0.2980000078678131,0.28999999165534973,0.28999999165534973,2902
2019-08-14,0.2879999876022339,0.2879999876022339,0.2939999997615814,0.2879999876022339,0.2939999997615814,10033
2019-08-15,0.2879999876022339,0.2879999876022339,0.2879999876022339,0.2879999876022339,0.2879999876022339,0
2019-08-16,0.2919999957084656,0.2919999957084656,0.2919999957084656,0.28200000524520874,0.28999999165534973,29022
2019-08-19,0.3019999861717224,0.3019999861717224,0.3019999861717224,0.28999999165534973,0.28999999165534973,6464
2019-08-20,0.30799999833106995,0.30799999833106995,0.30799999833106995,0.30000001192092896,0.30000001192092896,3006
2019-08-21,0.3019999861717224,0.3019999861717224,0.3019999861717224,0.3019999861717224,0.3019999861717224,335
2019-08-22,0.30000001192092896,0.30000001192092896,0.30000001192092896,0.30000001192092896,0.30000001192092896,3003
2019-08-23,0.29600000381469727,0.29600000381469727,0.29600000381469727,0.29600000381469727,0.29600000381469727,3000
2019-08-26,0.2919999957084656,0.2919999957084656,0.30399999022483826,0.28999999165534973,0.2919999957084656,15505
2019-08-27,0.3019999861717224,0.3019999861717224,0.3019999861717224,0.2980000078678131,0.2980000078678131,5692
2019-08-28,0.30399999022483826,0.30399999022483826,0.3100000023841858,0.29600000381469727,0.2980000078678131,11857
2019-08-29,0.27799999713897705,0.27799999713897705,0.2980000078678131,0.2720000147819519,0.2980000078678131,169542
2019-08-30,0.2800000011920929,0.2800000011920929,0.28200000524520874,0.27799999713897705,0.28200000524520874,410
2019-09-02,0.2619999945163727,0.2619999945163727,0.2800000011920929,0.25,0.27399998903274536,56459
2019-09-03,0.26600000262260437,0.26600000262260437,0.26600000262260437,0.25999999046325684,0.25999999046325684,6170
2019-09-04,0.27799999713897705,0.27799999713897705,0.27799999713897705,0.2639999985694885,0.27000001072883606,36010
2019-09-05,0.2759999930858612,0.2759999930858612,0.27799999713897705,0.26600000262260437,0.2720000147819519,13959
2019-09-06,0.27399998903274536,0.27399998903274536,0.27399998903274536,0.25999999046325684,0.27000001072883606,10010
2019-09-09,0.2720000147819519,0.2720000147819519,0.27399998903274536,0.27000001072883606,0.27399998903274536,44112
2019-09-10,0.27000001072883606,0.27000001072883606,0.27000001072883606,0.26600000262260437,0.27000001072883606,156
2019-09-11,0.27399998903274536,0.27399998903274536,0.2759999930858612,0.25999999046325684,0.25999999046325684,25693
2019-09-12,0.2800000011920929,0.2800000011920929,0.2800000011920929,0.27399998903274536,0.27799999713897705,12685
2019-09-13,0.28200000524520874,0.28200000524520874,0.2840000092983246,0.2759999930858612,0.28200000524520874,8993
2019-09-16,0.28200000524520874,0.28200000524520874,0.28600001335144043,0.2800000011920929,0.2840000092983246,22154
2019-09-17,0.2759999930858612,0.2759999930858612,0.2759999930858612,0.27000001072883606,0.2759999930858612,15741
2019-09-18,0.27000001072883606,0.27000001072883606,0.2800000011920929,0.2639999985694885,0.2800000011920929,21010
2019-09-19,0.2800000011920929,0.2800000011920929,0.28200000524520874,0.27799999713897705,0.28200000524520874,9080
2019-09-20,0.2800000011920929,0.2800000011920929,0.2800000011920929,0.2800000011920929,0.2800000011920929,0
2019-09-23,0.27799999713897705,0.27799999713897705,0.2800000011920929,0.2680000066757202,0.27000001072883606,709
2019-09-24,0.2840000092983246,0.2840000092983246,0.2840000092983246,0.2840000092983246,0.2840000092983246,105
2019-09-25,0.28200000524520874,0.28200000524520874,0.2879999876022339,0.27799999713897705,0.2879999876022339,5010
2019-09-26,0.2800000011920929,0.2800000011920929,0.28200000524520874,0.2759999930858612,0.28200000524520874,10369
2019-09-27,0.3019999861717224,0.3019999861717224,0.3019999861717224,0.27399998903274536,0.2800000011920929,28010
2019-09-30,0.28200000524520874,0.28200000524520874,0.33799999952316284,0.2720000147819519,0.33799999952316284,62000
2019-10-01,0.2919999957084656,0.2919999957084656,0.3140000104904175,0.2800000011920929,0.28200000524520874,42868
2019-10-02,0.28600001335144043,0.28600001335144043,0.2919999957084656,0.28600001335144043,0.2919999957084656,7393
2019-10-03,0.2800000011920929,0.2800000011920929,0.28200000524520874,0.27399998903274536,0.2800000011920929,35251
2019-10-04,0.2800000011920929,0.2800000011920929,0.28200000524520874,0.2680000066757202,0.2680000066757202,40925
2019-10-07,0.2800000011920929,0.2800000011920929,0.2800000011920929,0.27399998903274536,0.27399998903274536,5005
2019-10-08,0.27399998903274536,0.27399998903274536,0.27799999713897705,0.2680000066757202,0.2720000147819519,21702
2019-10-09,0.27399998903274536,0.27399998903274536,0.27799999713897705,0.27000001072883606,0.27799999713897705,4562
2019-10-10,0.27799999713897705,0.27799999713897705,0.27799999713897705,0.27799999713897705,0.27799999713897705,5
2019-10-11,0.27799999713897705,0.27799999713897705,0.2800000011920929,0.27000001072883606,0.2800000011920929,14670
2019-10-14,0.2800000011920929,0.2800000011920929,0.28999999165534973,0.2720000147819519,0.27799999713897705,37768
2019-10-15,0.2800000011920929,0.2800000011920929,0.2800000011920929,0.2800000011920929,0.2800000011920929,0
2019-10-16,0.2980000078678131,0.2980000078678131,0.2980000078678131,0.2980000078678131,0.2980000078678131,200
2019-10-17,0.27799999713897705,0.27799999713897705,0.2879999876022339,0.27799999713897705,0.2879999876022339,49317
2019-10-18,0.30000001192092896,0.30000001192092896,0.30000001192092896,0.2680000066757202,0.2680000066757202,32866
2019-10-21,0.28600001335144043,0.28600001335144043,0.30000001192092896,0.27799999713897705,0.30000001192092896,19783
2019-10-22,0.2759999930858612,0.2759999930858612,0.28600001335144043,0.2759999930858612,0.2759999930858612,14260
2019-10-23,0.28200000524520874,0.28200000524520874,0.28200000524520874,0.27399998903274536,0.2800000011920929,13546
2019-10-24,0.2800000011920929,0.2800000011920929,0.2800000011920929,0.27000001072883606,0.27000001072883606,22938
2019-10-25,0.27000001072883606,0.27000001072883606,0.28600001335144043,0.2460000067949295,0.2800000011920929,202766
2019-10-28,0.2639999985694885,0.2639999985694885,0.27399998903274536,0.2639999985694885,0.27399998903274536,1730
2019-10-29,0.2680000066757202,0.2680000066757202,0.2680000066757202,0.2639999985694885,0.2639999985694885,280
2019-10-30,0.27000001072883606,0.27000001072883606,0.27000001072883606,0.27000001072883606,0.27000001072883606,10
2019-10-31,0.2639999985694885,0.2639999985694885,0.27399998903274536,0.2639999985694885,0.27000001072883606,9336
2019-11-01,0.257999986410141,0.257999986410141,0.2720000147819519,0.257999986410141,0.26600000262260437,382
2019-11-04,0.2759999930858612,0.2759999930858612,0.2759999930858612,0.2540000081062317,0.2540000081062317,37250
2019-11-05,0.2800000011920929,0.2800000011920929,0.2800000011920929,0.2759999930858612,0.2759999930858612,1060
2019-11-06,0.28999999165534973,0.28999999165534973,0.28999999165534973,0.2800000011920929,0.2800000011920929,24223
2019-11-07,0.2919999957084656,0.2919999957084656,0.30000001192092896,0.28999999165534973,0.28999999165534973,14512
2019-11-08,0.29600000381469727,0.29600000381469727,0.2980000078678131,0.2800000011920929,0.2919999957084656,23432
2019-11-11,0.29600000381469727,0.29600000381469727,0.29600000381469727,0.28600001335144043,0.28600001335144043,7150
2019-11-12,0.28600001335144043,0.28600001335144043,0.28999999165534973,0.2800000011920929,0.28999999165534973,16942
2019-11-13,0.28999999165534973,0.28999999165534973,0.28999999165534973,0.2840000092983246,0.28600001335144043,14055
2019-11-14,0.28999999165534973,0.28999999165534973,0.28999999165534973,0.28999999165534973,0.28999999165534973,1015
2019-11-15,0.28999999165534973,0.28999999165534973,0.28999999165534973,0.28999999165534973,0.28999999165534973,217
2019-11-18,0.28999999165534973,0.28999999165534973,0.2919999957084656,0.2800000011920929,0.2800000011920929,103217
2019-11-19,0.28999999165534973,0.28999999165534973,0.2919999957084656,0.28999999165534973,0.28999999165534973,102436
2019-11-20,0.2840000092983246,0.2840000092983246,0.28999999165534973,0.2840000092983246,0.2840000092983246,2253
2019-11-21,0.2840000092983246,0.2840000092983246,0.2840000092983246,0.2840000092983246,0.2840000092983246,1455
2019-11-22,0.2840000092983246,0.2840000092983246,0.2840000092983246,0.2840000092983246,0.2840000092983246,0
2019-11-25,0.2879999876022339,0.2879999876022339,0.2879999876022339,0.2800000011920929,0.2800000011920929,800
2019-11-26,0.2800000011920929,0.2800000011920929,0.28999999165534973,0.2800000011920929,0.28999999165534973,120219
2019-11-27,0.2800000011920929,0.2800000011920929,0.2800000011920929,0.2800000011920929,0.2800000011920929,0
2019-11-28,0.28999999165534973,0.28999999165534973,0.28999999165534973,0.28999999165534973,0.28999999165534973,6891
2019-11-29,0.28999999165534973,0.28999999165534973,0.28999999165534973,0.28999999165534973,0.28999999165534973,0
2019-12-02,0.28200000524520874,0.28200000524520874,0.28200000524520874,0.28200000524520874,0.28200000524520874,1432
2019-12-03,0.28200000524520874,0.28200000524520874,0.28200000524520874,0.28200000524520874,0.28200000524520874,0
2019-12-04,0.28200000524520874,0.28200000524520874,0.28200000524520874,0.28200000524520874,0.28200000524520874,0
2019-12-05,0.2759999930858612,0.2759999930858612,0.2759999930858612,0.2759999930858612,0.2759999930858612,9605
2019-12-09,0.2720000147819519,0.2720000147819519,0.27799999713897705,0.26600000262260437,0.2720000147819519,23877
2019-12-10,0.2879999876022339,0.2879999876022339,0.2879999876022339,0.2759999930858612,0.2759999930858612,6382
2019-12-11,0.2759999930858612,0.2759999930858612,0.28999999165534973,0.2759999930858612,0.28999999165534973,2700
2019-12-12,0.2840000092983246,0.2840000092983246,0.2840000092983246,0.2800000011920929,0.2800000011920929,2080
2019-12-13,0.2800000011920929,0.2800000011920929,0.2800000011920929,0.2800000011920929,0.2800000011920929,1900
2019-12-16,0.2800000011920929,0.2800000011920929,0.2800000011920929,0.2800000011920929,0.2800000011920929,5029
2019-12-17,0.27799999713897705,0.27799999713897705,0.28200000524520874,0.27799999713897705,0.28200000524520874,8800
2019-12-18,0.2759999930858612,0.2759999930858612,0.2759999930858612,0.2680000066757202,0.27000001072883606,9842
2019-12-19,0.27399998903274536,0.27399998903274536,0.27399998903274536,0.27399998903274536,0.27399998903274536,902
2019-12-20,0.27000001072883606,0.27000001072883606,0.2840000092983246,0.27000001072883606,0.27399998903274536,22373
2019-12-23,0.2759999930858612,0.2759999930858612,0.2759999930858612,0.2759999930858612,0.2759999930858612,2052
2019-12-27,0.27399998903274536,0.27399998903274536,0.27399998903274536,0.26600000262260437,0.27000001072883606,23072
2019-12-30,0.27000001072883606,0.27000001072883606,0.2720000147819519,0.2619999945163727,0.2680000066757202,39449
2020-01-02,0.28200000524520874,0.28200000524520874,0.28200000524520874,0.27399998903274536,0.27399998903274536,13452
2020-01-03,0.27799999713897705,0.27799999713897705,0.27799999713897705,0.2720000147819519,0.2759999930858612,6201
2020-01-07,0.27799999713897705,0.27799999713897705,0.27799999713897705,0.27799999713897705,0.27799999713897705,7222
2020-01-08,0.27799999713897705,0.27799999713897705,0.27799999713897705,0.27799999713897705,0.27799999713897705,0
2020-01-09,0.2720000147819519,0.2720000147819519,0.2720000147819519,0.2720000147819519,0.2720000147819519,7860
2020-01-10,0.2759999930858612,0.2759999930858612,0.27799999713897705,0.2680000066757202,0.2680000066757202,18717
2020-01-13,0.27799999713897705,0.27799999713897705,0.2800000011920929,0.2720000147819519,0.2720000147819519,1520
2020-01-14,0.27799999713897705,0.27799999713897705,0.27799999713897705,0.27799999713897705,0.27799999713897705,300
2020-01-15,0.28200000524520874,0.28200000524520874,0.28200000524520874,0.27399998903274536,0.27399998903274536,10087
2020-01-16,0.2800000011920929,0.2800000011920929,0.2800000011920929,0.2759999930858612,0.2759999930858612,2000
2020-01-17,0.28600001335144043,0.28600001335144043,0.28600001335144043,0.28600001335144043,0.28600001335144043,5000
2020-01-20,0.2840000092983246,0.2840000092983246,0.2840000092983246,0.2759999930858612,0.2800000011920929,8912
2020-01-21,0.28200000524520874,0.28200000524520874,0.28600001335144043,0.28200000524520874,0.28600001335144043,21564
2020-01-22,0.2919999957084656,0.2919999957084656,0.2939999997615814,0.2840000092983246,0.2879999876022339,13009
2020-01-23,0.2919999957084656,0.2919999957084656,0.2919999957084656,0.28600001335144043,0.28600001335144043,10333
2020-01-24,0.2919999957084656,0.2919999957084656,0.2919999957084656,0.2919999957084656,0.2919999957084656,1000
2020-01-27,0.28600001335144043,0.28600001335144043,0.2879999876022339,0.2800000011920929,0.28200000524520874,23943
2020-01-28,0.28600001335144043,0.28600001335144043,0.28600001335144043,0.28600001335144043,0.28600001335144043,0
2020-01-29,0.2919999957084656,0.2919999957084656,0.2919999957084656,0.2919999957084656,0.2919999957084656,2948
2020-01-30,0.2800000011920929,0.2800000011920929,0.2919999957084656,0.2800000011920929,0.28600001335144043,132581
2020-01-31,0.2800000011920929,0.2800000011920929,0.2879999876022339,0.2800000011920929,0.2840000092983246,6100
2020-02-03,0.27000001072883606,0.27000001072883606,0.2800000011920929,0.27000001072883606,0.2800000011920929,8304
2020-02-04,0.27399998903274536,0.27399998903274536,0.2800000011920929,0.27000001072883606,0.27000001072883606,40543
2020-02-05,0.2800000011920929,0.2800000011920929,0.28600001335144043,0.2800000011920929,0.2840000092983246,15716
2020-02-06,0.28200000524520874,0.28200000524520874,0.28200000524520874,0.2800000011920929,0.2800000011920929,4454
2020-02-07,0.28200000524520874,0.28200000524520874,0.28999999165534973,0.28200000524520874,0.28200000524520874,5367
2020-02-10,0.28200000524520874,0.28200000524520874,0.2919999957084656,0.28200000524520874,0.2919999957084656,1417
2020-02-11,0.28999999165534973,0.28999999165534973,0.28999999165534973,0.28200000524520874,0.28999999165534973,2584
2020-02-12,0.29600000381469727,0.29600000381469727,0.29600000381469727,0.28999999165534973,0.28999999165534973,23499
2020-02-13,0.30000001192092896,0.30000001192092896,0.30000001192092896,0.28999999165534973,0.28999999165534973,49852
2020-02-14,0.3140000104904175,0.3140000104904175,0.3140000104904175,0.2980000078678131,0.30000001192092896,22506
2020-02-17,0.3140000104904175,0.3140000104904175,0.3199999928474426,0.3019999861717224,0.3019999861717224,17521
2020-02-18,0.3160000145435333,0.3160000145435333,0.3160000145435333,0.3059999942779541,0.3059999942779541,1553
2020-02-19,0.3100000023841858,0.3100000023841858,0.3160000145435333,0.3100000023841858,0.3160000145435333,157
2020-02-20,0.3240000009536743,0.3240000009536743,0.3240000009536743,0.31200000643730164,0.31200000643730164,18484
2020-02-21,0.3059999942779541,0.3059999942779541,0.3199999928474426,0.3059999942779541,0.3199999928474426,12975
2020-02-24,0.2919999957084656,0.2919999957084656,0.30399999022483826,0.2919999957084656,0.2939999997615814,14303
2020-02-25,0.28999999165534973,0.28999999165534973,0.2919999957084656,0.28999999165534973,0.2919999957084656,63302
2020-02-26,0.2840000092983246,0.2840000092983246,0.30000001192092896,0.2840000092983246,0.30000001192092896,10827
2020-02-27,0.28600001335144043,0.28600001335144043,0.28600001335144043,0.28600001335144043,0.28600001335144043,50
2020-02-28,0.2800000011920929,0.2800000011920929,0.28200000524520874,0.2800000011920929,0.28200000524520874,24425
2020-03-02,0.2840000092983246,0.2840000092983246,0.2840000092983246,0.2840000092983246,0.2840000092983246,4557
2020-03-03,0.28999999165534973,0.28999999165534973,0.2919999957084656,0.28999999165534973,0.2919999957084656,3300
2020-03-04,0.28999999165534973,0.28999999165534973,0.28999999165534973,0.28999999165534973,0.28999999165534973,0
2020-03-05,0.2879999876022339,0.2879999876022339,0.30000001192092896,0.2879999876022339,0.30000001192092896,536
2020-03-06,0.2980000078678131,0.2980000078678131,0.3059999942779541,0.2919999957084656,0.2919999957084656,11751
2020-03-09,0.2840000092983246,0.2840000092983246,0.29600000381469727,0.2840000092983246,0.2840000092983246,26599
2020-03-10,0.26600000262260437,0.26600000262260437,0.2800000011920929,0.26600000262260437,0.2800000011920929,22236
2020-03-11,0.25999999046325684,0.25999999046325684,0.25999999046325684,0.25,0.25999999046325684,52594
2020-03-12,0.25,0.25,0.25200000405311584,0.23600000143051147,0.2460000067949295,125552
2020-03-13,0.25,0.25,0.2540000081062317,0.24400000274181366,0.2540000081062317,5901
2020-03-16,0.25200000405311584,0.25200000405311584,0.25200000405311584,0.24799999594688416,0.25200000405311584,2266
2020-03-17,0.25,0.25,0.25999999046325684,0.25,0.25999999046325684,8005
2020-03-18,0.22599999606609344,0.22599999606609344,0.24400000274181366,0.22599999606609344,0.24400000274181366,17806
2020-03-19,0.2160000056028366,0.2160000056028366,0.2160000056028366,0.19300000369548798,0.20200000703334808,64063
2020-03-20,0.21400000154972076,0.21400000154972076,0.2160000056028366,0.20399999618530273,0.2160000056028366,6180
2020-03-23,0.2280000001192093,0.2280000001192093,0.23000000417232513,0.22200000286102295,0.23000000417232513,13621
2020-03-24,0.2240000069141388,0.2240000069141388,0.23600000143051147,0.2199999988079071,0.23000000417232513,2932
2020-03-25,0.22200000286102295,0.22200000286102295,0.23000000417232513,0.22200000286102295,0.2240000069141388,9477
2020-03-26,0.22200000286102295,0.22200000286102295,0.22200000286102295,0.22200000286102295,0.22200000286102295,1135
2020-03-27,0.21799999475479126,0.21799999475479126,0.21799999475479126,0.21199999749660492,0.21199999749660492,9883
2020-03-30,0.21799999475479126,0.21799999475479126,0.21799999475479126,0.21799999475479126,0.21799999475479126,0
2020-03-31,0.2199999988079071,0.2199999988079071,0.2199999988079071,0.1860000044107437,0.21799999475479126,109444
2020-04-01,0.21799999475479126,0.21799999475479126,0.22200000286102295,0.21199999749660492,0.22200000286102295,1431
2020-04-02,0.2199999988079071,0.2199999988079071,0.2199999988079071,0.21799999475479126,0.21799999475479126,9784
2020-04-03,0.2199999988079071,0.2199999988079071,0.2240000069141388,0.2199999988079071,0.2240000069141388,840
2020-04-06,0.24199999868869781,0.24199999868869781,0.24199999868869781,0.2199999988079071,0.2199999988079071,40436
2020-04-07,0.25999999046325684,0.25999999046325684,0.2639999985694885,0.2460000067949295,0.2460000067949295,46482
2020-04-08,0.25999999046325684,0.25999999046325684,0.25999999046325684,0.25,0.25999999046325684,23097
2020-04-09,0.25999999046325684,0.25999999046325684,0.25999999046325684,0.25999999046325684,0.25999999046325684,5201
2020-04-14,0.2619999945163727,0.2619999945163727,0.2619999945163727,0.24400000274181366,0.25,38810
2020-04-15,0.2540000081062317,0.2540000081062317,0.2639999985694885,0.2540000081062317,0.25999999046325684,22707
2020-04-16,0.27399998903274536,0.27399998903274536,0.27399998903274536,0.25999999046325684,0.25999999046325684,20813
2020-04-17,0.3100000023841858,0.3100000023841858,0.3100000023841858,0.27399998903274536,0.27399998903274536,27461
2020-04-20,0.33000001311302185,0.33000001311302185,0.33000001311302185,0.3199999928474426,0.32199999690055847,9423
2020-04-21,0.3799999952316284,0.3799999952316284,0.4399999976158142,0.3160000145435333,0.3319999873638153,118840
2020-04-22,0.3659999966621399,0.3659999966621399,0.4020000100135803,0.35199999809265137,0.4020000100135803,48903
2020-04-23,0.3779999911785126,0.3779999911785126,0.3779999911785126,0.3540000021457672,0.37599998712539673,6908
2020-04-24,0.38600000739097595,0.38600000739097595,0.4099999964237213,0.37599998712539673,0.3779999911785126,258006
2020-04-27,0.40799999237060547,0.40799999237060547,0.40799999237060547,0.38600000739097595,0.38600000739097595,15838
2020-04-28,0.40799999237060547,0.40799999237060547,0.4099999964237213,0.4000000059604645,0.4099999964237213,5570
2020-04-29,0.4000000059604645,0.4000000059604645,0.4000000059604645,0.37599998712539673,0.4000000059604645,13112
2020-04-30,0.3919999897480011,0.3919999897480011,0.40799999237060547,0.38999998569488525,0.39800000190734863,2133
2020-05-04,0.36800000071525574,0.36800000071525574,0.4000000059604645,0.36800000071525574,0.4000000059604645,8262
2020-05-05,0.39800000190734863,0.39800000190734863,0.39800000190734863,0.3720000088214874,0.3720000088214874,4795
2020-05-06,0.39800000190734863,0.39800000190734863,0.39800000190734863,0.38199999928474426,0.39800000190734863,578
2020-05-07,0.39399999380111694,0.39399999380111694,0.39399999380111694,0.39399999380111694,0.39399999380111694,656
2020-05-08,0.3959999978542328,0.3959999978542328,0.3959999978542328,0.38999998569488525,0.39399999380111694,6818
2020-05-11,0.38199999928474426,0.38199999928474426,0.38600000739097595,0.38199999928474426,0.38600000739097595,11278
2020-05-12,0.3779999911785126,0.3779999911785126,0.38199999928474426,0.36000001430511475,0.38199999928474426,21610
2020-05-13,0.3700000047683716,0.3700000047683716,0.3779999911785126,0.3619999885559082,0.3619999885559082,5587
2020-05-14,0.36800000071525574,0.36800000071525574,0.36800000071525574,0.36800000071525574,0.36800000071525574,500
2020-05-15,0.30399999022483826,0.30399999022483826,0.39399999380111694,0.30399999022483826,0.3799999952316284,22665
2020-05-18,0.3720000088214874,0.3720000088214874,0.39800000190734863,0.3700000047683716,0.39800000190734863,49011
2020-05-19,0.3720000088214874,0.3720000088214874,0.38999998569488525,0.3720000088214874,0.38999998569488525,7640
2020-05-20,0.3880000114440918,0.3880000114440918,0.38999998569488525,0.3799999952316284,0.3799999952316284,1717
2020-05-22,0.38199999928474426,0.38199999928474426,0.38199999928474426,0.3700000047683716,0.3799999952316284,8775
2020-05-25,0.3880000114440918,0.3880000114440918,0.38999998569488525,0.3659999966621399,0.38999998569488525,1935
2020-05-26,0.3779999911785126,0.3779999911785126,0.3799999952316284,0.3499999940395355,0.3799999952316284,19212
2020-05-27,0.3700000047683716,0.3700000047683716,0.38999998569488525,0.3700000047683716,0.3799999952316284,11701
2020-05-28,0.37400001287460327,0.37400001287460327,0.37400001287460327,0.3720000088214874,0.3720000088214874,1690
2020-05-29,0.37400001287460327,0.37400001287460327,0.37400001287460327,0.37400001287460327,0.37400001287460327,170
2020-06-01,0.3580000102519989,0.3580000102519989,0.36000001430511475,0.3499999940395355,0.3499999940395355,6735
2020-06-02,0.36000001430511475,0.36000001430511475,0.36000001430511475,0.3499999940395355,0.3540000021457672,24165
2020-06-03,0.35199999809265137,0.35199999809265137,0.36000001430511475,0.3499999940395355,0.36000001430511475,4669
2020-06-04,0.3700000047683716,0.3700000047683716,0.3700000047683716,0.3499999940395355,0.3499999940395355,9613
2020-06-05,0.3700000047683716,0.3700000047683716,0.3700000047683716,0.3700000047683716,0.3700000047683716,2702
2020-06-08,0.38600000739097595,0.38600000739097595,0.38600000739097595,0.3700000047683716,0.3700000047683716,6818
2020-06-09,0.36399999260902405,0.36399999260902405,0.38600000739097595,0.3580000102519989,0.38600000739097595,12039
2020-06-10,0.3619999885559082,0.3619999885559082,0.3659999966621399,0.3619999885559082,0.3659999966621399,700
2020-06-11,0.4000000059604645,0.4000000059604645,0.41999998688697815,0.3619999885559082,0.3700000047683716,369576
2020-06-12,0.4059999883174896,0.4059999883174896,0.4259999990463257,0.39800000190734863,0.41999998688697815,239796
2020-06-15,0.3959999978542328,0.3959999978542328,0.39800000190734863,0.3799999952316284,0.39800000190734863,44623
2020-06-16,0.40799999237060547,0.40799999237060547,0.421999990940094,0.40400001406669617,0.4099999964237213,25315
2020-06-17,0.40400001406669617,0.40400001406669617,0.40400001406669617,0.39399999380111694,0.39800000190734863,683
2020-06-18,0.4000000059604645,0.4000000059604645,0.41200000047683716,0.3959999978542328,0.41200000047683716,112607
2020-06-22,0.4020000100135803,0.4020000100135803,0.4059999883174896,0.3840000033378601,0.4000000059604645,7924
2020-06-23,0.3959999978542328,0.3959999978542328,0.4059999883174896,0.3959999978542328,0.40400001406669617,6891
2020-06-24,0.4059999883174896,0.4059999883174896,0.4059999883174896,0.40400001406669617,0.40400001406669617,1000
2020-06-25,0.4059999883174896,0.4059999883174896,0.4059999883174896,0.4059999883174896,0.4059999883174896,0
2020-06-26,0.4059999883174896,0.4059999883174896,0.4059999883174896,0.4059999883174896,0.4059999883174896,7050
2020-06-29,0.4000000059604645,0.4000000059604645,0.4059999883174896,0.38999998569488525,0.4059999883174896,5691
2020-06-30,0.39800000190734863,0.39800000190734863,0.4020000100135803,0.38999998569488525,0.4000000059604645,6780
2020-07-01,0.3919999897480011,0.3919999897480011,0.4020000100135803,0.38199999928474426,0.4020000100135803,6911
2020-07-02,0.39800000190734863,0.39800000190734863,0.39800000190734863,0.3959999978542328,0.3959999978542328,99
2020-07-03,0.4000000059604645,0.4000000059604645,0.4000000059604645,0.4000000059604645,0.4000000059604645,100
2020-07-06,0.3959999978542328,0.3959999978542328,0.39800000190734863,0.38999998569488525,0.39800000190734863,26914
2020-07-07,0.39800000190734863,0.39800000190734863,0.39800000190734863,0.3840000033378601,0.39800000190734863,6194
2020-07-08,0.4059999883174896,0.4059999883174896,0.4320000112056732,0.3880000114440918,0.38999998569488525,48592
2020-07-09,0.4020000100135803,0.4020000100135803,0.4259999990463257,0.39800000190734863,0.4059999883174896,8650
2020-07-10,0.40799999237060547,0.40799999237060547,0.40799999237060547,0.39399999380111694,0.40400001406669617,9653
2020-07-13,0.40400001406669617,0.40400001406669617,0.4059999883174896,0.3919999897480011,0.4000000059604645,6627
2020-07-14,0.40400001406669617,0.40400001406669617,0.40400001406669617,0.3919999897480011,0.3959999978542328,6036
2020-07-15,0.4000000059604645,0.4000000059604645,0.40799999237060547,0.39399999380111694,0.40400001406669617,6724
2020-07-16,0.4020000100135803,0.4020000100135803,0.4059999883174896,0.39399999380111694,0.3959999978542328,8044
2020-07-17,0.3919999897480011,0.3919999897480011,0.39800000190734863,0.3919999897480011,0.39800000190734863,416
2020-07-20,0.4000000059604645,0.4000000059604645,0.4000000059604645,0.38600000739097595,0.38999998569488525,9573
2020-07-21,0.4000000059604645,0.4000000059604645,0.4000000059604645,0.38199999928474426,0.4000000059604645,27067
2020-07-22,0.41200000047683716,0.41200000047683716,0.41600000858306885,0.3919999897480011,0.3919999897480011,66233
2020-07-23,0.4059999883174896,0.4059999883174896,0.41999998688697815,0.39800000190734863,0.4099999964237213,34616
2020-07-24,0.39800000190734863,0.39800000190734863,0.41200000047683716,0.3919999897480011,0.4059999883174896,17902
2020-07-27,0.4099999964237213,0.4099999964237213,0.414000004529953,0.4020000100135803,0.414000004529953,21246
2020-07-28,0.4099999964237213,0.4099999964237213,0.414000004529953,0.4099999964237213,0.414000004529953,6376
2020-07-29,0.40799999237060547,0.40799999237060547,0.41999998688697815,0.4000000059604645,0.41600000858306885,1636
2020-07-30,0.4000000059604645,0.4000000059604645,0.414000004529953,0.39399999380111694,0.4020000100135803,14429
2020-07-31,0.3499999940395355,0.3499999940395355,0.4020000100135803,0.335999995470047,0.4020000100135803,150775
2020-08-03,0.34200000762939453,0.34200000762939453,0.35199999809265137,0.328000009059906,0.35199999809265137,32467
2020-08-04,0.3479999899864197,0.3479999899864197,0.3479999899864197,0.3440000116825104,0.3440000116825104,2122
2020-08-05,0.3440000116825104,0.3440000116825104,0.3499999940395355,0.3400000035762787,0.3440000116825104,6294
2020-08-06,0.3179999887943268,0.3179999887943268,0.3440000116825104,0.3179999887943268,0.3440000116825104,50443
2020-08-07,0.31200000643730164,0.31200000643730164,0.33000001311302185,0.3019999861717224,0.33000001311302185,88965
2020-08-10,0.30799999833106995,0.30799999833106995,0.3199999928474426,0.30000001192092896,0.3199999928474426,14477
2020-08-11,0.2980000078678131,0.2980000078678131,0.2980000078678131,0.2980000078678131,0.2980000078678131,870
2020-08-12,0.2980000078678131,0.2980000078678131,0.2980000078678131,0.2980000078678131,0.2980000078678131,3180
2020-08-13,0.3059999942779541,0.3059999942779541,0.3160000145435333,0.3059999942779541,0.3100000023841858,36596
2020-08-14,0.30000001192092896,0.30000001192092896,0.30799999833106995,0.30000001192092896,0.30799999833106995,1161
2020-08-17,0.30000001192092896,0.30000001192092896,0.30000001192092896,0.30000001192092896,0.30000001192092896,6678
2020-08-18,0.2879999876022339,0.2879999876022339,0.29600000381469727,0.2840000092983246,0.29600000381469727,6338
2020-08-19,0.3059999942779541,0.3059999942779541,0.33799999952316284,0.28999999165534973,0.28999999165534973,39138
2020-08-20,0.3160000145435333,0.3160000145435333,0.3160000145435333,0.3100000023841858,0.31200000643730164,900
2020-08-21,0.3160000145435333,0.3160000145435333,0.3160000145435333,0.3160000145435333,0.3160000145435333,0
2020-08-24,0.30399999022483826,0.30399999022483826,0.3140000104904175,0.30399999022483826,0.3140000104904175,2200
2020-08-25,0.32600000500679016,0.32600000500679016,0.3499999940395355,0.31200000643730164,0.3499999940395355,51114
2020-08-26,0.3199999928474426,0.3199999928474426,0.3400000035762787,0.3160000145435333,0.32600000500679016,73933
2020-08-27,0.3160000145435333,0.3160000145435333,0.3659999966621399,0.30000001192092896,0.31200000643730164,107909
2020-08-28,0.30799999833106995,0.30799999833106995,0.30799999833106995,0.2639999985694885,0.3059999942779541,93271
2020-08-31,0.2980000078678131,0.2980000078678131,0.2980000078678131,0.2840000092983246,0.28999999165534973,6748
2020-09-01,0.30000001192092896,0.30000001192092896,0.30000001192092896,0.30000001192092896,0.30000001192092896,100
2020-09-02,0.3019999861717224,0.3019999861717224,0.3059999942779541,0.3019999861717224,0.3059999942779541,7119
2020-09-03,0.2939999997615814,0.2939999997615814,0.3019999861717224,0.2939999997615814,0.30000001192092896,29004
2020-09-04,0.28600001335144043,0.28600001335144043,0.3019999861717224,0.2680000066757202,0.27799999713897705,24330
2020-09-07,0.2939999997615814,0.2939999997615814,0.30000001192092896,0.28999999165534973,0.28999999165534973,1485
2020-09-08,0.2840000092983246,0.2840000092983246,0.29600000381469727,0.2840000092983246,0.29600000381469727,400
2020-09-09,0.2919999957084656,0.2919999957084656,0.30000001192092896,0.2919999957084656,0.30000001192092896,7422
2020-09-10,0.2919999957084656,0.2919999957084656,0.2919999957084656,0.2919999957084656,0.2919999957084656,4260
2020-09-11,0.2980000078678131,0.2980000078678131,0.2980000078678131,0.2840000092983246,0.2840000092983246,550
2020-09-14,0.28600001335144043,0.28600001335144043,0.2980000078678131,0.27399998903274536,0.2980000078678131,22625
2020-09-15,0.28600001335144043,0.28600001335144043,0.28600001335144043,0.28600001335144043,0.28600001335144043,0
2020-09-16,0.28200000524520874,0.28200000524520874,0.28200000524520874,0.2720000147819519,0.27399998903274536,7713
2020-09-17,0.2800000011920929,0.2800000011920929,0.28600001335144043,0.2800000011920929,0.28600001335144043,4564
2020-09-18,0.27799999713897705,0.27799999713897705,0.27799999713897705,0.2720000147819519,0.2759999930858612,3348
2020-09-21,0.2759999930858612,0.2759999930858612,0.28600001335144043,0.27399998903274536,0.27799999713897705,14739
2020-09-22,0.2939999997615814,0.2939999997615814,0.2939999997615814,0.28200000524520874,0.28200000524520874,29310
2020-09-23,0.3059999942779541,0.3059999942779541,0.3160000145435333,0.2939999997615814,0.2939999997615814,186972
2020-09-24,0.2919999957084656,0.2919999957084656,0.3100000023841858,0.2919999957084656,0.3100000023841858,47597
2020-09-25,0.2939999997615814,0.2939999997615814,0.30799999833106995,0.28999999165534973,0.30399999022483826,24018
2020-09-28,0.2980000078678131,0.2980000078678131,0.2980000078678131,0.28999999165534973,0.2939999997615814,13060
2020-09-29,0.2919999957084656,0.2919999957084656,0.2919999957084656,0.2879999876022339,0.2879999876022339,290
2020-09-30,0.2939999997615814,0.2939999997615814,0.2939999997615814,0.2939999997615814,0.2939999997615814,100
2020-10-01,0.2939999997615814,0.2939999997615814,0.2939999997615814,0.2939999997615814,0.2939999997615814,0
2020-10-02,0.2879999876022339,0.2879999876022339,0.2879999876022339,0.27799999713897705,0.28600001335144043,55580
2020-10-05,0.28600001335144043,0.28600001335144043,0.2879999876022339,0.2759999930858612,0.2800000011920929,79008
2020-10-06,0.28600001335144043,0.28600001335144043,0.28600001335144043,0.28600001335144043,0.28600001335144043,0
2020-10-07,0.2800000011920929,0.2800000011920929,0.2800000011920929,0.2800000011920929,0.2800000011920929,176
2020-10-08,0.2800000011920929,0.2800000011920929,0.2800000011920929,0.2800000011920929,0.2800000011920929,0
2020-10-09,0.2800000011920929,0.2800000011920929,0.28600001335144043,0.2800000011920929,0.2800000011920929,2112
2020-10-12,0.2720000147819519,0.2720000147819519,0.2879999876022339,0.2720000147819519,0.2879999876022339,11578
2020-10-13,0.28200000524520874,0.28200000524520874,0.28200000524520874,0.28200000524520874,0.28200000524520874,210
2020-10-14,0.2720000147819519,0.2720000147819519,0.2840000092983246,0.27000001072883606,0.2800000011920929,38288
2020-10-15,0.2680000066757202,0.2680000066757202,0.27799999713897705,0.25999999046325684,0.27799999713897705,6030
2020-10-16,0.2680000066757202,0.2680000066757202,0.2680000066757202,0.2680000066757202,0.2680000066757202,50
2020-10-19,0.2639999985694885,0.2639999985694885,0.2680000066757202,0.2639999985694885,0.2680000066757202,19933
2020-10-20,0.2800000011920929,0.2800000011920929,0.2800000011920929,0.25600001215934753,0.27399998903274536,41192
2020-10-21,0.28200000524520874,0.28200000524520874,0.28999999165534973,0.28200000524520874,0.28999999165534973,615
2020-10-22,0.27399998903274536,0.27399998903274536,0.2800000011920929,0.27399998903274536,0.2800000011920929,2105
2020-10-23,0.2759999930858612,0.2759999930858612,0.2759999930858612,0.2619999945163727,0.2619999945163727,12182
2020-10-26,0.27799999713897705,0.27799999713897705,0.27799999713897705,0.27799999713897705,0.27799999713897705,50
2020-10-27,0.2800000011920929,0.2800000011920929,0.2800000011920929,0.2680000066757202,0.2759999930858612,15305
2020-10-28,0.2800000011920929,0.2800000011920929,0.2800000011920929,0.2720000147819519,0.2720000147819519,271503
2020-10-29,0.28200000524520874,0.28200000524520874,0.28200000524520874,0.28200000524520874,0.28200000524520874,7585
2020-10-30,0.2800000011920929,0.2800000011920929,0.28999999165534973,0.2800000011920929,0.28200000524520874,61750
2020-11-02,0.2800000011920929,0.2800000011920929,0.2800000011920929,0.2800000011920929,0.2800000011920929,0
2020-11-03,0.2759999930858612,0.2759999930858612,0.28999999165534973,0.2680000066757202,0.2800000011920929,49403
2020-11-04,0.28200000524520874,0.28200000524520874,0.28200000524520874,0.28200000524520874,0.28200000524520874,1100
2020-11-05,0.2720000147819519,0.2720000147819519,0.2759999930858612,0.27000001072883606,0.2759999930858612,5455
2020-11-06,0.2759999930858612,0.2759999930858612,0.2759999930858612,0.27000001072883606,0.27000001072883606,19946
2020-11-09,0.28999999165534973,0.28999999165534973,0.28999999165534973,0.2800000011920929,0.2800000011920929,7540
2020-11-10,0.2919999957084656,0.2919999957084656,0.29600000381469727,0.2800000011920929,0.2800000011920929,15343
2020-11-11,0.29600000381469727,0.29600000381469727,0.29600000381469727,0.29600000381469727,0.29600000381469727,95
2020-11-12,0.2980000078678131,0.2980000078678131,0.2980000078678131,0.2840000092983246,0.2840000092983246,13733
2020-11-13,0.30000001192092896,0.30000001192092896,0.30000001192092896,0.30000001192092896,0.30000001192092896,100
2020-11-16,0.29600000381469727,0.29600000381469727,0.29600000381469727,0.28600001335144043,0.28999999165534973,7003
2020-11-17,0.28999999165534973,0.28999999165534973,0.28999999165534973,0.2800000011920929,0.2800000011920929,278
2020-11-18,0.29600000381469727,0.29600000381469727,0.29600000381469727,0.29600000381469727,0.29600000381469727,937
2020-11-19,0.29600000381469727,0.29600000381469727,0.29600000381469727,0.29600000381469727,0.29600000381469727,0
2020-11-20,0.3019999861717224,0.3019999861717224,0.3019999861717224,0.28600001335144043,0.28600001335144043,17438
2020-11-23,0.29600000381469727,0.29600000381469727,0.30000001192092896,0.29600000381469727,0.30000001192092896,9509
2020-11-24,0.3019999861717224,0.3019999861717224,0.3019999861717224,0.2840000092983246,0.2840000092983246,18462
2020-11-25,0.3019999861717224,0.3019999861717224,0.3019999861717224,0.3019999861717224,0.3019999861717224,0
2020-11-26,0.3199999928474426,0.3199999928474426,0.33399999141693115,0.2939999997615814,0.30000001192092896,187141
2020-11-27,0.3160000145435333,0.3160000145435333,0.328000009059906,0.3140000104904175,0.32600000500679016,9462
2020-11-30,0.30799999833106995,0.30799999833106995,0.328000009059906,0.30799999833106995,0.328000009059906,5792
2020-12-01,0.33000001311302185,0.33000001311302185,0.3400000035762787,0.3160000145435333,0.3160000145435333,53081
2020-12-02,0.335999995470047,0.335999995470047,0.3400000035762787,0.3199999928474426,0.3400000035762787,5848
2020-12-03,0.335999995470047,0.335999995470047,0.335999995470047,0.335999995470047,0.335999995470047,0
2020-12-04,0.33799999952316284,0.33799999952316284,0.33799999952316284,0.32600000500679016,0.33799999952316284,702
2020-12-07,0.3400000035762787,0.3400000035762787,0.3400000035762787,0.33000001311302185,0.33799999952316284,5579
2020-12-08,0.3179999887943268,0.3179999887943268,0.3400000035762787,0.3100000023841858,0.3240000009536743,6690
2020-12-09,0.3400000035762787,0.3400000035762787,0.3400000035762787,0.33000001311302185,0.33000001311302185,16611
2020-12-10,0.328000009059906,0.328000009059906,0.3440000116825104,0.328000009059906,0.3440000116825104,34637
2020-12-11,0.335999995470047,0.335999995470047,0.34599998593330383,0.328000009059906,0.33799999952316284,36247
2020-12-14,0.34599998593330383,0.34599998593330383,0.41200000047683716,0.3400000035762787,0.4059999883174896,33137
2020-12-15,0.3400000035762787,0.3400000035762787,0.3400000035762787,0.32600000500679016,0.33399999141693115,13576
2020-12-16,0.335999995470047,0.335999995470047,0.3400000035762787,0.335999995470047,0.3400000035762787,10388
2020-12-17,0.3400000035762787,0.3400000035762787,0.3499999940395355,0.33399999141693115,0.33399999141693115,8966
2020-12-18,0.3400000035762787,0.3400000035762787,0.3479999899864197,0.3400000035762787,0.3400000035762787,6599
2020-12-21,0.3240000009536743,0.3240000009536743,0.3400000035762787,0.3179999887943268,0.3400000035762787,20500
2020-12-22,0.33000001311302185,0.33000001311302185,0.33799999952316284,0.30000001192092896,0.3199999928474426,50129
2020-12-23,0.32199999690055847,0.32199999690055847,0.32199999690055847,0.32199999690055847,0.32199999690055847,1200
2020-12-28,0.33000001311302185,0.33000001311302185,0.3959999978542328,0.30000001192092896,0.3199999928474426,123596
2020-12-29,0.335999995470047,0.335999995470047,0.33799999952316284,0.32199999690055847,0.328000009059906,10555
2020-12-30,0.38999998569488525,0.38999998569488525,0.38999998569488525,0.3240000009536743,0.32600000500679016,40478
2021-01-04,0.36000001430511475,0.36000001430511475,0.3799999952316284,0.3540000021457672,0.3700000047683716,29043
2021-01-05,0.3580000102519989,0.3580000102519989,0.36000001430511475,0.3400000035762787,0.35600000619888306,28410
2021-01-07,0.36000001430511475,0.36000001430511475,0.3700000047683716,0.3440000116825104,0.3440000116825104,7670
2021-01-08,0.36800000071525574,0.36800000071525574,0.3700000047683716,0.35600000619888306,0.3700000047683716,6885
2021-01-11,0.36800000071525574,0.36800000071525574,0.3700000047683716,0.36000001430511475,0.3700000047683716,4080
2021-01-12,0.3580000102519989,0.3580000102519989,0.3659999966621399,0.35600000619888306,0.35600000619888306,5456
2021-01-13,0.3540000021457672,0.3540000021457672,0.3540000021457672,0.3540000021457672,0.3540000021457672,17184
2021-01-14,0.37400001287460327,0.37400001287460327,0.37400001287460327,0.33799999952316284,0.3440000116825104,52176
2021-01-15,0.3580000102519989,0.3580000102519989,0.37400001287460327,0.3580000102519989,0.37400001287460327,9369
2021-01-18,0.36000001430511475,0.36000001430511475,0.36000001430511475,0.36000001430511475,0.36000001430511475,25
2021-01-19,0.3659999966621399,0.3659999966621399,0.37400001287460327,0.3659999966621399,0.37400001287460327,512
2021-01-20,0.36000001430511475,0.36000001430511475,0.3700000047683716,0.3479999899864197,0.3700000047683716,30842
2021-01-21,0.3580000102519989,0.3580000102519989,0.3580000102519989,0.34200000762939453,0.3540000021457672,7014
2021-01-22,0.35600000619888306,0.35600000619888306,0.35600000619888306,0.3499999940395355,0.35600000619888306,128
2021-01-25,0.35199999809265137,0.35199999809265137,0.35199999809265137,0.3479999899864197,0.3499999940395355,1160
2021-01-26,0.3540000021457672,0.3540000021457672,0.36000001430511475,0.3540000021457672,0.36000001430511475,2230
2021-01-27,0.35199999809265137,0.35199999809265137,0.3700000047683716,0.35199999809265137,0.3700000047683716,20661
2021-01-28,0.3619999885559082,0.3619999885559082,0.3619999885559082,0.3540000021457672,0.3540000021457672,25027
2021-01-29,0.3619999885559082,0.3619999885559082,0.3619999885559082,0.3619999885559082,0.3619999885559082,0
2021-02-01,0.3619999885559082,0.3619999885559082,0.3619999885559082,0.35199999809265137,0.3619999885559082,1107
2021-02-02,0.3619999885559082,0.3619999885559082,0.3619999885559082,0.35600000619888306,0.36000001430511475,2626
2021-02-03,0.3540000021457672,0.3540000021457672,0.36000001430511475,0.35199999809265137,0.35199999809265137,13179
2021-02-04,0.36000001430511475,0.36000001430511475,0.36000001430511475,0.3540000021457672,0.3580000102519989,3494
2021-02-05,0.3659999966621399,0.3659999966621399,0.36800000071525574,0.3499999940395355,0.3499999940395355,14537
2021-02-08,0.36800000071525574,0.36800000071525574,0.36800000071525574,0.36800000071525574,0.36800000071525574,1435
2021-02-09,0.36800000071525574,0.36800000071525574,0.36800000071525574,0.36800000071525574,0.36800000071525574,210
2021-02-10,0.36800000071525574,0.36800000071525574,0.36800000071525574,0.36800000071525574,0.36800000071525574,4262
2021-02-11,0.36000001430511475,0.36000001430511475,0.36000001430511475,0.34200000762939453,0.35199999809265137,5330
2021-02-12,0.36800000071525574,0.36800000071525574,0.36800000071525574,0.36000001430511475,0.36000001430511475,2018
2021-02-15,0.3720000088214874,0.3720000088214874,0.3720000088214874,0.3499999940395355,0.36000001430511475,25793
2021-02-16,0.3700000047683716,0.3700000047683716,0.37599998712539673,0.3580000102519989,0.37599998712539673,4508
2021-02-17,0.3580000102519989,0.3580000102519989,0.37400001287460327,0.3580000102519989,0.3619999885559082,558
2021-02-18,0.36000001430511475,0.36000001430511475,0.37599998712539673,0.3580000102519989,0.37599998712539673,18473
2021-02-19,0.36000001430511475,0.36000001430511475,0.36800000071525574,0.36000001430511475,0.36399999260902405,4593
2021-02-22,0.35600000619888306,0.35600000619888306,0.35600000619888306,0.3479999899864197,0.3499999940395355,14020
2021-02-23,0.3580000102519989,0.3580000102519989,0.3580000102519989,0.34599998593330383,0.35600000619888306,1054
2021-02-24,0.3499999940395355,0.3499999940395355,0.35199999809265137,0.3400000035762787,0.35199999809265137,12492
2021-02-25,0.34599998593330383,0.34599998593330383,0.35199999809265137,0.34599998593330383,0.35199999809265137,1066
2021-02-26,0.3479999899864197,0.3479999899864197,0.35199999809265137,0.3479999899864197,0.35199999809265137,536
2021-03-01,0.3540000021457672,0.3540000021457672,0.3619999885559082,0.34200000762939453,0.34200000762939453,4317
2021-03-02,0.36000001430511475,0.36000001430511475,0.36000001430511475,0.35600000619888306,0.3580000102519989,3200
2021-03-03,0.3700000047683716,0.3700000047683716,0.37599998712539673,0.36800000071525574,0.36800000071525574,4825
2021-03-04,0.3619999885559082,0.3619999885559082,0.3619999885559082,0.3619999885559082,0.3619999885559082,1000
2021-03-05,0.3619999885559082,0.3619999885559082,0.3619999885559082,0.3540000021457672,0.3540000021457672,400
2021-03-08,0.36800000071525574,0.36800000071525574,0.36000001430511475,0.36000001430511475,0.36000001430511475,5637
2021-03-09,0.36800000071525574,0.36800000071525574,0.36800000071525574,0.36800000071525574,0.36800000071525574,0
2021-03-10,0.36000001430511475,0.36000001430511475,0.36800000071525574,0.36000001430511475,0.36800000071525574,9046
2021-03-11,0.3580000102519989,0.3580000102519989,0.3700000047683716,0.3540000021457672,0.36000001430511475,18603
2021-03-12,0.3619999885559082,0.3619999885559082,0.36399999260902405,0.34599998593330383,0.3580000102519989,55538
2021-03-15,0.3619999885559082,0.3619999885559082,0.36399999260902405,0.3479999899864197,0.36399999260902405,39209
2021-03-16,0.35199999809265137,0.35199999809265137,0.3659999966621399,0.35199999809265137,0.3659999966621399,2330
2021-03-17,0.3540000021457672,0.3540000021457672,0.3540000021457672,0.3540000021457672,0.3540000021457672,1566
2021-03-18,0.3540000021457672,0.3540000021457672,0.35600000619888306,0.34200000762939453,0.3540000021457672,2738
2021-03-19,0.3580000102519989,0.3580000102519989,0.3619999885559082,0.3479999899864197,0.3479999899864197,1367
2021-03-22,0.3499999940395355,0.3499999940395355,0.3619999885559082,0.3499999940395355,0.3499999940395355,8181
2021-03-23,0.35199999809265137,0.35199999809265137,0.35199999809265137,0.33000001311302185,0.33000001311302185,4314
2021-03-24,0.3499999940395355,0.3499999940395355,0.35199999809265137,0.34200000762939453,0.35199999809265137,10309
2021-03-25,0.3440000116825104,0.3440000116825104,0.34599998593330383,0.3400000035762787,0.34599998593330383,2673
2021-03-26,0.34599998593330383,0.34599998593330383,0.3479999899864197,0.34599998593330383,0.3479999899864197,1170
2021-03-29,0.3479999899864197,0.3479999899864197,0.3479999899864197,0.3440000116825104,0.34599998593330383,7378
2021-03-30,0.3479999899864197,0.3479999899864197,0.3479999899864197,0.3479999899864197,0.3479999899864197,111
2021-03-31,0.35600000619888306,0.35600000619888306,0.35600000619888306,0.34599998593330383,0.3499999940395355,7874
2021-04-01,0.35600000619888306,0.35600000619888306,0.35600000619888306,0.35600000619888306,0.35600000619888306,100
2021-04-06,0.35600000619888306,0.35600000619888306,0.35600000619888306,0.34700000286102295,0.35499998927116394,7901
2021-04-07,0.3619999885559082,0.3619999885559082,0.3619999885559082,0.3529999852180481,0.35600000619888306,4683
2021-04-08,0.36800000071525574,0.36800000071525574,0.36800000071525574,0.36500000953674316,0.36500000953674316,5040
2021-04-09,0.36500000953674316,0.36500000953674316,0.3700000047683716,0.36500000953674316,0.3700000047683716,3796
2021-04-12,0.36899998784065247,0.36899998784065247,0.37599998712539673,0.3619999885559082,0.3700000047683716,25504
2021-04-13,0.3709999918937683,0.3709999918937683,0.37599998712539673,0.36899998784065247,0.3700000047683716,5078
2021-04-14,0.3709999918937683,0.3709999918937683,0.3709999918937683,0.35899999737739563,0.3610000014305115,11132
2021-04-15,0.3720000088214874,0.3720000088214874,0.3720000088214874,0.3720000088214874,0.3720000088214874,250
2021-04-16,0.3720000088214874,0.3720000088214874,0.3720000088214874,0.3619999885559082,0.3700000047683716,10370
2021-04-19,0.367000013589859,0.367000013589859,0.3799999952316284,0.3610000014305115,0.3799999952316284,10590
2021-04-20,0.367000013589859,0.367000013589859,0.37700000405311584,0.367000013589859,0.3700000047683716,1730
2021-04-21,0.36399999260902405,0.36399999260902405,0.37700000405311584,0.36399999260902405,0.367000013589859,4460
2021-04-22,0.36399999260902405,0.36399999260902405,0.36399999260902405,0.36399999260902405,0.36399999260902405,0
2021-04-23,0.37700000405311584,0.37700000405311584,0.37700000405311584,0.36500000953674316,0.36500000953674316,5726
2021-04-26,0.3799999952316284,0.3799999952316284,0.3799999952316284,0.37599998712539673,0.37700000405311584,5987
2021-04-27,0.3779999911785126,0.3779999911785126,0.3790000081062317,0.3779999911785126,0.3790000081062317,142
2021-04-28,0.36899998784065247,0.36899998784065247,0.3700000047683716,0.3619999885559082,0.36899998784065247,16387
2021-04-29,0.37599998712539673,0.37599998712539673,0.3840000033378601,0.375,0.375,17116
2021-04-30,0.382999986410141,0.382999986410141,0.382999986410141,0.37599998712539673,0.38100001215934753,7428
2021-05-03,0.38199999928474426,0.38199999928474426,0.382999986410141,0.38199999928474426,0.382999986410141,619
2021-05-04,0.3799999952316284,0.3799999952316284,0.3799999952316284,0.37400001287460327,0.37599998712539673,1162
2021-05-05,0.375,0.375,0.3790000081062317,0.37299999594688416,0.37700000405311584,3014
2021-05-06,0.37599998712539673,0.37599998712539673,0.3779999911785126,0.37599998712539673,0.37700000405311584,829
2021-05-07,0.3880000114440918,0.3880000114440918,0.3880000114440918,0.37700000405311584,0.37700000405311584,601
2021-05-10,0.3779999911785126,0.3779999911785126,0.3880000114440918,0.3779999911785126,0.3880000114440918,1618
2021-05-11,0.3779999911785126,0.3779999911785126,0.3779999911785126,0.375,0.3779999911785126,4833
2021-05-12,0.3779999911785126,0.3779999911785126,0.3779999911785126,0.3779999911785126,0.3779999911785126,0
2021-05-14,0.3799999952316284,0.3799999952316284,0.3799999952316284,0.3799999952316284,0.3799999952316284,126
2021-05-17,0.3799999952316284,0.3799999952316284,0.3799999952316284,0.3799999952316284,0.3799999952316284,805
2021-05-18,0.3799999952316284,0.3799999952316284,0.3799999952316284,0.3779999911785126,0.3779999911785126,426
2021-05-19,0.3799999952316284,0.3799999952316284,0.38199999928474426,0.3799999952316284,0.38199999928474426,2627
2021-05-20,0.36800000071525574,0.36800000071525574,0.3799999952316284,0.36800000071525574,0.3799999952316284,46
2021-05-21,0.36800000071525574,0.36800000071525574,0.36800000071525574,0.36800000071525574,0.36800000071525574,0
2021-05-24,0.3720000088214874,0.3720000088214874,0.3790000081062317,0.3709999918937683,0.3790000081062317,1420
2021-05-25,0.3720000088214874,0.3720000088214874,0.3720000088214874,0.3720000088214874,0.3720000088214874,0
2021-05-26,0.3619999885559082,0.3619999885559082,0.3720000088214874,0.3619999885559082,0.3720000088214874,490
2021-05-27,0.3619999885559082,0.3619999885559082,0.3619999885559082,0.3619999885559082,0.3619999885559082,0
2021-05-28,0.3720000088214874,0.3720000088214874,0.3790000081062317,0.3720000088214874,0.3720000088214874,45247
2021-05-31,0.3799999952316284,0.3799999952316284,0.3799999952316284,0.3700000047683716,0.3700000047683716,11589
2021-06-01,0.37400001287460327,0.37400001287460327,0.3799999952316284,0.3720000088214874,0.3799999952316284,2639
2021-06-02,0.37400001287460327,0.37400001287460327,0.37400001287460327,0.3630000054836273,0.37400001287460327,13967
2021-06-03,0.37400001287460327,0.37400001287460327,0.37400001287460327,0.37400001287460327,0.37400001287460327,167
2021-06-04,0.3720000088214874,0.3720000088214874,0.37400001287460327,0.3700000047683716,0.37400001287460327,8786
2021-06-07,0.3720000088214874,0.3720000088214874,0.3720000088214874,0.3720000088214874,0.3720000088214874,0
2021-06-08,0.3700000047683716,0.3700000047683716,0.3700000047683716,0.3700000047683716,0.3700000047683716,20
2021-06-09,0.38999998569488525,0.38999998569488525,0.38999998569488525,0.3700000047683716,0.3700000047683716,789
2021-06-10,0.382999986410141,0.382999986410141,0.38999998569488525,0.37599998712539673,0.38999998569488525,5631
2021-06-11,0.382999986410141,0.382999986410141,0.3889999985694885,0.375,0.3889999985694885,6153
2021-06-14,0.3799999952316284,0.3799999952316284,0.3799999952316284,0.3720000088214874,0.3720000088214874,496
2021-06-15,0.36800000071525574,0.36800000071525574,0.3720000088214874,0.36800000071525574,0.3720000088214874,8560
2021-06-16,0.3449999988079071,0.3449999988079071,0.3499999940395355,0.3400000035762787,0.3499999940395355,43920
2021-06-17,0.3529999852180481,0.3529999852180481,0.3529999852180481,0.3449999988079071,0.3449999988079071,1130
2021-06-18,0.35100001096725464,0.35100001096725464,0.3610000014305115,0.35100001096725464,0.3610000014305115,195
2021-06-21,0.3529999852180481,0.3529999852180481,0.3529999852180481,0.34700000286102295,0.3529999852180481,30
2021-06-22,0.3529999852180481,0.3529999852180481,0.3529999852180481,0.3529999852180481,0.3529999852180481,0
2021-06-23,0.3529999852180481,0.3529999852180481,0.3529999852180481,0.3400000035762787,0.3400000035762787,4000
2021-06-24,0.3440000116825104,0.3440000116825104,0.35100001096725464,0.3409999907016754,0.3499999940395355,39953
2021-06-28,0.3499999940395355,0.3499999940395355,0.35100001096725464,0.34200000762939453,0.35100001096725464,10807
2021-06-29,0.3529999852180481,0.3529999852180481,0.3529999852180481,0.3529999852180481,0.3529999852180481,2965
2021-06-30,0.3529999852180481,0.3529999852180481,0.3529999852180481,0.3529999852180481,0.3529999852180481,0
2021-07-01,0.36000001430511475,0.36000001430511475,0.367000013589859,0.3569999933242798,0.367000013589859,3291
2021-07-02,0.33399999141693115,0.33399999141693115,0.36000001430511475,0.33399999141693115,0.3529999852180481,9140
2021-07-05,0.3440000116825104,0.3440000116825104,0.3440000116825104,0.32899999618530273,0.3409999907016754,19503
2021-07-06,0.35499998927116394,0.35499998927116394,0.35899999737739563,0.3540000021457672,0.35899999737739563,199
2021-07-07,0.34599998593330383,0.34599998593330383,0.35899999737739563,0.3319999873638153,0.35899999737739563,30127
2021-07-08,0.3610000014305115,0.3610000014305115,0.36500000953674316,0.3569999933242798,0.3569999933242798,29233
2021-07-09,0.35100001096725464,0.35100001096725464,0.35899999737739563,0.35100001096725464,0.35899999737739563,8094
2021-07-12,0.3499999940395355,0.3499999940395355,0.36000001430511475,0.3499999940395355,0.36000001430511475,8441
2021-07-13,0.3499999940395355,0.3499999940395355,0.3499999940395355,0.3499999940395355,0.3499999940395355,0
2021-07-14,0.35499998927116394,0.35499998927116394,0.35499998927116394,0.3499999940395355,0.3499999940395355,530
2021-07-15,0.35100001096725464,0.35100001096725464,0.35499998927116394,0.35100001096725464,0.35499998927116394,94
2021-07-16,0.35100001096725464,0.35100001096725464,0.3580000102519989,0.35100001096725464,0.3580000102519989,6402
2021-07-19,0.3529999852180481,0.3529999852180481,0.3529999852180481,0.35100001096725464,0.35199999809265137,7489
2021-07-20,0.35899999737739563,0.35899999737739563,0.35899999737739563,0.35199999809265137,0.3580000102519989,4872
2021-07-21,0.375,0.375,0.375,0.36399999260902405,0.36399999260902405,10520
2021-07-22,0.36000001430511475,0.36000001430511475,0.36500000953674316,0.36000001430511475,0.36500000953674316,209
2021-07-23,0.367000013589859,0.367000013589859,0.37400001287460327,0.3659999966621399,0.3659999966621399,3818
2021-07-26,0.3700000047683716,0.3700000047683716,0.3700000047683716,0.3700000047683716,0.3700000047683716,1
2021-07-27,0.36899998784065247,0.36899998784065247,0.36899998784065247,0.36899998784065247,0.36899998784065247,1690
2021-07-28,0.3619999885559082,0.3619999885559082,0.36800000071525574,0.3610000014305115,0.3610000014305115,9698
2021-07-29,0.3569999933242798,0.3569999933242798,0.37700000405311584,0.3569999933242798,0.3619999885559082,12242
2021-07-30,0.36800000071525574,0.36800000071525574,0.3709999918937683,0.3580000102519989,0.3709999918937683,12285
2021-08-02,0.3700000047683716,0.3700000047683716,0.375,0.3700000047683716,0.37299999594688416,44029
2021-08-03,0.3720000088214874,0.3720000088214874,0.3720000088214874,0.3610000014305115,0.3709999918937683,14427
2021-08-04,0.37700000405311584,0.37700000405311584,0.37700000405311584,0.3709999918937683,0.3709999918937683,502
2021-08-05,0.3630000054836273,0.3630000054836273,0.37400001287460327,0.3630000054836273,0.37400001287460327,12998
2021-08-06,0.367000013589859,0.367000013589859,0.36800000071525574,0.367000013589859,0.36800000071525574,332
2021-08-09,0.3540000021457672,0.3540000021457672,0.3610000014305115,0.3540000021457672,0.3610000014305115,4003
2021-08-10,0.3700000047683716,0.3700000047683716,0.3799999952316284,0.367000013589859,0.367000013589859,10122
2021-08-11,0.3779999911785126,0.3779999911785126,0.3779999911785126,0.3709999918937683,0.3709999918937683,11813
2021-08-12,0.37700000405311584,0.37700000405311584,0.37700000405311584,0.36800000071525574,0.3709999918937683,8716
2021-08-13,0.3799999952316284,0.3799999952316284,0.3799999952316284,0.3799999952316284,0.3799999952316284,2550
2021-08-16,0.3880000114440918,0.3880000114440918,0.38999998569488525,0.3840000033378601,0.38499999046325684,20140
2021-08-17,0.4050000011920929,0.4050000011920929,0.40700000524520874,0.3779999911785126,0.3779999911785126,31903
2021-08-18,0.39899998903274536,0.39899998903274536,0.4000000059604645,0.382999986410141,0.382999986410141,2571
2021-08-19,0.38999998569488525,0.38999998569488525,0.3970000147819519,0.38999998569488525,0.3970000147819519,8247
2021-08-20,0.38999998569488525,0.38999998569488525,0.38999998569488525,0.38999998569488525,0.38999998569488525,0
2021-08-23,0.3930000066757202,0.3930000066757202,0.3930000066757202,0.38499999046325684,0.38499999046325684,4308
2021-08-24,0.3880000114440918,0.3880000114440918,0.3930000066757202,0.3700000047683716,0.3840000033378601,15125
2021-08-25,0.3970000147819519,0.3970000147819519,0.4009999930858612,0.39500001072883606,0.39500001072883606,3000
2021-08-26,0.39899998903274536,0.39899998903274536,0.41600000858306885,0.3840000033378601,0.3880000114440918,23019
2021-08-27,0.38999998569488525,0.38999998569488525,0.3930000066757202,0.3659999966621399,0.3930000066757202,24490
2021-08-30,0.4020000100135803,0.4020000100135803,0.4189999997615814,0.38199999928474426,0.3840000033378601,18754
2021-08-31,0.3880000114440918,0.3880000114440918,0.39899998903274536,0.382999986410141,0.39899998903274536,12751
2021-09-01,0.3880000114440918,0.3880000114440918,0.38999998569488525,0.3880000114440918,0.38999998569488525,2075
2021-09-02,0.38600000739097595,0.38600000739097595,0.3880000114440918,0.38600000739097595,0.3880000114440918,5000
2021-09-03,0.38999998569488525,0.38999998569488525,0.39899998903274536,0.38499999046325684,0.38499999046325684,63933
2021-09-06,0.38499999046325684,0.38499999046325684,0.38999998569488525,0.38499999046325684,0.38999998569488525,13163
2021-09-07,0.39100000262260437,0.39100000262260437,0.39100000262260437,0.3869999945163727,0.3869999945163727,11522
2021-09-08,0.382999986410141,0.382999986410141,0.3919999897480011,0.382999986410141,0.39100000262260437,10877
2021-09-09,0.4000000059604645,0.4000000059604645,0.44999998807907104,0.37400001287460327,0.382999986410141,60011
2021-09-10,0.38999998569488525,0.38999998569488525,0.39100000262260437,0.38999998569488525,0.39100000262260437,24590
2021-09-13,0.3970000147819519,0.3970000147819519,0.3970000147819519,0.39500001072883606,0.39500001072883606,3800
2021-09-14,0.38999998569488525,0.38999998569488525,0.4090000092983246,0.38999998569488525,0.4090000092983246,2226
2021-09-15,0.38199999928474426,0.38199999928474426,0.38199999928474426,0.3659999966621399,0.38199999928474426,6930
2021-09-16,0.3970000147819519,0.3970000147819519,0.3970000147819519,0.36000001430511475,0.36000001430511475,22911
2021-09-17,0.39100000262260437,0.39100000262260437,0.3930000066757202,0.382999986410141,0.38499999046325684,24670
2021-09-20,0.36000001430511475,0.36000001430511475,0.38499999046325684,0.3529999852180481,0.38499999046325684,21432
2021-09-21,0.36800000071525574,0.36800000071525574,0.36899998784065247,0.3580000102519989,0.36899998784065247,9486
2021-09-22,0.3790000081062317,0.3790000081062317,0.3790000081062317,0.36899998784065247,0.36899998784065247,2958
2021-09-23,0.37599998712539673,0.37599998712539673,0.3790000081062317,0.36399999260902405,0.3790000081062317,16635
2021-09-24,0.37599998712539673,0.37599998712539673,0.37599998712539673,0.37599998712539673,0.37599998712539673,101
2021-09-27,0.3840000033378601,0.3840000033378601,0.4090000092983246,0.37400001287460327,0.38999998569488525,47779
2021-09-28,0.375,0.375,0.3840000033378601,0.36800000071525574,0.3840000033378601,20473
2021-09-29,0.3720000088214874,0.3720000088214874,0.37400001287460327,0.3709999918937683,0.3720000088214874,5104
2021-09-30,0.37400001287460327,0.37400001287460327,0.375,0.37400001287460327,0.375,881
2021-10-01,0.375,0.375,0.375,0.375,0.375,105
2021-10-04,0.3799999952316284,0.3799999952316284,0.3799999952316284,0.3610000014305115,0.37299999594688416,58341
2021-10-05,0.382999986410141,0.382999986410141,0.382999986410141,0.36500000953674316,0.36899998784065247,16125
2021-10-06,0.382999986410141,0.382999986410141,0.382999986410141,0.382999986410141,0.382999986410141,0
2021-10-07,0.3779999911785126,0.3779999911785126,0.3779999911785126,0.3779999911785126,0.3779999911785126,4572
2021-10-08,0.3840000033378601,0.3840000033378601,0.3840000033378601,0.3840000033378601,0.3840000033378601,1000
2021-10-11,0.3919999897480011,0.3919999897480011,0.3919999897480011,0.38999998569488525,0.38999998569488525,3913
2021-10-12,0.375,0.375,0.3959999978542328,0.375,0.3959999978542328,4166
2021-10-13,0.375,0.375,0.375,0.375,0.375,0
2021-10-14,0.382999986410141,0.382999986410141,0.382999986410141,0.38199999928474426,0.38199999928474426,346
2021-10-15,0.38999998569488525,0.38999998569488525,0.38999998569488525,0.382999986410141,0.382999986410141,11763
2021-10-18,0.3930000066757202,0.3930000066757202,0.3930000066757202,0.38999998569488525,0.38999998569488525,60
2021-10-19,0.39100000262260437,0.39100000262260437,0.39100000262260437,0.39100000262260437,0.39100000262260437,50
2021-10-20,0.38600000739097595,0.38600000739097595,0.3880000114440918,0.375,0.3880000114440918,21551
2021-10-21,0.38600000739097595,0.38600000739097595,0.38600000739097595,0.38600000739097595,0.38600000739097595,0
2021-10-22,0.3840000033378601,0.3840000033378601,0.3840000033378601,0.38100001215934753,0.38100001215934753,4063
2021-10-25,0.3930000066757202,0.3930000066757202,0.39500001072883606,0.382999986410141,0.3880000114440918,3062
2021-10-26,0.4269999861717224,0.4269999861717224,0.4269999861717224,0.3869999945163727,0.39500001072883606,4000
2021-10-27,0.4180000126361847,0.4180000126361847,0.4269999861717224,0.4009999930858612,0.4269999861717224,32155
2021-10-28,0.40299999713897705,0.40299999713897705,0.4180000126361847,0.40299999713897705,0.4180000126361847,217
2021-10-29,0.4020000100135803,0.4020000100135803,0.4099999964237213,0.4020000100135803,0.4090000092983246,5200
2021-11-01,0.4300000071525574,0.4300000071525574,0.4300000071525574,0.4000000059604645,0.40400001406669617,57249
2021-11-02,0.41200000047683716,0.41200000047683716,0.42899999022483826,0.4000000059604645,0.42899999022483826,52815
2021-11-03,0.4000000059604645,0.4000000059604645,0.41600000858306885,0.3959999978542328,0.41100001335144043,26577
2021-11-04,0.4000000059604645,0.4000000059604645,0.4000000059604645,0.3959999978542328,0.3959999978542328,5700
2021-11-05,0.40700000524520874,0.40700000524520874,0.42899999022483826,0.4000000059604645,0.4000000059604645,40980
2021-11-08,0.40299999713897705,0.40299999713897705,0.42500001192092896,0.40299999713897705,0.4099999964237213,14322
2021-11-09,0.4129999876022339,0.4129999876022339,0.4129999876022339,0.40299999713897705,0.40299999713897705,3728
2021-11-10,0.4099999964237213,0.4099999964237213,0.41499999165534973,0.4000000059604645,0.41499999165534973,18451
2021-11-11,0.3959999978542328,0.3959999978542328,0.40400001406669617,0.3889999985694885,0.40400001406669617,10429
2021-11-12,0.4009999930858612,0.4009999930858612,0.4009999930858612,0.3880000114440918,0.38999998569488525,2283
2021-11-15,0.4009999930858612,0.4009999930858612,0.40299999713897705,0.39399999380111694,0.40299999713897705,17462
2021-11-16,0.4000000059604645,0.4000000059604645,0.4059999883174896,0.4000000059604645,0.4009999930858612,14568
2021-11-17,0.4000000059604645,0.4000000059604645,0.4009999930858612,0.38600000739097595,0.4000000059604645,4143
2021-11-18,0.4000000059604645,0.4000000059604645,0.4000000059604645,0.39399999380111694,0.4000000059604645,27790
2021-11-19,0.39899998903274536,0.39899998903274536,0.4050000011920929,0.38999998569488525,0.4000000059604645,19272
2021-11-22,0.3959999978542328,0.3959999978542328,0.4000000059604645,0.3889999985694885,0.3959999978542328,30123
2021-11-23,0.3959999978542328,0.3959999978542328,0.4009999930858612,0.39100000262260437,0.39100000262260437,9919
2021-11-24,0.3959999978542328,0.3959999978542328,0.3959999978542328,0.3959999978542328,0.3959999978542328,68
2021-11-25,0.3959999978542328,0.3959999978542328,0.3959999978542328,0.3959999978542328,0.3959999978542328,11
2021-11-26,0.38100001215934753,0.38100001215934753,0.38999998569488525,0.37299999594688416,0.3869999945163727,20958
2021-11-29,0.375,0.375,0.38100001215934753,0.375,0.38100001215934753,2519
2021-11-30,0.3799999952316284,0.3799999952316284,0.3799999952316284,0.3799999952316284,0.3799999952316284,43
2021-12-01,0.3790000081062317,0.3790000081062317,0.3790000081062317,0.36899998784065247,0.3790000081062317,9303
2021-12-02,0.3799999952316284,0.3799999952316284,0.38999998569488525,0.37299999594688416,0.38999998569488525,31345
2021-12-03,0.37400001287460327,0.37400001287460327,0.375,0.37299999594688416,0.375,7603
2021-12-07,0.3720000088214874,0.3720000088214874,0.3720000088214874,0.34700000286102295,0.36000001430511475,21973
2021-12-08,0.3630000054836273,0.3630000054836273,0.3630000054836273,0.3610000014305115,0.3610000014305115,3191
2021-12-09,0.3529999852180481,0.3529999852180481,0.3630000054836273,0.3529999852180481,0.3610000014305115,8949
2021-12-10,0.36399999260902405,0.36399999260902405,0.36399999260902405,0.35600000619888306,0.3619999885559082,11161
2021-12-13,0.3449999988079071,0.3449999988079071,0.3499999940395355,0.3449999988079071,0.3499999940395355,34068
2021-12-14,0.36000001430511475,0.36000001430511475,0.36000001430511475,0.3449999988079071,0.3449999988079071,1044
2021-12-15,0.3580000102519989,0.3580000102519989,0.36000001430511475,0.3580000102519989,0.36000001430511475,1000
2021-12-16,0.37400001287460327,0.37400001287460327,0.37400001287460327,0.3580000102519989,0.3580000102519989,1002
2021-12-17,0.36000001430511475,0.36000001430511475,0.3630000054836273,0.36000001430511475,0.3630000054836273,6251
2021-12-20,0.35499998927116394,0.35499998927116394,0.35499998927116394,0.35199999809265137,0.35199999809265137,23206
2021-12-21,0.3490000069141388,0.3490000069141388,0.3490000069141388,0.3400000035762787,0.3400000035762787,190
2021-12-22,0.3490000069141388,0.3490000069141388,0.3490000069141388,0.3409999907016754,0.3409999907016754,8944
2021-12-23,0.34299999475479126,0.34299999475479126,0.3499999940395355,0.34299999475479126,0.3499999940395355,21808
2021-12-27,0.3479999899864197,0.3479999899864197,0.3479999899864197,0.33799999952316284,0.33799999952316284,1996
2021-12-28,0.3449999988079071,0.3449999988079071,0.3449999988079071,0.3319999873638153,0.3400000035762787,11073
2021-12-29,0.34599998593330383,0.34599998593330383,0.34599998593330383,0.33399999141693115,0.33799999952316284,7077
2021-12-30,0.35199999809265137,0.35199999809265137,0.3540000021457672,0.3310000002384186,0.3310000002384186,35153
2022-01-03,0.35199999809265137,0.35199999809265137,0.35199999809265137,0.3449999988079071,0.35199999809265137,10389
2022-01-04,0.35499998927116394,0.35499998927116394,0.3659999966621399,0.35499998927116394,0.3659999966621399,4797
2022-01-05,0.35899999737739563,0.35899999737739563,0.35899999737739563,0.3540000021457672,0.3580000102519989,33422
2022-01-07,0.35899999737739563,0.35899999737739563,0.35899999737739563,0.35199999809265137,0.35199999809265137,737
2022-01-10,0.3540000021457672,0.3540000021457672,0.35899999737739563,0.3540000021457672,0.35899999737739563,45
2022-01-11,0.35899999737739563,0.35899999737739563,0.36000001430511475,0.3540000021457672,0.3540000021457672,3131
2022-01-12,0.3580000102519989,0.3580000102519989,0.36000001430511475,0.3580000102519989,0.3580000102519989,29512
2022-01-13,0.3580000102519989,0.3580000102519989,0.3580000102519989,0.3580000102519989,0.3580000102519989,1250
2022-01-14,0.3619999885559082,0.3619999885559082,0.3619999885559082,0.3619999885559082,0.3619999885559082,1000
2022-01-17,0.3580000102519989,0.3580000102519989,0.36399999260902405,0.3580000102519989,0.36399999260902405,3084
2022-01-18,0.36000001430511475,0.36000001430511475,0.36500000953674316,0.3580000102519989,0.3619999885559082,16883
2022-01-19,0.3630000054836273,0.3630000054836273,0.3630000054836273,0.3630000054836273,0.3630000054836273,10
2022-01-20,0.3630000054836273,0.3630000054836273,0.3630000054836273,0.3630000054836273,0.3630000054836273,0
2022-01-21,0.3610000014305115,0.3610000014305115,0.3610000014305115,0.3449999988079071,0.3569999933242798,13743
2022-01-24,0.32899999618530273,0.32899999618530273,0.34700000286102295,0.31299999356269836,0.34700000286102295,68054
2022-01-25,0.328000009059906,0.328000009059906,0.33000001311302185,0.32499998807907104,0.33000001311302185,3525
2022-01-26,0.33000001311302185,0.33000001311302185,0.33000001311302185,0.33000001311302185,0.33000001311302185,3078
2022-01-27,0.34200000762939453,0.34200000762939453,0.34200000762939453,0.33000001311302185,0.3310000002384186,35225
2022-01-28,0.3490000069141388,0.3490000069141388,0.3490000069141388,0.3479999899864197,0.3479999899864197,1825
2022-01-31,0.3529999852180481,0.3529999852180481,0.3569999933242798,0.34599998593330383,0.3490000069141388,26068
2022-02-01,0.35600000619888306,0.35600000619888306,0.3799999952316284,0.3529999852180481,0.3529999852180481,24410
2022-02-02,0.35100001096725464,0.35100001096725464,0.35600000619888306,0.3449999988079071,0.35600000619888306,2894
2022-02-03,0.34700000286102295,0.34700000286102295,0.35499998927116394,0.34700000286102295,0.3529999852180481,2591
2022-02-04,0.35499998927116394,0.35499998927116394,0.3569999933242798,0.35499998927116394,0.3569999933242798,929
2022-02-07,0.3529999852180481,0.3529999852180481,0.36000001430511475,0.34700000286102295,0.34700000286102295,17082
2022-02-08,0.35600000619888306,0.35600000619888306,0.3610000014305115,0.3529999852180481,0.3529999852180481,10225
2022-02-09,0.36000001430511475,0.36000001430511475,0.36500000953674316,0.3529999852180481,0.3529999852180481,4774
2022-02-10,0.3799999952316284,0.3799999952316284,0.3799999952316284,0.3799999952316284,0.3799999952316284,2
2022-02-11,0.3700000047683716,0.3700000047683716,0.37299999594688416,0.35899999737739563,0.37299999594688416,1942
2022-02-14,0.36399999260902405,0.36399999260902405,0.3700000047683716,0.3540000021457672,0.3700000047683716,39911
2022-02-15,0.37700000405311584,0.37700000405311584,0.3799999952316284,0.367000013589859,0.367000013589859,22256
2022-02-16,0.3880000114440918,0.3880000114440918,0.3880000114440918,0.382999986410141,0.38499999046325684,23322
2022-02-17,0.37599998712539673,0.37599998712539673,0.3880000114440918,0.37599998712539673,0.3880000114440918,96
2022-02-18,0.36800000071525574,0.36800000071525574,0.37700000405311584,0.36800000071525574,0.37700000405311584,8941
2022-02-21,0.3700000047683716,0.3700000047683716,0.382999986410141,0.367000013589859,0.367000013589859,22120
2022-02-22,0.37299999594688416,0.37299999594688416,0.3869999945163727,0.3700000047683716,0.3700000047683716,32188
2022-02-23,0.37400001287460327,0.37400001287460327,0.375,0.37400001287460327,0.375,186
2022-02-24,0.35100001096725464,0.35100001096725464,0.36500000953674316,0.3499999940395355,0.3630000054836273,29435
2022-02-25,0.3779999911785126,0.3779999911785126,0.3779999911785126,0.3499999940395355,0.3630000054836273,68036
2022-02-28,0.3790000081062317,0.3790000081062317,0.38999998569488525,0.3619999885559082,0.3779999911785126,61131
2022-03-01,0.39899998903274536,0.39899998903274536,0.39899998903274536,0.36899998784065247,0.3779999911785126,20651
2022-03-02,0.3709999918937683,0.3709999918937683,0.38499999046325684,0.3630000054836273,0.38499999046325684,79744
2022-03-03,0.35499998927116394,0.35499998927116394,0.3709999918937683,0.35499998927116394,0.3700000047683716,14391
2022-03-04,0.3400000035762787,0.3400000035762787,0.36000001430511475,0.3370000123977661,0.3490000069141388,90757
2022-03-07,0.3370000123977661,0.3370000123977661,0.3449999988079071,0.33000001311302185,0.3449999988079071,29856
2022-03-08,0.3409999907016754,0.3409999907016754,0.34700000286102295,0.33500000834465027,0.3370000123977661,73727
2022-03-09,0.3479999899864197,0.3479999899864197,0.3700000047683716,0.3400000035762787,0.34700000286102295,82491
2022-03-10,0.3700000047683716,0.3700000047683716,0.37599998712539673,0.3479999899864197,0.3479999899864197,20669
2022-03-11,0.3700000047683716,0.3700000047683716,0.3790000081062317,0.367000013589859,0.3790000081062317,14150
2022-03-14,0.3790000081062317,0.3790000081062317,0.3790000081062317,0.375,0.375,1327
2022-03-15,0.3840000033378601,0.3840000033378601,0.3840000033378601,0.36800000071525574,0.38199999928474426,8329
2022-03-16,0.382999986410141,0.382999986410141,0.382999986410141,0.3700000047683716,0.375,18825
2022-03-17,0.37700000405311584,0.37700000405311584,0.38999998569488525,0.37599998712539673,0.38499999046325684,27798
2022-03-18,0.3799999952316284,0.3799999952316284,0.3799999952316284,0.3720000088214874,0.37400001287460327,7331
2022-03-21,0.3959999978542328,0.3959999978542328,0.3959999978542328,0.3840000033378601,0.38999998569488525,10662
2022-03-22,0.39899998903274536,0.39899998903274536,0.39899998903274536,0.3659999966621399,0.3970000147819519,53104
2022-03-23,0.37700000405311584,0.37700000405311584,0.38199999928474426,0.36500000953674316,0.38199999928474426,21174
2022-03-24,0.367000013589859,0.367000013589859,0.37700000405311584,0.367000013589859,0.3700000047683716,30528
2022-03-25,0.37400001287460327,0.37400001287460327,0.37400001287460327,0.3720000088214874,0.3720000088214874,76
2022-03-28,0.3700000047683716,0.3700000047683716,0.3779999911785126,0.36000001430511475,0.3610000014305115,26497
2022-03-29,0.35499998927116394,0.35499998927116394,0.3790000081062317,0.35499998927116394,0.3790000081062317,28932
2022-03-30,0.38100001215934753,0.38100001215934753,0.38100001215934753,0.34599998593330383,0.3610000014305115,80159
2022-03-31,0.37700000405311584,0.37700000405311584,0.37700000405311584,0.37299999594688416,0.37299999594688416,8213
2022-04-01,0.39800000190734863,0.39800000190734863,0.42800000309944153,0.3799999952316284,0.38199999928474426,49861
2022-04-04,0.4180000126361847,0.4180000126361847,0.41999998688697815,0.3799999952316284,0.41999998688697815,32391
2022-04-05,0.37599998712539673,0.37599998712539673,0.41200000047683716,0.3700000047683716,0.41200000047683716,59909
2022-04-06,0.36399999260902405,0.36399999260902405,0.3919999897480011,0.36399999260902405,0.37599998712539673,26142
2022-04-07,0.38600000739097595,0.38600000739097595,0.38600000739097595,0.3659999966621399,0.36800000071525574,4584
2022-04-08,0.3720000088214874,0.3720000088214874,0.3799999952316284,0.3580000102519989,0.3799999952316284,33654
2022-04-11,0.36800000071525574,0.36800000071525574,0.37599998712539673,0.3659999966621399,0.3720000088214874,6478
2022-04-12,0.3799999952316284,0.3799999952316284,0.39800000190734863,0.3720000088214874,0.3799999952316284,60333
2022-04-13,0.3720000088214874,0.3720000088214874,0.38999998569488525,0.36800000071525574,0.38999998569488525,13538
2022-04-14,0.3700000047683716,0.3700000047683716,0.37400001287460327,0.3700000047683716,0.37400001287460327,6123
2022-04-19,0.37599998712539673,0.37599998712539673,0.37599998712539673,0.37599998712539673,0.37599998712539673,40
2022-04-20,0.3700000047683716,0.3700000047683716,0.38600000739097595,0.36399999260902405,0.37400001287460327,53515
2022-04-21,0.36399999260902405,0.36399999260902405,0.3700000047683716,0.3540000021457672,0.3700000047683716,57967
2022-04-22,0.3540000021457672,0.3540000021457672,0.3619999885559082,0.34200000762939453,0.3619999885559082,101572
2022-04-25,0.3440000116825104,0.3440000116825104,0.3540000021457672,0.3440000116825104,0.3540000021457672,12677
2022-04-26,0.33799999952316284,0.33799999952316284,0.33799999952316284,0.33799999952316284,0.33799999952316284,10000
2022-04-27,0.33000001311302185,0.33000001311302185,0.34200000762939453,0.33000001311302185,0.34200000762939453,9760
2022-04-28,0.33000001311302185,0.33000001311302185,0.34599998593330383,0.328000009059906,0.34599998593330383,17948
2022-04-29,0.3580000102519989,0.3580000102519989,0.3580000102519989,0.3319999873638153,0.3319999873638153,35213
2022-05-02,0.3700000047683716,0.3700000047683716,0.3700000047683716,0.33799999952316284,0.36000001430511475,47353
2022-05-03,0.3959999978542328,0.3959999978542328,0.39800000190734863,0.36800000071525574,0.3700000047683716,60245
2022-05-04,0.38999998569488525,0.38999998569488525,0.38999998569488525,0.3720000088214874,0.3840000033378601,47769
2022-05-05,0.4000000059604645,0.4000000059604645,0.4000000059604645,0.38199999928474426,0.38199999928474426,14862
2022-05-06,0.38600000739097595,0.38600000739097595,0.4000000059604645,0.38600000739097595,0.4000000059604645,2356
2022-05-09,0.3799999952316284,0.3799999952316284,0.38199999928474426,0.3720000088214874,0.38199999928474426,16150
2022-05-10,0.3959999978542328,0.3959999978542328,0.3959999978542328,0.36000001430511475,0.3659999966621399,79814
2022-05-11,0.38999998569488525,0.38999998569488525,0.39399999380111694,0.38999998569488525,0.39399999380111694,6903
2022-05-12,0.3799999952316284,0.3799999952316284,0.3919999897480011,0.3700000047683716,0.3919999897480011,27746
2022-05-13,0.3919999897480011,0.3919999897480011,0.3919999897480011,0.3659999966621399,0.3659999966621399,18702
2022-05-16,0.3720000088214874,0.3720000088214874,0.3880000114440918,0.36000001430511475,0.38600000739097595,37291
2022-05-17,0.37400001287460327,0.37400001287460327,0.38199999928474426,0.3540000021457672,0.3779999911785126,92399
2022-05-18,0.3919999897480011,0.3919999897480011,0.39399999380111694,0.3720000088214874,0.38199999928474426,62736
2022-05-19,0.38999998569488525,0.38999998569488525,0.39399999380111694,0.3700000047683716,0.3919999897480011,55314
2022-05-20,0.39399999380111694,0.39399999380111694,0.4000000059604645,0.36000001430511475,0.36000001430511475,31500
2022-05-23,0.3880000114440918,0.3880000114440918,0.4000000059604645,0.3799999952316284,0.3880000114440918,31237
2022-05-24,0.39800000190734863,0.39800000190734863,0.39800000190734863,0.3880000114440918,0.39399999380111694,16184
2022-05-25,0.4020000100135803,0.4020000100135803,0.4020000100135803,0.3919999897480011,0.3919999897480011,15698
2022-05-27,0.42399999499320984,0.42399999499320984,0.42399999499320984,0.40400001406669617,0.40400001406669617,41515
2022-05-30,0.42399999499320984,0.42399999499320984,0.43799999356269836,0.42399999499320984,0.42399999499320984,24018
2022-05-31,0.421999990940094,0.421999990940094,0.4300000071525574,0.4180000126361847,0.42399999499320984,20271
2022-06-01,0.4399999976158142,0.4399999976158142,0.4399999976158142,0.4300000071525574,0.4300000071525574,5934
2022-06-02,0.75,0.75,1.0299999713897705,0.7149999737739563,0.7950000166893005,1028013
2022-06-03,0.7250000238418579,0.7250000238418579,0.9100000262260437,0.625,0.8500000238418579,527481
2022-06-06,0.7200000286102295,0.7200000286102295,0.75,0.6050000190734863,0.7300000190734863,97227
2022-06-07,0.6600000262260437,0.6600000262260437,0.7149999737739563,0.6499999761581421,0.7149999737739563,32601
2022-06-08,0.6200000047683716,0.6200000047683716,0.6650000214576721,0.6000000238418579,0.6650000214576721,144949
2022-06-09,0.5849999785423279,0.5849999785423279,0.6299999952316284,0.5550000071525574,0.6299999952316284,142721
2022-06-10,0.5799999833106995,0.5799999833106995,0.6600000262260437,0.5799999833106995,0.5849999785423279,61846
2022-06-13,0.5799999833106995,0.5799999833106995,0.6050000190734863,0.5649999976158142,0.5799999833106995,62478
2022-06-14,0.5550000071525574,0.5550000071525574,0.5799999833106995,0.550000011920929,0.5799999833106995,35605
2022-06-15,0.5450000166893005,0.5450000166893005,0.5649999976158142,0.5400000214576721,0.5550000071525574,28292
2022-06-16,0.5350000262260437,0.5350000262260437,0.550000011920929,0.5149999856948853,0.550000011920929,17943
2022-06-17,0.5450000166893005,0.5450000166893005,0.550000011920929,0.5400000214576721,0.5400000214576721,5101
2022-06-20,0.5350000262260437,0.5350000262260437,0.550000011920929,0.5149999856948853,0.550000011920929,11019
2022-06-21,0.4819999933242798,0.4819999933242798,0.5299999713897705,0.4819999933242798,0.5299999713897705,43439
2022-06-22,0.4880000054836273,0.4880000054836273,0.4959999918937683,0.47200000286102295,0.49000000953674316,2461
2022-06-23,0.5099999904632568,0.5099999904632568,0.5199999809265137,0.4860000014305115,0.4880000054836273,66471
2022-06-27,0.5049999952316284,0.5049999952316284,0.5199999809265137,0.5049999952316284,0.5099999904632568,12529
2022-06-28,0.5099999904632568,0.5099999904632568,0.5149999856948853,0.492000013589859,0.5049999952316284,12913
2022-06-29,0.5149999856948853,0.5149999856948853,0.5149999856948853,0.49399998784065247,0.5099999904632568,10679
2022-06-30,0.5099999904632568,0.5099999904632568,0.5249999761581421,0.5,0.5149999856948853,13773
2022-07-01,0.5099999904632568,0.5099999904632568,0.5149999856948853,0.49799999594688416,0.5099999904632568,13376
2022-07-04,0.5099999904632568,0.5099999904632568,0.5099999904632568,0.5,0.5099999904632568,22116
2022-07-05,0.49000000953674316,0.49000000953674316,0.5149999856948853,0.49000000953674316,0.5149999856948853,16312
2022-07-06,0.49399998784065247,0.49399998784065247,0.4959999918937683,0.4819999933242798,0.4959999918937683,5510
2022-07-07,0.4740000069141388,0.4740000069141388,0.49799999594688416,0.47200000286102295,0.492000013589859,15818
2022-07-08,0.5149999856948853,0.5149999856948853,0.5199999809265137,0.49799999594688416,0.49799999594688416,14779
2022-07-11,0.5099999904632568,0.5099999904632568,0.5149999856948853,0.4959999918937683,0.5149999856948853,22010
2022-07-12,0.5,0.5,0.5049999952316284,0.49000000953674316,0.5049999952316284,9434
2022-07-13,0.5049999952316284,0.5049999952316284,0.5199999809265137,0.4819999933242798,0.4860000014305115,24170
2022-07-14,0.574999988079071,0.574999988079071,0.574999988079071,0.5049999952316284,0.5149999856948853,17877
2022-07-15,0.5649999976158142,0.5649999976158142,0.574999988079071,0.5450000166893005,0.5699999928474426,62081
2022-07-18,0.5950000286102295,0.5950000286102295,0.6299999952316284,0.5699999928474426,0.5699999928474426,55176
2022-07-19,0.699999988079071,0.699999988079071,0.699999988079071,0.6100000143051147,0.6100000143051147,27798
2022-07-20,0.6650000214576721,0.6650000214576721,0.699999988079071,0.6499999761581421,0.699999988079071,46512
2022-07-21,0.6800000071525574,0.6800000071525574,0.6949999928474426,0.675000011920929,0.6800000071525574,6355
2022-07-22,0.699999988079071,0.699999988079071,0.699999988079071,0.6650000214576721,0.6650000214576721,20286
2022-07-25,0.7200000286102295,0.7200000286102295,0.7450000047683716,0.699999988079071,0.699999988079071,73575
2022-07-26,0.7200000286102295,0.7200000286102295,0.7250000238418579,0.7049999833106995,0.7250000238418579,24945
2022-07-27,0.7049999833106995,0.7049999833106995,0.7300000190734863,0.6850000023841858,0.7200000286102295,38265
2022-07-28,0.7149999737739563,0.7149999737739563,0.7200000286102295,0.699999988079071,0.699999988079071,7266
2022-07-29,0.7049999833106995,0.7049999833106995,0.7099999785423279,0.6899999976158142,0.7099999785423279,18127
2022-08-01,0.6800000071525574,0.6800000071525574,0.7149999737739563,0.6800000071525574,0.7049999833106995,28146
2022-08-02,0.6650000214576721,0.6650000214576721,0.7049999833106995,0.6449999809265137,0.6850000023841858,29841
2022-08-03,0.6650000214576721,0.6650000214576721,0.6850000023841858,0.6449999809265137,0.6650000214576721,19823
2022-08-04,0.6650000214576721,0.6650000214576721,0.6800000071525574,0.6650000214576721,0.675000011920929,2010
2022-08-05,0.6650000214576721,0.6650000214576721,0.6700000166893005,0.6449999809265137,0.6650000214576721,11324
2022-08-08,0.6650000214576721,0.6650000214576721,0.6700000166893005,0.6499999761581421,0.6600000262260437,3284
2022-08-09,0.6700000166893005,0.6700000166893005,0.6700000166893005,0.6499999761581421,0.6650000214576721,4820
2022-08-10,0.6949999928474426,0.6949999928474426,0.6949999928474426,0.6499999761581421,0.6700000166893005,4897
2022-08-11,0.699999988079071,0.699999988079071,0.699999988079071,0.6899999976158142,0.6949999928474426,21678
2022-08-12,0.6899999976158142,0.6899999976158142,0.6949999928474426,0.6499999761581421,0.6800000071525574,33963
2022-08-15,0.6850000023841858,0.6850000023841858,0.6899999976158142,0.6850000023841858,0.6850000023841858,5682
2022-08-16,0.6899999976158142,0.6899999976158142,0.6949999928474426,0.6700000166893005,0.6949999928474426,13036
2022-08-17,0.6949999928474426,0.6949999928474426,0.6949999928474426,0.675000011920929,0.6899999976158142,24786
2022-08-18,0.699999988079071,0.699999988079071,0.7099999785423279,0.6700000166893005,0.6949999928474426,27836
2022-08-19,0.699999988079071,0.699999988079071,0.7099999785423279,0.699999988079071,0.699999988079071,714
2022-08-22,0.699999988079071,0.699999988079071,0.7099999785423279,0.6850000023841858,0.699999988079071,22654
2022-08-23,0.6949999928474426,0.6949999928474426,0.7149999737739563,0.6949999928474426,0.699999988079071,2139
2022-08-24,0.6800000071525574,0.6800000071525574,0.699999988079071,0.6499999761581421,0.699999988079071,27462
2022-08-25,0.6650000214576721,0.6650000214576721,0.6850000023841858,0.6549999713897705,0.6850000023841858,38400
2022-08-26,0.6949999928474426,0.6949999928474426,0.7049999833106995,0.6700000166893005,0.6700000166893005,52011
2022-08-29,0.699999988079071,0.699999988079071,0.699999988079071,0.6549999713897705,0.6949999928474426,30898
2022-08-30,0.7200000286102295,0.7200000286102295,0.7350000143051147,0.6800000071525574,0.699999988079071,49242
2022-08-31,0.6850000023841858,0.6850000023841858,0.7200000286102295,0.6650000214576721,0.7200000286102295,50940
2022-09-01,0.6650000214576721,0.6650000214576721,0.6899999976158142,0.6549999713897705,0.6850000023841858,28645
2022-09-02,0.675000011920929,0.675000011920929,0.7099999785423279,0.6700000166893005,0.6700000166893005,18234
2022-09-05,0.6650000214576721,0.6650000214576721,0.6650000214576721,0.6399999856948853,0.6650000214576721,25533
2022-09-06,0.6549999713897705,0.6549999713897705,0.6850000023841858,0.6399999856948853,0.675000011920929,11504
2022-09-07,0.6449999809265137,0.6449999809265137,0.6600000262260437,0.6299999952316284,0.6449999809265137,17674
2022-09-08,0.6299999952316284,0.6299999952316284,0.6449999809265137,0.6100000143051147,0.6449999809265137,23783
2022-09-09,0.6200000047683716,0.6200000047683716,0.6399999856948853,0.6200000047683716,0.6349999904632568,23177
2022-09-12,0.6200000047683716,0.6200000047683716,0.625,0.6000000238418579,0.625,44009
2022-09-13,0.6150000095367432,0.6150000095367432,0.6200000047683716,0.5950000286102295,0.6200000047683716,12767
2022-09-14,0.6499999761581421,0.6499999761581421,0.6499999761581421,0.6000000238418579,0.6100000143051147,46694
2022-09-15,0.6499999761581421,0.6499999761581421,0.6499999761581421,0.6449999809265137,0.6499999761581421,1591
2022-09-16,0.6399999856948853,0.6399999856948853,0.6549999713897705,0.6349999904632568,0.6549999713897705,2751
2022-09-19,0.6100000143051147,0.6100000143051147,0.6399999856948853,0.6000000238418579,0.6399999856948853,22446
2022-09-20,0.6200000047683716,0.6200000047683716,0.6299999952316284,0.6200000047683716,0.6299999952316284,45229
2022-09-21,0.5950000286102295,0.5950000286102295,0.6200000047683716,0.5950000286102295,0.6200000047683716,21006
2022-09-22,0.6150000095367432,0.6150000095367432,0.6150000095367432,0.5899999737739563,0.6000000238418579,6647
2022-09-23,0.7799999713897705,0.7799999713897705,0.8199999928474426,0.7699999809265137,0.7900000214576721,496475
2022-09-26,0.7799999713897705,0.7799999713897705,0.800000011920929,0.7699999809265137,0.7850000262260437,143924
2022-09-27,0.7950000166893005,0.7950000166893005,0.800000011920929,0.7850000262260437,0.7850000262260437,41066
2022-09-28,0.7900000214576721,0.7900000214576721,0.800000011920929,0.7850000262260437,0.7950000166893005,54656
2022-09-29,0.800000011920929,0.800000011920929,0.800000011920929,0.7850000262260437,0.7900000214576721,43634
2022-09-30,0.7749999761581421,0.7749999761581421,0.8100000023841858,0.7649999856948853,0.7950000166893005,226472
2022-10-03,0.7699999809265137,0.7699999809265137,0.7900000214576721,0.7649999856948853,0.7749999761581421,111853
2022-10-04,0.7799999713897705,0.7799999713897705,0.7799999713897705,0.7450000047683716,0.7699999809265137,180078
2022-10-05,0.7749999761581421,0.7749999761581421,0.7900000214576721,0.7599999904632568,0.7850000262260437,16625
2022-10-06,0.7799999713897705,0.7799999713897705,0.7850000262260437,0.7549999952316284,0.7749999761581421,102364
2022-10-07,0.7749999761581421,0.7749999761581421,0.7799999713897705,0.7599999904632568,0.7799999713897705,96682
2022-10-10,0.7699999809265137,0.7699999809265137,0.7699999809265137,0.7599999904632568,0.7599999904632568,3785
2022-10-11,0.7699999809265137,0.7699999809265137,0.7699999809265137,0.7599999904632568,0.7649999856948853,28078
2022-10-12,0.7699999809265137,0.7699999809265137,0.7749999761581421,0.7549999952316284,0.7749999761581421,32023
2022-10-13,0.7599999904632568,0.7599999904632568,0.7749999761581421,0.75,0.7549999952316284,134754
2022-10-14,0.7900000214576721,0.7900000214576721,0.7900000214576721,0.7649999856948853,0.7699999809265137,339981
2022-10-17,0.7900000214576721,0.7900000214576721,0.7900000214576721,0.7699999809265137,0.7900000214576721,31065
2022-10-18,0.7749999761581421,0.7749999761581421,0.7900000214576721,0.7699999809265137,0.7900000214576721,34013
2022-10-19,0.7799999713897705,0.7799999713897705,0.7799999713897705,0.7649999856948853,0.7799999713897705,33729
2022-10-20,0.7749999761581421,0.7749999761581421,0.7900000214576721,0.7749999761581421,0.7749999761581421,9895
2022-10-21,0.7049999833106995,0.7049999833106995,0.7799999713897705,0.6899999976158142,0.7699999809265137,326106
2022-10-24,0.699999988079071,0.699999988079071,0.7099999785423279,0.6850000023841858,0.7049999833106995,27222
2022-10-25,0.6850000023841858,0.6850000023841858,0.7049999833106995,0.6850000023841858,0.7049999833106995,1800
2022-10-26,0.699999988079071,0.699999988079071,0.7099999785423279,0.6899999976158142,0.699999988079071,11632
2022-10-27,0.699999988079071,0.699999988079071,0.699999988079071,0.6850000023841858,0.699999988079071,2328
2022-10-28,0.699999988079071,0.699999988079071,0.7149999737739563,0.6899999976158142,0.6899999976158142,16594
2022-10-31,0.7200000286102295,0.7200000286102295,0.7300000190734863,0.7099999785423279,0.7200000286102295,3751
2022-11-01,0.7200000286102295,0.7200000286102295,0.7200000286102295,0.7049999833106995,0.7200000286102295,26587
2022-11-02,0.7049999833106995,0.7049999833106995,0.7200000286102295,0.6949999928474426,0.7200000286102295,29387
2022-11-03,0.7200000286102295,0.7200000286102295,0.7200000286102295,0.6899999976158142,0.7099999785423279,11208
2022-11-04,0.7200000286102295,0.7200000286102295,0.7200000286102295,0.6949999928474426,0.7200000286102295,6648
2022-11-07,0.7099999785423279,0.7099999785423279,0.7200000286102295,0.7049999833106995,0.7099999785423279,45675
2022-11-08,0.7400000095367432,0.7400000095367432,0.75,0.7049999833106995,0.7149999737739563,125425
2022-11-09,0.7400000095367432,0.7400000095367432,0.7549999952316284,0.7400000095367432,0.75,26337
2022-11-10,0.75,0.75,0.7699999809265137,0.7450000047683716,0.75,16150
2022-11-11,0.7400000095367432,0.7400000095367432,0.7699999809265137,0.7350000143051147,0.7699999809265137,36592
2022-11-14,0.7400000095367432,0.7400000095367432,0.75,0.7300000190734863,0.75,38249
2022-11-15,0.7549999952316284,0.7549999952316284,0.7699999809265137,0.7450000047683716,0.7699999809265137,43970
2022-11-16,0.7900000214576721,0.7900000214576721,0.7950000166893005,0.75,0.75,124284
2022-11-17,0.800000011920929,0.800000011920929,0.800000011920929,0.7799999713897705,0.7900000214576721,52050
2022-11-18,0.8100000023841858,0.8100000023841858,0.8100000023841858,0.7799999713897705,0.800000011920929,54845
2022-11-21,0.8149999976158142,0.8149999976158142,0.8199999928474426,0.800000011920929,0.8100000023841858,85779
2022-11-22,0.7850000262260437,0.7850000262260437,0.8149999976158142,0.7850000262260437,0.8149999976158142,32595
2022-11-23,0.7950000166893005,0.7950000166893005,0.7950000166893005,0.7850000262260437,0.7950000166893005,17082
2022-11-24,0.8050000071525574,0.8050000071525574,0.8100000023841858,0.800000011920929,0.800000011920929,11559
2022-11-25,0.8050000071525574,0.8050000071525574,0.8050000071525574,0.7900000214576721,0.8050000071525574,5935
2022-11-28,0.8050000071525574,0.8050000071525574,0.8149999976158142,0.800000011920929,0.800000011920929,35947
2022-11-29,0.7950000166893005,0.7950000166893005,0.8149999976158142,0.7950000166893005,0.8100000023841858,7861
2022-11-30,0.8100000023841858,0.8100000023841858,0.8149999976158142,0.8100000023841858,0.8100000023841858,15582
2022-12-01,0.800000011920929,0.800000011920929,0.8149999976158142,0.7699999809265137,0.8149999976158142,85221
2022-12-02,0.8050000071525574,0.8050000071525574,0.8050000071525574,0.7950000166893005,0.800000011920929,1950
2022-12-05,0.7950000166893005,0.7950000166893005,0.8050000071525574,0.7900000214576721,0.8050000071525574,13193
2022-12-07,0.8100000023841858,0.8100000023841858,0.8149999976158142,0.7950000166893005,0.8050000071525574,31741
2022-12-08,0.800000011920929,0.800000011920929,0.8100000023841858,0.800000011920929,0.8100000023841858,29612
2022-12-09,0.8050000071525574,0.8050000071525574,0.8100000023841858,0.7850000262260437,0.800000011920929,46486
2022-12-12,0.7850000262260437,0.7850000262260437,0.8100000023841858,0.7850000262260437,0.8100000023841858,76431
2022-12-13,0.7900000214576721,0.7900000214576721,0.800000011920929,0.7850000262260437,0.7850000262260437,53146
2022-12-14,0.8050000071525574,0.8050000071525574,0.8050000071525574,0.7900000214576721,0.8050000071525574,100215
2022-12-15,0.7900000214576721,0.7900000214576721,0.8100000023841858,0.7900000214576721,0.8050000071525574,201107
2022-12-16,0.7400000095367432,0.7400000095367432,0.8050000071525574,0.6800000071525574,0.8050000071525574,527347
2022-12-19,0.75,0.75,0.7649999856948853,0.7400000095367432,0.7599999904632568,306472
2022-12-20,0.800000011920929,0.800000011920929,0.800000011920929,0.7599999904632568,0.7599999904632568,134255
2022-12-21,0.75,0.75,0.800000011920929,0.75,0.7950000166893005,349391
2022-12-22,0.7649999856948853,0.7649999856948853,0.7850000262260437,0.7549999952316284,0.7850000262260437,31982
2022-12-23,0.7699999809265137,0.7699999809265137,0.7749999761581421,0.7350000143051147,0.7749999761581421,86261
2022-12-27,0.7400000095367432,0.7400000095367432,0.7749999761581421,0.7200000286102295,0.7749999761581421,211771
2022-12-28,0.7200000286102295,0.7200000286102295,0.7400000095367432,0.699999988079071,0.7400000095367432,277857
2022-12-29,0.7200000286102295,0.7200000286102295,0.7300000190734863,0.6800000071525574,0.7200000286102295,134102
2022-12-30,0.7099999785423279,0.7099999785423279,0.7149999737739563,0.6299999952316284,0.699999988079071,209685
2023-01-02,0.7400000095367432,0.7400000095367432,0.7749999761581421,0.7149999737739563,0.7149999737739563,54883
2023-01-03,0.7450000047683716,0.7450000047683716,0.7599999904632568,0.7300000190734863,0.75,111511
2023-01-04,0.7599999904632568,0.7599999904632568,0.7599999904632568,0.7450000047683716,0.7450000047683716,33123
2023-01-05,0.7599999904632568,0.7599999904632568,0.7599999904632568,0.7400000095367432,0.7599999904632568,24002
2023-01-09,0.75,0.75,0.7599999904632568,0.75,0.7549999952316284,62012
2023-01-10,0.75,0.75,0.75,0.7200000286102295,0.75,19883
2023-01-11,0.7350000143051147,0.7350000143051147,0.75,0.7300000190734863,0.75,15911
2023-01-12,0.7300000190734863,0.7300000190734863,0.7350000143051147,0.7250000238418579,0.7350000143051147,15243
2023-01-13,0.7350000143051147,0.7350000143051147,0.7400000095367432,0.7300000190734863,0.7350000143051147,8109
2023-01-16,0.7300000190734863,0.7300000190734863,0.7300000190734863,0.699999988079071,0.7250000238418579,125239
2023-01-17,0.7350000143051147,0.7350000143051147,0.7450000047683716,0.7149999737739563,0.7149999737739563,48304
2023-01-18,0.7400000095367432,0.7400000095367432,0.7400000095367432,0.7149999737739563,0.7300000190734863,99875
2023-01-19,0.7350000143051147,0.7350000143051147,0.7549999952316284,0.7300000190734863,0.75,14862
2023-01-20,0.7350000143051147,0.7350000143051147,0.7350000143051147,0.7200000286102295,0.7250000238418579,3540
2023-01-23,0.7799999713897705,0.7799999713897705,0.7900000214576721,0.7250000238418579,0.7350000143051147,262504
2023-01-24,0.7799999713897705,0.7799999713897705,0.7900000214576721,0.7799999713897705,0.7850000262260437,183100
2023-01-25,0.7900000214576721,0.7900000214576721,0.7900000214576721,0.7749999761581421,0.7900000214576721,38254
2023-01-26,0.8100000023841858,0.8100000023841858,0.8149999976158142,0.7850000262260437,0.7900000214576721,698205
2023-01-27,0.8100000023841858,0.8100000023841858,0.8100000023841858,0.800000011920929,0.8100000023841858,1832384
2023-01-30,0.8050000071525574,0.8050000071525574,0.8100000023841858,0.800000011920929,0.8100000023841858,532999
2023-01-31,0.800000011920929,0.800000011920929,0.8050000071525574,0.800000011920929,0.8050000071525574,487977
2023-02-01,0.7900000214576721,0.7900000214576721,0.800000011920929,0.7799999713897705,0.800000011920929,1377550
2023-02-02,0.7850000262260437,0.7850000262260437,0.7950000166893005,0.7850000262260437,0.7900000214576721,114321
2023-02-03,0.7900000214576721,0.7900000214576721,0.7950000166893005,0.7850000262260437,0.7850000262260437,14254
2023-02-06,0.7900000214576721,0.7900000214576721,0.7900000214576721,0.7850000262260437,0.7900000214576721,94561
2023-02-07,0.800000011920929,0.800000011920929,0.800000011920929,0.7900000214576721,0.7900000214576721,1624163
2023-02-08,0.7950000166893005,0.7950000166893005,0.8050000071525574,0.7850000262260437,0.800000011920929,642053
2023-02-09,0.7799999713897705,0.7799999713897705,0.7950000166893005,0.7699999809265137,0.7950000166893005,1017008
2023-02-10,0.7699999809265137,0.7699999809265137,0.7799999713897705,0.7699999809265137,0.7749999761581421,323056
2023-02-13,0.7749999761581421,0.7749999761581421,0.7749999761581421,0.7699999809265137,0.7699999809265137,79759
2023-02-14,0.7699999809265137,0.7699999809265137,0.7749999761581421,0.7549999952316284,0.7699999809265137,469317
2023-02-15,0.7699999809265137,0.7699999809265137,0.7749999761581421,0.75,0.7649999856948853,428034
2023-02-16,0.7699999809265137,0.7699999809265137,0.7749999761581421,0.7649999856948853,0.7699999809265137,75049
2023-02-17,0.7749999761581421,0.7749999761581421,0.7749999761581421,0.7649999856948853,0.7699999809265137,56255
2023-02-20,0.7799999713897705,0.7799999713897705,0.7799999713897705,0.7749999761581421,0.7749999761581421,33296
2023-02-21,0.7799999713897705,0.7799999713897705,0.7799999713897705,0.7749999761581421,0.7749999761581421,25077
2023-02-22,0.7799999713897705,0.7799999713897705,0.7799999713897705,0.7699999809265137,0.7799999713897705,33650
2023-02-23,0.7749999761581421,0.7749999761581421,0.7799999713897705,0.7649999856948853,0.7799999713897705,82159
2023-02-24,0.7749999761581421,0.7749999761581421,0.7749999761581421,0.7699999809265137,0.7749999761581421,28527
2023-02-27,0.800000011920929,0.800000011920929,0.800000011920929,0.7749999761581421,0.7749999761581421,264784
2023-02-28,0.7850000262260437,0.7850000262260437,0.800000011920929,0.7799999713897705,0.800000011920929,46809
2023-03-01,0.7850000262260437,0.7850000262260437,0.7900000214576721,0.7850000262260437,0.7850000262260437,21492
2023-03-02,0.7850000262260437,0.7850000262260437,0.7900000214576721,0.7850000262260437,0.7850000262260437,44078
2023-03-03,0.7900000214576721,0.7900000214576721,0.7900000214576721,0.7799999713897705,0.7900000214576721,120352
2023-03-06,0.7850000262260437,0.7850000262260437,0.7900000214576721,0.7799999713897705,0.7900000214576721,44644
2023-03-07,0.7850000262260437,0.7850000262260437,0.7850000262260437,0.7799999713897705,0.7850000262260437,59201
2023-03-08,0.7850000262260437,0.7850000262260437,0.7850000262260437,0.7799999713897705,0.7850000262260437,41499
2023-03-09,0.7850000262260437,0.7850000262260437,0.7900000214576721,0.7799999713897705,0.7799999713897705,24879
2023-03-10,0.7850000262260437,0.7850000262260437,0.7900000214576721,0.7799999713897705,0.7900000214576721,88514
2023-03-13,0.7749999761581421,0.7749999761581421,0.7850000262260437,0.7649999856948853,0.7850000262260437,424132
2023-03-14,0.7749999761581421,0.7749999761581421,0.7749999761581421,0.7649999856948853,0.7749999761581421,248073
2023-03-15,0.7749999761581421,0.7749999761581421,0.7749999761581421,0.7649999856948853,0.7749999761581421,81652
2023-03-16,0.7749999761581421,0.7749999761581421,0.7749999761581421,0.7699999809265137,0.7699999809265137,6126
2023-03-17,0.7699999809265137,0.7699999809265137,0.7699999809265137,0.7649999856948853,0.7699999809265137,84356
2023-03-20,0.7699999809265137,0.7699999809265137,0.7699999809265137,0.7649999856948853,0.7699999809265137,37761
2023-03-21,0.7649999856948853,0.7649999856948853,0.7699999809265137,0.7649999856948853,0.7699999809265137,131334
2023-03-22,0.7699999809265137,0.7699999809265137,0.7749999761581421,0.7649999856948853,0.7699999809265137,132250
2023-03-23,0.7699999809265137,0.7699999809265137,0.7699999809265137,0.7649999856948853,0.7699999809265137,37877
2023-03-24,0.7749999761581421,0.7749999761581421,0.7749999761581421,0.7649999856948853,0.7699999809265137,137807
2023-03-27,0.7749999761581421,0.7749999761581421,0.7749999761581421,0.7649999856948853,0.7749999761581421,32138
2023-03-28,0.7749999761581421,0.7749999761581421,0.7749999761581421,0.7649999856948853,0.7749999761581421,106399
2023-03-29,0.7749999761581421,0.7749999761581421,0.7749999761581421,0.7649999856948853,0.7749999761581421,207209
2023-03-30,0.7699999809265137,0.7699999809265137,0.7749999761581421,0.7649999856948853,0.7699999809265137,87724
2023-03-31,0.7749999761581421,0.7749999761581421,0.7749999761581421,0.7649999856948853,0.7699999809265137,161320
2023-04-03,0.7739999890327454,0.7739999890327454,0.7760000228881836,0.7699999809265137,0.7760000228881836,42403
2023-04-04,0.777999997138977,0.777999997138977,0.777999997138977,0.7739999890327454,0.7739999890327454,21052
2023-04-05,0.777999997138977,0.777999997138977,0.777999997138977,0.7720000147819519,0.7760000228881836,13121
2023-04-06,0.7799999713897705,0.7799999713897705,0.7860000133514404,0.7720000147819519,0.777999997138977,103830
2023-04-11,0.7860000133514404,0.7860000133514404,0.7860000133514404,0.7699999809265137,0.7799999713897705,137835
2023-04-12,0.7919999957084656,0.7919999957084656,0.7979999780654907,0.7799999713897705,0.7860000133514404,344376
2023-04-13,0.7879999876022339,0.7879999876022339,0.7940000295639038,0.7839999794960022,0.7919999957084656,264910
2023-04-14,0.7960000038146973,0.7960000038146973,0.7960000038146973,0.7900000214576721,0.7900000214576721,295877
2023-04-17,0.8019999861717224,0.8019999861717224,0.8059999942779541,0.7960000038146973,0.7979999780654907,240012
2023-04-18,0.8019999861717224,0.8019999861717224,0.8100000023841858,0.8019999861717224,0.8019999861717224,70664
2023-04-19,0.7960000038146973,0.7960000038146973,0.8019999861717224,0.7400000095367432,0.8019999861717224,65242
2023-04-20,0.7300000190734863,0.7300000190734863,0.7960000038146973,0.7099999785423279,0.7960000038146973,38827
2023-04-21,0.6119999885559082,0.6119999885559082,0.7200000286102295,0.6119999885559082,0.7200000286102295,91092
2023-04-24,0.6340000033378601,0.6340000033378601,0.6600000262260437,0.6200000047683716,0.6200000047683716,46971
2023-04-25,0.6399999856948853,0.6399999856948853,0.6499999761581421,0.6380000114440918,0.6499999761581421,29607
2023-04-26,0.6499999761581421,0.6499999761581421,0.6499999761581421,0.6399999856948853,0.6499999761581421,15118
2023-04-27,0.6499999761581421,0.6499999761581421,0.6499999761581421,0.6359999775886536,0.6499999761581421,3329
2023-04-28,0.6499999761581421,0.6499999761581421,0.656000018119812,0.6359999775886536,0.6499999761581421,53278
2023-05-02,0.6499999761581421,0.6499999761581421,0.6819999814033508,0.6499999761581421,0.656000018119812,33982
2023-05-03,0.6420000195503235,0.6420000195503235,0.656000018119812,0.6299999952316284,0.6499999761581421,20798
2023-05-04,0.6460000276565552,0.6460000276565552,0.6460000276565552,0.6399999856948853,0.6399999856948853,930
2023-05-05,0.6499999761581421,0.6499999761581421,0.656000018119812,0.6320000290870667,0.6460000276565552,11753
2023-05-08,0.6320000290870667,0.6320000290870667,0.6620000004768372,0.6299999952316284,0.6299999952316284,22176
2023-05-09,0.6299999952316284,0.6299999952316284,0.6399999856948853,0.6299999952316284,0.6399999856948853,3723
2023-05-10,0.6200000047683716,0.6200000047683716,0.6480000019073486,0.6100000143051147,0.6240000128746033,30124
2023-05-11,0.6100000143051147,0.6100000143051147,0.6179999709129333,0.6079999804496765,0.6100000143051147,15545
2023-05-12,0.6100000143051147,0.6100000143051147,0.6340000033378601,0.6100000143051147,0.6100000143051147,1545
2023-05-15,0.6179999709129333,0.6179999709129333,0.6399999856948853,0.6039999723434448,0.6100000143051147,44366
2023-05-16,0.621999979019165,0.621999979019165,0.6299999952316284,0.6140000224113464,0.6299999952316284,37595
2023-05-17,0.6159999966621399,0.6159999966621399,0.6200000047683716,0.6079999804496765,0.6200000047683716,6494
2023-05-19,0.699999988079071,0.699999988079071,0.7020000219345093,0.6200000047683716,0.6200000047683716,104182
2023-05-22,0.6800000071525574,0.6800000071525574,0.7139999866485596,0.6800000071525574,0.699999988079071,29710
2023-05-23,0.7200000286102295,0.7200000286102295,0.7300000190734863,0.6800000071525574,0.6800000071525574,91098
2023-05-24,0.7400000095367432,0.7400000095367432,0.7820000052452087,0.6620000004768372,0.7279999852180481,67230
2023-05-25,0.6940000057220459,0.6940000057220459,0.7400000095367432,0.6700000166893005,0.7400000095367432,21789
2023-05-26,0.6800000071525574,0.6800000071525574,0.6940000057220459,0.6759999990463257,0.6940000057220459,4823
2023-05-29,0.6859999895095825,0.6859999895095825,0.6940000057220459,0.6620000004768372,0.6899999976158142,13379
2023-05-30,0.6579999923706055,0.6579999923706055,0.6940000057220459,0.6420000195503235,0.6859999895095825,18683
2023-05-31,0.6639999747276306,0.6639999747276306,0.6779999732971191,0.6520000100135803,0.6579999923706055,4055
2023-06-01,0.6520000100135803,0.6520000100135803,0.7020000219345093,0.6499999761581421,0.6499999761581421,22282
2023-06-02,0.6899999976158142,0.6899999976158142,0.6959999799728394,0.6600000262260437,0.6959999799728394,4588
2023-06-05,0.6840000152587891,0.6840000152587891,0.6940000057220459,0.6439999938011169,0.6899999976158142,4423
2023-06-06,0.6840000152587891,0.6840000152587891,0.6919999718666077,0.6600000262260437,0.6840000152587891,3140
2023-06-07,0.6439999938011169,0.6439999938011169,0.6940000057220459,0.6439999938011169,0.6940000057220459,9045
2023-06-08,0.6499999761581421,0.6499999761581421,0.6639999747276306,0.6499999761581421,0.6499999761581421,23499
2023-06-09,0.6779999732971191,0.6779999732971191,0.6800000071525574,0.6579999923706055,0.6800000071525574,116
2023-06-12,0.699999988079071,0.699999988079071,0.7260000109672546,0.6700000166893005,0.6740000247955322,15212
2023-06-13,0.6759999990463257,0.6759999990463257,0.7099999785423279,0.6579999923706055,0.699999988079071,23003
2023-06-14,0.6700000166893005,0.6700000166893005,0.6759999990463257,0.6700000166893005,0.6759999990463257,20
2023-06-15,0.6660000085830688,0.6660000085830688,0.6700000166893005,0.6600000262260437,0.6700000166893005,5576
2023-06-16,0.6740000247955322,0.6740000247955322,0.6779999732971191,0.6660000085830688,0.6660000085830688,2527
2023-06-19,0.6499999761581421,0.6499999761581421,0.6740000247955322,0.6399999856948853,0.6740000247955322,1842
2023-06-20,0.6420000195503235,0.6420000195503235,0.6660000085830688,0.6359999775886536,0.6399999856948853,14945
2023-06-21,0.6359999775886536,0.6359999775886536,0.671999990940094,0.6359999775886536,0.6420000195503235,645
2023-06-22,0.6480000019073486,0.6480000019073486,0.6480000019073486,0.6359999775886536,0.6439999938011169,1770
2023-06-26,0.6480000019073486,0.6480000019073486,0.6899999976158142,0.6340000033378601,0.6499999761581421,2339
2023-06-27,0.6320000290870667,0.6320000290870667,0.7020000219345093,0.6140000224113464,0.6480000019073486,6519
2023-06-28,0.6499999761581421,0.6499999761581421,0.6800000071525574,0.6200000047683716,0.6200000047683716,11447
2023-06-29,0.6740000247955322,0.6740000247955322,0.6740000247955322,0.6100000143051147,0.6499999761581421,18062
2023-06-30,0.6639999747276306,0.6639999747276306,0.6740000247955322,0.6179999709129333,0.6740000247955322,3530
2023-07-03,0.6579999923706055,0.6579999923706055,0.6600000262260437,0.6200000047683716,0.6600000262260437,11800
2023-07-04,0.6320000290870667,0.6320000290870667,0.6499999761581421,0.621999979019165,0.6499999761581421,14132
2023-07-05,0.6399999856948853,0.6399999856948853,0.6499999761581421,0.6200000047683716,0.6299999952316284,7158
2023-07-06,0.6700000166893005,0.6700000166893005,0.6800000071525574,0.6700000166893005,0.6800000071525574,1216
2023-07-07,0.6700000166893005,0.6700000166893005,0.6919999718666077,0.6499999761581421,0.6919999718666077,3788
2023-07-10,0.6579999923706055,0.6579999923706055,0.6700000166893005,0.6399999856948853,0.6499999761581421,4271
2023-07-11,0.6579999923706055,0.6579999923706055,0.6800000071525574,0.6579999923706055,0.6800000071525574,11
2023-07-12,0.621999979019165,0.621999979019165,0.6579999923706055,0.6140000224113464,0.6399999856948853,11686
2023-07-13,0.6439999938011169,0.6439999938011169,0.656000018119812,0.6439999938011169,0.656000018119812,444
2023-07-14,0.6299999952316284,0.6299999952316284,0.6679999828338623,0.6299999952316284,0.6679999828338623,5558
2023-07-17,0.6200000047683716,0.6200000047683716,0.6359999775886536,0.6200000047683716,0.6299999952316284,9396
2023-07-18,0.6320000290870667,0.6320000290870667,0.6340000033378601,0.6200000047683716,0.621999979019165,2480
2023-07-19,0.6259999871253967,0.6259999871253967,0.6259999871253967,0.6200000047683716,0.6200000047683716,126
2023-07-20,0.6200000047683716,0.6200000047683716,0.6340000033378601,0.6200000047683716,0.6200000047683716,1348
2023-07-21,0.6200000047683716,0.6200000047683716,0.656000018119812,0.6200000047683716,0.6299999952316284,658
2023-07-24,0.6200000047683716,0.6200000047683716,0.6299999952316284,0.6200000047683716,0.6200000047683716,570
2023-07-25,0.6100000143051147,0.6100000143051147,0.6299999952316284,0.5699999928474426,0.6200000047683716,34834
2023-07-26,0.6100000143051147,0.6100000143051147,0.621999979019165,0.5920000076293945,0.6000000238418579,5575
2023-07-27,0.6000000238418579,0.6000000238418579,0.6200000047683716,0.6000000238418579,0.6100000143051147,20482
2023-07-28,0.6100000143051147,0.6100000143051147,0.628000020980835,0.6000000238418579,0.6000000238418579,990
2023-07-31,0.6200000047683716,0.6200000047683716,0.6600000262260437,0.6100000143051147,0.6100000143051147,6068
2023-08-01,0.6179999709129333,0.6179999709129333,0.6420000195503235,0.593999981880188,0.6200000047683716,2595
2023-08-02,0.6259999871253967,0.6259999871253967,0.6520000100135803,0.6200000047683716,0.6200000047683716,8565
2023-08-03,0.6159999966621399,0.6159999966621399,0.6380000114440918,0.6159999966621399,0.6380000114440918,6663
2023-08-04,0.6159999966621399,0.6159999966621399,0.6539999842643738,0.5979999899864197,0.6019999980926514,11910
2023-08-07,0.6259999871253967,0.6259999871253967,0.6579999923706055,0.6119999885559082,0.6159999966621399,2920
2023-08-08,0.6100000143051147,0.6100000143051147,0.6359999775886536,0.593999981880188,0.6259999871253967,10323
2023-08-09,0.5899999737739563,0.5899999737739563,0.6380000114440918,0.5799999833106995,0.6100000143051147,8281
2023-08-10,0.6019999980926514,0.6019999980926514,0.6140000224113464,0.5860000252723694,0.6119999885559082,8570
2023-08-11,0.6320000290870667,0.6320000290870667,0.6320000290870667,0.6019999980926514,0.6019999980926514,10480
2023-08-14,0.6000000238418579,0.6000000238418579,0.6320000290870667,0.5899999737739563,0.6320000290870667,4547
2023-08-15,0.6079999804496765,0.6079999804496765,0.6179999709129333,0.6000000238418579,0.6039999723434448,1013
2023-08-16,0.5879999995231628,0.5879999995231628,0.6019999980926514,0.5879999995231628,0.593999981880188,3028
2023-08-17,0.6140000224113464,0.6140000224113464,0.6140000224113464,0.5879999995231628,0.5879999995231628,1021
2023-08-18,0.6079999804496765,0.6079999804496765,0.6399999856948853,0.5860000252723694,0.6399999856948853,39022
2023-08-21,0.5799999833106995,0.5799999833106995,0.6700000166893005,0.5759999752044678,0.6079999804496765,10767
2023-08-22,0.5699999928474426,0.5699999928474426,0.6200000047683716,0.5699999928474426,0.5899999737739563,8830
2023-08-23,0.5899999737739563,0.5899999737739563,0.6079999804496765,0.5699999928474426,0.5699999928474426,17348
2023-08-24,0.6039999723434448,0.6039999723434448,0.6060000061988831,0.5699999928474426,0.5699999928474426,11238
2023-08-25,0.6079999804496765,0.6079999804496765,0.6600000262260437,0.593999981880188,0.6200000047683716,31129
2023-08-28,0.6000000238418579,0.6000000238418579,0.6079999804496765,0.5740000009536743,0.6079999804496765,13713
2023-08-29,0.5960000157356262,0.5960000157356262,0.6520000100135803,0.5720000267028809,0.5799999833106995,19726
2023-08-30,0.5799999833106995,0.5799999833106995,0.5899999737739563,0.5640000104904175,0.5860000252723694,39212
2023-08-31,0.5759999752044678,0.5759999752044678,0.5820000171661377,0.5519999861717224,0.5799999833106995,23885
2023-09-01,0.5740000009536743,0.5740000009536743,0.5920000076293945,0.5699999928474426,0.5920000076293945,1224
2023-09-04,0.5699999928474426,0.5699999928474426,0.5860000252723694,0.5600000023841858,0.5740000009536743,3584
2023-09-05,0.5600000023841858,0.5600000023841858,0.5820000171661377,0.5580000281333923,0.5600000023841858,30228
2023-09-06,0.5640000104904175,0.5640000104904175,0.5879999995231628,0.5400000214576721,0.5619999766349792,9458
2023-09-07,0.5600000023841858,0.5600000023841858,0.5699999928474426,0.5540000200271606,0.5699999928474426,6496
2023-09-08,0.5379999876022339,0.5379999876022339,0.5640000104904175,0.527999997138977,0.5640000104904175,16560
2023-09-11,0.5,0.5,0.5379999876022339,0.4950000047683716,0.4950000047683716,35642
2023-09-12,0.5120000243186951,0.5120000243186951,0.5360000133514404,0.49799999594688416,0.5260000228881836,31665
2023-09-13,0.5799999833106995,0.5799999833106995,0.5920000076293945,0.5,0.5120000243186951,29115
2023-09-14,0.5299999713897705,0.5299999713897705,0.5799999833106995,0.5299999713897705,0.5799999833106995,16552
2023-09-15,0.5659999847412109,0.5659999847412109,0.5879999995231628,0.5299999713897705,0.5299999713897705,90574
2023-09-18,0.5400000214576721,0.5400000214576721,0.5659999847412109,0.5400000214576721,0.5659999847412109,32472
2023-09-19,0.5479999780654907,0.5479999780654907,0.5600000023841858,0.5460000038146973,0.5600000023841858,11386
2023-09-20,0.5960000157356262,0.5960000157356262,0.6000000238418579,0.5320000052452087,0.5479999780654907,145980
2023-09-21,0.5720000267028809,0.5720000267028809,0.6000000238418579,0.5600000023841858,0.6000000238418579,21556
2023-09-22,0.5759999752044678,0.5759999752044678,0.5979999899864197,0.550000011920929,0.5720000267028809,132633
2023-09-25,0.5600000023841858,0.5600000023841858,0.5720000267028809,0.5600000023841858,0.5699999928474426,29260
2023-09-26,0.5580000281333923,0.5580000281333923,0.5619999766349792,0.550000011920929,0.5580000281333923,45701
2023-09-27,0.5600000023841858,0.5600000023841858,0.5600000023841858,0.550000011920929,0.5580000281333923,24260
2023-09-28,0.5600000023841858,0.5600000023841858,0.5600000023841858,0.5379999876022339,0.5559999942779541,15801
2023-09-29,0.5600000023841858,0.5600000023841858,0.5680000185966492,0.5479999780654907,0.550000011920929,15432
2023-10-02,0.5600000023841858,0.5600000023841858,0.5699999928474426,0.5519999861717224,0.5659999847412109,7198
2023-10-03,0.5139999985694885,0.5139999985694885,0.5619999766349792,0.5139999985694885,0.5619999766349792,39167
2023-10-04,0.4959999918937683,0.4959999918937683,0.5580000281333923,0.4959999918937683,0.5580000281333923,55452
2023-10-05,0.49900001287460327,0.49900001287460327,0.5400000214576721,0.4790000021457672,0.5059999823570251,70774
2023-10-06,0.49799999594688416,0.49799999594688416,0.49799999594688416,0.47999998927116394,0.48899999260902405,23942
2023-10-09,0.4970000088214874,0.4970000088214874,0.5,0.4970000088214874,0.49900001287460327,13739
2023-10-10,0.4959999918937683,0.4959999918937683,0.4970000088214874,0.4880000054836273,0.4970000088214874,850
2023-10-11,0.5199999809265137,0.5199999809265137,0.5600000023841858,0.4959999918937683,0.4970000088214874,73381
2023-10-12,0.5400000214576721,0.5400000214576721,0.5600000023841858,0.5120000243186951,0.550000011920929,75931
2023-10-13,0.5360000133514404,0.5360000133514404,0.550000011920929,0.5260000228881836,0.550000011920929,12879
2023-10-16,0.5339999794960022,0.5339999794960022,0.5540000200271606,0.5199999809265137,0.5360000133514404,36174
2023-10-17,0.5360000133514404,0.5360000133514404,0.5360000133514404,0.5220000147819519,0.5339999794960022,905
2023-10-18,0.5019999742507935,0.5019999742507935,0.5360000133514404,0.5019999742507935,0.5360000133514404,17349
2023-10-19,0.48899999260902405,0.48899999260902405,0.5120000243186951,0.48500001430511475,0.5099999904632568,39545
2023-10-20,0.49000000953674316,0.49000000953674316,0.49000000953674316,0.4699999988079071,0.48500001430511475,25210
2023-10-23,0.49000000953674316,0.49000000953674316,0.4950000047683716,0.4779999852180481,0.49000000953674316,38751
2023-10-24,0.49799999594688416,0.49799999594688416,0.49900001287460327,0.49000000953674316,0.49000000953674316,1745
2023-10-25,0.49000000953674316,0.49000000953674316,0.5,0.47999998927116394,0.5,9140
2023-10-26,0.4650000035762787,0.4650000035762787,0.48899999260902405,0.4519999921321869,0.48899999260902405,50637
2023-10-27,0.4779999852180481,0.4779999852180481,0.527999997138977,0.47099998593330383,0.4790000021457672,91083
2023-10-30,0.46000000834465027,0.46000000834465027,0.4779999852180481,0.453000009059906,0.4779999852180481,32488
2023-10-31,0.4959999918937683,0.4959999918937683,0.4959999918937683,0.46000000834465027,0.46000000834465027,12716
2023-11-01,0.4779999852180481,0.4779999852180481,0.5040000081062317,0.4699999988079071,0.49799999594688416,23786
2023-11-02,0.47699999809265137,0.47699999809265137,0.47699999809265137,0.4690000116825104,0.47699999809265137,8227
2023-11-03,0.4830000102519989,0.4830000102519989,0.5,0.4779999852180481,0.5,35409
2023-11-06,0.47099998593330383,0.47099998593330383,0.49000000953674316,0.47099998593330383,0.4830000102519989,2652
2023-11-07,0.4580000042915344,0.4580000042915344,0.47099998593330383,0.4569999873638153,0.47099998593330383,24220
2023-11-08,0.4580000042915344,0.4580000042915344,0.46299999952316284,0.44200000166893005,0.46299999952316284,49009
2023-11-09,0.45399999618530273,0.45399999618530273,0.45899999141693115,0.44200000166893005,0.45100000500679016,10814
2023-11-10,0.4449999928474426,0.4449999928474426,0.4620000123977661,0.4300000071525574,0.4449999928474426,71219
2023-11-13,0.4399999976158142,0.4399999976158142,0.45500001311302185,0.43299999833106995,0.44999998807907104,17002
2023-11-14,0.45399999618530273,0.45399999618530273,0.4690000116825104,0.4399999976158142,0.4399999976158142,35400
2023-11-15,0.47999998927116394,0.47999998927116394,0.4860000014305115,0.45399999618530273,0.45399999618530273,14167
2023-11-16,0.47099998593330383,0.47099998593330383,0.47999998927116394,0.47099998593330383,0.4779999852180481,6560
2023-11-17,0.4970000088214874,0.4970000088214874,0.4970000088214874,0.47999998927116394,0.47999998927116394,6327
2023-11-20,0.5099999904632568,0.5099999904632568,0.5139999985694885,0.5,0.5,33363
2023-11-21,0.515999972820282,0.515999972820282,0.5479999780654907,0.5059999823570251,0.5199999809265137,105180
2023-11-22,0.5260000228881836,0.5260000228881836,0.5260000228881836,0.515999972820282,0.5199999809265137,37731
2023-11-23,0.5199999809265137,0.5199999809265137,0.5260000228881836,0.5080000162124634,0.5260000228881836,25376
2023-11-24,0.5,0.5,0.5199999809265137,0.5,0.5199999809265137,22159
2023-11-27,0.4950000047683716,0.4950000047683716,0.5059999823570251,0.49000000953674316,0.5,23520
2023-11-28,0.4779999852180481,0.4779999852180481,0.5080000162124634,0.4779999852180481,0.4959999918937683,93455
2023-11-29,0.46399998664855957,0.46399998664855957,0.4779999852180481,0.44999998807907104,0.4779999852180481,107921
2023-11-30,0.46700000762939453,0.46700000762939453,0.4690000116825104,0.460999995470047,0.4690000116825104,9105
2023-12-01,0.4779999852180481,0.4779999852180481,0.47999998927116394,0.453000009059906,0.46700000762939453,25736
2023-12-04,0.4580000042915344,0.4580000042915344,0.4779999852180481,0.44999998807907104,0.4749999940395355,49690
2023-12-05,0.4690000116825104,0.4690000116825104,0.4690000116825104,0.45100000500679016,0.4580000042915344,4758
2023-12-07,0.45399999618530273,0.45399999618530273,0.4690000116825104,0.45399999618530273,0.4690000116825104,2132
2023-12-08,0.46399998664855957,0.46399998664855957,0.4699999988079071,0.45500001311302185,0.4690000116825104,8832
2023-12-11,0.46399998664855957,0.46399998664855957,0.4699999988079071,0.46000000834465027,0.4699999988079071,50324
2023-12-12,0.4659999907016754,0.4659999907016754,0.4790000021457672,0.46399998664855957,0.4690000116825104,89558
2023-12-13,0.4699999988079071,0.4699999988079071,0.4779999852180481,0.4699999988079071,0.4779999852180481,3684
2023-12-14,0.4970000088214874,0.4970000088214874,0.4970000088214874,0.4740000069141388,0.47999998927116394,71811
2023-12-15,0.5019999742507935,0.5019999742507935,0.5440000295639038,0.49799999594688416,0.5440000295639038,29982
2023-12-18,0.5059999823570251,0.5059999823570251,0.5059999823570251,0.492000013589859,0.5019999742507935,4013
2023-12-19,0.5040000081062317,0.5040000081062317,0.5180000066757202,0.49799999594688416,0.5059999823570251,728500
2023-12-20,0.515999972820282,0.515999972820282,0.515999972820282,0.5099999904632568,0.5139999985694885,54349
2023-12-21,0.5099999904632568,0.5099999904632568,0.5139999985694885,0.49799999594688416,0.5139999985694885,7422
2023-12-22,0.49000000953674316,0.49000000953674316,0.5099999904632568,0.4830000102519989,0.5099999904632568,16471
2023-12-27,0.550000011920929,0.550000011920929,0.5699999928474426,0.4950000047683716,0.4950000047683716,53472
2023-12-28,0.5479999780654907,0.5479999780654907,0.550000011920929,0.5339999794960022,0.550000011920929,14800
2023-12-29,0.5320000052452087,0.5320000052452087,0.5479999780654907,0.5320000052452087,0.5440000295639038,17671
2024-01-02,0.5979999899864197,0.5979999899864197,0.6100000143051147,0.5519999861717224,0.5519999861717224,96266
2024-01-03,0.5799999833106995,0.5799999833106995,0.5979999899864197,0.5799999833106995,0.5979999899864197,11975
2024-01-04,0.5720000267028809,0.5720000267028809,0.578000009059906,0.5699999928474426,0.578000009059906,5448
2024-01-05,0.5759999752044678,0.5759999752044678,0.5860000252723694,0.5759999752044678,0.5759999752044678,14664
2024-01-08,0.5799999833106995,0.5799999833106995,0.5879999995231628,0.5740000009536743,0.5759999752044678,12417
2024-01-09,0.5799999833106995,0.5799999833106995,0.5839999914169312,0.5740000009536743,0.5799999833106995,6804
2024-01-10,0.5799999833106995,0.5799999833106995,0.5879999995231628,0.5759999752044678,0.5839999914169312,18246
2024-01-11,0.5879999995231628,0.5879999995231628,0.5920000076293945,0.5759999752044678,0.5799999833106995,10673
2024-01-12,0.6100000143051147,0.6100000143051147,0.6100000143051147,0.5799999833106995,0.5899999737739563,46363
2024-01-15,0.6159999966621399,0.6159999966621399,0.628000020980835,0.6019999980926514,0.6019999980926514,83725
2024-01-16,0.6100000143051147,0.6100000143051147,0.6200000047683716,0.6000000238418579,0.6159999966621399,27878
2024-01-17,0.5839999914169312,0.5839999914169312,0.6100000143051147,0.5839999914169312,0.6100000143051147,14927
2024-01-18,0.5460000038146973,0.5460000038146973,0.5979999899864197,0.5239999890327454,0.5979999899864197,60976
2024-01-19,0.5400000214576721,0.5400000214576721,0.5979999899864197,0.5360000133514404,0.5460000038146973,77138
2024-01-22,0.5339999794960022,0.5339999794960022,0.5979999899864197,0.5199999809265137,0.5400000214576721,33646
2024-01-23,0.5299999713897705,0.5299999713897705,0.5699999928474426,0.5019999742507935,0.5019999742507935,20006
2024-01-24,0.5299999713897705,0.5299999713897705,0.5400000214576721,0.527999997138977,0.5299999713897705,34103
2024-01-25,0.5360000133514404,0.5360000133514404,0.5379999876022339,0.5220000147819519,0.5360000133514404,3471
2024-01-26,0.5400000214576721,0.5400000214576721,0.5400000214576721,0.5199999809265137,0.5220000147819519,19003
2024-01-29,0.550000011920929,0.550000011920929,0.5559999942779541,0.5400000214576721,0.5400000214576721,3954
2024-01-30,0.5440000295639038,0.5440000295639038,0.5619999766349792,0.5419999957084656,0.5559999942779541,5274
2024-01-31,0.5460000038146973,0.5460000038146973,0.5540000200271606,0.5400000214576721,0.5479999780654907,2405
2024-02-01,0.5479999780654907,0.5479999780654907,0.5559999942779541,0.5460000038146973,0.5559999942779541,11395
2024-02-02,0.5460000038146973,0.5460000038146973,0.5460000038146973,0.5419999957084656,0.5460000038146973,1870
2024-02-05,0.5299999713897705,0.5299999713897705,0.5479999780654907,0.5180000066757202,0.5460000038146973,6179
2024-02-06,0.5099999904632568,0.5099999904632568,0.5299999713897705,0.5059999823570251,0.5299999713897705,1759
2024-02-07,0.5099999904632568,0.5099999904632568,0.5260000228881836,0.5099999904632568,0.5099999904632568,12600
2024-02-08,0.5320000052452087,0.5320000052452087,0.5320000052452087,0.5239999890327454,0.5239999890327454,3145
2024-02-09,0.5260000228881836,0.5260000228881836,0.5360000133514404,0.4909999966621399,0.5320000052452087,10952
2024-02-12,0.527999997138977,0.527999997138977,0.5299999713897705,0.5120000243186951,0.5260000228881836,6541
2024-02-13,0.527999997138977,0.527999997138977,0.5299999713897705,0.5099999904632568,0.5299999713897705,7848
2024-02-14,0.5080000162124634,0.5080000162124634,0.515999972820282,0.5,0.5139999985694885,23839
2024-02-15,0.49399998784065247,0.49399998784065247,0.5080000162124634,0.49300000071525574,0.5080000162124634,6267
2024-02-16,0.49900001287460327,0.49900001287460327,0.5,0.49300000071525574,0.5,6283
2024-02-19,0.49900001287460327,0.49900001287460327,0.49900001287460327,0.49900001287460327,0.49900001287460327,221
2024-02-20,0.4880000054836273,0.4880000054836273,0.49300000071525574,0.4779999852180481,0.49000000953674316,9149
2024-02-21,0.47999998927116394,0.47999998927116394,0.5019999742507935,0.47999998927116394,0.5019999742507935,31807
2024-02-22,0.47999998927116394,0.47999998927116394,0.47999998927116394,0.4699999988079071,0.47999998927116394,12628
2024-02-23,0.46799999475479126,0.46799999475479126,0.47999998927116394,0.4560000002384186,0.47999998927116394,4701
2024-02-26,0.45399999618530273,0.45399999618530273,0.4749999940395355,0.41999998688697815,0.4749999940395355,140426
2024-02-27,0.44999998807907104,0.44999998807907104,0.4560000002384186,0.4399999976158142,0.4560000002384186,16086
2024-02-28,0.46000000834465027,0.46000000834465027,0.46000000834465027,0.4300000071525574,0.44999998807907104,70790
2024-02-29,0.5,0.5,0.5099999904632568,0.46000000834465027,0.46000000834465027,183643
2024-03-01,0.5019999742507935,0.5019999742507935,0.5040000081062317,0.48500001430511475,0.5,49987
2024-03-04,0.49300000071525574,0.49300000071525574,0.49300000071525574,0.48399999737739563,0.49000000953674316,52018
2024-03-05,0.49000000953674316,0.49000000953674316,0.5019999742507935,0.4779999852180481,0.49900001287460327,81267
2024-03-06,0.49300000071525574,0.49300000071525574,0.49300000071525574,0.4779999852180481,0.4779999852180481,13709
2024-03-07,0.49300000071525574,0.49300000071525574,0.49300000071525574,0.47999998927116394,0.49300000071525574,31415
2024-03-08,0.492000013589859,0.492000013589859,0.49300000071525574,0.48399999737739563,0.49300000071525574,374
2024-03-11,0.492000013589859,0.492000013589859,0.49300000071525574,0.4729999899864197,0.4909999966621399,30708
2024-03-12,0.515999972820282,0.515999972820282,0.5460000038146973,0.4819999933242798,0.4909999966621399,63285
2024-03-13,0.5059999823570251,0.5059999823570251,0.5360000133514404,0.5059999823570251,0.5199999809265137,61266
2024-03-14,0.5,0.5,0.5180000066757202,0.5,0.5080000162124634,9359
2024-03-15,0.49399998784065247,0.49399998784065247,0.5120000243186951,0.4699999988079071,0.5,47758
2024-03-18,0.47999998927116394,0.47999998927116394,0.5040000081062317,0.4779999852180481,0.5,8453
2024-03-19,0.4950000047683716,0.4950000047683716,0.4950000047683716,0.4699999988079071,0.49300000071525574,594
2024-03-20,0.48399999737739563,0.48399999737739563,0.49900001287460327,0.47999998927116394,0.47999998927116394,9819
2024-03-21,0.49000000953674316,0.49000000953674316,0.4950000047683716,0.4749999940395355,0.48399999737739563,17163
2024-03-22,0.47699999809265137,0.47699999809265137,0.4959999918937683,0.4620000123977661,0.4620000123977661,32813
2024-03-25,0.4699999988079071,0.4699999988079071,0.48500001430511475,0.4620000123977661,0.4620000123977661,2511
2024-03-26,0.46799999475479126,0.46799999475479126,0.47999998927116394,0.4580000042915344,0.4699999988079071,6251
2024-03-27,0.47200000286102295,0.47200000286102295,0.47999998927116394,0.45899999141693115,0.47999998927116394,4435
2024-03-28,0.47999998927116394,0.47999998927116394,0.48500001430511475,0.47200000286102295,0.47200000286102295,1317
2024-04-02,0.46000000834465027,0.46000000834465027,0.47999998927116394,0.46000000834465027,0.47999998927116394,43508
2024-04-03,0.4659999907016754,0.4659999907016754,0.47999998927116394,0.45899999141693115,0.47999998927116394,9003
2024-04-04,0.44999998807907104,0.44999998807907104,0.4659999907016754,0.44999998807907104,0.4659999907016754,16260
2024-04-05,0.453000009059906,0.453000009059906,0.4650000035762787,0.45100000500679016,0.45100000500679016,12220
2024-04-08,0.46399998664855957,0.46399998664855957,0.4699999988079071,0.453000009059906,0.4699999988079071,9762
2024-04-09,0.4749999940395355,0.4749999940395355,0.4779999852180481,0.4580000042915344,0.4699999988079071,48179
2024-04-10,0.4659999907016754,0.4659999907016754,0.4749999940395355,0.460999995470047,0.4749999940395355,12975
2024-04-11,0.46000000834465027,0.46000000834465027,0.4659999907016754,0.4519999921321869,0.4659999907016754,17411
2024-04-12,0.4690000116825104,0.4690000116825104,0.4690000116825104,0.46000000834465027,0.460999995470047,12154
2024-04-15,0.4650000035762787,0.4650000035762787,0.4690000116825104,0.46000000834465027,0.4690000116825104,2558
2024-04-16,0.45500001311302185,0.45500001311302185,0.4650000035762787,0.45500001311302185,0.4650000035762787,10687
2024-04-17,0.46399998664855957,0.46399998664855957,0.46700000762939453,0.45100000500679016,0.45500001311302185,26940
2024-04-18,0.46000000834465027,0.46000000834465027,0.4650000035762787,0.4560000002384186,0.4650000035762787,503
2024-04-19,0.45899999141693115,0.45899999141693115,0.46399998664855957,0.45899999141693115,0.46399998664855957,185
2024-04-22,0.4560000002384186,0.4560000002384186,0.4580000042915344,0.45100000500679016,0.4580000042915344,2718
2024-04-23,0.4560000002384186,0.4560000002384186,0.4560000002384186,0.45500001311302185,0.4560000002384186,2752
2024-04-24,0.45500001311302185,0.45500001311302185,0.4560000002384186,0.45500001311302185,0.4560000002384186,327
2024-04-25,0.4480000138282776,0.4480000138282776,0.45500001311302185,0.4410000145435333,0.45500001311302185,50259
2024-04-26,0.43799999356269836,0.43799999356269836,0.44200000166893005,0.4339999854564667,0.44200000166893005,10701
2024-04-29,0.43799999356269836,0.43799999356269836,0.43799999356269836,0.4339999854564667,0.43799999356269836,9834
2024-04-30,0.4300000071525574,0.4300000071525574,0.43799999356269836,0.4230000078678131,0.43799999356269836,8176
2024-05-02,0.4189999997615814,0.4189999997615814,0.42800000309944153,0.4189999997615814,0.42800000309944153,6181
2024-05-03,0.4169999957084656,0.4169999957084656,0.4189999997615814,0.41100001335144043,0.4189999997615814,6529
2024-05-06,0.41999998688697815,0.41999998688697815,0.4259999990463257,0.414000004529953,0.414000004529953,4461
2024-05-07,0.42399999499320984,0.42399999499320984,0.42399999499320984,0.414000004529953,0.41999998688697815,7128
2024-05-08,0.4440000057220459,0.4440000057220459,0.44699999690055847,0.4359999895095825,0.4359999895095825,2061
2024-05-10,0.4410000145435333,0.4410000145435333,0.44600000977516174,0.4390000104904175,0.4449999928474426,35912
2024-05-13,0.4390000104904175,0.4390000104904175,0.4449999928474426,0.4309999942779541,0.4449999928474426,878
2024-05-14,0.4320000112056732,0.4320000112056732,0.4390000104904175,0.4320000112056732,0.4390000104904175,7735
2024-05-15,0.4309999942779541,0.4309999942779541,0.43799999356269836,0.4230000078678131,0.4320000112056732,7563
2024-05-16,0.4440000057220459,0.4440000057220459,0.4440000057220459,0.42899999022483826,0.4300000071525574,22134
2024-05-17,0.44200000166893005,0.44200000166893005,0.44200000166893005,0.4350000023841858,0.4399999976158142,9240
2024-05-20,0.44200000166893005,0.44200000166893005,0.44200000166893005,0.4339999854564667,0.4359999895095825,29738
2024-05-21,0.4399999976158142,0.4399999976158142,0.4399999976158142,0.4350000023841858,0.4399999976158142,32420
2024-05-22,0.4350000023841858,0.4350000023841858,0.4449999928474426,0.4350000023841858,0.4399999976158142,16910
2024-05-23,0.4339999854564667,0.4339999854564667,0.4359999895095825,0.4339999854564667,0.4359999895095825,1998
2024-05-24,0.4309999942779541,0.4309999942779541,0.4359999895095825,0.41999998688697815,0.4359999895095825,18302
2024-05-27,0.4699999988079071,0.4699999988079071,0.47099998593330383,0.421999990940094,0.42399999499320984,85368
2024-05-28,0.47999998927116394,0.47999998927116394,0.5099999904632568,0.4740000069141388,0.4740000069141388,176691
2024-05-29,0.4699999988079071,0.4699999988079071,0.5080000162124634,0.4699999988079071,0.49900001287460327,239940
2024-05-30,0.49000000953674316,0.49000000953674316,0.49900001287460327,0.47600001096725464,0.4959999918937683,70199
2024-05-31,0.47999998927116394,0.47999998927116394,0.48899999260902405,0.47999998927116394,0.48899999260902405,85221
2024-06-03,0.4860000014305115,0.4860000014305115,0.4860000014305115,0.4779999852180481,0.47999998927116394,79218
2024-06-04,0.47999998927116394,0.47999998927116394,0.4860000014305115,0.47999998927116394,0.4860000014305115,19956
2024-06-05,0.4729999899864197,0.4729999899864197,0.48899999260902405,0.46700000762939453,0.48899999260902405,51046
2024-06-06,0.45899999141693115,0.45899999141693115,0.4729999899864197,0.4519999921321869,0.4699999988079071,45384
2024-06-07,0.44999998807907104,0.44999998807907104,0.4569999873638153,0.44999998807907104,0.4569999873638153,75162
2024-06-10,0.44999998807907104,0.44999998807907104,0.4620000123977661,0.4300000071525574,0.453000009059906,228922
2024-06-11,0.46799999475479126,0.46799999475479126,0.47099998593330383,0.453000009059906,0.453000009059906,12692
2024-06-12,0.46700000762939453,0.46700000762939453,0.46700000762939453,0.45100000500679016,0.46700000762939453,22392
2024-06-13,0.4569999873638153,0.4569999873638153,0.46000000834465027,0.45100000500679016,0.46000000834465027,43143
2024-06-14,0.44999998807907104,0.44999998807907104,0.46000000834465027,0.4490000009536743,0.4569999873638153,20432
2024-06-17,0.4569999873638153,0.4569999873638153,0.4580000042915344,0.44999998807907104,0.44999998807907104,77303
2024-06-18,0.4399999976158142,0.4399999976158142,0.4569999873638153,0.42500001192092896,0.4569999873638153,60584
2024-06-19,0.4390000104904175,0.4390000104904175,0.4449999928474426,0.43299999833106995,0.4449999928474426,22003
2024-06-20,0.43799999356269836,0.43799999356269836,0.4410000145435333,0.4320000112056732,0.4320000112056732,5492
2024-06-24,0.4359999895095825,0.4359999895095825,0.4490000009536743,0.4300000071525574,0.4320000112056732,17333
2024-06-25,0.4339999854564667,0.4339999854564667,0.44200000166893005,0.4189999997615814,0.4359999895095825,56434
2024-06-26,0.4300000071525574,0.4300000071525574,0.4410000145435333,0.4300000071525574,0.4410000145435333,15415
2024-06-27,0.4480000138282776,0.4480000138282776,0.4490000009536743,0.4230000078678131,0.42800000309944153,8570
2024-06-28,0.44699999690055847,0.44699999690055847,0.4480000138282776,0.42800000309944153,0.4480000138282776,7753
2024-07-01,0.44600000977516174,0.44600000977516174,0.44699999690055847,0.4399999976158142,0.44600000977516174,3341
2024-07-02,0.4410000145435333,0.4410000145435333,0.4569999873638153,0.4339999854564667,0.45100000500679016,26729
2024-07-03,0.4390000104904175,0.4390000104904175,0.4410000145435333,0.43299999833106995,0.4399999976158142,12375
2024-07-04,0.4339999854564667,0.4339999854564667,0.4350000023841858,0.421999990940094,0.421999990940094,12255
2024-07-05,0.4300000071525574,0.4300000071525574,0.4350000023841858,0.4259999990463257,0.4350000023841858,17727
2024-07-08,0.42899999022483826,0.42899999022483826,0.4300000071525574,0.4230000078678131,0.4300000071525574,8968
2024-07-09,0.4429999887943268,0.4429999887943268,0.5400000214576721,0.421999990940094,0.421999990940094,127271
2024-07-10,0.453000009059906,0.453000009059906,0.4569999873638153,0.4440000057220459,0.4560000002384186,18762
2024-07-11,0.44200000166893005,0.44200000166893005,0.4440000057220459,0.4300000071525574,0.4440000057220459,101746
2024-07-12,0.4300000071525574,0.4300000071525574,0.4490000009536743,0.4300000071525574,0.4449999928474426,28738
2024-07-15,0.4309999942779541,0.4309999942779541,0.4790000021457672,0.42899999022483826,0.44999998807907104,54462
2024-07-16,0.4189999997615814,0.4189999997615814,0.4300000071525574,0.4099999964237213,0.4300000071525574,89889
2024-07-17,0.4099999964237213,0.4099999964237213,0.4269999861717224,0.4099999964237213,0.4189999997615814,54022
2024-07-18,0.4099999964237213,0.4099999964237213,0.4169999957084656,0.4059999883174896,0.414000004529953,34232
2024-07-19,0.4300000071525574,0.4300000071525574,0.4300000071525574,0.40700000524520874,0.4099999964237213,118509
2024-07-22,0.42500001192092896,0.42500001192092896,0.4359999895095825,0.41600000858306885,0.4350000023841858,103763
2024-07-23,0.42399999499320984,0.42399999499320984,0.4339999854564667,0.41999998688697815,0.4300000071525574,47718
2024-07-24,0.4440000057220459,0.4440000057220459,0.47999998927116394,0.4269999861717224,0.43700000643730164,162002
2024-07-25,0.46700000762939453,0.46700000762939453,0.47099998593330383,0.44600000977516174,0.460999995470047,104098
2024-07-26,0.49000000953674316,0.49000000953674316,0.49399998784065247,0.460999995470047,0.4620000123977661,127015
2024-07-29,0.4729999899864197,0.4729999899864197,0.49900001287460327,0.46799999475479126,0.49900001287460327,75500
2024-07-30,0.4519999921321869,0.4519999921321869,0.4740000069141388,0.44999998807907104,0.4740000069141388,90499
2024-07-31,0.4390000104904175,0.4390000104904175,0.45899999141693115,0.43799999356269836,0.453000009059906,29386
2024-08-01,0.43700000643730164,0.43700000643730164,0.44200000166893005,0.4309999942779541,0.4390000104904175,62428
2024-08-02,0.4339999854564667,0.4339999854564667,0.43799999356269836,0.4300000071525574,0.43700000643730164,2860
2024-08-05,0.41600000858306885,0.41600000858306885,0.4350000023841858,0.4050000011920929,0.4350000023841858,59263
2024-08-06,0.43299999833106995,0.43299999833106995,0.4339999854564667,0.4180000126361847,0.4339999854564667,3830
2024-08-07,0.43299999833106995,0.43299999833106995,0.4339999854564667,0.42500001192092896,0.4339999854564667,7467
2024-08-08,0.4320000112056732,0.4320000112056732,0.43299999833106995,0.4300000071525574,0.43299999833106995,1141
2024-08-09,0.4300000071525574,0.4300000071525574,0.4440000057220459,0.42800000309944153,0.4320000112056732,19034
2024-08-12,0.4339999854564667,0.4339999854564667,0.44200000166893005,0.4300000071525574,0.4300000071525574,11798
2024-08-13,0.4350000023841858,0.4350000023841858,0.45899999141693115,0.42899999022483826,0.45899999141693115,13353
2024-08-14,0.4309999942779541,0.4309999942779541,0.4429999887943268,0.421999990940094,0.4429999887943268,12713
2024-08-15,0.42899999022483826,0.42899999022483826,0.4350000023841858,0.42100000381469727,0.42800000309944153,3570
2024-08-16,0.42899999022483826,0.42899999022483826,0.43700000643730164,0.42899999022483826,0.42899999022483826,19913
2024-08-19,0.42500001192092896,0.42500001192092896,0.4339999854564667,0.421999990940094,0.4300000071525574,46864
2024-08-20,0.41999998688697815,0.41999998688697815,0.4309999942779541,0.41999998688697815,0.42399999499320984,25072
2024-08-21,0.4180000126361847,0.4180000126361847,0.41999998688697815,0.4099999964237213,0.41999998688697815,18301
2024-08-22,0.41499999165534973,0.41499999165534973,0.4230000078678131,0.41200000047683716,0.414000004529953,29259
2024-08-23,0.4050000011920929,0.4050000011920929,0.4180000126361847,0.4009999930858612,0.41100001335144043,92316
2024-08-26,0.39899998903274536,0.39899998903274536,0.4099999964237213,0.39100000262260437,0.4050000011920929,47504
2024-08-27,0.39399999380111694,0.39399999380111694,0.4099999964237213,0.38499999046325684,0.4099999964237213,77741
2024-08-28,0.3869999945163727,0.3869999945163727,0.39899998903274536,0.382999986410141,0.39899998903274536,72810
2024-08-29,0.3799999952316284,0.3799999952316284,0.3919999897480011,0.3799999952316284,0.3869999945163727,18755
2024-08-30,0.3799999952316284,0.3799999952316284,0.3970000147819519,0.3709999918937683,0.3799999952316284,24043
2024-09-02,0.3700000047683716,0.3700000047683716,0.38499999046325684,0.3700000047683716,0.3799999952316284,26021
2024-09-03,0.3700000047683716,0.3700000047683716,0.3930000066757202,0.3700000047683716,0.3930000066757202,17177
2024-09-04,0.36800000071525574,0.36800000071525574,0.3779999911785126,0.367000013589859,0.3709999918937683,13001
2024-09-05,0.367000013589859,0.367000013589859,0.38100001215934753,0.3659999966621399,0.38100001215934753,9009
2024-09-06,0.36800000071525574,0.36800000071525574,0.3799999952316284,0.36800000071525574,0.3799999952316284,827
2024-09-09,0.3720000088214874,0.3720000088214874,0.3799999952316284,0.36899998784065247,0.3790000081062317,4064
2024-09-10,0.3799999952316284,0.3799999952316284,0.3799999952316284,0.3659999966621399,0.3720000088214874,16544
2024-09-11,0.3659999966621399,0.3659999966621399,0.3840000033378601,0.3659999966621399,0.3799999952316284,16282
2024-09-12,0.37400001287460327,0.37400001287460327,0.38100001215934753,0.36800000071525574,0.3799999952316284,5118
2024-09-13,0.38100001215934753,0.38100001215934753,0.38100001215934753,0.36000001430511475,0.37400001287460327,21467
2024-09-16,0.3700000047683716,0.3700000047683716,0.39100000262260437,0.3700000047683716,0.38100001215934753,7014
2024-09-17,0.3630000054836273,0.3630000054836273,0.37599998712539673,0.3499999940395355,0.3700000047683716,34511
2024-09-18,0.3779999911785126,0.3779999911785126,0.3799999952316284,0.3630000054836273,0.3799999952316284,10466
2024-09-19,0.38199999928474426,0.38199999928474426,0.3840000033378601,0.3700000047683716,0.3779999911785126,4152
2024-09-20,0.4000000059604645,0.4000000059604645,0.4000000059604645,0.38199999928474426,0.38199999928474426,83675
2024-09-23,0.41999998688697815,0.41999998688697815,0.41999998688697815,0.4000000059604645,0.4000000059604645,25213
2024-09-24,0.4399999976158142,0.4399999976158142,0.4399999976158142,0.40400001406669617,0.41999998688697815,81932
2024-09-25,0.43299999833106995,0.43299999833106995,0.45899999141693115,0.42800000309944153,0.44999998807907104,60039
2024-09-26,0.4259999990463257,0.4259999990463257,0.43299999833106995,0.42100000381469727,0.43299999833106995,13083
2024-09-27,0.4099999964237213,0.4099999964237213,0.4399999976158142,0.4090000092983246,0.4350000023841858,120240
2024-09-30,0.4399999976158142,0.4399999976158142,0.4399999976158142,0.4009999930858612,0.41100001335144043,106946
2024-10-01,0.4399999976158142,0.4399999976158142,0.47699999809265137,0.4399999976158142,0.4410000145435333,81260
2024-10-02,0.4300000071525574,0.4300000071525574,0.4390000104904175,0.42500001192092896,0.4390000104904175,14045
2024-10-03,0.41999998688697815,0.41999998688697815,0.4300000071525574,0.41100001335144043,0.4300000071525574,28024
2024-10-04,0.4099999964237213,0.4099999964237213,0.4259999990463257,0.39100000262260437,0.41999998688697815,48546
2024-10-07,0.41600000858306885,0.41600000858306885,0.4269999861717224,0.4099999964237213,0.4269999861717224,10625
2024-10-08,0.40400001406669617,0.40400001406669617,0.4259999990463257,0.40400001406669617,0.4169999957084656,15023
2024-10-09,0.4189999997615814,0.4189999997615814,0.4269999861717224,0.40400001406669617,0.40400001406669617,4909
2024-10-10,0.40299999713897705,0.40299999713897705,0.4269999861717224,0.40299999713897705,0.4269999861717224,44870
2024-10-11,0.4020000100135803,0.4020000100135803,0.40799999237060547,0.4009999930858612,0.40299999713897705,5081
2024-10-14,0.3959999978542328,0.3959999978542328,0.40799999237060547,0.39399999380111694,0.40799999237060547,15293
2024-10-15,0.40299999713897705,0.40299999713897705,0.40400001406669617,0.3959999978542328,0.3959999978542328,5323
2024-10-16,0.39800000190734863,0.39800000190734863,0.4059999883174896,0.39800000190734863,0.40299999713897705,17326
2024-10-17,0.3959999978542328,0.3959999978542328,0.4090000092983246,0.3919999897480011,0.39899998903274536,16973
2024-10-18,0.3869999945163727,0.3869999945163727,0.39800000190734863,0.38499999046325684,0.3959999978542328,35735
2024-10-21,0.3799999952316284,0.3799999952316284,0.39500001072883606,0.3799999952316284,0.3840000033378601,21808
2024-10-22,0.35100001096725464,0.35100001096725464,0.38600000739097595,0.3440000116825104,0.3799999952316284,83075
2024-10-23,0.37700000405311584,0.37700000405311584,0.4050000011920929,0.35199999809265137,0.35199999809265137,101819
2024-10-24,0.4009999930858612,0.4009999930858612,0.4009999930858612,0.3799999952316284,0.3799999952316284,49953
2024-10-25,0.40799999237060547,0.40799999237060547,0.4099999964237213,0.39500001072883606,0.4020000100135803,29036
2024-10-28,0.3959999978542328,0.3959999978542328,0.41100001335144043,0.3959999978542328,0.40799999237060547,13027
2024-10-29,0.3959999978542328,0.3959999978542328,0.40400001406669617,0.39100000262260437,0.4020000100135803,8936
2024-10-30,0.3840000033378601,0.3840000033378601,0.39399999380111694,0.3720000088214874,0.3930000066757202,59980
2024-10-31,0.3799999952316284,0.3799999952316284,0.38499999046325684,0.37599998712539673,0.38100001215934753,4130
2024-11-01,0.37599998712539673,0.37599998712539673,0.3970000147819519,0.37599998712539673,0.3799999952316284,4367
2024-11-04,0.3880000114440918,0.3880000114440918,0.3930000066757202,0.3799999952316284,0.3880000114440918,8367
2024-11-05,0.3880000114440918,0.3880000114440918,0.3970000147819519,0.38100001215934753,0.3970000147819519,4320
2024-11-06,0.3840000033378601,0.3840000033378601,0.3889999985694885,0.3799999952316284,0.38199999928474426,21321
2024-11-07,0.3779999911785126,0.3779999911785126,0.3840000033378601,0.375,0.38100001215934753,10493
2024-11-08,0.37599998712539673,0.37599998712539673,0.38499999046325684,0.375,0.3779999911785126,36021
2024-11-11,0.3799999952316284,0.3799999952316284,0.3889999985694885,0.3799999952316284,0.38499999046325684,4733
2024-11-12,0.37599998712539673,0.37599998712539673,0.38100001215934753,0.375,0.3799999952316284,2085
2024-11-13,0.375,0.375,0.38999998569488525,0.375,0.38499999046325684,1294
2024-11-14,0.37599998712539673,0.37599998712539673,0.3889999985694885,0.37400001287460327,0.37400001287460327,1421
2024-11-15,0.3659999966621399,0.3659999966621399,0.38999998569488525,0.3659999966621399,0.37599998712539673,20366
2024-11-18,0.367000013589859,0.367000013589859,0.3779999911785126,0.3659999966621399,0.3659999966621399,15814
2024-11-19,0.3790000081062317,0.3790000081062317,0.3790000081062317,0.36800000071525574,0.3720000088214874,13210
2024-11-20,0.375,0.375,0.382999986410141,0.375,0.3779999911785126,9389
2024-11-21,0.39800000190734863,0.39800000190734863,0.4300000071525574,0.382999986410141,0.3840000033378601,77044
2024-11-22,0.3840000033378601,0.3840000033378601,0.39800000190734863,0.375,0.3889999985694885,61193
2024-11-25,0.367000013589859,0.367000013589859,0.3840000033378601,0.367000013589859,0.3840000033378601,29333
2024-11-26,0.367000013589859,0.367000013589859,0.37299999594688416,0.367000013589859,0.367000013589859,6710
2024-11-27,0.3409999907016754,0.3409999907016754,0.3720000088214874,0.3409999907016754,0.3720000088214874,62114
2024-11-28,0.35600000619888306,0.35600000619888306,0.367000013589859,0.3409999907016754,0.3409999907016754,75627
2024-11-29,0.367000013589859,0.367000013589859,0.3700000047683716,0.36000001430511475,0.36500000953674316,29816
2024-12-02,0.3499999940395355,0.3499999940395355,0.36899998784065247,0.3499999940395355,0.367000013589859,28791
2024-12-03,0.3149999976158142,0.3149999976158142,0.3499999940395355,0.3019999861717224,0.3499999940395355,183857
2024-12-04,0.3089999854564667,0.3089999854564667,0.32600000500679016,0.3089999854564667,0.32600000500679016,72490
2024-12-05,0.28999999165534973,0.28999999165534973,0.3089999854564667,0.28999999165534973,0.3089999854564667,36321
2024-12-09,0.29899999499320984,0.29899999499320984,0.3100000023841858,0.28999999165534973,0.28999999165534973,727402
2024-12-10,0.2919999957084656,0.2919999957084656,0.3100000023841858,0.2919999957084656,0.30000001192092896,57721
2024-12-11,0.2849999964237213,0.2849999964237213,0.29899999499320984,0.2849999964237213,0.2919999957084656,59496
2024-12-12,0.29499998688697815,0.29499998688697815,0.2980000078678131,0.26499998569488525,0.2800000011920929,246355
2024-12-13,0.2980000078678131,0.2980000078678131,0.30000001192092896,0.29100000858306885,0.30000001192092896,226969
2024-12-16,0.296999990940094,0.296999990940094,0.30000001192092896,0.296999990940094,0.29899999499320984,21531
2024-12-17,0.29899999499320984,0.29899999499320984,0.29899999499320984,0.2879999876022339,0.2980000078678131,36728
2024-12-18,0.296999990940094,0.296999990940094,0.29899999499320984,0.28999999165534973,0.2980000078678131,64595
2024-12-19,0.29499998688697815,0.29499998688697815,0.3009999990463257,0.29499998688697815,0.29499998688697815,38682
2024-12-20,0.27900001406669617,0.27900001406669617,0.3009999990463257,0.27900001406669617,0.296999990940094,135293
2024-12-23,0.2750000059604645,0.2750000059604645,0.28600001335144043,0.2639999985694885,0.28600001335144043,160225
2024-12-27,0.257999986410141,0.257999986410141,0.2750000059604645,0.25699999928474426,0.2750000059604645,375476
2024-12-30,0.2800000011920929,0.2800000011920929,0.2800000011920929,0.2540000081062317,0.25999999046325684,190630
2025-01-02,0.27900001406669617,0.27900001406669617,0.27900001406669617,0.27000001072883606,0.27799999713897705,76435
2025-01-03,0.30000001192092896,0.30000001192092896,0.3190000057220459,0.2680000066757202,0.26899999380111694,171861
2025-01-07,0.28200000524520874,0.28200000524520874,0.30000001192092896,0.2770000100135803,0.30000001192092896,105079
2025-01-08,0.2630000114440918,0.2630000114440918,0.28200000524520874,0.2619999945163727,0.28200000524520874,92054
2025-01-09,0.2680000066757202,0.2680000066757202,0.27900001406669617,0.26600000262260437,0.2669999897480011,16032
2025-01-10,0.2750000059604645,0.2750000059604645,0.2759999930858612,0.25999999046325684,0.2709999978542328,54057
2025-01-13,0.2800000011920929,0.2800000011920929,0.2800000011920929,0.26499998569488525,0.2750000059604645,15879
2025-01-14,0.27000001072883606,0.27000001072883606,0.27900001406669617,0.26499998569488525,0.27900001406669617,7732
2025-01-15,0.2759999930858612,0.2759999930858612,0.2770000100135803,0.2669999897480011,0.2759999930858612,28328
2025-01-16,0.26899999380111694,0.26899999380111694,0.27900001406669617,0.2680000066757202,0.27900001406669617,62886
2025-01-17,0.2669999897480011,0.2669999897480011,0.2759999930858612,0.26600000262260437,0.27300000190734863,2392
2025-01-20,0.26100000739097595,0.26100000739097595,0.2770000100135803,0.26100000739097595,0.2669999897480011,24996
2025-01-21,0.26600000262260437,0.26600000262260437,0.27000001072883606,0.25999999046325684,0.27000001072883606,77308
2025-01-22,0.2680000066757202,0.2680000066757202,0.2759999930858612,0.26100000739097595,0.27000001072883606,116166
2025-01-23,0.25999999046325684,0.25999999046325684,0.2770000100135803,0.25999999046325684,0.2770000100135803,47908
2025-01-24,0.27300000190734863,0.27300000190734863,0.27300000190734863,0.257999986410141,0.25999999046325684,54756
2025-01-27,0.2630000114440918,0.2630000114440918,0.2800000011920929,0.26100000739097595,0.27399998903274536,27530
2025-01-28,0.26499998569488525,0.26499998569488525,0.2800000011920929,0.26499998569488525,0.2669999897480011,14228
2025-01-29,0.27000001072883606,0.27000001072883606,0.2800000011920929,0.25699999928474426,0.27300000190734863,81412
2025-01-30,0.27000001072883606,0.27000001072883606,0.2770000100135803,0.257999986410141,0.25999999046325684,77012
2025-01-31,0.2619999945163727,0.2619999945163727,0.27399998903274536,0.26100000739097595,0.27300000190734863,42046
2025-02-03,0.25699999928474426,0.25699999928474426,0.2619999945163727,0.2549999952316284,0.25600001215934753,44610
2025-02-04,0.2549999952316284,0.2549999952316284,0.2619999945163727,0.2549999952316284,0.2619999945163727,6227
2025-02-05,0.257999986410141,0.257999986410141,0.2639999985694885,0.25,0.26100000739097595,19192
2025-02-06,0.25999999046325684,0.25999999046325684,0.25999999046325684,0.24199999868869781,0.257999986410141,26187
2025-02-07,0.2529999911785126,0.2529999911785126,0.2669999897480011,0.2529999911785126,0.25999999046325684,28812
2025-02-10,0.2590000033378601,0.2590000033378601,0.2619999945163727,0.24500000476837158,0.25999999046325684,71592
2025-02-11,0.25699999928474426,0.25699999928474426,0.2590000033378601,0.24400000274181366,0.2590000033378601,95270
2025-02-12,0.25699999928474426,0.25699999928474426,0.25699999928474426,0.23800000548362732,0.25,64643
2025-02-13,0.25600001215934753,0.25600001215934753,0.25600001215934753,0.23000000417232513,0.25600001215934753,82775
2025-02-14,0.25600001215934753,0.25600001215934753,0.257999986410141,0.23100000619888306,0.23999999463558197,137623
2025-02-17,0.2460000067949295,0.2460000067949295,0.25600001215934753,0.24199999868869781,0.25600001215934753,58976
2025-02-18,0.24500000476837158,0.24500000476837158,0.25999999046325684,0.24300000071525574,0.25,41869
2025-02-19,0.24899999797344208,0.24899999797344208,0.25999999046325684,0.24400000274181366,0.25099998712539673,35373
2025-02-20,0.24500000476837158,0.24500000476837158,0.2590000033378601,0.24199999868869781,0.2549999952316284,11308
2025-02-21,0.24899999797344208,0.24899999797344208,0.2549999952316284,0.24899999797344208,0.25099998712539673,28410
2025-02-24,0.23999999463558197,0.23999999463558197,0.24899999797344208,0.23999999463558197,0.24899999797344208,18902
2025-02-25,0.23999999463558197,0.23999999463558197,0.24199999868869781,0.23600000143051147,0.23999999463558197,27712
2025-02-26,0.23600000143051147,0.23600000143051147,0.2460000067949295,0.23000000417232513,0.23999999463558197,65845
2025-02-27,0.23999999463558197,0.23999999463558197,0.24300000071525574,0.22200000286102295,0.24300000071525574,47192
2025-02-28,0.2240000069141388,0.2240000069141388,0.23999999463558197,0.2199999988079071,0.23999999463558197,67330
2025-03-03,0.22499999403953552,0.22499999403953552,0.2280000001192093,0.21799999475479126,0.2240000069141388,52950
2025-03-04,0.2199999988079071,0.2199999988079071,0.2290000021457672,0.2199999988079071,0.22699999809265137,62745
2025-03-05,0.2280000001192093,0.2280000001192093,0.2290000021457672,0.2199999988079071,0.2199999988079071,40498
2025-03-06,0.2290000021457672,0.2290000021457672,0.24199999868869781,0.21899999678134918,0.22599999606609344,20318
2025-03-07,0.22599999606609344,0.22599999606609344,0.23399999737739563,0.2240000069141388,0.2290000021457672,45004
2025-03-10,0.2370000034570694,0.2370000034570694,0.23899999260902405,0.2290000021457672,0.2290000021457672,1668
2025-03-11,0.2240000069141388,0.2240000069141388,0.23999999463558197,0.2240000069141388,0.22599999606609344,10294
2025-03-12,0.23800000548362732,0.23800000548362732,0.23999999463558197,0.22499999403953552,0.22499999403953552,81630
2025-03-13,0.23800000548362732,0.23800000548362732,0.23800000548362732,0.2240000069141388,0.23800000548362732,50443
2025-03-14,0.23600000143051147,0.23600000143051147,0.24899999797344208,0.23000000417232513,0.23999999463558197,69290
2025-03-17,0.23499999940395355,0.23499999940395355,0.24500000476837158,0.23499999940395355,0.2370000034570694,23466
2025-03-18,0.22499999403953552,0.22499999403953552,0.23199999332427979,0.22300000488758087,0.23100000619888306,139541
2025-03-19,0.2240000069141388,0.2240000069141388,0.2549999952316284,0.2240000069141388,0.22699999809265137,43405
2025-03-20,0.2240000069141388,0.2240000069141388,0.2290000021457672,0.21699999272823334,0.2240000069141388,32053
2025-03-21,0.2240000069141388,0.2240000069141388,0.2240000069141388,0.2199999988079071,0.2240000069141388,19754
2025-03-24,0.2199999988079071,0.2199999988079071,0.2240000069141388,0.21699999272823334,0.22100000083446503,19429
2025-03-25,0.22100000083446503,0.22100000083446503,0.2240000069141388,0.2160000056028366,0.2199999988079071,24535
2025-03-26,0.21899999678134918,0.21899999678134918,0.21899999678134918,0.21299999952316284,0.2160000056028366,79483
2025-03-27,0.23399999737739563,0.23399999737739563,0.26100000739097595,0.2150000035762787,0.22499999403953552,44438
2025-03-28,0.23600000143051147,0.23600000143051147,0.25200000405311584,0.22300000488758087,0.22300000488758087,65092
2025-03-31,0.24699999392032623,0.24699999392032623,0.2540000081062317,0.2290000021457672,0.2540000081062317,13871
2025-04-01,0.2529999911785126,0.2529999911785126,0.2529999911785126,0.23999999463558197,0.24699999392032623,36432
2025-04-02,0.24300000071525574,0.24300000071525574,0.2540000081062317,0.23800000548362732,0.2540000081062317,20500
2025-04-03,0.22699999809265137,0.22699999809265137,0.2460000067949295,0.22699999809265137,0.24400000274181366,23943
2025-04-04,0.22200000286102295,0.22200000286102295,0.2549999952316284,0.2199999988079071,0.22699999809265137,12947
2025-04-07,0.22550000250339508,0.22550000250339508,0.22689999639987946,0.20999999344348907,0.22689999639987946,94090
2025-04-08,0.23589999973773956,0.23589999973773956,0.23600000143051147,0.22200000286102295,0.22499999403953552,25924
2025-04-09,0.21690000593662262,0.21690000593662262,0.23600000143051147,0.20499999821186066,0.23600000143051147,122295
2025-04-10,0.21469999849796295,0.21469999849796295,0.23600000143051147,0.20309999585151672,0.2199999988079071,166402
2025-04-11,0.2021999955177307,0.2021999955177307,0.21850000321865082,0.20100000500679016,0.21469999849796295,193903
2025-04-14,0.19939999282360077,0.19939999282360077,0.2199999988079071,0.1851000040769577,0.2199999988079071,202056
2025-04-15,0.19979999959468842,0.19979999959468842,0.2134999930858612,0.1899999976158142,0.20000000298023224,81717
2025-04-16,0.20550000667572021,0.20550000667572021,0.20550000667572021,0.19110000133514404,0.19979999959468842,32481
2025-04-17,0.2079000025987625,0.2079000025987625,0.2150000035762787,0.19670000672340393,0.20550000667572021,34977
2025-04-22,0.2199999988079071,0.2199999988079071,0.2199999988079071,0.20000000298023224,0.20800000429153442,173747
2025-04-23,0.2289000004529953,0.2289000004529953,0.23999999463558197,0.22010000050067902,0.23100000619888306,103394
2025-04-24,0.2378000020980835,0.2378000020980835,0.23999999463558197,0.2290000021457672,0.23999999463558197,28533
2025-04-25,0.23000000417232513,0.23000000417232513,0.23999999463558197,0.2290000021457672,0.23999999463558197,51930
2025-04-28,0.23499999940395355,0.23499999940395355,0.23989999294281006,0.21950000524520874,0.23000000417232513,66756
2025-04-29,0.22949999570846558,0.22949999570846558,0.23600000143051147,0.22930000722408295,0.23600000143051147,27250
2025-04-30,0.23800000548362732,0.23800000548362732,0.23800000548362732,0.225600004196167,0.23579999804496765,19651
2025-05-02,0.23000000417232513,0.23000000417232513,0.23800000548362732,0.2199999988079071,0.23800000548362732,58146
2025-05-05,0.2328999936580658,0.2328999936580658,0.23489999771118164,0.22599999606609344,0.23000000417232513,31910
2025-05-06,0.2329999953508377,0.2329999953508377,0.2329999953508377,0.22990000247955322,0.2328999936580658,9957
2025-05-07,0.23100000619888306,0.23100000619888306,0.23199999332427979,0.22499999403953552,0.23199999332427979,36522
2025-05-08,0.23100000619888306,0.23100000619888306,0.23199999332427979,0.22699999809265137,0.23100000619888306,17110
2025-05-09,0.23100000619888306,0.23100000619888306,0.23100000619888306,0.22499999403953552,0.23100000619888306,52365
2025-05-12,0.22599999606609344,0.22599999606609344,0.2329999953508377,0.22499999403953552,0.2329999953508377,19447
2025-05-13,0.20999999344348907,0.20999999344348907,0.2280000001192093,0.20600000023841858,0.22599999606609344,209966
2025-05-14,0.21799999475479126,0.21799999475479126,0.2240000069141388,0.20900000631809235,0.20999999344348907,13811
2025-05-15,0.20399999618530273,0.20399999618530273,0.20499999821186066,0.1940000057220459,0.20000000298023224,164779
2025-05-16,0.1979999989271164,0.1979999989271164,0.20399999618530273,0.1940000057220459,0.20399999618530273,44801
2025-05-19,0.19099999964237213,0.19099999964237213,0.2029999941587448,0.1899999976158142,0.1979999989271164,71421
2025-05-20,0.1965000033378601,0.1965000033378601,0.210999995470047,0.19449999928474426,0.19699999690055847,12013
2025-05-21,0.20000000298023224,0.20000000298023224,0.20999999344348907,0.20000000298023224,0.20100000500679016,30557
2025-05-22,0.20999999344348907,0.20999999344348907,0.22200000286102295,0.19599999487400055,0.20000000298023224,59843
2025-05-23,0.1979999989271164,0.1979999989271164,0.2160000056028366,0.19699999690055847,0.2160000056028366,24042
2025-05-26,0.20000000298023224,0.20000000298023224,0.20900000631809235,0.19699999690055847,0.1979999989271164,27252
2025-05-27,0.19850000739097595,0.19850000739097595,0.2070000022649765,0.19200000166893005,0.20000000298023224,15774
2025-05-28,0.20000000298023224,0.20000000298023224,0.20900000631809235,0.20000000298023224,0.20800000429153442,11183
2025-05-30,0.20000000298023224,0.20000000298023224,0.2070000022649765,0.20000000298023224,0.2070000022649765,5803
2025-06-02,0.20000000298023224,0.20000000298023224,0.20900000631809235,0.20000000298023224,0.20000000298023224,17239
2025-06-03,0.20000000298023224,0.20000000298023224,0.20999999344348907,0.19850000739097595,0.20999999344348907,16890
2025-06-04,0.20100000500679016,0.20100000500679016,0.20499999821186066,0.19599999487400055,0.19599999487400055,21166
2025-06-05,0.1979999989271164,0.1979999989271164,0.20999999344348907,0.19550000131130219,0.20000000298023224,48199
2025-06-06,0.20000000298023224,0.20000000298023224,0.20000000298023224,0.1979999989271164,0.20000000298023224,7960
2025-06-09,0.20000000298023224,0.20000000298023224,0.20499999821186066,0.19750000536441803,0.20000000298023224,33471
2025-06-10,0.20000000298023224,0.20000000298023224,0.210999995470047,0.19200000166893005,0.210999995470047,14722
2025-06-11,0.20000000298023224,0.20000000298023224,0.20800000429153442,0.19099999964237213,0.20800000429153442,10153
2025-06-12,0.19900000095367432,0.19900000095367432,0.20499999821186066,0.19900000095367432,0.20499999821186066,11970
2025-06-13,0.19750000536441803,0.19750000536441803,0.20499999821186066,0.19750000536441803,0.19900000095367432,19063
2025-06-16,0.19699999690055847,0.19699999690055847,0.20000000298023224,0.1914999932050705,0.19750000536441803,7932
2025-06-17,0.20000000298023224,0.20000000298023224,0.20999999344348907,0.19699999690055847,0.20999999344348907,16585
2025-06-18,0.19750000536441803,0.19750000536441803,0.20100000500679016,0.19750000536441803,0.20100000500679016,14124
2025-06-19,0.19699999690055847,0.19699999690055847,0.19699999690055847,0.19599999487400055,0.19699999690055847,9920
2025-06-23,0.23499999940395355,0.23499999940395355,0.23499999940395355,0.1965000033378601,0.19699999690055847,14089
2025-06-24,0.20000000298023224,0.20000000298023224,0.23000000417232513,0.1899999976158142,0.23000000417232513,190349
2025-06-25,0.21299999952316284,0.21299999952316284,0.21299999952316284,0.19750000536441803,0.20000000298023224,12677
2025-06-26,0.20000000298023224,0.20000000298023224,0.21400000154972076,0.19699999690055847,0.1979999989271164,45702
2025-06-27,0.19699999690055847,0.19699999690055847,0.2029999941587448,0.19300000369548798,0.20000000298023224,35336
2025-06-30,0.19449999928474426,0.19449999928474426,0.19699999690055847,0.19249999523162842,0.19699999690055847,993
2025-07-01,0.20100000500679016,0.20100000500679016,0.21199999749660492,0.20000000298023224,0.20000000298023224,178496
2025-07-02,0.20600000023841858,0.20600000023841858,0.20600000023841858,0.19900000095367432,0.20000000298023224,77938
2025-07-03,0.20600000023841858,0.20600000023841858,0.20900000631809235,0.19300000369548798,0.2070000022649765,89681
2025-07-04,0.20600000023841858,0.20600000023841858,0.20999999344348907,0.19499999284744263,0.20999999344348907,4253
2025-07-07,0.20000000298023224,0.20000000298023224,0.2150000035762787,0.19949999451637268,0.2150000035762787,93462
2025-07-08,0.19949999451637268,0.19949999451637268,0.20399999618530273,0.1979999989271164,0.20000000298023224,30994
2025-07-09,0.20000000298023224,0.20000000298023224,0.2070000022649765,0.1965000033378601,0.20200000703334808,4827
2025-07-10,0.19699999690055847,0.19699999690055847,0.20000000298023224,0.19300000369548798,0.20000000298023224,34815
2025-07-11,0.19850000739097595,0.19850000739097595,0.20800000429153442,0.19499999284744263,0.19699999690055847,104657
2025-07-14,0.1965000033378601,0.1965000033378601,0.20000000298023224,0.19499999284744263,0.19850000739097595,25411
2025-07-15,0.20000000298023224,0.20000000298023224,0.2029999941587448,0.20000000298023224,0.20000000298023224,15512
2025-07-16,0.1979999989271164,0.1979999989271164,0.20000000298023224,0.19599999487400055,0.19699999690055847,23716
2025-07-17,0.19750000536441803,0.19750000536441803,0.19949999451637268,0.19750000536441803,0.19750000536441803,14175
2025-07-18,0.20000000298023224,0.20000000298023224,0.20000000298023224,0.19499999284744263,0.1979999989271164,9450
2025-07-21,0.20000000298023224,0.20000000298023224,0.20499999821186066,0.19599999487400055,0.19599999487400055,41711
2025-07-22,0.20000000298023224,0.20000000298023224,0.20999999344348907,0.20000000298023224,0.20600000023841858,6474
2025-07-23,0.20200000703334808,0.20200000703334808,0.20600000023841858,0.19499999284744263,0.20600000023841858,193322
2025-07-24,0.2029999941587448,0.2029999941587448,0.2029999941587448,0.20000000298023224,0.20200000703334808,11855
2025-07-25,0.20200000703334808,0.20200000703334808,0.20600000023841858,0.19499999284744263,0.2029999941587448,44335
2025-07-28,0.20100000500679016,0.20100000500679016,0.20200000703334808,0.19499999284744263,0.20200000703334808,18027
2025-07-29,0.20100000500679016,0.20100000500679016,0.20499999821186066,0.19850000739097595,0.20499999821186066,20065
2025-07-30,0.1979999989271164,0.1979999989271164,0.20100000500679016,0.1979999989271164,0.20100000500679016,13205
2025-07-31,0.20399999618530273,0.20399999618530273,0.21400000154972076,0.19900000095367432,0.19949999451637268,57883
2025-08-01,0.2029999941587448,0.2029999941587448,0.23000000417232513,0.19599999487400055,0.20399999618530273,15376
2025-08-04,0.23000000417232513,0.23000000417232513,0.24899999797344208,0.20200000703334808,0.2029999941587448,55814
2025-08-05,0.2290000021457672,0.2290000021457672,0.23999999463558197,0.21199999749660492,0.22100000083446503,66933
2025-08-06,0.23000000417232513,0.23000000417232513,0.23000000417232513,0.21199999749660492,0.2280000001192093,48461
2025-08-07,0.2290000021457672,0.2290000021457672,0.23000000417232513,0.2199999988079071,0.23000000417232513,25594
2025-08-08,0.22699999809265137,0.22699999809265137,0.23000000417232513,0.2199999988079071,0.2199999988079071,21302
2025-08-11,0.2409999966621399,0.2409999966621399,0.2409999966621399,0.2280000001192093,0.23100000619888306,50267
2025-08-12,0.24799999594688416,0.24799999594688416,0.25,0.23499999940395355,0.24199999868869781,71215
2025-08-13,0.24300000071525574,0.24300000071525574,0.24899999797344208,0.23600000143051147,0.24899999797344208,10881
2025-08-14,0.23899999260902405,0.23899999260902405,0.24799999594688416,0.2370000034570694,0.24799999594688416,16556
2025-08-15,0.24199999868869781,0.24199999868869781,0.2460000067949295,0.23999999463558197,0.24500000476837158,29078
2025-08-18,0.23199999332427979,0.23199999332427979,0.2370000034570694,0.22300000488758087,0.23000000417232513,31594
2025-08-19,0.22599999606609344,0.22599999606609344,0.24300000071525574,0.22599999606609344,0.24300000071525574,65369
2025-08-20,0.2240000069141388,0.2240000069141388,0.2409999966621399,0.22300000488758087,0.2409999966621399,27068
2025-08-21,0.23600000143051147,0.23600000143051147,0.24500000476837158,0.22699999809265137,0.24500000476837158,88931
2025-08-22,0.2290000021457672,0.2290000021457672,0.23999999463558197,0.22699999809265137,0.23999999463558197,71013
2025-08-25,0.23000000417232513,0.23000000417232513,0.23999999463558197,0.2290000021457672,0.23999999463558197,64995
2025-08-26,0.24199999868869781,0.24199999868869781,0.24199999868869781,0.2329999953508377,0.23899999260902405,25653
2025-08-27,0.23399999737739563,0.23399999737739563,0.23999999463558197,0.2240000069141388,0.23999999463558197,184558
2025-08-28,0.2199999988079071,0.2199999988079071,0.23499999940395355,0.2199999988079071,0.23100000619888306,162182
2025-08-29,0.24400000274181366,0.24400000274181366,0.24400000274181366,0.20499999821186066,0.2199999988079071,359344
2025-09-01,0.22100000083446503,0.22100000083446503,0.23999999463558197,0.21899999678134918,0.23999999463558197,163160
2025-09-02,0.21699999272823334,0.21699999272823334,0.2199999988079071,0.2070000022649765,0.2199999988079071,126960
2025-09-03,0.21199999749660492,0.21199999749660492,0.21699999272823334,0.20200000703334808,0.21699999272823334,179352
2025-09-04,0.21799999475479126,0.21799999475479126,0.21799999475479126,0.20999999344348907,0.2160000056028366,61942
2025-09-05,0.21400000154972076,0.21400000154972076,0.22100000083446503,0.210999995470047,0.21799999475479126,117019
2025-09-08,0.210999995470047,0.210999995470047,0.2199999988079071,0.20900000631809235,0.2160000056028366,117600
2025-09-09,0.20200000703334808,0.20200000703334808,0.21400000154972076,0.20100000500679016,0.210999995470047,53063
2025-09-10,0.20499999821186066,0.20499999821186066,0.20800000429153442,0.20100000500679016,0.20200000703334808,79089
2025-09-11,0.20399999618530273,0.20399999618530273,0.2150000035762787,0.19949999451637268,0.20800000429153442,74148
2025-09-12,0.20999999344348907,0.20999999344348907,0.20999999344348907,0.2029999941587448,0.20499999821186066,28747
2025-09-15,0.21400000154972076,0.21400000154972076,0.2150000035762787,0.20999999344348907,0.20999999344348907,50055
2025-09-16,0.20600000023841858,0.20600000023841858,0.2160000056028366,0.20399999618530273,0.2160000056028366,39937
2025-09-17,0.20800000429153442,0.20800000429153442,0.20999999344348907,0.2070000022649765,0.20800000429153442,17799
2025-09-18,0.20900000631809235,0.20900000631809235,0.21699999272823334,0.20800000429153442,0.20800000429153442,12054
2025-09-19,0.2160000056028366,0.2160000056028366,0.21699999272823334,0.20900000631809235,0.21699999272823334,10746
2025-09-22,0.21699999272823334,0.21699999272823334,0.21699999272823334,0.2160000056028366,0.2160000056028366,927
2025-09-23,0.2199999988079071,0.2199999988079071,0.2199999988079071,0.21799999475479126,0.21799999475479126,2146
2025-09-24,0.20999999344348907,0.20999999344348907,0.2199999988079071,0.2070000022649765,0.2199999988079071,92299
2025-09-25,0.21299999952316284,0.21299999952316284,0.21400000154972076,0.2029999941587448,0.21400000154972076,72209
2025-09-26,0.2070000022649765,0.2070000022649765,0.210999995470047,0.2070000022649765,0.210999995470047,5301
2025-09-29,0.20600000023841858,0.20600000023841858,0.20999999344348907,0.20600000023841858,0.20600000023841858,41012
2025-09-30,0.22200000286102295,0.22200000286102295,0.22200000286102295,0.2029999941587448,0.20600000023841858,37309
2025-10-01,0.20499999821186066,0.20499999821186066,0.21400000154972076,0.20399999618530273,0.21400000154972076,35877
2025-10-02,0.2070000022649765,0.2070000022649765,0.2160000056028366,0.2029999941587448,0.20999999344348907,21962
2025-10-03,0.20399999618530273,0.20399999618530273,0.20900000631809235,0.2029999941587448,0.2070000022649765,58400
2025-10-06,0.20900000631809235,0.20900000631809235,0.20999999344348907,0.20499999821186066,0.20999999344348907,6634
2025-10-07,0.20600000023841858,0.20600000023841858,0.20900000631809235,0.20200000703334808,0.20900000631809235,33586
2025-10-08,0.2070000022649765,0.2070000022649765,0.20999999344348907,0.20600000023841858,0.20800000429153442,17691
2025-10-09,0.19900000095367432,0.19900000095367432,0.20800000429153442,0.19699999690055847,0.2070000022649765,103295
2025-10-10,0.20200000703334808,0.20200000703334808,0.20399999618530273,0.1979999989271164,0.1979999989271164,87886
2025-10-13,0.19599999487400055,0.19599999487400055,0.2070000022649765,0.19249999523162842,0.20200000703334808,61910
2025-10-14,0.20100000500679016,0.20100000500679016,0.20399999618530273,0.19499999284744263,0.19499999284744263,46076
2025-10-15,0.19949999451637268,0.19949999451637268,0.20100000500679016,0.19949999451637268,0.20100000500679016,20591
2025-10-16,0.19550000131130219,0.19550000131130219,0.20100000500679016,0.19449999928474426,0.19900000095367432,62387
2025-10-17,0.19249999523162842,0.19249999523162842,0.1979999989271164,0.19099999964237213,0.1979999989271164,35559
2025-10-20,0.19249999523162842,0.19249999523162842,0.19750000536441803,0.19099999964237213,0.19750000536441803,9681
2025-10-21,0.19249999523162842,0.19249999523162842,0.19949999451637268,0.1899999976158142,0.19249999523162842,10776
2025-10-22,0.19900000095367432,0.19900000095367432,0.19900000095367432,0.1899999976158142,0.1899999976158142,22349
2025-10-23,0.19249999523162842,0.19249999523162842,0.20000000298023224,0.1899999976158142,0.19949999451637268,21055
2025-10-24,0.18950000405311584,0.18950000405311584,0.19599999487400055,0.18950000405311584,0.19599999487400055,29761
2025-10-27,0.18799999356269836,0.18799999356269836,0.1899999976158142,0.18700000643730164,0.18950000405311584,89421
2025-10-28,0.18449999392032623,0.18449999392032623,0.1889999955892563,0.1809999942779541,0.18549999594688416,66446
2025-10-29,0.1860000044107437,0.1860000044107437,0.1860000044107437,0.17900000512599945,0.18449999392032623,57515
2025-10-30,0.18400000035762787,0.18400000035762787,0.19050000607967377,0.18400000035762787,0.18649999797344208,28867
2025-10-31,0.1889999955892563,0.1889999955892563,0.18950000405311584,0.18400000035762787,0.18400000035762787,17520
2025-11-03,0.1860000044107437,0.1860000044107437,0.1899999976158142,0.18449999392032623,0.1899999976158142,35164
2025-11-04,0.1850000023841858,0.1850000023841858,0.1889999955892563,0.18400000035762787,0.18850000202655792,11563
2025-11-05,0.1889999955892563,0.1889999955892563,0.1889999955892563,0.1850000023841858,0.1850000023841858,1446
2025-11-06,0.18400000035762787,0.18400000035762787,0.20000000298023224,0.1809999942779541,0.1899999976158142,174998
2025-11-07,0.1860000044107437,0.1860000044107437,0.19050000607967377,0.18150000274181366,0.18400000035762787,53496
2025-11-10,0.18799999356269836,0.18799999356269836,0.19249999523162842,0.1809999942779541,0.1914999932050705,76674
2025-11-11,0.18449999392032623,0.18449999392032623,0.19349999725818634,0.1835000067949295,0.18850000202655792,21304
2025-11-12,0.1899999976158142,0.1899999976158142,0.1899999976158142,0.18000000715255737,0.18400000035762787,31118
2025-11-13,0.18449999392032623,0.18449999392032623,0.18950000405311584,0.18299999833106995,0.1835000067949295,94670
2025-11-14,0.18400000035762787,0.18400000035762787,0.18649999797344208,0.18000000715255737,0.18400000035762787,182033
2025-11-17,0.1940000057220459,0.1940000057220459,0.19949999451637268,0.1809999942779541,0.1809999942779541,26222
2025-11-18,0.18700000643730164,0.18700000643730164,0.20399999618530273,0.18700000643730164,0.1979999989271164,117137
2025-11-19,0.18799999356269836,0.18799999356269836,0.1940000057220459,0.18199999630451202,0.18199999630451202,28959
2025-11-20,0.1875,0.1875,0.1979999989271164,0.1875,0.19499999284744263,7310
2025-11-21,0.18950000405311584,0.18950000405311584,0.19200000166893005,0.1835000067949295,0.1899999976158142,95356
2025-11-24,0.18850000202655792,0.18850000202655792,0.18950000405311584,0.18250000476837158,0.18950000405311584,13784
2025-11-25,0.1914999932050705,0.1914999932050705,0.1914999932050705,0.18299999833106995,0.18850000202655792,85026
2025-11-26,0.18299999833106995,0.18299999833106995,0.19699999690055847,0.18299999833106995,0.1940000057220459,90114
2025-11-27,0.19249999523162842,0.19249999523162842,0.19300000369548798,0.18000000715255737,0.1835000067949295,150279
2025-11-28,0.18449999392032623,0.18449999392032623,0.19499999284744263,0.1809999942779541,0.1914999932050705,108000
2025-12-01,0.18549999594688416,0.18549999594688416,0.1889999955892563,0.18250000476837158,0.1850000023841858,46429
2025-12-02,0.18850000202655792,0.18850000202655792,0.18850000202655792,0.18199999630451202,0.18250000476837158,23991
2025-12-03,0.18400000035762787,0.18400000035762787,0.18799999356269836,0.18199999630451202,0.18799999356269836,27861
2025-12-04,0.18150000274181366,0.18150000274181366,0.18199999630451202,0.18050000071525574,0.18199999630451202,13824
2025-12-05,0.18050000071525574,0.18050000071525574,0.18449999392032623,0.18050000071525574,0.1809999942779541,6481
2025-12-08,0.17800000309944153,0.17800000309944153,0.18649999797344208,0.17550000548362732,0.18050000071525574,81016
2025-12-09,0.18250000476837158,0.18250000476837158,0.18250000476837158,0.1770000010728836,0.17800000309944153,49027
2025-12-10,0.17499999701976776,0.17499999701976776,0.18250000476837158,0.17299999296665192,0.18250000476837158,141885
2025-12-11,0.17350000143051147,0.17350000143051147,0.17599999904632568,0.16899999976158142,0.17499999701976776,123248
2025-12-12,0.17550000548362732,0.17550000548362732,0.18299999833106995,0.17350000143051147,0.1784999966621399,51472
2025-12-15,0.16850000619888306,0.16850000619888306,0.18150000274181366,0.16850000619888306,0.17949999868869781,52515
2025-12-16,0.1679999977350235,0.1679999977350235,0.17749999463558197,0.1679999977350235,0.17749999463558197,40621
2025-12-17,0.17000000178813934,0.17000000178813934,0.1720000058412552,0.16200000047683716,0.1679999977350235,101101
2025-12-18,0.16899999976158142,0.16899999976158142,0.1745000034570694,0.1599999964237213,0.1745000034570694,143316
2025-12-19,0.17299999296665192,0.17299999296665192,0.17550000548362732,0.1679999977350235,0.16850000619888306,64948
2025-12-22,0.1704999953508377,0.1704999953508377,0.17299999296665192,0.16699999570846558,0.17249999940395355,105968
2025-12-23,0.16599999368190765,0.16599999368190765,0.1720000058412552,0.16599999368190765,0.1704999953508377,57613
2025-12-29,0.17350000143051147,0.17350000143051147,0.17949999868869781,0.1665000021457672,0.17249999940395355,374344
2025-12-30,0.17350000143051147,0.17350000143051147,0.17800000309944153,0.16949999332427979,0.17350000143051147,217803
2026-01-02,0.18000000715255737,0.18000000715255737,0.18299999833106995,0.17350000143051147,0.17350000143051147,113700
2026-01-05,0.1860000044107437,0.1860000044107437,0.18799999356269836,0.18000000715255737,0.18000000715255737,128966
2026-01-07,0.19200000166893005,0.19200000166893005,0.19599999487400055,0.1860000044107437,0.1860000044107437,142843
2026-01-08,0.18400000035762787,0.18400000035762787,0.210999995470047,0.18400000035762787,0.1979999989271164,176231
2026-01-09,0.19550000131130219,0.19550000131130219,0.1979999989271164,0.18199999630451202,0.18549999594688416,94910
2026-01-12,0.19550000131130219,0.19550000131130219,0.1979999989271164,0.18799999356269836,0.1979999989271164,11793
2026-01-13,0.19449999928474426,0.19449999928474426,0.20000000298023224,0.1850000023841858,0.20000000298023224,28287
2026-01-14,0.19249999523162842,0.19249999523162842,0.19499999284744263,0.18799999356269836,0.19499999284744263,22618
2026-01-15,0.19449999928474426,0.19449999928474426,0.19900000095367432,0.1899999976158142,0.1940000057220459,15382
2026-01-16,0.19550000131130219,0.19550000131130219,0.19599999487400055,0.1899999976158142,0.19499999284744263,37753
2026-01-19,0.19699999690055847,0.19699999690055847,0.19699999690055847,0.18950000405311584,0.19249999523162842,42863
2026-01-20,0.19850000739097595,0.19850000739097595,0.19900000095367432,0.19449999928474426,0.1979999989271164,52376
2026-01-21,0.19550000131130219,0.19550000131130219,0.20000000298023224,0.19099999964237213,0.19850000739097595,218954
2026-01-22,0.1914999932050705,0.1914999932050705,0.19550000131130219,0.1850000023841858,0.19550000131130219,126170
2026-01-23,0.19449999928474426,0.19449999928474426,0.19850000739097595,0.1914999932050705,0.19200000166893005,58732
2026-01-26,0.19850000739097595,0.19850000739097595,0.19900000095367432,0.1940000057220459,0.19499999284744263,84406
2026-01-27,0.1979999989271164,0.1979999989271164,0.19850000739097595,0.19499999284744263,0.19599999487400055,24766
2026-01-28,0.19349999725818634,0.19349999725818634,0.19750000536441803,0.19349999725818634,0.19750000536441803,8390
2026-01-29,0.19550000131130219,0.19550000131130219,0.19599999487400055,0.19099999964237213,0.19099999964237213,19350
2026-01-30,0.1979999989271164,0.1979999989271164,0.1979999989271164,0.1899999976158142,0.19699999690055847,167381
2026-02-02,0.19499999284744263,0.19499999284744263,0.19850000739097595,0.19249999523162842,0.1979999989271164,166991
2026-02-03,0.19200000166893005,0.19200000166893005,0.19699999690055847,0.19200000166893005,0.19499999284744263,115708
2026-02-04,0.19200000166893005,0.19200000166893005,0.19949999451637268,0.19200000166893005,0.19949999451637268,65867
2026-02-05,0.1914999932050705,0.1914999932050705,0.19300000369548798,0.1914999932050705,0.19200000166893005,30226
2026-02-06,0.19550000131130219,0.19550000131130219,0.19550000131130219,0.18649999797344208,0.19300000369548798,52746
2026-02-09,0.19300000369548798,0.19300000369548798,0.19550000131130219,0.18649999797344208,0.19550000131130219,39034
2026-02-10,0.19300000369548798,0.19300000369548798,0.19699999690055847,0.1889999955892563,0.19300000369548798,40233
2026-02-11,0.19099999964237213,0.19099999964237213,0.19249999523162842,0.18400000035762787,0.19249999523162842,16080
2026-02-12,0.18700000643730164,0.18700000643730164,0.19099999964237213,0.18400000035762787,0.19050000607967377,65778
2026-02-13,0.18649999797344208,0.18649999797344208,0.18950000405311584,0.18649999797344208,0.1889999955892563,6501
2026-02-16,0.18850000202655792,0.18850000202655792,0.18850000202655792,0.18649999797344208,0.18649999797344208,757
2026-02-17,0.1850000023841858,0.1850000023841858,0.1889999955892563,0.18400000035762787,0.1889999955892563,33487
2026-02-18,0.18449999392032623,0.18449999392032623,0.1850000023841858,0.1809999942779541,0.18449999392032623,38550
2026-02-19,0.1875,0.1875,0.1889999955892563,0.18199999630451202,0.18449999392032623,64751
2026-02-20,0.18799999356269836,0.18799999356269836,0.18950000405311584,0.1860000044107437,0.1889999955892563,7560
2026-02-23,0.18850000202655792,0.18850000202655792,0.18950000405311584,0.18449999392032623,0.18799999356269836,26814
2026-02-24,0.1850000023841858,0.1850000023841858,0.1889999955892563,0.18449999392032623,0.1850000023841858,27558
2026-02-25,0.1850000023841858,0.1850000023841858,0.18850000202655792,0.1850000023841858,0.18700000643730164,36227
2026-02-26,0.19699999690055847,0.19699999690055847,0.19699999690055847,0.18449999392032623,0.1889999955892563,118768
2026-02-27,0.19499999284744263,0.19499999284744263,0.19599999487400055,0.19050000607967377,0.19599999487400055,127688
2026-03-02,0.18700000643730164,0.18700000643730164,0.19099999964237213,0.18449999392032623,0.19099999964237213,8919
2026-03-03,0.18199999630451202,0.18199999630451202,0.18449999392032623,0.18000000715255737,0.18449999392032623,8764
2026-03-04,0.1914999932050705,0.1914999932050705,0.19499999284744263,0.17749999463558197,0.18000000715255737,43434
2026-03-05,0.19300000369548798,0.19300000369548798,0.19300000369548798,0.18950000405311584,0.1899999976158142,52620
2026-03-06,0.1850000023841858,0.1850000023841858,0.19300000369548798,0.18400000035762787,0.19300000369548798,13005
2026-03-09,0.18400000035762787,0.18400000035762787,0.18400000035762787,0.18000000715255737,0.18400000035762787,20137
2026-03-10,0.1850000023841858,0.1850000023841858,0.1850000023841858,0.18000000715255737,0.18400000035762787,23000
2026-03-11,0.18250000476837158,0.18250000476837158,0.1850000023841858,0.1770000010728836,0.1850000023841858,65310
2026-03-12,0.1809999942779541,0.1809999942779541,0.1850000023841858,0.17499999701976776,0.18250000476837158,30081
2026-03-13,0.17949999868869781,0.17949999868869781,0.1850000023841858,0.17949999868869781,0.18449999392032623,41049
2026-03-16,0.18400000035762787,0.18400000035762787,0.18449999392032623,0.18000000715255737,0.18000000715255737,4638
2026-03-17,0.18400000035762787,0.18400000035762787,0.18449999392032623,0.18000000715255737,0.18400000035762787,16222
2026-03-18,0.17949999868869781,0.17949999868869781,0.17949999868869781,0.17599999904632568,0.17900000512599945,35416
2026-03-19,0.17800000309944153,0.17800000309944153,0.17949999868869781,0.17599999904632568,0.17949999868869781,297
2026-03-20,0.17499999701976776,0.17499999701976776,0.18000000715255737,0.17499999701976776,0.18000000715255737,15770
2026-03-23,0.18449999392032623,0.18449999392032623,0.18449999392032623,0.17000000178813934,0.17499999701976776,39612
2026-03-24,0.18199999630451202,0.18199999630451202,0.18199999630451202,0.17499999701976776,0.18000000715255737,41739
2026-03-25,0.1835000067949295,0.1835000067949295,0.1835000067949295,0.18199999630451202,0.18299999833106995,8130
2026-03-26,0.18050000071525574,0.18050000071525574,0.18400000035762787,0.17599999904632568,0.17599999904632568,5155
2026-03-27,0.17399999499320984,0.17399999499320984,0.18250000476837158,0.17000000178813934,0.18250000476837158,19944
2026-03-30,0.1720000058412552,0.1720000058412552,0.18199999630451202,0.1720000058412552,0.17399999499320984,26331
2026-03-31,0.17649999260902405,0.17649999260902405,0.17649999260902405,0.17100000381469727,0.17399999499320984,6923
2026-04-01,0.17399999499320984,0.17399999499320984,0.17599999904632568,0.1704999953508377,0.17599999904632568,33867
2026-04-02,0.17000000178813934,0.17000000178813934,0.17749999463558197,0.16899999976158142,0.17749999463558197,90636
2026-04-07,0.16750000417232513,0.16750000417232513,0.17100000381469727,0.16750000417232513,0.1679999977350235,64875
2026-04-08,0.17499999701976776,0.17499999701976776,0.17550000548362732,0.16899999976158142,0.17100000381469727,58490
2026-04-09,0.18799999356269836,0.18799999356269836,0.18799999356269836,0.17100000381469727,0.17499999701976776,36965
2026-04-10,0.18649999797344208,0.18649999797344208,0.19499999284744263,0.18299999833106995,0.18850000202655792,128247
2026-04-13,0.18000000715255737,0.18000000715255737,0.19850000739097595,0.18000000715255737,0.18649999797344208,40560
2026-04-14,0.18050000071525574,0.18050000071525574,0.18850000202655792,0.18000000715255737,0.18000000715255737,28937
2026-04-15,0.1835000067949295,0.1835000067949295,0.1889999955892563,0.18299999833106995,0.1889999955892563,11634
2026-04-16,0.1835000067949295,0.1835000067949295,0.18850000202655792,0.1835000067949295,0.18850000202655792,4960
2026-04-17,0.1875,0.1875,0.18850000202655792,0.1835000067949295,0.18799999356269836,19354
2026-04-20,0.18850000202655792,0.18850000202655792,0.1889999955892563,0.18400000035762787,0.18850000202655792,116359
2026-04-21,0.1850000023841858,0.1850000023841858,0.19449999928474426,0.1850000023841858,0.18850000202655792,79129
2026-04-22,0.18050000071525574,0.18050000071525574,0.19599999487400055,0.18000000715255737,0.19599999487400055,10212
2026-04-23,0.18400000035762787,0.18400000035762787,0.1850000023841858,0.18400000035762787,0.18449999392032623,42500
2026-04-24,0.1850000023841858,0.1850000023841858,0.1850000023841858,0.18400000035762787,0.18449999392032623,3270
2026-04-27,0.18250000476837158,0.18250000476837158,0.1850000023841858,0.17900000512599945,0.1850000023841858,20652
2026-04-28,0.18250000476837158,0.18250000476837158,0.18250000476837158,0.18000000715255737,0.18000000715255737,22434
2026-04-29,0.18000000715255737,0.18000000715255737,0.18449999392032623,0.18000000715255737,0.18299999833106995,5831
2026-04-30,0.17800000309944153,0.17800000309944153,0.18199999630451202,0.17800000309944153,0.18199999630451202,17206
2026-05-04,0.18299999833106995,0.18299999833106995,0.1850000023841858,0.17499999701976776,0.17800000309944153,74317
2026-05-05,0.1770000010728836,0.1770000010728836,0.1835000067949295,0.15000000596046448,0.1835000067949295,27096
2026-05-06,0.1770000010728836,0.1770000010728836,0.18050000071525574,0.1770000010728836,0.18050000071525574,22152
2026-05-07,0.1770000010728836,0.1770000010728836,0.18000000715255737,0.17649999260902405,0.1770000010728836,16831
2026-05-08,0.17299999296665192,0.17299999296665192,0.1850000023841858,0.17149999737739563,0.1850000023841858,105641
2026-05-11,0.17100000381469727,0.17100000381469727,0.17550000548362732,0.17000000178813934,0.1720000058412552,95313
2026-05-12,0.17350000143051147,0.17350000143051147,0.17749999463558197,0.1704999953508377,0.17100000381469727,28140
2026-05-13,0.16699999570846558,0.16699999570846558,0.17499999701976776,0.1599999964237213,0.1745000034570694,45954
2026-05-15,0.17000000178813934,0.17000000178813934,0.1745000034570694,0.16750000417232513,0.16750000417232513,9038
2026-05-18,0.17000000178813934,0.17000000178813934,0.17000000178813934,0.16300000250339508,0.17000000178813934,19067
2026-05-19,0.17499999701976776,0.17499999701976776,0.1770000010728836,0.1599999964237213,0.17000000178813934,56000
2026-05-20,0.1704999953508377,0.1704999953508377,0.17499999701976776,0.16699999570846558,0.17499999701976776,103628
2026-05-21,0.1850000023841858,0.1850000023841858,0.1860000044107437,0.17100000381469727,0.17100000381469727,106615
2026-05-22,0.18000000715255737,0.18000000715255737,0.1889999955892563,0.18000000715255737,0.1850000023841858,79820
2026-05-25,0.1860000044107437,0.1860000044107437,0.1860000044107437,0.17000000178813934,0.18400000035762787,188531
2026-05-26,0.17499999701976776,0.17499999701976776,0.1860000044107437,0.17499999701976776,0.1860000044107437,7979
2026-05-27,0.17000000178813934,0.17000000178813934,0.17749999463558197,0.17000000178813934,0.17399999499320984,58513
2026-05-28,0.1720000058412552,0.1720000058412552,0.17900000512599945,0.16899999976158142,0.17000000178813934,56129
2026-05-29,0.1720000058412552,0.1720000058412552,0.1720000058412552,0.16899999976158142,0.17149999737739563,20946
2026-06-01,0.1720000058412552,0.1720000058412552,0.17550000548362732,0.16750000417232513,0.1720000058412552,95431
2026-06-02,0.16850000619888306,0.16850000619888306,0.17100000381469727,0.1679999977350235,0.17100000381469727,96782
2026-06-03,0.16750000417232513,0.16750000417232513,0.17499999701976776,0.16750000417232513,0.17000000178813934,66525
2026-06-04,0.16949999332427979,0.16949999332427979,0.17000000178813934,0.16750000417232513,0.17000000178813934,6375
2026-06-05,0.1679999977350235,0.1679999977350235,0.16949999332427979,0.16699999570846558,0.16949999332427979,38527
2026-06-08,0.1679999977350235,0.1679999977350235,0.1679999977350235,0.16249999403953552,0.16599999368190765,70401
2026-06-09,0.16200000047683716,0.16200000047683716,0.16699999570846558,0.16200000047683716,0.1655000001192093,64279
2026-06-10,0.16099999845027924,0.16099999845027924,0.16249999403953552,0.1589999943971634,0.1589999943971634,21730
2026-06-11,0.16300000250339508,0.16300000250339508,0.16899999976158142,0.1615000069141388,0.1615000069141388,26820
2026-06-12,0.15950000286102295,0.15950000286102295,0.16449999809265137,0.1589999943971634,0.16300000250339508,64540
2026-06-15,0.1679999977350235,0.1679999977350235,0.17299999296665192,0.16050000488758087,0.16050000488758087,115980
2026-06-16,0.16750000417232513,0.16750000417232513,0.16949999332427979,0.16750000417232513,0.16949999332427979,1392
2026-06-17,0.1679999977350235,0.1679999977350235,0.1679999977350235,0.1574999988079071,0.16099999845027924,83345
2026-06-18,0.1655000001192093,0.1655000001192093,0.16949999332427979,0.1655000001192093,0.16949999332427979,42267
2026-06-22,0.1679999977350235,0.1679999977350235,0.17000000178813934,0.1679999977350235,0.17000000178813934,3376
2026-06-23,0.16300000250339508,0.16300000250339508,0.1679999977350235,0.16200000047683716,0.1679999977350235,21694
2026-06-24,0.16349999606609344,0.16349999606609344,0.16750000417232513,0.16349999606609344,0.164000004529953,10951
2026-06-25,0.16949999332427979,0.16949999332427979,0.16949999332427979,0.1599999964237213,0.16949999332427979,34430
2026-06-26,0.1679999977350235,0.1679999977350235,0.17000000178813934,0.1679999977350235,0.17000000178813934,35974
2026-06-29,0.1665000021457672,0.1665000021457672,0.1720000058412552,0.16349999606609344,0.1679999977350235,64669
2026-06-30,0.1679999977350235,0.1679999977350235,0.16850000619888306,0.16349999606609344,0.16699999570846558,41108
2026-07-01,0.16500000655651093,0.16500000655651093,0.1679999977350235,0.164000004529953,0.16699999570846558,19364
2026-07-02,0.1720000058412552,0.1720000058412552,0.17499999701976776,0.16500000655651093,0.16500000655651093,82268
2026-07-03,0.1665000021457672,0.1665000021457672,0.1720000058412552,0.1665000021457672,0.16699999570846558,25853
2026-07-06,0.17100000381469727,0.17100000381469727,0.17100000381469727,0.16500000655651093,0.1665000021457672,36075
2026-07-07,0.1784999966621399,0.1784999966621399,0.17949999868869781,0.17149999737739563,0.17149999737739563,104256
2026-07-08,0.1784999966621399,0.1784999966621399,0.17949999868869781,0.17399999499320984,0.17949999868869781,28151
2026-07-09,0.1835000067949295,0.1835000067949295,0.1835000067949295,0.1784999966621399,0.1784999966621399,39630
2026-07-10,0.1835000067949295,0.1835000067949295,0.1835000067949295,0.1704999953508377,0.17350000143051147,5689
2026-07-13,0.18799999356269836,0.18799999356269836,0.18799999356269836,0.18000000715255737,0.18000000715255737,39409
2026-07-14,0.18449999392032623,0.18449999392032623,0.1875,0.17949999868869781,0.1835000067949295,84904
2026-07-15,0.18549999594688416,0.18549999594688416,0.18549999594688416,0.18000000715255737,0.18449999392032623,4952
2026-07-16,0.1850000023841858,0.1850000023841858,0.18549999594688416,0.1835000067949295,0.18549999594688416,5413
2026-07-17,0.17599999904632568,0.17599999904632568,0.1850000023841858,0.17399999499320984,0.1850000023841858,9001
2026-07-20,0.17599999904632568,0.17599999904632568,0.18000000715255737,0.17599999904632568,0.18000000715255737,34176
2026-07-21,0.17249999940395355,0.17249999940395355,0.18050000071525574,0.17249999940395355,0.18050000071525574,60874
2026-07-22,0.18000000715255737,0.18000000715255737,0.18299999833106995,0.17249999940395355,0.18000000715255737,5073
2026-07-23,0.18000000715255737,0.18000000715255737,0.18050000071525574,0.18000000715255737,0.18050000071525574,19611
2026-07-24,0.18000000715255737,0.18000000715255737,0.18000000715255737,0.17900000512599945,0.18000000715255737,2571
2026-07-27,0.17949999868869781,0.17949999868869781,0.18000000715255737,0.17949999868869781,0.18000000715255737,5514
2026-07-28,0.1835000067949295,0.1835000067949295,0.1835000067949295,0.17949999868869781,0.18000000715255737,48132
2026-07-29,0.18299999833106995,0.18299999833106995,0.18299999833106995,0.17949999868869781,0.17949999868869781,12071
2026-07-30,0.1835000067949295,0.1835000067949295,0.1835000067949295,0.18050000071525574,0.18299999833106995,25023
2026-07-31,0.18050000071525574,0.18050000071525574,0.1835000067949295,0.18050000071525574,0.1835000067949295,6084
2026-08-03,0.18299999833106995,0.18299999833106995,0.18299999833106995,0.18000000715255737,0.18050000071525574,60514
2026-08-04,0.18299999833106995,0.18299999833106995,0.18400000035762787,0.18050000071525574,0.18050000071525574,8610
2026-08-05,0.18950000405311584,0.18950000405311584,0.18950000405311584,0.18150000274181366,0.1835000067949295,23733
2026-08-06,0.1899999976158142,0.1899999976158142,0.1899999976158142,0.18549999594688416,0.1889999955892563,110983
2026-08-07,0.18950000405311584,0.18950000405311584,0.19200000166893005,0.1835000067949295,0.19050000607967377,60612
2026-08-10,0.1889999955892563,0.1889999955892563,0.1899999976158142,0.18799999356269836,0.18950000405311584,18987
2026-08-11,0.1850000023841858,0.1850000023841858,0.1899999976158142,0.18000000715255737,0.1889999955892563,136251
2026-08-12,0.18199999630451202,0.18199999630451202,0.1850000023841858,0.18000000715255737,0.1850000023841858,36941
2026-08-13,0.18199999630451202,0.18199999630451202,0.1835000067949295,0.18000000715255737,0.1835000067949295,8953
2026-08-14,0.18000000715255737,0.18000000715255737,0.18449999392032623,0.17900000512599945,0.18449999392032623,53773
2026-08-17,0.18050000071525574,0.18050000071525574,0.18449999392032623,0.18000000715255737,0.18400000035762787,20020
2026-08-18,0.1809999942779541,0.1809999942779541,0.1850000023841858,0.1784999966621399,0.1850000023841858,35968
2026-08-19,0.18000000715255737,0.18000000715255737,0.1860000044107437,0.17749999463558197,0.18400000035762787,65007
2026-08-20,0.1720000058412552,0.1720000058412552,0.18400000035762787,0.17000000178813934,0.18400000035762787,123885
2026-08-21,0.17599999904632568,0.17599999904632568,0.17749999463558197,0.17249999940395355,0.17550000548362732,56686
2026-08-24,0.17900000512599945,0.17900000512599945,0.17900000512599945,0.17350000143051147,0.17350000143051147,44796
2026-08-25,0.17299999296665192,0.17299999296665192,0.17900000512599945,0.17299999296665192,0.17900000512599945,20150
2026-08-26,0.1770000010728836,0.1770000010728836,0.17800000309944153,0.17350000143051147,0.17800000309944153,31013
2026-08-27,0.17149999737739563,0.17149999737739563,0.17499999701976776,0.17149999737739563,0.17299999296665192,114563
2026-08-28,0.17149999737739563,0.17149999737739563,0.17350000143051147,0.17100000381469727,0.17350000143051147,18056
2026-08-31,0.17299999296665192,0.17299999296665192,0.17399999499320984,0.17100000381469727,0.17149999737739563,5753
2026-09-01,0.17000000178813934,0.17000000178813934,0.17299999296665192,0.17000000178813934,0.17299999296665192,350158
2026-09-02,0.1704999953508377,0.1704999953508377,0.17649999260902405,0.1704999953508377,0.17299999296665192,96936
2026-09-03,0.17100000381469727,0.17100000381469727,0.17299999296665192,0.17000000178813934,0.1704999953508377,76883
2026-09-04,0.17000000178813934,0.17000000178813934,0.17299999296665192,0.17000000178813934,0.17100000381469727,48323
2026-09-08,0.17000000178813934,0.17000000178813934,0.17000000178813934,0.1679999977350235,0.1679999977350235,109690
2026-09-09,0.16899999976158142,0.16899999976158142,0.17249999940395355,0.16850000619888306,0.17000000178813934,46012
2026-09-10,0.17299999296665192,0.17299999296665192,0.17299999296665192,0.16899999976158142,0.16899999976158142,23325
2026-09-11,0.16899999976158142,0.16899999976158142,0.1720000058412552,0.16899999976158142,0.17000000178813934,9496
2026-09-14,0.1704999953508377,0.1704999953508377,0.17100000381469727,0.16850000619888306,0.16899999976158142,7225
2026-09-15,0.17000000178813934,0.17000000178813934,0.1720000058412552,0.16850000619888306,0.17149999737739563,7410
2026-09-16,0.17000000178813934,0.17000000178813934,0.17100000381469727,0.16599999368190765,0.17000000178813934,87847
